actual_target_risk_change,blind_fraction,control_score_c,curvature_ratio,exact_optimizer_success,exact_target_risk,exposure_posthoc,intervention_family_posthoc,lambda,local_valid,local_vulnerability,method,metric_min_eigenvalue,relevance_squared,shift_id,shift_index,source_optimum_target_risk,steering,steering_class
0.0,0.0,0.5883393018106385,1.0,True,0.2663086170760427,S1,relation,0.0,True,0.00037194727154638734,L2,1.0710950225474327,0.0006917238640540102,S1-relation--1-0.25,0,0.2663086170760427,0.0,neutral
0.0,0.0,0.5238226477125492,1.0,True,0.2571165249752755,S1,mean,0.0,True,0.0006857678395037626,L2,1.0710950225474327,0.0023513876484882934,S1-mean--1-0.25,1,0.2571165249752755,0.0,neutral
0.0,0.0,0.5089655861320902,1.0,True,0.2463580758048698,S1,relation,0.0,True,0.0003485961517446659,L2,1.0710950225474327,0.000607596385055951,S1-relation-+1-0.25,2,0.2463580758048698,0.0,neutral
0.0,0.0,0.4840782484542645,1.0,True,0.2571165249752756,S1,mean,0.0,True,0.0006857678395037625,L2,1.0710950225474327,0.002351387648488293,S1-mean-+1-0.25,3,0.2571165249752756,0.0,neutral
0.0,0.0,0.8630695322344472,1.0,True,0.26734531129367256,S1,variance,0.0,True,0.0007007297367637506,L2,1.0710950225474327,0.002455110819924973,S1-variance-0.25,4,0.26734531129367256,0.0,neutral
0.0,0.0,0.6238688454353158,1.0,True,0.27742305648954824,S1,relation,0.0,True,0.0007704395141923185,L2,1.0710950225474327,0.0029678852251444803,S1-relation--1-0.5,5,0.27742305648954824,0.0,neutral
0.0,0.0,0.553790362349973,1.0,True,0.2606052293576522,S1,mean,0.0,True,0.0013937408164216897,L2,1.0710950225474327,0.009712567316798997,S1-mean--1-0.5,6,0.2606052293576522,0.0,neutral
0.0,0.0,0.4661666223263419,1.0,True,0.23752197394720187,S1,relation,0.0,True,0.0006774755188433041,L2,1.0710950225474327,0.002294865393160023,S1-relation-+1-0.5,7,0.23752197394720187,0.0,neutral
0.0,0.0,0.47681422496897224,1.0,True,0.2606052293576522,S1,mean,0.0,True,0.0013937408164216899,L2,1.0710950225474327,0.009712567316799004,S1-mean-+1-0.5,8,0.2606052293576522,0.0,neutral
0.0,0.0,0.8630695322344473,1.0,True,0.27873699907286187,S1,variance,0.0,True,0.0014014594735275035,L2,1.0710950225474327,0.009820443279699921,S1-variance-0.5,9,0.27873699907286187,0.0,neutral
0.0,0.0,0.6856600483769424,1.0,True,0.30193027287239715,S1,relation,0.0,True,0.0016577899468547964,L2,1.0710950225474327,0.013741337539464145,S1-relation--1-1.0,10,0.30193027287239715,0.0,neutral
0.0,0.0,0.6226742544936366,1.0,True,0.27456004688715907,S1,mean,0.0,True,0.0029584636834928085,L2,1.0710950225474327,0.04376253683272921,S1-mean--1-1.0,11,0.27456004688715907,0.0,neutral
0.0,0.0,0.37903153301099995,1.0,True,0.2221281077877042,S1,relation,0.0,True,0.0012928401976724335,L2,1.0710950225474327,0.008357178883588494,S1-relation-+1-1.0,12,0.2221281077877042,0.0,neutral
0.0,0.0,0.4860028510130237,1.0,True,0.2745600468871592,S1,mean,0.0,True,0.0029584636834928102,L2,1.0710950225474327,0.043762536832729265,S1-mean-+1-1.0,13,0.2745600468871592,0.0,neutral
0.0,0.0,0.8630695322344473,1.0,True,0.30152037463124026,S1,variance,0.0,True,0.0028029189470550045,L2,1.0710950225474327,0.03928177311879963,S1-variance-1.0,14,0.30152037463124026,0.0,neutral
0.0,0.0,0.7211412494579069,1.0,True,0.26219148990611196,S2,relation,0.0,True,0.000336224973717615,L2,1.0710950225474327,0.0005652361647570547,S2-relation--1-0.25,15,0.26219148990611196,0.0,neutral
0.0,0.0,0.5071493165991059,1.0,True,0.2563879247987595,S2,mean,0.0,True,0.0004190430037900382,L2,1.0710950225474327,0.0008779851951268903,S2-mean--1-0.25,16,0.2563879247987595,0.0,neutral
0.0,0.0,0.6965890713945313,1.0,True,0.24999938245136122,S2,relation,0.0,True,0.0003139232234947405,L2,1.0710950225474327,0.0004927389512466441,S2-relation-+1-0.25,17,0.24999938245136122,0.0,neutral
0.0,0.0,0.4989096574808727,1.0,True,0.2563879247987595,S2,mean,0.0,True,0.0004190430037900382,L2,1.0710950225474327,0.000877985195126891,S2-mean-+1-0.25,18,0.2563879247987595,0.0,neutral
0.0,0.0,0.7834861591082698,1.0,True,0.26020800344208705,S2,variance,0.0,True,0.00042434820664085515,L2,1.0710950225474327,0.0009003570023965495,S2-variance-0.25,19,0.26020800344208705,0.0,neutral
0.0,0.0,0.7314574793652026,1.0,True,0.2687129816262478,S2,relation,0.0,True,0.0006954054710858954,L2,1.0710950225474327,0.00241794384608098,S2-relation--1-0.5,20,0.2687129816262478,0.0,neutral
0.0,0.0,0.5197252239152748,1.0,True,0.2576908286515881,S2,mean,0.0,True,0.0008514143878747884,L2,1.0710950225474327,0.0036245322994010055,S2-mean--1-0.5,21,0.2576908286515881,0.0,neutral
0.0,0.0,0.6820554090531951,1.0,True,0.24432876671674641,S2,relation,0.0,True,0.0006062946706013031,L2,1.0710950225474327,0.0018379661379977136,S2-relation-+1-0.5,22,0.24432876671674641,0.0,neutral
0.0,0.0,0.5037578148900681,1.0,True,0.2576908286515882,S2,mean,0.0,True,0.0008514143878747884,L2,1.0710950225474327,0.003624532299401007,S2-mean-+1-0.5,23,0.2576908286515882,0.0,neutral
0.0,0.0,0.7834861591082698,1.0,True,0.26446238336969086,S2,variance,0.0,True,0.0008486964132817115,L2,1.0710950225474327,0.003601428009586209,S2-variance-0.5,24,0.26446238336969086,0.0,neutral
0.0,0.0,0.7488373313963753,1.0,True,0.2826068410520399,S2,relation,0.0,True,0.0014848438948927747,L2,1.0710950225474327,0.011023806961001728,S2-relation--1-1.0,25,0.2826068410520399,0.0,neutral
0.0,0.0,0.5559779493953934,1.0,True,0.26290244406290286,S2,mean,0.0,True,0.0018055244944280933,L2,1.0710950225474327,0.01629959349989912,S2-mean--1-1.0,26,0.26290244406290286,0.0,neutral
0.0,0.0,0.6476849610374783,1.0,True,0.23383841123303728,S2,relation,0.0,True,0.0011299544500850969,L2,1.0710950225474327,0.006383985296335569,S2-relation-+1-1.0,27,0.23383841123303728,0.0,neutral
0.0,0.0,0.5275726325388882,1.0,True,0.26290244406290275,S2,mean,0.0,True,0.0018055244944280935,L2,1.0710950225474327,0.016299593499899127,S2-mean-+1-1.0,28,0.26290244406290275,0.0,neutral
0.0,0.0,0.7834861591082699,1.0,True,0.27297114322489846,S2,variance,0.0,True,0.0016973928265634217,L2,1.0710950225474327,0.014405712038344811,S2-variance-1.0,29,0.27297114322489846,0.0,neutral
0.0,0.0,0.6944444444444444,1.0,True,0.25595362351448325,U,emergent,0.0,True,0.0011311658928522476,L2,1.0710950225474327,0.006397681385761115,U-emergent-0.25,30,0.25595362351448325,0.0,neutral
0.0,0.0,0.6944444444444444,1.0,True,0.25595362351448325,U,emergent,0.0,True,0.002262331785704495,L2,1.0710950225474327,0.02559072554304446,U-emergent-0.5,31,0.25595362351448325,0.0,neutral
0.0,0.0,0.6944444444444444,1.0,True,0.25595362351448325,U,emergent,0.0,True,0.00452466357140899,L2,1.0710950225474327,0.10236290217217783,U-emergent-1.0,32,0.25595362351448325,0.0,neutral
1.4548369509093106e-08,0.0,0.5883393018106385,0.999994116654556,True,0.2663086316244122,S1,relation,1e-05,True,0.0003719463189224827,L2,1.0711050225474326,0.0006917238640540102,S1-relation--1-0.25,0,0.2663086170760427,1.455569069513457e-08,harmful
-4.059882685591987e-08,0.0,0.5238226477125492,0.9999947618028414,True,0.25711648437644863,S1,mean,1e-05,True,0.0006857629366841873,L2,1.0711050225474326,0.0023513876484882934,S1-mean--1-0.25,1,0.2571165249752755,-4.062540757644866e-08,helpful
-2.1206213118851736e-08,0.0,0.5089655861320902,0.9999949103828477,True,0.24635805459865667,S1,relation,1e-05,True,0.00034859519288561795,L2,1.0711050225474326,0.000607596385055951,S1-relation-+1-0.25,2,0.2463580758048698,-2.1220569041008286e-08,helpful
2.019138301001533e-08,0.0,0.4840782484542645,0.9999951592415927,True,0.2571165451666586,S1,mean,1e-05,True,0.000685763268143477,L2,1.0711050225474326,0.002351387648488293,S1-mean-+1-0.25,3,0.2571165249752756,2.021421764221088e-08,harmful
-9.999277850170074e-08,0.0,0.8630695322344472,0.9999913693831619,True,0.26734521130089406,S1,variance,1e-05,True,0.0007007236381119895,L2,1.0711050225474326,0.002455110819924973,S1-variance-0.25,4,0.26734531129367256,-9.997317518810318e-08,helpful
2.2425951207161177e-08,0.0,0.6238688454353158,0.9999937613630905,True,0.27742307891549944,S1,relation,1e-05,True,0.0007704375485273106,L2,1.0711050225474326,0.0029678852251444803,S1-relation--1-0.5,5,0.27742305648954824,2.244650304439565e-08,harmful
-1.0161804153696608e-07,0.0,0.553790362349973,0.9999944621297869,True,0.26060512773961064,S1,mean,1e-05,True,0.0013937304573914844,L2,1.0711050225474326,0.009712567316798997,S1-mean--1-0.5,6,0.2606052293576522,-1.0166200508713483e-07,helpful
-4.908321316055009e-08,0.0,0.4661666223263419,0.9999953383677085,True,0.2375219248639887,S1,relation,1e-05,True,0.0006774735204600863,L2,1.0711050225474326,0.002294865393160023,S1-relation-+1-0.5,7,0.23752197394720187,-4.9106016427889905e-08,helpful
1.9962378194904318e-08,0.0,0.47681422496897224,0.9999952318810096,True,0.2606052493200304,S1,mean,1e-05,True,0.001393731762105425,L2,1.0711050225474326,0.009712567316799004,S1-mean-+1-0.5,8,0.2606052293576522,2.001724535018389e-08,harmful
-1.9998987177416438e-07,0.0,0.8630695322344473,0.9999913693831618,True,0.2787367990829901,S1,variance,1e-05,True,0.0014014472762239806,L2,1.0711050225474326,0.009820443279699921,S1-variance-0.5,9,0.27873699907286187,-1.9994635037620662e-07,helpful
1.8181696148644733e-08,0.0,0.6856600483769424,0.9999931434579707,True,0.3019302910540933,S1,relation,1e-05,True,0.0016577855491178668,L2,1.0711050225474326,0.013741337539464145,S1-relation--1-1.0,10,0.30193027287239715,1.8233492705297402e-08,harmful
-2.849046906172603e-07,0.0,0.6226742544936366,0.9999937733004307,True,0.27455976198246845,S1,mean,1e-05,True,0.0029584400432986725,L2,1.0711050225474326,0.04376253683272921,S1-mean--1-1.0,11,0.27456004688715907,-2.849687699112207e-07,helpful
-1.248366325867778e-07,0.0,0.37903153301099995,0.9999962097088845,True,0.2221279829510716,S1,relation,1e-05,True,0.0012928355521157817,L2,1.0711050225474326,0.008357178883588494,S1-relation-+1-1.0,12,0.2221281077877042,-1.2487154623927413e-07,helpful
-4.1743851042497226e-08,0.0,0.4860028510130237,0.9999951399964421,True,0.27456000514330814,S1,mean,1e-05,True,0.002958444960535786,L2,1.0711050225474326,0.043762536832729265,S1-mean-+1-1.0,13,0.2745600468871592,-4.1610269036583164e-08,helpful
-3.9998405798602477e-07,0.0,0.8630695322344473,0.9999913693831618,True,0.3015199746471823,S1,variance,1e-05,True,0.002802894552447959,L2,1.0711050225474326,0.03928177311879963,S1-variance-1.0,14,0.30152037463124026,-3.99892700752413e-07,helpful
2.3501962154170997e-08,0.0,0.7211412494579069,0.9999927886456429,True,0.2621915134080741,S2,relation,1e-05,True,0.00033622506863670125,L2,1.0711050225474326,0.0005652361647570547,S2-relation--1-0.25,15,0.26219148990611196,2.3481347022702007e-08,harmful
-2.050176961532202e-08,0.0,0.5071493165991059,0.9999949285336478,True,0.2563879042969899,S2,mean,1e-05,True,0.00041904091266984635,L2,1.0711050225474326,0.0008779851951268903,S2-mean--1-0.25,16,0.2563879247987595,-2.0523376104435363e-08,helpful
-2.4754452598862997e-08,0.0,0.6965890713945313,0.9999930341649796,True,0.24999935769690862,S2,relation,1e-05,True,0.0003139234027060156,L2,1.0711050225474326,0.0004927389512466441,S2-relation-+1-0.25,17,0.24999938245136122,-2.474392523008421e-08,helpful
1.664821880353884e-08,0.0,0.4989096574808727,0.9999950109296675,True,0.2563879414469783,S2,mean,1e-05,True,0.00041904112161634415,L2,1.0711050225474326,0.000877985195126891,S2-mean-+1-0.25,18,0.2563879247987595,1.6656730344327504e-08,harmful
-1.891248646579413e-08,0.0,0.7834861591082698,0.9999921652019641,True,0.2602079845296006,S2,variance,1e-05,True,0.0004243455997920256,L2,1.0711050225474326,0.0009003570023965495,S2-variance-0.25,19,0.26020800344208705,-1.8938673110732644e-08,helpful
4.5738489107272073e-08,0.0,0.7314574793652026,0.9999926854843666,True,0.2687130273647369,S2,relation,1e-05,True,0.0006954055634325788,L2,1.0711050225474326,0.00241794384608098,S2-relation--1-0.5,20,0.2687129816262478,4.570011583802183e-08,harmful
-4.487003413267132e-08,0.0,0.5197252239152748,0.9999948027759926,True,0.25769078378155397,S2,mean,1e-05,True,0.000851409902953625,L2,1.0711050225474326,0.0036245322994010055,S2-mean--1-0.5,21,0.2576908286515881,-4.4913397968978716e-08,helpful
-5.077434017675131e-08,0.0,0.6820554090531951,0.9999931795001512,True,0.24432871594240624,S2,relation,1e-05,True,0.0006062950977429524,L2,1.0711050225474326,0.0018379661379977136,S2-relation-+1-0.5,22,0.24432876671674641,-5.075042866755046e-08,helpful
2.942994248300579e-08,0.0,0.5037578148900681,0.9999949624489759,True,0.2576908580815307,S2,mean,1e-05,True,0.0008514107256559249,L2,1.0711050225474326,0.003624532299401007,S2-mean-+1-0.5,23,0.2576908286515882,2.9446814928547142e-08,harmful
-3.7829287591328864e-08,0.0,0.7834861591082698,0.9999921652019641,True,0.26446234554040327,S2,variance,1e-05,True,0.0008486911995840525,L2,1.0711050225474326,0.003601428009586209,S2-variance-0.5,24,0.26446238336969086,-3.787734622146536e-08,helpful
8.642818360993232e-08,0.0,0.7488373313963753,0.9999925116875631,True,0.28260692748022354,S2,relation,1e-05,True,0.0014848436466320955,L2,1.0711050225474326,0.011023806961001728,S2-relation--1-1.0,25,0.2826068410520399,8.634991884651496e-08,harmful
-1.0519310400525228e-07,0.0,0.5559779493953934,0.9999944402531341,True,0.26290233886979886,S2,mean,1e-05,True,0.0018055140329954619,L2,1.0711050225474326,0.01629959349989912,S2-mean--1-1.0,26,0.26290244406290286,-1.0529337897838909e-07,helpful
-1.0659747540220366e-07,0.0,0.6476849610374783,0.9999935232011856,True,0.23383830463556188,S2,relation,1e-05,True,0.0011299555027065999,L2,1.0711050225474326,0.006383985296335569,S2-relation-+1-1.0,27,0.23383841123303728,-1.0655117016462967e-07,helpful
4.340684967019115e-08,0.0,0.5275726325388882,0.9999947243043333,True,0.2629024874697524,S2,mean,1e-05,True,0.001805517136628483,L2,1.0711050225474326,0.016299593499899127,S2-mean-+1-1.0,28,0.26290244406290275,4.3427046816662525e-08,harmful
-7.566288995342063e-08,0.0,0.7834861591082699,0.9999921652019641,True,0.2729710675620085,S2,variance,1e-05,True,0.0016973823991681036,L2,1.0711050225474326,0.014405712038344811,S2-variance-1.0,29,0.27297114322489846,-7.575469244293064e-08,helpful
4.314659740600746e-12,0.0,0.6944444444444444,0.9999930556037807,True,0.2559536235187979,U,emergent,1e-05,True,0.0011311689571917665,L2,1.0711050225474326,0.006397681385761115,U-emergent-0.25,30,0.25595362351448325,0.0,neutral
4.314659740600746e-12,0.0,0.6944444444444444,0.9999930556037807,True,0.2559536235187979,U,emergent,1e-05,True,0.002262337914383533,L2,1.0711050225474326,0.02559072554304446,U-emergent-0.5,31,0.25595362351448325,0.0,neutral
4.314659740600746e-12,0.0,0.6944444444444444,0.9999930556037807,True,0.2559536235187979,U,emergent,1e-05,True,0.004524675828767066,L2,1.0711050225474326,0.10236290217217783,U-emergent-1.0,32,0.25595362351448325,0.0,neutral
1.4586341157141192e-07,0.0,0.5883393018106385,0.9999411708268423,True,0.26630876293945427,S1,relation,0.0001,True,0.0003719377462750356,L2,1.0711950225474327,0.0006917238640540102,S1-relation--1-0.25,0,0.2663086170760427,1.4557212511571728e-07,harmful
-4.055549998049912e-07,0.0,0.5238226477125492,0.9999476206669277,True,0.2571161194202757,S1,mean,0.0001,True,0.0006857188149174106,L2,1.0711950225474327,0.0023513876484882934,S1-mean--1-0.25,1,0.2571165249752755,-4.0622306369246446e-07,helpful
-2.1165968200342888e-07,0.0,0.5089655861320902,0.9999491073119693,True,0.2463578641451878,S1,relation,0.0001,True,0.0003485865642308248,L2,1.0711950225474327,0.000607596385055951,S1-relation-+1-0.25,2,0.2463580758048698,-2.1221661403188426e-07,helpful
2.0227427288688204e-07,0.0,0.4840782484542645,0.9999515945827729,True,0.2571167272495485,S1,mean,0.0001,True,0.0006857221290615532,L2,1.0711950225474327,0.002351387648488293,S1-mean-+1-0.25,3,0.2571165249752756,2.0212431638670791e-07,harmful
-9.994555226766622e-07,0.0,0.8630695322344472,0.9999137008945241,True,0.2673443118381499,S1,variance,0.0001,True,0.0007006687553088834,L2,1.0711950225474327,0.002455110819924973,S1-variance-0.25,4,0.26734531129367256,-9.996673337424787e-07,helpful
2.2463626303537154e-07,0.0,0.6238688454353158,0.9999376182695207,True,0.27742328112581127,S1,relation,0.0001,True,0.0007704198594463243,L2,1.0711950225474327,0.0029678852251444803,S1-relation--1-0.5,5,0.27742305648954824,2.244997613152698e-07,harmful
-1.0156850154263708e-06,0.0,0.553790362349973,0.9999446243046184,True,0.26060421367263675,S1,mean,0.0001,True,0.0013936372339760103,L2,1.0711950225474327,0.009712567316798997,S1-mean--1-0.5,6,0.2606052293576522,-1.016544874690683e-06,helpful
-4.904099240032878e-07,0.0,0.4661666223263419,0.999953386730695,True,0.23752148353727787,S1,relation,0.0001,True,0.0006774555373558342,L2,1.0711950225474327,0.002294865393160023,S1-relation-+1-0.5,7,0.23752197394720187,-4.910777169799315e-07,helpful
1.9997353017942032e-07,0.0,0.47681422496897224,0.9999523209033288,True,0.26060542933118236,S1,mean,0.0001,True,0.0013936502793556493,L2,1.0711950225474327,0.009712567316799004,S1-mean-+1-0.5,8,0.2606052293576522,2.0014988546765855e-07,harmful
-1.999342474912069e-06,0.0,0.8630695322344473,0.9999137008945239,True,0.27873499973038696,S1,variance,0.0001,True,0.0014013375106177689,L2,1.0711950225474327,0.009820443279699921,S1-variance-0.5,9,0.27873699907286187,-1.999334667484961e-06,helpful
1.8220457564943615e-07,0.0,0.6856600483769424,0.9999314398401327,True,0.3019304550769728,S1,relation,0.0001,True,0.0016577459734379379,L2,1.0711950225474327,0.013741337539464145,S1-relation--1-1.0,10,0.30193027287239715,1.8242156696588123e-07,harmful
-2.8483758046649044e-06,0.0,0.6226742544936366,0.9999377368718414,True,0.2745571985113544,S1,mean,0.0001,True,0.0029582273003443175,L2,1.0711950225474327,0.04376253683272921,S1-mean--1-1.0,11,0.27456004688715907,-2.8494847386043914e-06,helpful
-1.2478877982058378e-06,0.0,0.37903153301099995,0.9999620992679527,True,0.222126859899906,S1,relation,0.0001,True,0.0012927937478840175,L2,1.0711950225474327,0.008357178883588494,S1-relation-+1-1.0,12,0.2221281077877042,-1.2487333896245258e-06,helpful
-4.1705871356434443e-07,0.0,0.4860028510130237,0.9999514022100037,True,0.2745596298284456,S1,mean,0.0001,True,0.0029582764661695545,L2,1.0711950225474327,0.043762536832729265,S1-mean-+1-1.0,13,0.2745600468871592,-4.1609521828770807e-07,helpful
-3.999116379382883e-06,0.0,0.8630695322344473,0.9999137008945241,True,0.3015163755148609,S1,variance,0.0001,True,0.002802675021235536,L2,1.0711950225474327,0.03928177311879963,S1-variance-1.0,14,0.30152037463124026,-3.998669334969919e-06,helpful
2.3539332549837866e-07,0.0,0.7211412494579069,0.9999278916883666,True,0.26219172529943746,S2,relation,0.0001,True,0.00033622592283525494,L2,1.0711950225474327,0.0005652361647570547,S2-relation--1-0.25,15,0.26219148990611196,2.348062281280374e-07,harmful
-2.0461029537344189e-07,0.0,0.5071493165991059,0.9999492877495969,True,0.2563877201884641,S2,mean,0.0001,True,0.0004190220935477133,L2,1.0711950225474327,0.0008779851951268903,S2-mean--1-0.25,16,0.2563879247987595,-2.0521855462457992e-07,helpful
-2.4714134949643807e-07,0.0,0.6965890713945313,0.9999303466617997,True,0.24999913531001172,S2,relation,0.0001,True,0.00031392501552214656,L2,1.0711950225474327,0.0004927389512466441,S2-relation-+1-0.25,17,0.24999938245136122,-2.474318318240023e-07,helpful
1.6685232318014442e-07,0.0,0.4989096574808727,0.9999501116583759,True,0.2563880916510827,S2,mean,0.0001,True,0.00041902418275663046,L2,1.0711950225474327,0.000877985195126891,S2-mean-+1-0.25,18,0.2563879247987595,1.665526433056887e-07,harmful
-1.8873182572320957e-07,0.0,0.7834861591082698,0.9999216577391388,True,0.26020781471026133,S2,variance,0.0001,True,0.0004243221395394986,L2,1.0711950225474327,0.0009003570023965495,S2-variance-0.25,19,0.26020800344208705,-1.8938405543946982e-07,helpful
4.577443373232626e-07,0.0,0.7314574793652026,0.9999268601676643,True,0.2687134393705851,S2,relation,0.0001,True,0.0006954063944333046,L2,1.0711950225474327,0.00241794384608098,S2-relation--1-0.5,20,0.2687129816262478,4.5698685256011015e-07,harmful
-4.4827285139437123e-07,0.0,0.5197252239152748,0.9999480303006663,True,0.2576903803787367,S2,mean,0.0001,True,0.0008513695408848132,L2,1.0711950225474327,0.0036245322994010055,S2-mean--1-0.5,21,0.2576908286515881,-4.491030205680522e-07,helpful
-5.073250126663709e-07,0.0,0.6820554090531951,0.9999317998828626,True,0.24432825939173375,S2,relation,0.0001,True,0.0006062989418529621,L2,1.0711950225474327,0.0018379661379977136,S2-relation-+1-0.5,22,0.24432876671674641,-5.07489267343968e-07,helpful
2.946523853797345e-07,0.0,0.5037578148900681,0.9999496269308523,True,0.2576911233039736,S2,mean,0.0001,True,0.0008513777669028273,L2,1.0711950225474327,0.003624532299401007,S2-mean-+1-0.5,23,0.2576908286515882,2.9443937529248613e-07,harmful
-3.77895081005164e-07,0.0,0.7834861591082698,0.999921657739139,True,0.26446200547460985,S2,variance,0.0001,True,0.0008486442790789985,L2,1.0711950225474327,0.003601428009586209,S2-variance-0.5,24,0.26446238336969086,-3.7876811087894017e-07,helpful
8.646137104051377e-07,0.0,0.7488373313963753,0.9999251223541217,True,0.28260770566575033,S2,relation,0.0001,True,0.0014848414122021196,L2,1.0711950225474327,0.011023806961001728,S2-relation--1-1.0,25,0.2826068410520399,8.634712903363616e-07,harmful
-1.0514604578126807e-06,0.0,0.5559779493953934,0.9999444054677209,True,0.26290139260244505,S2,mean,0.0001,True,0.0018054198858430297,L2,1.0711950225474327,0.01629959349989912,S2-mean--1-1.0,26,0.26290244406290286,-1.0528696864116716e-06,helpful
-1.0655249899071961e-06,0.0,0.6476849610374783,0.9999352365831192,True,0.23383734570804737,S2,relation,0.0001,True,0.0011299649760840918,L2,1.0711950225474327,0.006383985296335569,S2-relation-+1-1.0,27,0.23383841123303728,-1.0654809494717946e-06,helpful
4.343900160685976e-07,0.0,0.5275726325388882,0.9999472458024473,True,0.2629028784529188,S2,mean,0.0001,True,0.0018054509184238922,L2,1.0711950225474327,0.016299593499899127,S2-mean-+1-1.0,28,0.26290244406290275,4.3421510530940426e-07,harmful
-7.562215917911175e-07,0.0,0.7834861591082699,0.9999216577391389,True,0.27297038700330667,S2,variance,0.0001,True,0.0016972885581579957,L2,1.0711950225474327,0.014405712038344811,S2-variance-1.0,29,0.27297114322489846,-7.575362217578798e-07,helpful
4.3142966976716934e-10,0.0,0.6944444444444444,0.9999305603777515,True,0.2559536239459129,U,emergent,0.0001,True,0.0011311965341875133,L2,1.0711950225474327,0.006397681385761115,U-emergent-0.25,30,0.25595362351448325,0.0,neutral
4.3142966976716934e-10,0.0,0.6944444444444444,0.9999305603777515,True,0.2559536239459129,U,emergent,0.0001,True,0.0022623930683750267,L2,1.0711950225474327,0.02559072554304446,U-emergent-0.5,31,0.25595362351448325,0.0,neutral
4.3142966976716934e-10,0.0,0.6944444444444444,0.9999305603777515,True,0.2559536239459129,U,emergent,0.0001,True,0.004524786136750053,L2,1.0711950225474327,0.10236290217217783,U-emergent-1.0,32,0.25595362351448325,0.0,neutral
1.4977197944077147e-06,0.0,0.5883393018106385,0.9994121360170495,True,0.2663101147958371,S1,relation,0.001,True,0.0003718521155103181,L2,1.0720950225474326,0.0006917238640540102,S1-relation--1-0.25,0,0.2663086170760427,1.4572411229646597e-06,harmful
-4.014466638113667e-06,0.0,0.5238226477125492,0.9994764703613971,True,0.25711251050863737,S1,mean,0.001,True,0.0006852779542553255,L2,1.0720950225474326,0.0023513876484882934,S1-mean--1-0.25,1,0.2571165249752755,-4.059131893303505e-06,helpful
-2.0773722128053507e-06,0.0,0.5089655861320902,0.9994914211652096,True,0.246355998432657,S1,relation,0.001,True,0.00034850038416367793,L2,1.0720950225474326,0.000607596385055951,S1-relation-+1-0.25,2,0.2463580758048698,-2.123256927277198e-06,helpful
2.061457771818098e-06,0.0,0.4840782484542645,0.9995161624021316,True,0.2571185864330474,S1,mean,0.001,True,0.000685311050873046,L2,1.0720950225474326,0.002351387648488293,S1-mean-+1-0.25,3,0.2571165249752756,2.019458492596401e-06,harmful
-9.9449382062744e-06,0.0,0.8630695322344472,0.9991377145912963,True,0.2673353663554663,S1,variance,0.001,True,0.0007001204280073433,L2,1.0720950225474326,0.002455110819924973,S1-variance-0.25,4,0.26734531129367256,-9.990237064687834e-06,helpful
2.28646110878028e-06,0.0,0.6238688454353158,0.9993766461431767,True,0.277425342950657,S1,relation,0.001,True,0.0007702431569632444,L2,1.0720950225474326,0.0029678852251444803,S1-relation--1-0.5,5,0.27742305648954824,2.248466441616801e-06,harmful
-1.011126820427144e-05,0.0,0.553790362349973,0.9994465435227396,True,0.2605951180894479,S1,mean,0.001,True,0.0013927057768826085,L2,1.0720950225474326,0.009712567316798997,S1-mean--1-0.5,6,0.2606052293576522,-1.0157937187314088e-05,helpful
-4.8637229055348286e-06,0.0,0.4661666223263419,0.9995341724048094,True,0.23751711022429634,S1,relation,0.001,True,0.0006772759382043371,L2,1.0720950225474326,0.002294865393160023,S1-relation-+1-0.5,7,0.23752197394720187,-4.912529658866897e-06,helpful
2.040580615814136e-06,0.0,0.47681422496897224,0.9995234182532062,True,0.260607269938268,S1,mean,0.001,True,0.001392836054905613,L2,1.0720950225474326,0.009712567316799004,S1-mean-+1-0.5,8,0.2606052293576522,1.9992435844856895e-06,harmful
-1.9932985099613276e-05,0.0,0.8630695322344473,0.9991377145912963,True,0.27871706608776226,S1,variance,0.001,True,0.0014002408560146887,L2,1.0720950225474326,0.009820443279699921,S1-variance-0.5,9,0.27873699907286187,-1.99804741293757e-05,helpful
1.8663343583913417e-06,0.0,0.6856600483769424,0.9993149239711494,True,0.30193213920675555,S1,relation,0.001,True,0.0016573506075691733,L2,1.0720950225474326,0.013741337539464145,S1-relation--1-1.0,10,0.30193027287239715,1.8328696659835385e-06,harmful
-2.8422550058970764e-05,0.0,0.6226742544936366,0.9993777551811506,True,0.2745316243371001,S1,mean,0.001,True,0.0029561017295340513,L2,1.0720950225474326,0.04376253683272921,S1-mean--1-1.0,11,0.27456004688715907,-2.8474567977456587e-05,helpful
-1.2434033669794786e-05,0.0,0.37903153301099995,0.9996212104105755,True,0.2221156737540344,S1,relation,0.001,True,0.0012923762770125395,L2,1.0720950225474326,0.008357178883588494,S1-relation-+1-1.0,12,0.2221281077877042,-1.24891225349839e-05,helpful
-4.118852418577568e-06,0.0,0.4860028510130237,0.9995142465362968,True,0.2745559280347406,S1,mean,0.001,True,0.0029565927339450975,L2,1.0720950225474326,0.043762536832729265,S1-mean-+1-1.0,13,0.2745600468871592,-4.160206433857027e-06,helpful
-3.990907888629103e-05,0.0,0.8630695322344473,0.9991377145912963,True,0.30148046555235397,S1,variance,0.001,True,0.002800481712029375,L2,1.0720950225474326,0.03928177311879963,S1-variance-1.0,14,0.30152037463124026,-3.9960948258751364e-05,helpful
2.3896160328273908e-06,0.0,0.7211412494579069,0.9992794396443617,True,0.2621938795221448,S2,relation,0.001,True,0.0003362344575813096,L2,1.0720950225474326,0.0005652361647570547,S2-relation--1-0.25,15,0.26219148990611196,2.3473386449122837e-06,harmful
-2.0071223179041198e-06,0.0,0.5071493165991059,0.9994931186745843,True,0.2563859176764416,S2,mean,0.001,True,0.0004188339972727696,L2,1.0720950225474326,0.0008779851951268903,S2-mean--1-0.25,16,0.2563879247987595,-2.0506660414616013e-06,helpful
-2.4296227932874004e-06,0.0,0.6965890713945313,0.999303967403675,True,0.24999695282856793,S2,relation,0.001,True,0.00031394113524237533,L2,1.0720950225474326,0.0004927389512466441,S2-relation-+1-0.25,17,0.24999938245136122,-2.4735768292875355e-06,helpful
1.7067782767110629e-06,0.0,0.4989096574808727,0.9995013526214545,True,0.2563896315770362,S2,mean,0.001,True,0.0004188548637823465,L2,1.0720950225474326,0.000877985195126891,S2-mean-+1-0.25,18,0.2563879247987595,1.6640616018124071e-06,harmful
-1.8502533480901917e-06,0.0,0.7834861591082698,0.9992171488749634,True,0.26020615318873896,S2,variance,0.001,True,0.0004240876742435382,L2,1.0720950225474326,0.0009003570023965495,S2-variance-0.25,19,0.26020800344208705,-1.8935727656287324e-06,helpful
4.609899242113968e-06,0.0,0.7314574793652026,0.9992691336355686,True,0.2687175915254899,S2,relation,0.001,True,0.0006954146926364944,L2,1.0720950225474326,0.00241794384608098,S2-relation--1-0.5,20,0.2687129816262478,4.56843910544932e-06,harmful
-4.443914738527788e-06,0.0,0.5197252239152748,0.999480556936394,True,0.25768638473684957,S2,mean,0.001,True,0.0008509661400063675,L2,1.0720950225474326,0.0036245322994010055,S2-mean--1-0.5,21,0.2576908286515881,-4.487936522572408e-06,helpful
-5.028578410115614e-06,0.0,0.6820554090531951,0.9993184865599604,True,0.2443237381383363,S2,relation,0.001,True,0.0006063373666474012,L2,1.0720950225474326,0.0018379661379977136,S2-relation-+1-0.5,22,0.24432876671674641,-5.073391842950306e-06,helpful
2.9838864505915552e-06,0.0,0.5037578148900681,0.9994965132758109,True,0.2576938125380388,S2,mean,0.001,True,0.0008510482997917744,L2,1.0720950225474326,0.003624532299401007,S2-mean-+1-0.5,23,0.2576908286515882,2.9415187639756194e-06,harmful
-3.743615383466903e-06,0.0,0.7834861591082698,0.9992171488749635,True,0.2644586397543074,S2,variance,0.001,True,0.0008481753484870777,L2,1.0720950225474326,0.003601428009586209,S2-variance-0.5,24,0.26446238336969086,-3.7871455312574707e-06,helpful
8.671793254144688e-06,0.0,0.7488373313963753,0.9992517709366764,True,0.28261551284529407,S2,relation,0.001,True,0.0014848190596334558,L2,1.0720950225474326,0.011023806961001728,S2-relation--1-1.0,25,0.2826068410520399,8.63192547339764e-06,harmful
-1.04771838265183e-05,0.0,0.5559779493953934,0.9994443481343276,True,0.26289196687907634,S2,mean,0.001,True,0.0018044789823253335,L2,1.0720950225474326,0.01629959349989912,S2-mean--1-1.0,26,0.26290244406290286,-1.0522290803741615e-05,helpful
-1.0605162050425498e-05,0.0,0.6476849610374783,0.9993528225798628,True,0.23382780607098685,S2,relation,0.001,True,0.0011300596884750544,L2,1.0720950225474326,0.006383985296335569,S2-relation-+1-1.0,27,0.23383841123303728,-1.065173642340161e-05,helpful
4.3784185520534535e-06,0.0,0.5275726325388882,0.999472733758839,True,0.2629068224814548,S2,mean,0.001,True,0.0018047889335827988,L2,1.0720950225474326,0.016299593499899127,S2-mean-+1-1.0,28,0.26290244406290275,4.336619769354431e-06,harmful
-7.530339454331347e-06,0.0,0.7834861591082699,0.9992171488749635,True,0.27296361288544413,S2,variance,0.001,True,0.0016963506969741539,L2,1.0720950225474326,0.014405712038344811,S2-variance-1.0,29,0.27297114322489846,-7.574291062514936e-06,helpful
4.31086872865194e-08,0.0,0.6944444444444444,0.9993060374739763,True,0.25595366662317054,U,emergent,0.001,True,0.0011314721003543439,L2,1.0720950225474326,0.006397681385761115,U-emergent-0.25,30,0.25595362351448325,0.0,neutral
4.31086872865194e-08,0.0,0.6944444444444444,0.9993060374739763,True,0.25595366662317054,U,emergent,0.001,True,0.0022629442007086878,L2,1.0720950225474326,0.02559072554304446,U-emergent-0.5,31,0.25595362351448325,0.0,neutral
4.31086872865194e-08,0.0,0.6944444444444444,0.9993060374739763,True,0.25595366662317054,U,emergent,0.001,True,0.0045258884014173755,L2,1.0720950225474326,0.10236290217217783,U-emergent-1.0,32,0.25595362351448325,0.0,neutral
1.8738400872964078e-05,0.0,0.5883393018106385,0.9941637588606691,True,0.26632735547691566,S1,relation,0.01,True,0.00037100528782644653,L2,1.0810950225474325,0.0006917238640540102,S1-relation--1-0.25,0,0.2663086170760427,1.4722472819864047e-05,harmful
-3.585396671901275e-05,0.0,0.5238226477125492,0.9947909147274845,True,0.25708067100855647,S1,mean,0.01,True,0.0006809047264725764,L2,1.0810950225474325,0.0023513876484882934,S1-mean--1-0.25,1,0.2571165249752755,-4.028388804569598e-05,helpful
-1.6788199233119805e-05,0.0,0.5089655861320902,0.9949487151427066,True,0.24634128760563667,S1,relation,0.01,True,0.0003476491263640867,L2,1.0810950225474325,0.000607596385055951,S1-relation-+1-0.25,2,0.2463580758048698,-2.13400884506811e-05,helpful
2.4185048514535623e-05,0.0,0.4840782484542645,0.9951831718967945,True,0.25714071002379013,S1,mean,0.01,True,0.0006812312617115013,L2,1.0810950225474325,0.002351387648488293,S1-mean-+1-0.25,3,0.2571165249752756,2.001744017631921e-05,harmful
-9.477143869385252e-05,0.0,0.8630695322344472,0.9914470717474758,True,0.2672505398549787,S1,variance,0.01,True,0.0006946867508856023,L2,1.0810950225474325,0.002455110819924973,S1-variance-0.25,4,0.26734531129367256,-9.926423446225334e-05,helpful
2.6596886493313043e-05,0.0,0.6238688454353158,0.9938123964060284,True,0.27744965337604155,S1,relation,0.01,True,0.0007684947888821965,L2,1.0810950225474325,0.0029678852251444803,S1-relation--1-0.5,5,0.27742305648954824,2.2827330008911247e-05,harmful
-9.620696853529509e-05,0.0,0.553790362349973,0.9944952860903105,True,0.2605090223891169,S1,mean,0.01,True,0.0013834682000108778,L2,1.0810950225474325,0.009712567316798997,S1-mean--1-0.5,6,0.2606052293576522,-0.00010083422396076849,helpful
-4.445631371807757e-05,0.0,0.4661666223263419,0.995371973235947,True,0.2374775176334838,S1,relation,0.01,True,0.0006755029032293802,L2,1.0810950225474325,0.002294865393160023,S1-relation-+1-0.5,7,0.23752197394720187,-4.929779253217888e-05,helpful
2.3871061932023707e-05,0.0,0.47681422496897224,0.9952550017311804,True,0.2606291004195842,S1,mean,0.01,True,0.0013847536039469765,L2,1.0810950225474325,0.009712567316799004,S1-mean-+1-0.5,8,0.2606052293576522,1.9768432483261576e-05,harmful
-0.00019381958301867286,0.0,0.8630695322344473,0.9914470717474757,True,0.2785431794898432,S1,variance,0.01,True,0.0013893735017712066,L2,1.0810950225474325,0.009820443279699921,S1-variance-0.5,9,0.27873699907286187,-0.00019852846892450698,helpful
2.2504228868958087e-05,0.0,0.6856600483769424,0.993201328301948,True,0.3019527771012661,S1,relation,0.01,True,0.0016534356849162645,L2,1.0810950225474325,0.013741337539464145,S1-relation--1-1.0,10,0.30193027287239715,1.9184197494555186e-05,harmful
-0.00027757996056676504,0.0,0.6226742544936366,0.993815909957023,True,0.2742824669265923,S1,mean,0.01,True,0.0029350301526798583,L2,1.0810950225474325,0.04376253683272921,S1-mean--1-1.0,11,0.27456004688715907,-0.00028273423939904397,helpful
-0.00011960217155360109,0.0,0.37903153301099995,0.9962336989010135,True,0.2220085056161506,S1,relation,0.01,True,0.0012882581332995164,L2,1.0810950225474325,0.008357178883588494,S1-relation-+1-1.0,12,0.2221281077877042,-0.00012506604758762545,helpful
-3.742389963234949e-05,0.0,0.4860028510130237,0.9951647877575546,True,0.27452262298752683,S1,mean,0.01,True,0.0029398755522576756,L2,1.0810950225474325,0.043762536832729265,S1-mean-+1-1.0,13,0.2745600468871592,-4.1528926510983826e-05,helpful
-0.0003919158716680915,0.0,0.8630695322344473,0.9914470717474758,True,0.30112845875957217,S1,variance,0.01,True,0.002778747003542412,L2,1.0810950225474325,0.03928177311879963,S1-variance-1.0,14,0.30152037463124026,-0.0003970569378490137,helpful
2.759551345432598e-05,0.0,0.7211412494579069,0.9928462431287417,True,0.2622190854195663,S2,relation,0.01,True,0.0003363190904920525,L2,1.0810950225474325,0.0005652361647570547,S2-relation--1-0.25,15,0.26219148990611196,2.3401590113770832e-05,harmful
-1.6036164131261188e-05,0.0,0.5071493165991059,0.9949551722347133,True,0.25637188863462823,S2,mean,0.01,True,0.0004169624762008206,L2,1.0810950225474325,0.0008779851951268903,S2-mean--1-0.25,16,0.2563879247987595,-2.035583843404532e-05,helpful
-2.0301281154933015e-05,0.0,0.6965890713945313,0.9930893414436094,True,0.24997908117020629,S2,relation,0.01,True,0.0003141014962929374,L2,1.0810950225474325,0.0004927389512466441,S2-relation-+1-0.25,17,0.24999938245136122,-2.466217220791999e-05,helpful
2.073333982122172e-05,0.0,0.4989096574808727,0.9950369986627353,True,0.2564086581385807,S2,mean,0.01,True,0.0004171686095448005,L2,1.0810950225474325,0.000877985195126891,S2-mean-+1-0.25,18,0.2563879247987595,1.649530577071366e-05,harmful
-1.4610978802620522e-05,0.0,0.7834861591082698,0.9922281747802418,True,0.26019339246328443,S2,variance,0.01,True,0.00042175666703186563,L2,1.0810950225474325,0.0009003570023965495,S2-variance-0.25,19,0.26020800344208705,-1.8908731412236945e-05,helpful
4.965514231558554e-05,0.0,0.7314574793652026,0.992744095272809,True,0.2687626367685634,S2,relation,0.01,True,0.0006954965130360415,L2,1.0810950225474325,0.00241794384608098,S2-relation--1-0.5,20,0.2687129816262478,4.554259813339254e-05,harmful
-4.0205269465132254e-05,0.0,0.5197252239152748,0.9948308192057062,True,0.25765062338212297,S2,mean,0.01,True,0.0008469539787179519,L2,1.0810950225474325,0.0036245322994010055,S2-mean--1-0.5,21,0.2576908286515881,-4.457220953142241e-05,helpful
-4.613844690304347e-05,0.0,0.6820554090531951,0.99323323844677,True,0.24428262826984337,S2,relation,0.01,True,0.0006067199967017588,L2,1.0810950225474325,0.0018379661379977136,S2-relation-+1-0.5,22,0.24432876671674641,-5.058492650998897e-05,helpful
3.3333738439611516e-05,0.0,0.5037578148900681,0.9949893883924347,True,0.2577241623900278,S2,mean,0.01,True,0.0008477656397297236,L2,1.0810950225474325,0.003624532299401007,S2-mean-+1-0.5,23,0.2576908286515882,2.9130078878095662e-05,harmful
-3.3498663236430914e-05,0.0,0.7834861591082698,0.992228174780242,True,0.2644288847064544,S2,variance,0.01,True,0.0008435133340637326,L2,1.0810950225474325,0.003601428009586209,S2-variance-0.5,24,0.26446238336969086,-3.781746282447396e-05,helpful
8.999686315147581e-05,0.0,0.7488373313963753,0.9925719992614401,True,0.2826968379151914,S2,relation,0.01,True,0.0014845947400314908,L2,1.0810950225474325,0.011023806961001728,S2-relation--1-1.0,25,0.2826068410520399,8.604286789018852e-05,harmful
-0.00010011218684902179,0.0,0.5559779493953934,0.994472647739525,True,0.26280233187605384,S2,mean,0.01,True,0.0017951263736000489,L2,1.0810950225474325,0.01629959349989912,S2-mean--1-1.0,26,0.26290244406290286,-0.00010458654971617166,helpful
-0.0001015903152856712,0.0,0.6476849610374783,0.9935735263051672,True,0.2337368209177516,S2,relation,0.01,True,0.0011310046773329815,L2,1.0810950225474325,0.006383985296335569,S2-relation-+1-1.0,27,0.23383841123303728,-0.0001062121813965745,helpful
4.696582896090984e-05,0.0,0.5275726325388882,0.994754735333423,True,0.26294940989186366,S2,mean,0.01,True,0.0017981888109750578,L2,1.0810950225474325,0.016299593499899127,S2-mean-+1-1.0,28,0.26290244406290275,4.2818027102864375e-05,harmful
-7.127403210382965e-05,0.0,0.7834861591082699,0.992228174780242,True,0.27289986919279463,S2,variance,0.01,True,0.001687026668127464,L2,1.0810950225474325,0.014405712038344811,S2-variance-1.0,29,0.27297114322489846,-7.563492564894786e-05,helpful
4.276705630967825e-06,0.0,0.6944444444444444,0.9931034482758622,True,0.2559579002201142,U,emergent,0.01,True,0.0011342075233814416,L2,1.0810950225474325,0.006397681385761115,U-emergent-0.25,30,0.25595362351448325,0.0,neutral
4.276705630967825e-06,0.0,0.6944444444444444,0.9931034482758622,True,0.2559579002201142,U,emergent,0.01,True,0.0022684150467628833,L2,1.0810950225474325,0.02559072554304446,U-emergent-0.5,31,0.25595362351448325,0.0,neutral
4.276705630967825e-06,0.0,0.6944444444444444,0.9931034482758622,True,0.2559579002201142,U,emergent,0.01,True,0.0045368300935257665,L2,1.0810950225474325,0.10236290217217783,U-emergent-1.0,32,0.25595362351448325,0.0,neutral
0.0005331409802965537,0.0,0.5883393018106385,0.9455329723243501,True,0.26684175805633925,S1,relation,0.1,True,0.0003634017029143588,L2,1.1710950225474321,0.0006917238640540102,S1-relation--1-0.25,0,0.2663086170760427,0.000160479251518683,harmful
3.5673342232644956e-05,0.0,0.5238226477125492,0.9503820425045507,True,0.25715219831750813,S1,mean,0.1,True,0.000640416421927572,L2,1.1710950225474321,0.0023513876484882934,S1-mean--1-0.25,1,0.2571165249752755,-0.0003743539380919133,helpful
0.00019915099763356814,0.0,0.5089655861320902,0.9526616989549649,True,0.24655722680250336,S1,relation,0.1,True,0.0003400947286972946,L2,1.1710950225474321,0.000607596385055951,S1-relation-+1-0.25,2,0.2463580758048698,-0.00022273669979421502,helpful
0.0005708442480971687,0.0,0.4840782484542645,0.9538825004268148,True,0.25768736922337276,S1,mean,0.1,True,0.0006432850942027124,L2,1.1710950225474321,0.002351387648488293,S1-mean-+1-0.25,3,0.2571165249752756,0.00018369050274810085,harmful
-0.0005180860693181355,0.0,0.8630695322344472,0.9208786822569309,True,0.2668272252243544,S1,variance,0.1,True,0.0006448748898615689,L2,1.1710950225474321,0.002455110819924973,S1-variance-0.25,4,0.26734531129367256,-0.0009338617241329569,helpful
0.0006086636897363329,0.0,0.6238688454353158,0.9423422052065976,True,0.27803172017928457,S1,relation,0.1,True,0.0007527156072682964,L2,1.1710950225474321,0.0029678852251444803,S1-relation--1-0.5,5,0.27742305648954824,0.00025870105476183576,harmful
-0.0005120459739920147,0.0,0.553790362349973,0.9477545300056712,True,0.26009318338366016,S1,mean,0.1,True,0.001298141883043133,L2,1.1710950225474321,0.009712567316798997,S1-mean--1-0.5,6,0.2606052293576522,-0.0009393713115276366,helpful
-5.9316275588638945e-05,0.0,0.4661666223263419,0.9565058501828545,True,0.23746265767161323,S1,relation,0.1,True,0.0006598558932663458,L2,1.1710950225474321,0.002294865393160023,S1-relation-+1-0.5,7,0.23752197394720187,-0.0005077308478639583,helpful
0.0005582958377372549,0.0,0.47681422496897224,0.9545341451199818,True,0.26116352519538943,S1,mean,0.1,True,0.0013094397657402205,L2,1.1710950225474321,0.009712567316799004,S1-mean-+1-0.5,8,0.2606052293576522,0.00017671757015238847,harmful
-0.001432808888231829,0.0,0.8630695322344473,0.9208786822569308,True,0.27730419018463004,S1,variance,0.1,True,0.0012897497797231395,L2,1.1710950225474321,0.009820443279699921,S1-variance-0.5,9,0.27873699907286187,-0.0018677234482659163,helpful
0.0005767645448332415,0.0,0.6856600483769424,0.9367933285396618,True,0.3025070374172304,S1,relation,0.1,True,0.0016178327125584199,L2,1.1710950225474321,0.013741337539464145,S1-relation--1-1.0,10,0.30193027287239715,0.0002683723164215524,harmful
-0.0021677523330261295,0.0,0.6226742544936366,0.941728455864682,True,0.27239229455413294,S1,mean,0.1,True,0.0027411389769635194,L2,1.1710950225474321,0.04376253683272921,S1-mean--1-1.0,11,0.27456004688715907,-0.0026413963644305225,helpful
-0.0007591953858163691,0.0,0.37903153301099995,0.9643329134217608,True,0.22136891240188783,S1,relation,0.1,True,0.0012522039775725502,L2,1.1710950225474321,0.008357178883588494,S1-relation-+1-1.0,12,0.2221281077877042,-0.00126449148883004,helpful
-2.7068709567590332e-05,0.0,0.4860028510130237,0.9537656864176386,True,0.2745329781775916,S1,mean,0.1,True,0.002783796706614344,L2,1.1710950225474321,0.043762536832729265,S1-mean-+1-1.0,13,0.2745600468871592,-0.0004092186010704721,helpful
-0.003262254526059216,0.0,0.8630695322344473,0.9208786822569309,True,0.29825812010518105,S1,variance,0.1,True,0.002579499559446277,L2,1.1710950225474321,0.03928177311879963,S1-variance-1.0,14,0.30152037463124026,-0.0037354468965318305,helpful
0.0006160212885516492,0.0,0.7211412494579069,0.9332513215369158,True,0.2628075111946636,S2,relation,0.1,True,0.0003371021130467902,L2,1.1710950225474321,0.0005652361647570547,S2-relation--1-0.25,15,0.26219148990611196,0.0002273474949344829,harmful
0.00021105225614048706,0.0,0.5071493165991059,0.9518252983953874,True,0.2565989770549,S2,mean,0.1,True,0.00039914143048811975,L2,1.1710950225474321,0.0008779851951268903,S2-mean--1-0.25,16,0.2563879247987595,-0.00018952415464949392,helpful
0.00016497398424963894,0.0,0.6965890713945313,0.9354812187847773,True,0.25016435643561086,S2,relation,0.1,True,0.00031562842387830836,L2,1.1710950225474321,0.0004927389512466441,S2-relation-+1-0.25,17,0.24999938245136122,-0.00023976155986174422,helpful
0.0005446191747308093,0.0,0.4989096574808727,0.9525935344148427,True,0.2569325439734903,S2,mean,0.1,True,0.0004009735107884038,L2,1.1710950225474321,0.000877985195126891,S2-mean-+1-0.25,18,0.2563879247987595,0.00015150608080975758,harmful
0.0002124633537423648,0.0,0.7834861591082698,0.9275235167908866,True,0.2604204667958294,S2,variance,0.1,True,0.00039973752938674863,L2,1.1710950225474321,0.0009003570023965495,S2-variance-0.25,19,0.26020800344208705,-0.00018621097390891512,helpful
0.0008231276011171351,0.0,0.7314574793652026,0.9323140477504477,True,0.26953610922736493,S2,relation,0.1,True,0.000696214721453941,L2,1.1710950225474321,0.00241794384608098,S2-relation--1-0.5,20,0.2687129816262478,0.00044228092494170485,harmful
-1.2134305634625697e-05,0.0,0.5197252239152748,0.950698208368839,True,0.2576786943459535,S2,mean,0.1,True,0.0008088917482799119,L2,1.1710950225474321,0.0036245322994010055,S2-mean--1-0.5,21,0.2576908286515881,-0.00041706638313872524,helpful
-7.89670074866633e-05,0.0,0.6820554090531951,0.936800778913435,True,0.24424979970925975,S2,relation,0.1,True,0.0006103955087347433,L2,1.1710950225474321,0.0018379661379977136,S2-relation-+1-0.5,22,0.24432876671674641,-0.0004919371846507482,helpful
0.0006549995315456858,0.0,0.5037578148900681,0.9521869518440871,True,0.2583458281831339,S2,mean,0.1,True,0.0008161083622965379,L2,1.1710950225474321,0.003624532299401007,S2-mean-+1-0.5,23,0.2576908286515882,0.0002649940877797788,harmful
2.8289957888949502e-05,0.0,0.7834861591082698,0.9275235167908865,True,0.2644906733275798,S2,variance,0.1,True,0.0007994750587734983,L2,1.1710950225474321,0.003601428009586209,S2-variance-0.5,24,0.26446238336969086,-0.000372421947817831,helpful
0.0012005055470777348,0.0,0.7488373313963753,0.9307344603401397,True,0.28380734659911766,S2,relation,0.1,True,0.0014822998445299192,L2,1.1710950225474321,0.011023806961001728,S2-relation--1-1.0,25,0.2826068410520399,0.0008349055901743655,harmful
-0.0005713136341453096,0.0,0.5559779493953934,0.947474791955551,True,0.26233113042875755,S2,mean,0.1,True,0.001706892728850322,L2,1.1710950225474321,0.01629959349989912,S2-mean--1-1.0,26,0.26290244406290286,-0.000986205061636398,helpful
-0.000603683670129862,0.0,0.6476849610374783,0.9399203642815288,True,0.23323472756290742,S2,relation,0.1,True,0.0011402432805363409,L2,1.1710950225474321,0.006383985296335569,S2-relation-+1-1.0,27,0.23383841123303728,-0.0010335306290105404,helpful
0.0007629540402157575,0.0,0.5275726325388882,0.9501232009783122,True,0.2636653981031185,S2,mean,0.1,True,0.001734156502857264,L2,1.1710950225474321,0.016299593499899127,S2-mean-+1-1.0,28,0.26290244406290275,0.0003779158802006093,harmful
-0.00034005683381765905,0.0,0.7834861591082699,0.9275235167908866,True,0.2726310863910808,S2,variance,0.1,True,0.0015989501175469956,L2,1.1710950225474321,0.014405712038344811,S2-variance-1.0,29,0.27297114322489846,-0.0007448438956356611,helpful
0.0003966367495957801,0.0,0.6944444444444444,0.9350649350649349,True,0.25635026026407903,U,emergent,0.1,True,0.0011596682625766917,L2,1.1710950225474321,0.006397681385761115,U-emergent-0.25,30,0.25595362351448325,0.0,neutral
0.0003966367495957801,0.0,0.6944444444444444,0.9350649350649349,True,0.25635026026407903,U,emergent,0.1,True,0.0023193365251533834,L2,1.1710950225474321,0.02559072554304446,U-emergent-0.5,31,0.25595362351448325,0.0,neutral
0.0003966367495957801,0.0,0.6944444444444444,0.9350649350649349,True,0.25635026026407903,U,emergent,0.1,True,0.004638673050306767,L2,1.1710950225474321,0.10236290217217783,U-emergent-1.0,32,0.25595362351448325,0.0,neutral
0.02437403560367213,0.0,0.5883393018106385,0.6648522940785508,True,0.2906826526797148,S1,relation,1.0,True,0.0003305414757048612,L2,2.071095022547433,0.0006917238640540102,S1-relation--1-0.25,0,0.2663086170760427,0.002069315155986337,harmful
0.021950015474306972,0.0,0.5238226477125492,0.6607774116257177,True,0.27906654044958246,S1,mean,1.0,True,0.0004082741672557539,L2,2.071095022547433,0.0023513876484882934,S1-mean--1-0.25,1,0.2571165249752755,-0.0021446128402573313,helpful
0.022480075806212696,0.0,0.5089655861320902,0.6994838298176774,True,0.2688381516110825,S1,relation,1.0,True,0.00031108123032024324,L2,2.071095022547433,0.000607596385055951,S1-relation-+1-0.25,2,0.2463580758048698,-0.0024764383384296715,helpful
0.024176939683175136,0.0,0.4840782484542645,0.6756871830522089,True,0.28129346465845073,S1,mean,1.0,True,0.0004192757871683327,L2,2.071095022547433,0.002351387648488293,S1-mean-+1-0.25,3,0.2571165249752756,0.0008977980940246507,harmful
0.018314926900173,0.0,0.8630695322344472,0.5457544230782166,True,0.28566023819384556,S1,variance,1.0,True,0.0003789105899750898,L2,2.071095022547433,0.002455110819924973,S1-variance-0.25,4,0.26734531129367256,-0.0061068477366498525,helpful
0.024792174591563243,0.0,0.6238688454353158,0.6493588923296817,True,0.3022152310811115,S1,relation,1.0,True,0.0006811147106430556,L2,2.071095022547433,0.0029678852251444803,S1-relation--1-0.5,5,0.27742305648954824,0.003731507129529351,harmful
0.01921697808043088,0.0,0.553790362349973,0.6499222708266933,True,0.27982220743808306,S1,mean,1.0,True,0.0008163923901232184,L2,2.071095022547433,0.009712567316798997,S1-mean--1-0.5,6,0.2606052293576522,-0.0055360404267473275,helpful
0.021004254996645266,0.0,0.4661666223263419,0.718168418684035,True,0.25852622894384714,S1,relation,1.0,True,0.0006033474675720838,L2,2.071095022547433,0.002294865393160023,S1-relation-+1-0.5,7,0.23752197394720187,-0.00535999985930265,helpful
0.02367082649816732,0.0,0.47681422496897224,0.6787992103468115,True,0.2842760558558195,S1,mean,1.0,True,0.000859843971374497,L2,2.071095022547433,0.009712567316799004,S1-mean-+1-0.5,8,0.2606052293576522,0.0005487814418166149,harmful
0.01302651779179087,0.0,0.8630695322344473,0.5457544230782166,True,0.29176351686465274,S1,variance,1.0,True,0.0007578211799501808,L2,2.071095022547433,0.009820443279699921,S1-variance-0.5,9,0.27873699907286187,-0.012213695473299719,helpful
0.02457077074566949,0.0,0.6856600483769424,0.6224269605696993,True,0.32650104361806664,S1,relation,1.0,True,0.001444325488910516,L2,2.071095022547433,0.013741337539464145,S1-relation--1-1.0,10,0.30193027287239715,0.005834521529285423,harmful
0.010511752713794564,0.0,0.6226742544936366,0.6254118366635483,True,0.28507179960095363,S1,mean,1.0,True,0.001675584080982413,L2,2.071095022547433,0.04376253683272921,S1-mean--1-1.0,11,0.27456004688715907,-0.016059339838425373,helpful
0.016994931555833537,0.0,0.37903153301099995,0.7562356330983852,True,0.23912303934353774,S1,relation,1.0,True,0.0011344441187148841,L2,2.071095022547433,0.008357178883588494,S1-relation-+1-1.0,12,0.2221281077877042,-0.0123484924483786,helpful
0.01941944954926733,0.0,0.4860028510130237,0.6766829446551718,True,0.2939794964364265,S1,mean,1.0,True,0.0018412666770746175,L2,2.071095022547433,0.043762536832729265,S1-mean-+1-1.0,13,0.2745600468871592,-0.0038896961012974867,helpful
0.0024496995750268313,0.0,0.8630695322344473,0.5457544230782165,True,0.3039700742062671,S1,variance,1.0,True,0.0015156423599003606,L2,2.071095022547433,0.03928177311879963,S1-variance-1.0,14,0.30152037463124026,-0.024427390946599424,helpful
0.024909279016583463,0.0,0.7211412494579069,0.5967195826591623,True,0.2871007689226954,S2,relation,1.0,True,0.0003415867767765435,L2,2.071095022547433,0.0005652361647570547,S2-relation--1-0.25,15,0.26219148990611196,0.001854747133481108,harmful
0.022699440928380388,0.0,0.5071493165991059,0.6663354390701786,True,0.2790873657271399,S2,mean,1.0,True,0.00027886483893990955,L2,2.071095022547433,0.0008779851951268903,S2-mean--1-0.25,16,0.2563879247987595,-0.001088690117409323,helpful
0.02220303009617164,0.0,0.6965890713945313,0.6081540602780954,True,0.27220241254753286,S2,relation,1.0,True,0.00032597792682880503,L2,2.071095022547433,0.0004927389512466441,S2-relation-+1-0.25,17,0.24999938245136122,-0.0019586205479638786,helpful
0.0242182446941408,0.0,0.4989096574808727,0.6706055619396698,True,0.2806061694929003,S2,mean,1.0,True,0.00028631965231675345,L2,2.071095022547433,0.000877985195126891,S2-mean-+1-0.25,18,0.2563879247987595,0.0007705777855558481,harmful
0.022187892443220947,0.0,0.7834861591082698,0.5657948162493268,True,0.282395895885308,S2,variance,1.0,True,0.0002607423326358223,L2,2.071095022547433,0.0009003570023965495,S2-variance-0.25,19,0.26020800344208705,-0.0015581012172415272,helpful
0.026120859120255635,0.0,0.7314574793652026,0.5919057117999724,True,0.29483384074650343,S2,relation,1.0,True,0.000698908024258338,L2,2.071095022547433,0.00241794384608098,S2-relation--1-0.5,20,0.2687129816262478,0.0036056208524794476,harmful
0.02150655945361668,0.0,0.5197252239152748,0.6611435331355633,True,0.2791973881052048,S2,mean,1.0,True,0.0005577970645734339,L2,2.071095022547433,0.0036245322994010055,S2-mean--1-0.5,21,0.2576908286515881,-0.0024954925666721287,helpful
0.020708361279432097,0.0,0.6820554090531951,0.6149103588486879,True,0.2650371279961785,S2,relation,1.0,True,0.0006364849472382178,L2,2.071095022547433,0.0018379661379977136,S2-relation-+1-0.5,22,0.24432876671674641,-0.004021114510410516,helpful
0.024544166985137283,0.0,0.5037578148900681,0.6694184869251171,True,0.2822349956367255,S2,mean,1.0,True,0.0005872344714789644,L2,2.071095022547433,0.003624532299401007,S2-mean-+1-0.5,23,0.2576908286515882,0.0012230432392582218,harmful
0.020772448877886873,0.0,0.7834861591082698,0.5657948162493269,True,0.28523483224757773,S2,variance,1.0,True,0.0005214846652716455,L2,2.071095022547433,0.003601428009586209,S2-variance-0.5,24,0.26446238336969086,-0.003116202434483059,helpful
0.02826093061453372,0.0,0.7488373313963753,0.5837797707828598,True,0.31086777166657364,S2,relation,1.0,True,0.0014612023071568637,L2,2.071095022547433,0.011023806961001728,S2-relation--1-1.0,25,0.2826068410520399,0.006795748047027821,harmful
0.01825383732032182,0.0,0.5559779493953934,0.646925204051822,True,0.2811562813832247,S2,mean,1.0,True,0.0011459347826210892,L2,2.071095022547433,0.01629959349989912,S2-mean--1-1.0,26,0.26290244406290286,-0.006263434460758172,helpful
0.017435934932886754,0.0,0.6476849610374783,0.6308586983193228,True,0.25127434616592403,S2,relation,1.0,True,0.0012117084946247116,L2,2.071095022547433,0.006383985296335569,S2-relation-+1-1.0,27,0.23383841123303728,-0.008457722678752107,helpful
0.02432905238336358,0.0,0.5275726325388882,0.6616459821063051,True,0.28723149644626633,S2,mean,1.0,True,0.0012581019831445926,L2,2.071095022547433,0.016299593499899127,S2-mean-+1-1.0,28,0.26290244406290275,0.0011736371511025224,harmful
0.017941561747218504,0.0,0.7834861591082699,0.565794816249327,True,0.29091270497211696,S2,variance,1.0,True,0.0010429693305432904,L2,2.071095022547433,0.014405712038344811,S2-variance-1.0,29,0.27297114322489846,-0.006232404868966112,helpful
0.02360333600855513,0.0,0.6944444444444444,0.5901639344262293,True,0.2795569595230384,U,emergent,1.0,True,0.0012999077058630266,L2,2.071095022547433,0.006397681385761115,U-emergent-0.25,30,0.25595362351448325,0.0,neutral
0.02360333600855513,0.0,0.6944444444444444,0.5901639344262293,True,0.2795569595230384,U,emergent,1.0,True,0.002599815411726053,L2,2.071095022547433,0.02559072554304446,U-emergent-0.5,31,0.25595362351448325,0.0,neutral
0.02360333600855513,0.0,0.6944444444444444,0.5901639344262293,True,0.2795569595230384,U,emergent,1.0,True,0.005199630823452106,L2,2.071095022547433,0.10236290217217783,U-emergent-1.0,32,0.25595362351448325,0.0,neutral
0.0,1.0,0.0,1.0,True,0.2663086170760427,S1,relation,0.0,True,0.00037194727154638734,CORAL,1.0710950225474327,0.0006917238640540102,S1-relation--1-0.25,0,0.2663086170760427,0.0,neutral
0.0,1.0,0.0,1.0,True,0.2571165249752755,S1,mean,0.0,True,0.0006857678395037626,CORAL,1.0710950225474327,0.0023513876484882934,S1-mean--1-0.25,1,0.2571165249752755,0.0,neutral
0.0,1.0,0.0,1.0,True,0.2463580758048698,S1,relation,0.0,True,0.0003485961517446659,CORAL,1.0710950225474327,0.000607596385055951,S1-relation-+1-0.25,2,0.2463580758048698,0.0,neutral
0.0,1.0,0.0,1.0,True,0.2571165249752756,S1,mean,0.0,True,0.0006857678395037625,CORAL,1.0710950225474327,0.002351387648488293,S1-mean-+1-0.25,3,0.2571165249752756,0.0,neutral
0.0,1.0,0.0,1.0,True,0.26734531129367256,S1,variance,0.0,True,0.0007007297367637506,CORAL,1.0710950225474327,0.002455110819924973,S1-variance-0.25,4,0.26734531129367256,0.0,neutral
0.0,1.0,0.0,1.0,True,0.27742305648954824,S1,relation,0.0,True,0.0007704395141923185,CORAL,1.0710950225474327,0.0029678852251444803,S1-relation--1-0.5,5,0.27742305648954824,0.0,neutral
0.0,1.0,0.0,1.0,True,0.2606052293576522,S1,mean,0.0,True,0.0013937408164216897,CORAL,1.0710950225474327,0.009712567316798997,S1-mean--1-0.5,6,0.2606052293576522,0.0,neutral
0.0,1.0,0.0,1.0,True,0.23752197394720187,S1,relation,0.0,True,0.0006774755188433041,CORAL,1.0710950225474327,0.002294865393160023,S1-relation-+1-0.5,7,0.23752197394720187,0.0,neutral
0.0,1.0,0.0,1.0,True,0.2606052293576522,S1,mean,0.0,True,0.0013937408164216899,CORAL,1.0710950225474327,0.009712567316799004,S1-mean-+1-0.5,8,0.2606052293576522,0.0,neutral
0.0,1.0,0.0,1.0,True,0.27873699907286187,S1,variance,0.0,True,0.0014014594735275035,CORAL,1.0710950225474327,0.009820443279699921,S1-variance-0.5,9,0.27873699907286187,0.0,neutral
0.0,1.0,0.0,1.0,True,0.30193027287239715,S1,relation,0.0,True,0.0016577899468547964,CORAL,1.0710950225474327,0.013741337539464145,S1-relation--1-1.0,10,0.30193027287239715,0.0,neutral
0.0,1.0,0.0,1.0,True,0.27456004688715907,S1,mean,0.0,True,0.0029584636834928085,CORAL,1.0710950225474327,0.04376253683272921,S1-mean--1-1.0,11,0.27456004688715907,0.0,neutral
0.0,1.0,0.0,1.0,True,0.2221281077877042,S1,relation,0.0,True,0.0012928401976724335,CORAL,1.0710950225474327,0.008357178883588494,S1-relation-+1-1.0,12,0.2221281077877042,0.0,neutral
0.0,1.0,0.0,1.0,True,0.2745600468871592,S1,mean,0.0,True,0.0029584636834928102,CORAL,1.0710950225474327,0.043762536832729265,S1-mean-+1-1.0,13,0.2745600468871592,0.0,neutral
0.0,1.0,0.0,1.0,True,0.30152037463124026,S1,variance,0.0,True,0.0028029189470550045,CORAL,1.0710950225474327,0.03928177311879963,S1-variance-1.0,14,0.30152037463124026,0.0,neutral
0.0,1.0,0.0,1.0,True,0.26219148990611196,S2,relation,0.0,True,0.000336224973717615,CORAL,1.0710950225474327,0.0005652361647570547,S2-relation--1-0.25,15,0.26219148990611196,0.0,neutral
0.0,1.0,0.0,1.0,True,0.2563879247987595,S2,mean,0.0,True,0.0004190430037900382,CORAL,1.0710950225474327,0.0008779851951268903,S2-mean--1-0.25,16,0.2563879247987595,0.0,neutral
0.0,1.0,0.0,1.0,True,0.24999938245136122,S2,relation,0.0,True,0.0003139232234947405,CORAL,1.0710950225474327,0.0004927389512466441,S2-relation-+1-0.25,17,0.24999938245136122,0.0,neutral
0.0,1.0,0.0,1.0,True,0.2563879247987595,S2,mean,0.0,True,0.0004190430037900382,CORAL,1.0710950225474327,0.000877985195126891,S2-mean-+1-0.25,18,0.2563879247987595,0.0,neutral
0.0,1.0,0.0,1.0,True,0.26020800344208705,S2,variance,0.0,True,0.00042434820664085515,CORAL,1.0710950225474327,0.0009003570023965495,S2-variance-0.25,19,0.26020800344208705,0.0,neutral
0.0,1.0,0.0,1.0,True,0.2687129816262478,S2,relation,0.0,True,0.0006954054710858954,CORAL,1.0710950225474327,0.00241794384608098,S2-relation--1-0.5,20,0.2687129816262478,0.0,neutral
0.0,1.0,0.0,1.0,True,0.2576908286515881,S2,mean,0.0,True,0.0008514143878747884,CORAL,1.0710950225474327,0.0036245322994010055,S2-mean--1-0.5,21,0.2576908286515881,0.0,neutral
0.0,0.9999999999999999,0.0,1.0,True,0.24432876671674641,S2,relation,0.0,True,0.0006062946706013031,CORAL,1.0710950225474327,0.0018379661379977136,S2-relation-+1-0.5,22,0.24432876671674641,0.0,neutral
0.0,1.0,0.0,1.0,True,0.2576908286515882,S2,mean,0.0,True,0.0008514143878747884,CORAL,1.0710950225474327,0.003624532299401007,S2-mean-+1-0.5,23,0.2576908286515882,0.0,neutral
0.0,1.0,0.0,1.0,True,0.26446238336969086,S2,variance,0.0,True,0.0008486964132817115,CORAL,1.0710950225474327,0.003601428009586209,S2-variance-0.5,24,0.26446238336969086,0.0,neutral
0.0,1.0,0.0,1.0,True,0.2826068410520399,S2,relation,0.0,True,0.0014848438948927747,CORAL,1.0710950225474327,0.011023806961001728,S2-relation--1-1.0,25,0.2826068410520399,0.0,neutral
0.0,1.0,0.0,1.0,True,0.26290244406290286,S2,mean,0.0,True,0.0018055244944280933,CORAL,1.0710950225474327,0.01629959349989912,S2-mean--1-1.0,26,0.26290244406290286,0.0,neutral
0.0,1.0,0.0,1.0,True,0.23383841123303728,S2,relation,0.0,True,0.0011299544500850969,CORAL,1.0710950225474327,0.006383985296335569,S2-relation-+1-1.0,27,0.23383841123303728,0.0,neutral
0.0,1.0,0.0,1.0,True,0.26290244406290275,S2,mean,0.0,True,0.0018055244944280935,CORAL,1.0710950225474327,0.016299593499899127,S2-mean-+1-1.0,28,0.26290244406290275,0.0,neutral
0.0,1.0,0.0,1.0,True,0.27297114322489846,S2,variance,0.0,True,0.0016973928265634217,CORAL,1.0710950225474327,0.014405712038344811,S2-variance-1.0,29,0.27297114322489846,0.0,neutral
0.0,1.0,0.0,1.0,True,0.25595362351448325,U,emergent,0.0,True,0.0011311658928522476,CORAL,1.0710950225474327,0.006397681385761115,U-emergent-0.25,30,0.25595362351448325,0.0,neutral
0.0,1.0,0.0,1.0,True,0.25595362351448325,U,emergent,0.0,True,0.002262331785704495,CORAL,1.0710950225474327,0.02559072554304446,U-emergent-0.5,31,0.25595362351448325,0.0,neutral
0.0,1.0,0.0,1.0,True,0.25595362351448325,U,emergent,0.0,True,0.00452466357140899,CORAL,1.0710950225474327,0.10236290217217783,U-emergent-1.0,32,0.25595362351448325,0.0,neutral
0.0,1.0,0.0,1.0,True,0.2663086170760427,S1,relation,1e-05,True,0.00037194727154638734,CORAL,1.0710950225474327,0.0006917238640540102,S1-relation--1-0.25,0,0.2663086170760427,0.0,neutral
0.0,1.0,0.0,1.0,True,0.2571165249752755,S1,mean,1e-05,True,0.0006857678395037626,CORAL,1.0710950225474327,0.0023513876484882934,S1-mean--1-0.25,1,0.2571165249752755,0.0,neutral
0.0,1.0,0.0,1.0,True,0.2463580758048698,S1,relation,1e-05,True,0.0003485961517446659,CORAL,1.0710950225474327,0.000607596385055951,S1-relation-+1-0.25,2,0.2463580758048698,0.0,neutral
0.0,1.0,0.0,1.0,True,0.2571165249752756,S1,mean,1e-05,True,0.0006857678395037625,CORAL,1.0710950225474327,0.002351387648488293,S1-mean-+1-0.25,3,0.2571165249752756,0.0,neutral
0.0,1.0,0.0,1.0,True,0.26734531129367256,S1,variance,1e-05,True,0.0007007297367637506,CORAL,1.0710950225474327,0.002455110819924973,S1-variance-0.25,4,0.26734531129367256,0.0,neutral
0.0,1.0,0.0,1.0,True,0.27742305648954824,S1,relation,1e-05,True,0.0007704395141923185,CORAL,1.0710950225474327,0.0029678852251444803,S1-relation--1-0.5,5,0.27742305648954824,0.0,neutral
0.0,1.0,0.0,1.0,True,0.2606052293576522,S1,mean,1e-05,True,0.0013937408164216897,CORAL,1.0710950225474327,0.009712567316798997,S1-mean--1-0.5,6,0.2606052293576522,0.0,neutral
0.0,1.0,0.0,1.0,True,0.23752197394720187,S1,relation,1e-05,True,0.0006774755188433041,CORAL,1.0710950225474327,0.002294865393160023,S1-relation-+1-0.5,7,0.23752197394720187,0.0,neutral
0.0,1.0,0.0,1.0,True,0.2606052293576522,S1,mean,1e-05,True,0.0013937408164216899,CORAL,1.0710950225474327,0.009712567316799004,S1-mean-+1-0.5,8,0.2606052293576522,0.0,neutral
0.0,1.0,0.0,1.0,True,0.27873699907286187,S1,variance,1e-05,True,0.0014014594735275035,CORAL,1.0710950225474327,0.009820443279699921,S1-variance-0.5,9,0.27873699907286187,0.0,neutral
0.0,1.0,0.0,1.0,True,0.30193027287239715,S1,relation,1e-05,True,0.0016577899468547964,CORAL,1.0710950225474327,0.013741337539464145,S1-relation--1-1.0,10,0.30193027287239715,0.0,neutral
0.0,1.0,0.0,1.0,True,0.27456004688715907,S1,mean,1e-05,True,0.0029584636834928085,CORAL,1.0710950225474327,0.04376253683272921,S1-mean--1-1.0,11,0.27456004688715907,0.0,neutral
0.0,1.0,0.0,1.0,True,0.2221281077877042,S1,relation,1e-05,True,0.0012928401976724335,CORAL,1.0710950225474327,0.008357178883588494,S1-relation-+1-1.0,12,0.2221281077877042,0.0,neutral
0.0,1.0,0.0,1.0,True,0.2745600468871592,S1,mean,1e-05,True,0.0029584636834928102,CORAL,1.0710950225474327,0.043762536832729265,S1-mean-+1-1.0,13,0.2745600468871592,0.0,neutral
0.0,1.0,0.0,1.0,True,0.30152037463124026,S1,variance,1e-05,True,0.0028029189470550045,CORAL,1.0710950225474327,0.03928177311879963,S1-variance-1.0,14,0.30152037463124026,0.0,neutral
0.0,1.0,0.0,1.0,True,0.26219148990611196,S2,relation,1e-05,True,0.000336224973717615,CORAL,1.0710950225474327,0.0005652361647570547,S2-relation--1-0.25,15,0.26219148990611196,0.0,neutral
0.0,1.0,0.0,1.0,True,0.2563879247987595,S2,mean,1e-05,True,0.0004190430037900382,CORAL,1.0710950225474327,0.0008779851951268903,S2-mean--1-0.25,16,0.2563879247987595,0.0,neutral
0.0,1.0,0.0,1.0,True,0.24999938245136122,S2,relation,1e-05,True,0.0003139232234947405,CORAL,1.0710950225474327,0.0004927389512466441,S2-relation-+1-0.25,17,0.24999938245136122,0.0,neutral
0.0,1.0,0.0,1.0,True,0.2563879247987595,S2,mean,1e-05,True,0.0004190430037900382,CORAL,1.0710950225474327,0.000877985195126891,S2-mean-+1-0.25,18,0.2563879247987595,0.0,neutral
0.0,1.0,0.0,1.0,True,0.26020800344208705,S2,variance,1e-05,True,0.00042434820664085515,CORAL,1.0710950225474327,0.0009003570023965495,S2-variance-0.25,19,0.26020800344208705,0.0,neutral
0.0,1.0,0.0,1.0,True,0.2687129816262478,S2,relation,1e-05,True,0.0006954054710858954,CORAL,1.0710950225474327,0.00241794384608098,S2-relation--1-0.5,20,0.2687129816262478,0.0,neutral
0.0,1.0,0.0,1.0,True,0.2576908286515881,S2,mean,1e-05,True,0.0008514143878747884,CORAL,1.0710950225474327,0.0036245322994010055,S2-mean--1-0.5,21,0.2576908286515881,0.0,neutral
0.0,0.9999999999999999,0.0,1.0,True,0.24432876671674641,S2,relation,1e-05,True,0.0006062946706013031,CORAL,1.0710950225474327,0.0018379661379977136,S2-relation-+1-0.5,22,0.24432876671674641,0.0,neutral
0.0,1.0,0.0,1.0,True,0.2576908286515882,S2,mean,1e-05,True,0.0008514143878747884,CORAL,1.0710950225474327,0.003624532299401007,S2-mean-+1-0.5,23,0.2576908286515882,0.0,neutral
0.0,1.0,0.0,1.0,True,0.26446238336969086,S2,variance,1e-05,True,0.0008486964132817115,CORAL,1.0710950225474327,0.003601428009586209,S2-variance-0.5,24,0.26446238336969086,0.0,neutral
0.0,1.0,0.0,1.0,True,0.2826068410520399,S2,relation,1e-05,True,0.0014848438948927747,CORAL,1.0710950225474327,0.011023806961001728,S2-relation--1-1.0,25,0.2826068410520399,0.0,neutral
0.0,1.0,0.0,1.0,True,0.26290244406290286,S2,mean,1e-05,True,0.0018055244944280933,CORAL,1.0710950225474327,0.01629959349989912,S2-mean--1-1.0,26,0.26290244406290286,0.0,neutral
0.0,1.0,0.0,1.0,True,0.23383841123303728,S2,relation,1e-05,True,0.0011299544500850969,CORAL,1.0710950225474327,0.006383985296335569,S2-relation-+1-1.0,27,0.23383841123303728,0.0,neutral
0.0,1.0,0.0,1.0,True,0.26290244406290275,S2,mean,1e-05,True,0.0018055244944280935,CORAL,1.0710950225474327,0.016299593499899127,S2-mean-+1-1.0,28,0.26290244406290275,0.0,neutral
0.0,1.0,0.0,1.0,True,0.27297114322489846,S2,variance,1e-05,True,0.0016973928265634217,CORAL,1.0710950225474327,0.014405712038344811,S2-variance-1.0,29,0.27297114322489846,0.0,neutral
0.0,1.0,0.0,1.0,True,0.25595362351448325,U,emergent,1e-05,True,0.0011311658928522476,CORAL,1.0710950225474327,0.006397681385761115,U-emergent-0.25,30,0.25595362351448325,0.0,neutral
0.0,1.0,0.0,1.0,True,0.25595362351448325,U,emergent,1e-05,True,0.002262331785704495,CORAL,1.0710950225474327,0.02559072554304446,U-emergent-0.5,31,0.25595362351448325,0.0,neutral
0.0,1.0,0.0,1.0,True,0.25595362351448325,U,emergent,1e-05,True,0.00452466357140899,CORAL,1.0710950225474327,0.10236290217217783,U-emergent-1.0,32,0.25595362351448325,0.0,neutral
0.0,1.0,0.0,1.0,True,0.2663086170760427,S1,relation,0.0001,True,0.00037194727154638734,CORAL,1.0710950225474327,0.0006917238640540102,S1-relation--1-0.25,0,0.2663086170760427,0.0,neutral
0.0,1.0,0.0,1.0,True,0.2571165249752755,S1,mean,0.0001,True,0.0006857678395037626,CORAL,1.0710950225474327,0.0023513876484882934,S1-mean--1-0.25,1,0.2571165249752755,0.0,neutral
0.0,1.0,0.0,1.0,True,0.2463580758048698,S1,relation,0.0001,True,0.0003485961517446659,CORAL,1.0710950225474327,0.000607596385055951,S1-relation-+1-0.25,2,0.2463580758048698,0.0,neutral
0.0,1.0,0.0,1.0,True,0.2571165249752756,S1,mean,0.0001,True,0.0006857678395037625,CORAL,1.0710950225474327,0.002351387648488293,S1-mean-+1-0.25,3,0.2571165249752756,0.0,neutral
0.0,1.0,0.0,1.0,True,0.26734531129367256,S1,variance,0.0001,True,0.0007007297367637506,CORAL,1.0710950225474327,0.002455110819924973,S1-variance-0.25,4,0.26734531129367256,0.0,neutral
0.0,1.0,0.0,1.0,True,0.27742305648954824,S1,relation,0.0001,True,0.0007704395141923185,CORAL,1.0710950225474327,0.0029678852251444803,S1-relation--1-0.5,5,0.27742305648954824,0.0,neutral
0.0,1.0,0.0,1.0,True,0.2606052293576522,S1,mean,0.0001,True,0.0013937408164216897,CORAL,1.0710950225474327,0.009712567316798997,S1-mean--1-0.5,6,0.2606052293576522,0.0,neutral
0.0,1.0,0.0,1.0,True,0.23752197394720187,S1,relation,0.0001,True,0.0006774755188433041,CORAL,1.0710950225474327,0.002294865393160023,S1-relation-+1-0.5,7,0.23752197394720187,0.0,neutral
0.0,1.0,0.0,1.0,True,0.2606052293576522,S1,mean,0.0001,True,0.0013937408164216899,CORAL,1.0710950225474327,0.009712567316799004,S1-mean-+1-0.5,8,0.2606052293576522,0.0,neutral
0.0,1.0,0.0,1.0,True,0.27873699907286187,S1,variance,0.0001,True,0.0014014594735275035,CORAL,1.0710950225474327,0.009820443279699921,S1-variance-0.5,9,0.27873699907286187,0.0,neutral
0.0,1.0,0.0,1.0,True,0.30193027287239715,S1,relation,0.0001,True,0.0016577899468547964,CORAL,1.0710950225474327,0.013741337539464145,S1-relation--1-1.0,10,0.30193027287239715,0.0,neutral
0.0,1.0,0.0,1.0,True,0.27456004688715907,S1,mean,0.0001,True,0.0029584636834928085,CORAL,1.0710950225474327,0.04376253683272921,S1-mean--1-1.0,11,0.27456004688715907,0.0,neutral
0.0,1.0,0.0,1.0,True,0.2221281077877042,S1,relation,0.0001,True,0.0012928401976724335,CORAL,1.0710950225474327,0.008357178883588494,S1-relation-+1-1.0,12,0.2221281077877042,0.0,neutral
0.0,1.0,0.0,1.0,True,0.2745600468871592,S1,mean,0.0001,True,0.0029584636834928102,CORAL,1.0710950225474327,0.043762536832729265,S1-mean-+1-1.0,13,0.2745600468871592,0.0,neutral
0.0,1.0,0.0,1.0,True,0.30152037463124026,S1,variance,0.0001,True,0.0028029189470550045,CORAL,1.0710950225474327,0.03928177311879963,S1-variance-1.0,14,0.30152037463124026,0.0,neutral
0.0,1.0,0.0,1.0,True,0.26219148990611196,S2,relation,0.0001,True,0.000336224973717615,CORAL,1.0710950225474327,0.0005652361647570547,S2-relation--1-0.25,15,0.26219148990611196,0.0,neutral
0.0,1.0,0.0,1.0,True,0.2563879247987595,S2,mean,0.0001,True,0.0004190430037900382,CORAL,1.0710950225474327,0.0008779851951268903,S2-mean--1-0.25,16,0.2563879247987595,0.0,neutral
0.0,1.0,0.0,1.0,True,0.24999938245136122,S2,relation,0.0001,True,0.0003139232234947405,CORAL,1.0710950225474327,0.0004927389512466441,S2-relation-+1-0.25,17,0.24999938245136122,0.0,neutral
0.0,1.0,0.0,1.0,True,0.2563879247987595,S2,mean,0.0001,True,0.0004190430037900382,CORAL,1.0710950225474327,0.000877985195126891,S2-mean-+1-0.25,18,0.2563879247987595,0.0,neutral
0.0,1.0,0.0,1.0,True,0.26020800344208705,S2,variance,0.0001,True,0.00042434820664085515,CORAL,1.0710950225474327,0.0009003570023965495,S2-variance-0.25,19,0.26020800344208705,0.0,neutral
0.0,1.0,0.0,1.0,True,0.2687129816262478,S2,relation,0.0001,True,0.0006954054710858954,CORAL,1.0710950225474327,0.00241794384608098,S2-relation--1-0.5,20,0.2687129816262478,0.0,neutral
0.0,1.0,0.0,1.0,True,0.2576908286515881,S2,mean,0.0001,True,0.0008514143878747884,CORAL,1.0710950225474327,0.0036245322994010055,S2-mean--1-0.5,21,0.2576908286515881,0.0,neutral
0.0,0.9999999999999999,0.0,1.0,True,0.24432876671674641,S2,relation,0.0001,True,0.0006062946706013031,CORAL,1.0710950225474327,0.0018379661379977136,S2-relation-+1-0.5,22,0.24432876671674641,0.0,neutral
0.0,1.0,0.0,1.0,True,0.2576908286515882,S2,mean,0.0001,True,0.0008514143878747884,CORAL,1.0710950225474327,0.003624532299401007,S2-mean-+1-0.5,23,0.2576908286515882,0.0,neutral
0.0,1.0,0.0,1.0,True,0.26446238336969086,S2,variance,0.0001,True,0.0008486964132817115,CORAL,1.0710950225474327,0.003601428009586209,S2-variance-0.5,24,0.26446238336969086,0.0,neutral
0.0,1.0,0.0,1.0,True,0.2826068410520399,S2,relation,0.0001,True,0.0014848438948927747,CORAL,1.0710950225474327,0.011023806961001728,S2-relation--1-1.0,25,0.2826068410520399,0.0,neutral
0.0,1.0,0.0,1.0,True,0.26290244406290286,S2,mean,0.0001,True,0.0018055244944280933,CORAL,1.0710950225474327,0.01629959349989912,S2-mean--1-1.0,26,0.26290244406290286,0.0,neutral
0.0,1.0,0.0,1.0,True,0.23383841123303728,S2,relation,0.0001,True,0.0011299544500850969,CORAL,1.0710950225474327,0.006383985296335569,S2-relation-+1-1.0,27,0.23383841123303728,0.0,neutral
0.0,1.0,0.0,1.0,True,0.26290244406290275,S2,mean,0.0001,True,0.0018055244944280935,CORAL,1.0710950225474327,0.016299593499899127,S2-mean-+1-1.0,28,0.26290244406290275,0.0,neutral
0.0,1.0,0.0,1.0,True,0.27297114322489846,S2,variance,0.0001,True,0.0016973928265634217,CORAL,1.0710950225474327,0.014405712038344811,S2-variance-1.0,29,0.27297114322489846,0.0,neutral
0.0,1.0,0.0,1.0,True,0.25595362351448325,U,emergent,0.0001,True,0.0011311658928522476,CORAL,1.0710950225474327,0.006397681385761115,U-emergent-0.25,30,0.25595362351448325,0.0,neutral
0.0,1.0,0.0,1.0,True,0.25595362351448325,U,emergent,0.0001,True,0.002262331785704495,CORAL,1.0710950225474327,0.02559072554304446,U-emergent-0.5,31,0.25595362351448325,0.0,neutral
0.0,1.0,0.0,1.0,True,0.25595362351448325,U,emergent,0.0001,True,0.00452466357140899,CORAL,1.0710950225474327,0.10236290217217783,U-emergent-1.0,32,0.25595362351448325,0.0,neutral
0.0,1.0,0.0,1.0,True,0.2663086170760427,S1,relation,0.001,True,0.00037194727154638734,CORAL,1.0710950225474327,0.0006917238640540102,S1-relation--1-0.25,0,0.2663086170760427,0.0,neutral
0.0,1.0,0.0,1.0,True,0.2571165249752755,S1,mean,0.001,True,0.0006857678395037626,CORAL,1.0710950225474327,0.0023513876484882934,S1-mean--1-0.25,1,0.2571165249752755,0.0,neutral
0.0,1.0,0.0,1.0,True,0.2463580758048698,S1,relation,0.001,True,0.0003485961517446659,CORAL,1.0710950225474327,0.000607596385055951,S1-relation-+1-0.25,2,0.2463580758048698,0.0,neutral
0.0,1.0,0.0,1.0,True,0.2571165249752756,S1,mean,0.001,True,0.0006857678395037625,CORAL,1.0710950225474327,0.002351387648488293,S1-mean-+1-0.25,3,0.2571165249752756,0.0,neutral
0.0,1.0,0.0,1.0,True,0.26734531129367256,S1,variance,0.001,True,0.0007007297367637506,CORAL,1.0710950225474327,0.002455110819924973,S1-variance-0.25,4,0.26734531129367256,0.0,neutral
0.0,1.0,0.0,1.0,True,0.27742305648954824,S1,relation,0.001,True,0.0007704395141923185,CORAL,1.0710950225474327,0.0029678852251444803,S1-relation--1-0.5,5,0.27742305648954824,0.0,neutral
0.0,1.0,0.0,1.0,True,0.2606052293576522,S1,mean,0.001,True,0.0013937408164216897,CORAL,1.0710950225474327,0.009712567316798997,S1-mean--1-0.5,6,0.2606052293576522,0.0,neutral
0.0,1.0,0.0,1.0,True,0.23752197394720187,S1,relation,0.001,True,0.0006774755188433041,CORAL,1.0710950225474327,0.002294865393160023,S1-relation-+1-0.5,7,0.23752197394720187,0.0,neutral
0.0,1.0,0.0,1.0,True,0.2606052293576522,S1,mean,0.001,True,0.0013937408164216899,CORAL,1.0710950225474327,0.009712567316799004,S1-mean-+1-0.5,8,0.2606052293576522,0.0,neutral
0.0,1.0,0.0,1.0,True,0.27873699907286187,S1,variance,0.001,True,0.0014014594735275035,CORAL,1.0710950225474327,0.009820443279699921,S1-variance-0.5,9,0.27873699907286187,0.0,neutral
0.0,1.0,0.0,1.0,True,0.30193027287239715,S1,relation,0.001,True,0.0016577899468547964,CORAL,1.0710950225474327,0.013741337539464145,S1-relation--1-1.0,10,0.30193027287239715,0.0,neutral
0.0,1.0,0.0,1.0,True,0.27456004688715907,S1,mean,0.001,True,0.0029584636834928085,CORAL,1.0710950225474327,0.04376253683272921,S1-mean--1-1.0,11,0.27456004688715907,0.0,neutral
0.0,1.0,0.0,1.0,True,0.2221281077877042,S1,relation,0.001,True,0.0012928401976724335,CORAL,1.0710950225474327,0.008357178883588494,S1-relation-+1-1.0,12,0.2221281077877042,0.0,neutral
0.0,1.0,0.0,1.0,True,0.2745600468871592,S1,mean,0.001,True,0.0029584636834928102,CORAL,1.0710950225474327,0.043762536832729265,S1-mean-+1-1.0,13,0.2745600468871592,0.0,neutral
0.0,1.0,0.0,1.0,True,0.30152037463124026,S1,variance,0.001,True,0.0028029189470550045,CORAL,1.0710950225474327,0.03928177311879963,S1-variance-1.0,14,0.30152037463124026,0.0,neutral
0.0,1.0,0.0,1.0,True,0.26219148990611196,S2,relation,0.001,True,0.000336224973717615,CORAL,1.0710950225474327,0.0005652361647570547,S2-relation--1-0.25,15,0.26219148990611196,0.0,neutral
0.0,1.0,0.0,1.0,True,0.2563879247987595,S2,mean,0.001,True,0.0004190430037900382,CORAL,1.0710950225474327,0.0008779851951268903,S2-mean--1-0.25,16,0.2563879247987595,0.0,neutral
0.0,1.0,0.0,1.0,True,0.24999938245136122,S2,relation,0.001,True,0.0003139232234947405,CORAL,1.0710950225474327,0.0004927389512466441,S2-relation-+1-0.25,17,0.24999938245136122,0.0,neutral
0.0,1.0,0.0,1.0,True,0.2563879247987595,S2,mean,0.001,True,0.0004190430037900382,CORAL,1.0710950225474327,0.000877985195126891,S2-mean-+1-0.25,18,0.2563879247987595,0.0,neutral
0.0,1.0,0.0,1.0,True,0.26020800344208705,S2,variance,0.001,True,0.00042434820664085515,CORAL,1.0710950225474327,0.0009003570023965495,S2-variance-0.25,19,0.26020800344208705,0.0,neutral
0.0,1.0,0.0,1.0,True,0.2687129816262478,S2,relation,0.001,True,0.0006954054710858954,CORAL,1.0710950225474327,0.00241794384608098,S2-relation--1-0.5,20,0.2687129816262478,0.0,neutral
0.0,1.0,0.0,1.0,True,0.2576908286515881,S2,mean,0.001,True,0.0008514143878747884,CORAL,1.0710950225474327,0.0036245322994010055,S2-mean--1-0.5,21,0.2576908286515881,0.0,neutral
0.0,0.9999999999999999,0.0,1.0,True,0.24432876671674641,S2,relation,0.001,True,0.0006062946706013031,CORAL,1.0710950225474327,0.0018379661379977136,S2-relation-+1-0.5,22,0.24432876671674641,0.0,neutral
0.0,1.0,0.0,1.0,True,0.2576908286515882,S2,mean,0.001,True,0.0008514143878747884,CORAL,1.0710950225474327,0.003624532299401007,S2-mean-+1-0.5,23,0.2576908286515882,0.0,neutral
0.0,1.0,0.0,1.0,True,0.26446238336969086,S2,variance,0.001,True,0.0008486964132817115,CORAL,1.0710950225474327,0.003601428009586209,S2-variance-0.5,24,0.26446238336969086,0.0,neutral
0.0,1.0,0.0,1.0,True,0.2826068410520399,S2,relation,0.001,True,0.0014848438948927747,CORAL,1.0710950225474327,0.011023806961001728,S2-relation--1-1.0,25,0.2826068410520399,0.0,neutral
0.0,1.0,0.0,1.0,True,0.26290244406290286,S2,mean,0.001,True,0.0018055244944280933,CORAL,1.0710950225474327,0.01629959349989912,S2-mean--1-1.0,26,0.26290244406290286,0.0,neutral
0.0,1.0,0.0,1.0,True,0.23383841123303728,S2,relation,0.001,True,0.0011299544500850969,CORAL,1.0710950225474327,0.006383985296335569,S2-relation-+1-1.0,27,0.23383841123303728,0.0,neutral
0.0,1.0,0.0,1.0,True,0.26290244406290275,S2,mean,0.001,True,0.0018055244944280935,CORAL,1.0710950225474327,0.016299593499899127,S2-mean-+1-1.0,28,0.26290244406290275,0.0,neutral
0.0,1.0,0.0,1.0,True,0.27297114322489846,S2,variance,0.001,True,0.0016973928265634217,CORAL,1.0710950225474327,0.014405712038344811,S2-variance-1.0,29,0.27297114322489846,0.0,neutral
0.0,1.0,0.0,1.0,True,0.25595362351448325,U,emergent,0.001,True,0.0011311658928522476,CORAL,1.0710950225474327,0.006397681385761115,U-emergent-0.25,30,0.25595362351448325,0.0,neutral
0.0,1.0,0.0,1.0,True,0.25595362351448325,U,emergent,0.001,True,0.002262331785704495,CORAL,1.0710950225474327,0.02559072554304446,U-emergent-0.5,31,0.25595362351448325,0.0,neutral
0.0,1.0,0.0,1.0,True,0.25595362351448325,U,emergent,0.001,True,0.00452466357140899,CORAL,1.0710950225474327,0.10236290217217783,U-emergent-1.0,32,0.25595362351448325,0.0,neutral
0.0,1.0,0.0,1.0,True,0.2663086170760427,S1,relation,0.01,True,0.00037194727154638734,CORAL,1.0710950225474327,0.0006917238640540102,S1-relation--1-0.25,0,0.2663086170760427,0.0,neutral
0.0,1.0,0.0,1.0,True,0.2571165249752755,S1,mean,0.01,True,0.0006857678395037626,CORAL,1.0710950225474327,0.0023513876484882934,S1-mean--1-0.25,1,0.2571165249752755,0.0,neutral
0.0,1.0,0.0,1.0,True,0.2463580758048698,S1,relation,0.01,True,0.0003485961517446659,CORAL,1.0710950225474327,0.000607596385055951,S1-relation-+1-0.25,2,0.2463580758048698,0.0,neutral
0.0,1.0,0.0,1.0,True,0.2571165249752756,S1,mean,0.01,True,0.0006857678395037625,CORAL,1.0710950225474327,0.002351387648488293,S1-mean-+1-0.25,3,0.2571165249752756,0.0,neutral
0.0,1.0,0.0,1.0,True,0.26734531129367256,S1,variance,0.01,True,0.0007007297367637506,CORAL,1.0710950225474327,0.002455110819924973,S1-variance-0.25,4,0.26734531129367256,0.0,neutral
0.0,1.0,0.0,1.0,True,0.27742305648954824,S1,relation,0.01,True,0.0007704395141923185,CORAL,1.0710950225474327,0.0029678852251444803,S1-relation--1-0.5,5,0.27742305648954824,0.0,neutral
0.0,1.0,0.0,1.0,True,0.2606052293576522,S1,mean,0.01,True,0.0013937408164216897,CORAL,1.0710950225474327,0.009712567316798997,S1-mean--1-0.5,6,0.2606052293576522,0.0,neutral
0.0,1.0,0.0,1.0,True,0.23752197394720187,S1,relation,0.01,True,0.0006774755188433041,CORAL,1.0710950225474327,0.002294865393160023,S1-relation-+1-0.5,7,0.23752197394720187,0.0,neutral
0.0,1.0,0.0,1.0,True,0.2606052293576522,S1,mean,0.01,True,0.0013937408164216899,CORAL,1.0710950225474327,0.009712567316799004,S1-mean-+1-0.5,8,0.2606052293576522,0.0,neutral
0.0,1.0,0.0,1.0,True,0.27873699907286187,S1,variance,0.01,True,0.0014014594735275035,CORAL,1.0710950225474327,0.009820443279699921,S1-variance-0.5,9,0.27873699907286187,0.0,neutral
0.0,1.0,0.0,1.0,True,0.30193027287239715,S1,relation,0.01,True,0.0016577899468547964,CORAL,1.0710950225474327,0.013741337539464145,S1-relation--1-1.0,10,0.30193027287239715,0.0,neutral
0.0,1.0,0.0,1.0,True,0.27456004688715907,S1,mean,0.01,True,0.0029584636834928085,CORAL,1.0710950225474327,0.04376253683272921,S1-mean--1-1.0,11,0.27456004688715907,0.0,neutral
0.0,1.0,0.0,1.0,True,0.2221281077877042,S1,relation,0.01,True,0.0012928401976724335,CORAL,1.0710950225474327,0.008357178883588494,S1-relation-+1-1.0,12,0.2221281077877042,0.0,neutral
0.0,1.0,0.0,1.0,True,0.2745600468871592,S1,mean,0.01,True,0.0029584636834928102,CORAL,1.0710950225474327,0.043762536832729265,S1-mean-+1-1.0,13,0.2745600468871592,0.0,neutral
0.0,1.0,0.0,1.0,True,0.30152037463124026,S1,variance,0.01,True,0.0028029189470550045,CORAL,1.0710950225474327,0.03928177311879963,S1-variance-1.0,14,0.30152037463124026,0.0,neutral
0.0,1.0,0.0,1.0,True,0.26219148990611196,S2,relation,0.01,True,0.000336224973717615,CORAL,1.0710950225474327,0.0005652361647570547,S2-relation--1-0.25,15,0.26219148990611196,0.0,neutral
0.0,1.0,0.0,1.0,True,0.2563879247987595,S2,mean,0.01,True,0.0004190430037900382,CORAL,1.0710950225474327,0.0008779851951268903,S2-mean--1-0.25,16,0.2563879247987595,0.0,neutral
0.0,1.0,0.0,1.0,True,0.24999938245136122,S2,relation,0.01,True,0.0003139232234947405,CORAL,1.0710950225474327,0.0004927389512466441,S2-relation-+1-0.25,17,0.24999938245136122,0.0,neutral
0.0,1.0,0.0,1.0,True,0.2563879247987595,S2,mean,0.01,True,0.0004190430037900382,CORAL,1.0710950225474327,0.000877985195126891,S2-mean-+1-0.25,18,0.2563879247987595,0.0,neutral
0.0,1.0,0.0,1.0,True,0.26020800344208705,S2,variance,0.01,True,0.00042434820664085515,CORAL,1.0710950225474327,0.0009003570023965495,S2-variance-0.25,19,0.26020800344208705,0.0,neutral
0.0,1.0,0.0,1.0,True,0.2687129816262478,S2,relation,0.01,True,0.0006954054710858954,CORAL,1.0710950225474327,0.00241794384608098,S2-relation--1-0.5,20,0.2687129816262478,0.0,neutral
0.0,1.0,0.0,1.0,True,0.2576908286515881,S2,mean,0.01,True,0.0008514143878747884,CORAL,1.0710950225474327,0.0036245322994010055,S2-mean--1-0.5,21,0.2576908286515881,0.0,neutral
0.0,0.9999999999999999,0.0,1.0,True,0.24432876671674641,S2,relation,0.01,True,0.0006062946706013031,CORAL,1.0710950225474327,0.0018379661379977136,S2-relation-+1-0.5,22,0.24432876671674641,0.0,neutral
0.0,1.0,0.0,1.0,True,0.2576908286515882,S2,mean,0.01,True,0.0008514143878747884,CORAL,1.0710950225474327,0.003624532299401007,S2-mean-+1-0.5,23,0.2576908286515882,0.0,neutral
0.0,1.0,0.0,1.0,True,0.26446238336969086,S2,variance,0.01,True,0.0008486964132817115,CORAL,1.0710950225474327,0.003601428009586209,S2-variance-0.5,24,0.26446238336969086,0.0,neutral
0.0,1.0,0.0,1.0,True,0.2826068410520399,S2,relation,0.01,True,0.0014848438948927747,CORAL,1.0710950225474327,0.011023806961001728,S2-relation--1-1.0,25,0.2826068410520399,0.0,neutral
0.0,1.0,0.0,1.0,True,0.26290244406290286,S2,mean,0.01,True,0.0018055244944280933,CORAL,1.0710950225474327,0.01629959349989912,S2-mean--1-1.0,26,0.26290244406290286,0.0,neutral
0.0,1.0,0.0,1.0,True,0.23383841123303728,S2,relation,0.01,True,0.0011299544500850969,CORAL,1.0710950225474327,0.006383985296335569,S2-relation-+1-1.0,27,0.23383841123303728,0.0,neutral
0.0,1.0,0.0,1.0,True,0.26290244406290275,S2,mean,0.01,True,0.0018055244944280935,CORAL,1.0710950225474327,0.016299593499899127,S2-mean-+1-1.0,28,0.26290244406290275,0.0,neutral
0.0,1.0,0.0,1.0,True,0.27297114322489846,S2,variance,0.01,True,0.0016973928265634217,CORAL,1.0710950225474327,0.014405712038344811,S2-variance-1.0,29,0.27297114322489846,0.0,neutral
0.0,1.0,0.0,1.0,True,0.25595362351448325,U,emergent,0.01,True,0.0011311658928522476,CORAL,1.0710950225474327,0.006397681385761115,U-emergent-0.25,30,0.25595362351448325,0.0,neutral
0.0,1.0,0.0,1.0,True,0.25595362351448325,U,emergent,0.01,True,0.002262331785704495,CORAL,1.0710950225474327,0.02559072554304446,U-emergent-0.5,31,0.25595362351448325,0.0,neutral
0.0,1.0,0.0,1.0,True,0.25595362351448325,U,emergent,0.01,True,0.00452466357140899,CORAL,1.0710950225474327,0.10236290217217783,U-emergent-1.0,32,0.25595362351448325,0.0,neutral
0.0,1.0,0.0,1.0,True,0.2663086170760427,S1,relation,0.1,True,0.00037194727154638734,CORAL,1.0710950225474327,0.0006917238640540102,S1-relation--1-0.25,0,0.2663086170760427,0.0,neutral
0.0,1.0,0.0,1.0,True,0.2571165249752755,S1,mean,0.1,True,0.0006857678395037626,CORAL,1.0710950225474327,0.0023513876484882934,S1-mean--1-0.25,1,0.2571165249752755,0.0,neutral
0.0,1.0,0.0,1.0,True,0.2463580758048698,S1,relation,0.1,True,0.0003485961517446659,CORAL,1.0710950225474327,0.000607596385055951,S1-relation-+1-0.25,2,0.2463580758048698,0.0,neutral
0.0,1.0,0.0,1.0,True,0.2571165249752756,S1,mean,0.1,True,0.0006857678395037625,CORAL,1.0710950225474327,0.002351387648488293,S1-mean-+1-0.25,3,0.2571165249752756,0.0,neutral
0.0,1.0,0.0,1.0,True,0.26734531129367256,S1,variance,0.1,True,0.0007007297367637506,CORAL,1.0710950225474327,0.002455110819924973,S1-variance-0.25,4,0.26734531129367256,0.0,neutral
0.0,1.0,0.0,1.0,True,0.27742305648954824,S1,relation,0.1,True,0.0007704395141923185,CORAL,1.0710950225474327,0.0029678852251444803,S1-relation--1-0.5,5,0.27742305648954824,0.0,neutral
0.0,1.0,0.0,1.0,True,0.2606052293576522,S1,mean,0.1,True,0.0013937408164216897,CORAL,1.0710950225474327,0.009712567316798997,S1-mean--1-0.5,6,0.2606052293576522,0.0,neutral
0.0,1.0,0.0,1.0,True,0.23752197394720187,S1,relation,0.1,True,0.0006774755188433041,CORAL,1.0710950225474327,0.002294865393160023,S1-relation-+1-0.5,7,0.23752197394720187,0.0,neutral
0.0,1.0,0.0,1.0,True,0.2606052293576522,S1,mean,0.1,True,0.0013937408164216899,CORAL,1.0710950225474327,0.009712567316799004,S1-mean-+1-0.5,8,0.2606052293576522,0.0,neutral
0.0,1.0,0.0,1.0,True,0.27873699907286187,S1,variance,0.1,True,0.0014014594735275035,CORAL,1.0710950225474327,0.009820443279699921,S1-variance-0.5,9,0.27873699907286187,0.0,neutral
0.0,1.0,0.0,1.0,True,0.30193027287239715,S1,relation,0.1,True,0.0016577899468547964,CORAL,1.0710950225474327,0.013741337539464145,S1-relation--1-1.0,10,0.30193027287239715,0.0,neutral
0.0,1.0,0.0,1.0,True,0.27456004688715907,S1,mean,0.1,True,0.0029584636834928085,CORAL,1.0710950225474327,0.04376253683272921,S1-mean--1-1.0,11,0.27456004688715907,0.0,neutral
0.0,1.0,0.0,1.0,True,0.2221281077877042,S1,relation,0.1,True,0.0012928401976724335,CORAL,1.0710950225474327,0.008357178883588494,S1-relation-+1-1.0,12,0.2221281077877042,0.0,neutral
0.0,1.0,0.0,1.0,True,0.2745600468871592,S1,mean,0.1,True,0.0029584636834928102,CORAL,1.0710950225474327,0.043762536832729265,S1-mean-+1-1.0,13,0.2745600468871592,0.0,neutral
0.0,1.0,0.0,1.0,True,0.30152037463124026,S1,variance,0.1,True,0.0028029189470550045,CORAL,1.0710950225474327,0.03928177311879963,S1-variance-1.0,14,0.30152037463124026,0.0,neutral
0.0,1.0,0.0,1.0,True,0.26219148990611196,S2,relation,0.1,True,0.000336224973717615,CORAL,1.0710950225474327,0.0005652361647570547,S2-relation--1-0.25,15,0.26219148990611196,0.0,neutral
0.0,1.0,0.0,1.0,True,0.2563879247987595,S2,mean,0.1,True,0.0004190430037900382,CORAL,1.0710950225474327,0.0008779851951268903,S2-mean--1-0.25,16,0.2563879247987595,0.0,neutral
0.0,1.0,0.0,1.0,True,0.24999938245136122,S2,relation,0.1,True,0.0003139232234947405,CORAL,1.0710950225474327,0.0004927389512466441,S2-relation-+1-0.25,17,0.24999938245136122,0.0,neutral
0.0,1.0,0.0,1.0,True,0.2563879247987595,S2,mean,0.1,True,0.0004190430037900382,CORAL,1.0710950225474327,0.000877985195126891,S2-mean-+1-0.25,18,0.2563879247987595,0.0,neutral
0.0,1.0,0.0,1.0,True,0.26020800344208705,S2,variance,0.1,True,0.00042434820664085515,CORAL,1.0710950225474327,0.0009003570023965495,S2-variance-0.25,19,0.26020800344208705,0.0,neutral
0.0,1.0,0.0,1.0,True,0.2687129816262478,S2,relation,0.1,True,0.0006954054710858954,CORAL,1.0710950225474327,0.00241794384608098,S2-relation--1-0.5,20,0.2687129816262478,0.0,neutral
0.0,1.0,0.0,1.0,True,0.2576908286515881,S2,mean,0.1,True,0.0008514143878747884,CORAL,1.0710950225474327,0.0036245322994010055,S2-mean--1-0.5,21,0.2576908286515881,0.0,neutral
0.0,0.9999999999999999,0.0,1.0,True,0.24432876671674641,S2,relation,0.1,True,0.0006062946706013031,CORAL,1.0710950225474327,0.0018379661379977136,S2-relation-+1-0.5,22,0.24432876671674641,0.0,neutral
0.0,1.0,0.0,1.0,True,0.2576908286515882,S2,mean,0.1,True,0.0008514143878747884,CORAL,1.0710950225474327,0.003624532299401007,S2-mean-+1-0.5,23,0.2576908286515882,0.0,neutral
0.0,1.0,0.0,1.0,True,0.26446238336969086,S2,variance,0.1,True,0.0008486964132817115,CORAL,1.0710950225474327,0.003601428009586209,S2-variance-0.5,24,0.26446238336969086,0.0,neutral
0.0,1.0,0.0,1.0,True,0.2826068410520399,S2,relation,0.1,True,0.0014848438948927747,CORAL,1.0710950225474327,0.011023806961001728,S2-relation--1-1.0,25,0.2826068410520399,0.0,neutral
0.0,1.0,0.0,1.0,True,0.26290244406290286,S2,mean,0.1,True,0.0018055244944280933,CORAL,1.0710950225474327,0.01629959349989912,S2-mean--1-1.0,26,0.26290244406290286,0.0,neutral
0.0,1.0,0.0,1.0,True,0.23383841123303728,S2,relation,0.1,True,0.0011299544500850969,CORAL,1.0710950225474327,0.006383985296335569,S2-relation-+1-1.0,27,0.23383841123303728,0.0,neutral
0.0,1.0,0.0,1.0,True,0.26290244406290275,S2,mean,0.1,True,0.0018055244944280935,CORAL,1.0710950225474327,0.016299593499899127,S2-mean-+1-1.0,28,0.26290244406290275,0.0,neutral
0.0,1.0,0.0,1.0,True,0.27297114322489846,S2,variance,0.1,True,0.0016973928265634217,CORAL,1.0710950225474327,0.014405712038344811,S2-variance-1.0,29,0.27297114322489846,0.0,neutral
0.0,1.0,0.0,1.0,True,0.25595362351448325,U,emergent,0.1,True,0.0011311658928522476,CORAL,1.0710950225474327,0.006397681385761115,U-emergent-0.25,30,0.25595362351448325,0.0,neutral
0.0,1.0,0.0,1.0,True,0.25595362351448325,U,emergent,0.1,True,0.002262331785704495,CORAL,1.0710950225474327,0.02559072554304446,U-emergent-0.5,31,0.25595362351448325,0.0,neutral
0.0,1.0,0.0,1.0,True,0.25595362351448325,U,emergent,0.1,True,0.00452466357140899,CORAL,1.0710950225474327,0.10236290217217783,U-emergent-1.0,32,0.25595362351448325,0.0,neutral
0.0,1.0,0.0,1.0,True,0.2663086170760427,S1,relation,1.0,True,0.00037194727154638734,CORAL,1.0710950225474327,0.0006917238640540102,S1-relation--1-0.25,0,0.2663086170760427,0.0,neutral
0.0,1.0,0.0,1.0,True,0.2571165249752755,S1,mean,1.0,True,0.0006857678395037626,CORAL,1.0710950225474327,0.0023513876484882934,S1-mean--1-0.25,1,0.2571165249752755,0.0,neutral
0.0,1.0,0.0,1.0,True,0.2463580758048698,S1,relation,1.0,True,0.0003485961517446659,CORAL,1.0710950225474327,0.000607596385055951,S1-relation-+1-0.25,2,0.2463580758048698,0.0,neutral
0.0,1.0,0.0,1.0,True,0.2571165249752756,S1,mean,1.0,True,0.0006857678395037625,CORAL,1.0710950225474327,0.002351387648488293,S1-mean-+1-0.25,3,0.2571165249752756,0.0,neutral
0.0,1.0,0.0,1.0,True,0.26734531129367256,S1,variance,1.0,True,0.0007007297367637506,CORAL,1.0710950225474327,0.002455110819924973,S1-variance-0.25,4,0.26734531129367256,0.0,neutral
0.0,1.0,0.0,1.0,True,0.27742305648954824,S1,relation,1.0,True,0.0007704395141923185,CORAL,1.0710950225474327,0.0029678852251444803,S1-relation--1-0.5,5,0.27742305648954824,0.0,neutral
0.0,1.0,0.0,1.0,True,0.2606052293576522,S1,mean,1.0,True,0.0013937408164216897,CORAL,1.0710950225474327,0.009712567316798997,S1-mean--1-0.5,6,0.2606052293576522,0.0,neutral
0.0,1.0,0.0,1.0,True,0.23752197394720187,S1,relation,1.0,True,0.0006774755188433041,CORAL,1.0710950225474327,0.002294865393160023,S1-relation-+1-0.5,7,0.23752197394720187,0.0,neutral
0.0,1.0,0.0,1.0,True,0.2606052293576522,S1,mean,1.0,True,0.0013937408164216899,CORAL,1.0710950225474327,0.009712567316799004,S1-mean-+1-0.5,8,0.2606052293576522,0.0,neutral
0.0,1.0,0.0,1.0,True,0.27873699907286187,S1,variance,1.0,True,0.0014014594735275035,CORAL,1.0710950225474327,0.009820443279699921,S1-variance-0.5,9,0.27873699907286187,0.0,neutral
0.0,1.0,0.0,1.0,True,0.30193027287239715,S1,relation,1.0,True,0.0016577899468547964,CORAL,1.0710950225474327,0.013741337539464145,S1-relation--1-1.0,10,0.30193027287239715,0.0,neutral
0.0,1.0,0.0,1.0,True,0.27456004688715907,S1,mean,1.0,True,0.0029584636834928085,CORAL,1.0710950225474327,0.04376253683272921,S1-mean--1-1.0,11,0.27456004688715907,0.0,neutral
0.0,1.0,0.0,1.0,True,0.2221281077877042,S1,relation,1.0,True,0.0012928401976724335,CORAL,1.0710950225474327,0.008357178883588494,S1-relation-+1-1.0,12,0.2221281077877042,0.0,neutral
0.0,1.0,0.0,1.0,True,0.2745600468871592,S1,mean,1.0,True,0.0029584636834928102,CORAL,1.0710950225474327,0.043762536832729265,S1-mean-+1-1.0,13,0.2745600468871592,0.0,neutral
0.0,1.0,0.0,1.0,True,0.30152037463124026,S1,variance,1.0,True,0.0028029189470550045,CORAL,1.0710950225474327,0.03928177311879963,S1-variance-1.0,14,0.30152037463124026,0.0,neutral
0.0,1.0,0.0,1.0,True,0.26219148990611196,S2,relation,1.0,True,0.000336224973717615,CORAL,1.0710950225474327,0.0005652361647570547,S2-relation--1-0.25,15,0.26219148990611196,0.0,neutral
0.0,1.0,0.0,1.0,True,0.2563879247987595,S2,mean,1.0,True,0.0004190430037900382,CORAL,1.0710950225474327,0.0008779851951268903,S2-mean--1-0.25,16,0.2563879247987595,0.0,neutral
0.0,1.0,0.0,1.0,True,0.24999938245136122,S2,relation,1.0,True,0.0003139232234947405,CORAL,1.0710950225474327,0.0004927389512466441,S2-relation-+1-0.25,17,0.24999938245136122,0.0,neutral
0.0,1.0,0.0,1.0,True,0.2563879247987595,S2,mean,1.0,True,0.0004190430037900382,CORAL,1.0710950225474327,0.000877985195126891,S2-mean-+1-0.25,18,0.2563879247987595,0.0,neutral
0.0,1.0,0.0,1.0,True,0.26020800344208705,S2,variance,1.0,True,0.00042434820664085515,CORAL,1.0710950225474327,0.0009003570023965495,S2-variance-0.25,19,0.26020800344208705,0.0,neutral
0.0,1.0,0.0,1.0,True,0.2687129816262478,S2,relation,1.0,True,0.0006954054710858954,CORAL,1.0710950225474327,0.00241794384608098,S2-relation--1-0.5,20,0.2687129816262478,0.0,neutral
0.0,1.0,0.0,1.0,True,0.2576908286515881,S2,mean,1.0,True,0.0008514143878747884,CORAL,1.0710950225474327,0.0036245322994010055,S2-mean--1-0.5,21,0.2576908286515881,0.0,neutral
0.0,0.9999999999999999,0.0,1.0,True,0.24432876671674641,S2,relation,1.0,True,0.0006062946706013031,CORAL,1.0710950225474327,0.0018379661379977136,S2-relation-+1-0.5,22,0.24432876671674641,0.0,neutral
0.0,1.0,0.0,1.0,True,0.2576908286515882,S2,mean,1.0,True,0.0008514143878747884,CORAL,1.0710950225474327,0.003624532299401007,S2-mean-+1-0.5,23,0.2576908286515882,0.0,neutral
0.0,1.0,0.0,1.0,True,0.26446238336969086,S2,variance,1.0,True,0.0008486964132817115,CORAL,1.0710950225474327,0.003601428009586209,S2-variance-0.5,24,0.26446238336969086,0.0,neutral
0.0,1.0,0.0,1.0,True,0.2826068410520399,S2,relation,1.0,True,0.0014848438948927747,CORAL,1.0710950225474327,0.011023806961001728,S2-relation--1-1.0,25,0.2826068410520399,0.0,neutral
0.0,1.0,0.0,1.0,True,0.26290244406290286,S2,mean,1.0,True,0.0018055244944280933,CORAL,1.0710950225474327,0.01629959349989912,S2-mean--1-1.0,26,0.26290244406290286,0.0,neutral
0.0,1.0,0.0,1.0,True,0.23383841123303728,S2,relation,1.0,True,0.0011299544500850969,CORAL,1.0710950225474327,0.006383985296335569,S2-relation-+1-1.0,27,0.23383841123303728,0.0,neutral
0.0,1.0,0.0,1.0,True,0.26290244406290275,S2,mean,1.0,True,0.0018055244944280935,CORAL,1.0710950225474327,0.016299593499899127,S2-mean-+1-1.0,28,0.26290244406290275,0.0,neutral
0.0,1.0,0.0,1.0,True,0.27297114322489846,S2,variance,1.0,True,0.0016973928265634217,CORAL,1.0710950225474327,0.014405712038344811,S2-variance-1.0,29,0.27297114322489846,0.0,neutral
0.0,1.0,0.0,1.0,True,0.25595362351448325,U,emergent,1.0,True,0.0011311658928522476,CORAL,1.0710950225474327,0.006397681385761115,U-emergent-0.25,30,0.25595362351448325,0.0,neutral
0.0,1.0,0.0,1.0,True,0.25595362351448325,U,emergent,1.0,True,0.002262331785704495,CORAL,1.0710950225474327,0.02559072554304446,U-emergent-0.5,31,0.25595362351448325,0.0,neutral
0.0,1.0,0.0,1.0,True,0.25595362351448325,U,emergent,1.0,True,0.00452466357140899,CORAL,1.0710950225474327,0.10236290217217783,U-emergent-1.0,32,0.25595362351448325,0.0,neutral
0.0,1.6120897643007807e-30,0.9655542471919096,1.0,True,0.2663086170760427,S1,relation,0.0,True,0.00037194727154638734,IRMV1,1.0710950225474327,0.0006917238640540102,S1-relation--1-0.25,0,0.2663086170760427,0.0,neutral
0.0,0.9891193070949961,0.004707872975857558,1.0,True,0.2571165249752755,S1,mean,0.0,True,0.0006857678395037626,IRMV1,1.0710950225474327,0.0023513876484882934,S1-mean--1-0.25,1,0.2571165249752755,0.0,neutral
0.0,1.3509378103040718e-30,1.2902186760300827,1.0,True,0.2463580758048698,S1,relation,0.0,True,0.0003485961517446659,IRMV1,1.0710950225474327,0.000607596385055951,S1-relation-+1-0.25,2,0.2463580758048698,0.0,neutral
0.0,0.9891193070949967,0.004707872975857506,1.0,True,0.2571165249752756,S1,mean,0.0,True,0.0006857678395037625,IRMV1,1.0710950225474327,0.002351387648488293,S1-mean-+1-0.25,3,0.2571165249752756,0.0,neutral
0.0,2.100667474336656e-30,0.43268135742464636,1.0,True,0.26734531129367256,S1,variance,0.0,True,0.0007007297367637506,IRMV1,1.0710950225474327,0.002455110819924973,S1-variance-0.25,4,0.26734531129367256,0.0,neutral
0.0,1.7357589906687993e-30,0.8267438388769845,1.0,True,0.27742305648954824,S1,relation,0.0,True,0.0007704395141923185,IRMV1,1.0710950225474327,0.0029678852251444803,S1-relation--1-0.5,5,0.27742305648954824,0.0,neutral
0.0,0.9578529942589865,0.018236223655405708,1.0,True,0.2606052293576522,S1,mean,0.0,True,0.0013937408164216897,IRMV1,1.0710950225474327,0.009712567316798997,S1-mean--1-0.5,6,0.2606052293576522,0.0,neutral
0.0,1.2198402900518295e-30,1.4737087167691745,1.0,True,0.23752197394720187,S1,relation,0.0,True,0.0006774755188433041,IRMV1,1.0710950225474327,0.002294865393160023,S1-relation-+1-0.5,7,0.23752197394720187,0.0,neutral
0.0,0.9578529942589871,0.018236223655405916,1.0,True,0.2606052293576522,S1,mean,0.0,True,0.0013937408164216899,IRMV1,1.0710950225474327,0.009712567316799004,S1-mean-+1-0.5,8,0.2606052293576522,0.0,neutral
0.0,2.106221120226652e-30,0.4326813574246465,1.0,True,0.27873699907286187,S1,variance,0.0,True,0.0014014594735275035,IRMV1,1.0710950225474327,0.009820443279699921,S1-variance-0.5,9,0.27873699907286187,0.0,neutral
0.0,1.9273159838268845e-30,0.5956318687486916,1.0,True,0.30193027287239715,S1,relation,0.0,True,0.0016577899468547964,IRMV1,1.0710950225474327,0.013741337539464145,S1-relation--1-1.0,10,0.30193027287239715,0.0,neutral
0.0,0.8503356852366183,0.06475695886984897,1.0,True,0.27456004688715907,S1,mean,0.0,True,0.0029584636834928085,IRMV1,1.0710950225474327,0.04376253683272921,S1-mean--1-1.0,11,0.27456004688715907,0.0,neutral
0.0,8.968311596373925e-31,1.867979284616106,1.0,True,0.2221281077877042,S1,relation,0.0,True,0.0012928401976724335,IRMV1,1.0710950225474327,0.008357178883588494,S1-relation-+1-1.0,12,0.2221281077877042,0.0,neutral
0.0,0.8503356852366198,0.06475695886984928,1.0,True,0.2745600468871592,S1,mean,0.0,True,0.0029584636834928102,IRMV1,1.0710950225474327,0.043762536832729265,S1-mean-+1-1.0,13,0.2745600468871592,0.0,neutral
0.0,2.076949175785209e-30,0.4326813574246466,1.0,True,0.30152037463124026,S1,variance,0.0,True,0.0028029189470550045,IRMV1,1.0710950225474327,0.03928177311879963,S1-variance-1.0,14,0.30152037463124026,0.0,neutral
0.0,4.891860710841424e-30,0.45902343615116686,1.0,True,0.26219148990611196,S2,relation,0.0,True,0.000336224973717615,IRMV1,1.0710950225474327,0.0005652361647570547,S2-relation--1-0.25,15,0.26219148990611196,0.0,neutral
0.0,0.9893134569619969,0.0017757568527043664,1.0,True,0.2563879247987595,S2,mean,0.0,True,0.0004190430037900382,IRMV1,1.0710950225474327,0.0008779851951268903,S2-mean--1-0.25,16,0.2563879247987595,0.0,neutral
0.0,4.6606682457927444e-30,0.5798343639366993,1.0,True,0.24999938245136122,S2,relation,0.0,True,0.0003139232234947405,IRMV1,1.0710950225474327,0.0004927389512466441,S2-relation-+1-0.25,17,0.24999938245136122,0.0,neutral
0.0,0.9893134569619952,0.0017757568527044713,1.0,True,0.2563879247987595,S2,mean,0.0,True,0.0004190430037900382,IRMV1,1.0710950225474327,0.000877985195126891,S2-mean-+1-0.25,18,0.2563879247987595,0.0,neutral
0.0,5.4484232276975914e-30,0.16616756666673768,1.0,True,0.26020800344208705,S2,variance,0.0,True,0.00042434820664085515,IRMV1,1.0710950225474327,0.0009003570023965495,S2-variance-0.25,19,0.26020800344208705,0.0,neutral
0.0,5.0183592913835286e-30,0.40833071045031005,1.0,True,0.2687129816262478,S2,relation,0.0,True,0.0006954054710858954,IRMV1,1.0710950225474327,0.00241794384608098,S2-relation--1-0.5,20,0.2687129816262478,0.0,neutral
0.0,0.9585816837068707,0.006882380833862683,1.0,True,0.2576908286515881,S2,mean,0.0,True,0.0008514143878747884,IRMV1,1.0710950225474327,0.0036245322994010055,S2-mean--1-0.5,21,0.2576908286515881,0.0,neutral
0.0,4.534268394325602e-30,0.6514392959369281,1.0,True,0.24432876671674641,S2,relation,0.0,True,0.0006062946706013031,IRMV1,1.0710950225474327,0.0018379661379977136,S2-relation-+1-0.5,22,0.24432876671674641,0.0,neutral
0.0,0.958581683706869,0.0068823808338627415,1.0,True,0.2576908286515882,S2,mean,0.0,True,0.0008514143878747884,IRMV1,1.0710950225474327,0.003624532299401007,S2-mean-+1-0.5,23,0.2576908286515882,0.0,neutral
0.0,5.414739084440524e-30,0.16616756666673768,1.0,True,0.26446238336969086,S2,variance,0.0,True,0.0008486964132817115,IRMV1,1.0710950225474327,0.003601428009586209,S2-variance-0.5,24,0.26446238336969086,0.0,neutral
0.0,5.1797896921310764e-30,0.3230457933465263,1.0,True,0.2826068410520399,S2,relation,0.0,True,0.0014848438948927747,IRMV1,1.0710950225474327,0.011023806961001728,S2-relation--1-1.0,25,0.2826068410520399,0.0,neutral
0.0,0.8526372818392699,0.024486904294164925,1.0,True,0.26290244406290286,S2,mean,0.0,True,0.0018055244944280933,IRMV1,1.0710950225474327,0.01629959349989912,S2-mean--1-1.0,26,0.26290244406290286,0.0,neutral
0.0,4.209516833801005e-30,0.8209943051679331,1.0,True,0.23383841123303728,S2,relation,0.0,True,0.0011299544500850969,IRMV1,1.0710950225474327,0.006383985296335569,S2-relation-+1-1.0,27,0.23383841123303728,0.0,neutral
0.0,0.8526372818392662,0.024486904294165127,1.0,True,0.26290244406290275,S2,mean,0.0,True,0.0018055244944280935,IRMV1,1.0710950225474327,0.016299593499899127,S2-mean-+1-1.0,28,0.26290244406290275,0.0,neutral
0.0,5.448423227697584e-30,0.16616756666673765,1.0,True,0.27297114322489846,S2,variance,0.0,True,0.0016973928265634217,IRMV1,1.0710950225474327,0.014405712038344811,S2-variance-1.0,29,0.27297114322489846,0.0,neutral
0.0,1.0,-1.9274705288631195e-18,1.0,True,0.25595362351448325,U,emergent,0.0,True,0.0011311658928522476,IRMV1,1.0710950225474327,0.006397681385761115,U-emergent-0.25,30,0.25595362351448325,0.0,neutral
0.0,1.0,-1.9274705288631195e-18,1.0,True,0.25595362351448325,U,emergent,0.0,True,0.002262331785704495,IRMV1,1.0710950225474327,0.02559072554304446,U-emergent-0.5,31,0.25595362351448325,0.0,neutral
0.0,1.0,-1.9274705288631195e-18,1.0,True,0.25595362351448325,U,emergent,0.0,True,0.00452466357140899,IRMV1,1.0710950225474327,0.10236290217217783,U-emergent-1.0,32,0.25595362351448325,0.0,neutral
2.6041024892009546e-10,1.6120897643007807e-30,0.9655542471919096,0.9999903447456631,True,0.26630861733645295,S1,relation,1e-05,True,0.00037194547910010306,IRMV1,1.0710955627392882,0.0006917238640540102,S1-relation--1-0.25,0,0.2663086170760427,2.599353224231152e-10,harmful
-1.5501877559387367e-10,0.9891193070949961,0.004707872975857558,0.9999999529226691,True,0.2571165248202567,S1,mean,1e-05,True,0.0006857677886389847,IRMV1,1.0710955627392882,0.0023513876484882934,S1-mean--1-0.25,1,0.2571165249752755,-1.1776317897276195e-10,helpful
-3.3753011496884255e-10,1.3509378103040718e-30,1.2902186760300827,0.9999870981986124,True,0.24635807546733968,S1,relation,1e-05,True,0.0003485939034226975,IRMV1,1.0710955627392882,0.000607596385055951,S1-relation-+1-0.25,2,0.2463580758048698,-3.3684188828287995e-10,helpful
-8.11639644382467e-11,0.9891193070949967,0.004707872975857506,0.9999999529226687,True,0.25711652489411163,S1,mean,1e-05,True,0.0006857677886389844,IRMV1,1.0710955627392882,0.002351387648488293,S1-mean-+1-0.25,3,0.2571165249752756,-1.1776317897276182e-10,helpful
-1.1568181967902547e-09,2.100667474336656e-30,0.43268135742464636,0.9999956733149634,True,0.26734531013685436,S1,variance,1e-05,True,0.0007007281853634644,IRMV1,1.0710955627392882,0.002455110819924973,S1-variance-0.25,4,0.26734531129367256,-1.1535984878964414e-09,helpful
4.436983003230921e-10,1.7357589906687993e-30,0.8267438388769845,0.9999917328081722,True,0.27742305693324654,S1,relation,1e-05,True,0.0007704363378812812,IRMV1,1.0710955627392882,0.0029678852251444803,S1-relation--1-0.5,5,0.27742305648954824,4.4296407898646807e-10,harmful
-5.462220675767071e-10,0.9578529942589865,0.018236223655405708,0.9999998176431809,True,0.2606052288114301,S1,mean,1e-05,True,0.0013937406187728616,IRMV1,1.0710955627392882,0.009712567316798997,S1-mean--1-0.5,6,0.2606052293576522,-4.710527158910451e-10,helpful
-7.521817613209691e-10,1.2198402900518295e-30,1.4737087167691745,0.9999852633531602,True,0.2375219731950201,S1,relation,1e-05,True,0.0006774705243563481,IRMV1,1.0710955627392882,0.002294865393160023,S1-relation-+1-0.5,7,0.23752197394720187,-7.505903424255198e-10,helpful
-3.985120011762433e-10,0.9578529942589871,0.018236223655405916,0.9999998176431808,True,0.2606052289591402,S1,mean,1e-05,True,0.0013937406187728618,IRMV1,1.0710955627392882,0.009712567316799004,S1-mean-+1-0.5,8,0.2606052293576522,-4.710527158910489e-10,helpful
-2.313636837669719e-09,2.106221120226652e-30,0.4326813574246465,0.9999956733149632,True,0.27873699675922503,S1,variance,1e-05,True,0.001401456370726931,IRMV1,1.0710955627392882,0.009820443279699921,S1-variance-0.5,9,0.27873699907286187,-2.307196975792886e-09,helpful
5.789105861353505e-10,1.9273159838268845e-30,0.5956318687486916,0.9999940438586549,True,0.30193027345130774,S1,relation,1e-05,True,0.0016577850321358241,IRMV1,1.0710955627392882,0.013741337539464145,S1-relation--1-1.0,10,0.30193027287239715,5.783018945338881e-10,harmful
-2.0371800912855065e-09,0.8503356852366183,0.06475695886984897,0.9999993524496488,True,0.274560044849979,S1,mean,1e-05,True,0.0029584625758186955,IRMV1,1.0710955627392882,0.04376253683272921,S1-mean--1-1.0,11,0.27456004688715907,-1.8842108635641853e-09,helpful
-1.8128489820412597e-09,8.968311596373925e-31,1.867979284616106,0.999981320765567,True,0.22212810597485522,S1,relation,1e-05,True,0.0012928281006860665,IRMV1,1.0710955627392882,0.008357178883588494,S1-relation-+1-1.0,12,0.2221281077877042,-1.8088069482900923e-09,helpful
-1.7417600695068813e-09,0.8503356852366198,0.06475695886984928,0.9999993524496489,True,0.2745600451453991,S1,mean,1e-05,True,0.0029584625758186964,IRMV1,1.0710955627392882,0.043762536832729265,S1-mean-+1-1.0,13,0.2745600468871592,-1.8842108635641924e-09,helpful
-4.627274119428648e-09,2.076949175785209e-30,0.4326813574246466,0.9999956733149632,True,0.30152037000396614,S1,variance,1e-05,True,0.00280291274145386,IRMV1,1.0710955627392882,0.03928177311879963,S1-variance-1.0,14,0.30152037463124026,-4.61439395158577e-09,helpful
2.380027286363884e-10,4.891860710841424e-30,0.45902343615116686,0.9999954099020165,True,0.2621914901441147,S2,relation,1e-05,True,0.00033622421802657616,IRMV1,1.0710955627392882,0.0005652361647570547,S2-relation--1-0.25,15,0.26219148990611196,2.3141406813129791e-10,harmful
-5.7180149504176825e-11,0.9893134569619969,0.0017757568527043664,0.9999999822429517,True,0.25638792474157934,S2,mean,1e-05,True,0.0004190429830179979,IRMV1,1.0710955627392882,0.0008779851951268903,S2-mean--1-0.25,16,0.2563879247987595,-3.5344883477165417e-11,helpful
-2.606062032839418e-10,4.6606682457927444e-30,0.5798343639366993,0.9999942018289242,True,0.24999938219075502,S2,relation,1e-05,True,0.00031392232905764925,IRMV1,1.0710955627392882,0.0004927389512466441,S2-relation-+1-0.25,17,0.24999938245136122,-2.544964410143459e-10,helpful
-1.2046141861787873e-11,0.9893134569619952,0.0017757568527044713,0.9999999822429513,True,0.25638792478671335,S2,mean,1e-05,True,0.00041904298301799795,IRMV1,1.0710955627392882,0.000877985195126891,S2-mean-+1-0.25,18,0.2563879247987595,-3.5344883477166787e-11,helpful
-3.3907143759392966e-10,5.4484232276975914e-30,0.16616756666673768,0.9999983383729935,True,0.2602080031030156,S2,variance,1e-05,True,0.00042434783681906846,IRMV1,1.0710955627392882,0.0009003570023965495,S2-variance-0.25,19,0.26020800344208705,-3.462355932457117e-10,helpful
4.5339987320147657e-10,5.0183592913835286e-30,0.40833071045031005,0.99999591681409,True,0.26871298207964767,S2,relation,1e-05,True,0.0006954040833824907,IRMV1,1.0710955627392882,0.00241794384608098,S2-relation--1-0.5,20,0.2687129816262478,4.3974576337954874e-10,harmful
-1.835879226419479e-10,0.9585816837068707,0.006882380833862683,0.999999931178207,True,0.2576908284680002,S2,mean,1e-05,True,0.000851414323931389,IRMV1,1.0710955627392882,0.0036245322994010055,S2-mean--1-0.5,21,0.2576908286515881,-1.4137953390866443e-10,helpful
-5.438181016614863e-10,4.534268394325602e-30,0.6514392959369281,0.9999934858010514,True,0.2443287661729283,S2,relation,1e-05,True,0.0006062927266034261,IRMV1,1.0710955627392882,0.0018379661379977136,S2-relation-+1-0.5,22,0.24432876671674641,-5.320752549117374e-10,helpful
-9.332001837947246e-11,0.958581683706869,0.0068823808338627415,0.9999999311782071,True,0.2576908285582682,S2,mean,1e-05,True,0.000851414323931389,IRMV1,1.0710955627392882,0.003624532299401007,S2-mean-+1-0.5,23,0.2576908286515882,-1.4137953390866554e-10,helpful
-6.781435413216741e-10,5.414739084440524e-30,0.16616756666673768,0.9999983383729937,True,0.2644623826915473,S2,variance,1e-05,True,0.0008486956736381382,IRMV1,1.0710955627392882,0.003601428009586209,S2-variance-0.5,24,0.26446238336969086,-6.924711864914246e-10,helpful
8.163800746530114e-10,5.1797896921310764e-30,0.3230457933465263,0.9999967696377163,True,0.28260684186842,S2,relation,1e-05,True,0.0014848415604332781,IRMV1,1.0710955627392882,0.011023806961001728,S2-relation--1-1.0,25,0.2826068410520399,7.871620352269075e-10,harmful
-6.440852295952482e-10,0.8526372818392699,0.024486904294164925,0.9999997551381276,True,0.26290244341881763,S2,mean,1e-05,True,0.0018055241999062393,IRMV1,1.0710955627392882,0.01629959349989912,S2-mean--1-1.0,26,0.26290244406290286,-5.655181356346603e-10,helpful
-1.1780555420060068e-09,4.209516833801005e-30,0.8209943051679331,0.9999917903017448,True,0.23383841005498174,S2,relation,1e-05,True,0.0011299498700240314,IRMV1,1.0710955627392882,0.006383985296335569,S2-relation-+1-1.0,27,0.23383841123303728,-1.1564800013556652e-09,helpful
-4.635490880033899e-10,0.8526372818392662,0.024486904294165127,0.9999997551381278,True,0.26290244359935366,S2,mean,1e-05,True,0.0018055241999062398,IRMV1,1.0710955627392882,0.016299593499899127,S2-mean-+1-1.0,28,0.26290244406290275,-5.655181356346638e-10,helpful
-1.356287748777163e-09,5.448423227697584e-30,0.16616756666673765,0.9999983383729936,True,0.2729711418686107,S2,variance,1e-05,True,0.0016973913472762751,IRMV1,1.0710955627392882,0.014405712038344811,S2-variance-1.0,29,0.27297114322489846,-1.3849423729828478e-09,helpful
5.551115123125783e-16,1.0,-1.9274705288631195e-18,1.0,True,0.2559536235144838,U,emergent,1e-05,True,0.0011311659839633357,IRMV1,1.0710955627392882,0.006397681385761115,U-emergent-0.25,30,0.25595362351448325,0.0,neutral
5.551115123125783e-16,1.0,-1.9274705288631195e-18,1.0,True,0.2559536235144838,U,emergent,1e-05,True,0.0022623319679266713,IRMV1,1.0710955627392882,0.02559072554304446,U-emergent-0.5,31,0.25595362351448325,0.0,neutral
5.551115123125783e-16,1.0,-1.9274705288631195e-18,1.0,True,0.2559536235144838,U,emergent,1e-05,True,0.004524663935853343,IRMV1,1.0710955627392882,0.10236290217217783,U-emergent-1.0,32,0.25595362351448325,0.0,neutral
2.591539094431994e-09,1.6120897643007807e-30,0.9655542471919096,0.9999034733810279,True,0.2663086196675818,S1,relation,0.0001,True,0.0003719293515349044,IRMV1,1.0711004227211451,0.0006917238640540102,S1-relation--1-0.25,0,0.2663086170760427,2.5979944938610297e-09,harmful
-8.448445276698635e-10,0.9891193070949961,0.004707872975857558,0.9999995293525227,True,0.25711652413043096,S1,mean,0.0001,True,0.0006857673309507049,IRMV1,1.0711004227211451,0.0023513876484882934,S1-mean--1-0.25,1,0.2571165249752755,-1.1774570601847062e-09,helpful
-3.3589808712264357e-09,1.3509378103040718e-30,1.2902186760300827,0.9998710166592956,True,0.24635807244588892,S1,relation,0.0001,True,0.0003485736739496417,IRMV1,1.0711004227211451,0.000607596385055951,S1-relation-+1-0.25,2,0.2463580758048698,-3.3669460433694276e-09,helpful
-1.5057224356240795e-09,0.9891193070949967,0.004707872975857506,0.9999995293525225,True,0.25711652346955316,S1,mean,0.0001,True,0.0006857673309507047,IRMV1,1.0711004227211451,0.002351387648488293,S1-mean-+1-0.25,3,0.2571165249752756,-1.1774570601847052e-09,helpful
-1.1513570985499655e-08,2.100667474336656e-30,0.43268135742464636,0.9999567447145521,True,0.2673452997801016,S1,variance,0.0001,True,0.0007007142267248883,IRMV1,1.0711004227211451,0.002455110819924973,S1-variance-0.25,4,0.26734531129367256,-1.1534273242625674e-08,helpful
4.415435017612879e-09,1.7357589906687993e-30,0.8267438388769845,0.999917350265576,True,0.27742306090498325,S1,relation,0.0001,True,0.0007704077590631281,IRMV1,1.0711004227211451,0.0029678852251444803,S1-relation--1-0.5,5,0.27742305648954824,4.427037438213685e-09,harmful
-4.0404573020680346e-09,0.9578529942589865,0.018236223655405708,0.9999981769192358,True,0.2606052253171949,S1,mean,0.0001,True,0.001393738840377845,IRMV1,1.0711004227211451,0.009712567316798997,S1-mean--1-0.5,6,0.2606052293576522,-4.7098282407387985e-09,helpful
-7.485604136547863e-09,1.2198402900518295e-30,1.4737087167691745,0.9998526731493065,True,0.23752196646159773,S1,relation,0.0001,True,0.0006774255858212676,IRMV1,1.0711004227211451,0.002294865393160023,S1-relation-+1-0.5,7,0.23752197394720187,-7.502843636247206e-09,helpful
-5.362212784909559e-09,0.9578529942589871,0.018236223655405916,0.9999981769192359,True,0.2606052239954394,S1,mean,0.0001,True,0.001393738840377845,IRMV1,1.0711004227211451,0.009712567316799004,S1-mean-+1-0.5,8,0.2606052293576522,-4.709828240738836e-09,helpful
-2.3027208806425392e-08,2.106221120226652e-30,0.4326813574246465,0.9999567447145519,True,0.27873697604565306,S1,variance,0.0001,True,0.0014014284534497787,IRMV1,1.0711004227211451,0.009820443279699921,S1-variance-0.5,9,0.27873699907286187,-2.3068546485251385e-08,helpful
5.7604996328564084e-09,1.9273159838268845e-30,0.5956318687486916,0.9999404545425961,True,0.3019302786328968,S1,relation,0.0001,True,0.00165774081224162,IRMV1,1.0711004227211451,0.013741337539464145,S1-relation--1-1.0,10,0.30193027287239715,5.778268678393889e-09,harmful
-1.748378608557033e-08,0.8503356852366183,0.06475695886984897,0.9999935262273435,True,0.274560029403373,S1,mean,0.0001,True,0.002958452609524679,IRMV1,1.0711004227211451,0.04376253683272921,S1-mean--1-1.0,11,0.27456004688715907,-1.883931296295524e-08,helpful
-1.8041578786487378e-08,8.968311596373925e-31,1.867979284616106,0.999813257897825,True,0.2221280897461254,S1,relation,0.0001,True,0.0012927192554365557,IRMV1,1.0711004227211451,0.008357178883588494,S1-relation-+1-1.0,12,0.2221281077877042,-1.808149347052794e-08,helpful
-2.012729705125338e-08,0.8503356852366198,0.06475695886984928,0.9999935262273436,True,0.27456002675986213,S1,mean,0.0001,True,0.0029584526095246806,IRMV1,1.0711004227211451,0.043762536832729265,S1-mean-+1-1.0,13,0.2745600468871592,-1.8839312962955316e-08,helpful
-4.605448444827687e-08,2.076949175785209e-30,0.4326813574246466,0.9999567447145519,True,0.3015203285767558,S1,variance,0.0001,True,0.0028028569068995553,IRMV1,1.0711004227211451,0.03928177311879963,S1-variance-1.0,14,0.30152037463124026,-4.6137092970502744e-08,helpful
2.3278088345790593e-09,4.891860710841424e-30,0.45902343615116686,0.9999541112905243,True,0.2621914922339208,S2,relation,0.0001,True,0.00033621741876210126,IRMV1,1.0711004227211451,0.0005652361647570547,S2-relation--1-0.25,15,0.26219148990611196,2.313295307069118e-09,harmful
-1.4806156301006013e-10,0.9893134569619969,0.0017757568527043664,0.999999822476302,True,0.25638792465069793,S2,mean,0.0001,True,0.0004190427961108351,IRMV1,1.0711004227211451,0.0008779851951268903,S2-mean--1-0.25,16,0.2563879247987595,-3.5338378012052405e-10,helpful
-2.5562884031771205e-09,4.6606682457927444e-30,0.5798343639366993,0.999942033815328,True,0.24999937989507282,S2,relation,0.0001,True,0.0003139142814180906,IRMV1,1.0711004227211451,0.0004927389512466441,S2-relation-+1-0.25,17,0.24999938245136122,-2.5440765512294715e-09,helpful
-5.519349421945208e-10,0.9893134569619952,0.0017757568527044713,0.999999822476302,True,0.25638792424682455,S2,mean,0.0001,True,0.00041904279611083514,IRMV1,1.0711004227211451,0.000877985195126891,S2-mean-+1-0.25,18,0.2563879247987595,-3.5338378012053765e-10,helpful
-3.4291445238920915e-09,5.4484232276975914e-30,0.16616756666673768,0.9999833881080604,True,0.26020800001294253,S2,variance,0.0001,True,0.000424344509371812,IRMV1,1.0711004227211451,0.0009003570023965495,S2-variance-0.25,19,0.26020800344208705,-3.4617186624052313e-09,helpful
4.426936039969576e-09,5.0183592913835286e-30,0.40833071045031005,0.9999591790451424,True,0.26871298605318383,S2,relation,0.0001,True,0.0006953915976529191,IRMV1,1.0711004227211451,0.00241794384608098,S2-relation--1-0.5,20,0.2687129816262478,4.395809369977892e-09,harmful
-9.963209146590657e-10,0.9585816837068707,0.006882380833862683,0.9999993119634054,True,0.2576908276552672,S2,mean,0.0001,True,0.0008514137485818181,IRMV1,1.0711004227211451,0.0036245322994010055,S2-mean--1-0.5,21,0.2576908286515881,-1.4135351204821235e-09,helpful
-5.3412583245204814e-09,4.534268394325602e-30,0.6514392959369281,0.9999348754662772,True,0.2443287613754881,S2,relation,0.0001,True,0.0006062752355818033,IRMV1,1.0711004227211451,0.0018379661379977136,S2-relation-+1-0.5,22,0.24432876671674641,-5.318934346619274e-09,helpful
-1.8040677840502894e-09,0.958581683706869,0.0068823808338627415,0.9999993119634056,True,0.2576908268475204,S2,mean,0.0001,True,0.0008514137485818183,IRMV1,1.0711004227211451,0.003624532299401007,S2-mean-+1-0.5,23,0.2576908286515882,-1.4135351204821353e-09,helpful
-6.85835610525487e-09,5.414739084440524e-30,0.16616756666673768,0.9999833881080604,True,0.26446237651133475,S2,variance,0.0001,True,0.0008486890187436253,IRMV1,1.0711004227211451,0.003601428009586209,S2-variance-0.5,24,0.26446238336969086,-6.923437324810474e-09,helpful
7.939348289909276e-09,5.1797896921310764e-30,0.3230457933465263,0.9999677049830658,True,0.2826068489913882,S2,relation,0.0001,True,0.0014848205563816085,IRMV1,1.0711004227211451,0.011023806961001728,S2-relation--1-1.0,25,0.2826068410520399,7.868493763314384e-09,harmful
-4.793231811461851e-09,0.8526372818392699,0.024486904294164925,0.9999975520264499,True,0.26290243926967105,S2,mean,0.0001,True,0.00180552154992681,IRMV1,1.0711004227211451,0.01629959349989912,S2-mean--1-1.0,26,0.26290244406290286,-5.654140481928521e-09,helpful
-1.1597039661914721e-08,4.209516833801005e-30,0.8209943051679331,0.9999179250425348,True,0.23383839963599762,S2,relation,0.0001,True,0.0011299086609993388,IRMV1,1.0711004227211451,0.006383985296335569,S2-relation-+1-1.0,27,0.23383841123303728,-1.1560993669879948e-08,helpful
-6.408725328199694e-09,0.8526372818392662,0.024486904294165127,0.9999975520264499,True,0.2629024376541774,S2,mean,0.0001,True,0.0018055215499268103,IRMV1,1.0711004227211451,0.016299593499899127,S2-mean-+1-1.0,28,0.26290244406290275,-5.654140481928556e-09,helpful
-1.3716779267980428e-08,5.448423227697584e-30,0.16616756666673765,0.9999833881080604,True,0.2729711295081192,S2,variance,0.0001,True,0.0016973780374872492,IRMV1,1.0711004227211451,0.014405712038344811,S2-variance-1.0,29,0.27297114322489846,-1.3846874649620935e-08,helpful
6.705747068735946e-14,1.0,-1.9274705288631195e-18,1.0,True,0.2559536235145503,U,emergent,0.0001,True,0.001131166803717602,IRMV1,1.0711004227211451,0.006397681385761115,U-emergent-0.25,30,0.25595362351448325,0.0,neutral
6.705747068735946e-14,1.0,-1.9274705288631195e-18,1.0,True,0.2559536235145503,U,emergent,0.0001,True,0.002262333607435204,IRMV1,1.0711004227211451,0.02559072554304446,U-emergent-0.5,31,0.25595362351448325,0.0,neutral
6.705747068735946e-14,1.0,-1.9274705288631195e-18,1.0,True,0.2559536235145503,U,emergent,0.0001,True,0.004524667214870408,IRMV1,1.0711004227211451,0.10236290217217783,U-emergent-1.0,32,0.25595362351448325,0.0,neutral
2.5849466345206906e-08,1.6120897643007807e-30,0.9655542471919096,0.999037318594889,True,0.26630864292550904,S1,relation,0.001,True,0.00037176851534152853,IRMV1,1.0711488504668394,0.0006917238640540102,S1-relation--1-0.25,0,0.2663086170760427,2.5844473283770902e-08,harmful
-1.1751443929064465e-08,0.9891193070949961,0.004707872975857558,0.999995306071502,True,0.25711651322383156,S1,mean,0.001,True,0.0006857627634174566,IRMV1,1.0711488504668394,0.0023513876484882934,S1-mean--1-0.25,1,0.2571165249752755,-1.1757149205819345e-08,helpful
-3.351436494991589e-08,1.3509378103040718e-30,1.2902186760300827,0.9987136236716274,True,0.24635804229050484,S1,relation,0.001,True,0.0003483719148009573,IRMV1,1.0711488504668394,0.000607596385055951,S1-relation-+1-0.25,2,0.2463580758048698,-3.35226115406327e-08,helpful
-1.1749988759746088e-08,0.9891193070949967,0.004707872975857506,0.9999953060715017,True,0.25711651322528684,S1,mean,0.001,True,0.0006857627634174564,IRMV1,1.0711488504668394,0.002351387648488293,S1-mean-+1-0.25,3,0.2571165249752756,-1.1757149205819327e-08,helpful
-1.1516808195999317e-07,2.100667474336656e-30,0.43268135742464636,0.9995686002224916,True,0.2673451961255906,S1,variance,0.001,True,0.0007005750316431548,IRMV1,1.0711488504668394,0.002455110819924973,S1-variance-0.25,4,0.26734531129367256,-1.1517207385292395e-07,helpful
4.4013902411599304e-08,1.7357589906687993e-30,0.8267438388769845,0.9991757144906003,True,0.27742310050345065,S1,relation,0.001,True,0.0007701227587972257,IRMV1,1.0711488504668394,0.0029678852251444803,S1-relation--1-0.5,5,0.27742305648954824,4.401080831068025e-08,harmful
-4.70244516659335e-08,0.9578529942589865,0.018236223655405708,0.9999818177911007,True,0.2606051823332005,S1,mean,0.001,True,0.0013937211002958798,IRMV1,1.0711488504668394,0.009712567316798997,S1-mean--1-0.5,6,0.2606052293576522,-4.7028596823277095e-08,helpful
-7.471375895740096e-08,1.2198402900518295e-30,1.4737087167691745,0.9985306815645677,True,0.2375218992334429,S1,relation,0.001,True,0.0006769773702275301,IRMV1,1.0711488504668394,0.002294865393160023,S1-relation-+1-0.5,7,0.23752197394720187,-7.472336133812672e-08,helpful
-4.702154121627444e-08,0.9578529942589871,0.018236223655405916,0.9999818177911007,True,0.26060518233611096,S1,mean,0.001,True,0.0013937211002958798,IRMV1,1.0711488504668394,0.009712567316799004,S1-mean-+1-0.5,8,0.2606052293576522,-4.702859682327747e-08,helpful
-2.303428743299918e-07,2.106221120226652e-30,0.4326813574246465,0.9995686002224916,True,0.27873676872998754,S1,variance,0.001,True,0.0014011500632863118,IRMV1,1.0711488504668394,0.009820443279699921,S1-variance-0.5,9,0.27873699907286187,-2.3034414770584824e-07,helpful
5.730781615920222e-08,1.9273159838268845e-30,0.5956318687486916,0.9994061363190526,True,0.3019303301802133,S1,relation,0.001,True,0.001657299854812897,IRMV1,1.0711488504668394,0.013741337539464145,S1-relation--1-1.0,10,0.30193027287239715,5.7309063593914427e-08,harmful
-1.8811502755511356e-07,0.8503356852366183,0.06475695886984897,0.99993543484791,True,0.2745598587721315,S1,mean,0.001,True,0.0029583532202971607,IRMV1,1.0711488504668394,0.04376253683272921,S1-mean--1-1.0,11,0.27456004688715907,-1.8811438729310886e-07,helpful
-1.801475068008429e-07,8.968311596373925e-31,1.867979284616106,0.9981375883579867,True,0.2221279276401974,S1,relation,0.001,True,0.0012916335309307789,IRMV1,1.0711488504668394,0.008357178883588494,S1-relation-+1-1.0,12,0.2221281077877042,-1.8015927570369997e-07,helpful
-1.8810920676681775e-07,0.8503356852366198,0.06475695886984928,0.9999354348479101,True,0.2745598587779524,S1,mean,0.001,True,0.002958353220297162,IRMV1,1.0711488504668394,0.043762536832729265,S1-mean-+1-1.0,13,0.2745600468871592,-1.8811438729310962e-07,helpful
-4.606924589589667e-07,2.076949175785209e-30,0.4326813574246466,0.9995686002224916,True,0.3015199139387813,S1,variance,0.001,True,0.0028023001265726215,IRMV1,1.0711488504668394,0.03928177311879963,S1-variance-1.0,14,0.30152037463124026,-4.606882954116961e-07,helpful
2.3057091791400808e-08,4.891860710841424e-30,0.45902343615116686,0.9995423363178565,True,0.26219151296320375,S2,relation,0.001,True,0.0003361496190899102,IRMV1,1.0711488504668394,0.0005652361647570547,S2-relation--1-0.25,15,0.26219148990611196,2.3048665266642576e-08,harmful
-3.520826297176427e-09,0.9893134569619969,0.0017757568527043664,0.9999982294279037,True,0.2563879212779332,S2,mean,0.001,True,0.0004190409311057955,IRMV1,1.0711488504668394,0.0008779851951268903,S2-mean--1-0.25,16,0.2563879247987595,-3.5273515465595063e-09,helpful
-2.534707765899924e-08,4.6606682457927444e-30,0.5798343639366993,0.9994218861771997,True,0.24999935710428356,S2,relation,0.001,True,0.0003138340315035479,IRMV1,1.0711488504668394,0.0004927389512466441,S2-relation-+1-0.25,17,0.24999938245136122,-2.5352241786844813e-08,helpful
-3.5199368975114e-09,0.9893134569619952,0.0017757568527044713,0.9999982294279038,True,0.2563879212788226,S2,mean,0.001,True,0.0004190409311057956,IRMV1,1.0711488504668394,0.000877985195126891,S2-mean-+1-0.25,18,0.2563879247987595,-3.5273515465596374e-09,helpful
-3.4544394678093227e-08,5.4484232276975914e-30,0.16616756666673768,0.9998343176001862,True,0.2602079688976924,S2,variance,0.001,True,0.00042431132855597764,IRMV1,1.0711488504668394,0.0009003570023965495,S2-variance-0.25,19,0.26020800344208705,-3.455364780303285e-08,helpful
4.380406593007535e-08,5.0183592913835286e-30,0.40833071045031005,0.9995928776558595,True,0.2687130254303137,S2,relation,0.001,True,0.0006952670958272707,IRMV1,1.0711488504668394,0.00241794384608098,S2-relation--1-0.5,20,0.2687129816262478,4.3793754013083e-08,harmful
-1.4102546797012394e-08,0.9585816837068707,0.006882380833862683,0.9999931377139605,True,0.2576908145490413,S2,mean,0.001,True,0.0008514080090059007,IRMV1,1.0711488504668394,0.0036245322994010055,S2-mean--1-0.5,21,0.2576908286515881,-1.4109406186238297e-08,helpful
-5.300427285970244e-08,4.534268394325602e-30,0.6514392959369281,0.9993504950845552,True,0.24432871371247356,S2,relation,0.001,True,0.0006061008149342121,IRMV1,1.0711488504668394,0.0018379661379977136,S2-relation-+1-0.5,22,0.24432876671674641,-5.300806009389165e-08,helpful
-1.4100768219726945e-08,0.958581683706869,0.0068823808338627415,0.9999931377139604,True,0.25769081455082,S2,mean,0.001,True,0.0008514080090059007,IRMV1,1.0711488504668394,0.003624532299401007,S2-mean-+1-0.5,23,0.2576908286515882,-1.4109406186238403e-08,helpful
-6.909549965516959e-08,5.414739084440524e-30,0.16616756666673768,0.9998343176001862,True,0.2644623142741912,S2,variance,0.001,True,0.0008486226571119566,IRMV1,1.0711488504668394,0.003601428009586209,S2-variance-0.5,24,0.26446238336969086,-6.91072956060658e-08,helpful
7.83877933674404e-08,5.1797896921310764e-30,0.3230457933465263,0.9996779078797937,True,0.2826069194398333,S2,relation,0.001,True,0.0014846111163987555,IRMV1,1.0711488504668394,0.011023806961001728,S2-relation--1-1.0,25,0.2826068410520399,7.837320194535719e-08,harmful
-5.6428539840780445e-08,0.8526372818392699,0.024486904294164925,0.9999755845912122,True,0.262902387634363,S2,mean,0.001,True,0.0018054951209291769,IRMV1,1.0711488504668394,0.01629959349989912,S2-mean--1-1.0,26,0.26290244406290286,-5.643762474495344e-08,helpful
-1.152288845451821e-07,4.209516833801005e-30,0.8209943051679331,0.9991814464304467,True,0.23383829600415273,S2,relation,0.001,True,0.0011294977085082494,IRMV1,1.0711488504668394,0.006383985296335569,S2-relation-+1-1.0,27,0.23383841123303728,-1.1523042626859207e-07,helpful
-5.642498246416494e-08,0.8526372818392662,0.024486904294165127,0.9999755845912124,True,0.2629023876379203,S2,mean,0.001,True,0.0018054951209291769,IRMV1,1.0711488504668394,0.016299593499899127,S2-mean-+1-1.0,28,0.26290244406290275,-5.643762474495378e-08,helpful
-1.3819770972034462e-07,5.448423227697584e-30,0.16616756666673765,0.9998343176001863,True,0.27297100502718874,S2,variance,0.001,True,0.0016972453142239119,IRMV1,1.0711488504668394,0.014405712038344811,S2-variance-1.0,29,0.27297114322489846,-1.382145912121315e-07,helpful
6.710410005439371e-12,1.0,-1.9274705288631195e-18,1.0,True,0.25595362352119366,U,emergent,0.001,True,0.0011311749770256565,IRMV1,1.0711488504668394,0.006397681385761115,U-emergent-0.25,30,0.25595362351448325,0.0,neutral
6.710410005439371e-12,1.0,-1.9274705288631195e-18,1.0,True,0.25595362352119366,U,emergent,0.001,True,0.002262349954051313,IRMV1,1.0711488504668394,0.02559072554304446,U-emergent-0.5,31,0.25595362351448325,0.0,neutral
6.710410005439371e-12,1.0,-1.9274705288631195e-18,1.0,True,0.25595362352119366,U,emergent,0.001,True,0.004524699908102626,IRMV1,1.0711488504668394,0.10236290217217783,U-emergent-1.0,32,0.25595362351448325,0.0,neutral
2.458918669789867e-07,1.6120897643007807e-30,0.9655542471919096,0.990624231491292,True,0.2663088629679097,S1,relation,0.01,True,0.000370202907908266,IRMV1,1.0716165619349403,0.0006917238640540102,S1-relation--1-0.25,0,0.2663086170760427,2.452873022338316e-07,harmful
-1.1523508136601635e-07,0.9891193070949961,0.004707872975857558,0.9999542792642581,True,0.2571164097401941,S1,mean,0.01,True,0.0006857179959136252,IRMV1,1.0716165619349403,0.0023513876484882934,S1-mean--1-0.25,1,0.2571165249752755,-1.1587941460498142e-07,helpful
-3.2028312979548446e-07,1.3509378103040718e-30,1.2902186760300827,0.9874720032463524,True,0.24635775552174,S1,relation,0.01,True,0.0003464064626687528,IRMV1,1.0716165619349403,0.000607596385055951,S1-relation-+1-0.25,2,0.2463580758048698,-3.209636546289233e-07,helpful
-1.152351016830977e-07,0.9891193070949967,0.004707872975857506,0.9999542792642577,True,0.2571164097401739,S1,mean,0.01,True,0.0006857179959136251,IRMV1,1.0716165619349403,0.002351387648488293,S1-mean-+1-0.25,3,0.2571165249752756,-1.1587941460498129e-07,helpful
-1.1344777348654134e-06,2.100667474336656e-30,0.43268135742464636,0.9957979941037478,True,0.2673441768159377,S1,variance,0.01,True,0.0006992211123671556,IRMV1,1.0716165619349403,0.002455110819924973,S1-variance-0.25,4,0.26734531129367256,-1.1351452859263466e-06,helpful
4.154674230205657e-07,1.7357589906687993e-30,0.8267438388769845,0.9919719679468775,True,0.27742347195697126,S1,relation,0.01,True,0.0007673493895035414,IRMV1,1.0716165619349403,0.0029678852251444803,S1-relation--1-0.5,5,0.27742305648954824,4.1489825207257373e-07,harmful
-4.628653929028559e-07,0.9578529942589865,0.018236223655405708,0.9998228980333668,True,0.2606047664922593,S1,mean,0.01,True,0.0013935479590770207,IRMV1,1.0716165619349403,0.009712567316798997,S1-mean--1-0.5,6,0.2606052293576522,-4.6351765841992303e-07,helpful
-7.168825695291758e-07,1.2198402900518295e-30,1.4737087167691745,0.9856904637802099,True,0.23752125706463234,S1,relation,0.01,True,0.0006726091289976642,IRMV1,1.0716165619349403,0.002294865393160023,S1-relation-+1-0.5,7,0.23752197394720187,-7.176036616529337e-07,helpful
-4.628654330929294e-07,0.9578529942589871,0.018236223655405916,0.9998228980333671,True,0.2606047664922191,S1,mean,0.01,True,0.001393547959077021,IRMV1,1.0716165619349403,0.009712567316799004,S1-mean-+1-0.5,8,0.2606052293576522,-4.6351765841992673e-07,helpful
-2.2695971521047298e-06,2.106221120226652e-30,0.4326813574246465,0.9957979941037479,True,0.27873472947570976,S1,variance,0.01,True,0.0013984422247343134,IRMV1,1.0716165619349403,0.009820443279699921,S1-variance-0.5,9,0.27873699907286187,-2.270290571852696e-06,helpful
5.275946527438791e-07,1.9273159838268845e-30,0.5956318687486916,0.9942158776722205,True,0.3019308004670499,S1,relation,0.01,True,0.0016530109701962477,IRMV1,1.0716165619349403,0.013741337539464145,S1-relation--1-1.0,10,0.30193027287239715,5.270910945647915e-07,harmful
-1.853386658812184e-06,0.8503356852366183,0.06475695886984897,0.9993711096669058,True,0.27455819350050026,S1,mean,0.01,True,0.0029573859082114213,IRMV1,1.0716165619349403,0.04376253683272921,S1-mean--1-1.0,11,0.27456004688715907,-1.8540706336796968e-06,helpful
-1.7371053325776487e-06,8.968311596373925e-31,1.867979284616106,0.9818624163307826,True,0.22212637068237162,S1,relation,0.01,True,0.001281042117303508,IRMV1,1.0716165619349403,0.008357178883588494,S1-relation-+1-1.0,12,0.2221281077877042,-1.7379127328862278e-06,helpful
-1.8533867394143755e-06,0.8503356852366198,0.06475695886984928,0.9993711096669058,True,0.27455819350041977,S1,mean,0.01,True,0.0029573859082114226,IRMV1,1.0716165619349403,0.043762536832729265,S1-mean-+1-1.0,13,0.2745600468871592,-1.8540706336797042e-06,helpful
-4.539835986250296e-06,2.076949175785209e-30,0.4326813574246466,0.9957979941037479,True,0.301515834795254,S1,variance,0.01,True,0.0027968844494686246,IRMV1,1.0716165619349403,0.03928177311879963,S1-variance-1.0,14,0.30152037463124026,-4.54058114370539e-06,helpful
2.22923760451188e-07,4.891860710841424e-30,0.45902343615116686,0.9955421863629793,True,0.2621917128298724,S2,relation,0.01,True,0.0003354903759504306,IRMV1,1.0716165619349403,0.0005652361647570547,S2-relation--1-0.25,15,0.26219148990611196,2.2230024913079155e-07,harmful
-3.4001241266956583e-08,0.9893134569619969,0.0017757568527043664,0.9999827473533687,True,0.2563878907975182,S2,mean,0.01,True,0.00041902267591141745,IRMV1,1.0716165619349403,0.0008779851951268903,S2-mean--1-0.25,16,0.2563879247987595,-3.464354301962353e-08,helpful
-2.4426434919178064e-07,4.6606682457927444e-30,0.5798343639366993,0.9943692126160071,True,0.24999913818701203,S2,relation,0.01,True,0.00031305354840050647,IRMV1,1.0716165619349403,0.0004927389512466441,S2-relation-+1-0.25,17,0.24999938245136122,-2.4492460375585294e-07,helpful
-3.4001253590432157e-08,0.9893134569619952,0.0017757568527044713,0.9999827473533687,True,0.2563878907975059,S2,mean,0.01,True,0.0004190226759114175,IRMV1,1.0716165619349403,0.000877985195126891,S2-mean-+1-0.25,18,0.2563879247987595,-3.4643543019624866e-08,helpful
-3.3871762949999606e-07,5.4484232276975914e-30,0.16616756666673768,0.9983855727179611,True,0.26020766472445755,S2,variance,0.01,True,0.0004239886174836159,IRMV1,1.0716165619349403,0.0009003570023965495,S2-variance-0.25,19,0.26020800344208705,-3.393653193759134e-07,helpful
4.225818838188289e-07,5.0183592913835286e-30,0.40833071045031005,0.9960343706130992,True,0.2687134042081316,S2,relation,0.01,True,0.0006940566190424312,IRMV1,1.0716165619349403,0.00241794384608098,S2-relation--1-0.5,20,0.2687129816262478,4.2197614363652266e-07,harmful
-1.3793002440198876e-07,0.9585816837068707,0.006882380833862683,0.9999331331402002,True,0.2576906907215637,S2,mean,0.01,True,0.0008513519648253184,IRMV1,1.0716165619349403,0.0036245322994010055,S2-mean--1-0.5,21,0.2576908286515881,-1.3857417207849676e-07,helpful
-5.117943354671084e-07,4.534268394325602e-30,0.6514392959369281,0.9936739882054179,True,0.24432825492241095,S2,relation,0.01,True,0.0006044042065728117,IRMV1,1.0716165619349403,0.0018379661379977136,S2-relation-+1-0.5,22,0.24432876671674641,-5.124735621367651e-07,helpful
-1.379300491599622e-07,0.958581683706869,0.0068823808338627415,0.9999331331402002,True,0.25769069072153905,S2,mean,0.01,True,0.0008513519648253184,IRMV1,1.0716165619349403,0.003624532299401007,S2-mean-+1-0.5,23,0.2576908286515882,-1.385741720784979e-07,helpful
-6.780769412628729e-07,5.414739084440524e-30,0.16616756666673768,0.998385572717961,True,0.2644617052927496,S2,variance,0.01,True,0.0008479772349672331,IRMV1,1.0716165619349403,0.003601428009586209,S2-variance-0.5,24,0.26446238336969086,-6.787306387518278e-07,helpful
7.540262688676691e-07,5.1797896921310764e-30,0.3230457933465263,0.9968624162947105,True,0.2826075950783088,S2,relation,0.01,True,0.0014825750594697458,IRMV1,1.0716165619349403,0.011023806961001728,S2-relation--1-1.0,25,0.2826068410520399,7.53454868772801e-07,harmful
-5.536451690435484e-07,0.8526372818392699,0.024486904294164925,0.9997620936074457,True,0.2629018904177338,S2,mean,0.01,True,0.0018052377053587299,IRMV1,1.0716165619349403,0.01629959349989912,S2-mean--1-1.0,26,0.26290244406290286,-5.542966883139897e-07,helpful
-1.1147261697042055e-06,4.209516833801005e-30,0.8209943051679331,0.9920277498945248,True,0.23383729650686758,S2,relation,0.01,True,0.001125498841781773,IRMV1,1.0716165619349403,0.006383985296335569,S2-relation-+1-1.0,27,0.23383841123303728,-1.115444542773774e-06,helpful
-5.536452182264284e-07,0.8526372818392662,0.024486904294165127,0.9997620936074462,True,0.2629018904176845,S2,mean,0.01,True,0.00180523770535873,IRMV1,1.0716165619349403,0.016299593499899127,S2-mean-+1-1.0,28,0.26290244406290275,-5.542966883139932e-07,helpful
-1.3567955647886265e-06,5.448423227697584e-30,0.16616756666673765,0.9983855727179611,True,0.27296978642933367,S2,variance,0.01,True,0.001695954469934465,IRMV1,1.0716165619349403,0.014405712038344811,S2-variance-1.0,29,0.27297114322489846,-1.3574612775036544e-06,helpful
6.416822628807495e-10,1.0,-1.9274705288631195e-18,1.0,True,0.2559536241561655,U,emergent,0.01,True,0.0011312543569691092,IRMV1,1.0716165619349403,0.006397681385761115,U-emergent-0.25,30,0.25595362351448325,0.0,neutral
6.416822628807495e-10,1.0,-1.9274705288631195e-18,1.0,True,0.2559536241561655,U,emergent,0.01,True,0.0022625087139382183,IRMV1,1.0716165619349403,0.02559072554304446,U-emergent-0.5,31,0.25595362351448325,0.0,neutral
6.416822628807495e-10,1.0,-1.9274705288631195e-18,1.0,True,0.2559536241561655,U,emergent,0.01,True,0.004525017427876437,IRMV1,1.0716165619349403,0.10236290217217783,U-emergent-1.0,32,0.25595362351448325,0.0,neutral
1.478998439496948e-06,1.6120897643007807e-30,0.9655542471919096,0.925623829320573,True,0.2663100960744822,S1,relation,0.1,True,0.00035789182116174396,IRMV1,1.0750998573908477,0.0006917238640540102,S1-relation--1-0.25,0,0.2663086170760427,1.437209646530822e-06,harmful
-9.839466180716627e-07,0.9891193070949961,0.004707872975857558,0.9996368686896046,True,0.2571155410286574,S1,mean,0.1,True,0.0006853402244371249,IRMV1,1.0750998573908477,0.0023513876484882934,S1-mean--1-0.25,1,0.2571165249752755,-1.0281321923118797e-06,helpful
-2.0621374341445176e-06,1.3509378103040718e-30,1.2902186760300827,0.9006422671318555,True,0.24635601366743565,S1,relation,0.1,True,0.00033085310248220863,IRMV1,1.0750998573908477,0.000607596385055951,S1-relation-+1-0.25,2,0.2463580758048698,-2.1086429149794124e-06,helpful
-9.839143164658282e-07,0.9891193070949967,0.004707872975857506,0.9996368686896046,True,0.25711554106095913,S1,mean,0.1,True,0.0006853402244371247,IRMV1,1.0750998573908477,0.002351387648488293,S1-mean-+1-0.25,3,0.2571165249752756,-1.0281321923118784e-06,helpful
-1.0026584346123357e-05,2.100667474336656e-30,0.43268135742464636,0.9666260858967365,True,0.26733528470932644,S1,variance,0.1,True,0.0006886329182238328,IRMV1,1.0750998573908477,0.002455110819924973,S1-variance-0.25,4,0.26734531129367256,-1.0071499026728598e-05,helpful
2.242495874438255e-06,1.7357589906687993e-30,0.8267438388769845,0.9363047055910181,True,0.2774252989854227,S1,relation,0.1,True,0.00074559684394233,IRMV1,1.0750998573908477,0.0029678852251444803,S1-relation--1-0.5,5,0.27742305648954824,2.202986024613075e-06,harmful
-4.068116180033776e-06,0.9578529942589865,0.018236223655405708,0.9985933894506897,True,0.26060116124147215,S1,mean,0.1,True,0.0013921445699521062,IRMV1,1.0750998573908477,0.009712567316798997,S1-mean--1-0.5,6,0.2606052293576522,-4.112528769247494e-06,helpful
-4.83977587206752e-06,1.2198402900518295e-30,1.4737087167691745,0.8865234792851782,True,0.2375171341713298,S1,relation,0.1,True,0.0006379125424678774,IRMV1,1.0750998573908477,0.002294865393160023,S1-relation-+1-0.5,7,0.23752197394720187,-4.888719098407375e-06,helpful
-4.0680515766000624e-06,0.9578529942589871,0.018236223655405916,0.9985933894506897,True,0.2606011613060756,S1,mean,0.1,True,0.0013921445699521065,IRMV1,1.0750998573908477,0.009712567316799004,S1-mean-+1-0.5,8,0.2606052293576522,-4.112528769247528e-06,helpful
-2.009728936225308e-05,2.106221120226652e-30,0.4326813574246465,0.9666260858967364,True,0.2787169017834996,S1,variance,0.1,True,0.0013772658364476678,IRMV1,1.0750998573908477,0.009820443279699921,S1-variance-0.5,9,0.27873699907286187,-2.0142998053457226e-05,helpful
1.7553497411171293e-06,1.9273159838268845e-30,0.5956318687486916,0.9540877969879887,True,0.30193202822213827,S1,relation,0.1,True,0.0016195027101957439,IRMV1,1.0750998573908477,0.013741337539464145,S1-relation--1-1.0,10,0.30193027287239715,1.7202389754318831e-06,harmful
-1.6404762126387418e-05,0.8503356852366183,0.06475695886984897,0.9950051160147632,True,0.2745436421250327,S1,mean,0.1,True,0.0029497613100257568,IRMV1,1.0750998573908477,0.04376253683272921,S1-mean--1-1.0,11,0.27456004688715907,-1.645011507699002e-05,helpful
-1.2409193751672376e-05,8.968311596373925e-31,1.867979284616106,0.8561860129349758,True,0.22211569859395253,S1,relation,0.1,True,0.0011962153206926873,IRMV1,1.0750998573908477,0.008357178883588494,S1-relation-+1-1.0,12,0.2221281077877042,-1.2463171270609056e-05,helpful
-1.6404632919742035e-05,0.8503356852366198,0.06475695886984928,0.9950051160147633,True,0.27454364225423944,S1,mean,0.1,True,0.002949761310025758,IRMV1,1.0750998573908477,0.043762536832729265,S1-mean-+1-1.0,13,0.2745600468871592,-1.645011507699009e-05,helpful
-4.0238699394179456e-05,2.076949175785209e-30,0.4326813574246466,0.9666260858967363,True,0.3014801359318461,S1,variance,0.1,True,0.0027545316728953334,IRMV1,1.0750998573908477,0.03928177311879963,S1-variance-1.0,14,0.30152037463124026,-4.0285996106914426e-05,helpful
1.6341004576148066e-06,4.891860710841424e-30,0.45902343615116686,0.9645954083566626,True,0.2621931240065696,S2,relation,0.1,True,0.00033035200816895364,IRMV1,1.0750998573908477,0.0005652361647570547,S2-relation--1-0.25,15,0.26219148990611196,1.5909823110619374e-06,harmful
-2.536841496869613e-07,0.9893134569619969,0.0017757568527043664,0.9998624525886071,True,0.2563876711146098,S2,mean,0.1,True,0.0004188705247207349,IRMV1,1.0750998573908477,0.0008779851951268903,S2-mean--1-0.25,16,0.2563879247987595,-2.978002354694189e-07,helpful
-1.7403374513724756e-06,4.6606682457927444e-30,0.5798343639366993,0.9552997028620986,True,0.24999764211390985,S2,relation,0.1,True,0.00030695953938814145,IRMV1,1.0750998573908477,0.0004927389512466441,S2-relation-+1-0.25,17,0.24999938245136122,-1.785464097490956e-06,helpful
-2.536644077011374e-07,0.9893134569619952,0.0017757568527044713,0.9998624525886068,True,0.2563876711343518,S2,mean,0.1,True,0.0004188705247207349,IRMV1,1.0750998573908477,0.000877985195126891,S2-mean-+1-0.25,18,0.2563879247987595,-2.978002354694308e-07,helpful
-2.8730543361055183e-06,5.4484232276975914e-30,0.16616756666673768,0.9871289142893114,True,0.26020513038775095,S2,variance,0.1,True,0.0004214639027306038,IRMV1,1.0750998573908477,0.0009003570023965495,S2-variance-0.25,19,0.26020800344208705,-2.917226796435208e-06,helpful
3.0296019114528505e-06,5.0183592913835286e-30,0.40833071045031005,0.9684959214722436,True,0.26871601122815925,S2,relation,0.1,True,0.0006846274917419439,IRMV1,1.0750998573908477,0.00241794384608098,S2-relation--1-0.5,20,0.2687129816262478,2.9874828356948655e-06,harmful
-1.1470788662260034e-06,0.9585816837068707,0.006882380833862683,0.9994669013009988,True,0.2576896815727219,S2,mean,0.1,True,0.00085089558421687,IRMV1,1.0750998573908477,0.0036245322994010055,S2-mean--1-0.5,21,0.2576908286515881,-1.1912009418777e-06,helpful
-3.7192739067437586e-06,4.534268394325602e-30,0.6514392959369281,0.9497901150680831,True,0.24432504744283967,S2,relation,0.1,True,0.0005911416738902996,IRMV1,1.0750998573908477,0.0018379661379977136,S2-relation-+1-0.5,22,0.24432876671674641,-3.7654099814109114e-06,helpful
-1.1470393822543556e-06,0.958581683706869,0.0068823808338627415,0.9994669013009988,True,0.25768968161220596,S2,mean,0.1,True,0.0008508955842168701,IRMV1,1.0750998573908477,0.003624532299401007,S2-mean-+1-0.5,23,0.2576908286515882,-1.19120094187771e-06,helpful
-5.790229342217401e-06,5.414739084440524e-30,0.16616756666673768,0.9871289142893115,True,0.26445659314034864,S2,variance,0.1,True,0.000842927805461209,IRMV1,1.0750998573908477,0.003601428009586209,S2-variance-0.5,24,0.26446238336969086,-5.834453592870427e-06,helpful
5.237169818261833e-06,5.1797896921310764e-30,0.3230457933465263,0.97505810380042,True,0.2826120782218582,S2,relation,0.1,True,0.0014667265068916532,IRMV1,1.0750998573908477,0.011023806961001728,S2-relation--1-1.0,25,0.2826068410520399,5.197038525673673e-06,harmful
-4.720637990729415e-06,0.8526372818392699,0.024486904294164925,0.998103281823993,True,0.26289772342491213,S2,mean,0.1,True,0.001803192959748527,IRMV1,1.0750998573908477,0.01629959349989912,S2-mean--1-1.0,26,0.26290244406290286,-4.764803767510823e-06,helpful
-8.26058181835343e-06,4.209516833801005e-30,0.8209943051679331,0.9367438309832598,True,0.23383015065121893,S2,relation,0.1,True,0.0010941462677842787,IRMV1,1.0750998573908477,0.006383985296335569,S2-relation-+1-1.0,27,0.23383841123303728,-8.308747108537883e-06,helpful
-4.7205590224530525e-06,0.8526372818392662,0.024486904294165127,0.9981032818239933,True,0.2628977235038803,S2,mean,0.1,True,0.001803192959748527,IRMV1,1.0750998573908477,0.016299593499899127,S2-mean-+1-1.0,28,0.26290244406290275,-4.7648037675108535e-06,helpful
-1.1624579354219122e-05,5.448423227697584e-30,0.16616756666673765,0.9871289142893114,True,0.27295951864554424,S2,variance,0.1,True,0.0016858556109224166,IRMV1,1.0750998573908477,0.014405712038344811,S2-variance-1.0,29,0.27297114322489846,-1.1668907185740846e-05,helpful
4.4120669895342246e-08,1.0,-1.9274705288631195e-18,1.0,True,0.25595366763515315,U,emergent,0.1,True,0.0011318669746346662,IRMV1,1.0750998573908477,0.006397681385761115,U-emergent-0.25,30,0.25595362351448325,0.0,neutral
4.4120669895342246e-08,1.0,-1.9274705288631195e-18,1.0,True,0.25595366763515315,U,emergent,0.1,True,0.0022637339492693324,IRMV1,1.0750998573908477,0.02559072554304446,U-emergent-0.5,31,0.25595362351448325,0.0,neutral
4.4120669895342246e-08,1.0,-1.9274705288631195e-18,1.0,True,0.25595366763515315,U,emergent,0.1,True,0.004527467898538665,IRMV1,1.0750998573908477,0.10236290217217783,U-emergent-1.0,32,0.25595362351448325,0.0,neutral
-1.0526404905730757e-05,1.6120897643007807e-30,0.9655542471919096,0.7563283388619572,True,0.26629809067113697,S1,relation,1.0,True,0.00032375184865598863,IRMV1,1.0854767312733202,0.0006917238640540102,S1-relation--1-0.25,0,0.2663086170760427,-1.179161118888492e-05,helpful
-5.533004752811266e-06,0.9891193070949961,0.004707872975857558,0.9987961318837316,True,0.2571109919705227,S1,mean,1.0,True,0.0006833214441972347,IRMV1,1.0854767312733202,0.0023513876484882934,S1-mean--1-0.25,1,0.2571165249752755,-6.90077911782449e-06,helpful
8.777409623794696e-06,1.3509378103040718e-30,1.2902186760300827,0.675276082022904,True,0.2463668532144936,S1,relation,1.0,True,0.00028678822574852676,IRMV1,1.0854767312733202,0.000607596385055951,S1-relation-+1-0.25,2,0.2463580758048698,7.284979928264735e-06,harmful
-5.533055673412335e-06,0.9891193070949967,0.004707872975857506,0.9987961318837316,True,0.2571109919196022,S1,mean,1.0,True,0.0006833214441972346,IRMV1,1.0854767312733202,0.002351387648488293,S1-mean-+1-0.25,3,0.2571165249752756,-6.9007791178245e-06,helpful
-6.637628895478365e-05,2.100667474336656e-30,0.43268135742464636,0.8893574033584973,True,0.2672789350047178,S1,variance,1.0,True,0.0006588677044947686,IRMV1,1.0854767312733202,0.002455110819924973,S1-variance-0.25,4,0.26734531129367256,-6.759946890930106e-05,helpful
-2.695435954802594e-05,1.7357589906687993e-30,0.8267438388769845,0.7909822388563073,True,0.2773961021300002,S1,relation,1.0,True,0.0006857001333576692,IRMV1,1.0854767312733202,0.0029678852251444803,S1-relation--1-0.5,5,0.27742305648954824,-2.8089853638389835e-05,helpful
-2.6284624385475297e-05,0.9578529942589865,0.018236223655405708,0.99533674584415,True,0.2605789447332667,S1,mean,1.0,True,0.0013863616864382517,IRMV1,1.0854767312733202,0.009712567316798997,S1-mean--1-0.5,6,0.2606052293576522,-2.760311647129781e-05,helpful
1.1653269511580078e-05,1.2198402900518295e-30,1.4737087167691745,0.6294678837219179,True,0.23753362721671345,S1,relation,1.0,True,0.0005381844370151107,IRMV1,1.0854767312733202,0.002294865393160023,S1-relation-+1-0.5,7,0.23752197394720187,1.006332859590951e-05,harmful
-2.6284726226344368e-05,0.9578529942589871,0.018236223655405916,0.99533674584415,True,0.26057894463142584,S1,mean,1.0,True,0.001386361686438252,IRMV1,1.0854767312733202,0.009712567316799004,S1-mean-+1-0.5,8,0.2606052293576522,-2.7603116471298063e-05,helpful
-0.00013413676272744368,2.106221120226652e-30,0.4326813574246465,0.8893574033584974,True,0.2786028623101344,S1,variance,1.0,True,0.001317735408989539,IRMV1,1.0854767312733202,0.009820443279699921,S1-variance-0.5,9,0.27873699907286187,-0.00013519893781860232,helpful
-7.336236358679304e-05,1.9273159838268845e-30,0.5956318687486916,0.8486791031158911,True,0.30185691050881036,S1,relation,1.0,True,0.001527884969468817,IRMV1,1.0854767312733202,0.013741337539464145,S1-relation--1-1.0,10,0.30193027287239715,-7.420623231925978e-05,helpful
-0.00010929115383639942,0.8503356852366183,0.06475695886984897,0.9834407515900083,True,0.27445075573332267,S1,mean,1.0,True,0.0029251615275214158,IRMV1,1.0854767312733202,0.04376253683272921,S1-mean--1-1.0,11,0.27456004688715907,-0.00011041246588519156,helpful
3.85289453275206e-06,8.968311596373925e-31,1.867979284616106,0.5310383539314294,True,0.22213196068223695,S1,relation,1.0,True,0.0009434484632438071,IRMV1,1.0854767312733202,0.008357178883588494,S1-relation-+1-1.0,12,0.2221281077877042,2.100132149338639e-06,harmful
-0.00010929135751847063,0.8503356852366198,0.06475695886984928,0.9834407515900083,True,0.2744507555296407,S1,mean,1.0,True,0.0029251615275214166,IRMV1,1.0854767312733202,0.043762536832729265,S1-mean-+1-1.0,13,0.2745600468871592,-0.00011041246588519206,helpful
-0.0002696577102725417,2.076949175785209e-30,0.4326813574246466,0.8893574033584973,True,0.3012507169209677,S1,variance,1.0,True,0.0026354708179790764,IRMV1,1.0854767312733202,0.03928177311879963,S1-variance-1.0,14,0.30152037463124026,-0.0002703978756372045,helpful
9.511071696888251e-07,4.891860710841424e-30,0.45902343615116686,0.8826592589723614,True,0.26219244101328165,S2,relation,1.0,True,0.00031638030844249984,IRMV1,1.0854767312733202,0.0005652361647570547,S2-relation--1-0.25,15,0.26219148990611196,-3.9900788684176094e-07,helpful
-3.4384982960933286e-07,0.9893134569619969,0.0017757568527043664,0.9995271595360304,True,0.2563875809489299,S2,mean,1.0,True,0.0004181127354867911,IRMV1,1.0854767312733202,0.0008779851951268903,S2-mean--1-0.25,16,0.2563879247987595,-1.7233108222060797e-06,helpful
6.887398724675364e-07,4.6606682457927444e-30,0.5798343639366993,0.8525049517366414,True,0.2500000711912337,S2,relation,1.0,True,0.0002903855322802987,IRMV1,1.0854767312733202,0.0004927389512466441,S2-relation-+1-0.25,17,0.24999938245136122,-7.264195888847275e-07,helpful
-3.4388097880366786e-07,0.9893134569619952,0.0017757568527044713,0.9995271595360303,True,0.2563875809177807,S2,mean,1.0,True,0.00041811273548679115,IRMV1,1.0854767312733202,0.000877985195126891,S2-mean-+1-0.25,18,0.2563879247987595,-1.7233108222061648e-06,helpful
-1.5543654092398107e-05,5.4484232276975914e-30,0.16616756666673768,0.9557536555752174,True,0.26019245978799466,S2,variance,1.0,True,0.00041403099778864236,IRMV1,1.0854767312733202,0.0009003570023965495,S2-variance-0.25,19,0.26020800344208705,-1.6881412135896882e-05,helpful
-6.104930726502644e-07,5.0183592913835286e-30,0.40833071045031005,0.8953121103552742,True,0.26871237113317514,S2,relation,1.0,True,0.0006589515194109492,IRMV1,1.0854767312733202,0.00241794384608098,S2-relation--1-0.5,20,0.2687129816262478,-1.923443249409922e-06,helpful
-5.527984921260831e-06,0.9585816837068707,0.006882380833862683,0.9981673909117997,True,0.25768530066666684,S2,mean,1.0,True,0.0008489462143787741,IRMV1,1.0854767312733202,0.0036245322994010055,S2-mean--1-0.5,21,0.2576908286515881,-6.893243288824482e-06,helpful
-1.1352276673148864e-06,4.534268394325602e-30,0.6514392959369281,0.8346324059082182,True,0.2443276314890791,S2,relation,1.0,True,0.0005550091595949847,IRMV1,1.0854767312733202,0.0018379661379977136,S2-relation-+1-0.5,22,0.24432876671674641,-2.5782666534958417e-06,helpful
-5.528047219538479e-06,0.958581683706869,0.0068823808338627415,0.9981673909117996,True,0.25768530060436867,S2,mean,1.0,True,0.0008489462143787741,IRMV1,1.0854767312733202,0.003624532299401007,S2-mean-+1-0.5,23,0.2576908286515882,-6.893243288824569e-06,helpful
-3.24714930026726e-05,5.414739084440524e-30,0.16616756666673768,0.9557536555752175,True,0.2644299118766882,S2,variance,1.0,True,0.000828061995577286,IRMV1,1.0854767312733202,0.003601428009586209,S2-variance-0.5,24,0.26446238336969086,-3.376282427179381e-05,helpful
-7.119261339449956e-06,5.1797896921310764e-30,0.3230457933465263,0.9165991180873735,True,0.2825997217907005,S2,relation,1.0,True,0.0014233068013572133,IRMV1,1.0854767312733202,0.011023806961001728,S2-relation--1-1.0,25,0.2826068410520399,-8.348596401725717e-06,helpful
-2.6264556437394226e-05,0.8526372818392699,0.024486904294164925,0.993479738416888,True,0.26287617950646547,S2,mean,1.0,True,0.0017960581519764882,IRMV1,1.0854767312733202,0.01629959349989912,S2-mean--1-1.0,26,0.26290244406290286,-2.7572973155298098e-05,helpful
-8.168730528557155e-06,4.209516833801005e-30,0.8209943051679331,0.7923115485180446,True,0.23383024250250872,S2,relation,1.0,True,0.0010081402428195971,IRMV1,1.0854767312733202,0.006383985296335569,S2-relation-+1-1.0,27,0.23383841123303728,-9.658243209897569e-06,helpful
-2.62646810338385e-05,0.8526372818392662,0.024486904294165127,0.9934797384168884,True,0.2628761793818689,S2,mean,1.0,True,0.0017960581519764886,IRMV1,1.0854767312733202,0.016299593499899127,S2-mean-+1-1.0,28,0.26290244406290275,-2.757297315529833e-05,helpful
-6.632717082333262e-05,5.448423227697584e-30,0.16616756666673765,0.9557536555752176,True,0.27290481605407513,S2,variance,1.0,True,0.0016561239911545708,IRMV1,1.0854767312733202,0.014405712038344811,S2-variance-1.0,29,0.27297114322489846,-6.752564854358758e-05,helpful
1.3841848178763883e-06,1.0,-1.9274705288631195e-18,1.0,True,0.25595500769930113,U,emergent,1.0,True,0.0011334405070940348,IRMV1,1.0854767312733202,0.006397681385761115,U-emergent-0.25,30,0.25595362351448325,0.0,neutral
1.3841848178763883e-06,1.0,-1.9274705288631195e-18,1.0,True,0.25595500769930113,U,emergent,1.0,True,0.0022668810141880697,IRMV1,1.0854767312733202,0.02559072554304446,U-emergent-0.5,31,0.25595362351448325,0.0,neutral
1.3841848178763883e-06,1.0,-1.9274705288631195e-18,1.0,True,0.25595500769930113,U,emergent,1.0,True,0.004533762028376139,IRMV1,1.0854767312733202,0.10236290217217783,U-emergent-1.0,32,0.25595362351448325,0.0,neutral
0.0,,0.0016691157868385254,1.0,True,0.2663086170760427,S1,relation,0.0,True,0.00037194727154638734,VREX,1.0710950225474327,0.0006917238640540102,S1-relation--1-0.25,0,0.2663086170760427,0.0,neutral
0.0,,-8.919297477307422e-07,1.0,True,0.2571165249752755,S1,mean,0.0,True,0.0006857678395037626,VREX,1.0710950225474327,0.0023513876484882934,S1-mean--1-0.25,1,0.2571165249752755,0.0,neutral
0.0,,0.0015865460207313785,1.0,True,0.2463580758048698,S1,relation,0.0,True,0.0003485961517446659,VREX,1.0710950225474327,0.000607596385055951,S1-relation-+1-0.25,2,0.2463580758048698,0.0,neutral
0.0,,-8.919297477307255e-07,1.0,True,0.2571165249752756,S1,mean,0.0,True,0.0006857678395037625,VREX,1.0710950225474327,0.002351387648488293,S1-mean-+1-0.25,3,0.2571165249752756,0.0,neutral
0.0,,-8.197361652186248e-05,1.0,True,0.26734531129367256,S1,variance,0.0,True,0.0007007297367637506,VREX,1.0710950225474327,0.002455110819924973,S1-variance-0.25,4,0.26734531129367256,0.0,neutral
0.0,,0.0016836098117065266,1.0,True,0.27742305648954824,S1,relation,0.0,True,0.0007704395141923185,VREX,1.0710950225474327,0.0029678852251444803,S1-relation--1-0.5,5,0.27742305648954824,0.0,neutral
0.0,,-3.4549424862008945e-06,1.0,True,0.2606052293576522,S1,mean,0.0,True,0.0013937408164216897,VREX,1.0710950225474327,0.009712567316798997,S1-mean--1-0.5,6,0.2606052293576522,0.0,neutral
0.0,,0.001512968881655173,1.0,True,0.23752197394720187,S1,relation,0.0,True,0.0006774755188433041,VREX,1.0710950225474327,0.002294865393160023,S1-relation-+1-0.5,7,0.23752197394720187,0.0,neutral
0.0,,-3.454942486201064e-06,1.0,True,0.2606052293576522,S1,mean,0.0,True,0.0013937408164216899,VREX,1.0710950225474327,0.009712567316799004,S1-mean-+1-0.5,8,0.2606052293576522,0.0,neutral
0.0,,-8.197361652186245e-05,1.0,True,0.27873699907286187,S1,variance,0.0,True,0.0014014594735275035,VREX,1.0710950225474327,0.009820443279699921,S1-variance-0.5,9,0.27873699907286187,0.0,neutral
0.0,,0.0016733094530359395,1.0,True,0.30193027287239715,S1,relation,0.0,True,0.0016577899468547964,VREX,1.0710950225474327,0.013741337539464145,S1-relation--1-1.0,10,0.30193027287239715,0.0,neutral
0.0,,-1.2268525145458188e-05,1.0,True,0.27456004688715907,S1,mean,0.0,True,0.0029584636834928085,VREX,1.0710950225474327,0.04376253683272921,S1-mean--1-1.0,11,0.27456004688715907,0.0,neutral
0.0,,0.001291811996782161,1.0,True,0.2221281077877042,S1,relation,0.0,True,0.0012928401976724335,VREX,1.0710950225474327,0.008357178883588494,S1-relation-+1-1.0,12,0.2221281077877042,0.0,neutral
0.0,,-1.2268525145458587e-05,1.0,True,0.2745600468871592,S1,mean,0.0,True,0.0029584636834928102,VREX,1.0710950225474327,0.043762536832729265,S1-mean-+1-1.0,13,0.2745600468871592,0.0,neutral
0.0,,-8.19736165218624e-05,1.0,True,0.30152037463124026,S1,variance,0.0,True,0.0028029189470550045,VREX,1.0710950225474327,0.03928177311879963,S1-variance-1.0,14,0.30152037463124026,0.0,neutral
0.0,,0.0011018120393684408,1.0,True,0.26219148990611196,S2,relation,0.0,True,0.000336224973717615,VREX,1.0710950225474327,0.0005652361647570547,S2-relation--1-0.25,15,0.26219148990611196,0.0,neutral
0.0,,8.06596299801724e-06,1.0,True,0.2563879247987595,S2,mean,0.0,True,0.0004190430037900382,VREX,1.0710950225474327,0.0008779851951268903,S2-mean--1-0.25,16,0.2563879247987595,0.0,neutral
0.0,,0.001073181187729852,1.0,True,0.24999938245136122,S2,relation,0.0,True,0.0003139232234947405,VREX,1.0710950225474327,0.0004927389512466441,S2-relation-+1-0.25,17,0.24999938245136122,0.0,neutral
0.0,,8.065962998017236e-06,1.0,True,0.2563879247987595,S2,mean,0.0,True,0.0004190430037900382,VREX,1.0710950225474327,0.000877985195126891,S2-mean-+1-0.25,18,0.2563879247987595,0.0,neutral
0.0,,0.0007547775711356552,1.0,True,0.26020800344208705,S2,variance,0.0,True,0.00042434820664085515,VREX,1.0710950225474327,0.0009003570023965495,S2-variance-0.25,19,0.26020800344208705,0.0,neutral
0.0,,0.0011117580958678165,1.0,True,0.2687129816262478,S2,relation,0.0,True,0.0006954054710858954,VREX,1.0710950225474327,0.00241794384608098,S2-relation--1-0.5,20,0.2687129816262478,0.0,neutral
0.0,,3.1261616172214784e-05,1.0,True,0.2576908286515881,S2,mean,0.0,True,0.0008514143878747884,VREX,1.0710950225474327,0.0036245322994010055,S2-mean--1-0.5,21,0.2576908286515881,0.0,neutral
0.0,,0.0010534916277264287,1.0,True,0.24432876671674641,S2,relation,0.0,True,0.0006062946706013031,VREX,1.0710950225474327,0.0018379661379977136,S2-relation-+1-0.5,22,0.24432876671674641,0.0,neutral
0.0,,3.12616161722145e-05,1.0,True,0.2576908286515882,S2,mean,0.0,True,0.0008514143878747884,VREX,1.0710950225474327,0.003624532299401007,S2-mean-+1-0.5,23,0.2576908286515882,0.0,neutral
0.0,,0.0007547775711356554,1.0,True,0.26446238336969086,S2,variance,0.0,True,0.0008486964132817115,VREX,1.0710950225474327,0.003601428009586209,S2-variance-0.5,24,0.26446238336969086,0.0,neutral
0.0,,0.0011249673386272807,1.0,True,0.2826068410520399,S2,relation,0.0,True,0.0014848438948927747,VREX,1.0710950225474327,0.011023806961001728,S2-relation--1-1.0,25,0.2826068410520399,0.0,neutral
0.0,,0.00011122607448926752,1.0,True,0.26290244406290286,S2,mean,0.0,True,0.0018055244944280933,VREX,1.0710950225474327,0.01629959349989912,S2-mean--1-1.0,26,0.26290244406290286,0.0,neutral
0.0,,0.0010003671405152724,1.0,True,0.23383841123303728,S2,relation,0.0,True,0.0011299544500850969,VREX,1.0710950225474327,0.006383985296335569,S2-relation-+1-1.0,27,0.23383841123303728,0.0,neutral
0.0,,0.00011122607448926742,1.0,True,0.26290244406290275,S2,mean,0.0,True,0.0018055244944280935,VREX,1.0710950225474327,0.016299593499899127,S2-mean-+1-1.0,28,0.26290244406290275,0.0,neutral
0.0,,0.0007547775711356554,1.0,True,0.27297114322489846,S2,variance,0.0,True,0.0016973928265634217,VREX,1.0710950225474327,0.014405712038344811,S2-variance-1.0,29,0.27297114322489846,0.0,neutral
0.0,,-4.4813689796067515e-17,1.0,True,0.25595362351448325,U,emergent,0.0,True,0.0011311658928522476,VREX,1.0710950225474327,0.006397681385761115,U-emergent-0.25,30,0.25595362351448325,0.0,neutral
0.0,,-4.4813689796067515e-17,1.0,True,0.25595362351448325,U,emergent,0.0,True,0.002262331785704495,VREX,1.0710950225474327,0.02559072554304446,U-emergent-0.5,31,0.25595362351448325,0.0,neutral
0.0,,-4.4813689796067515e-17,1.0,True,0.25595362351448325,U,emergent,0.0,True,0.00452466357140899,VREX,1.0710950225474327,0.10236290217217783,U-emergent-1.0,32,0.25595362351448325,0.0,neutral
-1.4870871201111413e-10,,0.0016691157868385254,0.9999999833088423,True,0.266308616927334,S1,relation,1e-05,True,0.0003719472661395645,VREX,1.0710950310465397,0.0006917238640540102,S1-relation--1-0.25,0,0.2663086170760427,-1.3307600314694328e-10,helpful
1.972499941160777e-11,,-8.919297477307422e-07,1.0000000000089195,True,0.2571165249950005,S1,mean,1e-05,True,0.0006857678376426839,VREX,1.0710950310465397,0.0023513876484882934,S1-mean--1-0.25,1,0.2571165249752755,-6.322278435128169e-12,helpful
1.4577505869084462e-10,,0.0015865460207313785,0.9999999841345402,True,0.24635807595064485,S1,relation,1e-05,True,0.0003485961469700506,VREX,1.0710950310465397,0.000607596385055951,S1-relation-+1-0.25,2,0.2463580758048698,1.2894716825053297e-10,harmful
-2.8709479238386848e-11,,-8.919297477307255e-07,1.0000000000089193,True,0.2571165249465661,S1,mean,1e-05,True,0.0006857678376426837,VREX,1.0710950310465397,0.002351387648488293,S1-mean-+1-0.25,3,0.2571165249752756,-6.322278435128234e-12,helpful
-4.400646513857964e-11,,-8.197361652186248e-05,1.0000000008197365,True,0.2673453112496661,S1,variance,1e-05,True,0.0007007297351461492,VREX,1.0710950310465397,0.002455110819924973,S1-variance-0.25,4,0.26734531129367256,-6.193252344615362e-11,helpful
-3.003515214317076e-10,,0.0016836098117065266,0.9999999831639022,True,0.2774230561891967,S1,relation,1e-05,True,0.0007704395028317821,VREX,1.0710950310465397,0.0029678852251444803,S1-relation--1-0.5,5,0.27742305648954824,-2.7028084119029655e-10,helpful
3.046529695183153e-11,,-3.4549424862008945e-06,1.0000000000345495,True,0.2606052293881175,S1,mean,1e-05,True,0.0013937408126571318,VREX,1.0710950310465397,0.009712567316798997,S1-mean--1-0.5,6,0.2606052293576522,-2.528911374051257e-11,helpful
2.886167971283271e-10,,0.001512968881655173,0.9999999848703112,True,0.23752197423581867,S1,relation,1e-05,True,0.0006774755100171809,VREX,1.0710950310465397,0.002294865393160023,S1-relation-+1-0.5,7,0.23752197394720187,2.537655016046556e-10,harmful
-6.64036603481577e-11,,-3.454942486201064e-06,1.0000000000345495,True,0.2606052292912485,S1,mean,1e-05,True,0.0013937408126571318,VREX,1.0710950310465397,0.009712567316799004,S1-mean-+1-0.5,8,0.2606052293576522,-2.5289113740512902e-11,helpful
-8.801293027715928e-11,,-8.197361652186245e-05,1.0000000008197363,True,0.27873699898484894,S1,variance,1e-05,True,0.0014014594702923006,VREX,1.0710950310465397,0.009820443279699921,S1-variance-0.5,9,0.27873699907286187,-1.2386504689230742e-10,helpful
-6.124383222783081e-10,,0.0016733094530359395,0.9999999832669056,True,0.30193027225995883,S1,relation,1e-05,True,0.0016577899222446298,VREX,1.0710950310465397,0.013741337539464145,S1-relation--1-1.0,10,0.30193027287239715,-5.570770219662339e-10,helpful
2.499178641812705e-11,,-1.2268525145458188e-05,1.0000000001226852,True,0.27456004691215086,S1,mean,1e-05,True,0.002958463675632235,VREX,1.0710950310465397,0.04376253683272921,S1-mean--1-1.0,11,0.27456004688715907,-1.0115645496205065e-10,helpful
5.654985368863663e-10,,0.001291811996782161,0.9999999870818804,True,0.22212810835320274,S1,relation,1e-05,True,0.001292840183275066,VREX,1.0710950310465397,0.008357178883588494,S1-relation-+1-1.0,12,0.2221281077877042,4.9101566362367e-10,harmful
-1.6874612818185142e-10,,-1.2268525145458587e-05,1.0000000001226854,True,0.27456004671841305,S1,mean,1e-05,True,0.002958463675632237,VREX,1.0710950310465397,0.043762536832729265,S1-mean-+1-1.0,13,0.2745600468871592,-1.011564549620513e-10,helpful
-1.7602563850971364e-10,,-8.19736165218624e-05,1.0000000008197365,True,0.3015203744552146,S1,variance,1e-05,True,0.0028029189405845987,VREX,1.0710950310465397,0.03928177311879963,S1-variance-1.0,14,0.30152037463124026,-2.477300937846146e-10,helpful
-7.833522719380426e-11,,0.0011018120393684408,0.9999999889818799,True,0.26219148982777674,S2,relation,1e-05,True,0.00033622496931954936,VREX,1.0710950310465397,0.0005652361647570547,S2-relation--1-0.25,15,0.26219148990611196,-6.343128759385471e-11,helpful
1.478217548367411e-11,,8.06596299801724e-06,0.9999999999193404,True,0.25638792481354167,S2,mean,1e-05,True,0.00041904300377714767,VREX,1.0710950310465397,0.0008779851951268903,S2-mean--1-0.25,16,0.2563879247987595,8.310814122273702e-15,neutral
7.832423598586047e-11,,0.001073181187729852,0.9999999892681881,True,0.24999938252968545,S2,relation,1e-05,True,0.0003139232193687933,VREX,1.0710950310465397,0.0004927389512466441,S2-relation-+1-0.25,17,0.24999938245136122,6.343671506430188e-11,harmful
-1.4816925464344877e-11,,8.065962998017236e-06,0.9999999999193404,True,0.25638792478394257,S2,mean,1e-05,True,0.0004190430037771477,VREX,1.0710950310465397,0.000877985195126891,S2-mean-+1-0.25,18,0.2563879247987595,8.31081412218747e-15,neutral
-1.7041923427996153e-13,,0.0007547775711356552,0.9999999924522244,True,0.26020800344191664,S2,variance,1e-05,True,0.0004243482050434728,VREX,1.0710950310465397,0.0009003570023965495,S2-variance-0.25,19,0.26020800344208705,8.14120567074195e-14,neutral
-1.5668188968476215e-10,,0.0011117580958678165,0.9999999888824191,True,0.2687129814695659,S2,relation,1e-05,True,0.0006954054620393549,VREX,1.0710950310465397,0.00241794384608098,S2-relation--1-0.5,20,0.2687129816262478,-1.268571477172621e-10,helpful
2.952960098667745e-11,,3.1261616172214784e-05,0.9999999996873838,True,0.2576908286811177,S2,mean,1e-05,True,0.0008514143877498517,VREX,1.0710950310465397,0.0036245322994010055,S2-mean--1-0.5,21,0.2576908286515881,3.3243256488949406e-14,neutral
1.5663648156305499e-10,,0.0010534916277264287,0.9999999894650837,True,0.2443287668733829,S2,relation,1e-05,True,0.0006062946626465196,VREX,1.0710950310465397,0.0018379661379977136,S2-relation-+1-0.5,22,0.24432876671674641,1.2687885759905078e-10,harmful
-2.9668711931662983e-11,,3.12616161722145e-05,0.9999999996873838,True,0.2576908286219195,S2,mean,1e-05,True,0.0008514143877498517,VREX,1.0710950310465397,0.003624532299401007,S2-mean-+1-0.5,23,0.2576908286515882,3.3243256488812485e-14,neutral
-3.410605131648481e-13,,0.0007547775711356554,0.9999999924522244,True,0.2644623833693498,S2,variance,1e-05,True,0.0008486964100869471,VREX,1.0710950310465397,0.003601428009586209,S2-variance-0.5,24,0.26446238336969086,1.6282411341485434e-13,neutral
-3.1340952055813887e-10,,0.0011249673386272807,0.9999999887503266,True,0.2826068407386304,S2,relation,1e-05,True,0.001484843875870705,VREX,1.0710950310465397,0.011023806961001728,S2-relation--1-1.0,25,0.2826068410520399,-2.5369258555273554e-10,helpful
5.891953591685706e-11,,0.00011122607448926752,0.999999998887739,True,0.2629024441218224,S2,mean,1e-05,True,0.0018055244934412616,VREX,1.0710950310465397,0.01629959349989912,S2-mean--1-1.0,26,0.26290244406290286,1.3297302595562314e-13,neutral
3.132275550044028e-10,,0.0010003671405152724,0.9999999899963287,True,0.23383841154626483,S2,relation,1e-05,True,0.0011299544354825288,VREX,1.0710950310465397,0.006383985296335569,S2-relation-+1-1.0,27,0.23383841123303728,2.537794250798901e-10,harmful
-5.947675685291642e-11,,0.00011122607448926742,0.9999999988877393,True,0.262902444003426,S2,mean,1e-05,True,0.0018055244934412618,VREX,1.0710950310465397,0.016299593499899127,S2-mean-+1-1.0,28,0.26290244406290275,1.3297302595535334e-13,neutral
-6.821210263296962e-13,,0.0007547775711356554,0.9999999924522244,True,0.27297114322421634,S2,variance,1e-05,True,0.0016973928201738926,VREX,1.0710950310465397,0.014405712038344811,S2-variance-1.0,29,0.27297114322489846,3.256482268296974e-13,neutral
1.1102230246251565e-16,,-4.4813689796067515e-17,1.0,True,0.25595362351448336,U,emergent,1e-05,True,0.0011311658810707968,VREX,1.0710950310465397,0.006397681385761115,U-emergent-0.25,30,0.25595362351448325,0.0,neutral
1.1102230246251565e-16,,-4.4813689796067515e-17,1.0,True,0.25595362351448336,U,emergent,1e-05,True,0.0022623317621415936,VREX,1.0710950310465397,0.02559072554304446,U-emergent-0.5,31,0.25595362351448325,0.0,neutral
1.1102230246251565e-16,,-4.4813689796067515e-17,1.0,True,0.25595362351448336,U,emergent,1e-05,True,0.004524663524283187,VREX,1.0710950310465397,0.10236290217217783,U-emergent-1.0,32,0.25595362351448325,0.0,neutral
-1.341095123841285e-09,,0.0016691157868385254,0.9999998330884503,True,0.2663086157349476,S1,relation,0.0001,True,0.00037194721747816977,VREX,1.071095107538469,0.0006917238640540102,S1-relation--1-0.25,0,0.2663086170760427,-1.3307598246750342e-09,helpful
-2.688210765100507e-10,,-8.919297477307422e-07,1.0000000000891933,True,0.2571165247064544,S1,mean,0.0001,True,0.0006857678208929829,VREX,1.071095107538469,0.0023513876484882934,S1-mean--1-0.25,1,0.2571165249752755,-6.322275969184579e-11,helpful
1.2962877438127407e-09,,0.0015865460207313785,0.9999998413454274,True,0.24635807710115754,S1,relation,0.0001,True,0.0003485961039985239,VREX,1.071095107538469,0.000607596385055951,S1-relation-+1-0.25,2,0.2463580758048698,1.289471491815052e-09,harmful
1.3159162648435085e-10,,-8.919297477307255e-07,1.0000000000891935,True,0.2571165251068672,S1,mean,0.0001,True,0.0006857678208929829,VREX,1.071095107538469,0.002351387648488293,S1-mean-+1-0.25,3,0.2571165249752756,-6.322275969184639e-11,helpful
-6.721576628621051e-10,,-8.197361652186248e-05,1.0000000081973845,True,0.2673453106215149,S1,variance,0.0001,True,0.0007007297205877513,VREX,1.071095107538469,0.002455110819924973,S1-variance-0.25,4,0.26734531129367256,-6.193249928997148e-10,helpful
-2.727002623714725e-09,,0.0016836098117065266,0.9999998316390478,True,0.2774230537625456,S1,relation,0.0001,True,0.000770439400586974,VREX,1.071095107538469,0.0029678852251444803,S1-relation--1-0.5,5,0.27742305648954824,-2.7028079822100465e-09,helpful
-6.748763770048072e-10,,-3.4549424862008945e-06,1.0000000003454952,True,0.2606052286827758,S1,mean,0.0001,True,0.0013937407787761235,VREX,1.071095107538469,0.009712567316798997,S1-mean--1-0.5,6,0.2606052293576522,-2.528910387673821e-10,helpful
2.547763777727141e-09,,0.001512968881655173,0.999999848703141,True,0.23752197649496565,S1,relation,0.0001,True,0.0006774754305820934,VREX,1.071095107538469,0.002294865393160023,S1-relation-+1-0.5,7,0.23752197394720187,2.5376546507701217e-09,harmful
1.259494730732058e-10,,-3.454942486201064e-06,1.0000000003454954,True,0.26060522948360165,S1,mean,0.0001,True,0.0013937407787761235,VREX,1.071095107538469,0.009712567316799004,S1-mean-+1-0.5,8,0.2606052293576522,-2.5289103876738526e-10,helpful
-1.3443166579918397e-09,,-8.197361652186245e-05,1.0000000081973843,True,0.2787369977285452,S1,variance,0.0001,True,0.0014014594411755048,VREX,1.071095107538469,0.009820443279699921,S1-variance-0.5,9,0.27873699907286187,-1.2386499857994315e-09,helpful
-5.633249422487552e-09,,0.0016733094530359395,0.9999998326690831,True,0.30193026723914773,S1,relation,0.0001,True,0.001657789700753175,VREX,1.071095107538469,0.013741337539464145,S1-relation--1-1.0,10,0.30193027287239715,-5.570769295860015e-09,helpful
-1.8986842098556167e-09,,-1.2268525145458188e-05,1.000000001226856,True,0.27456004498847486,S1,mean,0.0001,True,0.0029584636048871115,VREX,1.071095107538469,0.04376253683272921,S1-mean--1-1.0,11,0.27456004688715907,-1.011564155069532e-09,helpful
4.916283602440785e-09,,0.001291811996782161,0.9999998708188298,True,0.2221281127039878,S1,relation,0.0001,True,0.0012928400536988025,VREX,1.071095107538469,0.008357178883588494,S1-relation-+1-1.0,12,0.2221281077877042,4.910155970100318e-09,harmful
-2.970325096995907e-10,,-1.2268525145458587e-05,1.000000001226856,True,0.27456004659012667,S1,mean,0.0001,True,0.0029584636048871123,VREX,1.071095107538469,0.043762536832729265,S1-mean-+1-1.0,13,0.2745600468871592,-1.0115641550695386e-09,helpful
-2.6886347592736115e-09,,-8.19736165218624e-05,1.0000000081973843,True,0.3015203719426055,S1,variance,0.0001,True,0.002802918882351007,VREX,1.071095107538469,0.03928177311879963,S1-variance-1.0,14,0.30152037463124026,-2.4772999715988613e-09,helpful
-6.392559814827337e-10,,0.0011018120393684408,0.9999998898188096,True,0.262191489266856,S2,relation,0.0001,True,0.00033622492973696443,VREX,1.071095107538469,0.0005652361647570547,S2-relation--1-0.25,15,0.26219148990611196,-6.34312805066984e-10,helpful
-1.2414935746107858e-10,,8.06596299801724e-06,0.999999999193404,True,0.25638792467461013,S2,mean,0.0001,True,0.00041904300366113397,VREX,1.071095107538469,0.0008779851951268903,S2-mean--1-0.25,16,0.2563879247987595,8.311005422078123e-14,neutral
6.380833639241246e-10,,0.001073181187729852,0.9999998926818952,True,0.24999938308944458,S2,relation,0.0001,True,0.00031392318223527453,VREX,1.071095107538469,0.0004927389512466441,S2-relation-+1-0.25,17,0.24999938245136122,6.343670810207603e-10,harmful
1.205497923706389e-10,,8.065962998017236e-06,0.9999999991934037,True,0.2563879249193093,S2,mean,0.0001,True,0.0004190430036611341,VREX,1.071095107538469,0.000877985195126891,S2-mean-+1-0.25,18,0.2563879247987595,8.311005421993466e-14,neutral
-1.76442194188553e-11,,0.0007547775711356552,0.9999999245222573,True,0.26020800342444284,S2,variance,0.0001,True,0.0004243481906670352,VREX,1.071095107538469,0.0009003570023965495,S2-variance-0.25,19,0.26020800344208705,8.141393066470206e-13,neutral
-1.2796906867507118e-09,,0.0011117580958678165,0.9999998888242039,True,0.2687129803465571,S2,relation,0.0001,True,0.0006954053806205027,VREX,1.071095107538469,0.00241794384608098,S2-relation--1-0.5,20,0.2687129816262478,-1.2685713341801897e-09,helpful
-2.519028319269978e-10,,3.1261616172214784e-05,0.999999996873839,True,0.25769082839968527,S2,mean,0.0001,True,0.0008514143866254245,VREX,1.071095107538469,0.0036245322994010055,S2-mean--1-0.5,21,0.2576908286515881,3.3244021688167735e-13,neutral
1.274988337129912e-09,,0.0010534916277264287,0.9999998946508514,True,0.24432876799173475,S2,relation,0.0001,True,0.0006062945910534808,VREX,1.071095107538469,0.0018379661379977136,S2-relation-+1-0.5,22,0.24432876671674641,1.268788437995296e-09,harmful
2.3749513466952976e-10,,3.12616161722145e-05,0.9999999968738392,True,0.25769082888908335,S2,mean,0.0001,True,0.0008514143866254246,VREX,1.071095107538469,0.003624532299401007,S2-mean-+1-0.5,23,0.2576908286515882,3.324402168803655e-13,neutral
-3.5289993149945076e-11,,0.0007547775711356554,0.9999999245222574,True,0.26446238333440086,S2,variance,0.0001,True,0.0008486963813340717,VREX,1.071095107538469,0.003601428009586209,S2-variance-0.5,24,0.26446238336969086,1.6282786132940978e-12,harmful
-2.5640882750366245e-09,,0.0011249673386272807,0.9999998875032793,True,0.28260683848795165,S2,relation,0.0001,True,0.0014848437046721024,VREX,1.071095107538469,0.011023806961001728,S2-relation--1-1.0,25,0.2826068410520399,-2.536925564545274e-09,helpful
-5.182179130258646e-10,,0.00011122607448926752,0.9999999888773947,True,0.26290244354468495,S2,mean,0.0001,True,0.001805524484559782,VREX,1.071095107538469,0.01629959349989912,S2-mean--1-1.0,26,0.26290244406290286,1.3297608675251067e-12,harmful
2.5452695506800183e-09,,0.0010003671405152724,0.9999998999633009,True,0.23383841377830683,S2,relation,0.0001,True,0.0011299543040594426,VREX,1.071095107538469,0.006383985296335569,S2-relation-+1-1.0,27,0.23383841123303728,2.537793979805697e-09,harmful
4.60578131189493e-10,,0.00011122607448926742,0.9999999888773949,True,0.2629024445234809,S2,mean,0.0001,True,0.0018055244845597822,VREX,1.071095107538469,0.016299593499899127,S2-mean-+1-1.0,28,0.26290244406290275,1.3297608675223796e-12,harmful
-7.058154061212463e-11,,0.0007547775711356554,0.9999999245222575,True,0.2729711431543169,S2,variance,0.0001,True,0.001697392762668142,VREX,1.071095107538469,0.014405712038344811,S2-variance-1.0,29,0.27297114322489846,3.25655722658817e-12,harmful
1.5543122344752192e-15,,-4.4813689796067515e-17,1.0,True,0.2559536235144848,U,emergent,0.0001,True,0.001131165775037751,VREX,1.071095107538469,0.006397681385761115,U-emergent-0.25,30,0.25595362351448325,0.0,neutral
1.5543122344752192e-15,,-4.4813689796067515e-17,1.0,True,0.2559536235144848,U,emergent,0.0001,True,0.002262331550075502,VREX,1.071095107538469,0.02559072554304446,U-emergent-0.5,31,0.25595362351448325,0.0,neutral
1.5543122344752192e-15,,-4.4813689796067515e-17,1.0,True,0.2559536235144848,U,emergent,0.0001,True,0.004524663100151004,VREX,1.071095107538469,0.10236290217217783,U-emergent-1.0,32,0.25595362351448325,0.0,neutral
-1.330732946058788e-08,,0.0016691157868385254,0.9999983308871236,True,0.26630860376871324,S1,relation,0.001,True,0.0003719467308652137,VREX,1.0710958724547532,0.0006917238640540102,S1-relation--1-0.25,0,0.2663086170760427,-1.330757756734835e-08,helpful
-6.111139372322327e-10,,-8.919297477307422e-07,1.0000000008919545,True,0.25711652436416155,S1,mean,0.001,True,0.0006857676533967019,VREX,1.0710958724547532,0.0023513876484882934,S1-mean--1-0.25,1,0.2571165249752755,-6.32225130977407e-10,helpful
1.2894167955579405e-08,,0.0015865460207313785,0.999998413456915,True,0.24635808869903775,S1,relation,0.001,True,0.0003485956742842591,VREX,1.0710958724547532,0.000607596385055951,S1-relation-+1-0.25,2,0.2463580758048698,1.2894695849159014e-08,harmful
-6.549095710184361e-10,,-8.919297477307255e-07,1.0000000008919545,True,0.257116524320366,S1,mean,0.001,True,0.0006857676533967016,VREX,1.0710958724547532,0.002351387648488293,S1-mean-+1-0.25,3,0.2571165249752756,-6.32225130977413e-10,helpful
-6.2024595459675425e-09,,-8.197361652186248e-05,1.0000000819758945,True,0.267345305091213,S1,variance,0.001,True,0.0007007295750052118,VREX,1.0710958724547532,0.002455110819924973,S1-variance-0.25,4,0.26734531129367256,-6.1932257728399155e-09,helpful
-2.7028341675894296e-08,,0.0016836098117065266,0.9999983163930818,True,0.27742302946120656,S1,relation,0.001,True,0.0007704383781408788,VREX,1.0710958724547532,0.0029678852251444803,S1-relation--1-0.5,5,0.27742305648954824,-2.7028036852886e-08,helpful
-2.4887727434474982e-09,,-3.4549424862008945e-06,1.0000000034550385,True,0.26060522686887944,S1,mean,0.001,True,0.0013937404399675649,VREX,1.0710958724547532,0.009712567316798997,S1-mean--1-0.5,6,0.2606052293576522,-2.5289005239096167e-09,helpful
2.5374653711551787e-08,,0.001512968881655173,0.9999984870340595,True,0.23752199932185558,S1,relation,0.001,True,0.0006774746362332479,VREX,1.0710958724547532,0.002294865393160023,S1-relation-+1-0.5,7,0.23752197394720187,2.5376509980128685e-08,harmful
-2.576363566930695e-09,,-3.454942486201064e-06,1.0000000034550385,True,0.2606052267812886,S1,mean,0.001,True,0.0013937404399675653,VREX,1.0710958724547532,0.009712567316799004,S1-mean-+1-0.5,8,0.2606052293576522,-2.5289005239096494e-09,helpful
-1.2405092730816136e-08,,-8.197361652186245e-05,1.0000000819758945,True,0.27873698666776914,S1,variance,0.001,True,0.0014014591500104256,VREX,1.0710958724547532,0.009820443279699921,S1-variance-0.5,9,0.27873699907286187,-1.2386451545679849e-08,helpful
-5.5710892565841164e-08,,0.0016733094530359395,0.9999983266934009,True,0.3019302171615046,S1,relation,0.001,True,0.0016577874858426703,VREX,1.0710958724547532,0.013741337539464145,S1-relation--1-1.0,10,0.30193027287239715,-5.570760057852929e-08,helpful
-1.0043202935960949e-08,,-1.2268525145458188e-05,1.000000012268866,True,0.27456003684395613,S1,mean,0.001,True,0.002958462897439418,VREX,1.0710958724547532,0.04376253683272921,S1-mean--1-1.0,11,0.27456004688715907,-1.0115602095638503e-08,helpful
4.909509843109561e-08,,0.001291811996782161,0.999998708190937,True,0.22212815688280263,S1,relation,0.001,True,0.0012928387579403534,VREX,1.0710958724547532,0.008357178883588494,S1-relation-+1-1.0,12,0.2221281077877042,4.910149308750005e-08,harmful
-1.0218384804971947e-08,,-1.2268525145458587e-05,1.0000000122688661,True,0.2745600366687744,S1,mean,0.001,True,0.002958462897439419,VREX,1.0710958724547532,0.043762536832729265,S1-mean-+1-1.0,13,0.2745600468871592,-1.0115602095638568e-08,helpful
-2.4810359100513324e-08,,-8.19736165218624e-05,1.0000000819758943,True,0.30152034982088116,S1,variance,0.001,True,0.002802918300020849,VREX,1.0710958724547532,0.03928177311879963,S1-variance-1.0,14,0.30152037463124026,-2.477290309135968e-08,helpful
-6.358344517565229e-09,,0.0011018120393684408,0.9999988981893223,True,0.26219148354776745,S2,relation,0.001,True,0.00033622453391172905,VREX,1.0710958724547532,0.0005652361647570547,S2-relation--1-0.25,15,0.26219148990611196,-6.343120963525605e-09,helpful
1.1915912700999343e-11,,8.06596299801724e-06,0.9999999919340525,True,0.2563879248106754,S2,mean,0.001,True,0.0004190430025010918,VREX,1.0710958724547532,0.0008779851951268903,S2-mean--1-0.25,16,0.2563879247987595,8.312918425465659e-13,neutral
6.3576209852200805e-09,,0.001073181187729852,0.999998926820212,True,0.2499993888089822,S2,relation,0.001,True,0.0003139228109007063,VREX,1.0710958724547532,0.0004927389512466441,S2-relation-+1-0.25,17,0.24999938245136122,6.343663847994201e-09,harmful
-1.4848233753639306e-11,,8.065962998017236e-06,0.9999999919340525,True,0.25638792478391126,S2,mean,0.001,True,0.0004190430025010918,VREX,1.0710958724547532,0.000877985195126891,S2-mean-+1-0.25,18,0.2563879247987595,8.312918425380615e-13,neutral
-1.5890178062250016e-11,,0.0007547775711356552,0.9999992452238864,True,0.2602080034261969,S2,variance,0.001,True,0.000424348046903,VREX,1.0710958724547532,0.0009003570023965495,S2-variance-0.25,19,0.26020800344208705,8.14326702897212e-12,harmful
-1.271793392820797e-08,,0.0011117580958678165,0.9999988882432505,True,0.26871296890831387,S2,relation,0.001,True,0.0006954045664332081,VREX,1.0710958724547532,0.00241794384608098,S2-relation--1-0.5,20,0.2687129816262478,-1.268569904258259e-08,helpful
2.0378476683902136e-11,,3.1261616172214784e-05,0.9999999687384442,True,0.2576908286719666,S2,mean,0.001,True,0.0008514143753813609,VREX,1.0710958724547532,0.0036245322994010055,S2-mean--1-0.5,21,0.2576908286515881,3.3251673701718915e-12,harmful
1.2713997410429556e-08,,0.0010534916277264287,0.999998946509796,True,0.24432877943074383,S2,relation,0.001,True,0.0006062938751243416,VREX,1.0710958724547532,0.0018379661379977136,S2-relation-+1-0.5,22,0.24432876671674641,1.2687870580456985e-08,harmful
-3.3149927247677624e-11,,3.12616161722145e-05,0.9999999687384442,True,0.2576908286184383,S2,mean,0.001,True,0.000851414375381361,VREX,1.0710958724547532,0.003624532299401007,S2-mean-+1-0.5,23,0.2576908286515882,3.3251673701585015e-12,harmful
-3.1953995005551405e-11,,0.0007547775711356554,0.9999992452238864,True,0.26446238333773686,S2,variance,0.001,True,0.0008486960938060013,VREX,1.0710958724547532,0.003601428009586209,S2-variance-0.5,24,0.26446238336969086,1.628653405794499e-11,harmful
-2.5440325068792902e-08,,0.0011249673386272807,0.9999988750339842,True,0.28260681561171486,S2,relation,0.001,True,0.0014848419926885325,VREX,1.0710958724547532,0.011023806961001728,S2-relation--1-1.0,25,0.2826068410520399,-2.53692265472908e-08,helpful
2.7464253093967272e-11,,0.00011122607448926752,0.99999988877414,True,0.2629024440903671,S2,mean,0.001,True,0.0018055243957455515,VREX,1.0710958724547532,0.01629959349989912,S2-mean--1-1.0,26,0.26290244406290286,1.3300669480670919e-11,harmful
2.542353716439294e-08,,0.0010003671405152724,0.9999989996343429,True,0.23383843665657444,S2,relation,0.001,True,0.0011299529898311294,VREX,1.0710958724547532,0.006383985296335569,S2-relation-+1-1.0,27,0.23383841123303728,2.537791269878836e-08,harmful
-7.95921106799824e-11,,0.00011122607448926742,0.9999998887741405,True,0.26290244398331064,S2,mean,0.001,True,0.0018055243957455518,VREX,1.0710958724547532,0.016299593499899127,S2-mean-+1-1.0,28,0.26290244406290275,1.3300669480644242e-11,harmful
-6.408173991445665e-11,,0.0007547775711356554,0.9999992452238865,True,0.2729711431608167,S2,variance,0.001,True,0.0016973921876120015,VREX,1.0710958724547532,0.014405712038344811,S2-variance-1.0,29,0.27297114322489846,3.2573068115888686e-11,harmful
1.7363888105137448e-13,,-4.4813689796067515e-17,1.0,True,0.2559536235146569,U,emergent,0.001,True,0.0011311647147083364,VREX,1.0710958724547532,0.006397681385761115,U-emergent-0.25,30,0.25595362351448325,0.0,neutral
1.7363888105137448e-13,,-4.4813689796067515e-17,1.0,True,0.2559536235146569,U,emergent,0.001,True,0.0022623294294166728,VREX,1.0710958724547532,0.02559072554304446,U-emergent-0.5,31,0.25595362351448325,0.0,neutral
1.7363888105137448e-13,,-4.4813689796067515e-17,1.0,True,0.2559536235146569,U,emergent,0.001,True,0.0045246588588333456,VREX,1.0710958724547532,0.10236290217217783,U-emergent-1.0,32,0.25595362351448325,0.0,neutral
-1.3306324309070305e-07,,0.0016691157868385254,0.9999833091331882,True,0.2663084840127996,S1,relation,0.01,True,0.0003719418648348169,VREX,1.0711035213164601,0.0006917238640540102,S1-relation--1-0.25,0,0.2663086170760427,-1.330737077711466e-07,helpful
-6.337501967657033e-09,,-8.919297477307422e-07,1.0000000089217762,True,0.2571165186377735,S1,mean,0.01,True,0.0006857659785066186,VREX,1.0711035213164601,0.0023513876484882934,S1-mean--1-0.25,1,0.2571165249752755,-6.322004718207374e-09,helpful
1.2896832479736275e-07,,0.0015865460207313785,0.9999841348333449,True,0.2463582047731946,S1,relation,0.01,True,0.0003485913772418867,VREX,1.0711035213164601,0.000607596385055951,S1-relation-+1-0.25,2,0.2463580758048698,1.289450516286437e-07,harmful
-6.274755937063503e-09,,-8.919297477307255e-07,1.0000000089217758,True,0.25711651870051966,S1,mean,0.01,True,0.0006857659785066185,VREX,1.0711035213164601,0.002351387648488293,S1-mean-+1-0.25,3,0.2571165249752756,-6.3220047182074366e-09,helpful
-6.192693624562651e-08,,-8.197361652186248e-05,1.0000008199639565,True,0.2673452493667363,S1,variance,0.01,True,0.0007007281193237297,VREX,1.0711035213164601,0.002455110819924973,S1-variance-0.25,4,0.26734531129367256,-6.192984213754172e-08,helpful
-2.7027345617103293e-07,,0.0016836098117065266,0.9999831641912201,True,0.27742278621609207,S1,relation,0.01,True,0.0007704281538786257,VREX,1.0711035213164601,0.0029678852251444803,S1-relation--1-0.5,5,0.27742305648954824,-2.702760716847957e-07,helpful
-2.533931275916501e-08,,-3.4549424862008945e-06,1.0000000345590254,True,0.2606052040183394,S1,mean,0.01,True,0.0013937370520341742,VREX,1.0711035213164601,0.009712567316798997,S1-mean--1-0.5,6,0.2606052293576522,-2.5288018872829392e-08,helpful
2.537896806042994e-07,,0.001512968881655173,0.9999848706053018,True,0.23752222773688247,S1,relation,0.01,True,0.0006774666929477665,VREX,1.0711035213164601,0.002294865393160023,S1-relation-+1-0.5,7,0.23752197394720187,2.5376144711478453e-07,harmful
-2.521382058695565e-08,,-3.454942486201064e-06,1.0000000345590254,True,0.2606052041438316,S1,mean,0.01,True,0.0013937370520341746,VREX,1.0711035213164601,0.009712567316799004,S1-mean-+1-0.5,8,0.2606052293576522,-2.5288018872829707e-08,helpful
-1.2387122305668186e-07,,-8.197361652186245e-05,1.0000008199639563,True,0.2787368752016388,S1,variance,0.01,True,0.0014014562386474615,VREX,1.0711035213164601,0.009820443279699921,S1-variance-0.5,9,0.27873699907286187,-1.2385968427508363e-07,helpful
-5.570827394940636e-07,,0.0016733094530359395,0.9999832671908637,True,0.30192971578965766,S1,relation,0.01,True,0.0016577653371423833,VREX,1.0711035213164601,0.013741337539464145,S1-relation--1-1.0,10,0.30193027287239715,-5.570667679396024e-07,helpful
-1.01283810116648e-07,,-1.2268525145458188e-05,1.0000001227193438,True,0.27455994560334895,S1,mean,0.01,True,0.0029584558233175058,VREX,1.0711035213164601,0.04376253683272921,S1-mean--1-1.0,11,0.27456004688715907,-1.0115207549131791e-07,helpful
4.910435349447795e-07,,0.001291811996782161,0.9999870821733903,True,0.22212859883123914,S1,relation,0.01,True,0.0012928258007747415,VREX,1.0711035213164601,0.008357178883588494,S1-relation-+1-1.0,12,0.2221281077877042,4.91008269659558e-07,harmful
-1.0103282566120697e-07,,-1.2268525145458587e-05,1.0000001227193438,True,0.2745599458543335,S1,mean,0.01,True,0.0029584558233175075,VREX,1.0711035213164601,0.043762536832729265,S1-mean-+1-1.0,13,0.2745600468871592,-1.0115207549131854e-07,helpful
-2.4775979612368104e-07,,-8.19736165218624e-05,1.0000008199639565,True,0.30152012687144414,S1,variance,0.01,True,0.0028029124772949213,VREX,1.0711035213164601,0.03928177311879963,S1-variance-1.0,14,0.30152037463124026,-2.4771936855016704e-07,helpful
-6.339784142106453e-08,,0.0011018120393684408,0.999988982015757,True,0.26219142650827054,S2,relation,0.01,True,0.0003362205757207579,VREX,1.0711035213164601,0.0005652361647570547,S2-relation--1-0.25,15,0.26219148990611196,-6.343050093288764e-08,helpful
8.62132587542419e-12,,8.06596299801724e-06,0.9999999193419274,True,0.2563879248073808,S2,mean,0.01,True,0.000419042990910097,VREX,1.0711035213164601,0.0008779851951268903,S2-mean--1-0.25,16,0.2563879247987595,8.332048993478714e-12,harmful
6.343936276298479e-08,,0.001073181187729852,0.9999892683281012,True,0.24999944589072398,S2,relation,0.01,True,0.00031391909761694124,VREX,1.0711035213164601,0.0004927389512466441,S2-relation-+1-0.25,17,0.24999938245136122,6.343594227100577e-08,harmful
4.69666527891377e-11,,8.065962998017236e-06,0.9999999193419274,True,0.25638792484572615,S2,mean,0.01,True,0.00041904299091009704,VREX,1.0711035213164601,0.000877985195126891,S2-mean-+1-0.25,18,0.2563879247987595,8.332048993394134e-12,harmful
1.1965517465739595e-10,,0.0007547775711356552,0.9999924523700322,True,0.26020800356174223,S2,variance,0.01,True,0.00042434660929674726,VREX,1.0711035213164601,0.0009003570023965495,S2-variance-0.25,19,0.26020800344208705,8.16200717722973e-11,harmful
-1.2680621297445072e-07,,0.0011117580958678165,0.9999888825536796,True,0.2687128548200348,S2,relation,0.01,True,0.0006953964246828354,VREX,1.0711035213164601,0.00241794384608098,S2-relation--1-0.5,20,0.2687129816262478,-1.2685556052765698e-07,helpful
2.0779600262699205e-11,,3.1261616172214784e-05,0.9999996873898748,True,0.2576908286723677,S2,mean,0.01,True,0.0008514142629615692,VREX,1.0711035213164601,0.0036245322994010055,S2-mean--1-0.5,21,0.2576908286515881,3.332819597377175e-11,harmful
1.268681948385364e-07,,0.0010534916277264287,0.9999894652260933,True,0.24432889358494125,S2,relation,0.01,True,0.0006062867159576965,VREX,1.0711035213164601,0.0018379661379977136,S2-relation-+1-0.5,22,0.24432876671674641,1.268773258801296e-07,harmful
9.747003204552129e-11,,3.12616161722145e-05,0.9999996873898749,True,0.25769082874905824,S2,mean,0.01,True,0.0008514142629615693,VREX,1.0711035213164601,0.003624532299401007,S2-mean-+1-0.5,23,0.2576908286515882,3.3328195973638576e-11,harmful
2.2196000593055487e-10,,0.0007547775711356554,0.9999924523700322,True,0.26446238359165086,S2,variance,0.01,True,0.0008486932185934959,VREX,1.0711035213164601,0.003601428009586209,S2-variance-0.5,24,0.26446238336969086,1.632401435445944e-10,harmful
-2.5360249522599076e-07,,0.0011249673386272807,0.9999887504588671,True,0.2826065874495447,S2,relation,0.01,True,0.0014848248730984313,VREX,1.0711035213164601,0.011023806961001728,S2-relation--1-1.0,25,0.2826068410520399,-2.5368935570284134e-07,helpful
1.0775758063630292e-10,,0.00011122607448926752,0.999998887760732,True,0.26290244417066044,S2,mean,0.01,True,0.0018055235076596331,VREX,1.0711035213164601,0.01629959349989912,S2-mean--1-1.0,26,0.26290244406290286,1.333127838949166e-10,harmful
2.5374632095509497e-07,,0.0010003671405152724,0.9999899964769244,True,0.23383866497935824,S2,relation,0.01,True,0.0011299398478027724,VREX,1.0711035213164601,0.006383985296335569,S2-relation-+1-1.0,27,0.23383841123303728,2.537764171127318e-07,harmful
2.6113888829115695e-10,,0.00011122607448926742,0.9999988877607324,True,0.26290244432404164,S2,mean,0.01,True,0.0018055235076596336,VREX,1.0711035213164601,0.016299593499899127,S2-mean-+1-1.0,28,0.26290244406290275,1.333127838946544e-10,harmful
4.265696684768727e-10,,0.0007547775711356554,0.9999924523700322,True,0.27297114365146813,S2,variance,0.01,True,0.0016973864371869905,VREX,1.0711035213164601,0.014405712038344811,S2-variance-1.0,29,0.27297114322489846,3.2648028708919583e-10,harmful
1.735034338423702e-11,,-4.4813689796067515e-17,1.0,True,0.2559536235318336,U,emergent,0.01,True,0.0011311541115185688,VREX,1.0711035213164601,0.006397681385761115,U-emergent-0.25,30,0.25595362351448325,0.0,neutral
1.735034338423702e-11,,-4.4813689796067515e-17,1.0,True,0.2559536235318336,U,emergent,0.01,True,0.0022623082230371376,VREX,1.0711035213164601,0.02559072554304446,U-emergent-0.5,31,0.25595362351448325,0.0,neutral
1.735034338423702e-11,,-4.4813689796067515e-17,1.0,True,0.2559536235318336,U,emergent,0.01,True,0.004524616446074275,VREX,1.0711035213164601,0.10236290217217783,U-emergent-1.0,32,0.25595362351448325,0.0,neutral
-1.3287603122247305e-06,,0.0016691157868385254,0.9998331175225202,True,0.2663072883157305,S1,relation,0.1,True,0.0003718932144457826,VREX,1.0711799798081127,0.0006917238640540102,S1-relation--1-0.25,0,0.2663086170760427,-1.3305303253335832e-06,helpful
-6.145866116025189e-08,,-8.919297477307422e-07,1.0000000894408299,True,0.2571164635166143,S1,mean,0.1,True,0.0006857492368781143,VREX,1.0711799798081127,0.0023513876484882934,S1-mean--1-0.25,1,0.2571165249752755,-6.319539056304577e-08,helpful
1.2909608501088243e-06,,0.0015865460207313785,0.9998413747488444,True,0.2463593667657199,S1,relation,0.1,True,0.00034854841684441766,VREX,1.0711799798081127,0.000607596385055951,S1-relation-+1-0.25,2,0.2463580758048698,1.2892598661903685e-06,harmful
-6.145737341256563e-08,,-8.919297477307255e-07,1.0000000894408294,True,0.2571164635179022,S1,mean,0.1,True,0.000685749236878114,VREX,1.0711799798081127,0.002351387648488293,S1-mean-+1-0.25,3,0.2571165249752756,-6.319539056304637e-08,helpful
-6.172950264282662e-07,,-8.197361652186248e-05,1.0000082201409553,True,0.26734469399864613,S1,variance,0.1,True,0.0007007135768994048,VREX,1.0711799798081127,0.002455110819924973,S1-variance-0.25,4,0.26734531129367256,-6.190568871482042e-07,helpful
-2.700523854870518e-06,,0.0016836098117065266,0.9998316679480606,True,0.27742035596569337,S1,relation,0.1,True,0.0007703259311227171,VREX,1.0711799798081127,0.0029678852251444803,S1-relation--1-0.5,5,0.27742305648954824,-2.7023311098103768e-06,helpful
-2.510371248654053e-07,,-3.4549424862008945e-06,1.0000003464543281,True,0.2606049783205273,S1,mean,0.1,True,0.0013937031879182745,VREX,1.0711799798081127,0.009712567316798997,S1-mean--1-0.5,6,0.2606052293576522,-2.5278156225218195e-07,helpful
2.538918469907614e-06,,0.001512968881655173,0.9998487325195504,True,0.23752451286567178,S1,relation,0.1,True,0.0006773872803880722,VREX,1.0711799798081127,0.002294865393160023,S1-relation-+1-0.5,7,0.23752197394720187,2.5372492732375224e-06,harmful
-2.5103454914798817e-07,,-3.454942486201064e-06,1.0000003464543281,True,0.26060497832310303,S1,mean,0.1,True,0.0013937031879182745,VREX,1.0711799798081127,0.009712567316799004,S1-mean-+1-0.5,8,0.2606052293576522,-2.527815622521851e-07,helpful
-1.2363246421065455e-06,,-8.197361652186245e-05,1.000008220140955,True,0.27873576274821976,S1,variance,0.1,True,0.0014014271537988116,VREX,1.0711799798081127,0.009820443279699921,S1-variance-0.5,9,0.27873699907286187,-1.2381137742964105e-06,helpful
-5.567856863786247e-06,,0.0016733094530359395,0.9998326975897023,True,0.30192470501553337,S1,relation,0.1,True,0.001657543890608118,VREX,1.0711799798081127,0.013741337539464145,S1-relation--1-1.0,10,0.30193027287239715,-5.569744056193607e-06,helpful
-1.009349692049355e-06,,-1.2268525145458188e-05,1.0000012302617634,True,0.274559037537467,S1,mean,0.1,True,0.002958385117597201,VREX,1.0711799798081127,0.04376253683272921,S1-mean--1-1.0,11,0.27456004688715907,-1.0111262490087312e-06,helpful
4.911027786214106e-06,,0.001291811996782161,0.9998708481324737,True,0.2221330188154904,S1,relation,0.1,True,0.001292696271002606,VREX,1.0711799798081127,0.008357178883588494,S1-relation-+1-1.0,12,0.2221281077877042,4.9094167099021895e-06,harmful
-1.0093445406145207e-06,,-1.2268525145458587e-05,1.0000012302617634,True,0.27455903754261857,S1,mean,0.1,True,0.002958385117597202,VREX,1.0711799798081127,0.043762536832729265,S1-mean-+1-1.0,13,0.2745600468871592,-1.0111262490087375e-06,helpful
-2.4743838733520818e-06,,-8.19736165218624e-05,1.0000082201409548,True,0.3015179002473669,S1,variance,0.1,True,0.0028028543075976214,VREX,1.0711799798081127,0.03928177311879963,S1-variance-1.0,14,0.30152037463124026,-2.476227548592819e-06,helpful
-6.325047698929609e-07,,0.0011018120393684408,0.9998898324097818,True,0.26219085740134207,S2,relation,0.1,True,0.00033618099994837,VREX,1.0711799798081127,0.0005652361647570547,S2-relation--1-0.25,15,0.26219148990611196,-6.342341511457316e-07,helpful
1.8188931472096215e-09,,8.06596299801724e-06,0.9999991935594426,True,0.25638792661765264,S2,mean,0.1,True,0.00041904287594312923,VREX,1.0711799798081127,0.0008779851951268903,S2-mean--1-0.25,16,0.2563879247987595,8.523408085044186e-11,harmful
6.360292613694085e-07,,0.001073181187729852,0.9998926958777524,True,0.2500000184806226,S2,relation,0.1,True,0.000313881970970194,VREX,1.0711799798081127,0.0004927389512466441,S2-relation-+1-0.25,17,0.24999938245136122,6.342898142189396e-07,harmful
1.8196801843117782e-09,,8.065962998017236e-06,0.9999991935594424,True,0.2563879266184397,S2,mean,0.1,True,0.00041904287594312923,VREX,1.0711799798081127,0.000877985195126891,S2-mean-+1-0.25,18,0.2563879247987595,8.523408084959814e-11,harmful
2.5642774570400206e-09,,0.0007547775711356552,0.999924536816563,True,0.2602080060063645,S2,variance,0.1,True,0.00042433223664429306,VREX,1.0711799798081127,0.0009003570023965495,S2-variance-0.25,19,0.26020800344208705,8.34946098121261e-10,harmful
-1.2666888167256474e-06,,0.0011117580958678165,0.9998888376528778,True,0.26871171493743107,S2,relation,0.1,True,0.0006953150194347304,VREX,1.0711799798081127,0.00241794384608098,S2-relation--1-0.5,20,0.2687129816262478,-1.2684126392182533e-06,helpful
2.072591653856648e-09,,3.1261616172214784e-05,0.9999968744419999,True,0.25769083072417975,S2,mean,0.1,True,0.0008514131408485344,VREX,1.0711799798081127,0.0036245322994010055,S2-mean--1-0.5,21,0.2576908286515881,3.409363234003513e-10,harmful
1.2703792455770468e-06,,0.0010534916277264287,0.9998946650729742,True,0.244330037095992,S2,relation,0.1,True,0.0006062151367644208,VREX,1.0711799798081127,0.0018379661379977136,S2-relation-+1-0.5,22,0.24432876671674641,1.268635291511086e-06,harmful
2.074165617038659e-09,,3.12616161722145e-05,0.9999968744420001,True,0.25769083072575383,S2,mean,0.1,True,0.0008514131408485344,VREX,1.0711799798081127,0.003624532299401007,S2-mean-+1-0.5,23,0.2576908286515882,3.409363233990543e-10,harmful
3.393965553044609e-09,,0.0007547775711356554,0.999924536816563,True,0.2644623867636564,S2,variance,0.1,True,0.0008486644732885874,VREX,1.0711799798081127,0.003601428009586209,S2-variance-0.5,24,0.26446238336969086,1.6698921962426857e-09,harmful
-2.534890972460957e-06,,0.0011249673386272807,0.9998875164901094,True,0.28260430616106746,S2,relation,0.1,True,0.001484653701753271,VREX,1.0711799798081127,0.011023806961001728,S2-relation--1-1.0,25,0.2826068410520399,-2.536602626143675e-06,helpful
3.0881723844800035e-09,,0.00011122607448926752,0.9999888795401677,True,0.26290244715107525,S2,mean,0.1,True,0.001805514632440081,VREX,1.0711799798081127,0.01629959349989912,S2-mean--1-1.0,26,0.26290244406290286,1.363745293599751e-09,harmful
2.539245152033409e-06,,0.0010003671405152724,0.9998999781176264,True,0.2338409504781893,S2,relation,0.1,True,0.001129808452993681,VREX,1.0711799798081127,0.006383985296335569,S2-relation-+1-1.0,27,0.23383841123303728,2.5374932353150035e-06,harmful
3.0913207549332355e-09,,0.00011122607448926742,0.9999888795401679,True,0.2629024471542235,S2,mean,0.1,True,0.0018055146324400812,VREX,1.0711799798081127,0.016299593499899127,S2-mean-+1-1.0,28,0.26290244406290275,1.3637452935971437e-09,harmful
5.0533417450537854e-09,,0.0007547775711356554,0.9999245368165631,True,0.2729711482782402,S2,variance,0.1,True,0.0016973289465771735,VREX,1.0711799798081127,0.014405712038344811,S2-variance-1.0,29,0.27297114322489846,3.3397843924851365e-09,harmful
1.7345893610354324e-09,,-4.4813689796067515e-17,1.0,True,0.2559536252490726,U,emergent,0.1,True,0.0011310480900557165,VREX,1.0711799798081127,0.006397681385761115,U-emergent-0.25,30,0.25595362351448325,0.0,neutral
1.7345893610354324e-09,,-4.4813689796067515e-17,1.0,True,0.2559536252490726,U,emergent,0.1,True,0.002262096180111433,VREX,1.0711799798081127,0.02559072554304446,U-emergent-0.5,31,0.25595362351448325,0.0,neutral
1.7345893610354324e-09,,-4.4813689796067515e-17,1.0,True,0.2559536252490726,U,emergent,0.1,True,0.004524192360222866,VREX,1.0711799798081127,0.10236290217217783,U-emergent-1.0,32,0.25595362351448325,0.0,neutral
-1.3108879405199225e-05,,0.0016691157868385254,0.9983337898777723,True,0.2662955081966375,S1,relation,1.0,True,0.00037140770054317016,VREX,1.0719415407548016,0.0006917238640540102,S1-relation--1-0.25,0,0.2663086170760427,-1.3284665806592534e-05,helpful
-4.5643416790586144e-07,,-8.919297477307422e-07,1.0000009167173833,True,0.2571160685411076,S1,mean,1.0,True,0.0006855825470794888,VREX,1.0719415407548016,0.0023513876484882934,S1-mean--1-0.25,1,0.2571165249752755,-6.29490773681759e-07,helpful
1.3043770167531221e-05,,0.0015865460207313785,0.9984163847694815,True,0.24637111957503732,S1,relation,1.0,True,0.00034811981423241617,VREX,1.0719415407548016,0.000607596385055951,S1-relation-+1-0.25,2,0.2463580758048698,1.2873569791126886e-05,harmful
-4.564517587235528e-07,,-8.919297477307255e-07,1.0000009167173827,True,0.25711606852351687,S1,mean,1.0,True,0.0006855825470794887,VREX,1.0719415407548016,0.002351387648488293,S1-mean-+1-0.25,3,0.2571165249752756,-6.294907736817653e-07,helpful
-5.992681644695352e-06,,-8.197361652186248e-05,1.0000842517467325,True,0.26733931861202787,S1,variance,1.0,True,0.0007005695908220774,VREX,1.0719415407548016,0.002455110819924973,S1-variance-0.25,4,0.26734531129367256,-6.16644023198459e-06,helpful
-2.680176905622833e-05,,0.0016836098117065266,0.9983192786437923,True,0.277396254720492,S1,relation,1.0,True,0.0007693056869900889,VREX,1.0719415407548016,0.0029678852251444803,S1-relation--1-0.5,5,0.27742305648954824,-2.6980427628650676e-05,helpful
-2.344655270825058e-06,,-3.4549424862008945e-06,1.0000035509588534,True,0.26060288470238135,S1,mean,1.0,True,0.0013933660670372913,VREX,1.0719415407548016,0.009712567316798997,S1-mean--1-0.5,6,0.2606052293576522,-2.5179630947270258e-06,helpful
2.550353008956563e-05,,0.001512968881655173,0.9984899677456123,True,0.23754747747729144,S1,relation,1.0,True,0.0006765951820275328,VREX,1.0719415407548016,0.002294865393160023,S1-relation-+1-0.5,7,0.23752197394720187,2.533604356678812e-05,harmful
-2.344690452238396e-06,,-3.454942486201064e-06,1.0000035509588532,True,0.26060288466719994,S1,mean,1.0,True,0.0013933660670372916,VREX,1.0719415407548016,0.009712567316799004,S1-mean-+1-0.5,8,0.2606052293576522,-2.517963094727059e-06,helpful
-1.215833029211133e-05,,-8.197361652186245e-05,1.0000842517467323,True,0.27872484074256976,S1,variance,1.0,True,0.001401139181644157,VREX,1.0719415407548016,0.009820443279699921,S1-variance-0.5,9,0.27873699907286187,-1.2332880463969199e-05,helpful
-5.542067808816942e-05,,0.0016733094530359395,0.9983295396498469,True,0.301874852194309,S1,relation,1.0,True,0.001655333464853551,VREX,1.0719415407548016,0.013741337539464145,S1-relation--1-1.0,10,0.30193027287239715,-5.560523931916389e-05,helpful
-9.897557273319535e-06,,-1.2268525145458188e-05,1.0000126094799424,True,0.27455014932988575,S1,mean,1.0,True,0.002957681606998871,VREX,1.0719415407548016,0.04376253683272921,S1-mean--1-1.0,11,0.27456004688715907,-1.0071852378908139e-05,helpful
4.91899202034185e-05,,0.001291811996782161,0.9987111175759679,True,0.22217729770790762,S1,relation,1.0,True,0.0012914051580835062,VREX,1.0719415407548016,0.008357178883588494,S1-relation-+1-1.0,12,0.2221281077877042,4.9027703071713665e-05,harmful
-9.897627636368256e-06,,-1.2268525145458587e-05,1.0000126094799424,True,0.2745501492595228,S1,mean,1.0,True,0.0029576816069988724,VREX,1.0719415407548016,0.043762536832729265,S1-mean-+1-1.0,13,0.2745600468871592,-1.0071852378908205e-05,helpful
-2.4489627587054308e-05,,-8.19736165218624e-05,1.0000842517467323,True,0.3014958850036532,S1,variance,1.0,True,0.0028022783632883114,VREX,1.0719415407548016,0.03928177311879963,S1-variance-1.0,14,0.30152037463124026,-2.4665760927938377e-05,helpful
-6.162305225210218e-06,,0.0011018120393684408,0.9988995479860796,True,0.26218532760088675,S2,relation,1.0,True,0.0003357858550432001,VREX,1.0719415407548016,0.0005652361647570547,S2-relation--1-0.25,15,0.26219148990611196,-6.33526773067294e-06,helpful
1.7401682494977422e-07,,8.06596299801724e-06,0.9999919496038787,True,0.25638809881558444,S2,mean,1.0,True,0.0004190418208269181,VREX,1.0719415407548016,0.0008779851951268903,S2-mean--1-0.25,16,0.2563879247987595,1.044233778900599e-09,harmful
6.508921318038041e-06,,0.001073181187729852,0.9989282171366048,True,0.25000589137267926,S2,relation,1.0,True,0.0003135113227328072,VREX,1.0719415407548016,0.0004927389512466441,S2-relation-+1-0.25,17,0.24999938245136122,6.3359496792632384e-06,harmful
1.740060718846692e-07,,8.065962998017236e-06,0.9999919496038786,True,0.2563880988048314,S2,mean,1.0,True,0.0004190418208269182,VREX,1.0719415407548016,0.000877985195126891,S2-mean-+1-0.25,18,0.2563879247987595,1.0442337788920227e-09,harmful
1.8319830596968956e-07,,0.0007547775711356552,0.9992466791091694,True,0.260208186640393,S2,variance,1.0,True,0.0004241888513023034,VREX,1.0719415407548016,0.0009003570023965495,S2-variance-0.25,19,0.26020800344208705,1.022922885448043e-08,harmful
-1.2496895366864713e-05,,0.0011117580958678165,0.9988895868000358,True,0.26870048473088093,S2,relation,1.0,True,0.000694502190642186,VREX,1.0719415407548016,0.00241794384608098,S2-relation--1-0.5,20,0.2687129816262478,-1.2669853512755564e-05,helpful
1.7715553790598193e-07,,3.1261616172214784e-05,0.9999687987170733,True,0.257691005807126,S2,mean,1.0,True,0.0008514021287147602,VREX,1.0719415407548016,0.0036245322994010055,S2-mean--1-0.5,21,0.2576908286515881,4.17693511558789e-09,harmful
1.2845557719964873e-05,,0.0010534916277264287,0.9989479306341448,True,0.24434161227446638,S2,relation,1.0,True,0.0006055005904897619,VREX,1.0719415407548016,0.0018379661379977136,S2-relation-+1-0.5,22,0.24432876671674641,1.2672581307116763e-05,harmful
1.7713403199781652e-07,,3.12616161722145e-05,0.9999687987170737,True,0.2576910057856202,S2,mean,1.0,True,0.0008514021287147603,VREX,1.0719415407548016,0.003624532299401007,S2-mean-+1-0.5,23,0.2576908286515882,4.176935115574338e-09,harmful
1.9342960910773144e-07,,0.0007547775711356554,0.9992466791091694,True,0.26446257679929996,S2,variance,1.0,True,0.0008483777026046082,VREX,1.0719415407548016,0.003601428009586209,S2-variance-0.5,24,0.26446238336969086,2.045845770896078e-08,harmful
-2.516402938868012e-05,,0.0011249673386272807,0.9988763537069912,True,0.28258167702265125,S2,relation,1.0,True,0.001482944439982596,VREX,1.0719415407548016,0.011023806961001728,S2-relation--1-1.0,25,0.2826068410520399,-2.5336979231149946e-05,helpful
1.8969963710979698e-07,,0.00011122607448926752,0.9998889885858798,True,0.26290263376254,S2,mean,1.0,True,0.001805426445213543,VREX,1.0719415407548016,0.01629959349989912,S2-mean--1-1.0,26,0.26290244406290286,1.6707740462334726e-08,harmful
2.5520876784645985e-05,,0.0010003671405152724,0.9990011147618587,True,0.23386393210982193,S2,relation,1.0,True,0.0011284970493043085,VREX,1.0719415407548016,0.006383985296335569,S2-relation-+1-1.0,27,0.23383841123303728,2.5347890408594712e-05,harmful
1.8965662551551077e-07,,0.00011122607448926742,0.99988898858588,True,0.26290263371952827,S2,mean,1.0,True,0.0018054264452135433,VREX,1.0719415407548016,0.016299593499899127,S2-mean-+1-1.0,28,0.26290244406290275,1.670774046230741e-08,harmful
2.138922152727929e-07,,0.0007547775711356554,0.9992466791091695,True,0.27297135711711373,S2,variance,1.0,True,0.001696755405209215,VREX,1.0719415407548016,0.014405712038344811,S2-variance-1.0,29,0.27297114322489846,4.091691541792193e-08,harmful
1.7296700294266998e-07,,-4.4813689796067515e-17,1.0,True,0.2559537964814862,U,emergent,1.0,True,0.0011299889159513432,VREX,1.0719415407548016,0.006397681385761115,U-emergent-0.25,30,0.25595362351448325,0.0,neutral
1.7296700294266998e-07,,-4.4813689796067515e-17,1.0,True,0.2559537964814862,U,emergent,1.0,True,0.0022599778319026863,VREX,1.0719415407548016,0.02559072554304446,U-emergent-0.5,31,0.25595362351448325,0.0,neutral
1.7296700294266998e-07,,-4.4813689796067515e-17,1.0,True,0.2559537964814862,U,emergent,1.0,True,0.004519955663805373,VREX,1.0719415407548016,0.10236290217217783,U-emergent-1.0,32,0.25595362351448325,0.0,neutral
