K,basis_index,clean_task_bank_response_norm,control_algorithm_state_hash,control_optimizer_hash,control_parameter_hash,counterfactual_bank_response_norm,finite,method,minus_algorithm_state_hash,minus_optimizer_hash,minus_parameter_hash,opaque_direction_id,plus_algorithm_state_hash,plus_optimizer_hash,plus_parameter_hash,replay_algorithm_state_hash,replay_match,replay_optimizer_hash,replay_parameter_hash,seed,source_bank_response_norm,target_only_learner_update
1,0,1.0384327173233032,e241a4f7cdd16a8fe22cb891dc6d6a428d857c7292772d8bb5474335681a7af8,5deca45bbf62b31f280e3624183d302cbb9f41184cb2175a52a98f1f66923420,9b135606262040333812ddeeada81f5ac94441f7931f1061471f77d52438ad37,19.07464027404785,True,ERM,e241a4f7cdd16a8fe22cb891dc6d6a428d857c7292772d8bb5474335681a7af8,869308d85dbe4513759c9c33e5c287cbb71366f1bd930ee9a25d30249331e38f,4b4096ea71f7f33539cfa7a8a8c86401d819682c6be2172b898a64f768fd4722,u000,e241a4f7cdd16a8fe22cb891dc6d6a428d857c7292772d8bb5474335681a7af8,38f465fb398a2cb1552d019619af7b2ec957ab59910e3ebfa11dcda4cd41e5c5,7fb05f1417a990ff9f393218b30db93fdabbb375174d496eedfd8797d017121d,e241a4f7cdd16a8fe22cb891dc6d6a428d857c7292772d8bb5474335681a7af8,True,38f465fb398a2cb1552d019619af7b2ec957ab59910e3ebfa11dcda4cd41e5c5,7fb05f1417a990ff9f393218b30db93fdabbb375174d496eedfd8797d017121d,10,13.37802505493164,False
5,0,19.203725814819336,e241a4f7cdd16a8fe22cb891dc6d6a428d857c7292772d8bb5474335681a7af8,161915d9569731cbca40bd464a99f55ddbb524e07adc6ede0a0e36e4ec5f925f,9100854edaf262fdc099cd0c57e1cb8a0195e34b332dacfd9d9c92d0ac1743c7,170.94540405273438,True,ERM,e241a4f7cdd16a8fe22cb891dc6d6a428d857c7292772d8bb5474335681a7af8,4bebad816dde1f7a9dc00d5b405adadfd3749a0d6428e870522c0f6411ac5843,cda490a83de83724c38e7e54ef9895727a1cb512eda4f525e03409d475ef2a91,u000,e241a4f7cdd16a8fe22cb891dc6d6a428d857c7292772d8bb5474335681a7af8,8a9a742fb457529a41b282105c1db118fd8e6e125e96979e19490f0716ab7137,d3c63939e1cdff3261b2dcdc93b147e3d8f2fa42c7a33baec1a43ab4a5788976,e241a4f7cdd16a8fe22cb891dc6d6a428d857c7292772d8bb5474335681a7af8,True,8a9a742fb457529a41b282105c1db118fd8e6e125e96979e19490f0716ab7137,d3c63939e1cdff3261b2dcdc93b147e3d8f2fa42c7a33baec1a43ab4a5788976,10,120.3270034790039,False
20,0,23.374814987182617,e241a4f7cdd16a8fe22cb891dc6d6a428d857c7292772d8bb5474335681a7af8,8aa62619e58d151ebb9eef51b8b1fdb94c4f3495824228c2eb076ba24976a45e,689d292fb6623c8e99b108241a525180a8a2ef6cdef967e105eb02c499eb8c78,158.2881317138672,True,ERM,e241a4f7cdd16a8fe22cb891dc6d6a428d857c7292772d8bb5474335681a7af8,5e467dd72168861dfbe54c6718cd56fea367fee9ef35fda9a03aef46e6dceea9,eea30097ea68d0c519aae2fe1bb5456f832e8d492de040afede68113fcf6353d,u000,e241a4f7cdd16a8fe22cb891dc6d6a428d857c7292772d8bb5474335681a7af8,2f87c5d67e467428ae74a6c21e48254eb5e338ce0aa17368cd374364fb0458da,dda4da9aa8e093a86fae0faee9294d90216bb4310639f21eac9b8888709fa031,e241a4f7cdd16a8fe22cb891dc6d6a428d857c7292772d8bb5474335681a7af8,True,2f87c5d67e467428ae74a6c21e48254eb5e338ce0aa17368cd374364fb0458da,dda4da9aa8e093a86fae0faee9294d90216bb4310639f21eac9b8888709fa031,10,110.41726684570312,False
1,1,1.7587318420410156,e241a4f7cdd16a8fe22cb891dc6d6a428d857c7292772d8bb5474335681a7af8,5deca45bbf62b31f280e3624183d302cbb9f41184cb2175a52a98f1f66923420,9b135606262040333812ddeeada81f5ac94441f7931f1061471f77d52438ad37,18.963726043701172,True,ERM,e241a4f7cdd16a8fe22cb891dc6d6a428d857c7292772d8bb5474335681a7af8,927a3d24f367199138b697d9b1741ed6e66c691397df72491040aaaa4ea604d1,71c3ff5fdd5e2907dab3994c566b2d0c0e5434ccbe5a9c92eca3e0394f0119df,u001,e241a4f7cdd16a8fe22cb891dc6d6a428d857c7292772d8bb5474335681a7af8,555591da0cded8cf5d5415fe5f134b9574fa61a28ca46ca6bd699cbd2feee13d,253c22d14176a096b4c751edbcedc59bc89ddbe301ea3d0954374633ef21bdf4,e241a4f7cdd16a8fe22cb891dc6d6a428d857c7292772d8bb5474335681a7af8,True,555591da0cded8cf5d5415fe5f134b9574fa61a28ca46ca6bd699cbd2feee13d,253c22d14176a096b4c751edbcedc59bc89ddbe301ea3d0954374633ef21bdf4,10,13.260422706604004,False
5,1,18.960933685302734,e241a4f7cdd16a8fe22cb891dc6d6a428d857c7292772d8bb5474335681a7af8,161915d9569731cbca40bd464a99f55ddbb524e07adc6ede0a0e36e4ec5f925f,9100854edaf262fdc099cd0c57e1cb8a0195e34b332dacfd9d9c92d0ac1743c7,170.36000061035156,True,ERM,e241a4f7cdd16a8fe22cb891dc6d6a428d857c7292772d8bb5474335681a7af8,040094478cb55e25933c09bf443fe44a5a206b0e6acdfb8e2e2364fa14a962ee,c3873ea89299b787c27dd48ac7b70f7813c9582705772fed96351ce8de66b950,u001,e241a4f7cdd16a8fe22cb891dc6d6a428d857c7292772d8bb5474335681a7af8,1efe03aac979aff0469a63fb2e7747dd6f874ff93840c599b212926c4e513ce0,d6dca1394577e3fb273651abfb82f09c5716878c3ce194c2bab649fec2542bc8,e241a4f7cdd16a8fe22cb891dc6d6a428d857c7292772d8bb5474335681a7af8,True,1efe03aac979aff0469a63fb2e7747dd6f874ff93840c599b212926c4e513ce0,d6dca1394577e3fb273651abfb82f09c5716878c3ce194c2bab649fec2542bc8,10,119.9331283569336,False
20,1,22.834274291992188,e241a4f7cdd16a8fe22cb891dc6d6a428d857c7292772d8bb5474335681a7af8,8aa62619e58d151ebb9eef51b8b1fdb94c4f3495824228c2eb076ba24976a45e,689d292fb6623c8e99b108241a525180a8a2ef6cdef967e105eb02c499eb8c78,157.42437744140625,True,ERM,e241a4f7cdd16a8fe22cb891dc6d6a428d857c7292772d8bb5474335681a7af8,4cdaeb4d7b3ee94aaeaa8a8e97299857599121aef16785041e53b27aea73b0b3,b500ccae2ad38396e253d18c355d60905dd61ec9eef3d3de3d7b3ade22f7f208,u001,e241a4f7cdd16a8fe22cb891dc6d6a428d857c7292772d8bb5474335681a7af8,3abb7b20563500e73e3cbd4e49c1d2ccb1184490674860ce4386e45c497abc1d,fa6b46928bea04757d0174bd7fbd4a4fb35391493a6412a47e3e8a743c11105d,e241a4f7cdd16a8fe22cb891dc6d6a428d857c7292772d8bb5474335681a7af8,True,3abb7b20563500e73e3cbd4e49c1d2ccb1184490674860ce4386e45c497abc1d,fa6b46928bea04757d0174bd7fbd4a4fb35391493a6412a47e3e8a743c11105d,10,109.54381561279297,False
1,2,0.0,e241a4f7cdd16a8fe22cb891dc6d6a428d857c7292772d8bb5474335681a7af8,5deca45bbf62b31f280e3624183d302cbb9f41184cb2175a52a98f1f66923420,9b135606262040333812ddeeada81f5ac94441f7931f1061471f77d52438ad37,0.0,True,ERM,LINEAR_COMBINATION,LINEAR_COMBINATION,LINEAR_COMBINATION,u002,LINEAR_COMBINATION,LINEAR_COMBINATION,LINEAR_COMBINATION,LINEAR_COMBINATION,True,LINEAR_COMBINATION,LINEAR_COMBINATION,10,0.0,False
5,2,0.0,e241a4f7cdd16a8fe22cb891dc6d6a428d857c7292772d8bb5474335681a7af8,161915d9569731cbca40bd464a99f55ddbb524e07adc6ede0a0e36e4ec5f925f,9100854edaf262fdc099cd0c57e1cb8a0195e34b332dacfd9d9c92d0ac1743c7,0.0,True,ERM,LINEAR_COMBINATION,LINEAR_COMBINATION,LINEAR_COMBINATION,u002,LINEAR_COMBINATION,LINEAR_COMBINATION,LINEAR_COMBINATION,LINEAR_COMBINATION,True,LINEAR_COMBINATION,LINEAR_COMBINATION,10,0.0,False
20,2,0.0,e241a4f7cdd16a8fe22cb891dc6d6a428d857c7292772d8bb5474335681a7af8,8aa62619e58d151ebb9eef51b8b1fdb94c4f3495824228c2eb076ba24976a45e,689d292fb6623c8e99b108241a525180a8a2ef6cdef967e105eb02c499eb8c78,0.0,True,ERM,LINEAR_COMBINATION,LINEAR_COMBINATION,LINEAR_COMBINATION,u002,LINEAR_COMBINATION,LINEAR_COMBINATION,LINEAR_COMBINATION,LINEAR_COMBINATION,True,LINEAR_COMBINATION,LINEAR_COMBINATION,10,0.0,False
1,3,1.4494361877441406,e241a4f7cdd16a8fe22cb891dc6d6a428d857c7292772d8bb5474335681a7af8,5deca45bbf62b31f280e3624183d302cbb9f41184cb2175a52a98f1f66923420,9b135606262040333812ddeeada81f5ac94441f7931f1061471f77d52438ad37,6.336584091186523,True,ERM,e241a4f7cdd16a8fe22cb891dc6d6a428d857c7292772d8bb5474335681a7af8,e41df6565ce09e7c721b4b6a8ab250ddd7df95f3218d52fbf491d9194b975611,723ffc62ac52bc104ea4239c998399e3f8fa63b80842dff05cc4d085f6dd4d5d,u003,e241a4f7cdd16a8fe22cb891dc6d6a428d857c7292772d8bb5474335681a7af8,57ff9e7926cf18948c92d0602291f698859915dd44cfd74e2efeeb019e515433,b093c29a0ff273f8e4fb0106b518779835154c41544e80863a0f699ab274f811,e241a4f7cdd16a8fe22cb891dc6d6a428d857c7292772d8bb5474335681a7af8,True,57ff9e7926cf18948c92d0602291f698859915dd44cfd74e2efeeb019e515433,b093c29a0ff273f8e4fb0106b518779835154c41544e80863a0f699ab274f811,10,3.3838844299316406,False
5,3,15.763236045837402,e241a4f7cdd16a8fe22cb891dc6d6a428d857c7292772d8bb5474335681a7af8,161915d9569731cbca40bd464a99f55ddbb524e07adc6ede0a0e36e4ec5f925f,9100854edaf262fdc099cd0c57e1cb8a0195e34b332dacfd9d9c92d0ac1743c7,57.076446533203125,True,ERM,e241a4f7cdd16a8fe22cb891dc6d6a428d857c7292772d8bb5474335681a7af8,3329512ed39d001a59551b2f31a1b8bb04b6f9c5478ca0c1e6aad9a95aeb711f,bf5c7005f645d3d755a60df14ae8f98ad5936e1de780e030a776910491d0bb4e,u003,e241a4f7cdd16a8fe22cb891dc6d6a428d857c7292772d8bb5474335681a7af8,c7dc9b263391790c4d4b27a7d018e9cc507bce4ac7b6e0b28b4eb44220099ea2,524a0488d6d972eaeb880f210c68e2a9b85d71df9cc8c34c997ce60e7c93bb58,e241a4f7cdd16a8fe22cb891dc6d6a428d857c7292772d8bb5474335681a7af8,True,c7dc9b263391790c4d4b27a7d018e9cc507bce4ac7b6e0b28b4eb44220099ea2,524a0488d6d972eaeb880f210c68e2a9b85d71df9cc8c34c997ce60e7c93bb58,10,25.77175521850586,False
20,3,78.20361328125,e241a4f7cdd16a8fe22cb891dc6d6a428d857c7292772d8bb5474335681a7af8,8aa62619e58d151ebb9eef51b8b1fdb94c4f3495824228c2eb076ba24976a45e,689d292fb6623c8e99b108241a525180a8a2ef6cdef967e105eb02c499eb8c78,134.0062255859375,True,ERM,e241a4f7cdd16a8fe22cb891dc6d6a428d857c7292772d8bb5474335681a7af8,8a9eed893d3bbfb26c27bcfcf57624cb891f047f12065e6ff25c04dee90d0198,c8ce11198907614237f05fa990a9feab7f8dc16e7eaedba412515970bd0bb583,u003,e241a4f7cdd16a8fe22cb891dc6d6a428d857c7292772d8bb5474335681a7af8,3b9f761ee70b4cffac16be53838e787b16a11d53be90d7cde26d2880ca5cdaa7,b15269b9c598f99a851095ec648534fe4978a37cf3013fd38468f5adb7a4af53,e241a4f7cdd16a8fe22cb891dc6d6a428d857c7292772d8bb5474335681a7af8,True,3b9f761ee70b4cffac16be53838e787b16a11d53be90d7cde26d2880ca5cdaa7,b15269b9c598f99a851095ec648534fe4978a37cf3013fd38468f5adb7a4af53,10,79.86832427978516,False
1,4,0.0,e241a4f7cdd16a8fe22cb891dc6d6a428d857c7292772d8bb5474335681a7af8,5deca45bbf62b31f280e3624183d302cbb9f41184cb2175a52a98f1f66923420,9b135606262040333812ddeeada81f5ac94441f7931f1061471f77d52438ad37,0.0,True,ERM,LINEAR_COMBINATION,LINEAR_COMBINATION,LINEAR_COMBINATION,u004,LINEAR_COMBINATION,LINEAR_COMBINATION,LINEAR_COMBINATION,LINEAR_COMBINATION,True,LINEAR_COMBINATION,LINEAR_COMBINATION,10,0.0,False
5,4,0.0,e241a4f7cdd16a8fe22cb891dc6d6a428d857c7292772d8bb5474335681a7af8,161915d9569731cbca40bd464a99f55ddbb524e07adc6ede0a0e36e4ec5f925f,9100854edaf262fdc099cd0c57e1cb8a0195e34b332dacfd9d9c92d0ac1743c7,0.0,True,ERM,LINEAR_COMBINATION,LINEAR_COMBINATION,LINEAR_COMBINATION,u004,LINEAR_COMBINATION,LINEAR_COMBINATION,LINEAR_COMBINATION,LINEAR_COMBINATION,True,LINEAR_COMBINATION,LINEAR_COMBINATION,10,0.0,False
20,4,0.0,e241a4f7cdd16a8fe22cb891dc6d6a428d857c7292772d8bb5474335681a7af8,8aa62619e58d151ebb9eef51b8b1fdb94c4f3495824228c2eb076ba24976a45e,689d292fb6623c8e99b108241a525180a8a2ef6cdef967e105eb02c499eb8c78,0.0,True,ERM,LINEAR_COMBINATION,LINEAR_COMBINATION,LINEAR_COMBINATION,u004,LINEAR_COMBINATION,LINEAR_COMBINATION,LINEAR_COMBINATION,LINEAR_COMBINATION,True,LINEAR_COMBINATION,LINEAR_COMBINATION,10,0.0,False
1,-1,1.948786735534668,e241a4f7cdd16a8fe22cb891dc6d6a428d857c7292772d8bb5474335681a7af8,5deca45bbf62b31f280e3624183d302cbb9f41184cb2175a52a98f1f66923420,9b135606262040333812ddeeada81f5ac94441f7931f1061471f77d52438ad37,26.886276245117188,True,ERM,LINEAR_COMBINATION,LINEAR_COMBINATION,LINEAR_COMBINATION,u005,LINEAR_COMBINATION,LINEAR_COMBINATION,LINEAR_COMBINATION,LINEAR_COMBINATION,True,LINEAR_COMBINATION,LINEAR_COMBINATION,10,18.830059051513672,False
5,-1,26.975759506225586,e241a4f7cdd16a8fe22cb891dc6d6a428d857c7292772d8bb5474335681a7af8,161915d9569731cbca40bd464a99f55ddbb524e07adc6ede0a0e36e4ec5f925f,9100854edaf262fdc099cd0c57e1cb8a0195e34b332dacfd9d9c92d0ac1743c7,241.3296356201172,True,ERM,LINEAR_COMBINATION,LINEAR_COMBINATION,LINEAR_COMBINATION,u005,LINEAR_COMBINATION,LINEAR_COMBINATION,LINEAR_COMBINATION,LINEAR_COMBINATION,True,LINEAR_COMBINATION,LINEAR_COMBINATION,10,169.88507080078125,False
20,-1,32.559913635253906,e241a4f7cdd16a8fe22cb891dc6d6a428d857c7292772d8bb5474335681a7af8,8aa62619e58d151ebb9eef51b8b1fdb94c4f3495824228c2eb076ba24976a45e,689d292fb6623c8e99b108241a525180a8a2ef6cdef967e105eb02c499eb8c78,223.13209533691406,True,ERM,LINEAR_COMBINATION,LINEAR_COMBINATION,LINEAR_COMBINATION,u005,LINEAR_COMBINATION,LINEAR_COMBINATION,LINEAR_COMBINATION,LINEAR_COMBINATION,True,LINEAR_COMBINATION,LINEAR_COMBINATION,10,155.46661376953125,False
1,-1,0.6113183498382568,e241a4f7cdd16a8fe22cb891dc6d6a428d857c7292772d8bb5474335681a7af8,5deca45bbf62b31f280e3624183d302cbb9f41184cb2175a52a98f1f66923420,9b135606262040333812ddeeada81f5ac94441f7931f1061471f77d52438ad37,0.7700359225273132,True,ERM,LINEAR_COMBINATION,LINEAR_COMBINATION,LINEAR_COMBINATION,u006,LINEAR_COMBINATION,LINEAR_COMBINATION,LINEAR_COMBINATION,LINEAR_COMBINATION,True,LINEAR_COMBINATION,LINEAR_COMBINATION,10,0.48910340666770935,False
5,-1,0.7799303531646729,e241a4f7cdd16a8fe22cb891dc6d6a428d857c7292772d8bb5474335681a7af8,161915d9569731cbca40bd464a99f55ddbb524e07adc6ede0a0e36e4ec5f925f,9100854edaf262fdc099cd0c57e1cb8a0195e34b332dacfd9d9c92d0ac1743c7,2.2062220573425293,True,ERM,LINEAR_COMBINATION,LINEAR_COMBINATION,LINEAR_COMBINATION,u006,LINEAR_COMBINATION,LINEAR_COMBINATION,LINEAR_COMBINATION,LINEAR_COMBINATION,True,LINEAR_COMBINATION,LINEAR_COMBINATION,10,1.266158103942871,False
20,-1,2.7637124061584473,e241a4f7cdd16a8fe22cb891dc6d6a428d857c7292772d8bb5474335681a7af8,8aa62619e58d151ebb9eef51b8b1fdb94c4f3495824228c2eb076ba24976a45e,689d292fb6623c8e99b108241a525180a8a2ef6cdef967e105eb02c499eb8c78,7.044811725616455,True,ERM,LINEAR_COMBINATION,LINEAR_COMBINATION,LINEAR_COMBINATION,u006,LINEAR_COMBINATION,LINEAR_COMBINATION,LINEAR_COMBINATION,LINEAR_COMBINATION,True,LINEAR_COMBINATION,LINEAR_COMBINATION,10,4.684876918792725,False
1,-1,1.378000259399414,e241a4f7cdd16a8fe22cb891dc6d6a428d857c7292772d8bb5474335681a7af8,5deca45bbf62b31f280e3624183d302cbb9f41184cb2175a52a98f1f66923420,9b135606262040333812ddeeada81f5ac94441f7931f1061471f77d52438ad37,19.0114688873291,True,ERM,LINEAR_COMBINATION,LINEAR_COMBINATION,LINEAR_COMBINATION,u007,LINEAR_COMBINATION,LINEAR_COMBINATION,LINEAR_COMBINATION,LINEAR_COMBINATION,True,LINEAR_COMBINATION,LINEAR_COMBINATION,10,13.314862251281738,False
5,-1,19.074745178222656,e241a4f7cdd16a8fe22cb891dc6d6a428d857c7292772d8bb5474335681a7af8,161915d9569731cbca40bd464a99f55ddbb524e07adc6ede0a0e36e4ec5f925f,9100854edaf262fdc099cd0c57e1cb8a0195e34b332dacfd9d9c92d0ac1743c7,170.6458282470703,True,ERM,LINEAR_COMBINATION,LINEAR_COMBINATION,LINEAR_COMBINATION,u007,LINEAR_COMBINATION,LINEAR_COMBINATION,LINEAR_COMBINATION,LINEAR_COMBINATION,True,LINEAR_COMBINATION,LINEAR_COMBINATION,10,120.12689208984375,False
20,-1,23.02333641052246,e241a4f7cdd16a8fe22cb891dc6d6a428d857c7292772d8bb5474335681a7af8,8aa62619e58d151ebb9eef51b8b1fdb94c4f3495824228c2eb076ba24976a45e,689d292fb6623c8e99b108241a525180a8a2ef6cdef967e105eb02c499eb8c78,157.77821350097656,True,ERM,LINEAR_COMBINATION,LINEAR_COMBINATION,LINEAR_COMBINATION,u007,LINEAR_COMBINATION,LINEAR_COMBINATION,LINEAR_COMBINATION,LINEAR_COMBINATION,True,LINEAR_COMBINATION,LINEAR_COMBINATION,10,109.93150329589844,False
1,-1,1.378000259399414,e241a4f7cdd16a8fe22cb891dc6d6a428d857c7292772d8bb5474335681a7af8,5deca45bbf62b31f280e3624183d302cbb9f41184cb2175a52a98f1f66923420,9b135606262040333812ddeeada81f5ac94441f7931f1061471f77d52438ad37,19.0114688873291,True,ERM,LINEAR_COMBINATION,LINEAR_COMBINATION,LINEAR_COMBINATION,u008,LINEAR_COMBINATION,LINEAR_COMBINATION,LINEAR_COMBINATION,LINEAR_COMBINATION,True,LINEAR_COMBINATION,LINEAR_COMBINATION,10,13.314862251281738,False
5,-1,19.074745178222656,e241a4f7cdd16a8fe22cb891dc6d6a428d857c7292772d8bb5474335681a7af8,161915d9569731cbca40bd464a99f55ddbb524e07adc6ede0a0e36e4ec5f925f,9100854edaf262fdc099cd0c57e1cb8a0195e34b332dacfd9d9c92d0ac1743c7,170.6458282470703,True,ERM,LINEAR_COMBINATION,LINEAR_COMBINATION,LINEAR_COMBINATION,u008,LINEAR_COMBINATION,LINEAR_COMBINATION,LINEAR_COMBINATION,LINEAR_COMBINATION,True,LINEAR_COMBINATION,LINEAR_COMBINATION,10,120.12689208984375,False
20,-1,23.02333641052246,e241a4f7cdd16a8fe22cb891dc6d6a428d857c7292772d8bb5474335681a7af8,8aa62619e58d151ebb9eef51b8b1fdb94c4f3495824228c2eb076ba24976a45e,689d292fb6623c8e99b108241a525180a8a2ef6cdef967e105eb02c499eb8c78,157.77821350097656,True,ERM,LINEAR_COMBINATION,LINEAR_COMBINATION,LINEAR_COMBINATION,u008,LINEAR_COMBINATION,LINEAR_COMBINATION,LINEAR_COMBINATION,LINEAR_COMBINATION,True,LINEAR_COMBINATION,LINEAR_COMBINATION,10,109.93150329589844,False
1,-1,1.0249061584472656,e241a4f7cdd16a8fe22cb891dc6d6a428d857c7292772d8bb5474335681a7af8,5deca45bbf62b31f280e3624183d302cbb9f41184cb2175a52a98f1f66923420,9b135606262040333812ddeeada81f5ac94441f7931f1061471f77d52438ad37,4.4806413650512695,True,ERM,LINEAR_COMBINATION,LINEAR_COMBINATION,LINEAR_COMBINATION,u009,LINEAR_COMBINATION,LINEAR_COMBINATION,LINEAR_COMBINATION,LINEAR_COMBINATION,True,LINEAR_COMBINATION,LINEAR_COMBINATION,10,2.3927674293518066,False
5,-1,11.14629077911377,e241a4f7cdd16a8fe22cb891dc6d6a428d857c7292772d8bb5474335681a7af8,161915d9569731cbca40bd464a99f55ddbb524e07adc6ede0a0e36e4ec5f925f,9100854edaf262fdc099cd0c57e1cb8a0195e34b332dacfd9d9c92d0ac1743c7,40.3591423034668,True,ERM,LINEAR_COMBINATION,LINEAR_COMBINATION,LINEAR_COMBINATION,u009,LINEAR_COMBINATION,LINEAR_COMBINATION,LINEAR_COMBINATION,LINEAR_COMBINATION,True,LINEAR_COMBINATION,LINEAR_COMBINATION,10,18.2233829498291,False
20,-1,55.298309326171875,e241a4f7cdd16a8fe22cb891dc6d6a428d857c7292772d8bb5474335681a7af8,8aa62619e58d151ebb9eef51b8b1fdb94c4f3495824228c2eb076ba24976a45e,689d292fb6623c8e99b108241a525180a8a2ef6cdef967e105eb02c499eb8c78,94.75670623779297,True,ERM,LINEAR_COMBINATION,LINEAR_COMBINATION,LINEAR_COMBINATION,u009,LINEAR_COMBINATION,LINEAR_COMBINATION,LINEAR_COMBINATION,LINEAR_COMBINATION,True,LINEAR_COMBINATION,LINEAR_COMBINATION,10,56.47543716430664,False
1,-1,1.0249061584472656,e241a4f7cdd16a8fe22cb891dc6d6a428d857c7292772d8bb5474335681a7af8,5deca45bbf62b31f280e3624183d302cbb9f41184cb2175a52a98f1f66923420,9b135606262040333812ddeeada81f5ac94441f7931f1061471f77d52438ad37,4.4806413650512695,True,ERM,LINEAR_COMBINATION,LINEAR_COMBINATION,LINEAR_COMBINATION,u010,LINEAR_COMBINATION,LINEAR_COMBINATION,LINEAR_COMBINATION,LINEAR_COMBINATION,True,LINEAR_COMBINATION,LINEAR_COMBINATION,10,2.3927674293518066,False
5,-1,11.14629077911377,e241a4f7cdd16a8fe22cb891dc6d6a428d857c7292772d8bb5474335681a7af8,161915d9569731cbca40bd464a99f55ddbb524e07adc6ede0a0e36e4ec5f925f,9100854edaf262fdc099cd0c57e1cb8a0195e34b332dacfd9d9c92d0ac1743c7,40.3591423034668,True,ERM,LINEAR_COMBINATION,LINEAR_COMBINATION,LINEAR_COMBINATION,u010,LINEAR_COMBINATION,LINEAR_COMBINATION,LINEAR_COMBINATION,LINEAR_COMBINATION,True,LINEAR_COMBINATION,LINEAR_COMBINATION,10,18.2233829498291,False
20,-1,55.298309326171875,e241a4f7cdd16a8fe22cb891dc6d6a428d857c7292772d8bb5474335681a7af8,8aa62619e58d151ebb9eef51b8b1fdb94c4f3495824228c2eb076ba24976a45e,689d292fb6623c8e99b108241a525180a8a2ef6cdef967e105eb02c499eb8c78,94.75670623779297,True,ERM,LINEAR_COMBINATION,LINEAR_COMBINATION,LINEAR_COMBINATION,u010,LINEAR_COMBINATION,LINEAR_COMBINATION,LINEAR_COMBINATION,LINEAR_COMBINATION,True,LINEAR_COMBINATION,LINEAR_COMBINATION,10,56.47543716430664,False
1,0,0.026532387360930443,ed24f08e965dac88a3be813182fd5e757aeab4c2a4d62792632f656c611c2b64,a38c8ff012b234fd0de6d339c50e40d394b12a4f0c34107f435fb0484e1af081,ae0285455f8afc14fe1b388fd150ffdb65807742a3b079f9f9cc19cf8e46b2b8,0.6751010417938232,True,IRMv1,ed24f08e965dac88a3be813182fd5e757aeab4c2a4d62792632f656c611c2b64,726626241a07208129f37afadedd9f0d89961a39754f20628fd1be9f7be79c09,e4872e60b9e7b38d93bc5c2d4a5a5b35d0f46397c4a3d562171b188e9143c25c,u000,ed24f08e965dac88a3be813182fd5e757aeab4c2a4d62792632f656c611c2b64,5961312e05d1cdea90b30807ec64121176d6fa34c78d2c81822424d18018dca0,de52ca1295d5b4c5783954662be2d22e38bdef9c46b8ce8884038dd5ef11f3fc,ed24f08e965dac88a3be813182fd5e757aeab4c2a4d62792632f656c611c2b64,True,5961312e05d1cdea90b30807ec64121176d6fa34c78d2c81822424d18018dca0,de52ca1295d5b4c5783954662be2d22e38bdef9c46b8ce8884038dd5ef11f3fc,10,0.5534514784812927,False
5,0,0.184317484498024,ed24f08e965dac88a3be813182fd5e757aeab4c2a4d62792632f656c611c2b64,4d9b1c705b2ff3900fffe0521a782b99d8e793f9d152ea8a214e673cf3483096,e58031ceb0402bf2a6c06d578868d85fa01774bd5320f639e5e806c67558eb3f,4.056650638580322,True,IRMv1,ed24f08e965dac88a3be813182fd5e757aeab4c2a4d62792632f656c611c2b64,7ac6dc05d82ba8dc3c46381ff00bd596f50c1012f2da2aff369db3f000e8876f,f88511eb3e8c702bcbfbc66a5f0d8ee0d2f9202dc95a5c825bf0b84285920109,u000,ed24f08e965dac88a3be813182fd5e757aeab4c2a4d62792632f656c611c2b64,cc3448dfa6327c71b10ec1f2d8e87b0227b0c3732394fcd7c248cfa0b4123f6c,379e4be0ea442139bdf4f7ca013e6cbe53fabcfa7bc1762ebcbc32be4a4c2005,ed24f08e965dac88a3be813182fd5e757aeab4c2a4d62792632f656c611c2b64,True,cc3448dfa6327c71b10ec1f2d8e87b0227b0c3732394fcd7c248cfa0b4123f6c,379e4be0ea442139bdf4f7ca013e6cbe53fabcfa7bc1762ebcbc32be4a4c2005,10,3.3541924953460693,False
20,0,0.6696602702140808,ed24f08e965dac88a3be813182fd5e757aeab4c2a4d62792632f656c611c2b64,c542b489016dd28589f40f384d8cfcfe57cce66a706ce2be8efb81e8a5df705e,a09e23ffd85027d5c2e167bd4e4b0bb7414d60259c434824dbdd27a1f5103e0a,5.181441307067871,True,IRMv1,ed24f08e965dac88a3be813182fd5e757aeab4c2a4d62792632f656c611c2b64,84db121d0891af7ed45823aff7c7119995664ce71f6d6f03289947ea5291f824,a0e6f789124fe83e85d1503bbd2f2c21d03823519ae7e08e240fa3b3c5488f62,u000,ed24f08e965dac88a3be813182fd5e757aeab4c2a4d62792632f656c611c2b64,3b54d765f8c4bc1ca80fb60099f31c1fd229f7024a7feeb80200e7c7b2e9ff53,452bd4840df8b48adf6babbafb76cea717d6d0a86a220d8a171122c26dc08c04,ed24f08e965dac88a3be813182fd5e757aeab4c2a4d62792632f656c611c2b64,True,3b54d765f8c4bc1ca80fb60099f31c1fd229f7024a7feeb80200e7c7b2e9ff53,452bd4840df8b48adf6babbafb76cea717d6d0a86a220d8a171122c26dc08c04,10,4.371805667877197,False
1,1,0.033658068627119064,ed24f08e965dac88a3be813182fd5e757aeab4c2a4d62792632f656c611c2b64,a38c8ff012b234fd0de6d339c50e40d394b12a4f0c34107f435fb0484e1af081,ae0285455f8afc14fe1b388fd150ffdb65807742a3b079f9f9cc19cf8e46b2b8,0.726741373538971,True,IRMv1,ed24f08e965dac88a3be813182fd5e757aeab4c2a4d62792632f656c611c2b64,30a3253a1ddef08f1cd001519ec9d2828d9072ef66b6cfb6a44b645b53c18db9,bade190ac5faef1869b631a827814b423850679b1175f54dd3ab929f0ac83165,u001,ed24f08e965dac88a3be813182fd5e757aeab4c2a4d62792632f656c611c2b64,9191ecbcf6c3f2b930fce5c456b79341dd0d523aa229ea78c0c7b051af1bd8ff,29234cf12b6a463d943841d0749f1a5f284fcaa7fa9e83fc94f89a7c5282ab5f,ed24f08e965dac88a3be813182fd5e757aeab4c2a4d62792632f656c611c2b64,True,9191ecbcf6c3f2b930fce5c456b79341dd0d523aa229ea78c0c7b051af1bd8ff,29234cf12b6a463d943841d0749f1a5f284fcaa7fa9e83fc94f89a7c5282ab5f,10,0.595761775970459,False
5,1,0.2006455659866333,ed24f08e965dac88a3be813182fd5e757aeab4c2a4d62792632f656c611c2b64,4d9b1c705b2ff3900fffe0521a782b99d8e793f9d152ea8a214e673cf3483096,e58031ceb0402bf2a6c06d578868d85fa01774bd5320f639e5e806c67558eb3f,4.07938814163208,True,IRMv1,ed24f08e965dac88a3be813182fd5e757aeab4c2a4d62792632f656c611c2b64,293d536158ab412ac137aabffb496938eb7ff70407d6c29690669d30ad9c9524,3ca9d1d02dd3588ffde0c95cc3b28d5026fa6e000a58e83e1fd27ac6bd7fdb8b,u001,ed24f08e965dac88a3be813182fd5e757aeab4c2a4d62792632f656c611c2b64,a3536d09929b4a4efb046241c5b0616a1348deec951b19569285b12c688185d5,42ddbd141cf56cbf27e7d17515f5e1d69a8e7826a629c5098c379eba8f7e493b,ed24f08e965dac88a3be813182fd5e757aeab4c2a4d62792632f656c611c2b64,True,a3536d09929b4a4efb046241c5b0616a1348deec951b19569285b12c688185d5,42ddbd141cf56cbf27e7d17515f5e1d69a8e7826a629c5098c379eba8f7e493b,10,3.3877875804901123,False
20,1,0.4199088513851166,ed24f08e965dac88a3be813182fd5e757aeab4c2a4d62792632f656c611c2b64,c542b489016dd28589f40f384d8cfcfe57cce66a706ce2be8efb81e8a5df705e,a09e23ffd85027d5c2e167bd4e4b0bb7414d60259c434824dbdd27a1f5103e0a,5.083302021026611,True,IRMv1,ed24f08e965dac88a3be813182fd5e757aeab4c2a4d62792632f656c611c2b64,29ce85795c04011bfcb526e7ce139c1755fabb905c74c43cc0cb3169011b3958,1516f79f89c76ee6200529ab564237b23b45794665c5d0aea5916ea76fbbce68,u001,ed24f08e965dac88a3be813182fd5e757aeab4c2a4d62792632f656c611c2b64,6057af277786e8dc4c9c94fd7eea29eb59b88f2548d19c5837f703efd1e1b2eb,c026b5ea0fc4784c8d60eb41ecb020bc83198699f173b4f4fdc0fb8510d6ad83,ed24f08e965dac88a3be813182fd5e757aeab4c2a4d62792632f656c611c2b64,True,6057af277786e8dc4c9c94fd7eea29eb59b88f2548d19c5837f703efd1e1b2eb,c026b5ea0fc4784c8d60eb41ecb020bc83198699f173b4f4fdc0fb8510d6ad83,10,4.2830400466918945,False
1,2,0.0,ed24f08e965dac88a3be813182fd5e757aeab4c2a4d62792632f656c611c2b64,a38c8ff012b234fd0de6d339c50e40d394b12a4f0c34107f435fb0484e1af081,ae0285455f8afc14fe1b388fd150ffdb65807742a3b079f9f9cc19cf8e46b2b8,0.0,True,IRMv1,LINEAR_COMBINATION,LINEAR_COMBINATION,LINEAR_COMBINATION,u002,LINEAR_COMBINATION,LINEAR_COMBINATION,LINEAR_COMBINATION,LINEAR_COMBINATION,True,LINEAR_COMBINATION,LINEAR_COMBINATION,10,0.0,False
5,2,0.0,ed24f08e965dac88a3be813182fd5e757aeab4c2a4d62792632f656c611c2b64,4d9b1c705b2ff3900fffe0521a782b99d8e793f9d152ea8a214e673cf3483096,e58031ceb0402bf2a6c06d578868d85fa01774bd5320f639e5e806c67558eb3f,0.0,True,IRMv1,LINEAR_COMBINATION,LINEAR_COMBINATION,LINEAR_COMBINATION,u002,LINEAR_COMBINATION,LINEAR_COMBINATION,LINEAR_COMBINATION,LINEAR_COMBINATION,True,LINEAR_COMBINATION,LINEAR_COMBINATION,10,0.0,False
20,2,0.0,ed24f08e965dac88a3be813182fd5e757aeab4c2a4d62792632f656c611c2b64,c542b489016dd28589f40f384d8cfcfe57cce66a706ce2be8efb81e8a5df705e,a09e23ffd85027d5c2e167bd4e4b0bb7414d60259c434824dbdd27a1f5103e0a,0.0,True,IRMv1,LINEAR_COMBINATION,LINEAR_COMBINATION,LINEAR_COMBINATION,u002,LINEAR_COMBINATION,LINEAR_COMBINATION,LINEAR_COMBINATION,LINEAR_COMBINATION,True,LINEAR_COMBINATION,LINEAR_COMBINATION,10,0.0,False
1,3,0.22482585906982422,ed24f08e965dac88a3be813182fd5e757aeab4c2a4d62792632f656c611c2b64,a38c8ff012b234fd0de6d339c50e40d394b12a4f0c34107f435fb0484e1af081,ae0285455f8afc14fe1b388fd150ffdb65807742a3b079f9f9cc19cf8e46b2b8,5.1729350090026855,True,IRMv1,ed24f08e965dac88a3be813182fd5e757aeab4c2a4d62792632f656c611c2b64,547ea09fe6dec41ed944dffcd548ec4ee398b949447906d0674b9058312f8cee,bcf0d6c4028c3b4e39f9250f5ee8d40b9b67ea2de3ef7701a8741620f17b9734,u003,ed24f08e965dac88a3be813182fd5e757aeab4c2a4d62792632f656c611c2b64,62edceb65145af7b808ebdd111becd556d8443c9ce9f7246cce1b2cdb960a218,f8a178d9c5b28520fe71cf11cb91110b94d146dd6d11a02efc4aea7446fe2ea8,ed24f08e965dac88a3be813182fd5e757aeab4c2a4d62792632f656c611c2b64,True,62edceb65145af7b808ebdd111becd556d8443c9ce9f7246cce1b2cdb960a218,f8a178d9c5b28520fe71cf11cb91110b94d146dd6d11a02efc4aea7446fe2ea8,10,4.218096733093262,False
5,3,2.374716281890869,ed24f08e965dac88a3be813182fd5e757aeab4c2a4d62792632f656c611c2b64,4d9b1c705b2ff3900fffe0521a782b99d8e793f9d152ea8a214e673cf3483096,e58031ceb0402bf2a6c06d578868d85fa01774bd5320f639e5e806c67558eb3f,43.847251892089844,True,IRMv1,ed24f08e965dac88a3be813182fd5e757aeab4c2a4d62792632f656c611c2b64,49cd6446a0a1a323554970b1fe792e606a9817d82a9766389c3d4aae4d04638a,690e3b68fd2a50242d03334a6478308727172d4c4e74553069a92c7a19bd63eb,u003,ed24f08e965dac88a3be813182fd5e757aeab4c2a4d62792632f656c611c2b64,288f327d4aaf631bf3f91808f8887d9c8cf572f20a5c7dcd18835623bd3f9377,4b4afd65d0cc8036123e170d01d1d7ec0f6400cd3cc6ea8311b0afd2bdbd5e0d,ed24f08e965dac88a3be813182fd5e757aeab4c2a4d62792632f656c611c2b64,True,288f327d4aaf631bf3f91808f8887d9c8cf572f20a5c7dcd18835623bd3f9377,4b4afd65d0cc8036123e170d01d1d7ec0f6400cd3cc6ea8311b0afd2bdbd5e0d,10,35.81367492675781,False
20,3,1.4765598773956299,ed24f08e965dac88a3be813182fd5e757aeab4c2a4d62792632f656c611c2b64,c542b489016dd28589f40f384d8cfcfe57cce66a706ce2be8efb81e8a5df705e,a09e23ffd85027d5c2e167bd4e4b0bb7414d60259c434824dbdd27a1f5103e0a,40.313446044921875,True,IRMv1,ed24f08e965dac88a3be813182fd5e757aeab4c2a4d62792632f656c611c2b64,f50b146ceb9dfb84a9e2aefbb6efebad379ea5fdc0e9efa09343922ce2ee2f16,ca28aa86fb5da0accada5853bd3516b18917b554d490b0611781a4c2f6d66ff3,u003,ed24f08e965dac88a3be813182fd5e757aeab4c2a4d62792632f656c611c2b64,16398f930eba893c5b6bd60c00d0447009392fa8882f541190827e741eed8fee,1d81e1ca14f95e87ba0741859ae4cc1b5ac201f178bb63a58cf1d034bd28d912,ed24f08e965dac88a3be813182fd5e757aeab4c2a4d62792632f656c611c2b64,True,16398f930eba893c5b6bd60c00d0447009392fa8882f541190827e741eed8fee,1d81e1ca14f95e87ba0741859ae4cc1b5ac201f178bb63a58cf1d034bd28d912,10,33.07709884643555,False
1,4,0.0,ed24f08e965dac88a3be813182fd5e757aeab4c2a4d62792632f656c611c2b64,a38c8ff012b234fd0de6d339c50e40d394b12a4f0c34107f435fb0484e1af081,ae0285455f8afc14fe1b388fd150ffdb65807742a3b079f9f9cc19cf8e46b2b8,0.0,True,IRMv1,LINEAR_COMBINATION,LINEAR_COMBINATION,LINEAR_COMBINATION,u004,LINEAR_COMBINATION,LINEAR_COMBINATION,LINEAR_COMBINATION,LINEAR_COMBINATION,True,LINEAR_COMBINATION,LINEAR_COMBINATION,10,0.0,False
5,4,0.0,ed24f08e965dac88a3be813182fd5e757aeab4c2a4d62792632f656c611c2b64,4d9b1c705b2ff3900fffe0521a782b99d8e793f9d152ea8a214e673cf3483096,e58031ceb0402bf2a6c06d578868d85fa01774bd5320f639e5e806c67558eb3f,0.0,True,IRMv1,LINEAR_COMBINATION,LINEAR_COMBINATION,LINEAR_COMBINATION,u004,LINEAR_COMBINATION,LINEAR_COMBINATION,LINEAR_COMBINATION,LINEAR_COMBINATION,True,LINEAR_COMBINATION,LINEAR_COMBINATION,10,0.0,False
20,4,0.0,ed24f08e965dac88a3be813182fd5e757aeab4c2a4d62792632f656c611c2b64,c542b489016dd28589f40f384d8cfcfe57cce66a706ce2be8efb81e8a5df705e,a09e23ffd85027d5c2e167bd4e4b0bb7414d60259c434824dbdd27a1f5103e0a,0.0,True,IRMv1,LINEAR_COMBINATION,LINEAR_COMBINATION,LINEAR_COMBINATION,u004,LINEAR_COMBINATION,LINEAR_COMBINATION,LINEAR_COMBINATION,LINEAR_COMBINATION,True,LINEAR_COMBINATION,LINEAR_COMBINATION,10,0.0,False
1,-1,0.040439724922180176,ed24f08e965dac88a3be813182fd5e757aeab4c2a4d62792632f656c611c2b64,a38c8ff012b234fd0de6d339c50e40d394b12a4f0c34107f435fb0484e1af081,ae0285455f8afc14fe1b388fd150ffdb65807742a3b079f9f9cc19cf8e46b2b8,0.9909480214118958,True,IRMv1,LINEAR_COMBINATION,LINEAR_COMBINATION,LINEAR_COMBINATION,u005,LINEAR_COMBINATION,LINEAR_COMBINATION,LINEAR_COMBINATION,LINEAR_COMBINATION,True,LINEAR_COMBINATION,LINEAR_COMBINATION,10,0.8123865723609924,False
5,-1,0.26532286405563354,ed24f08e965dac88a3be813182fd5e757aeab4c2a4d62792632f656c611c2b64,4d9b1c705b2ff3900fffe0521a782b99d8e793f9d152ea8a214e673cf3483096,e58031ceb0402bf2a6c06d578868d85fa01774bd5320f639e5e806c67558eb3f,5.751960754394531,True,IRMv1,LINEAR_COMBINATION,LINEAR_COMBINATION,LINEAR_COMBINATION,u005,LINEAR_COMBINATION,LINEAR_COMBINATION,LINEAR_COMBINATION,LINEAR_COMBINATION,True,LINEAR_COMBINATION,LINEAR_COMBINATION,10,4.766535758972168,False
20,-1,0.7349644899368286,ed24f08e965dac88a3be813182fd5e757aeab4c2a4d62792632f656c611c2b64,c542b489016dd28589f40f384d8cfcfe57cce66a706ce2be8efb81e8a5df705e,a09e23ffd85027d5c2e167bd4e4b0bb7414d60259c434824dbdd27a1f5103e0a,7.246158123016357,True,IRMv1,LINEAR_COMBINATION,LINEAR_COMBINATION,LINEAR_COMBINATION,u005,LINEAR_COMBINATION,LINEAR_COMBINATION,LINEAR_COMBINATION,LINEAR_COMBINATION,True,LINEAR_COMBINATION,LINEAR_COMBINATION,10,6.111048221588135,False
1,-1,0.014193731360137463,ed24f08e965dac88a3be813182fd5e757aeab4c2a4d62792632f656c611c2b64,a38c8ff012b234fd0de6d339c50e40d394b12a4f0c34107f435fb0484e1af081,ae0285455f8afc14fe1b388fd150ffdb65807742a3b079f9f9cc19cf8e46b2b8,0.044006504118442535,True,IRMv1,LINEAR_COMBINATION,LINEAR_COMBINATION,LINEAR_COMBINATION,u006,LINEAR_COMBINATION,LINEAR_COMBINATION,LINEAR_COMBINATION,LINEAR_COMBINATION,True,LINEAR_COMBINATION,LINEAR_COMBINATION,10,0.035617928951978683,False
5,-1,0.06193021684885025,ed24f08e965dac88a3be813182fd5e757aeab4c2a4d62792632f656c611c2b64,4d9b1c705b2ff3900fffe0521a782b99d8e793f9d152ea8a214e673cf3483096,e58031ceb0402bf2a6c06d578868d85fa01774bd5320f639e5e806c67558eb3f,0.11297988891601562,True,IRMv1,LINEAR_COMBINATION,LINEAR_COMBINATION,LINEAR_COMBINATION,u006,LINEAR_COMBINATION,LINEAR_COMBINATION,LINEAR_COMBINATION,LINEAR_COMBINATION,True,LINEAR_COMBINATION,LINEAR_COMBINATION,10,0.08858025074005127,False
20,-1,0.2908531725406647,ed24f08e965dac88a3be813182fd5e757aeab4c2a4d62792632f656c611c2b64,c542b489016dd28589f40f384d8cfcfe57cce66a706ce2be8efb81e8a5df705e,a09e23ffd85027d5c2e167bd4e4b0bb7414d60259c434824dbdd27a1f5103e0a,0.42483237385749817,True,IRMv1,LINEAR_COMBINATION,LINEAR_COMBINATION,LINEAR_COMBINATION,u006,LINEAR_COMBINATION,LINEAR_COMBINATION,LINEAR_COMBINATION,LINEAR_COMBINATION,True,LINEAR_COMBINATION,LINEAR_COMBINATION,10,0.3349652588367462,False
1,-1,0.028595203533768654,ed24f08e965dac88a3be813182fd5e757aeab4c2a4d62792632f656c611c2b64,a38c8ff012b234fd0de6d339c50e40d394b12a4f0c34107f435fb0484e1af081,ae0285455f8afc14fe1b388fd150ffdb65807742a3b079f9f9cc19cf8e46b2b8,0.7007060647010803,True,IRMv1,LINEAR_COMBINATION,LINEAR_COMBINATION,LINEAR_COMBINATION,u007,LINEAR_COMBINATION,LINEAR_COMBINATION,LINEAR_COMBINATION,LINEAR_COMBINATION,True,LINEAR_COMBINATION,LINEAR_COMBINATION,10,0.574444055557251,False
5,-1,0.18761157989501953,ed24f08e965dac88a3be813182fd5e757aeab4c2a4d62792632f656c611c2b64,4d9b1c705b2ff3900fffe0521a782b99d8e793f9d152ea8a214e673cf3483096,e58031ceb0402bf2a6c06d578868d85fa01774bd5320f639e5e806c67558eb3f,4.0672502517700195,True,IRMv1,LINEAR_COMBINATION,LINEAR_COMBINATION,LINEAR_COMBINATION,u007,LINEAR_COMBINATION,LINEAR_COMBINATION,LINEAR_COMBINATION,LINEAR_COMBINATION,True,LINEAR_COMBINATION,LINEAR_COMBINATION,10,3.3704497814178467,False
20,-1,0.5196983814239502,ed24f08e965dac88a3be813182fd5e757aeab4c2a4d62792632f656c611c2b64,c542b489016dd28589f40f384d8cfcfe57cce66a706ce2be8efb81e8a5df705e,a09e23ffd85027d5c2e167bd4e4b0bb7414d60259c434824dbdd27a1f5103e0a,5.123807907104492,True,IRMv1,LINEAR_COMBINATION,LINEAR_COMBINATION,LINEAR_COMBINATION,u007,LINEAR_COMBINATION,LINEAR_COMBINATION,LINEAR_COMBINATION,LINEAR_COMBINATION,True,LINEAR_COMBINATION,LINEAR_COMBINATION,10,4.321163654327393,False
1,-1,0.028595203533768654,ed24f08e965dac88a3be813182fd5e757aeab4c2a4d62792632f656c611c2b64,a38c8ff012b234fd0de6d339c50e40d394b12a4f0c34107f435fb0484e1af081,ae0285455f8afc14fe1b388fd150ffdb65807742a3b079f9f9cc19cf8e46b2b8,0.7007060647010803,True,IRMv1,LINEAR_COMBINATION,LINEAR_COMBINATION,LINEAR_COMBINATION,u008,LINEAR_COMBINATION,LINEAR_COMBINATION,LINEAR_COMBINATION,LINEAR_COMBINATION,True,LINEAR_COMBINATION,LINEAR_COMBINATION,10,0.574444055557251,False
5,-1,0.18761157989501953,ed24f08e965dac88a3be813182fd5e757aeab4c2a4d62792632f656c611c2b64,4d9b1c705b2ff3900fffe0521a782b99d8e793f9d152ea8a214e673cf3483096,e58031ceb0402bf2a6c06d578868d85fa01774bd5320f639e5e806c67558eb3f,4.0672502517700195,True,IRMv1,LINEAR_COMBINATION,LINEAR_COMBINATION,LINEAR_COMBINATION,u008,LINEAR_COMBINATION,LINEAR_COMBINATION,LINEAR_COMBINATION,LINEAR_COMBINATION,True,LINEAR_COMBINATION,LINEAR_COMBINATION,10,3.3704497814178467,False
20,-1,0.5196983814239502,ed24f08e965dac88a3be813182fd5e757aeab4c2a4d62792632f656c611c2b64,c542b489016dd28589f40f384d8cfcfe57cce66a706ce2be8efb81e8a5df705e,a09e23ffd85027d5c2e167bd4e4b0bb7414d60259c434824dbdd27a1f5103e0a,5.123807907104492,True,IRMv1,LINEAR_COMBINATION,LINEAR_COMBINATION,LINEAR_COMBINATION,u008,LINEAR_COMBINATION,LINEAR_COMBINATION,LINEAR_COMBINATION,LINEAR_COMBINATION,True,LINEAR_COMBINATION,LINEAR_COMBINATION,10,4.321163654327393,False
1,-1,0.15897588431835175,ed24f08e965dac88a3be813182fd5e757aeab4c2a4d62792632f656c611c2b64,a38c8ff012b234fd0de6d339c50e40d394b12a4f0c34107f435fb0484e1af081,ae0285455f8afc14fe1b388fd150ffdb65807742a3b079f9f9cc19cf8e46b2b8,3.6578176021575928,True,IRMv1,LINEAR_COMBINATION,LINEAR_COMBINATION,LINEAR_COMBINATION,u009,LINEAR_COMBINATION,LINEAR_COMBINATION,LINEAR_COMBINATION,LINEAR_COMBINATION,True,LINEAR_COMBINATION,LINEAR_COMBINATION,10,2.982644557952881,False
5,-1,1.6791781187057495,ed24f08e965dac88a3be813182fd5e757aeab4c2a4d62792632f656c611c2b64,4d9b1c705b2ff3900fffe0521a782b99d8e793f9d152ea8a214e673cf3483096,e58031ceb0402bf2a6c06d578868d85fa01774bd5320f639e5e806c67558eb3f,31.004688262939453,True,IRMv1,LINEAR_COMBINATION,LINEAR_COMBINATION,LINEAR_COMBINATION,u009,LINEAR_COMBINATION,LINEAR_COMBINATION,LINEAR_COMBINATION,LINEAR_COMBINATION,True,LINEAR_COMBINATION,LINEAR_COMBINATION,10,25.3240909576416,False
20,-1,1.0440855026245117,ed24f08e965dac88a3be813182fd5e757aeab4c2a4d62792632f656c611c2b64,c542b489016dd28589f40f384d8cfcfe57cce66a706ce2be8efb81e8a5df705e,a09e23ffd85027d5c2e167bd4e4b0bb7414d60259c434824dbdd27a1f5103e0a,28.505910873413086,True,IRMv1,LINEAR_COMBINATION,LINEAR_COMBINATION,LINEAR_COMBINATION,u009,LINEAR_COMBINATION,LINEAR_COMBINATION,LINEAR_COMBINATION,LINEAR_COMBINATION,True,LINEAR_COMBINATION,LINEAR_COMBINATION,10,23.389041900634766,False
1,-1,0.15897588431835175,ed24f08e965dac88a3be813182fd5e757aeab4c2a4d62792632f656c611c2b64,a38c8ff012b234fd0de6d339c50e40d394b12a4f0c34107f435fb0484e1af081,ae0285455f8afc14fe1b388fd150ffdb65807742a3b079f9f9cc19cf8e46b2b8,3.6578176021575928,True,IRMv1,LINEAR_COMBINATION,LINEAR_COMBINATION,LINEAR_COMBINATION,u010,LINEAR_COMBINATION,LINEAR_COMBINATION,LINEAR_COMBINATION,LINEAR_COMBINATION,True,LINEAR_COMBINATION,LINEAR_COMBINATION,10,2.982644557952881,False
5,-1,1.6791781187057495,ed24f08e965dac88a3be813182fd5e757aeab4c2a4d62792632f656c611c2b64,4d9b1c705b2ff3900fffe0521a782b99d8e793f9d152ea8a214e673cf3483096,e58031ceb0402bf2a6c06d578868d85fa01774bd5320f639e5e806c67558eb3f,31.004688262939453,True,IRMv1,LINEAR_COMBINATION,LINEAR_COMBINATION,LINEAR_COMBINATION,u010,LINEAR_COMBINATION,LINEAR_COMBINATION,LINEAR_COMBINATION,LINEAR_COMBINATION,True,LINEAR_COMBINATION,LINEAR_COMBINATION,10,25.3240909576416,False
20,-1,1.0440855026245117,ed24f08e965dac88a3be813182fd5e757aeab4c2a4d62792632f656c611c2b64,c542b489016dd28589f40f384d8cfcfe57cce66a706ce2be8efb81e8a5df705e,a09e23ffd85027d5c2e167bd4e4b0bb7414d60259c434824dbdd27a1f5103e0a,28.505910873413086,True,IRMv1,LINEAR_COMBINATION,LINEAR_COMBINATION,LINEAR_COMBINATION,u010,LINEAR_COMBINATION,LINEAR_COMBINATION,LINEAR_COMBINATION,LINEAR_COMBINATION,True,LINEAR_COMBINATION,LINEAR_COMBINATION,10,23.389041900634766,False
1,0,0.1401016116142273,fcf77cfc2cc2e9a7c8fe7b7c60b10164625a86f7e44c05cc4b6a312f2ae4af3f,7e70a34ff3c3c0c6eaf688203fc87302b52068c2ee7ee5bd61275808c1adaaf1,e5bdbb5dc2c519a2bd0141c56bc4498b50e7c5d2dac1659feacf3547464379eb,0.8709268569946289,True,VREX,fcf77cfc2cc2e9a7c8fe7b7c60b10164625a86f7e44c05cc4b6a312f2ae4af3f,ee229f454a095ac52ba7b92673ac44c43f42d86a1e074e69675be467e00dfa14,e8cc89c201fc6845afc19235d1ff3d9e0588abc854052a2360b4cde5370859ac,u000,fcf77cfc2cc2e9a7c8fe7b7c60b10164625a86f7e44c05cc4b6a312f2ae4af3f,16c9bf1c7d455df25522f3019f3360db63927ffe385e62048b483da97c992662,0ade733e6fe9bc8e19953f78592c78f96319338a849d2ecbbff42d0860dcd1f9,fcf77cfc2cc2e9a7c8fe7b7c60b10164625a86f7e44c05cc4b6a312f2ae4af3f,True,16c9bf1c7d455df25522f3019f3360db63927ffe385e62048b483da97c992662,0ade733e6fe9bc8e19953f78592c78f96319338a849d2ecbbff42d0860dcd1f9,10,0.6747755408287048,False
5,0,0.9425122737884521,fcf77cfc2cc2e9a7c8fe7b7c60b10164625a86f7e44c05cc4b6a312f2ae4af3f,fd7c10458de2378ebcf121a5d2910774e153f997c1695a9657fdd733f34f76df,255be05e7444491de1140879918518602116cd0fe698dc35c661cf83c6e022d8,7.311567783355713,True,VREX,fcf77cfc2cc2e9a7c8fe7b7c60b10164625a86f7e44c05cc4b6a312f2ae4af3f,a43f75abf4db1e6e5050e345bae4969db92832dd6f0fc101e978ca8d83b3724c,2604314104999eee84a1e984e23b4c6a57fc8b2b3114f4cb7d558d0b5e3f261a,u000,fcf77cfc2cc2e9a7c8fe7b7c60b10164625a86f7e44c05cc4b6a312f2ae4af3f,db5070ef0b69059dcc8bce80f07757f2b361af3c8bb61a842fce759db8a3765d,bb4c0a1ae684eec7b6f9dcab7a598f51fc8419afc3dce465249a7a19f703aa95,fcf77cfc2cc2e9a7c8fe7b7c60b10164625a86f7e44c05cc4b6a312f2ae4af3f,True,db5070ef0b69059dcc8bce80f07757f2b361af3c8bb61a842fce759db8a3765d,bb4c0a1ae684eec7b6f9dcab7a598f51fc8419afc3dce465249a7a19f703aa95,10,5.6919264793396,False
20,0,2.5268523693084717,fcf77cfc2cc2e9a7c8fe7b7c60b10164625a86f7e44c05cc4b6a312f2ae4af3f,b39e477841240463edc659a022b9eb936ba58472866612b6aa029e87dc63f595,aed9914ebb76c2e0ba46e6287c3657eea1bc81d586a45c773c11feaebbb350eb,6.457100868225098,True,VREX,fcf77cfc2cc2e9a7c8fe7b7c60b10164625a86f7e44c05cc4b6a312f2ae4af3f,776c299626789162b7751e14bc43caf852684e092997e8fb8b2a950c20844986,20eeebc5605c2d400e22518b80b118f75bcae7342c5c7084739c36f7eac62d7c,u000,fcf77cfc2cc2e9a7c8fe7b7c60b10164625a86f7e44c05cc4b6a312f2ae4af3f,0af6f0af1a6b1cf06b375ceeae5bb97f34fca1b23d5a4a3216370b772f011dc5,2927fe186c1dfd20292a06f8a36d59e9ef45491fc51c2529d4e26f3f4ee15e9b,fcf77cfc2cc2e9a7c8fe7b7c60b10164625a86f7e44c05cc4b6a312f2ae4af3f,True,0af6f0af1a6b1cf06b375ceeae5bb97f34fca1b23d5a4a3216370b772f011dc5,2927fe186c1dfd20292a06f8a36d59e9ef45491fc51c2529d4e26f3f4ee15e9b,10,5.254523754119873,False
1,1,0.1370161473751068,fcf77cfc2cc2e9a7c8fe7b7c60b10164625a86f7e44c05cc4b6a312f2ae4af3f,7e70a34ff3c3c0c6eaf688203fc87302b52068c2ee7ee5bd61275808c1adaaf1,e5bdbb5dc2c519a2bd0141c56bc4498b50e7c5d2dac1659feacf3547464379eb,0.8668590784072876,True,VREX,fcf77cfc2cc2e9a7c8fe7b7c60b10164625a86f7e44c05cc4b6a312f2ae4af3f,07cb2bb8e735b41daeb160413d69a71c7d4fe53f26d922d7d82f966bc4c52abf,91652ac8a698d9c47bf77bc743d608d434144facf8ffa081d3217bd8b807fb65,u001,fcf77cfc2cc2e9a7c8fe7b7c60b10164625a86f7e44c05cc4b6a312f2ae4af3f,6f1a242e5b83270b744f2132a50d9b21ef372f6722542015b7b8acf2a1d85a24,02a7d41a2c979b63f017432bf1f2b87bcb089bef804791c60c1d533127e928eb,fcf77cfc2cc2e9a7c8fe7b7c60b10164625a86f7e44c05cc4b6a312f2ae4af3f,True,6f1a242e5b83270b744f2132a50d9b21ef372f6722542015b7b8acf2a1d85a24,02a7d41a2c979b63f017432bf1f2b87bcb089bef804791c60c1d533127e928eb,10,0.6695235371589661,False
5,1,0.9459086656570435,fcf77cfc2cc2e9a7c8fe7b7c60b10164625a86f7e44c05cc4b6a312f2ae4af3f,fd7c10458de2378ebcf121a5d2910774e153f997c1695a9657fdd733f34f76df,255be05e7444491de1140879918518602116cd0fe698dc35c661cf83c6e022d8,7.458396911621094,True,VREX,fcf77cfc2cc2e9a7c8fe7b7c60b10164625a86f7e44c05cc4b6a312f2ae4af3f,9aa2214d9a4b64b8d2fc4e74bf7c018b2938e5a2cbab1aae0caab8b5e328d0e3,7e6c0c5ef618259ad7a4ed0d0b8d902d0035e111a0894f0fc989d3fe2fb39253,u001,fcf77cfc2cc2e9a7c8fe7b7c60b10164625a86f7e44c05cc4b6a312f2ae4af3f,8b87f8d20e0f9c11abb76bfae00f29b7c6e295e9d2c1d3e2c0ff2bcf0372b431,6836dcfe7693b87f3e0128bda0ae7e5b087148fe6ceed5edcc70c318eee075ae,fcf77cfc2cc2e9a7c8fe7b7c60b10164625a86f7e44c05cc4b6a312f2ae4af3f,True,8b87f8d20e0f9c11abb76bfae00f29b7c6e295e9d2c1d3e2c0ff2bcf0372b431,6836dcfe7693b87f3e0128bda0ae7e5b087148fe6ceed5edcc70c318eee075ae,10,5.7967448234558105,False
20,1,3.239980697631836,fcf77cfc2cc2e9a7c8fe7b7c60b10164625a86f7e44c05cc4b6a312f2ae4af3f,b39e477841240463edc659a022b9eb936ba58472866612b6aa029e87dc63f595,aed9914ebb76c2e0ba46e6287c3657eea1bc81d586a45c773c11feaebbb350eb,7.346183776855469,True,VREX,fcf77cfc2cc2e9a7c8fe7b7c60b10164625a86f7e44c05cc4b6a312f2ae4af3f,8d7df47fb2fbaddcd4867ad70a4d019f1d6d7ab8b9adb595159beeef5cf22b6f,4aa4f23f069d0849b3ee72d1d2419602b46d778f46143d75a9e9a8a13847a8aa,u001,fcf77cfc2cc2e9a7c8fe7b7c60b10164625a86f7e44c05cc4b6a312f2ae4af3f,96dd141fec3dcf70265cd2a4e59d05adfe3be8d89db0de1025e864340b1b73f7,d45739dc26f4ee2da4f8647b529658cfd691bde5b02fe99c77fc404e489e1e35,fcf77cfc2cc2e9a7c8fe7b7c60b10164625a86f7e44c05cc4b6a312f2ae4af3f,True,96dd141fec3dcf70265cd2a4e59d05adfe3be8d89db0de1025e864340b1b73f7,d45739dc26f4ee2da4f8647b529658cfd691bde5b02fe99c77fc404e489e1e35,10,6.067718982696533,False
1,2,0.0,fcf77cfc2cc2e9a7c8fe7b7c60b10164625a86f7e44c05cc4b6a312f2ae4af3f,7e70a34ff3c3c0c6eaf688203fc87302b52068c2ee7ee5bd61275808c1adaaf1,e5bdbb5dc2c519a2bd0141c56bc4498b50e7c5d2dac1659feacf3547464379eb,0.0,True,VREX,LINEAR_COMBINATION,LINEAR_COMBINATION,LINEAR_COMBINATION,u002,LINEAR_COMBINATION,LINEAR_COMBINATION,LINEAR_COMBINATION,LINEAR_COMBINATION,True,LINEAR_COMBINATION,LINEAR_COMBINATION,10,0.0,False
5,2,0.0,fcf77cfc2cc2e9a7c8fe7b7c60b10164625a86f7e44c05cc4b6a312f2ae4af3f,fd7c10458de2378ebcf121a5d2910774e153f997c1695a9657fdd733f34f76df,255be05e7444491de1140879918518602116cd0fe698dc35c661cf83c6e022d8,0.0,True,VREX,LINEAR_COMBINATION,LINEAR_COMBINATION,LINEAR_COMBINATION,u002,LINEAR_COMBINATION,LINEAR_COMBINATION,LINEAR_COMBINATION,LINEAR_COMBINATION,True,LINEAR_COMBINATION,LINEAR_COMBINATION,10,0.0,False
20,2,0.0,fcf77cfc2cc2e9a7c8fe7b7c60b10164625a86f7e44c05cc4b6a312f2ae4af3f,b39e477841240463edc659a022b9eb936ba58472866612b6aa029e87dc63f595,aed9914ebb76c2e0ba46e6287c3657eea1bc81d586a45c773c11feaebbb350eb,0.0,True,VREX,LINEAR_COMBINATION,LINEAR_COMBINATION,LINEAR_COMBINATION,u002,LINEAR_COMBINATION,LINEAR_COMBINATION,LINEAR_COMBINATION,LINEAR_COMBINATION,True,LINEAR_COMBINATION,LINEAR_COMBINATION,10,0.0,False
1,3,0.14543989300727844,fcf77cfc2cc2e9a7c8fe7b7c60b10164625a86f7e44c05cc4b6a312f2ae4af3f,7e70a34ff3c3c0c6eaf688203fc87302b52068c2ee7ee5bd61275808c1adaaf1,e5bdbb5dc2c519a2bd0141c56bc4498b50e7c5d2dac1659feacf3547464379eb,0.298562228679657,True,VREX,fcf77cfc2cc2e9a7c8fe7b7c60b10164625a86f7e44c05cc4b6a312f2ae4af3f,15b7ec9dba58ff25ee64f7422ea5980769606d73d7271058139fa92bbae5732c,90b5bd3e4877e84ffa26673a6fcd710dd4ba5f89416faad6859419773f776c16,u003,fcf77cfc2cc2e9a7c8fe7b7c60b10164625a86f7e44c05cc4b6a312f2ae4af3f,d59cb97c6a3da8a1fe8430e1aebb893d411e6f3bb8a2bfb0651b72ff4f7e976a,a64d6f3e84512e154e6f88ce3cb548a89d1096e7cb966cf08fe2e3ef75a37dc4,fcf77cfc2cc2e9a7c8fe7b7c60b10164625a86f7e44c05cc4b6a312f2ae4af3f,True,d59cb97c6a3da8a1fe8430e1aebb893d411e6f3bb8a2bfb0651b72ff4f7e976a,a64d6f3e84512e154e6f88ce3cb548a89d1096e7cb966cf08fe2e3ef75a37dc4,10,0.2248908132314682,False
5,3,0.6064197421073914,fcf77cfc2cc2e9a7c8fe7b7c60b10164625a86f7e44c05cc4b6a312f2ae4af3f,fd7c10458de2378ebcf121a5d2910774e153f997c1695a9657fdd733f34f76df,255be05e7444491de1140879918518602116cd0fe698dc35c661cf83c6e022d8,1.1353479623794556,True,VREX,fcf77cfc2cc2e9a7c8fe7b7c60b10164625a86f7e44c05cc4b6a312f2ae4af3f,3acb77cfca1a5dd71073e61b0067952320e43fb85462a8d5553a3059c7f8ca08,b33354bb93a1b828b7795f7ad0a499b23438969faeefa0b299f3c785c39ab199,u003,fcf77cfc2cc2e9a7c8fe7b7c60b10164625a86f7e44c05cc4b6a312f2ae4af3f,9342b5ac02181b9f8526b58529ee725d38d1c7ef06234f5dd2ce7d2fb1e7d364,16f2b283e413332780e7bf7adc067ac96b0285134403cdb839ee202d595b65b3,fcf77cfc2cc2e9a7c8fe7b7c60b10164625a86f7e44c05cc4b6a312f2ae4af3f,True,9342b5ac02181b9f8526b58529ee725d38d1c7ef06234f5dd2ce7d2fb1e7d364,16f2b283e413332780e7bf7adc067ac96b0285134403cdb839ee202d595b65b3,10,0.8637057542800903,False
20,3,5.679808139801025,fcf77cfc2cc2e9a7c8fe7b7c60b10164625a86f7e44c05cc4b6a312f2ae4af3f,b39e477841240463edc659a022b9eb936ba58472866612b6aa029e87dc63f595,aed9914ebb76c2e0ba46e6287c3657eea1bc81d586a45c773c11feaebbb350eb,9.242228507995605,True,VREX,fcf77cfc2cc2e9a7c8fe7b7c60b10164625a86f7e44c05cc4b6a312f2ae4af3f,d56808dca010c77fb46327a2186025e7b9f11db9f843c6bc6dc753f83f3e8e21,c8bfb3074572880515605ad57a5561f2c346fe74e7fcfede4369495d7fe833bd,u003,fcf77cfc2cc2e9a7c8fe7b7c60b10164625a86f7e44c05cc4b6a312f2ae4af3f,31572e86bd44153f20a3b892bec7d8213fa7d71c5383ec7a49528b667fce60ab,6ac8c19a52f13ce471ac37a00ee72e726ed1b348b810c9b04dd2accbd99f2fcb,fcf77cfc2cc2e9a7c8fe7b7c60b10164625a86f7e44c05cc4b6a312f2ae4af3f,True,31572e86bd44153f20a3b892bec7d8213fa7d71c5383ec7a49528b667fce60ab,6ac8c19a52f13ce471ac37a00ee72e726ed1b348b810c9b04dd2accbd99f2fcb,10,7.366037845611572,False
1,4,0.0,fcf77cfc2cc2e9a7c8fe7b7c60b10164625a86f7e44c05cc4b6a312f2ae4af3f,7e70a34ff3c3c0c6eaf688203fc87302b52068c2ee7ee5bd61275808c1adaaf1,e5bdbb5dc2c519a2bd0141c56bc4498b50e7c5d2dac1659feacf3547464379eb,0.0,True,VREX,LINEAR_COMBINATION,LINEAR_COMBINATION,LINEAR_COMBINATION,u004,LINEAR_COMBINATION,LINEAR_COMBINATION,LINEAR_COMBINATION,LINEAR_COMBINATION,True,LINEAR_COMBINATION,LINEAR_COMBINATION,10,0.0,False
5,4,0.0,fcf77cfc2cc2e9a7c8fe7b7c60b10164625a86f7e44c05cc4b6a312f2ae4af3f,fd7c10458de2378ebcf121a5d2910774e153f997c1695a9657fdd733f34f76df,255be05e7444491de1140879918518602116cd0fe698dc35c661cf83c6e022d8,0.0,True,VREX,LINEAR_COMBINATION,LINEAR_COMBINATION,LINEAR_COMBINATION,u004,LINEAR_COMBINATION,LINEAR_COMBINATION,LINEAR_COMBINATION,LINEAR_COMBINATION,True,LINEAR_COMBINATION,LINEAR_COMBINATION,10,0.0,False
20,4,0.0,fcf77cfc2cc2e9a7c8fe7b7c60b10164625a86f7e44c05cc4b6a312f2ae4af3f,b39e477841240463edc659a022b9eb936ba58472866612b6aa029e87dc63f595,aed9914ebb76c2e0ba46e6287c3657eea1bc81d586a45c773c11feaebbb350eb,0.0,True,VREX,LINEAR_COMBINATION,LINEAR_COMBINATION,LINEAR_COMBINATION,u004,LINEAR_COMBINATION,LINEAR_COMBINATION,LINEAR_COMBINATION,LINEAR_COMBINATION,True,LINEAR_COMBINATION,LINEAR_COMBINATION,10,0.0,False
1,-1,0.003421045606955886,fcf77cfc2cc2e9a7c8fe7b7c60b10164625a86f7e44c05cc4b6a312f2ae4af3f,7e70a34ff3c3c0c6eaf688203fc87302b52068c2ee7ee5bd61275808c1adaaf1,e5bdbb5dc2c519a2bd0141c56bc4498b50e7c5d2dac1659feacf3547464379eb,0.009273489005863667,True,VREX,LINEAR_COMBINATION,LINEAR_COMBINATION,LINEAR_COMBINATION,u005,LINEAR_COMBINATION,LINEAR_COMBINATION,LINEAR_COMBINATION,LINEAR_COMBINATION,True,LINEAR_COMBINATION,LINEAR_COMBINATION,10,0.008096057921648026,False
5,-1,0.022923849523067474,fcf77cfc2cc2e9a7c8fe7b7c60b10164625a86f7e44c05cc4b6a312f2ae4af3f,fd7c10458de2378ebcf121a5d2910774e153f997c1695a9657fdd733f34f76df,255be05e7444491de1140879918518602116cd0fe698dc35c661cf83c6e022d8,0.11438007652759552,True,VREX,LINEAR_COMBINATION,LINEAR_COMBINATION,LINEAR_COMBINATION,u005,LINEAR_COMBINATION,LINEAR_COMBINATION,LINEAR_COMBINATION,LINEAR_COMBINATION,True,LINEAR_COMBINATION,LINEAR_COMBINATION,10,0.08320162445306778,False
20,-1,0.5571182370185852,fcf77cfc2cc2e9a7c8fe7b7c60b10164625a86f7e44c05cc4b6a312f2ae4af3f,b39e477841240463edc659a022b9eb936ba58472866612b6aa029e87dc63f595,aed9914ebb76c2e0ba46e6287c3657eea1bc81d586a45c773c11feaebbb350eb,1.1576547622680664,True,VREX,LINEAR_COMBINATION,LINEAR_COMBINATION,LINEAR_COMBINATION,u005,LINEAR_COMBINATION,LINEAR_COMBINATION,LINEAR_COMBINATION,LINEAR_COMBINATION,True,LINEAR_COMBINATION,LINEAR_COMBINATION,10,1.010061264038086,False
1,-1,0.19593413174152374,fcf77cfc2cc2e9a7c8fe7b7c60b10164625a86f7e44c05cc4b6a312f2ae4af3f,7e70a34ff3c3c0c6eaf688203fc87302b52068c2ee7ee5bd61275808c1adaaf1,e5bdbb5dc2c519a2bd0141c56bc4498b50e7c5d2dac1659feacf3547464379eb,1.2287684679031372,True,VREX,LINEAR_COMBINATION,LINEAR_COMBINATION,LINEAR_COMBINATION,u006,LINEAR_COMBINATION,LINEAR_COMBINATION,LINEAR_COMBINATION,LINEAR_COMBINATION,True,LINEAR_COMBINATION,LINEAR_COMBINATION,10,0.950535774230957,False
5,-1,1.3351205587387085,fcf77cfc2cc2e9a7c8fe7b7c60b10164625a86f7e44c05cc4b6a312f2ae4af3f,fd7c10458de2378ebcf121a5d2910774e153f997c1695a9657fdd733f34f76df,255be05e7444491de1140879918518602116cd0fe698dc35c661cf83c6e022d8,10.443833351135254,True,VREX,LINEAR_COMBINATION,LINEAR_COMBINATION,LINEAR_COMBINATION,u006,LINEAR_COMBINATION,LINEAR_COMBINATION,LINEAR_COMBINATION,LINEAR_COMBINATION,True,LINEAR_COMBINATION,LINEAR_COMBINATION,10,8.123628616333008,False
20,-1,4.0708818435668945,fcf77cfc2cc2e9a7c8fe7b7c60b10164625a86f7e44c05cc4b6a312f2ae4af3f,b39e477841240463edc659a022b9eb936ba58472866612b6aa029e87dc63f595,aed9914ebb76c2e0ba46e6287c3657eea1bc81d586a45c773c11feaebbb350eb,9.711869239807129,True,VREX,LINEAR_COMBINATION,LINEAR_COMBINATION,LINEAR_COMBINATION,u006,LINEAR_COMBINATION,LINEAR_COMBINATION,LINEAR_COMBINATION,LINEAR_COMBINATION,True,LINEAR_COMBINATION,LINEAR_COMBINATION,10,7.962850570678711,False
1,-1,0.002419044729322195,fcf77cfc2cc2e9a7c8fe7b7c60b10164625a86f7e44c05cc4b6a312f2ae4af3f,7e70a34ff3c3c0c6eaf688203fc87302b52068c2ee7ee5bd61275808c1adaaf1,e5bdbb5dc2c519a2bd0141c56bc4498b50e7c5d2dac1659feacf3547464379eb,0.006557348649948835,True,VREX,LINEAR_COMBINATION,LINEAR_COMBINATION,LINEAR_COMBINATION,u007,LINEAR_COMBINATION,LINEAR_COMBINATION,LINEAR_COMBINATION,LINEAR_COMBINATION,True,LINEAR_COMBINATION,LINEAR_COMBINATION,10,0.0057247779332101345,False
5,-1,0.01620960794389248,fcf77cfc2cc2e9a7c8fe7b7c60b10164625a86f7e44c05cc4b6a312f2ae4af3f,fd7c10458de2378ebcf121a5d2910774e153f997c1695a9657fdd733f34f76df,255be05e7444491de1140879918518602116cd0fe698dc35c661cf83c6e022d8,0.08087893575429916,True,VREX,LINEAR_COMBINATION,LINEAR_COMBINATION,LINEAR_COMBINATION,u007,LINEAR_COMBINATION,LINEAR_COMBINATION,LINEAR_COMBINATION,LINEAR_COMBINATION,True,LINEAR_COMBINATION,LINEAR_COMBINATION,10,0.05883243307471275,False
20,-1,0.39394205808639526,fcf77cfc2cc2e9a7c8fe7b7c60b10164625a86f7e44c05cc4b6a312f2ae4af3f,b39e477841240463edc659a022b9eb936ba58472866612b6aa029e87dc63f595,aed9914ebb76c2e0ba46e6287c3657eea1bc81d586a45c773c11feaebbb350eb,0.8185855746269226,True,VREX,LINEAR_COMBINATION,LINEAR_COMBINATION,LINEAR_COMBINATION,u007,LINEAR_COMBINATION,LINEAR_COMBINATION,LINEAR_COMBINATION,LINEAR_COMBINATION,True,LINEAR_COMBINATION,LINEAR_COMBINATION,10,0.714221179485321,False
1,-1,0.002419044729322195,fcf77cfc2cc2e9a7c8fe7b7c60b10164625a86f7e44c05cc4b6a312f2ae4af3f,7e70a34ff3c3c0c6eaf688203fc87302b52068c2ee7ee5bd61275808c1adaaf1,e5bdbb5dc2c519a2bd0141c56bc4498b50e7c5d2dac1659feacf3547464379eb,0.006557348649948835,True,VREX,LINEAR_COMBINATION,LINEAR_COMBINATION,LINEAR_COMBINATION,u008,LINEAR_COMBINATION,LINEAR_COMBINATION,LINEAR_COMBINATION,LINEAR_COMBINATION,True,LINEAR_COMBINATION,LINEAR_COMBINATION,10,0.0057247779332101345,False
5,-1,0.01620960794389248,fcf77cfc2cc2e9a7c8fe7b7c60b10164625a86f7e44c05cc4b6a312f2ae4af3f,fd7c10458de2378ebcf121a5d2910774e153f997c1695a9657fdd733f34f76df,255be05e7444491de1140879918518602116cd0fe698dc35c661cf83c6e022d8,0.08087893575429916,True,VREX,LINEAR_COMBINATION,LINEAR_COMBINATION,LINEAR_COMBINATION,u008,LINEAR_COMBINATION,LINEAR_COMBINATION,LINEAR_COMBINATION,LINEAR_COMBINATION,True,LINEAR_COMBINATION,LINEAR_COMBINATION,10,0.05883243307471275,False
20,-1,0.39394205808639526,fcf77cfc2cc2e9a7c8fe7b7c60b10164625a86f7e44c05cc4b6a312f2ae4af3f,b39e477841240463edc659a022b9eb936ba58472866612b6aa029e87dc63f595,aed9914ebb76c2e0ba46e6287c3657eea1bc81d586a45c773c11feaebbb350eb,0.8185855746269226,True,VREX,LINEAR_COMBINATION,LINEAR_COMBINATION,LINEAR_COMBINATION,u008,LINEAR_COMBINATION,LINEAR_COMBINATION,LINEAR_COMBINATION,LINEAR_COMBINATION,True,LINEAR_COMBINATION,LINEAR_COMBINATION,10,0.714221179485321,False
1,-1,0.10284153372049332,fcf77cfc2cc2e9a7c8fe7b7c60b10164625a86f7e44c05cc4b6a312f2ae4af3f,7e70a34ff3c3c0c6eaf688203fc87302b52068c2ee7ee5bd61275808c1adaaf1,e5bdbb5dc2c519a2bd0141c56bc4498b50e7c5d2dac1659feacf3547464379eb,0.21111537516117096,True,VREX,LINEAR_COMBINATION,LINEAR_COMBINATION,LINEAR_COMBINATION,u009,LINEAR_COMBINATION,LINEAR_COMBINATION,LINEAR_COMBINATION,LINEAR_COMBINATION,True,LINEAR_COMBINATION,LINEAR_COMBINATION,10,0.15902180969715118,False
5,-1,0.42880353331565857,fcf77cfc2cc2e9a7c8fe7b7c60b10164625a86f7e44c05cc4b6a312f2ae4af3f,fd7c10458de2378ebcf121a5d2910774e153f997c1695a9657fdd733f34f76df,255be05e7444491de1140879918518602116cd0fe698dc35c661cf83c6e022d8,0.8028122186660767,True,VREX,LINEAR_COMBINATION,LINEAR_COMBINATION,LINEAR_COMBINATION,u009,LINEAR_COMBINATION,LINEAR_COMBINATION,LINEAR_COMBINATION,LINEAR_COMBINATION,True,LINEAR_COMBINATION,LINEAR_COMBINATION,10,0.6107321977615356,False
20,-1,4.016230583190918,fcf77cfc2cc2e9a7c8fe7b7c60b10164625a86f7e44c05cc4b6a312f2ae4af3f,b39e477841240463edc659a022b9eb936ba58472866612b6aa029e87dc63f595,aed9914ebb76c2e0ba46e6287c3657eea1bc81d586a45c773c11feaebbb350eb,6.535242557525635,True,VREX,LINEAR_COMBINATION,LINEAR_COMBINATION,LINEAR_COMBINATION,u009,LINEAR_COMBINATION,LINEAR_COMBINATION,LINEAR_COMBINATION,LINEAR_COMBINATION,True,LINEAR_COMBINATION,LINEAR_COMBINATION,10,5.208575248718262,False
1,-1,0.10284153372049332,fcf77cfc2cc2e9a7c8fe7b7c60b10164625a86f7e44c05cc4b6a312f2ae4af3f,7e70a34ff3c3c0c6eaf688203fc87302b52068c2ee7ee5bd61275808c1adaaf1,e5bdbb5dc2c519a2bd0141c56bc4498b50e7c5d2dac1659feacf3547464379eb,0.21111537516117096,True,VREX,LINEAR_COMBINATION,LINEAR_COMBINATION,LINEAR_COMBINATION,u010,LINEAR_COMBINATION,LINEAR_COMBINATION,LINEAR_COMBINATION,LINEAR_COMBINATION,True,LINEAR_COMBINATION,LINEAR_COMBINATION,10,0.15902180969715118,False
5,-1,0.42880353331565857,fcf77cfc2cc2e9a7c8fe7b7c60b10164625a86f7e44c05cc4b6a312f2ae4af3f,fd7c10458de2378ebcf121a5d2910774e153f997c1695a9657fdd733f34f76df,255be05e7444491de1140879918518602116cd0fe698dc35c661cf83c6e022d8,0.8028122186660767,True,VREX,LINEAR_COMBINATION,LINEAR_COMBINATION,LINEAR_COMBINATION,u010,LINEAR_COMBINATION,LINEAR_COMBINATION,LINEAR_COMBINATION,LINEAR_COMBINATION,True,LINEAR_COMBINATION,LINEAR_COMBINATION,10,0.6107321977615356,False
20,-1,4.016230583190918,fcf77cfc2cc2e9a7c8fe7b7c60b10164625a86f7e44c05cc4b6a312f2ae4af3f,b39e477841240463edc659a022b9eb936ba58472866612b6aa029e87dc63f595,aed9914ebb76c2e0ba46e6287c3657eea1bc81d586a45c773c11feaebbb350eb,6.535242557525635,True,VREX,LINEAR_COMBINATION,LINEAR_COMBINATION,LINEAR_COMBINATION,u010,LINEAR_COMBINATION,LINEAR_COMBINATION,LINEAR_COMBINATION,LINEAR_COMBINATION,True,LINEAR_COMBINATION,LINEAR_COMBINATION,10,5.208575248718262,False
1,0,0.9765692353248596,d99990a387f0c79b99717c795fff13727d4d82b4edb09141f14944ceff616951,6f6a04813aa0fed242e19fe4f89308dd391c6ece418342c9864ef17096d15555,a77d5848289b942386b0bbdcdea4eb0f770ca1107b07edb733eba331dee56f73,18.67323875427246,True,CORAL,d99990a387f0c79b99717c795fff13727d4d82b4edb09141f14944ceff616951,593aa87db8c385ad1c73297b90b52d94c7780c7a158d9d989fb37375a56a57f9,b294da5a9210bab522c957d967e8c0724fc9ed9058be118c74a34634eff07797,u000,d99990a387f0c79b99717c795fff13727d4d82b4edb09141f14944ceff616951,5bed55c37cd3cced75f9706138a44d46473f9b8b3ab1cba2d6dde7bb4d1faf70,69556d4dc44fe553b2753b120ebf032037a29726af7816545d13a05061852b2f,d99990a387f0c79b99717c795fff13727d4d82b4edb09141f14944ceff616951,True,5bed55c37cd3cced75f9706138a44d46473f9b8b3ab1cba2d6dde7bb4d1faf70,69556d4dc44fe553b2753b120ebf032037a29726af7816545d13a05061852b2f,10,13.244790077209473,False
5,0,19.960561752319336,d99990a387f0c79b99717c795fff13727d4d82b4edb09141f14944ceff616951,05f3a1b597f2905b8c044b4d19fdf1c352ae15117c45ecf4882f241e1f884809,5c7b72a0c4ac1fdb333d8176b3ed214370c98ca9f9ec99ee28f31ff63f06c983,168.65304565429688,True,CORAL,d99990a387f0c79b99717c795fff13727d4d82b4edb09141f14944ceff616951,bb7a3509dde7658bbe59591fdf74ec07ace83b65878cc808e6a79bcdceae069c,c9c3367633cacb3138b292701dd02ec02607b1006b73fc3687b18cbc578d12df,u000,d99990a387f0c79b99717c795fff13727d4d82b4edb09141f14944ceff616951,c5bddc4d1728f77f00000d674868167c70fbd3f2b9e39b2a5a47f95f4c1c87e4,682ce5ed02aa1b19961b5b06dec2db07863440cf8cb77b1d08ce739fbf8a9992,d99990a387f0c79b99717c795fff13727d4d82b4edb09141f14944ceff616951,True,c5bddc4d1728f77f00000d674868167c70fbd3f2b9e39b2a5a47f95f4c1c87e4,682ce5ed02aa1b19961b5b06dec2db07863440cf8cb77b1d08ce739fbf8a9992,10,119.50859069824219,False
20,0,25.98021697998047,d99990a387f0c79b99717c795fff13727d4d82b4edb09141f14944ceff616951,3719a127fb0592d187270e1a020a0cbe27e62a4bbfa038683a9f51a5f1f7411c,759fbfe08170afaba57dbbf525f1d8e7d6a79b000c822d50fd24d2d17bcaf730,155.83543395996094,True,CORAL,d99990a387f0c79b99717c795fff13727d4d82b4edb09141f14944ceff616951,811dacab4f18fba1332639811922b36e83ab060ad76a80460c011f040b0732ff,a9fdc11594a3bea1736145146bbc862380226113abda71223022a84871639095,u000,d99990a387f0c79b99717c795fff13727d4d82b4edb09141f14944ceff616951,94f804ebc5ef539864256603c185e2500163189d386bdbc3d110ef533adc89ba,2c7954b96b7d687919324344d4a6d764a5a8e264d934c78e9d1f5d5ecdbe48a3,d99990a387f0c79b99717c795fff13727d4d82b4edb09141f14944ceff616951,True,94f804ebc5ef539864256603c185e2500163189d386bdbc3d110ef533adc89ba,2c7954b96b7d687919324344d4a6d764a5a8e264d934c78e9d1f5d5ecdbe48a3,10,109.5615005493164,False
1,1,1.5894410610198975,d99990a387f0c79b99717c795fff13727d4d82b4edb09141f14944ceff616951,6f6a04813aa0fed242e19fe4f89308dd391c6ece418342c9864ef17096d15555,a77d5848289b942386b0bbdcdea4eb0f770ca1107b07edb733eba331dee56f73,18.625905990600586,True,CORAL,d99990a387f0c79b99717c795fff13727d4d82b4edb09141f14944ceff616951,1030f73b563fbe88b6653738b3ec1096a1527f53d795379c65c131f987cabae3,9af79bcb4355ca37ff284eaf5f41f11e25a11905e27bc7a49a103f27b52c58fb,u001,d99990a387f0c79b99717c795fff13727d4d82b4edb09141f14944ceff616951,134a019fe2d23a05abb2825d0d5cfe4a4dbc6c570effbc4e5cd2084613f6c624,fa4f1364dfb9ebffbb6ccbfd59a0ae977998b4e17425cd14b0daf91c5e7e73de,d99990a387f0c79b99717c795fff13727d4d82b4edb09141f14944ceff616951,True,134a019fe2d23a05abb2825d0d5cfe4a4dbc6c570effbc4e5cd2084613f6c624,fa4f1364dfb9ebffbb6ccbfd59a0ae977998b4e17425cd14b0daf91c5e7e73de,10,13.13197135925293,False
5,1,19.305587768554688,d99990a387f0c79b99717c795fff13727d4d82b4edb09141f14944ceff616951,05f3a1b597f2905b8c044b4d19fdf1c352ae15117c45ecf4882f241e1f884809,5c7b72a0c4ac1fdb333d8176b3ed214370c98ca9f9ec99ee28f31ff63f06c983,168.4021759033203,True,CORAL,d99990a387f0c79b99717c795fff13727d4d82b4edb09141f14944ceff616951,5ef6adb919f1fe8e16ceaf6c3764d4c6d6985d3dbe85995c833f4e8f588b0fbb,38658601d2392403483a9d51105f58d7205196b9679da4ac7d30a79795e41b84,u001,d99990a387f0c79b99717c795fff13727d4d82b4edb09141f14944ceff616951,45b3b5e3690f1efb55a7f014a87594eb0b0505af4122181648850ab2b8e57589,a80bedd29b4cd69f9b9f31759c515b10b50ab33d104a53d8db2c2e5875bc43b7,d99990a387f0c79b99717c795fff13727d4d82b4edb09141f14944ceff616951,True,45b3b5e3690f1efb55a7f014a87594eb0b0505af4122181648850ab2b8e57589,a80bedd29b4cd69f9b9f31759c515b10b50ab33d104a53d8db2c2e5875bc43b7,10,119.1904296875,False
20,1,26.610280990600586,d99990a387f0c79b99717c795fff13727d4d82b4edb09141f14944ceff616951,3719a127fb0592d187270e1a020a0cbe27e62a4bbfa038683a9f51a5f1f7411c,759fbfe08170afaba57dbbf525f1d8e7d6a79b000c822d50fd24d2d17bcaf730,155.21676635742188,True,CORAL,d99990a387f0c79b99717c795fff13727d4d82b4edb09141f14944ceff616951,dc34389fff4a3914e2f6fdad60eb80632b549c88a2e8fa4691404ee9cc4df391,79848609ea357ae4923548ce70a3218bbd7154245948f5ac7ac24052d9d91bc1,u001,d99990a387f0c79b99717c795fff13727d4d82b4edb09141f14944ceff616951,0832fafbd696eaa48fc7450cc9198ab94fa55218fbddc01d8a46393174ea06f5,c7e533479ee391590a32ebd3268294747458c32d716b3fb4d9fb3b9f63d92a82,d99990a387f0c79b99717c795fff13727d4d82b4edb09141f14944ceff616951,True,0832fafbd696eaa48fc7450cc9198ab94fa55218fbddc01d8a46393174ea06f5,c7e533479ee391590a32ebd3268294747458c32d716b3fb4d9fb3b9f63d92a82,10,108.8719253540039,False
1,2,0.0,d99990a387f0c79b99717c795fff13727d4d82b4edb09141f14944ceff616951,6f6a04813aa0fed242e19fe4f89308dd391c6ece418342c9864ef17096d15555,a77d5848289b942386b0bbdcdea4eb0f770ca1107b07edb733eba331dee56f73,0.0,True,CORAL,LINEAR_COMBINATION,LINEAR_COMBINATION,LINEAR_COMBINATION,u002,LINEAR_COMBINATION,LINEAR_COMBINATION,LINEAR_COMBINATION,LINEAR_COMBINATION,True,LINEAR_COMBINATION,LINEAR_COMBINATION,10,0.0,False
5,2,0.0,d99990a387f0c79b99717c795fff13727d4d82b4edb09141f14944ceff616951,05f3a1b597f2905b8c044b4d19fdf1c352ae15117c45ecf4882f241e1f884809,5c7b72a0c4ac1fdb333d8176b3ed214370c98ca9f9ec99ee28f31ff63f06c983,0.0,True,CORAL,LINEAR_COMBINATION,LINEAR_COMBINATION,LINEAR_COMBINATION,u002,LINEAR_COMBINATION,LINEAR_COMBINATION,LINEAR_COMBINATION,LINEAR_COMBINATION,True,LINEAR_COMBINATION,LINEAR_COMBINATION,10,0.0,False
20,2,0.0,d99990a387f0c79b99717c795fff13727d4d82b4edb09141f14944ceff616951,3719a127fb0592d187270e1a020a0cbe27e62a4bbfa038683a9f51a5f1f7411c,759fbfe08170afaba57dbbf525f1d8e7d6a79b000c822d50fd24d2d17bcaf730,0.0,True,CORAL,LINEAR_COMBINATION,LINEAR_COMBINATION,LINEAR_COMBINATION,u002,LINEAR_COMBINATION,LINEAR_COMBINATION,LINEAR_COMBINATION,LINEAR_COMBINATION,True,LINEAR_COMBINATION,LINEAR_COMBINATION,10,0.0,False
1,3,1.3754281997680664,d99990a387f0c79b99717c795fff13727d4d82b4edb09141f14944ceff616951,6f6a04813aa0fed242e19fe4f89308dd391c6ece418342c9864ef17096d15555,a77d5848289b942386b0bbdcdea4eb0f770ca1107b07edb733eba331dee56f73,6.087560176849365,True,CORAL,d99990a387f0c79b99717c795fff13727d4d82b4edb09141f14944ceff616951,f5d9f67e71d085a80e01a628564139a21bee88dbc685fde2d27534b5a053f933,26d07a634d5e9d5d60a891fd84d9617516e555200b8a35ad7da459c5a1acd39a,u003,d99990a387f0c79b99717c795fff13727d4d82b4edb09141f14944ceff616951,baa52591af4cbb24e719c0cdd97934c6dfd921ab463c3fa0695246ac06202942,b3b0f6fc8ebfbb1312a39b20b159be27e3a65e8ae3b6c3f94f06fdeae4971f8a,d99990a387f0c79b99717c795fff13727d4d82b4edb09141f14944ceff616951,True,baa52591af4cbb24e719c0cdd97934c6dfd921ab463c3fa0695246ac06202942,b3b0f6fc8ebfbb1312a39b20b159be27e3a65e8ae3b6c3f94f06fdeae4971f8a,10,3.3208372592926025,False
5,3,15.933269500732422,d99990a387f0c79b99717c795fff13727d4d82b4edb09141f14944ceff616951,05f3a1b597f2905b8c044b4d19fdf1c352ae15117c45ecf4882f241e1f884809,5c7b72a0c4ac1fdb333d8176b3ed214370c98ca9f9ec99ee28f31ff63f06c983,55.19892883300781,True,CORAL,d99990a387f0c79b99717c795fff13727d4d82b4edb09141f14944ceff616951,8f4716562070eb3474909b4e36eb1dc228b9d88d4d56e2d98f9b250b2e3758e0,c5e91eaaba132715da92d1d79e2342f148fdb2fc0adf74aafecda9093e77a1d1,u003,d99990a387f0c79b99717c795fff13727d4d82b4edb09141f14944ceff616951,83c58d2deb0371d05532ac0396628b0098b6f0baf875d1e4cca38c7a872a6523,6aefb70a966a06b3c523bf5c53269c39d16e519051188075d192600559fdad21,d99990a387f0c79b99717c795fff13727d4d82b4edb09141f14944ceff616951,True,83c58d2deb0371d05532ac0396628b0098b6f0baf875d1e4cca38c7a872a6523,6aefb70a966a06b3c523bf5c53269c39d16e519051188075d192600559fdad21,10,25.265796661376953,False
20,3,75.92706298828125,d99990a387f0c79b99717c795fff13727d4d82b4edb09141f14944ceff616951,3719a127fb0592d187270e1a020a0cbe27e62a4bbfa038683a9f51a5f1f7411c,759fbfe08170afaba57dbbf525f1d8e7d6a79b000c822d50fd24d2d17bcaf730,128.40914916992188,True,CORAL,d99990a387f0c79b99717c795fff13727d4d82b4edb09141f14944ceff616951,e7a89bff27f56c77d757357d6d0f2cc3113b0fe74bd8fd4f8ba94bf442bdb97a,27f7df594147d084b20bf6a40e25a47f7aa4dd276dfc4e44ac4a948ad8307046,u003,d99990a387f0c79b99717c795fff13727d4d82b4edb09141f14944ceff616951,1f21eb2bce75300fa8fb09df325112f79dc574994f2a52409ce8dfc8bce87365,32192398400857c943229d5844eaa47cf5d1c460a0183b811b9fd4d49f699bf6,d99990a387f0c79b99717c795fff13727d4d82b4edb09141f14944ceff616951,True,1f21eb2bce75300fa8fb09df325112f79dc574994f2a52409ce8dfc8bce87365,32192398400857c943229d5844eaa47cf5d1c460a0183b811b9fd4d49f699bf6,10,78.24031829833984,False
1,4,0.0,d99990a387f0c79b99717c795fff13727d4d82b4edb09141f14944ceff616951,6f6a04813aa0fed242e19fe4f89308dd391c6ece418342c9864ef17096d15555,a77d5848289b942386b0bbdcdea4eb0f770ca1107b07edb733eba331dee56f73,0.0,True,CORAL,LINEAR_COMBINATION,LINEAR_COMBINATION,LINEAR_COMBINATION,u004,LINEAR_COMBINATION,LINEAR_COMBINATION,LINEAR_COMBINATION,LINEAR_COMBINATION,True,LINEAR_COMBINATION,LINEAR_COMBINATION,10,0.0,False
5,4,0.0,d99990a387f0c79b99717c795fff13727d4d82b4edb09141f14944ceff616951,05f3a1b597f2905b8c044b4d19fdf1c352ae15117c45ecf4882f241e1f884809,5c7b72a0c4ac1fdb333d8176b3ed214370c98ca9f9ec99ee28f31ff63f06c983,0.0,True,CORAL,LINEAR_COMBINATION,LINEAR_COMBINATION,LINEAR_COMBINATION,u004,LINEAR_COMBINATION,LINEAR_COMBINATION,LINEAR_COMBINATION,LINEAR_COMBINATION,True,LINEAR_COMBINATION,LINEAR_COMBINATION,10,0.0,False
20,4,0.0,d99990a387f0c79b99717c795fff13727d4d82b4edb09141f14944ceff616951,3719a127fb0592d187270e1a020a0cbe27e62a4bbfa038683a9f51a5f1f7411c,759fbfe08170afaba57dbbf525f1d8e7d6a79b000c822d50fd24d2d17bcaf730,0.0,True,CORAL,LINEAR_COMBINATION,LINEAR_COMBINATION,LINEAR_COMBINATION,u004,LINEAR_COMBINATION,LINEAR_COMBINATION,LINEAR_COMBINATION,LINEAR_COMBINATION,True,LINEAR_COMBINATION,LINEAR_COMBINATION,10,0.0,False
1,-1,1.7638331651687622,d99990a387f0c79b99717c795fff13727d4d82b4edb09141f14944ceff616951,6f6a04813aa0fed242e19fe4f89308dd391c6ece418342c9864ef17096d15555,a77d5848289b942386b0bbdcdea4eb0f770ca1107b07edb733eba331dee56f73,26.36370086669922,True,CORAL,LINEAR_COMBINATION,LINEAR_COMBINATION,LINEAR_COMBINATION,u005,LINEAR_COMBINATION,LINEAR_COMBINATION,LINEAR_COMBINATION,LINEAR_COMBINATION,True,LINEAR_COMBINATION,LINEAR_COMBINATION,10,18.644729614257812,False
5,-1,27.756303787231445,d99990a387f0c79b99717c795fff13727d4d82b4edb09141f14944ceff616951,05f3a1b597f2905b8c044b4d19fdf1c352ae15117c45ecf4882f241e1f884809,5c7b72a0c4ac1fdb333d8176b3ed214370c98ca9f9ec99ee28f31ff63f06c983,238.32582092285156,True,CORAL,LINEAR_COMBINATION,LINEAR_COMBINATION,LINEAR_COMBINATION,u005,LINEAR_COMBINATION,LINEAR_COMBINATION,LINEAR_COMBINATION,LINEAR_COMBINATION,True,LINEAR_COMBINATION,LINEAR_COMBINATION,10,168.78236389160156,False
20,-1,37.10874557495117,d99990a387f0c79b99717c795fff13727d4d82b4edb09141f14944ceff616951,3719a127fb0592d187270e1a020a0cbe27e62a4bbfa038683a9f51a5f1f7411c,759fbfe08170afaba57dbbf525f1d8e7d6a79b000c822d50fd24d2d17bcaf730,219.8387451171875,True,CORAL,LINEAR_COMBINATION,LINEAR_COMBINATION,LINEAR_COMBINATION,u005,LINEAR_COMBINATION,LINEAR_COMBINATION,LINEAR_COMBINATION,LINEAR_COMBINATION,True,LINEAR_COMBINATION,LINEAR_COMBINATION,10,154.38990783691406,False
1,-1,0.6073732376098633,d99990a387f0c79b99717c795fff13727d4d82b4edb09141f14944ceff616951,6f6a04813aa0fed242e19fe4f89308dd391c6ece418342c9864ef17096d15555,a77d5848289b942386b0bbdcdea4eb0f770ca1107b07edb733eba331dee56f73,0.7547281384468079,True,CORAL,LINEAR_COMBINATION,LINEAR_COMBINATION,LINEAR_COMBINATION,u006,LINEAR_COMBINATION,LINEAR_COMBINATION,LINEAR_COMBINATION,LINEAR_COMBINATION,True,LINEAR_COMBINATION,LINEAR_COMBINATION,10,0.49723348021507263,False
5,-1,0.8468472361564636,d99990a387f0c79b99717c795fff13727d4d82b4edb09141f14944ceff616951,05f3a1b597f2905b8c044b4d19fdf1c352ae15117c45ecf4882f241e1f884809,5c7b72a0c4ac1fdb333d8176b3ed214370c98ca9f9ec99ee28f31ff63f06c983,1.9842443466186523,True,CORAL,LINEAR_COMBINATION,LINEAR_COMBINATION,LINEAR_COMBINATION,u006,LINEAR_COMBINATION,LINEAR_COMBINATION,LINEAR_COMBINATION,LINEAR_COMBINATION,True,LINEAR_COMBINATION,LINEAR_COMBINATION,10,1.0824534893035889,False
20,-1,2.453462600708008,d99990a387f0c79b99717c795fff13727d4d82b4edb09141f14944ceff616951,3719a127fb0592d187270e1a020a0cbe27e62a4bbfa038683a9f51a5f1f7411c,759fbfe08170afaba57dbbf525f1d8e7d6a79b000c822d50fd24d2d17bcaf730,6.9172844886779785,True,CORAL,LINEAR_COMBINATION,LINEAR_COMBINATION,LINEAR_COMBINATION,u006,LINEAR_COMBINATION,LINEAR_COMBINATION,LINEAR_COMBINATION,LINEAR_COMBINATION,True,LINEAR_COMBINATION,LINEAR_COMBINATION,10,4.536458969116211,False
1,-1,1.247218370437622,d99990a387f0c79b99717c795fff13727d4d82b4edb09141f14944ceff616951,6f6a04813aa0fed242e19fe4f89308dd391c6ece418342c9864ef17096d15555,a77d5848289b942386b0bbdcdea4eb0f770ca1107b07edb733eba331dee56f73,18.641952514648438,True,CORAL,LINEAR_COMBINATION,LINEAR_COMBINATION,LINEAR_COMBINATION,u007,LINEAR_COMBINATION,LINEAR_COMBINATION,LINEAR_COMBINATION,LINEAR_COMBINATION,True,LINEAR_COMBINATION,LINEAR_COMBINATION,10,13.183815002441406,False
5,-1,19.626670837402344,d99990a387f0c79b99717c795fff13727d4d82b4edb09141f14944ceff616951,05f3a1b597f2905b8c044b4d19fdf1c352ae15117c45ecf4882f241e1f884809,5c7b72a0c4ac1fdb333d8176b3ed214370c98ca9f9ec99ee28f31ff63f06c983,168.5218048095703,True,CORAL,LINEAR_COMBINATION,LINEAR_COMBINATION,LINEAR_COMBINATION,u007,LINEAR_COMBINATION,LINEAR_COMBINATION,LINEAR_COMBINATION,LINEAR_COMBINATION,True,LINEAR_COMBINATION,LINEAR_COMBINATION,10,119.34715270996094,False
20,-1,26.23984718322754,d99990a387f0c79b99717c795fff13727d4d82b4edb09141f14944ceff616951,3719a127fb0592d187270e1a020a0cbe27e62a4bbfa038683a9f51a5f1f7411c,759fbfe08170afaba57dbbf525f1d8e7d6a79b000c822d50fd24d2d17bcaf730,155.44947814941406,True,CORAL,LINEAR_COMBINATION,LINEAR_COMBINATION,LINEAR_COMBINATION,u007,LINEAR_COMBINATION,LINEAR_COMBINATION,LINEAR_COMBINATION,LINEAR_COMBINATION,True,LINEAR_COMBINATION,LINEAR_COMBINATION,10,109.17015075683594,False
1,-1,1.247218370437622,d99990a387f0c79b99717c795fff13727d4d82b4edb09141f14944ceff616951,6f6a04813aa0fed242e19fe4f89308dd391c6ece418342c9864ef17096d15555,a77d5848289b942386b0bbdcdea4eb0f770ca1107b07edb733eba331dee56f73,18.641952514648438,True,CORAL,LINEAR_COMBINATION,LINEAR_COMBINATION,LINEAR_COMBINATION,u008,LINEAR_COMBINATION,LINEAR_COMBINATION,LINEAR_COMBINATION,LINEAR_COMBINATION,True,LINEAR_COMBINATION,LINEAR_COMBINATION,10,13.183815002441406,False
5,-1,19.626670837402344,d99990a387f0c79b99717c795fff13727d4d82b4edb09141f14944ceff616951,05f3a1b597f2905b8c044b4d19fdf1c352ae15117c45ecf4882f241e1f884809,5c7b72a0c4ac1fdb333d8176b3ed214370c98ca9f9ec99ee28f31ff63f06c983,168.5218048095703,True,CORAL,LINEAR_COMBINATION,LINEAR_COMBINATION,LINEAR_COMBINATION,u008,LINEAR_COMBINATION,LINEAR_COMBINATION,LINEAR_COMBINATION,LINEAR_COMBINATION,True,LINEAR_COMBINATION,LINEAR_COMBINATION,10,119.34715270996094,False
20,-1,26.23984718322754,d99990a387f0c79b99717c795fff13727d4d82b4edb09141f14944ceff616951,3719a127fb0592d187270e1a020a0cbe27e62a4bbfa038683a9f51a5f1f7411c,759fbfe08170afaba57dbbf525f1d8e7d6a79b000c822d50fd24d2d17bcaf730,155.44947814941406,True,CORAL,LINEAR_COMBINATION,LINEAR_COMBINATION,LINEAR_COMBINATION,u008,LINEAR_COMBINATION,LINEAR_COMBINATION,LINEAR_COMBINATION,LINEAR_COMBINATION,True,LINEAR_COMBINATION,LINEAR_COMBINATION,10,109.17015075683594,False
1,-1,0.9725745916366577,d99990a387f0c79b99717c795fff13727d4d82b4edb09141f14944ceff616951,6f6a04813aa0fed242e19fe4f89308dd391c6ece418342c9864ef17096d15555,a77d5848289b942386b0bbdcdea4eb0f770ca1107b07edb733eba331dee56f73,4.3045549392700195,True,CORAL,LINEAR_COMBINATION,LINEAR_COMBINATION,LINEAR_COMBINATION,u009,LINEAR_COMBINATION,LINEAR_COMBINATION,LINEAR_COMBINATION,LINEAR_COMBINATION,True,LINEAR_COMBINATION,LINEAR_COMBINATION,10,2.348186492919922,False
5,-1,11.266522407531738,d99990a387f0c79b99717c795fff13727d4d82b4edb09141f14944ceff616951,05f3a1b597f2905b8c044b4d19fdf1c352ae15117c45ecf4882f241e1f884809,5c7b72a0c4ac1fdb333d8176b3ed214370c98ca9f9ec99ee28f31ff63f06c983,39.03153610229492,True,CORAL,LINEAR_COMBINATION,LINEAR_COMBINATION,LINEAR_COMBINATION,u009,LINEAR_COMBINATION,LINEAR_COMBINATION,LINEAR_COMBINATION,LINEAR_COMBINATION,True,LINEAR_COMBINATION,LINEAR_COMBINATION,10,17.865615844726562,False
20,-1,53.68853759765625,d99990a387f0c79b99717c795fff13727d4d82b4edb09141f14944ceff616951,3719a127fb0592d187270e1a020a0cbe27e62a4bbfa038683a9f51a5f1f7411c,759fbfe08170afaba57dbbf525f1d8e7d6a79b000c822d50fd24d2d17bcaf730,90.79898071289062,True,CORAL,LINEAR_COMBINATION,LINEAR_COMBINATION,LINEAR_COMBINATION,u009,LINEAR_COMBINATION,LINEAR_COMBINATION,LINEAR_COMBINATION,LINEAR_COMBINATION,True,LINEAR_COMBINATION,LINEAR_COMBINATION,10,55.32426071166992,False
1,-1,0.9725745916366577,d99990a387f0c79b99717c795fff13727d4d82b4edb09141f14944ceff616951,6f6a04813aa0fed242e19fe4f89308dd391c6ece418342c9864ef17096d15555,a77d5848289b942386b0bbdcdea4eb0f770ca1107b07edb733eba331dee56f73,4.3045549392700195,True,CORAL,LINEAR_COMBINATION,LINEAR_COMBINATION,LINEAR_COMBINATION,u010,LINEAR_COMBINATION,LINEAR_COMBINATION,LINEAR_COMBINATION,LINEAR_COMBINATION,True,LINEAR_COMBINATION,LINEAR_COMBINATION,10,2.348186492919922,False
5,-1,11.266522407531738,d99990a387f0c79b99717c795fff13727d4d82b4edb09141f14944ceff616951,05f3a1b597f2905b8c044b4d19fdf1c352ae15117c45ecf4882f241e1f884809,5c7b72a0c4ac1fdb333d8176b3ed214370c98ca9f9ec99ee28f31ff63f06c983,39.03153610229492,True,CORAL,LINEAR_COMBINATION,LINEAR_COMBINATION,LINEAR_COMBINATION,u010,LINEAR_COMBINATION,LINEAR_COMBINATION,LINEAR_COMBINATION,LINEAR_COMBINATION,True,LINEAR_COMBINATION,LINEAR_COMBINATION,10,17.865615844726562,False
20,-1,53.68853759765625,d99990a387f0c79b99717c795fff13727d4d82b4edb09141f14944ceff616951,3719a127fb0592d187270e1a020a0cbe27e62a4bbfa038683a9f51a5f1f7411c,759fbfe08170afaba57dbbf525f1d8e7d6a79b000c822d50fd24d2d17bcaf730,90.79898071289062,True,CORAL,LINEAR_COMBINATION,LINEAR_COMBINATION,LINEAR_COMBINATION,u010,LINEAR_COMBINATION,LINEAR_COMBINATION,LINEAR_COMBINATION,LINEAR_COMBINATION,True,LINEAR_COMBINATION,LINEAR_COMBINATION,10,55.32426071166992,False
1,0,0.059038642793893814,a7d0cb3e426987cd68e0c37e7a0260d217f5659529e9c994ed6abdc083ba5430,ffa08c65c492acf81533f737ad424f9db44c65d91958ca405d0b6ae80ebbcd99,41809a6dfcd0c9ee66ef1682d2aa9c7f2a9d7de69f1996a3fcc436e1e543f2b4,0.2478441298007965,True,FISHR,a7d0cb3e426987cd68e0c37e7a0260d217f5659529e9c994ed6abdc083ba5430,8ad6646da50fa323b8845f2952909cbfc0e508f07f6c7007be3992beca986806,389fddf883e2e19a63591de2e34388daeb28e36f405afa1b5839c491cc0cd0ef,u000,a7d0cb3e426987cd68e0c37e7a0260d217f5659529e9c994ed6abdc083ba5430,5b87402ae43bd001b7d210f5348382ac41745a5420773f7625841ee4b7ee730b,28bd419d6c40fbfb1021f4c3581535b2d8422c3645bd1b3c47531d8f2a0af856,a7d0cb3e426987cd68e0c37e7a0260d217f5659529e9c994ed6abdc083ba5430,True,5b87402ae43bd001b7d210f5348382ac41745a5420773f7625841ee4b7ee730b,28bd419d6c40fbfb1021f4c3581535b2d8422c3645bd1b3c47531d8f2a0af856,10,0.1957290768623352,False
5,0,0.7101733684539795,a7d0cb3e426987cd68e0c37e7a0260d217f5659529e9c994ed6abdc083ba5430,6e50b3560afcbfb829819838f11cc91a179c4f8ae9097564b4b316e8ebcc2f15,67d8582d9aaa9f6bf04a7185182909a3b18971594aa8e8d62da076f3095f0eba,3.7214574813842773,True,FISHR,a7d0cb3e426987cd68e0c37e7a0260d217f5659529e9c994ed6abdc083ba5430,fe5180668ec2820a7ef0a4d73d27b3fd1d10e949a3ecb17d12a557e8bd2c3138,4be8a941f34cc92c5b60930b19c4ae2bb8b0e38417a07f26edb317000e303e46,u000,a7d0cb3e426987cd68e0c37e7a0260d217f5659529e9c994ed6abdc083ba5430,c82024fbcd3305ab920d5233b55951d3e9b56fce97864edbfc4a72c89bedfacf,9867ecd1035d646c568c6b1ed972fbc96b60f986b70b4c54ad0d32072c268131,a7d0cb3e426987cd68e0c37e7a0260d217f5659529e9c994ed6abdc083ba5430,True,c82024fbcd3305ab920d5233b55951d3e9b56fce97864edbfc4a72c89bedfacf,9867ecd1035d646c568c6b1ed972fbc96b60f986b70b4c54ad0d32072c268131,10,2.956688404083252,False
20,0,4.257869720458984,a7d0cb3e426987cd68e0c37e7a0260d217f5659529e9c994ed6abdc083ba5430,48023cbadd95de73448597ce7b68934a159972ea79c7255adb8c0b59e9b77e31,8d54bdb4ad414ab23bc79954ec36f6018358d5ef967e77d5209ac3934c19a6bd,24.30400276184082,True,FISHR,a7d0cb3e426987cd68e0c37e7a0260d217f5659529e9c994ed6abdc083ba5430,261cb8f73bbcd1f3e895a5f273acf15c40205de5bab2ee303896b0b29ecc52a8,6e88b3f0762f2d41729748af3a1f8345e828b3d390ab7eaf0e2cfdefe85879ea,u000,a7d0cb3e426987cd68e0c37e7a0260d217f5659529e9c994ed6abdc083ba5430,70af2e895f3b61c88dd9ca54578de700ec3b45ff10deef5bf52bdf83c526990f,b1f3ded4f9426fae4bc19d8fd2621b72bb18af1cf473d4e74ad6454a58202ea7,a7d0cb3e426987cd68e0c37e7a0260d217f5659529e9c994ed6abdc083ba5430,True,70af2e895f3b61c88dd9ca54578de700ec3b45ff10deef5bf52bdf83c526990f,b1f3ded4f9426fae4bc19d8fd2621b72bb18af1cf473d4e74ad6454a58202ea7,10,19.302196502685547,False
1,1,0.0541585274040699,a7d0cb3e426987cd68e0c37e7a0260d217f5659529e9c994ed6abdc083ba5430,ffa08c65c492acf81533f737ad424f9db44c65d91958ca405d0b6ae80ebbcd99,41809a6dfcd0c9ee66ef1682d2aa9c7f2a9d7de69f1996a3fcc436e1e543f2b4,0.21860173344612122,True,FISHR,a7d0cb3e426987cd68e0c37e7a0260d217f5659529e9c994ed6abdc083ba5430,89eb9a0349fd95de39ff42e9de06c0f18b26afef3220453e98221bac6489687d,a49a16a6134167d6f1a6c33d4c61fc3b2c7bb8e5a197c6720cc71918e6586dce,u001,a7d0cb3e426987cd68e0c37e7a0260d217f5659529e9c994ed6abdc083ba5430,5f0eb9324d51efc63af0c75f9137381fe7fd827652ce5a4f8454b3f850af92eb,006e06ec9bb166d93f977352b64ed46030f23e970aa1f7f7c7747c1a4e534b86,a7d0cb3e426987cd68e0c37e7a0260d217f5659529e9c994ed6abdc083ba5430,True,5f0eb9324d51efc63af0c75f9137381fe7fd827652ce5a4f8454b3f850af92eb,006e06ec9bb166d93f977352b64ed46030f23e970aa1f7f7c7747c1a4e534b86,10,0.17227323353290558,False
5,1,0.6304163336753845,a7d0cb3e426987cd68e0c37e7a0260d217f5659529e9c994ed6abdc083ba5430,6e50b3560afcbfb829819838f11cc91a179c4f8ae9097564b4b316e8ebcc2f15,67d8582d9aaa9f6bf04a7185182909a3b18971594aa8e8d62da076f3095f0eba,3.2573635578155518,True,FISHR,a7d0cb3e426987cd68e0c37e7a0260d217f5659529e9c994ed6abdc083ba5430,5da86a50bc1118cf4257cb6dfc522da227fa067f1a2e82af17c9e8ea7c3466b3,a815389e94aad708bddae0e03c19e272b6281c03b9b4f6c353381fd43268a60e,u001,a7d0cb3e426987cd68e0c37e7a0260d217f5659529e9c994ed6abdc083ba5430,59ebdea2d6fc9786b1338f5043d6afa38a027234eeed28bc6816463310e0db2d,539bfb24aa7cb691fcd2d3a3c59e8689bd63f3a88283b354b422d9c241562b49,a7d0cb3e426987cd68e0c37e7a0260d217f5659529e9c994ed6abdc083ba5430,True,59ebdea2d6fc9786b1338f5043d6afa38a027234eeed28bc6816463310e0db2d,539bfb24aa7cb691fcd2d3a3c59e8689bd63f3a88283b354b422d9c241562b49,10,2.5861895084381104,False
20,1,3.936675786972046,a7d0cb3e426987cd68e0c37e7a0260d217f5659529e9c994ed6abdc083ba5430,48023cbadd95de73448597ce7b68934a159972ea79c7255adb8c0b59e9b77e31,8d54bdb4ad414ab23bc79954ec36f6018358d5ef967e77d5209ac3934c19a6bd,22.250993728637695,True,FISHR,a7d0cb3e426987cd68e0c37e7a0260d217f5659529e9c994ed6abdc083ba5430,29c58022d5fff09b3365f1c87ef0931931f2d6c78603bc13b1fbd04e158c6f80,384a53ca3ac356995cc344fc622541aba0e346621a15cee88e0e8fdfce202a86,u001,a7d0cb3e426987cd68e0c37e7a0260d217f5659529e9c994ed6abdc083ba5430,612f9f1c771c79fc3c02e833c4967e2280a7e1da8a0aced0df778fba9f8d99d9,0182014646e14f22996ef1b30f899591dc6097886de9fa20588dbddf96bf92be,a7d0cb3e426987cd68e0c37e7a0260d217f5659529e9c994ed6abdc083ba5430,True,612f9f1c771c79fc3c02e833c4967e2280a7e1da8a0aced0df778fba9f8d99d9,0182014646e14f22996ef1b30f899591dc6097886de9fa20588dbddf96bf92be,10,17.73313331604004,False
1,2,0.0,a7d0cb3e426987cd68e0c37e7a0260d217f5659529e9c994ed6abdc083ba5430,ffa08c65c492acf81533f737ad424f9db44c65d91958ca405d0b6ae80ebbcd99,41809a6dfcd0c9ee66ef1682d2aa9c7f2a9d7de69f1996a3fcc436e1e543f2b4,0.0,True,FISHR,LINEAR_COMBINATION,LINEAR_COMBINATION,LINEAR_COMBINATION,u002,LINEAR_COMBINATION,LINEAR_COMBINATION,LINEAR_COMBINATION,LINEAR_COMBINATION,True,LINEAR_COMBINATION,LINEAR_COMBINATION,10,0.0,False
5,2,0.0,a7d0cb3e426987cd68e0c37e7a0260d217f5659529e9c994ed6abdc083ba5430,6e50b3560afcbfb829819838f11cc91a179c4f8ae9097564b4b316e8ebcc2f15,67d8582d9aaa9f6bf04a7185182909a3b18971594aa8e8d62da076f3095f0eba,0.0,True,FISHR,LINEAR_COMBINATION,LINEAR_COMBINATION,LINEAR_COMBINATION,u002,LINEAR_COMBINATION,LINEAR_COMBINATION,LINEAR_COMBINATION,LINEAR_COMBINATION,True,LINEAR_COMBINATION,LINEAR_COMBINATION,10,0.0,False
20,2,0.0,a7d0cb3e426987cd68e0c37e7a0260d217f5659529e9c994ed6abdc083ba5430,48023cbadd95de73448597ce7b68934a159972ea79c7255adb8c0b59e9b77e31,8d54bdb4ad414ab23bc79954ec36f6018358d5ef967e77d5209ac3934c19a6bd,0.0,True,FISHR,LINEAR_COMBINATION,LINEAR_COMBINATION,LINEAR_COMBINATION,u002,LINEAR_COMBINATION,LINEAR_COMBINATION,LINEAR_COMBINATION,LINEAR_COMBINATION,True,LINEAR_COMBINATION,LINEAR_COMBINATION,10,0.0,False
1,3,0.03264254331588745,a7d0cb3e426987cd68e0c37e7a0260d217f5659529e9c994ed6abdc083ba5430,ffa08c65c492acf81533f737ad424f9db44c65d91958ca405d0b6ae80ebbcd99,41809a6dfcd0c9ee66ef1682d2aa9c7f2a9d7de69f1996a3fcc436e1e543f2b4,0.12541794776916504,True,FISHR,a7d0cb3e426987cd68e0c37e7a0260d217f5659529e9c994ed6abdc083ba5430,94474c6c223c933e2706710ce9dbfd604735d72a4eebfd7303e6b98742ae9e77,5237e9d57c5779295daab5a493b7cc6ce1afa45a7aba059d94d7493cda9fa3d5,u003,a7d0cb3e426987cd68e0c37e7a0260d217f5659529e9c994ed6abdc083ba5430,5aea4f6ada98be61a68c1bff7c515eab7506520a2dd566b0446787eac9c2ed12,a5744bd5cc11949f5ab9a68e7fda39627201a414bc3240eb8b24229bae07d8f1,a7d0cb3e426987cd68e0c37e7a0260d217f5659529e9c994ed6abdc083ba5430,True,5aea4f6ada98be61a68c1bff7c515eab7506520a2dd566b0446787eac9c2ed12,a5744bd5cc11949f5ab9a68e7fda39627201a414bc3240eb8b24229bae07d8f1,10,0.10105568170547485,False
5,3,0.18740998208522797,a7d0cb3e426987cd68e0c37e7a0260d217f5659529e9c994ed6abdc083ba5430,6e50b3560afcbfb829819838f11cc91a179c4f8ae9097564b4b316e8ebcc2f15,67d8582d9aaa9f6bf04a7185182909a3b18971594aa8e8d62da076f3095f0eba,0.8032571077346802,True,FISHR,a7d0cb3e426987cd68e0c37e7a0260d217f5659529e9c994ed6abdc083ba5430,b6a856900761045f1050ac3d7217a0e6c1abc0ddec28b9e9249404e0fea656a3,347ec50973555b344a1a61cbd735a74a814f753a55053d5267c083ebd2e93784,u003,a7d0cb3e426987cd68e0c37e7a0260d217f5659529e9c994ed6abdc083ba5430,da6e86f0db1e3c1781961ea49e7456bfb2255aefdfb94defa15181833b698a0b,41a6df284dbecbeb8417564533d58b66a7623d84f9f52d4f889f6ba615785080,a7d0cb3e426987cd68e0c37e7a0260d217f5659529e9c994ed6abdc083ba5430,True,da6e86f0db1e3c1781961ea49e7456bfb2255aefdfb94defa15181833b698a0b,41a6df284dbecbeb8417564533d58b66a7623d84f9f52d4f889f6ba615785080,10,0.6548749208450317,False
20,3,0.23151150345802307,a7d0cb3e426987cd68e0c37e7a0260d217f5659529e9c994ed6abdc083ba5430,48023cbadd95de73448597ce7b68934a159972ea79c7255adb8c0b59e9b77e31,8d54bdb4ad414ab23bc79954ec36f6018358d5ef967e77d5209ac3934c19a6bd,0.8632014393806458,True,FISHR,a7d0cb3e426987cd68e0c37e7a0260d217f5659529e9c994ed6abdc083ba5430,d4ac63941e010de1636b34084d9fab1ecdee6473c299443f0adcb5c97f7540b8,732876f8476973322855ab597cf18b0098ab7fc56e44f779f19f81d2a17bcc70,u003,a7d0cb3e426987cd68e0c37e7a0260d217f5659529e9c994ed6abdc083ba5430,b901d2ace5b7a63395503328a520274067338d35ff5f1fff7e3147539b78d391,47bd38c42abb30589c5d24924d5a2373868d054cc5fa393eeed044b4c70ec33a,a7d0cb3e426987cd68e0c37e7a0260d217f5659529e9c994ed6abdc083ba5430,True,b901d2ace5b7a63395503328a520274067338d35ff5f1fff7e3147539b78d391,47bd38c42abb30589c5d24924d5a2373868d054cc5fa393eeed044b4c70ec33a,10,0.763003408908844,False
1,4,0.0,a7d0cb3e426987cd68e0c37e7a0260d217f5659529e9c994ed6abdc083ba5430,ffa08c65c492acf81533f737ad424f9db44c65d91958ca405d0b6ae80ebbcd99,41809a6dfcd0c9ee66ef1682d2aa9c7f2a9d7de69f1996a3fcc436e1e543f2b4,0.0,True,FISHR,LINEAR_COMBINATION,LINEAR_COMBINATION,LINEAR_COMBINATION,u004,LINEAR_COMBINATION,LINEAR_COMBINATION,LINEAR_COMBINATION,LINEAR_COMBINATION,True,LINEAR_COMBINATION,LINEAR_COMBINATION,10,0.0,False
5,4,0.0,a7d0cb3e426987cd68e0c37e7a0260d217f5659529e9c994ed6abdc083ba5430,6e50b3560afcbfb829819838f11cc91a179c4f8ae9097564b4b316e8ebcc2f15,67d8582d9aaa9f6bf04a7185182909a3b18971594aa8e8d62da076f3095f0eba,0.0,True,FISHR,LINEAR_COMBINATION,LINEAR_COMBINATION,LINEAR_COMBINATION,u004,LINEAR_COMBINATION,LINEAR_COMBINATION,LINEAR_COMBINATION,LINEAR_COMBINATION,True,LINEAR_COMBINATION,LINEAR_COMBINATION,10,0.0,False
20,4,0.0,a7d0cb3e426987cd68e0c37e7a0260d217f5659529e9c994ed6abdc083ba5430,48023cbadd95de73448597ce7b68934a159972ea79c7255adb8c0b59e9b77e31,8d54bdb4ad414ab23bc79954ec36f6018358d5ef967e77d5209ac3934c19a6bd,0.0,True,FISHR,LINEAR_COMBINATION,LINEAR_COMBINATION,LINEAR_COMBINATION,u004,LINEAR_COMBINATION,LINEAR_COMBINATION,LINEAR_COMBINATION,LINEAR_COMBINATION,True,LINEAR_COMBINATION,LINEAR_COMBINATION,10,0.0,False
1,-1,0.003560128854587674,a7d0cb3e426987cd68e0c37e7a0260d217f5659529e9c994ed6abdc083ba5430,ffa08c65c492acf81533f737ad424f9db44c65d91958ca405d0b6ae80ebbcd99,41809a6dfcd0c9ee66ef1682d2aa9c7f2a9d7de69f1996a3fcc436e1e543f2b4,0.021023007109761238,True,FISHR,LINEAR_COMBINATION,LINEAR_COMBINATION,LINEAR_COMBINATION,u005,LINEAR_COMBINATION,LINEAR_COMBINATION,LINEAR_COMBINATION,LINEAR_COMBINATION,True,LINEAR_COMBINATION,LINEAR_COMBINATION,10,0.016913430765271187,False
5,-1,0.056982092559337616,a7d0cb3e426987cd68e0c37e7a0260d217f5659529e9c994ed6abdc083ba5430,6e50b3560afcbfb829819838f11cc91a179c4f8ae9097564b4b316e8ebcc2f15,67d8582d9aaa9f6bf04a7185182909a3b18971594aa8e8d62da076f3095f0eba,0.3295120596885681,True,FISHR,LINEAR_COMBINATION,LINEAR_COMBINATION,LINEAR_COMBINATION,u005,LINEAR_COMBINATION,LINEAR_COMBINATION,LINEAR_COMBINATION,LINEAR_COMBINATION,True,LINEAR_COMBINATION,LINEAR_COMBINATION,10,0.26319432258605957,False
20,-1,0.25429368019104004,a7d0cb3e426987cd68e0c37e7a0260d217f5659529e9c994ed6abdc083ba5430,48023cbadd95de73448597ce7b68934a159972ea79c7255adb8c0b59e9b77e31,8d54bdb4ad414ab23bc79954ec36f6018358d5ef967e77d5209ac3934c19a6bd,1.505354881286621,True,FISHR,LINEAR_COMBINATION,LINEAR_COMBINATION,LINEAR_COMBINATION,u005,LINEAR_COMBINATION,LINEAR_COMBINATION,LINEAR_COMBINATION,LINEAR_COMBINATION,True,LINEAR_COMBINATION,LINEAR_COMBINATION,10,1.1583504676818848,False
1,-1,0.0800376906991005,a7d0cb3e426987cd68e0c37e7a0260d217f5659529e9c994ed6abdc083ba5430,ffa08c65c492acf81533f737ad424f9db44c65d91958ca405d0b6ae80ebbcd99,41809a6dfcd0c9ee66ef1682d2aa9c7f2a9d7de69f1996a3fcc436e1e543f2b4,0.32980528473854065,True,FISHR,LINEAR_COMBINATION,LINEAR_COMBINATION,LINEAR_COMBINATION,u006,LINEAR_COMBINATION,LINEAR_COMBINATION,LINEAR_COMBINATION,LINEAR_COMBINATION,True,LINEAR_COMBINATION,LINEAR_COMBINATION,10,0.26019585132598877,False
5,-1,0.9479050636291504,a7d0cb3e426987cd68e0c37e7a0260d217f5659529e9c994ed6abdc083ba5430,6e50b3560afcbfb829819838f11cc91a179c4f8ae9097564b4b316e8ebcc2f15,67d8582d9aaa9f6bf04a7185182909a3b18971594aa8e8d62da076f3095f0eba,4.9346818923950195,True,FISHR,LINEAR_COMBINATION,LINEAR_COMBINATION,LINEAR_COMBINATION,u006,LINEAR_COMBINATION,LINEAR_COMBINATION,LINEAR_COMBINATION,LINEAR_COMBINATION,True,LINEAR_COMBINATION,LINEAR_COMBINATION,10,3.919325113296509,False
20,-1,5.793289661407471,a7d0cb3e426987cd68e0c37e7a0260d217f5659529e9c994ed6abdc083ba5430,48023cbadd95de73448597ce7b68934a159972ea79c7255adb8c0b59e9b77e31,8d54bdb4ad414ab23bc79954ec36f6018358d5ef967e77d5209ac3934c19a6bd,32.91694641113281,True,FISHR,LINEAR_COMBINATION,LINEAR_COMBINATION,LINEAR_COMBINATION,u006,LINEAR_COMBINATION,LINEAR_COMBINATION,LINEAR_COMBINATION,LINEAR_COMBINATION,True,LINEAR_COMBINATION,LINEAR_COMBINATION,10,26.18581771850586,False
1,-1,0.0025173912290483713,a7d0cb3e426987cd68e0c37e7a0260d217f5659529e9c994ed6abdc083ba5430,ffa08c65c492acf81533f737ad424f9db44c65d91958ca405d0b6ae80ebbcd99,41809a6dfcd0c9ee66ef1682d2aa9c7f2a9d7de69f1996a3fcc436e1e543f2b4,0.014865510165691376,True,FISHR,LINEAR_COMBINATION,LINEAR_COMBINATION,LINEAR_COMBINATION,u007,LINEAR_COMBINATION,LINEAR_COMBINATION,LINEAR_COMBINATION,LINEAR_COMBINATION,True,LINEAR_COMBINATION,LINEAR_COMBINATION,10,0.011959601193666458,False
5,-1,0.04029242694377899,a7d0cb3e426987cd68e0c37e7a0260d217f5659529e9c994ed6abdc083ba5430,6e50b3560afcbfb829819838f11cc91a179c4f8ae9097564b4b316e8ebcc2f15,67d8582d9aaa9f6bf04a7185182909a3b18971594aa8e8d62da076f3095f0eba,0.23300021886825562,True,FISHR,LINEAR_COMBINATION,LINEAR_COMBINATION,LINEAR_COMBINATION,u007,LINEAR_COMBINATION,LINEAR_COMBINATION,LINEAR_COMBINATION,LINEAR_COMBINATION,True,LINEAR_COMBINATION,LINEAR_COMBINATION,10,0.18610648810863495,False
20,-1,0.17981278896331787,a7d0cb3e426987cd68e0c37e7a0260d217f5659529e9c994ed6abdc083ba5430,48023cbadd95de73448597ce7b68934a159972ea79c7255adb8c0b59e9b77e31,8d54bdb4ad414ab23bc79954ec36f6018358d5ef967e77d5209ac3934c19a6bd,1.0644466876983643,True,FISHR,LINEAR_COMBINATION,LINEAR_COMBINATION,LINEAR_COMBINATION,u007,LINEAR_COMBINATION,LINEAR_COMBINATION,LINEAR_COMBINATION,LINEAR_COMBINATION,True,LINEAR_COMBINATION,LINEAR_COMBINATION,10,0.8190775513648987,False
1,-1,0.0025173912290483713,a7d0cb3e426987cd68e0c37e7a0260d217f5659529e9c994ed6abdc083ba5430,ffa08c65c492acf81533f737ad424f9db44c65d91958ca405d0b6ae80ebbcd99,41809a6dfcd0c9ee66ef1682d2aa9c7f2a9d7de69f1996a3fcc436e1e543f2b4,0.014865510165691376,True,FISHR,LINEAR_COMBINATION,LINEAR_COMBINATION,LINEAR_COMBINATION,u008,LINEAR_COMBINATION,LINEAR_COMBINATION,LINEAR_COMBINATION,LINEAR_COMBINATION,True,LINEAR_COMBINATION,LINEAR_COMBINATION,10,0.011959601193666458,False
5,-1,0.04029242694377899,a7d0cb3e426987cd68e0c37e7a0260d217f5659529e9c994ed6abdc083ba5430,6e50b3560afcbfb829819838f11cc91a179c4f8ae9097564b4b316e8ebcc2f15,67d8582d9aaa9f6bf04a7185182909a3b18971594aa8e8d62da076f3095f0eba,0.23300021886825562,True,FISHR,LINEAR_COMBINATION,LINEAR_COMBINATION,LINEAR_COMBINATION,u008,LINEAR_COMBINATION,LINEAR_COMBINATION,LINEAR_COMBINATION,LINEAR_COMBINATION,True,LINEAR_COMBINATION,LINEAR_COMBINATION,10,0.18610648810863495,False
20,-1,0.17981278896331787,a7d0cb3e426987cd68e0c37e7a0260d217f5659529e9c994ed6abdc083ba5430,48023cbadd95de73448597ce7b68934a159972ea79c7255adb8c0b59e9b77e31,8d54bdb4ad414ab23bc79954ec36f6018358d5ef967e77d5209ac3934c19a6bd,1.0644466876983643,True,FISHR,LINEAR_COMBINATION,LINEAR_COMBINATION,LINEAR_COMBINATION,u008,LINEAR_COMBINATION,LINEAR_COMBINATION,LINEAR_COMBINATION,LINEAR_COMBINATION,True,LINEAR_COMBINATION,LINEAR_COMBINATION,10,0.8190775513648987,False
1,-1,0.023081764578819275,a7d0cb3e426987cd68e0c37e7a0260d217f5659529e9c994ed6abdc083ba5430,ffa08c65c492acf81533f737ad424f9db44c65d91958ca405d0b6ae80ebbcd99,41809a6dfcd0c9ee66ef1682d2aa9c7f2a9d7de69f1996a3fcc436e1e543f2b4,0.08868388086557388,True,FISHR,LINEAR_COMBINATION,LINEAR_COMBINATION,LINEAR_COMBINATION,u009,LINEAR_COMBINATION,LINEAR_COMBINATION,LINEAR_COMBINATION,LINEAR_COMBINATION,True,LINEAR_COMBINATION,LINEAR_COMBINATION,10,0.0714571550488472,False
5,-1,0.13251885771751404,a7d0cb3e426987cd68e0c37e7a0260d217f5659529e9c994ed6abdc083ba5430,6e50b3560afcbfb829819838f11cc91a179c4f8ae9097564b4b316e8ebcc2f15,67d8582d9aaa9f6bf04a7185182909a3b18971594aa8e8d62da076f3095f0eba,0.5679885149002075,True,FISHR,LINEAR_COMBINATION,LINEAR_COMBINATION,LINEAR_COMBINATION,u009,LINEAR_COMBINATION,LINEAR_COMBINATION,LINEAR_COMBINATION,LINEAR_COMBINATION,True,LINEAR_COMBINATION,LINEAR_COMBINATION,10,0.4630664885044098,False
20,-1,0.16370335221290588,a7d0cb3e426987cd68e0c37e7a0260d217f5659529e9c994ed6abdc083ba5430,48023cbadd95de73448597ce7b68934a159972ea79c7255adb8c0b59e9b77e31,8d54bdb4ad414ab23bc79954ec36f6018358d5ef967e77d5209ac3934c19a6bd,0.6103755831718445,True,FISHR,LINEAR_COMBINATION,LINEAR_COMBINATION,LINEAR_COMBINATION,u009,LINEAR_COMBINATION,LINEAR_COMBINATION,LINEAR_COMBINATION,LINEAR_COMBINATION,True,LINEAR_COMBINATION,LINEAR_COMBINATION,10,0.5395249128341675,False
1,-1,0.023081764578819275,a7d0cb3e426987cd68e0c37e7a0260d217f5659529e9c994ed6abdc083ba5430,ffa08c65c492acf81533f737ad424f9db44c65d91958ca405d0b6ae80ebbcd99,41809a6dfcd0c9ee66ef1682d2aa9c7f2a9d7de69f1996a3fcc436e1e543f2b4,0.08868388086557388,True,FISHR,LINEAR_COMBINATION,LINEAR_COMBINATION,LINEAR_COMBINATION,u010,LINEAR_COMBINATION,LINEAR_COMBINATION,LINEAR_COMBINATION,LINEAR_COMBINATION,True,LINEAR_COMBINATION,LINEAR_COMBINATION,10,0.0714571550488472,False
5,-1,0.13251885771751404,a7d0cb3e426987cd68e0c37e7a0260d217f5659529e9c994ed6abdc083ba5430,6e50b3560afcbfb829819838f11cc91a179c4f8ae9097564b4b316e8ebcc2f15,67d8582d9aaa9f6bf04a7185182909a3b18971594aa8e8d62da076f3095f0eba,0.5679885149002075,True,FISHR,LINEAR_COMBINATION,LINEAR_COMBINATION,LINEAR_COMBINATION,u010,LINEAR_COMBINATION,LINEAR_COMBINATION,LINEAR_COMBINATION,LINEAR_COMBINATION,True,LINEAR_COMBINATION,LINEAR_COMBINATION,10,0.4630664885044098,False
20,-1,0.16370335221290588,a7d0cb3e426987cd68e0c37e7a0260d217f5659529e9c994ed6abdc083ba5430,48023cbadd95de73448597ce7b68934a159972ea79c7255adb8c0b59e9b77e31,8d54bdb4ad414ab23bc79954ec36f6018358d5ef967e77d5209ac3934c19a6bd,0.6103755831718445,True,FISHR,LINEAR_COMBINATION,LINEAR_COMBINATION,LINEAR_COMBINATION,u010,LINEAR_COMBINATION,LINEAR_COMBINATION,LINEAR_COMBINATION,LINEAR_COMBINATION,True,LINEAR_COMBINATION,LINEAR_COMBINATION,10,0.5395249128341675,False
1,0,0.8547071218490601,9d76afb67b6e7bf0db4ffd88fda8f805feae1caa8f7769ff67c530d01b74c747,6d3458de5bc803329d82c0b13c581fc04d51922c654531729a96b7551a029615,37228d9782324cd65f173e25442269990f8b2147f7a7a3ec82aeca295fab0a1c,18.85758399963379,True,MLDG,9d76afb67b6e7bf0db4ffd88fda8f805feae1caa8f7769ff67c530d01b74c747,55c5434e268406d86d5105ec0e5db5a2ba46536359f4be72e4f40aed5382d244,31e41df2b45ed57b24b3baa0f75f402960146082b7d8553956ec07e99870168b,u000,9d76afb67b6e7bf0db4ffd88fda8f805feae1caa8f7769ff67c530d01b74c747,f95f0543516e14f0da7362be992c58d37941201d45470a88f99a5ed61a05406d,603020594d4aa4e8efc9309357c6ccbd8ed1c6ff905a72f9c67c50c86e63454d,9d76afb67b6e7bf0db4ffd88fda8f805feae1caa8f7769ff67c530d01b74c747,True,f95f0543516e14f0da7362be992c58d37941201d45470a88f99a5ed61a05406d,603020594d4aa4e8efc9309357c6ccbd8ed1c6ff905a72f9c67c50c86e63454d,10,14.29736614227295,False
5,0,16.681413650512695,56d76a717090cff30484e548f3bdbd89315c4e10d6aa287bfdffdd3ba04f25ef,02b7446138c3f91a1cdccf3253cc410ca6420bbbb899e9e2bbf519819395b302,7f824505be9af7974f7742d0a0d111591300c2b6459835eaed113fe4be3d9a65,167.38629150390625,True,MLDG,56d76a717090cff30484e548f3bdbd89315c4e10d6aa287bfdffdd3ba04f25ef,2c1676c937625620de6c7abffae127802c0cfffaccc4375fbc77d652cd68a0e4,92a13e9cb9f9ff491293b42f36ddf07ac7ffd9beb50241ea8299a42665051ffe,u000,56d76a717090cff30484e548f3bdbd89315c4e10d6aa287bfdffdd3ba04f25ef,92ddf27fdeee7c47f6f3ac0c4305e7e7c660fd5ad257dcda02ac7ff5e4ee38b7,d5818ae3206c974f7ff003f61eba1b58bde28e0fd0a8ac169e042834772eb26c,56d76a717090cff30484e548f3bdbd89315c4e10d6aa287bfdffdd3ba04f25ef,True,92ddf27fdeee7c47f6f3ac0c4305e7e7c660fd5ad257dcda02ac7ff5e4ee38b7,d5818ae3206c974f7ff003f61eba1b58bde28e0fd0a8ac169e042834772eb26c,10,125.48809051513672,False
20,0,22.023975372314453,7f1183b265173c4994a83a4b856a5cb43ff24eb11587e0ec2b0a0536b44182db,20f39d1fa932c6e993101d9d570027e3c88f73b530a131f319cda8d8f3ab355c,aa6df8ce3e0a8100c446f96af8d833c0eadcd5c122b2298a9fd9577c82f6b33c,140.62152099609375,True,MLDG,7f1183b265173c4994a83a4b856a5cb43ff24eb11587e0ec2b0a0536b44182db,d269851d792a26d19b44424d01a845d20778ab0d55aed73e7838497e775784cc,112ec69346641bbfba2b92f7cf15df89d168f7294e4bd2e4b3d6c8002bd3d0b9,u000,7f1183b265173c4994a83a4b856a5cb43ff24eb11587e0ec2b0a0536b44182db,c1dc3b95003953dc03bf65ac06960ffc7026fdee2439b5c8f71039201e3dd9d7,ba235c69769c6b9b3c725a8321830d23b3ba4d09577a01c586381ce969bcf162,7f1183b265173c4994a83a4b856a5cb43ff24eb11587e0ec2b0a0536b44182db,True,c1dc3b95003953dc03bf65ac06960ffc7026fdee2439b5c8f71039201e3dd9d7,ba235c69769c6b9b3c725a8321830d23b3ba4d09577a01c586381ce969bcf162,10,98.62454986572266,False
1,1,1.0771597623825073,9d76afb67b6e7bf0db4ffd88fda8f805feae1caa8f7769ff67c530d01b74c747,6d3458de5bc803329d82c0b13c581fc04d51922c654531729a96b7551a029615,37228d9782324cd65f173e25442269990f8b2147f7a7a3ec82aeca295fab0a1c,18.513750076293945,True,MLDG,9d76afb67b6e7bf0db4ffd88fda8f805feae1caa8f7769ff67c530d01b74c747,98ea77a9c952846989c35a65188df6647537e744bd7e35372bb5170419017f41,00b835689eeb4871558c1be120b81784c068117fcee366221499c1138860a002,u001,9d76afb67b6e7bf0db4ffd88fda8f805feae1caa8f7769ff67c530d01b74c747,1961999655b75038a2616e50411712e42be8e45cd48645061b74862538773028,433ddbdd85cf86398c9dd1d459b2a369f7422cbf494f8ab5f826eacd54a71c9c,9d76afb67b6e7bf0db4ffd88fda8f805feae1caa8f7769ff67c530d01b74c747,True,1961999655b75038a2616e50411712e42be8e45cd48645061b74862538773028,433ddbdd85cf86398c9dd1d459b2a369f7422cbf494f8ab5f826eacd54a71c9c,10,13.967391014099121,False
5,1,16.58733367919922,56d76a717090cff30484e548f3bdbd89315c4e10d6aa287bfdffdd3ba04f25ef,02b7446138c3f91a1cdccf3253cc410ca6420bbbb899e9e2bbf519819395b302,7f824505be9af7974f7742d0a0d111591300c2b6459835eaed113fe4be3d9a65,165.54803466796875,True,MLDG,56d76a717090cff30484e548f3bdbd89315c4e10d6aa287bfdffdd3ba04f25ef,a42e034e2f60105f728973a5e347f8d9320e42571d1c88413b5fe534cfc659e9,e929ca3be1cae1f25d6a7656b8feffd9170fd769c93b5a68180b3eb6476185d9,u001,56d76a717090cff30484e548f3bdbd89315c4e10d6aa287bfdffdd3ba04f25ef,ce29938d49d5fbf30ea227b902ca63f17efaa5c690b43e14f9d8272db240136e,3dc00e446ce3b76d31f62ebd93a92f53f750a030b9b2846fbe9feedfd0805634,56d76a717090cff30484e548f3bdbd89315c4e10d6aa287bfdffdd3ba04f25ef,True,ce29938d49d5fbf30ea227b902ca63f17efaa5c690b43e14f9d8272db240136e,3dc00e446ce3b76d31f62ebd93a92f53f750a030b9b2846fbe9feedfd0805634,10,123.91845703125,False
20,1,21.225711822509766,7f1183b265173c4994a83a4b856a5cb43ff24eb11587e0ec2b0a0536b44182db,20f39d1fa932c6e993101d9d570027e3c88f73b530a131f319cda8d8f3ab355c,aa6df8ce3e0a8100c446f96af8d833c0eadcd5c122b2298a9fd9577c82f6b33c,140.04148864746094,True,MLDG,7f1183b265173c4994a83a4b856a5cb43ff24eb11587e0ec2b0a0536b44182db,a9f0c96b59822c7918470bf219fd8c6dadbbfb4d3fd0dba58cb73e2ddfe3943a,faf31221d05a646c7fbd584f61b5ab04adad36b897e56d7a25f292a8c19562bf,u001,7f1183b265173c4994a83a4b856a5cb43ff24eb11587e0ec2b0a0536b44182db,747241a84ae20370af81894eedafb5d83462c27bfe4ac62c5b747c69682f1008,810d01abe198cc8296fd8d5ebd6a00109a18310b17ace3661b7d6007fb5aefa2,7f1183b265173c4994a83a4b856a5cb43ff24eb11587e0ec2b0a0536b44182db,True,747241a84ae20370af81894eedafb5d83462c27bfe4ac62c5b747c69682f1008,810d01abe198cc8296fd8d5ebd6a00109a18310b17ace3661b7d6007fb5aefa2,10,97.7257080078125,False
1,2,0.0,9d76afb67b6e7bf0db4ffd88fda8f805feae1caa8f7769ff67c530d01b74c747,6d3458de5bc803329d82c0b13c581fc04d51922c654531729a96b7551a029615,37228d9782324cd65f173e25442269990f8b2147f7a7a3ec82aeca295fab0a1c,0.0,True,MLDG,LINEAR_COMBINATION,LINEAR_COMBINATION,LINEAR_COMBINATION,u002,LINEAR_COMBINATION,LINEAR_COMBINATION,LINEAR_COMBINATION,LINEAR_COMBINATION,True,LINEAR_COMBINATION,LINEAR_COMBINATION,10,0.0,False
5,2,0.0,56d76a717090cff30484e548f3bdbd89315c4e10d6aa287bfdffdd3ba04f25ef,02b7446138c3f91a1cdccf3253cc410ca6420bbbb899e9e2bbf519819395b302,7f824505be9af7974f7742d0a0d111591300c2b6459835eaed113fe4be3d9a65,0.0,True,MLDG,LINEAR_COMBINATION,LINEAR_COMBINATION,LINEAR_COMBINATION,u002,LINEAR_COMBINATION,LINEAR_COMBINATION,LINEAR_COMBINATION,LINEAR_COMBINATION,True,LINEAR_COMBINATION,LINEAR_COMBINATION,10,0.0,False
20,2,0.0,7f1183b265173c4994a83a4b856a5cb43ff24eb11587e0ec2b0a0536b44182db,20f39d1fa932c6e993101d9d570027e3c88f73b530a131f319cda8d8f3ab355c,aa6df8ce3e0a8100c446f96af8d833c0eadcd5c122b2298a9fd9577c82f6b33c,0.0,True,MLDG,LINEAR_COMBINATION,LINEAR_COMBINATION,LINEAR_COMBINATION,u002,LINEAR_COMBINATION,LINEAR_COMBINATION,LINEAR_COMBINATION,LINEAR_COMBINATION,True,LINEAR_COMBINATION,LINEAR_COMBINATION,10,0.0,False
1,3,1.5027308464050293,9d76afb67b6e7bf0db4ffd88fda8f805feae1caa8f7769ff67c530d01b74c747,6d3458de5bc803329d82c0b13c581fc04d51922c654531729a96b7551a029615,37228d9782324cd65f173e25442269990f8b2147f7a7a3ec82aeca295fab0a1c,5.482820510864258,True,MLDG,9d76afb67b6e7bf0db4ffd88fda8f805feae1caa8f7769ff67c530d01b74c747,30d3d46ea14ddc41f3c1f528e32eab0986e03e38f5f393a8dd72a9b258d10bf4,9727eca2c9937b48b6b1f9681bff070960d7c3ac19977a4c811698d4415a3712,u003,9d76afb67b6e7bf0db4ffd88fda8f805feae1caa8f7769ff67c530d01b74c747,33e8f58284f8f58a54a1e8a8d738b0a869437b8a105435c6148bd11b5942bf98,51d71764c560893ae0862c330d5158884dad5f764454bdb83b5d6245167fec99,9d76afb67b6e7bf0db4ffd88fda8f805feae1caa8f7769ff67c530d01b74c747,True,33e8f58284f8f58a54a1e8a8d738b0a869437b8a105435c6148bd11b5942bf98,51d71764c560893ae0862c330d5158884dad5f764454bdb83b5d6245167fec99,10,3.1442017555236816,False
5,3,17.436023712158203,56d76a717090cff30484e548f3bdbd89315c4e10d6aa287bfdffdd3ba04f25ef,02b7446138c3f91a1cdccf3253cc410ca6420bbbb899e9e2bbf519819395b302,7f824505be9af7974f7742d0a0d111591300c2b6459835eaed113fe4be3d9a65,47.40037536621094,True,MLDG,56d76a717090cff30484e548f3bdbd89315c4e10d6aa287bfdffdd3ba04f25ef,75c8681959032433078d66d35d0ed91dc5acdcda2891c8a3cd1ed05f68d75294,e7e01693945f3b9a945bb7250dfa0b8e91227f94433dc77c61466e687739ee1b,u003,56d76a717090cff30484e548f3bdbd89315c4e10d6aa287bfdffdd3ba04f25ef,ea982a32458c818455081d73d3b9a42c9e7d2afb9cd4edd4e3ecd5695e10858a,3d38e953f9f39ed01b8019f484fbc81e847a84f19542c57f78c8536293888f0e,56d76a717090cff30484e548f3bdbd89315c4e10d6aa287bfdffdd3ba04f25ef,True,ea982a32458c818455081d73d3b9a42c9e7d2afb9cd4edd4e3ecd5695e10858a,3d38e953f9f39ed01b8019f484fbc81e847a84f19542c57f78c8536293888f0e,10,21.54361915588379,False
20,3,87.1927719116211,7f1183b265173c4994a83a4b856a5cb43ff24eb11587e0ec2b0a0536b44182db,20f39d1fa932c6e993101d9d570027e3c88f73b530a131f319cda8d8f3ab355c,aa6df8ce3e0a8100c446f96af8d833c0eadcd5c122b2298a9fd9577c82f6b33c,125.89271545410156,True,MLDG,7f1183b265173c4994a83a4b856a5cb43ff24eb11587e0ec2b0a0536b44182db,c76df3faf2119f4d87306509ce7f4cc95af1bcea982a92491e931e6655a60970,48abb197fc7b9a118ad95963bbfb27cd712d0363bd99132ee94b06083be0f748,u003,7f1183b265173c4994a83a4b856a5cb43ff24eb11587e0ec2b0a0536b44182db,83e12a8a61ff1acd991da6a373b03145490fb86b7fd56c77850c2e4ed93c34ae,b437f497b4052b3952a158ef5f679e947980fdd2d16eb5205c2f0bb889720a81,7f1183b265173c4994a83a4b856a5cb43ff24eb11587e0ec2b0a0536b44182db,True,83e12a8a61ff1acd991da6a373b03145490fb86b7fd56c77850c2e4ed93c34ae,b437f497b4052b3952a158ef5f679e947980fdd2d16eb5205c2f0bb889720a81,10,82.88804626464844,False
1,4,0.0,9d76afb67b6e7bf0db4ffd88fda8f805feae1caa8f7769ff67c530d01b74c747,6d3458de5bc803329d82c0b13c581fc04d51922c654531729a96b7551a029615,37228d9782324cd65f173e25442269990f8b2147f7a7a3ec82aeca295fab0a1c,0.0,True,MLDG,LINEAR_COMBINATION,LINEAR_COMBINATION,LINEAR_COMBINATION,u004,LINEAR_COMBINATION,LINEAR_COMBINATION,LINEAR_COMBINATION,LINEAR_COMBINATION,True,LINEAR_COMBINATION,LINEAR_COMBINATION,10,0.0,False
5,4,0.0,56d76a717090cff30484e548f3bdbd89315c4e10d6aa287bfdffdd3ba04f25ef,02b7446138c3f91a1cdccf3253cc410ca6420bbbb899e9e2bbf519819395b302,7f824505be9af7974f7742d0a0d111591300c2b6459835eaed113fe4be3d9a65,0.0,True,MLDG,LINEAR_COMBINATION,LINEAR_COMBINATION,LINEAR_COMBINATION,u004,LINEAR_COMBINATION,LINEAR_COMBINATION,LINEAR_COMBINATION,LINEAR_COMBINATION,True,LINEAR_COMBINATION,LINEAR_COMBINATION,10,0.0,False
20,4,0.0,7f1183b265173c4994a83a4b856a5cb43ff24eb11587e0ec2b0a0536b44182db,20f39d1fa932c6e993101d9d570027e3c88f73b530a131f319cda8d8f3ab355c,aa6df8ce3e0a8100c446f96af8d833c0eadcd5c122b2298a9fd9577c82f6b33c,0.0,True,MLDG,LINEAR_COMBINATION,LINEAR_COMBINATION,LINEAR_COMBINATION,u004,LINEAR_COMBINATION,LINEAR_COMBINATION,LINEAR_COMBINATION,LINEAR_COMBINATION,True,LINEAR_COMBINATION,LINEAR_COMBINATION,10,0.0,False
1,-1,1.2881723642349243,9d76afb67b6e7bf0db4ffd88fda8f805feae1caa8f7769ff67c530d01b74c747,6d3458de5bc803329d82c0b13c581fc04d51922c654531729a96b7551a029615,37228d9782324cd65f173e25442269990f8b2147f7a7a3ec82aeca295fab0a1c,26.41807746887207,True,MLDG,LINEAR_COMBINATION,LINEAR_COMBINATION,LINEAR_COMBINATION,u005,LINEAR_COMBINATION,LINEAR_COMBINATION,LINEAR_COMBINATION,LINEAR_COMBINATION,True,LINEAR_COMBINATION,LINEAR_COMBINATION,10,19.981046676635742,False
5,-1,23.511768341064453,56d76a717090cff30484e548f3bdbd89315c4e10d6aa287bfdffdd3ba04f25ef,02b7446138c3f91a1cdccf3253cc410ca6420bbbb899e9e2bbf519819395b302,7f824505be9af7974f7742d0a0d111591300c2b6459835eaed113fe4be3d9a65,235.41331481933594,True,MLDG,LINEAR_COMBINATION,LINEAR_COMBINATION,LINEAR_COMBINATION,u005,LINEAR_COMBINATION,LINEAR_COMBINATION,LINEAR_COMBINATION,LINEAR_COMBINATION,True,LINEAR_COMBINATION,LINEAR_COMBINATION,10,176.3536834716797,False
20,-1,30.462078094482422,7f1183b265173c4994a83a4b856a5cb43ff24eb11587e0ec2b0a0536b44182db,20f39d1fa932c6e993101d9d570027e3c88f73b530a131f319cda8d8f3ab355c,aa6df8ce3e0a8100c446f96af8d833c0eadcd5c122b2298a9fd9577c82f6b33c,198.31268310546875,True,MLDG,LINEAR_COMBINATION,LINEAR_COMBINATION,LINEAR_COMBINATION,u005,LINEAR_COMBINATION,LINEAR_COMBINATION,LINEAR_COMBINATION,LINEAR_COMBINATION,True,LINEAR_COMBINATION,LINEAR_COMBINATION,10,138.73133850097656,False
1,-1,0.48104992508888245,9d76afb67b6e7bf0db4ffd88fda8f805feae1caa8f7769ff67c530d01b74c747,6d3458de5bc803329d82c0b13c581fc04d51922c654531729a96b7551a029615,37228d9782324cd65f173e25442269990f8b2147f7a7a3ec82aeca295fab0a1c,0.6727318167686462,True,MLDG,LINEAR_COMBINATION,LINEAR_COMBINATION,LINEAR_COMBINATION,u006,LINEAR_COMBINATION,LINEAR_COMBINATION,LINEAR_COMBINATION,LINEAR_COMBINATION,True,LINEAR_COMBINATION,LINEAR_COMBINATION,10,0.5103545188903809,False
5,-1,0.7784625291824341,56d76a717090cff30484e548f3bdbd89315c4e10d6aa287bfdffdd3ba04f25ef,02b7446138c3f91a1cdccf3253cc410ca6420bbbb899e9e2bbf519819395b302,7f824505be9af7974f7742d0a0d111591300c2b6459835eaed113fe4be3d9a65,2.2141177654266357,True,MLDG,LINEAR_COMBINATION,LINEAR_COMBINATION,LINEAR_COMBINATION,u006,LINEAR_COMBINATION,LINEAR_COMBINATION,LINEAR_COMBINATION,LINEAR_COMBINATION,True,LINEAR_COMBINATION,LINEAR_COMBINATION,10,1.55594003200531,False
20,-1,2.7655134201049805,7f1183b265173c4994a83a4b856a5cb43ff24eb11587e0ec2b0a0536b44182db,20f39d1fa932c6e993101d9d570027e3c88f73b530a131f319cda8d8f3ab355c,aa6df8ce3e0a8100c446f96af8d833c0eadcd5c122b2298a9fd9577c82f6b33c,7.623244762420654,True,MLDG,LINEAR_COMBINATION,LINEAR_COMBINATION,LINEAR_COMBINATION,u006,LINEAR_COMBINATION,LINEAR_COMBINATION,LINEAR_COMBINATION,LINEAR_COMBINATION,True,LINEAR_COMBINATION,LINEAR_COMBINATION,10,5.543552398681641,False
1,-1,0.9108753800392151,9d76afb67b6e7bf0db4ffd88fda8f805feae1caa8f7769ff67c530d01b74c747,6d3458de5bc803329d82c0b13c581fc04d51922c654531729a96b7551a029615,37228d9782324cd65f173e25442269990f8b2147f7a7a3ec82aeca295fab0a1c,18.680400848388672,True,MLDG,LINEAR_COMBINATION,LINEAR_COMBINATION,LINEAR_COMBINATION,u007,LINEAR_COMBINATION,LINEAR_COMBINATION,LINEAR_COMBINATION,LINEAR_COMBINATION,True,LINEAR_COMBINATION,LINEAR_COMBINATION,10,14.12873363494873,False
5,-1,16.62533187866211,56d76a717090cff30484e548f3bdbd89315c4e10d6aa287bfdffdd3ba04f25ef,02b7446138c3f91a1cdccf3253cc410ca6420bbbb899e9e2bbf519819395b302,7f824505be9af7974f7742d0a0d111591300c2b6459835eaed113fe4be3d9a65,166.46234130859375,True,MLDG,LINEAR_COMBINATION,LINEAR_COMBINATION,LINEAR_COMBINATION,u007,LINEAR_COMBINATION,LINEAR_COMBINATION,LINEAR_COMBINATION,LINEAR_COMBINATION,True,LINEAR_COMBINATION,LINEAR_COMBINATION,10,124.70088195800781,False
20,-1,21.53994369506836,7f1183b265173c4994a83a4b856a5cb43ff24eb11587e0ec2b0a0536b44182db,20f39d1fa932c6e993101d9d570027e3c88f73b530a131f319cda8d8f3ab355c,aa6df8ce3e0a8100c446f96af8d833c0eadcd5c122b2298a9fd9577c82f6b33c,140.22824096679688,True,MLDG,LINEAR_COMBINATION,LINEAR_COMBINATION,LINEAR_COMBINATION,u007,LINEAR_COMBINATION,LINEAR_COMBINATION,LINEAR_COMBINATION,LINEAR_COMBINATION,True,LINEAR_COMBINATION,LINEAR_COMBINATION,10,98.09786987304688,False
1,-1,0.9108753800392151,9d76afb67b6e7bf0db4ffd88fda8f805feae1caa8f7769ff67c530d01b74c747,6d3458de5bc803329d82c0b13c581fc04d51922c654531729a96b7551a029615,37228d9782324cd65f173e25442269990f8b2147f7a7a3ec82aeca295fab0a1c,18.680400848388672,True,MLDG,LINEAR_COMBINATION,LINEAR_COMBINATION,LINEAR_COMBINATION,u008,LINEAR_COMBINATION,LINEAR_COMBINATION,LINEAR_COMBINATION,LINEAR_COMBINATION,True,LINEAR_COMBINATION,LINEAR_COMBINATION,10,14.12873363494873,False
5,-1,16.62533187866211,56d76a717090cff30484e548f3bdbd89315c4e10d6aa287bfdffdd3ba04f25ef,02b7446138c3f91a1cdccf3253cc410ca6420bbbb899e9e2bbf519819395b302,7f824505be9af7974f7742d0a0d111591300c2b6459835eaed113fe4be3d9a65,166.46234130859375,True,MLDG,LINEAR_COMBINATION,LINEAR_COMBINATION,LINEAR_COMBINATION,u008,LINEAR_COMBINATION,LINEAR_COMBINATION,LINEAR_COMBINATION,LINEAR_COMBINATION,True,LINEAR_COMBINATION,LINEAR_COMBINATION,10,124.70088195800781,False
20,-1,21.53994369506836,7f1183b265173c4994a83a4b856a5cb43ff24eb11587e0ec2b0a0536b44182db,20f39d1fa932c6e993101d9d570027e3c88f73b530a131f319cda8d8f3ab355c,aa6df8ce3e0a8100c446f96af8d833c0eadcd5c122b2298a9fd9577c82f6b33c,140.22824096679688,True,MLDG,LINEAR_COMBINATION,LINEAR_COMBINATION,LINEAR_COMBINATION,u008,LINEAR_COMBINATION,LINEAR_COMBINATION,LINEAR_COMBINATION,LINEAR_COMBINATION,True,LINEAR_COMBINATION,LINEAR_COMBINATION,10,98.09786987304688,False
1,-1,1.0625910758972168,9d76afb67b6e7bf0db4ffd88fda8f805feae1caa8f7769ff67c530d01b74c747,6d3458de5bc803329d82c0b13c581fc04d51922c654531729a96b7551a029615,37228d9782324cd65f173e25442269990f8b2147f7a7a3ec82aeca295fab0a1c,3.876939535140991,True,MLDG,LINEAR_COMBINATION,LINEAR_COMBINATION,LINEAR_COMBINATION,u009,LINEAR_COMBINATION,LINEAR_COMBINATION,LINEAR_COMBINATION,LINEAR_COMBINATION,True,LINEAR_COMBINATION,LINEAR_COMBINATION,10,2.2232863903045654,False
5,-1,12.329131126403809,56d76a717090cff30484e548f3bdbd89315c4e10d6aa287bfdffdd3ba04f25ef,02b7446138c3f91a1cdccf3253cc410ca6420bbbb899e9e2bbf519819395b302,7f824505be9af7974f7742d0a0d111591300c2b6459835eaed113fe4be3d9a65,33.517127990722656,True,MLDG,LINEAR_COMBINATION,LINEAR_COMBINATION,LINEAR_COMBINATION,u009,LINEAR_COMBINATION,LINEAR_COMBINATION,LINEAR_COMBINATION,LINEAR_COMBINATION,True,LINEAR_COMBINATION,LINEAR_COMBINATION,10,15.23363971710205,False
20,-1,61.65460205078125,7f1183b265173c4994a83a4b856a5cb43ff24eb11587e0ec2b0a0536b44182db,20f39d1fa932c6e993101d9d570027e3c88f73b530a131f319cda8d8f3ab355c,aa6df8ce3e0a8100c446f96af8d833c0eadcd5c122b2298a9fd9577c82f6b33c,89.01959228515625,True,MLDG,LINEAR_COMBINATION,LINEAR_COMBINATION,LINEAR_COMBINATION,u009,LINEAR_COMBINATION,LINEAR_COMBINATION,LINEAR_COMBINATION,LINEAR_COMBINATION,True,LINEAR_COMBINATION,LINEAR_COMBINATION,10,58.61069869995117,False
1,-1,1.0625910758972168,9d76afb67b6e7bf0db4ffd88fda8f805feae1caa8f7769ff67c530d01b74c747,6d3458de5bc803329d82c0b13c581fc04d51922c654531729a96b7551a029615,37228d9782324cd65f173e25442269990f8b2147f7a7a3ec82aeca295fab0a1c,3.876939535140991,True,MLDG,LINEAR_COMBINATION,LINEAR_COMBINATION,LINEAR_COMBINATION,u010,LINEAR_COMBINATION,LINEAR_COMBINATION,LINEAR_COMBINATION,LINEAR_COMBINATION,True,LINEAR_COMBINATION,LINEAR_COMBINATION,10,2.2232863903045654,False
5,-1,12.329131126403809,56d76a717090cff30484e548f3bdbd89315c4e10d6aa287bfdffdd3ba04f25ef,02b7446138c3f91a1cdccf3253cc410ca6420bbbb899e9e2bbf519819395b302,7f824505be9af7974f7742d0a0d111591300c2b6459835eaed113fe4be3d9a65,33.517127990722656,True,MLDG,LINEAR_COMBINATION,LINEAR_COMBINATION,LINEAR_COMBINATION,u010,LINEAR_COMBINATION,LINEAR_COMBINATION,LINEAR_COMBINATION,LINEAR_COMBINATION,True,LINEAR_COMBINATION,LINEAR_COMBINATION,10,15.23363971710205,False
20,-1,61.65460205078125,7f1183b265173c4994a83a4b856a5cb43ff24eb11587e0ec2b0a0536b44182db,20f39d1fa932c6e993101d9d570027e3c88f73b530a131f319cda8d8f3ab355c,aa6df8ce3e0a8100c446f96af8d833c0eadcd5c122b2298a9fd9577c82f6b33c,89.01959228515625,True,MLDG,LINEAR_COMBINATION,LINEAR_COMBINATION,LINEAR_COMBINATION,u010,LINEAR_COMBINATION,LINEAR_COMBINATION,LINEAR_COMBINATION,LINEAR_COMBINATION,True,LINEAR_COMBINATION,LINEAR_COMBINATION,10,58.61069869995117,False
1,0,1.487426996231079,9ff5b00fd5a56ed62f75cb73c23ba167efa9642995abc5431b1d3e8f3cdd9c4b,11e516419117e632fc6bd4e993f274381ce438b19920326e32f92d12448b2533,881ff82f9ca929d1afc7303dd5af7c101c6be9552489be86f52e43151e3ce58c,17.35565757751465,True,WEIGHT_NUCLEAR,9ff5b00fd5a56ed62f75cb73c23ba167efa9642995abc5431b1d3e8f3cdd9c4b,99f33ead26a57b0fcbe2dd61be2883fbbee4fb86bb9a1e715e513871525ed61f,3b9454a3b55a696a643cf186a729ee2ed55ddf302d0df8958d0e0acfe16bd566,u000,9ff5b00fd5a56ed62f75cb73c23ba167efa9642995abc5431b1d3e8f3cdd9c4b,d6bb81419139023ed892b3a8b45317f800386018fc4f44e44b52c24e329819c5,518e9e95b99ed0076efa4563f4854950c1286fdc4e1ebb6dba72dda7f42df571,9ff5b00fd5a56ed62f75cb73c23ba167efa9642995abc5431b1d3e8f3cdd9c4b,True,d6bb81419139023ed892b3a8b45317f800386018fc4f44e44b52c24e329819c5,518e9e95b99ed0076efa4563f4854950c1286fdc4e1ebb6dba72dda7f42df571,10,11.95717716217041,False
5,0,23.839717864990234,9ff5b00fd5a56ed62f75cb73c23ba167efa9642995abc5431b1d3e8f3cdd9c4b,cde2d50f2dd8661c696743e691382eb72f3776edace9655c46407512c74cabc1,233ad7848a231ab4bd68c0316b736e204c1e011022a754cae531da310557cda9,159.58912658691406,True,WEIGHT_NUCLEAR,9ff5b00fd5a56ed62f75cb73c23ba167efa9642995abc5431b1d3e8f3cdd9c4b,67227c0ada70068fccebb0c26479d0e207c6fd5161cd47143d23b199ee3e655b,84112943f8ee421c0ea24013272a03ec3ace532c2b742b17ef1ddcd98f46db2d,u000,9ff5b00fd5a56ed62f75cb73c23ba167efa9642995abc5431b1d3e8f3cdd9c4b,3583b456c4e9420d5ea13cbe9280daa1b1322d511f6ab1e3442d7a69fbc61b36,24fd5ece2a8267f551c027275547b780962201b6d5974f00a5df80eb2314eaeb,9ff5b00fd5a56ed62f75cb73c23ba167efa9642995abc5431b1d3e8f3cdd9c4b,True,3583b456c4e9420d5ea13cbe9280daa1b1322d511f6ab1e3442d7a69fbc61b36,24fd5ece2a8267f551c027275547b780962201b6d5974f00a5df80eb2314eaeb,10,109.03670501708984,False
20,0,26.75010108947754,9ff5b00fd5a56ed62f75cb73c23ba167efa9642995abc5431b1d3e8f3cdd9c4b,75c51f0aa7b2443454c99e2668776be819fe938c6bdd4378cd37613ec2faccca,88f8a0f45d689b150d9a6ced4417b17feb035156aad2155b6cebcbe4355ba83f,154.56483459472656,True,WEIGHT_NUCLEAR,9ff5b00fd5a56ed62f75cb73c23ba167efa9642995abc5431b1d3e8f3cdd9c4b,df09f9dcb36dfafd4198119ab037d3bf48cb8164c796bfaf541da326ac791d5a,da7ee8e35af11d688c3838790b9d2363e038e788b754718267e28cb70705431c,u000,9ff5b00fd5a56ed62f75cb73c23ba167efa9642995abc5431b1d3e8f3cdd9c4b,891961bcda818746505fc38d204bd908db6e30557438ca1394230fa1513a79b1,ed8799d8368fb36367c6620c2640edc787698504ad397d6c735ca50c5dea4b0a,9ff5b00fd5a56ed62f75cb73c23ba167efa9642995abc5431b1d3e8f3cdd9c4b,True,891961bcda818746505fc38d204bd908db6e30557438ca1394230fa1513a79b1,ed8799d8368fb36367c6620c2640edc787698504ad397d6c735ca50c5dea4b0a,10,105.62764739990234,False
1,1,2.090529203414917,9ff5b00fd5a56ed62f75cb73c23ba167efa9642995abc5431b1d3e8f3cdd9c4b,11e516419117e632fc6bd4e993f274381ce438b19920326e32f92d12448b2533,881ff82f9ca929d1afc7303dd5af7c101c6be9552489be86f52e43151e3ce58c,17.361862182617188,True,WEIGHT_NUCLEAR,9ff5b00fd5a56ed62f75cb73c23ba167efa9642995abc5431b1d3e8f3cdd9c4b,d45afc194938eac93f6a9ce972e1e72d543b4e1a27d4812423f487918e819fba,6c6e35fa2f12fdf2587fb7c01a0b0a7155ebc41335a69fc6985f5cc0c56b2ef1,u001,9ff5b00fd5a56ed62f75cb73c23ba167efa9642995abc5431b1d3e8f3cdd9c4b,5fe9a7b556bab2e27069edf7ed1e251b57ebbc8693624705df45c23aeb7c1df7,0bf4ec1be3121a46800fe5d129060b0f32ff03026ffb3156b8719d3db82886a3,9ff5b00fd5a56ed62f75cb73c23ba167efa9642995abc5431b1d3e8f3cdd9c4b,True,5fe9a7b556bab2e27069edf7ed1e251b57ebbc8693624705df45c23aeb7c1df7,0bf4ec1be3121a46800fe5d129060b0f32ff03026ffb3156b8719d3db82886a3,10,11.876655578613281,False
5,1,22.222652435302734,9ff5b00fd5a56ed62f75cb73c23ba167efa9642995abc5431b1d3e8f3cdd9c4b,cde2d50f2dd8661c696743e691382eb72f3776edace9655c46407512c74cabc1,233ad7848a231ab4bd68c0316b736e204c1e011022a754cae531da310557cda9,158.54244995117188,True,WEIGHT_NUCLEAR,9ff5b00fd5a56ed62f75cb73c23ba167efa9642995abc5431b1d3e8f3cdd9c4b,586d7dc0f0b663a9e56e747a148364acab6daa1f1086a5d2aa31e849c89ad00e,0343db9c5b7535aed8e40872111840e6cf81dd4d57e5b4d21b76b17d07022a9f,u001,9ff5b00fd5a56ed62f75cb73c23ba167efa9642995abc5431b1d3e8f3cdd9c4b,29fe076863cac0a34db754918dadaf0dc04f55f2d697c7cb6ea3d41e751e47b9,e2b0ca0b03ccc0c5ef64dc757454a7d7c62079c651257cecc11a57dad56d0dc1,9ff5b00fd5a56ed62f75cb73c23ba167efa9642995abc5431b1d3e8f3cdd9c4b,True,29fe076863cac0a34db754918dadaf0dc04f55f2d697c7cb6ea3d41e751e47b9,e2b0ca0b03ccc0c5ef64dc757454a7d7c62079c651257cecc11a57dad56d0dc1,10,108.5041275024414,False
20,1,22.13494873046875,9ff5b00fd5a56ed62f75cb73c23ba167efa9642995abc5431b1d3e8f3cdd9c4b,75c51f0aa7b2443454c99e2668776be819fe938c6bdd4378cd37613ec2faccca,88f8a0f45d689b150d9a6ced4417b17feb035156aad2155b6cebcbe4355ba83f,154.9365997314453,True,WEIGHT_NUCLEAR,9ff5b00fd5a56ed62f75cb73c23ba167efa9642995abc5431b1d3e8f3cdd9c4b,6ed0d6410f88d60b6de82d8f49e0515f84cd089c8fd406b91d579811aa00005c,7aae7123de7419e70d1e8a764503879a8e4b5a1d4f9ada4992d4e46d1511a5a0,u001,9ff5b00fd5a56ed62f75cb73c23ba167efa9642995abc5431b1d3e8f3cdd9c4b,3159a54667f60359fcf484c8abde6807c6b725338e1caff6b10d0925291527dc,eb1eb1919d56d51a20f55d462aa39d1909a4dffee6548289e486a9c2ad195ab5,9ff5b00fd5a56ed62f75cb73c23ba167efa9642995abc5431b1d3e8f3cdd9c4b,True,3159a54667f60359fcf484c8abde6807c6b725338e1caff6b10d0925291527dc,eb1eb1919d56d51a20f55d462aa39d1909a4dffee6548289e486a9c2ad195ab5,10,105.7756118774414,False
1,2,0.0,9ff5b00fd5a56ed62f75cb73c23ba167efa9642995abc5431b1d3e8f3cdd9c4b,11e516419117e632fc6bd4e993f274381ce438b19920326e32f92d12448b2533,881ff82f9ca929d1afc7303dd5af7c101c6be9552489be86f52e43151e3ce58c,0.0,True,WEIGHT_NUCLEAR,LINEAR_COMBINATION,LINEAR_COMBINATION,LINEAR_COMBINATION,u002,LINEAR_COMBINATION,LINEAR_COMBINATION,LINEAR_COMBINATION,LINEAR_COMBINATION,True,LINEAR_COMBINATION,LINEAR_COMBINATION,10,0.0,False
5,2,0.0,9ff5b00fd5a56ed62f75cb73c23ba167efa9642995abc5431b1d3e8f3cdd9c4b,cde2d50f2dd8661c696743e691382eb72f3776edace9655c46407512c74cabc1,233ad7848a231ab4bd68c0316b736e204c1e011022a754cae531da310557cda9,0.0,True,WEIGHT_NUCLEAR,LINEAR_COMBINATION,LINEAR_COMBINATION,LINEAR_COMBINATION,u002,LINEAR_COMBINATION,LINEAR_COMBINATION,LINEAR_COMBINATION,LINEAR_COMBINATION,True,LINEAR_COMBINATION,LINEAR_COMBINATION,10,0.0,False
20,2,0.0,9ff5b00fd5a56ed62f75cb73c23ba167efa9642995abc5431b1d3e8f3cdd9c4b,75c51f0aa7b2443454c99e2668776be819fe938c6bdd4378cd37613ec2faccca,88f8a0f45d689b150d9a6ced4417b17feb035156aad2155b6cebcbe4355ba83f,0.0,True,WEIGHT_NUCLEAR,LINEAR_COMBINATION,LINEAR_COMBINATION,LINEAR_COMBINATION,u002,LINEAR_COMBINATION,LINEAR_COMBINATION,LINEAR_COMBINATION,LINEAR_COMBINATION,True,LINEAR_COMBINATION,LINEAR_COMBINATION,10,0.0,False
1,3,1.1322879791259766,9ff5b00fd5a56ed62f75cb73c23ba167efa9642995abc5431b1d3e8f3cdd9c4b,11e516419117e632fc6bd4e993f274381ce438b19920326e32f92d12448b2533,881ff82f9ca929d1afc7303dd5af7c101c6be9552489be86f52e43151e3ce58c,5.507492542266846,True,WEIGHT_NUCLEAR,9ff5b00fd5a56ed62f75cb73c23ba167efa9642995abc5431b1d3e8f3cdd9c4b,22b7576e12a595f1bf5803ff72ab71988f4d543df36473575eb6a20598bd206c,57611166ffe4f4199ea72586d690a90f201fdf96062da99419cb59bddc723269,u003,9ff5b00fd5a56ed62f75cb73c23ba167efa9642995abc5431b1d3e8f3cdd9c4b,4d3f19d42927738fd896e3c8d6b3de05bd1f8f7dc7ec6318f8952c8c6fd99151,2a39bf01e6258bc0485efaefe9f0487490ae5021c8964682d3780fed4cd66376,9ff5b00fd5a56ed62f75cb73c23ba167efa9642995abc5431b1d3e8f3cdd9c4b,True,4d3f19d42927738fd896e3c8d6b3de05bd1f8f7dc7ec6318f8952c8c6fd99151,2a39bf01e6258bc0485efaefe9f0487490ae5021c8964682d3780fed4cd66376,10,2.8420674800872803,False
5,3,16.025455474853516,9ff5b00fd5a56ed62f75cb73c23ba167efa9642995abc5431b1d3e8f3cdd9c4b,cde2d50f2dd8661c696743e691382eb72f3776edace9655c46407512c74cabc1,233ad7848a231ab4bd68c0316b736e204c1e011022a754cae531da310557cda9,53.61700439453125,True,WEIGHT_NUCLEAR,9ff5b00fd5a56ed62f75cb73c23ba167efa9642995abc5431b1d3e8f3cdd9c4b,7dfd07dd88fffb9eb6f61fd1dc3b7293a03e478b4b0346913148a73789331fd1,901eefc4e60d326b2a98b133903cfc516b4cedebb8621d7f47fde78fcc83e9df,u003,9ff5b00fd5a56ed62f75cb73c23ba167efa9642995abc5431b1d3e8f3cdd9c4b,ee48c03c4bc1ca9ee14d1ce3141cd8d9de6e0d27f1f20242a883298ef9a80432,c14cb789a0dd13d1ef2d9a922b2db81b8456f27fd3a142f49ae2de2c8e3bd006,9ff5b00fd5a56ed62f75cb73c23ba167efa9642995abc5431b1d3e8f3cdd9c4b,True,ee48c03c4bc1ca9ee14d1ce3141cd8d9de6e0d27f1f20242a883298ef9a80432,c14cb789a0dd13d1ef2d9a922b2db81b8456f27fd3a142f49ae2de2c8e3bd006,10,23.729042053222656,False
20,3,73.08955383300781,9ff5b00fd5a56ed62f75cb73c23ba167efa9642995abc5431b1d3e8f3cdd9c4b,75c51f0aa7b2443454c99e2668776be819fe938c6bdd4378cd37613ec2faccca,88f8a0f45d689b150d9a6ced4417b17feb035156aad2155b6cebcbe4355ba83f,122.31202697753906,True,WEIGHT_NUCLEAR,9ff5b00fd5a56ed62f75cb73c23ba167efa9642995abc5431b1d3e8f3cdd9c4b,a21f420a3c6a2597435d9e6d8b0be425ed279f1bb3d5ea758b103cd6f22c79b8,e7c21897c347041c89f16a2728b312f8be414f3667e8f3c4bc832c847235a255,u003,9ff5b00fd5a56ed62f75cb73c23ba167efa9642995abc5431b1d3e8f3cdd9c4b,47530e43562d55a24bd66930463f38dd36e7bd07f9564879b6c74146e709cc5f,e9b748bd5b3bc87de51c6567bb6a9f610a15e3d3195dec400881275d2bb1c97c,9ff5b00fd5a56ed62f75cb73c23ba167efa9642995abc5431b1d3e8f3cdd9c4b,True,47530e43562d55a24bd66930463f38dd36e7bd07f9564879b6c74146e709cc5f,e9b748bd5b3bc87de51c6567bb6a9f610a15e3d3195dec400881275d2bb1c97c,10,72.80762481689453,False
1,4,0.0,9ff5b00fd5a56ed62f75cb73c23ba167efa9642995abc5431b1d3e8f3cdd9c4b,11e516419117e632fc6bd4e993f274381ce438b19920326e32f92d12448b2533,881ff82f9ca929d1afc7303dd5af7c101c6be9552489be86f52e43151e3ce58c,0.0,True,WEIGHT_NUCLEAR,LINEAR_COMBINATION,LINEAR_COMBINATION,LINEAR_COMBINATION,u004,LINEAR_COMBINATION,LINEAR_COMBINATION,LINEAR_COMBINATION,LINEAR_COMBINATION,True,LINEAR_COMBINATION,LINEAR_COMBINATION,10,0.0,False
5,4,0.0,9ff5b00fd5a56ed62f75cb73c23ba167efa9642995abc5431b1d3e8f3cdd9c4b,cde2d50f2dd8661c696743e691382eb72f3776edace9655c46407512c74cabc1,233ad7848a231ab4bd68c0316b736e204c1e011022a754cae531da310557cda9,0.0,True,WEIGHT_NUCLEAR,LINEAR_COMBINATION,LINEAR_COMBINATION,LINEAR_COMBINATION,u004,LINEAR_COMBINATION,LINEAR_COMBINATION,LINEAR_COMBINATION,LINEAR_COMBINATION,True,LINEAR_COMBINATION,LINEAR_COMBINATION,10,0.0,False
20,4,0.0,9ff5b00fd5a56ed62f75cb73c23ba167efa9642995abc5431b1d3e8f3cdd9c4b,75c51f0aa7b2443454c99e2668776be819fe938c6bdd4378cd37613ec2faccca,88f8a0f45d689b150d9a6ced4417b17feb035156aad2155b6cebcbe4355ba83f,0.0,True,WEIGHT_NUCLEAR,LINEAR_COMBINATION,LINEAR_COMBINATION,LINEAR_COMBINATION,u004,LINEAR_COMBINATION,LINEAR_COMBINATION,LINEAR_COMBINATION,LINEAR_COMBINATION,True,LINEAR_COMBINATION,LINEAR_COMBINATION,10,0.0,False
1,-1,2.507427930831909,9ff5b00fd5a56ed62f75cb73c23ba167efa9642995abc5431b1d3e8f3cdd9c4b,11e516419117e632fc6bd4e993f274381ce438b19920326e32f92d12448b2533,881ff82f9ca929d1afc7303dd5af7c101c6be9552489be86f52e43151e3ce58c,24.537574768066406,True,WEIGHT_NUCLEAR,LINEAR_COMBINATION,LINEAR_COMBINATION,LINEAR_COMBINATION,u005,LINEAR_COMBINATION,LINEAR_COMBINATION,LINEAR_COMBINATION,LINEAR_COMBINATION,True,LINEAR_COMBINATION,LINEAR_COMBINATION,10,16.846397399902344,False
5,-1,32.560546875,9ff5b00fd5a56ed62f75cb73c23ba167efa9642995abc5431b1d3e8f3cdd9c4b,cde2d50f2dd8661c696743e691382eb72f3776edace9655c46407512c74cabc1,233ad7848a231ab4bd68c0316b736e204c1e011022a754cae531da310557cda9,224.9429931640625,True,WEIGHT_NUCLEAR,LINEAR_COMBINATION,LINEAR_COMBINATION,LINEAR_COMBINATION,u005,LINEAR_COMBINATION,LINEAR_COMBINATION,LINEAR_COMBINATION,LINEAR_COMBINATION,True,LINEAR_COMBINATION,LINEAR_COMBINATION,10,153.8206329345703,False
20,-1,34.46162414550781,9ff5b00fd5a56ed62f75cb73c23ba167efa9642995abc5431b1d3e8f3cdd9c4b,75c51f0aa7b2443454c99e2668776be819fe938c6bdd4378cd37613ec2faccca,88f8a0f45d689b150d9a6ced4417b17feb035156aad2155b6cebcbe4355ba83f,218.76158142089844,True,WEIGHT_NUCLEAR,LINEAR_COMBINATION,LINEAR_COMBINATION,LINEAR_COMBINATION,u005,LINEAR_COMBINATION,LINEAR_COMBINATION,LINEAR_COMBINATION,LINEAR_COMBINATION,True,LINEAR_COMBINATION,LINEAR_COMBINATION,10,149.433349609375,False
1,-1,0.5436526536941528,9ff5b00fd5a56ed62f75cb73c23ba167efa9642995abc5431b1d3e8f3cdd9c4b,11e516419117e632fc6bd4e993f274381ce438b19920326e32f92d12448b2533,881ff82f9ca929d1afc7303dd5af7c101c6be9552489be86f52e43151e3ce58c,0.7486951947212219,True,WEIGHT_NUCLEAR,LINEAR_COMBINATION,LINEAR_COMBINATION,LINEAR_COMBINATION,u006,LINEAR_COMBINATION,LINEAR_COMBINATION,LINEAR_COMBINATION,LINEAR_COMBINATION,True,LINEAR_COMBINATION,LINEAR_COMBINATION,10,0.4773884117603302,False
5,-1,1.410406231880188,9ff5b00fd5a56ed62f75cb73c23ba167efa9642995abc5431b1d3e8f3cdd9c4b,cde2d50f2dd8661c696743e691382eb72f3776edace9655c46407512c74cabc1,233ad7848a231ab4bd68c0316b736e204c1e011022a754cae531da310557cda9,2.2460408210754395,True,WEIGHT_NUCLEAR,LINEAR_COMBINATION,LINEAR_COMBINATION,LINEAR_COMBINATION,u006,LINEAR_COMBINATION,LINEAR_COMBINATION,LINEAR_COMBINATION,LINEAR_COMBINATION,True,LINEAR_COMBINATION,LINEAR_COMBINATION,10,1.1645101308822632,False
20,-1,4.23320198059082,9ff5b00fd5a56ed62f75cb73c23ba167efa9642995abc5431b1d3e8f3cdd9c4b,75c51f0aa7b2443454c99e2668776be819fe938c6bdd4378cd37613ec2faccca,88f8a0f45d689b150d9a6ced4417b17feb035156aad2155b6cebcbe4355ba83f,6.245526313781738,True,WEIGHT_NUCLEAR,LINEAR_COMBINATION,LINEAR_COMBINATION,LINEAR_COMBINATION,u006,LINEAR_COMBINATION,LINEAR_COMBINATION,LINEAR_COMBINATION,LINEAR_COMBINATION,True,LINEAR_COMBINATION,LINEAR_COMBINATION,10,3.9185445308685303,False
1,-1,1.7730191946029663,9ff5b00fd5a56ed62f75cb73c23ba167efa9642995abc5431b1d3e8f3cdd9c4b,11e516419117e632fc6bd4e993f274381ce438b19920326e32f92d12448b2533,881ff82f9ca929d1afc7303dd5af7c101c6be9552489be86f52e43151e3ce58c,17.350685119628906,True,WEIGHT_NUCLEAR,LINEAR_COMBINATION,LINEAR_COMBINATION,LINEAR_COMBINATION,u007,LINEAR_COMBINATION,LINEAR_COMBINATION,LINEAR_COMBINATION,LINEAR_COMBINATION,True,LINEAR_COMBINATION,LINEAR_COMBINATION,10,11.912201881408691,False
5,-1,23.02378273010254,9ff5b00fd5a56ed62f75cb73c23ba167efa9642995abc5431b1d3e8f3cdd9c4b,cde2d50f2dd8661c696743e691382eb72f3776edace9655c46407512c74cabc1,233ad7848a231ab4bd68c0316b736e204c1e011022a754cae531da310557cda9,159.0587158203125,True,WEIGHT_NUCLEAR,LINEAR_COMBINATION,LINEAR_COMBINATION,LINEAR_COMBINATION,u007,LINEAR_COMBINATION,LINEAR_COMBINATION,LINEAR_COMBINATION,LINEAR_COMBINATION,True,LINEAR_COMBINATION,LINEAR_COMBINATION,10,108.76761627197266,False
20,-1,24.36804962158203,9ff5b00fd5a56ed62f75cb73c23ba167efa9642995abc5431b1d3e8f3cdd9c4b,75c51f0aa7b2443454c99e2668776be819fe938c6bdd4378cd37613ec2faccca,88f8a0f45d689b150d9a6ced4417b17feb035156aad2155b6cebcbe4355ba83f,154.68780517578125,True,WEIGHT_NUCLEAR,LINEAR_COMBINATION,LINEAR_COMBINATION,LINEAR_COMBINATION,u007,LINEAR_COMBINATION,LINEAR_COMBINATION,LINEAR_COMBINATION,LINEAR_COMBINATION,True,LINEAR_COMBINATION,LINEAR_COMBINATION,10,105.66532897949219,False
1,-1,1.7730191946029663,9ff5b00fd5a56ed62f75cb73c23ba167efa9642995abc5431b1d3e8f3cdd9c4b,11e516419117e632fc6bd4e993f274381ce438b19920326e32f92d12448b2533,881ff82f9ca929d1afc7303dd5af7c101c6be9552489be86f52e43151e3ce58c,17.350685119628906,True,WEIGHT_NUCLEAR,LINEAR_COMBINATION,LINEAR_COMBINATION,LINEAR_COMBINATION,u008,LINEAR_COMBINATION,LINEAR_COMBINATION,LINEAR_COMBINATION,LINEAR_COMBINATION,True,LINEAR_COMBINATION,LINEAR_COMBINATION,10,11.912201881408691,False
5,-1,23.02378273010254,9ff5b00fd5a56ed62f75cb73c23ba167efa9642995abc5431b1d3e8f3cdd9c4b,cde2d50f2dd8661c696743e691382eb72f3776edace9655c46407512c74cabc1,233ad7848a231ab4bd68c0316b736e204c1e011022a754cae531da310557cda9,159.0587158203125,True,WEIGHT_NUCLEAR,LINEAR_COMBINATION,LINEAR_COMBINATION,LINEAR_COMBINATION,u008,LINEAR_COMBINATION,LINEAR_COMBINATION,LINEAR_COMBINATION,LINEAR_COMBINATION,True,LINEAR_COMBINATION,LINEAR_COMBINATION,10,108.76761627197266,False
20,-1,24.36804962158203,9ff5b00fd5a56ed62f75cb73c23ba167efa9642995abc5431b1d3e8f3cdd9c4b,75c51f0aa7b2443454c99e2668776be819fe938c6bdd4378cd37613ec2faccca,88f8a0f45d689b150d9a6ced4417b17feb035156aad2155b6cebcbe4355ba83f,154.68780517578125,True,WEIGHT_NUCLEAR,LINEAR_COMBINATION,LINEAR_COMBINATION,LINEAR_COMBINATION,u008,LINEAR_COMBINATION,LINEAR_COMBINATION,LINEAR_COMBINATION,LINEAR_COMBINATION,True,LINEAR_COMBINATION,LINEAR_COMBINATION,10,105.66532897949219,False
1,-1,0.8006485104560852,9ff5b00fd5a56ed62f75cb73c23ba167efa9642995abc5431b1d3e8f3cdd9c4b,11e516419117e632fc6bd4e993f274381ce438b19920326e32f92d12448b2533,881ff82f9ca929d1afc7303dd5af7c101c6be9552489be86f52e43151e3ce58c,3.8943850994110107,True,WEIGHT_NUCLEAR,LINEAR_COMBINATION,LINEAR_COMBINATION,LINEAR_COMBINATION,u009,LINEAR_COMBINATION,LINEAR_COMBINATION,LINEAR_COMBINATION,LINEAR_COMBINATION,True,LINEAR_COMBINATION,LINEAR_COMBINATION,10,2.0096452236175537,False
5,-1,11.331708908081055,9ff5b00fd5a56ed62f75cb73c23ba167efa9642995abc5431b1d3e8f3cdd9c4b,cde2d50f2dd8661c696743e691382eb72f3776edace9655c46407512c74cabc1,233ad7848a231ab4bd68c0316b736e204c1e011022a754cae531da310557cda9,37.91294860839844,True,WEIGHT_NUCLEAR,LINEAR_COMBINATION,LINEAR_COMBINATION,LINEAR_COMBINATION,u009,LINEAR_COMBINATION,LINEAR_COMBINATION,LINEAR_COMBINATION,LINEAR_COMBINATION,True,LINEAR_COMBINATION,LINEAR_COMBINATION,10,16.778966903686523,False
20,-1,51.68212127685547,9ff5b00fd5a56ed62f75cb73c23ba167efa9642995abc5431b1d3e8f3cdd9c4b,75c51f0aa7b2443454c99e2668776be819fe938c6bdd4378cd37613ec2faccca,88f8a0f45d689b150d9a6ced4417b17feb035156aad2155b6cebcbe4355ba83f,86.48766326904297,True,WEIGHT_NUCLEAR,LINEAR_COMBINATION,LINEAR_COMBINATION,LINEAR_COMBINATION,u009,LINEAR_COMBINATION,LINEAR_COMBINATION,LINEAR_COMBINATION,LINEAR_COMBINATION,True,LINEAR_COMBINATION,LINEAR_COMBINATION,10,51.482765197753906,False
1,-1,0.8006485104560852,9ff5b00fd5a56ed62f75cb73c23ba167efa9642995abc5431b1d3e8f3cdd9c4b,11e516419117e632fc6bd4e993f274381ce438b19920326e32f92d12448b2533,881ff82f9ca929d1afc7303dd5af7c101c6be9552489be86f52e43151e3ce58c,3.8943850994110107,True,WEIGHT_NUCLEAR,LINEAR_COMBINATION,LINEAR_COMBINATION,LINEAR_COMBINATION,u010,LINEAR_COMBINATION,LINEAR_COMBINATION,LINEAR_COMBINATION,LINEAR_COMBINATION,True,LINEAR_COMBINATION,LINEAR_COMBINATION,10,2.0096452236175537,False
5,-1,11.331708908081055,9ff5b00fd5a56ed62f75cb73c23ba167efa9642995abc5431b1d3e8f3cdd9c4b,cde2d50f2dd8661c696743e691382eb72f3776edace9655c46407512c74cabc1,233ad7848a231ab4bd68c0316b736e204c1e011022a754cae531da310557cda9,37.91294860839844,True,WEIGHT_NUCLEAR,LINEAR_COMBINATION,LINEAR_COMBINATION,LINEAR_COMBINATION,u010,LINEAR_COMBINATION,LINEAR_COMBINATION,LINEAR_COMBINATION,LINEAR_COMBINATION,True,LINEAR_COMBINATION,LINEAR_COMBINATION,10,16.778966903686523,False
20,-1,51.68212127685547,9ff5b00fd5a56ed62f75cb73c23ba167efa9642995abc5431b1d3e8f3cdd9c4b,75c51f0aa7b2443454c99e2668776be819fe938c6bdd4378cd37613ec2faccca,88f8a0f45d689b150d9a6ced4417b17feb035156aad2155b6cebcbe4355ba83f,86.48766326904297,True,WEIGHT_NUCLEAR,LINEAR_COMBINATION,LINEAR_COMBINATION,LINEAR_COMBINATION,u010,LINEAR_COMBINATION,LINEAR_COMBINATION,LINEAR_COMBINATION,LINEAR_COMBINATION,True,LINEAR_COMBINATION,LINEAR_COMBINATION,10,51.482765197753906,False
1,0,1.444867730140686,48d92f06bae72448bfb7413f0aa7adb13ad392d12f04593d15fa4633147eacc8,3b491fbc504e17adc831d0dbf56de38a13a4969f9bb5bbe907818907ab1ce672,a16f254b16275dd5b692c762a477bcb817ce0d72d91cfd14a68b46017505f45d,16.420564651489258,True,FEATURE_NUCLEAR,48d92f06bae72448bfb7413f0aa7adb13ad392d12f04593d15fa4633147eacc8,90eaf106fb15931804a92bf18ce1c3a41c656a68d25255a33a876cbb11059c9e,59582eaa24220bd2d0385cd7fdae70d038656d05d8bebc3b98c9a1dc3f301fd4,u000,48d92f06bae72448bfb7413f0aa7adb13ad392d12f04593d15fa4633147eacc8,063c97426af929ee061ddcca8f08e4c0106f6a9651b6d966f448d0944f437a8b,dc4ff4e1d8adb12e53bb48043eafb2fe06e22a21be8795356996474c2d04cb7d,48d92f06bae72448bfb7413f0aa7adb13ad392d12f04593d15fa4633147eacc8,True,063c97426af929ee061ddcca8f08e4c0106f6a9651b6d966f448d0944f437a8b,dc4ff4e1d8adb12e53bb48043eafb2fe06e22a21be8795356996474c2d04cb7d,10,11.183930397033691,False
5,0,17.009431838989258,48d92f06bae72448bfb7413f0aa7adb13ad392d12f04593d15fa4633147eacc8,1b3c63c0d92639e05aa8f5aea9f1e33529d17eb58da6763554abc94c068fe1ce,0f03ea99a83358be3592b9336a24465c15a6c1176d794d759479473db592376b,154.36962890625,True,FEATURE_NUCLEAR,48d92f06bae72448bfb7413f0aa7adb13ad392d12f04593d15fa4633147eacc8,5bb7b0bd650cb7b6952086658721b3703fbca996c677bf367c6ad890319a18e5,06280cb8ebb7519101263a7d02e737333f19c1a3a7ab2d21e4384b7b2e2cf190,u000,48d92f06bae72448bfb7413f0aa7adb13ad392d12f04593d15fa4633147eacc8,59355c9286093abcf20abbaa72b80fd35c8b7105160f9fb0ac265be91b4932d2,fd5416e82d90c78b8f2c7b08b80ddf30134493edc9e86e966f266cd30061696f,48d92f06bae72448bfb7413f0aa7adb13ad392d12f04593d15fa4633147eacc8,True,59355c9286093abcf20abbaa72b80fd35c8b7105160f9fb0ac265be91b4932d2,fd5416e82d90c78b8f2c7b08b80ddf30134493edc9e86e966f266cd30061696f,10,103.00440216064453,False
20,0,21.96729278564453,48d92f06bae72448bfb7413f0aa7adb13ad392d12f04593d15fa4633147eacc8,30aff3d1b2894c8fe9a7c2c06deb48c1a1fdc0b9132985ab76e21da0ee8db765,3528757abccb834ecbf52ad4d657feac3922fa14073de244db2a356f5be1870e,138.91319274902344,True,FEATURE_NUCLEAR,48d92f06bae72448bfb7413f0aa7adb13ad392d12f04593d15fa4633147eacc8,a17a6f3a3bb93d9b12916d424bb7581299b24e1697d07a57a654624ec3831e11,2cf915685cbac5469d71b820f9b4ae8faabdd5bf13d2380000f74d5b00756a4c,u000,48d92f06bae72448bfb7413f0aa7adb13ad392d12f04593d15fa4633147eacc8,a5caf478089a471d53464bcef9238f88ecaae574d9bb91bfb0c8c4687e0d2863,2f93184a29e7655b8ab984d4c0f72dd3c8c2c03bdbf6c271c329b19f37e52162,48d92f06bae72448bfb7413f0aa7adb13ad392d12f04593d15fa4633147eacc8,True,a5caf478089a471d53464bcef9238f88ecaae574d9bb91bfb0c8c4687e0d2863,2f93184a29e7655b8ab984d4c0f72dd3c8c2c03bdbf6c271c329b19f37e52162,10,90.43122863769531,False
1,1,1.9802929162979126,48d92f06bae72448bfb7413f0aa7adb13ad392d12f04593d15fa4633147eacc8,3b491fbc504e17adc831d0dbf56de38a13a4969f9bb5bbe907818907ab1ce672,a16f254b16275dd5b692c762a477bcb817ce0d72d91cfd14a68b46017505f45d,16.44347381591797,True,FEATURE_NUCLEAR,48d92f06bae72448bfb7413f0aa7adb13ad392d12f04593d15fa4633147eacc8,e627a40c51bc217e9816334a081f7e40cf3904b81555cf035c0176c6ebb4f743,d7af84dad31512907d94991242466e81775221136a7b4e0d20801c54770dd6e1,u001,48d92f06bae72448bfb7413f0aa7adb13ad392d12f04593d15fa4633147eacc8,846b11398de5197be9a177a06cd27dc24f5e79455120b5106014ebe0ee206913,3ebd14cf189f50273df9b1a1f507e37927f535b51d2dcddb3f103bc0fac3c4e1,48d92f06bae72448bfb7413f0aa7adb13ad392d12f04593d15fa4633147eacc8,True,846b11398de5197be9a177a06cd27dc24f5e79455120b5106014ebe0ee206913,3ebd14cf189f50273df9b1a1f507e37927f535b51d2dcddb3f103bc0fac3c4e1,10,11.118480682373047,False
5,1,17.248653411865234,48d92f06bae72448bfb7413f0aa7adb13ad392d12f04593d15fa4633147eacc8,1b3c63c0d92639e05aa8f5aea9f1e33529d17eb58da6763554abc94c068fe1ce,0f03ea99a83358be3592b9336a24465c15a6c1176d794d759479473db592376b,154.6094207763672,True,FEATURE_NUCLEAR,48d92f06bae72448bfb7413f0aa7adb13ad392d12f04593d15fa4633147eacc8,9f2b8cabe6689998c7d3a0e755cbe6b76cf09fca43b21bb3d34658f59069f27f,5bf64b88a02e5a70b2de89f41f4b8d6408ac200d059777aeb5a027605c369cd1,u001,48d92f06bae72448bfb7413f0aa7adb13ad392d12f04593d15fa4633147eacc8,c3eb5420ff63200457f20b76b6cb3dd588db41b13e1365830e367c0fc2e14e17,00896ab8d3807fb33325342fd4106313bf2b238584f6724076dbd23c22b2350d,48d92f06bae72448bfb7413f0aa7adb13ad392d12f04593d15fa4633147eacc8,True,c3eb5420ff63200457f20b76b6cb3dd588db41b13e1365830e367c0fc2e14e17,00896ab8d3807fb33325342fd4106313bf2b238584f6724076dbd23c22b2350d,10,102.95037078857422,False
20,1,20.56694793701172,48d92f06bae72448bfb7413f0aa7adb13ad392d12f04593d15fa4633147eacc8,30aff3d1b2894c8fe9a7c2c06deb48c1a1fdc0b9132985ab76e21da0ee8db765,3528757abccb834ecbf52ad4d657feac3922fa14073de244db2a356f5be1870e,139.6579132080078,True,FEATURE_NUCLEAR,48d92f06bae72448bfb7413f0aa7adb13ad392d12f04593d15fa4633147eacc8,94aa54140b4ea498a11d82eb255c2653ab156c69b653bdf36f498d0eda6462a9,9726e4e452372372e8a472336ced87039570436031dae9eacd0c1372ef7eb479,u001,48d92f06bae72448bfb7413f0aa7adb13ad392d12f04593d15fa4633147eacc8,88330350423a0de1b940f26fa13f4737db4d03666b240cff27930ecc0fba621f,16fabca4acdc6501ccf7bc075a92cee1ccb80c77d9a4e4de49e2b09841f0c5f7,48d92f06bae72448bfb7413f0aa7adb13ad392d12f04593d15fa4633147eacc8,True,88330350423a0de1b940f26fa13f4737db4d03666b240cff27930ecc0fba621f,16fabca4acdc6501ccf7bc075a92cee1ccb80c77d9a4e4de49e2b09841f0c5f7,10,91.51080322265625,False
1,2,0.0,48d92f06bae72448bfb7413f0aa7adb13ad392d12f04593d15fa4633147eacc8,3b491fbc504e17adc831d0dbf56de38a13a4969f9bb5bbe907818907ab1ce672,a16f254b16275dd5b692c762a477bcb817ce0d72d91cfd14a68b46017505f45d,0.0,True,FEATURE_NUCLEAR,LINEAR_COMBINATION,LINEAR_COMBINATION,LINEAR_COMBINATION,u002,LINEAR_COMBINATION,LINEAR_COMBINATION,LINEAR_COMBINATION,LINEAR_COMBINATION,True,LINEAR_COMBINATION,LINEAR_COMBINATION,10,0.0,False
5,2,0.0,48d92f06bae72448bfb7413f0aa7adb13ad392d12f04593d15fa4633147eacc8,1b3c63c0d92639e05aa8f5aea9f1e33529d17eb58da6763554abc94c068fe1ce,0f03ea99a83358be3592b9336a24465c15a6c1176d794d759479473db592376b,0.0,True,FEATURE_NUCLEAR,LINEAR_COMBINATION,LINEAR_COMBINATION,LINEAR_COMBINATION,u002,LINEAR_COMBINATION,LINEAR_COMBINATION,LINEAR_COMBINATION,LINEAR_COMBINATION,True,LINEAR_COMBINATION,LINEAR_COMBINATION,10,0.0,False
20,2,0.0,48d92f06bae72448bfb7413f0aa7adb13ad392d12f04593d15fa4633147eacc8,30aff3d1b2894c8fe9a7c2c06deb48c1a1fdc0b9132985ab76e21da0ee8db765,3528757abccb834ecbf52ad4d657feac3922fa14073de244db2a356f5be1870e,0.0,True,FEATURE_NUCLEAR,LINEAR_COMBINATION,LINEAR_COMBINATION,LINEAR_COMBINATION,u002,LINEAR_COMBINATION,LINEAR_COMBINATION,LINEAR_COMBINATION,LINEAR_COMBINATION,True,LINEAR_COMBINATION,LINEAR_COMBINATION,10,0.0,False
1,3,1.1475766897201538,48d92f06bae72448bfb7413f0aa7adb13ad392d12f04593d15fa4633147eacc8,3b491fbc504e17adc831d0dbf56de38a13a4969f9bb5bbe907818907ab1ce672,a16f254b16275dd5b692c762a477bcb817ce0d72d91cfd14a68b46017505f45d,5.667966842651367,True,FEATURE_NUCLEAR,48d92f06bae72448bfb7413f0aa7adb13ad392d12f04593d15fa4633147eacc8,5eee8f47e881426853bd7b4b66beaedc325f8dd35e019cdaf4761a30a76ac84f,d3bc19a5013e7a842a2559398fa0005f235a4b1b82383b9b67ff5fefae8ddaaf,u003,48d92f06bae72448bfb7413f0aa7adb13ad392d12f04593d15fa4633147eacc8,39cc32c9568cc54ef65bf1f8bd2918fd24c236de968279565b625213427e69a7,69fe5c652a123768b97aebe0144b5eb5ea612b66c7a65ca5d7df380efac3d4f2,48d92f06bae72448bfb7413f0aa7adb13ad392d12f04593d15fa4633147eacc8,True,39cc32c9568cc54ef65bf1f8bd2918fd24c236de968279565b625213427e69a7,69fe5c652a123768b97aebe0144b5eb5ea612b66c7a65ca5d7df380efac3d4f2,10,2.317889928817749,False
5,3,16.887453079223633,48d92f06bae72448bfb7413f0aa7adb13ad392d12f04593d15fa4633147eacc8,1b3c63c0d92639e05aa8f5aea9f1e33529d17eb58da6763554abc94c068fe1ce,0f03ea99a83358be3592b9336a24465c15a6c1176d794d759479473db592376b,57.636688232421875,True,FEATURE_NUCLEAR,48d92f06bae72448bfb7413f0aa7adb13ad392d12f04593d15fa4633147eacc8,f89593b872604375d14887d1bbc36356dfb5160ea22583e9357e793f5c2db1c9,4eb53940b5ee3c83cf6865df4ddb500a0931ddc9bd55b9bb957a50225d01b24e,u003,48d92f06bae72448bfb7413f0aa7adb13ad392d12f04593d15fa4633147eacc8,14dea7fe9c5b0abb44a6f680b84742e77fb93076547ad0861a4e64473c895982,78b01077aefcbc5e4058c17102417dd33cfc897eb6764827cbf7ebdf0c8050ad,48d92f06bae72448bfb7413f0aa7adb13ad392d12f04593d15fa4633147eacc8,True,14dea7fe9c5b0abb44a6f680b84742e77fb93076547ad0861a4e64473c895982,78b01077aefcbc5e4058c17102417dd33cfc897eb6764827cbf7ebdf0c8050ad,10,17.943998336791992,False
20,3,74.07603454589844,48d92f06bae72448bfb7413f0aa7adb13ad392d12f04593d15fa4633147eacc8,30aff3d1b2894c8fe9a7c2c06deb48c1a1fdc0b9132985ab76e21da0ee8db765,3528757abccb834ecbf52ad4d657feac3922fa14073de244db2a356f5be1870e,151.14700317382812,True,FEATURE_NUCLEAR,48d92f06bae72448bfb7413f0aa7adb13ad392d12f04593d15fa4633147eacc8,0e0887d2d82ac9bedd151beea8daf3f2d55d6d99e930e47cbac37edb580484d6,3c3bf27bf39ef17d629616ec99ec107d2300c84aee3c0fe79878faf32635c66a,u003,48d92f06bae72448bfb7413f0aa7adb13ad392d12f04593d15fa4633147eacc8,5da73e30311bd6677ae10a829bd5a580fd864fa04f1e6596acbe64e4dede8181,904bd9db638c800a346fd5bf112214f502ea180176acc6aa91010e094b0a3adc,48d92f06bae72448bfb7413f0aa7adb13ad392d12f04593d15fa4633147eacc8,True,5da73e30311bd6677ae10a829bd5a580fd864fa04f1e6596acbe64e4dede8181,904bd9db638c800a346fd5bf112214f502ea180176acc6aa91010e094b0a3adc,10,90.58214569091797,False
1,4,0.0,48d92f06bae72448bfb7413f0aa7adb13ad392d12f04593d15fa4633147eacc8,3b491fbc504e17adc831d0dbf56de38a13a4969f9bb5bbe907818907ab1ce672,a16f254b16275dd5b692c762a477bcb817ce0d72d91cfd14a68b46017505f45d,0.0,True,FEATURE_NUCLEAR,LINEAR_COMBINATION,LINEAR_COMBINATION,LINEAR_COMBINATION,u004,LINEAR_COMBINATION,LINEAR_COMBINATION,LINEAR_COMBINATION,LINEAR_COMBINATION,True,LINEAR_COMBINATION,LINEAR_COMBINATION,10,0.0,False
5,4,0.0,48d92f06bae72448bfb7413f0aa7adb13ad392d12f04593d15fa4633147eacc8,1b3c63c0d92639e05aa8f5aea9f1e33529d17eb58da6763554abc94c068fe1ce,0f03ea99a83358be3592b9336a24465c15a6c1176d794d759479473db592376b,0.0,True,FEATURE_NUCLEAR,LINEAR_COMBINATION,LINEAR_COMBINATION,LINEAR_COMBINATION,u004,LINEAR_COMBINATION,LINEAR_COMBINATION,LINEAR_COMBINATION,LINEAR_COMBINATION,True,LINEAR_COMBINATION,LINEAR_COMBINATION,10,0.0,False
20,4,0.0,48d92f06bae72448bfb7413f0aa7adb13ad392d12f04593d15fa4633147eacc8,30aff3d1b2894c8fe9a7c2c06deb48c1a1fdc0b9132985ab76e21da0ee8db765,3528757abccb834ecbf52ad4d657feac3922fa14073de244db2a356f5be1870e,0.0,True,FEATURE_NUCLEAR,LINEAR_COMBINATION,LINEAR_COMBINATION,LINEAR_COMBINATION,u004,LINEAR_COMBINATION,LINEAR_COMBINATION,LINEAR_COMBINATION,LINEAR_COMBINATION,True,LINEAR_COMBINATION,LINEAR_COMBINATION,10,0.0,False
1,-1,2.3809802532196045,48d92f06bae72448bfb7413f0aa7adb13ad392d12f04593d15fa4633147eacc8,3b491fbc504e17adc831d0dbf56de38a13a4969f9bb5bbe907818907ab1ce672,a16f254b16275dd5b692c762a477bcb817ce0d72d91cfd14a68b46017505f45d,23.22679901123047,True,FEATURE_NUCLEAR,LINEAR_COMBINATION,LINEAR_COMBINATION,LINEAR_COMBINATION,u005,LINEAR_COMBINATION,LINEAR_COMBINATION,LINEAR_COMBINATION,LINEAR_COMBINATION,True,LINEAR_COMBINATION,LINEAR_COMBINATION,10,15.764924049377441,False
5,-1,24.207244873046875,48d92f06bae72448bfb7413f0aa7adb13ad392d12f04593d15fa4633147eacc8,1b3c63c0d92639e05aa8f5aea9f1e33529d17eb58da6763554abc94c068fe1ce,0f03ea99a83358be3592b9336a24465c15a6c1176d794d759479473db592376b,218.4716339111328,True,FEATURE_NUCLEAR,LINEAR_COMBINATION,LINEAR_COMBINATION,LINEAR_COMBINATION,u005,LINEAR_COMBINATION,LINEAR_COMBINATION,LINEAR_COMBINATION,LINEAR_COMBINATION,True,LINEAR_COMBINATION,LINEAR_COMBINATION,10,145.62814331054688,False
20,-1,29.956897735595703,48d92f06bae72448bfb7413f0aa7adb13ad392d12f04593d15fa4633147eacc8,30aff3d1b2894c8fe9a7c2c06deb48c1a1fdc0b9132985ab76e21da0ee8db765,3528757abccb834ecbf52ad4d657feac3922fa14073de244db2a356f5be1870e,196.85107421875,True,FEATURE_NUCLEAR,LINEAR_COMBINATION,LINEAR_COMBINATION,LINEAR_COMBINATION,u005,LINEAR_COMBINATION,LINEAR_COMBINATION,LINEAR_COMBINATION,LINEAR_COMBINATION,True,LINEAR_COMBINATION,LINEAR_COMBINATION,10,128.57992553710938,False
1,-1,0.5832107067108154,48d92f06bae72448bfb7413f0aa7adb13ad392d12f04593d15fa4633147eacc8,3b491fbc504e17adc831d0dbf56de38a13a4969f9bb5bbe907818907ab1ce672,a16f254b16275dd5b692c762a477bcb817ce0d72d91cfd14a68b46017505f45d,0.733889102935791,True,FEATURE_NUCLEAR,LINEAR_COMBINATION,LINEAR_COMBINATION,LINEAR_COMBINATION,u006,LINEAR_COMBINATION,LINEAR_COMBINATION,LINEAR_COMBINATION,LINEAR_COMBINATION,True,LINEAR_COMBINATION,LINEAR_COMBINATION,10,0.4099354147911072,False
5,-1,0.9198482036590576,48d92f06bae72448bfb7413f0aa7adb13ad392d12f04593d15fa4633147eacc8,1b3c63c0d92639e05aa8f5aea9f1e33529d17eb58da6763554abc94c068fe1ce,0f03ea99a83358be3592b9336a24465c15a6c1176d794d759479473db592376b,2.0489180088043213,True,FEATURE_NUCLEAR,LINEAR_COMBINATION,LINEAR_COMBINATION,LINEAR_COMBINATION,u006,LINEAR_COMBINATION,LINEAR_COMBINATION,LINEAR_COMBINATION,LINEAR_COMBINATION,True,LINEAR_COMBINATION,LINEAR_COMBINATION,10,1.0617581605911255,False
20,-1,2.8540608882904053,48d92f06bae72448bfb7413f0aa7adb13ad392d12f04593d15fa4633147eacc8,30aff3d1b2894c8fe9a7c2c06deb48c1a1fdc0b9132985ab76e21da0ee8db765,3528757abccb834ecbf52ad4d657feac3922fa14073de244db2a356f5be1870e,7.132094860076904,True,FEATURE_NUCLEAR,LINEAR_COMBINATION,LINEAR_COMBINATION,LINEAR_COMBINATION,u006,LINEAR_COMBINATION,LINEAR_COMBINATION,LINEAR_COMBINATION,LINEAR_COMBINATION,True,LINEAR_COMBINATION,LINEAR_COMBINATION,10,4.385997772216797,False
1,-1,1.6836074590682983,48d92f06bae72448bfb7413f0aa7adb13ad392d12f04593d15fa4633147eacc8,3b491fbc504e17adc831d0dbf56de38a13a4969f9bb5bbe907818907ab1ce672,a16f254b16275dd5b692c762a477bcb817ce0d72d91cfd14a68b46017505f45d,16.423826217651367,True,FEATURE_NUCLEAR,LINEAR_COMBINATION,LINEAR_COMBINATION,LINEAR_COMBINATION,u007,LINEAR_COMBINATION,LINEAR_COMBINATION,LINEAR_COMBINATION,LINEAR_COMBINATION,True,LINEAR_COMBINATION,LINEAR_COMBINATION,10,11.147485733032227,False
5,-1,17.117107391357422,48d92f06bae72448bfb7413f0aa7adb13ad392d12f04593d15fa4633147eacc8,1b3c63c0d92639e05aa8f5aea9f1e33529d17eb58da6763554abc94c068fe1ce,0f03ea99a83358be3592b9336a24465c15a6c1176d794d759479473db592376b,154.48277282714844,True,FEATURE_NUCLEAR,LINEAR_COMBINATION,LINEAR_COMBINATION,LINEAR_COMBINATION,u007,LINEAR_COMBINATION,LINEAR_COMBINATION,LINEAR_COMBINATION,LINEAR_COMBINATION,True,LINEAR_COMBINATION,LINEAR_COMBINATION,10,102.97464752197266,False
20,-1,21.18272590637207,48d92f06bae72448bfb7413f0aa7adb13ad392d12f04593d15fa4633147eacc8,30aff3d1b2894c8fe9a7c2c06deb48c1a1fdc0b9132985ab76e21da0ee8db765,3528757abccb834ecbf52ad4d657feac3922fa14073de244db2a356f5be1870e,139.19473266601562,True,FEATURE_NUCLEAR,LINEAR_COMBINATION,LINEAR_COMBINATION,LINEAR_COMBINATION,u007,LINEAR_COMBINATION,LINEAR_COMBINATION,LINEAR_COMBINATION,LINEAR_COMBINATION,True,LINEAR_COMBINATION,LINEAR_COMBINATION,10,90.91973876953125,False
1,-1,1.6836074590682983,48d92f06bae72448bfb7413f0aa7adb13ad392d12f04593d15fa4633147eacc8,3b491fbc504e17adc831d0dbf56de38a13a4969f9bb5bbe907818907ab1ce672,a16f254b16275dd5b692c762a477bcb817ce0d72d91cfd14a68b46017505f45d,16.423826217651367,True,FEATURE_NUCLEAR,LINEAR_COMBINATION,LINEAR_COMBINATION,LINEAR_COMBINATION,u008,LINEAR_COMBINATION,LINEAR_COMBINATION,LINEAR_COMBINATION,LINEAR_COMBINATION,True,LINEAR_COMBINATION,LINEAR_COMBINATION,10,11.147485733032227,False
5,-1,17.117107391357422,48d92f06bae72448bfb7413f0aa7adb13ad392d12f04593d15fa4633147eacc8,1b3c63c0d92639e05aa8f5aea9f1e33529d17eb58da6763554abc94c068fe1ce,0f03ea99a83358be3592b9336a24465c15a6c1176d794d759479473db592376b,154.48277282714844,True,FEATURE_NUCLEAR,LINEAR_COMBINATION,LINEAR_COMBINATION,LINEAR_COMBINATION,u008,LINEAR_COMBINATION,LINEAR_COMBINATION,LINEAR_COMBINATION,LINEAR_COMBINATION,True,LINEAR_COMBINATION,LINEAR_COMBINATION,10,102.97464752197266,False
20,-1,21.18272590637207,48d92f06bae72448bfb7413f0aa7adb13ad392d12f04593d15fa4633147eacc8,30aff3d1b2894c8fe9a7c2c06deb48c1a1fdc0b9132985ab76e21da0ee8db765,3528757abccb834ecbf52ad4d657feac3922fa14073de244db2a356f5be1870e,139.19473266601562,True,FEATURE_NUCLEAR,LINEAR_COMBINATION,LINEAR_COMBINATION,LINEAR_COMBINATION,u008,LINEAR_COMBINATION,LINEAR_COMBINATION,LINEAR_COMBINATION,LINEAR_COMBINATION,True,LINEAR_COMBINATION,LINEAR_COMBINATION,10,90.91973876953125,False
1,-1,0.8114591836929321,48d92f06bae72448bfb7413f0aa7adb13ad392d12f04593d15fa4633147eacc8,3b491fbc504e17adc831d0dbf56de38a13a4969f9bb5bbe907818907ab1ce672,a16f254b16275dd5b692c762a477bcb817ce0d72d91cfd14a68b46017505f45d,4.007857799530029,True,FEATURE_NUCLEAR,LINEAR_COMBINATION,LINEAR_COMBINATION,LINEAR_COMBINATION,u009,LINEAR_COMBINATION,LINEAR_COMBINATION,LINEAR_COMBINATION,LINEAR_COMBINATION,True,LINEAR_COMBINATION,LINEAR_COMBINATION,10,1.63899564743042,False
5,-1,11.941231727600098,48d92f06bae72448bfb7413f0aa7adb13ad392d12f04593d15fa4633147eacc8,1b3c63c0d92639e05aa8f5aea9f1e33529d17eb58da6763554abc94c068fe1ce,0f03ea99a83358be3592b9336a24465c15a6c1176d794d759479473db592376b,40.75529479980469,True,FEATURE_NUCLEAR,LINEAR_COMBINATION,LINEAR_COMBINATION,LINEAR_COMBINATION,u009,LINEAR_COMBINATION,LINEAR_COMBINATION,LINEAR_COMBINATION,LINEAR_COMBINATION,True,LINEAR_COMBINATION,LINEAR_COMBINATION,10,12.688323020935059,False
20,-1,52.37966537475586,48d92f06bae72448bfb7413f0aa7adb13ad392d12f04593d15fa4633147eacc8,30aff3d1b2894c8fe9a7c2c06deb48c1a1fdc0b9132985ab76e21da0ee8db765,3528757abccb834ecbf52ad4d657feac3922fa14073de244db2a356f5be1870e,106.87706756591797,True,FEATURE_NUCLEAR,LINEAR_COMBINATION,LINEAR_COMBINATION,LINEAR_COMBINATION,u009,LINEAR_COMBINATION,LINEAR_COMBINATION,LINEAR_COMBINATION,LINEAR_COMBINATION,True,LINEAR_COMBINATION,LINEAR_COMBINATION,10,64.0512466430664,False
1,-1,0.8114591836929321,48d92f06bae72448bfb7413f0aa7adb13ad392d12f04593d15fa4633147eacc8,3b491fbc504e17adc831d0dbf56de38a13a4969f9bb5bbe907818907ab1ce672,a16f254b16275dd5b692c762a477bcb817ce0d72d91cfd14a68b46017505f45d,4.007857799530029,True,FEATURE_NUCLEAR,LINEAR_COMBINATION,LINEAR_COMBINATION,LINEAR_COMBINATION,u010,LINEAR_COMBINATION,LINEAR_COMBINATION,LINEAR_COMBINATION,LINEAR_COMBINATION,True,LINEAR_COMBINATION,LINEAR_COMBINATION,10,1.63899564743042,False
5,-1,11.941231727600098,48d92f06bae72448bfb7413f0aa7adb13ad392d12f04593d15fa4633147eacc8,1b3c63c0d92639e05aa8f5aea9f1e33529d17eb58da6763554abc94c068fe1ce,0f03ea99a83358be3592b9336a24465c15a6c1176d794d759479473db592376b,40.75529479980469,True,FEATURE_NUCLEAR,LINEAR_COMBINATION,LINEAR_COMBINATION,LINEAR_COMBINATION,u010,LINEAR_COMBINATION,LINEAR_COMBINATION,LINEAR_COMBINATION,LINEAR_COMBINATION,True,LINEAR_COMBINATION,LINEAR_COMBINATION,10,12.688323020935059,False
20,-1,52.37966537475586,48d92f06bae72448bfb7413f0aa7adb13ad392d12f04593d15fa4633147eacc8,30aff3d1b2894c8fe9a7c2c06deb48c1a1fdc0b9132985ab76e21da0ee8db765,3528757abccb834ecbf52ad4d657feac3922fa14073de244db2a356f5be1870e,106.87706756591797,True,FEATURE_NUCLEAR,LINEAR_COMBINATION,LINEAR_COMBINATION,LINEAR_COMBINATION,u010,LINEAR_COMBINATION,LINEAR_COMBINATION,LINEAR_COMBINATION,LINEAR_COMBINATION,True,LINEAR_COMBINATION,LINEAR_COMBINATION,10,64.0512466430664,False
1,0,0.8602547645568848,9f9e345804a36986c1a64fd0eb16fda93442c4123b54732a78de39f837e241d2,c02c9c069ba1ab03daa67eb243f74f5973c69ac04a70be173b8c16607db32374,12e948bc7477991215667a9da0edcc8ffd00f557e380aaa6cea4e9d315154a6d,17.599197387695312,True,ERM,9f9e345804a36986c1a64fd0eb16fda93442c4123b54732a78de39f837e241d2,4f81ffd1f330aafe6d8bdb919c63bf134f85a16a4f0bb0d956b374a0685b008d,675ca99421adfbf906891b36faa43a7699aa682715423d8db13ecb9423336310,u000,9f9e345804a36986c1a64fd0eb16fda93442c4123b54732a78de39f837e241d2,a1c829e4c14eb989d50d42305cbd26e6433be11fb996a2ebe721e72432cf8f0a,8113b9df0c2580c1f7af2e65940d84dd32acbf91ef9a021a20d5d390d483cdbf,9f9e345804a36986c1a64fd0eb16fda93442c4123b54732a78de39f837e241d2,True,a1c829e4c14eb989d50d42305cbd26e6433be11fb996a2ebe721e72432cf8f0a,8113b9df0c2580c1f7af2e65940d84dd32acbf91ef9a021a20d5d390d483cdbf,11,12.243035316467285,False
5,0,8.354479789733887,9f9e345804a36986c1a64fd0eb16fda93442c4123b54732a78de39f837e241d2,47bf39a9f2bdf31ae249bc60282db24a7231de2a254147496236934dd632a634,d48bd1e28f53732758c807fcf192946ac091ad0e23a2a3fc1d41417753500eba,155.77719116210938,True,ERM,9f9e345804a36986c1a64fd0eb16fda93442c4123b54732a78de39f837e241d2,527b2852a93dc7a779421f9612c74efea56fc7f57ee6462e2b1ffff601f49d69,5eafdc6d1f1aee86f0226f47c248f559c55a7da8067aee837c118a25f5b686c4,u000,9f9e345804a36986c1a64fd0eb16fda93442c4123b54732a78de39f837e241d2,9653f8071cda1d502fe1d6e39bca60016ccfb9ab17fd854b7792fac44edc8cf2,a7d69b9b0892e5d1808a7912b1aa9b3742aadcaac5ccdf8f499a0262ab5622de,9f9e345804a36986c1a64fd0eb16fda93442c4123b54732a78de39f837e241d2,True,9653f8071cda1d502fe1d6e39bca60016ccfb9ab17fd854b7792fac44edc8cf2,a7d69b9b0892e5d1808a7912b1aa9b3742aadcaac5ccdf8f499a0262ab5622de,11,109.22747039794922,False
20,0,11.755237579345703,9f9e345804a36986c1a64fd0eb16fda93442c4123b54732a78de39f837e241d2,34a366abe6c807e45e2ef1d6eef283e0f7c9444cfc60cc18a0742e809461c4d4,e5e3befc60db32efe8a882ae064ec6b50deabf75e5ef8453c41f48bb648a1a2d,122.83686828613281,True,ERM,9f9e345804a36986c1a64fd0eb16fda93442c4123b54732a78de39f837e241d2,be34b2ccb79161e6b01b5ef4ff34e65540cd3027e3f5b4065eab2f87141d9684,dc6fd11ea42632272665d852c9af9e0a32acce65760b259c40308847703cad65,u000,9f9e345804a36986c1a64fd0eb16fda93442c4123b54732a78de39f837e241d2,4ff682e0e852bf091f469e6f66c99aad874cc6354fc7f6a98866d237ebd2ffaa,8867ae6cbeea4a3435c1fe4a608c46e58b743a781965662a6b696dfab01d3541,9f9e345804a36986c1a64fd0eb16fda93442c4123b54732a78de39f837e241d2,True,4ff682e0e852bf091f469e6f66c99aad874cc6354fc7f6a98866d237ebd2ffaa,8867ae6cbeea4a3435c1fe4a608c46e58b743a781965662a6b696dfab01d3541,11,89.87531280517578,False
1,1,0.8313707113265991,9f9e345804a36986c1a64fd0eb16fda93442c4123b54732a78de39f837e241d2,c02c9c069ba1ab03daa67eb243f74f5973c69ac04a70be173b8c16607db32374,12e948bc7477991215667a9da0edcc8ffd00f557e380aaa6cea4e9d315154a6d,17.15793228149414,True,ERM,9f9e345804a36986c1a64fd0eb16fda93442c4123b54732a78de39f837e241d2,fdc72221dee37382113b9cccde54c94db7cf8a559b4f3089fba0f0598f4b3fcf,9861fa97db9c5b554e8b063793729f6fe2d93138e555e600256ce30c627cf03d,u001,9f9e345804a36986c1a64fd0eb16fda93442c4123b54732a78de39f837e241d2,dd61299000c43a1f2af53dac8ebf1389ad03657b9df3a93f1afd86ea66371288,967337cb92eca2e6ecd4f38a51bd2e1683f9841db6f2c9ecc33fbeef724e7e36,9f9e345804a36986c1a64fd0eb16fda93442c4123b54732a78de39f837e241d2,True,dd61299000c43a1f2af53dac8ebf1389ad03657b9df3a93f1afd86ea66371288,967337cb92eca2e6ecd4f38a51bd2e1683f9841db6f2c9ecc33fbeef724e7e36,11,12.079285621643066,False
5,1,7.412307262420654,9f9e345804a36986c1a64fd0eb16fda93442c4123b54732a78de39f837e241d2,47bf39a9f2bdf31ae249bc60282db24a7231de2a254147496236934dd632a634,d48bd1e28f53732758c807fcf192946ac091ad0e23a2a3fc1d41417753500eba,154.45184326171875,True,ERM,9f9e345804a36986c1a64fd0eb16fda93442c4123b54732a78de39f837e241d2,cd739274b9896cfe30a34ef6f1aa2c016211d2b1fdc74692f6744f3940704099,5f59f814e59ab18c364974c5320561fc8855594126b9d2e179cb4f40de10c556,u001,9f9e345804a36986c1a64fd0eb16fda93442c4123b54732a78de39f837e241d2,79ef0ad2ce8d517840015cbf7e54c464c1d7a108df8fc4c5a61c87489feb1721,fbbc413a57764c1b27cca00a1a98fbb5dd280f3aab7aef4a7a83ddc3ef4f6242,9f9e345804a36986c1a64fd0eb16fda93442c4123b54732a78de39f837e241d2,True,79ef0ad2ce8d517840015cbf7e54c464c1d7a108df8fc4c5a61c87489feb1721,fbbc413a57764c1b27cca00a1a98fbb5dd280f3aab7aef4a7a83ddc3ef4f6242,11,109.20325469970703,False
20,1,17.26946449279785,9f9e345804a36986c1a64fd0eb16fda93442c4123b54732a78de39f837e241d2,34a366abe6c807e45e2ef1d6eef283e0f7c9444cfc60cc18a0742e809461c4d4,e5e3befc60db32efe8a882ae064ec6b50deabf75e5ef8453c41f48bb648a1a2d,121.30683898925781,True,ERM,9f9e345804a36986c1a64fd0eb16fda93442c4123b54732a78de39f837e241d2,4337984fe6ba0d8aea8aeefc45ec28b4ea3ef79c8359a28627507df3a6623c8d,97fe936c852b0f0fd871b620e7bf02a91fecd9cc696e4356c37a6297a7757507,u001,9f9e345804a36986c1a64fd0eb16fda93442c4123b54732a78de39f837e241d2,2f94ae8e1819a17b5c30c2bcafe17c5423869bfc65fe66cf3c4c98e28ba1997c,757604ee46623dcb3dc1954ce068670fa11ffb5aee4b5d76bdd9b45f83dc413c,9f9e345804a36986c1a64fd0eb16fda93442c4123b54732a78de39f837e241d2,True,2f94ae8e1819a17b5c30c2bcafe17c5423869bfc65fe66cf3c4c98e28ba1997c,757604ee46623dcb3dc1954ce068670fa11ffb5aee4b5d76bdd9b45f83dc413c,11,91.06040954589844,False
1,2,0.0,9f9e345804a36986c1a64fd0eb16fda93442c4123b54732a78de39f837e241d2,c02c9c069ba1ab03daa67eb243f74f5973c69ac04a70be173b8c16607db32374,12e948bc7477991215667a9da0edcc8ffd00f557e380aaa6cea4e9d315154a6d,0.0,True,ERM,LINEAR_COMBINATION,LINEAR_COMBINATION,LINEAR_COMBINATION,u002,LINEAR_COMBINATION,LINEAR_COMBINATION,LINEAR_COMBINATION,LINEAR_COMBINATION,True,LINEAR_COMBINATION,LINEAR_COMBINATION,11,0.0,False
5,2,0.0,9f9e345804a36986c1a64fd0eb16fda93442c4123b54732a78de39f837e241d2,47bf39a9f2bdf31ae249bc60282db24a7231de2a254147496236934dd632a634,d48bd1e28f53732758c807fcf192946ac091ad0e23a2a3fc1d41417753500eba,0.0,True,ERM,LINEAR_COMBINATION,LINEAR_COMBINATION,LINEAR_COMBINATION,u002,LINEAR_COMBINATION,LINEAR_COMBINATION,LINEAR_COMBINATION,LINEAR_COMBINATION,True,LINEAR_COMBINATION,LINEAR_COMBINATION,11,0.0,False
20,2,0.0,9f9e345804a36986c1a64fd0eb16fda93442c4123b54732a78de39f837e241d2,34a366abe6c807e45e2ef1d6eef283e0f7c9444cfc60cc18a0742e809461c4d4,e5e3befc60db32efe8a882ae064ec6b50deabf75e5ef8453c41f48bb648a1a2d,0.0,True,ERM,LINEAR_COMBINATION,LINEAR_COMBINATION,LINEAR_COMBINATION,u002,LINEAR_COMBINATION,LINEAR_COMBINATION,LINEAR_COMBINATION,LINEAR_COMBINATION,True,LINEAR_COMBINATION,LINEAR_COMBINATION,11,0.0,False
1,3,1.2748134136199951,9f9e345804a36986c1a64fd0eb16fda93442c4123b54732a78de39f837e241d2,c02c9c069ba1ab03daa67eb243f74f5973c69ac04a70be173b8c16607db32374,12e948bc7477991215667a9da0edcc8ffd00f557e380aaa6cea4e9d315154a6d,5.600222110748291,True,ERM,9f9e345804a36986c1a64fd0eb16fda93442c4123b54732a78de39f837e241d2,b83582c6bbd7cce443cd3b236f68abe06bd997143a2fef0eee528841a68b1435,6f6971a9b6acd1e6dedca762d9a40491e1da9c9d5d9a80ddea10ba0be30c93e6,u003,9f9e345804a36986c1a64fd0eb16fda93442c4123b54732a78de39f837e241d2,75875dcc77ab8fbb3052036cb1becdc8710eb85652ec1a04044a80e3e224a93a,7f1e2f87676ad2f21162cc38ea5b71e72d136ca798f89ca50b6badedc5a86481,9f9e345804a36986c1a64fd0eb16fda93442c4123b54732a78de39f837e241d2,True,75875dcc77ab8fbb3052036cb1becdc8710eb85652ec1a04044a80e3e224a93a,7f1e2f87676ad2f21162cc38ea5b71e72d136ca798f89ca50b6badedc5a86481,11,2.8055341243743896,False
5,3,16.055938720703125,9f9e345804a36986c1a64fd0eb16fda93442c4123b54732a78de39f837e241d2,47bf39a9f2bdf31ae249bc60282db24a7231de2a254147496236934dd632a634,d48bd1e28f53732758c807fcf192946ac091ad0e23a2a3fc1d41417753500eba,52.38932800292969,True,ERM,9f9e345804a36986c1a64fd0eb16fda93442c4123b54732a78de39f837e241d2,87d83c522169cd24d1e27508a80be21da17def5ceeb8131936024ffc5ebe8f08,2aa7dda77da9d37e12fc1ee9010d7f3ceae182e9ebd25941cda297d849b8facc,u003,9f9e345804a36986c1a64fd0eb16fda93442c4123b54732a78de39f837e241d2,1e76d9b46c2efb5e1b370dc2f351c030f12208cd2d51586ac698271db5ecb095,675769e6d53528bdbbb44ccab304690f387bd8945c0cc50e90ed0429b2046e0c,9f9e345804a36986c1a64fd0eb16fda93442c4123b54732a78de39f837e241d2,True,1e76d9b46c2efb5e1b370dc2f351c030f12208cd2d51586ac698271db5ecb095,675769e6d53528bdbbb44ccab304690f387bd8945c0cc50e90ed0429b2046e0c,11,24.48585319519043,False
20,3,80.35657501220703,9f9e345804a36986c1a64fd0eb16fda93442c4123b54732a78de39f837e241d2,34a366abe6c807e45e2ef1d6eef283e0f7c9444cfc60cc18a0742e809461c4d4,e5e3befc60db32efe8a882ae064ec6b50deabf75e5ef8453c41f48bb648a1a2d,129.6600799560547,True,ERM,9f9e345804a36986c1a64fd0eb16fda93442c4123b54732a78de39f837e241d2,351148b69d3c6c10c6e5471e5eddb4830af900a490120c655b1338fdea29e88e,57ba2cce3e43079ed3d0864301670489449647ae250a03d19296ca7c75df0bb7,u003,9f9e345804a36986c1a64fd0eb16fda93442c4123b54732a78de39f837e241d2,01a3087e386c73d6120ee0bfe89db2a7b986538cc7eb7b5516244616b631276b,3163bf0cc0690f8332f7db3904e025718ebbab968e4c732f3ada54b96e54d9d7,9f9e345804a36986c1a64fd0eb16fda93442c4123b54732a78de39f837e241d2,True,01a3087e386c73d6120ee0bfe89db2a7b986538cc7eb7b5516244616b631276b,3163bf0cc0690f8332f7db3904e025718ebbab968e4c732f3ada54b96e54d9d7,11,98.85243225097656,False
1,4,0.0,9f9e345804a36986c1a64fd0eb16fda93442c4123b54732a78de39f837e241d2,c02c9c069ba1ab03daa67eb243f74f5973c69ac04a70be173b8c16607db32374,12e948bc7477991215667a9da0edcc8ffd00f557e380aaa6cea4e9d315154a6d,0.0,True,ERM,LINEAR_COMBINATION,LINEAR_COMBINATION,LINEAR_COMBINATION,u004,LINEAR_COMBINATION,LINEAR_COMBINATION,LINEAR_COMBINATION,LINEAR_COMBINATION,True,LINEAR_COMBINATION,LINEAR_COMBINATION,11,0.0,False
5,4,0.0,9f9e345804a36986c1a64fd0eb16fda93442c4123b54732a78de39f837e241d2,47bf39a9f2bdf31ae249bc60282db24a7231de2a254147496236934dd632a634,d48bd1e28f53732758c807fcf192946ac091ad0e23a2a3fc1d41417753500eba,0.0,True,ERM,LINEAR_COMBINATION,LINEAR_COMBINATION,LINEAR_COMBINATION,u004,LINEAR_COMBINATION,LINEAR_COMBINATION,LINEAR_COMBINATION,LINEAR_COMBINATION,True,LINEAR_COMBINATION,LINEAR_COMBINATION,11,0.0,False
20,4,0.0,9f9e345804a36986c1a64fd0eb16fda93442c4123b54732a78de39f837e241d2,34a366abe6c807e45e2ef1d6eef283e0f7c9444cfc60cc18a0742e809461c4d4,e5e3befc60db32efe8a882ae064ec6b50deabf75e5ef8453c41f48bb648a1a2d,0.0,True,ERM,LINEAR_COMBINATION,LINEAR_COMBINATION,LINEAR_COMBINATION,u004,LINEAR_COMBINATION,LINEAR_COMBINATION,LINEAR_COMBINATION,LINEAR_COMBINATION,True,LINEAR_COMBINATION,LINEAR_COMBINATION,11,0.0,False
1,-1,1.1923006772994995,9f9e345804a36986c1a64fd0eb16fda93442c4123b54732a78de39f837e241d2,c02c9c069ba1ab03daa67eb243f74f5973c69ac04a70be173b8c16607db32374,12e948bc7477991215667a9da0edcc8ffd00f557e380aaa6cea4e9d315154a6d,24.574113845825195,True,ERM,LINEAR_COMBINATION,LINEAR_COMBINATION,LINEAR_COMBINATION,u005,LINEAR_COMBINATION,LINEAR_COMBINATION,LINEAR_COMBINATION,LINEAR_COMBINATION,True,LINEAR_COMBINATION,LINEAR_COMBINATION,11,17.19671630859375,False
5,-1,11.050817489624023,9f9e345804a36986c1a64fd0eb16fda93442c4123b54732a78de39f837e241d2,47bf39a9f2bdf31ae249bc60282db24a7231de2a254147496236934dd632a634,d48bd1e28f53732758c807fcf192946ac091ad0e23a2a3fc1d41417753500eba,219.34571838378906,True,ERM,LINEAR_COMBINATION,LINEAR_COMBINATION,LINEAR_COMBINATION,u005,LINEAR_COMBINATION,LINEAR_COMBINATION,LINEAR_COMBINATION,LINEAR_COMBINATION,True,LINEAR_COMBINATION,LINEAR_COMBINATION,11,154.44351196289062,False
20,-1,20.319805145263672,9f9e345804a36986c1a64fd0eb16fda93442c4123b54732a78de39f837e241d2,34a366abe6c807e45e2ef1d6eef283e0f7c9444cfc60cc18a0742e809461c4d4,e5e3befc60db32efe8a882ae064ec6b50deabf75e5ef8453c41f48bb648a1a2d,172.44345092773438,True,ERM,LINEAR_COMBINATION,LINEAR_COMBINATION,LINEAR_COMBINATION,u005,LINEAR_COMBINATION,LINEAR_COMBINATION,LINEAR_COMBINATION,LINEAR_COMBINATION,True,LINEAR_COMBINATION,LINEAR_COMBINATION,11,127.8327407836914,False
1,-1,0.09815653413534164,9f9e345804a36986c1a64fd0eb16fda93442c4123b54732a78de39f837e241d2,c02c9c069ba1ab03daa67eb243f74f5973c69ac04a70be173b8c16607db32374,12e948bc7477991215667a9da0edcc8ffd00f557e380aaa6cea4e9d315154a6d,0.4892861247062683,True,ERM,LINEAR_COMBINATION,LINEAR_COMBINATION,LINEAR_COMBINATION,u006,LINEAR_COMBINATION,LINEAR_COMBINATION,LINEAR_COMBINATION,LINEAR_COMBINATION,True,LINEAR_COMBINATION,LINEAR_COMBINATION,11,0.2721607983112335,False
5,-1,1.618349313735962,9f9e345804a36986c1a64fd0eb16fda93442c4123b54732a78de39f837e241d2,47bf39a9f2bdf31ae249bc60282db24a7231de2a254147496236934dd632a634,d48bd1e28f53732758c807fcf192946ac091ad0e23a2a3fc1d41417753500eba,3.0597050189971924,True,ERM,LINEAR_COMBINATION,LINEAR_COMBINATION,LINEAR_COMBINATION,u006,LINEAR_COMBINATION,LINEAR_COMBINATION,LINEAR_COMBINATION,LINEAR_COMBINATION,True,LINEAR_COMBINATION,LINEAR_COMBINATION,11,1.786373496055603,False
20,-1,4.850310802459717,9f9e345804a36986c1a64fd0eb16fda93442c4123b54732a78de39f837e241d2,34a366abe6c807e45e2ef1d6eef283e0f7c9444cfc60cc18a0742e809461c4d4,e5e3befc60db32efe8a882ae064ec6b50deabf75e5ef8453c41f48bb648a1a2d,8.216316223144531,True,ERM,LINEAR_COMBINATION,LINEAR_COMBINATION,LINEAR_COMBINATION,u006,LINEAR_COMBINATION,LINEAR_COMBINATION,LINEAR_COMBINATION,LINEAR_COMBINATION,True,LINEAR_COMBINATION,LINEAR_COMBINATION,11,5.3257293701171875,False
1,-1,0.843083918094635,9f9e345804a36986c1a64fd0eb16fda93442c4123b54732a78de39f837e241d2,c02c9c069ba1ab03daa67eb243f74f5973c69ac04a70be173b8c16607db32374,12e948bc7477991215667a9da0edcc8ffd00f557e380aaa6cea4e9d315154a6d,17.376522064208984,True,ERM,LINEAR_COMBINATION,LINEAR_COMBINATION,LINEAR_COMBINATION,u007,LINEAR_COMBINATION,LINEAR_COMBINATION,LINEAR_COMBINATION,LINEAR_COMBINATION,True,LINEAR_COMBINATION,LINEAR_COMBINATION,11,12.159914016723633,False
5,-1,7.814108371734619,9f9e345804a36986c1a64fd0eb16fda93442c4123b54732a78de39f837e241d2,47bf39a9f2bdf31ae249bc60282db24a7231de2a254147496236934dd632a634,d48bd1e28f53732758c807fcf192946ac091ad0e23a2a3fc1d41417753500eba,155.10086059570312,True,ERM,LINEAR_COMBINATION,LINEAR_COMBINATION,LINEAR_COMBINATION,u007,LINEAR_COMBINATION,LINEAR_COMBINATION,LINEAR_COMBINATION,LINEAR_COMBINATION,True,LINEAR_COMBINATION,LINEAR_COMBINATION,11,109.20805358886719,False
20,-1,14.36827278137207,9f9e345804a36986c1a64fd0eb16fda93442c4123b54732a78de39f837e241d2,34a366abe6c807e45e2ef1d6eef283e0f7c9444cfc60cc18a0742e809461c4d4,e5e3befc60db32efe8a882ae064ec6b50deabf75e5ef8453c41f48bb648a1a2d,121.93592834472656,True,ERM,LINEAR_COMBINATION,LINEAR_COMBINATION,LINEAR_COMBINATION,u007,LINEAR_COMBINATION,LINEAR_COMBINATION,LINEAR_COMBINATION,LINEAR_COMBINATION,True,LINEAR_COMBINATION,LINEAR_COMBINATION,11,90.39139556884766,False
1,-1,0.843083918094635,9f9e345804a36986c1a64fd0eb16fda93442c4123b54732a78de39f837e241d2,c02c9c069ba1ab03daa67eb243f74f5973c69ac04a70be173b8c16607db32374,12e948bc7477991215667a9da0edcc8ffd00f557e380aaa6cea4e9d315154a6d,17.376522064208984,True,ERM,LINEAR_COMBINATION,LINEAR_COMBINATION,LINEAR_COMBINATION,u008,LINEAR_COMBINATION,LINEAR_COMBINATION,LINEAR_COMBINATION,LINEAR_COMBINATION,True,LINEAR_COMBINATION,LINEAR_COMBINATION,11,12.159914016723633,False
5,-1,7.814108371734619,9f9e345804a36986c1a64fd0eb16fda93442c4123b54732a78de39f837e241d2,47bf39a9f2bdf31ae249bc60282db24a7231de2a254147496236934dd632a634,d48bd1e28f53732758c807fcf192946ac091ad0e23a2a3fc1d41417753500eba,155.10086059570312,True,ERM,LINEAR_COMBINATION,LINEAR_COMBINATION,LINEAR_COMBINATION,u008,LINEAR_COMBINATION,LINEAR_COMBINATION,LINEAR_COMBINATION,LINEAR_COMBINATION,True,LINEAR_COMBINATION,LINEAR_COMBINATION,11,109.20805358886719,False
20,-1,14.36827278137207,9f9e345804a36986c1a64fd0eb16fda93442c4123b54732a78de39f837e241d2,34a366abe6c807e45e2ef1d6eef283e0f7c9444cfc60cc18a0742e809461c4d4,e5e3befc60db32efe8a882ae064ec6b50deabf75e5ef8453c41f48bb648a1a2d,121.93592834472656,True,ERM,LINEAR_COMBINATION,LINEAR_COMBINATION,LINEAR_COMBINATION,u008,LINEAR_COMBINATION,LINEAR_COMBINATION,LINEAR_COMBINATION,LINEAR_COMBINATION,True,LINEAR_COMBINATION,LINEAR_COMBINATION,11,90.39139556884766,False
1,-1,0.9014291167259216,9f9e345804a36986c1a64fd0eb16fda93442c4123b54732a78de39f837e241d2,c02c9c069ba1ab03daa67eb243f74f5973c69ac04a70be173b8c16607db32374,12e948bc7477991215667a9da0edcc8ffd00f557e380aaa6cea4e9d315154a6d,3.9599547386169434,True,ERM,LINEAR_COMBINATION,LINEAR_COMBINATION,LINEAR_COMBINATION,u009,LINEAR_COMBINATION,LINEAR_COMBINATION,LINEAR_COMBINATION,LINEAR_COMBINATION,True,LINEAR_COMBINATION,LINEAR_COMBINATION,11,1.9838120937347412,False
5,-1,11.353262901306152,9f9e345804a36986c1a64fd0eb16fda93442c4123b54732a78de39f837e241d2,47bf39a9f2bdf31ae249bc60282db24a7231de2a254147496236934dd632a634,d48bd1e28f53732758c807fcf192946ac091ad0e23a2a3fc1d41417753500eba,37.04484939575195,True,ERM,LINEAR_COMBINATION,LINEAR_COMBINATION,LINEAR_COMBINATION,u009,LINEAR_COMBINATION,LINEAR_COMBINATION,LINEAR_COMBINATION,LINEAR_COMBINATION,True,LINEAR_COMBINATION,LINEAR_COMBINATION,11,17.314111709594727,False
20,-1,56.8206787109375,9f9e345804a36986c1a64fd0eb16fda93442c4123b54732a78de39f837e241d2,34a366abe6c807e45e2ef1d6eef283e0f7c9444cfc60cc18a0742e809461c4d4,e5e3befc60db32efe8a882ae064ec6b50deabf75e5ef8453c41f48bb648a1a2d,91.68352508544922,True,ERM,LINEAR_COMBINATION,LINEAR_COMBINATION,LINEAR_COMBINATION,u009,LINEAR_COMBINATION,LINEAR_COMBINATION,LINEAR_COMBINATION,LINEAR_COMBINATION,True,LINEAR_COMBINATION,LINEAR_COMBINATION,11,69.89922332763672,False
1,-1,0.9014291167259216,9f9e345804a36986c1a64fd0eb16fda93442c4123b54732a78de39f837e241d2,c02c9c069ba1ab03daa67eb243f74f5973c69ac04a70be173b8c16607db32374,12e948bc7477991215667a9da0edcc8ffd00f557e380aaa6cea4e9d315154a6d,3.9599547386169434,True,ERM,LINEAR_COMBINATION,LINEAR_COMBINATION,LINEAR_COMBINATION,u010,LINEAR_COMBINATION,LINEAR_COMBINATION,LINEAR_COMBINATION,LINEAR_COMBINATION,True,LINEAR_COMBINATION,LINEAR_COMBINATION,11,1.9838120937347412,False
5,-1,11.353262901306152,9f9e345804a36986c1a64fd0eb16fda93442c4123b54732a78de39f837e241d2,47bf39a9f2bdf31ae249bc60282db24a7231de2a254147496236934dd632a634,d48bd1e28f53732758c807fcf192946ac091ad0e23a2a3fc1d41417753500eba,37.04484939575195,True,ERM,LINEAR_COMBINATION,LINEAR_COMBINATION,LINEAR_COMBINATION,u010,LINEAR_COMBINATION,LINEAR_COMBINATION,LINEAR_COMBINATION,LINEAR_COMBINATION,True,LINEAR_COMBINATION,LINEAR_COMBINATION,11,17.314111709594727,False
20,-1,56.8206787109375,9f9e345804a36986c1a64fd0eb16fda93442c4123b54732a78de39f837e241d2,34a366abe6c807e45e2ef1d6eef283e0f7c9444cfc60cc18a0742e809461c4d4,e5e3befc60db32efe8a882ae064ec6b50deabf75e5ef8453c41f48bb648a1a2d,91.68352508544922,True,ERM,LINEAR_COMBINATION,LINEAR_COMBINATION,LINEAR_COMBINATION,u010,LINEAR_COMBINATION,LINEAR_COMBINATION,LINEAR_COMBINATION,LINEAR_COMBINATION,True,LINEAR_COMBINATION,LINEAR_COMBINATION,11,69.89922332763672,False
1,0,0.003454664722084999,2c51fb49a70c8aa2f65c5eeacc567b3bb758ade002189f8e960a0d8051022173,0fe2754d4026fc44ed5aa793360790faeb34d3e757beff811cab940104166f7f,c95e07f0c66dbcd64a6e1cf461dfb43e5b9218e54a70b206b183eacb190514f7,0.06718500703573227,True,IRMv1,2c51fb49a70c8aa2f65c5eeacc567b3bb758ade002189f8e960a0d8051022173,49c382406898f95b7ca0b5196c1f3913594b981038c1d9a58fb8a13116d86df9,0aa7b179e3a243e21e8aefd8909a799dc319fc84a33d28b2580eeff78d1a74a0,u000,2c51fb49a70c8aa2f65c5eeacc567b3bb758ade002189f8e960a0d8051022173,29b4c5257da9023cdaa2b4ca0687d3add8ca67b260a7f3468599fc94226316e0,725ec812e277b5645e2fe1baa408df4a5c1edca23b2af8b0acdd08f7db28c9ff,2c51fb49a70c8aa2f65c5eeacc567b3bb758ade002189f8e960a0d8051022173,True,29b4c5257da9023cdaa2b4ca0687d3add8ca67b260a7f3468599fc94226316e0,725ec812e277b5645e2fe1baa408df4a5c1edca23b2af8b0acdd08f7db28c9ff,11,0.05542659014463425,False
5,0,0.05222507193684578,2c51fb49a70c8aa2f65c5eeacc567b3bb758ade002189f8e960a0d8051022173,21a47bfb849843e77e9072e12b605b207fbc4e66ac1885f3525a5a479a2ceca9,7c309a12da4208b9ba567ad6160c67443f4f7824fb8286045fabf477f4c9a608,1.0284614562988281,True,IRMv1,2c51fb49a70c8aa2f65c5eeacc567b3bb758ade002189f8e960a0d8051022173,bae979609a5e9f9415e9fdca0532761c832a03a199325ffbd838c9a6cbd45a11,60baf9e8f67b89d556a08e7816534d33e6200f3521b69423db795a7d4a6e6a62,u000,2c51fb49a70c8aa2f65c5eeacc567b3bb758ade002189f8e960a0d8051022173,824692dedb1959f9017dc4f19880e4f485f36875b2ab933bb4151f45feebcc81,09394f46ec03ea5fdb631bfcc451f5c0409a41d3a1b4513fcb1d9c2a5231a229,2c51fb49a70c8aa2f65c5eeacc567b3bb758ade002189f8e960a0d8051022173,True,824692dedb1959f9017dc4f19880e4f485f36875b2ab933bb4151f45feebcc81,09394f46ec03ea5fdb631bfcc451f5c0409a41d3a1b4513fcb1d9c2a5231a229,11,0.8192648887634277,False
20,0,0.2615344822406769,2c51fb49a70c8aa2f65c5eeacc567b3bb758ade002189f8e960a0d8051022173,62d96fd5fcc246e38948136c8ccd486abb8765e69f9f7255b3d28b83ad9f6f3b,7d071ded0c22ce82406177ffb19036f87c89aca0423875214aebeac9f861853e,3.3422439098358154,True,IRMv1,2c51fb49a70c8aa2f65c5eeacc567b3bb758ade002189f8e960a0d8051022173,495774eeb14d3b11784f7bfef2d6fcdcee9d80949a7b4da4686ae97a6c02283e,0402aef1af44a87ea2ce0f5de0380c7b6edd072aa1dcc38f1a2403fd2e6d26aa,u000,2c51fb49a70c8aa2f65c5eeacc567b3bb758ade002189f8e960a0d8051022173,9c6eaed41c63e0208241a6ddcca974b8c3f2419ad3cbf47de5700274fdb6e76c,31099a2e085d0d588a8d05a41af3d798238cd630e499d834310b5c5c70d5299c,2c51fb49a70c8aa2f65c5eeacc567b3bb758ade002189f8e960a0d8051022173,True,9c6eaed41c63e0208241a6ddcca974b8c3f2419ad3cbf47de5700274fdb6e76c,31099a2e085d0d588a8d05a41af3d798238cd630e499d834310b5c5c70d5299c,11,2.6193504333496094,False
1,1,0.014368362724781036,2c51fb49a70c8aa2f65c5eeacc567b3bb758ade002189f8e960a0d8051022173,0fe2754d4026fc44ed5aa793360790faeb34d3e757beff811cab940104166f7f,c95e07f0c66dbcd64a6e1cf461dfb43e5b9218e54a70b206b183eacb190514f7,0.346456378698349,True,IRMv1,2c51fb49a70c8aa2f65c5eeacc567b3bb758ade002189f8e960a0d8051022173,49d6db2a8fd78fa91e31e872962cce19baade92ac8a6e2f2d13e4586d79a426e,429b631f3aec0342abf72d371f49c0f9f4922fba94c894b3b9c97721a163c754,u001,2c51fb49a70c8aa2f65c5eeacc567b3bb758ade002189f8e960a0d8051022173,a50be79f1cda54e0766be4d41cc694daa51936c2cd47a8ae3bae4e4d73d5605e,a5d343e4946511878cd669a74cac6e6fdfedc7388ed5df76d96ef0a04ad74cd3,2c51fb49a70c8aa2f65c5eeacc567b3bb758ade002189f8e960a0d8051022173,True,a50be79f1cda54e0766be4d41cc694daa51936c2cd47a8ae3bae4e4d73d5605e,a5d343e4946511878cd669a74cac6e6fdfedc7388ed5df76d96ef0a04ad74cd3,11,0.2812493145465851,False
5,1,0.058489833027124405,2c51fb49a70c8aa2f65c5eeacc567b3bb758ade002189f8e960a0d8051022173,21a47bfb849843e77e9072e12b605b207fbc4e66ac1885f3525a5a479a2ceca9,7c309a12da4208b9ba567ad6160c67443f4f7824fb8286045fabf477f4c9a608,1.5002529621124268,True,IRMv1,2c51fb49a70c8aa2f65c5eeacc567b3bb758ade002189f8e960a0d8051022173,5d9ff39edd6dc03f45c659e8d4bf99159d43cf151d8311852b65689d733ba7e2,2231cb8560ee23e70d4a8a6ef0d783524e7e0f95454da0b3fa65056d664a5e8d,u001,2c51fb49a70c8aa2f65c5eeacc567b3bb758ade002189f8e960a0d8051022173,a38b96830bf566303f59dfea16d3ac56650aadd3350d7db5a85bf2505b71d519,a0e49c9d7f8b8e3501963797c90e834f704447753b9a07460d371c9f2a5f167c,2c51fb49a70c8aa2f65c5eeacc567b3bb758ade002189f8e960a0d8051022173,True,a38b96830bf566303f59dfea16d3ac56650aadd3350d7db5a85bf2505b71d519,a0e49c9d7f8b8e3501963797c90e834f704447753b9a07460d371c9f2a5f167c,11,1.2248008251190186,False
20,1,0.2876236140727997,2c51fb49a70c8aa2f65c5eeacc567b3bb758ade002189f8e960a0d8051022173,62d96fd5fcc246e38948136c8ccd486abb8765e69f9f7255b3d28b83ad9f6f3b,7d071ded0c22ce82406177ffb19036f87c89aca0423875214aebeac9f861853e,4.779513835906982,True,IRMv1,2c51fb49a70c8aa2f65c5eeacc567b3bb758ade002189f8e960a0d8051022173,6a7a334dbf73292194deb465515e9fd05a66916a9e092e694ff2610c1111dcfe,42f6aa76f549d760c3715c0bee3b7c0b26c17c75754cf83089db6acb7c5fd201,u001,2c51fb49a70c8aa2f65c5eeacc567b3bb758ade002189f8e960a0d8051022173,12d21a8fd23d7f351e8af992498884f49d12672167ae0a51f1b28f6665522895,6c70a5237b807f9d933d7d98cef55893678bbc2d53aac85adc8f7b6ce3dcdf31,2c51fb49a70c8aa2f65c5eeacc567b3bb758ade002189f8e960a0d8051022173,True,12d21a8fd23d7f351e8af992498884f49d12672167ae0a51f1b28f6665522895,6c70a5237b807f9d933d7d98cef55893678bbc2d53aac85adc8f7b6ce3dcdf31,11,3.9536025524139404,False
1,2,0.0,2c51fb49a70c8aa2f65c5eeacc567b3bb758ade002189f8e960a0d8051022173,0fe2754d4026fc44ed5aa793360790faeb34d3e757beff811cab940104166f7f,c95e07f0c66dbcd64a6e1cf461dfb43e5b9218e54a70b206b183eacb190514f7,0.0,True,IRMv1,LINEAR_COMBINATION,LINEAR_COMBINATION,LINEAR_COMBINATION,u002,LINEAR_COMBINATION,LINEAR_COMBINATION,LINEAR_COMBINATION,LINEAR_COMBINATION,True,LINEAR_COMBINATION,LINEAR_COMBINATION,11,0.0,False
5,2,0.0,2c51fb49a70c8aa2f65c5eeacc567b3bb758ade002189f8e960a0d8051022173,21a47bfb849843e77e9072e12b605b207fbc4e66ac1885f3525a5a479a2ceca9,7c309a12da4208b9ba567ad6160c67443f4f7824fb8286045fabf477f4c9a608,0.0,True,IRMv1,LINEAR_COMBINATION,LINEAR_COMBINATION,LINEAR_COMBINATION,u002,LINEAR_COMBINATION,LINEAR_COMBINATION,LINEAR_COMBINATION,LINEAR_COMBINATION,True,LINEAR_COMBINATION,LINEAR_COMBINATION,11,0.0,False
20,2,0.0,2c51fb49a70c8aa2f65c5eeacc567b3bb758ade002189f8e960a0d8051022173,62d96fd5fcc246e38948136c8ccd486abb8765e69f9f7255b3d28b83ad9f6f3b,7d071ded0c22ce82406177ffb19036f87c89aca0423875214aebeac9f861853e,0.0,True,IRMv1,LINEAR_COMBINATION,LINEAR_COMBINATION,LINEAR_COMBINATION,u002,LINEAR_COMBINATION,LINEAR_COMBINATION,LINEAR_COMBINATION,LINEAR_COMBINATION,True,LINEAR_COMBINATION,LINEAR_COMBINATION,11,0.0,False
1,3,0.5185750722885132,2c51fb49a70c8aa2f65c5eeacc567b3bb758ade002189f8e960a0d8051022173,0fe2754d4026fc44ed5aa793360790faeb34d3e757beff811cab940104166f7f,c95e07f0c66dbcd64a6e1cf461dfb43e5b9218e54a70b206b183eacb190514f7,8.237354278564453,True,IRMv1,2c51fb49a70c8aa2f65c5eeacc567b3bb758ade002189f8e960a0d8051022173,f7027dd44b7551057fa74607c812874f83f0039d337e3896f8425dff20636c6e,0a25fa2522c785ba61a372be56de6a82b5761cfef99806b6e207df1f3be64286,u003,2c51fb49a70c8aa2f65c5eeacc567b3bb758ade002189f8e960a0d8051022173,a2e463be3b075a5cd455f1d6ac6f589cd5320e42d8c60d46bcf89fb3abb85a0e,4ee5749af59f4f9912c6366ee613886ffbe19e11429578defe4b7dae7e353885,2c51fb49a70c8aa2f65c5eeacc567b3bb758ade002189f8e960a0d8051022173,True,a2e463be3b075a5cd455f1d6ac6f589cd5320e42d8c60d46bcf89fb3abb85a0e,4ee5749af59f4f9912c6366ee613886ffbe19e11429578defe4b7dae7e353885,11,6.573832988739014,False
5,3,4.07630729675293,2c51fb49a70c8aa2f65c5eeacc567b3bb758ade002189f8e960a0d8051022173,21a47bfb849843e77e9072e12b605b207fbc4e66ac1885f3525a5a479a2ceca9,7c309a12da4208b9ba567ad6160c67443f4f7824fb8286045fabf477f4c9a608,63.44992446899414,True,IRMv1,2c51fb49a70c8aa2f65c5eeacc567b3bb758ade002189f8e960a0d8051022173,d6a612411b578a909eb79b231861ed407a042fbc1e9672aeca4fc8977b5bcfa1,14f8027f3fb290408342f4e85e8e3e5337b25b6f26e053917c500b64638da7c0,u003,2c51fb49a70c8aa2f65c5eeacc567b3bb758ade002189f8e960a0d8051022173,d3b416100108a59d2c7fb9bf223f602cfc42f611f3aa7f600ebc7cfec1930363,1ad8c6a0e178d17c259795ac7e964d01ae91989dbccab48f13b9bae90fca8e2e,2c51fb49a70c8aa2f65c5eeacc567b3bb758ade002189f8e960a0d8051022173,True,d3b416100108a59d2c7fb9bf223f602cfc42f611f3aa7f600ebc7cfec1930363,1ad8c6a0e178d17c259795ac7e964d01ae91989dbccab48f13b9bae90fca8e2e,11,50.56330871582031,False
20,3,3.7954254150390625,2c51fb49a70c8aa2f65c5eeacc567b3bb758ade002189f8e960a0d8051022173,62d96fd5fcc246e38948136c8ccd486abb8765e69f9f7255b3d28b83ad9f6f3b,7d071ded0c22ce82406177ffb19036f87c89aca0423875214aebeac9f861853e,58.04319381713867,True,IRMv1,2c51fb49a70c8aa2f65c5eeacc567b3bb758ade002189f8e960a0d8051022173,4b855ae225a5dc282047e190f6953a2d848569dfa6f599ec656e659133af21e0,b85e0758723befc49ab10d25efd90e737503e6ea5dac0da773708e7edd176ed2,u003,2c51fb49a70c8aa2f65c5eeacc567b3bb758ade002189f8e960a0d8051022173,1a0d936cc56cba04ec65ca79eb1d2c0cf0bd07d2586ca8f3b35d095726b67502,504c78383cd560f6f5a742006c775a675dc1f4ef5e31fca48e801df94089925b,2c51fb49a70c8aa2f65c5eeacc567b3bb758ade002189f8e960a0d8051022173,True,1a0d936cc56cba04ec65ca79eb1d2c0cf0bd07d2586ca8f3b35d095726b67502,504c78383cd560f6f5a742006c775a675dc1f4ef5e31fca48e801df94089925b,11,46.01137161254883,False
1,4,0.0,2c51fb49a70c8aa2f65c5eeacc567b3bb758ade002189f8e960a0d8051022173,0fe2754d4026fc44ed5aa793360790faeb34d3e757beff811cab940104166f7f,c95e07f0c66dbcd64a6e1cf461dfb43e5b9218e54a70b206b183eacb190514f7,0.0,True,IRMv1,LINEAR_COMBINATION,LINEAR_COMBINATION,LINEAR_COMBINATION,u004,LINEAR_COMBINATION,LINEAR_COMBINATION,LINEAR_COMBINATION,LINEAR_COMBINATION,True,LINEAR_COMBINATION,LINEAR_COMBINATION,11,0.0,False
5,4,0.0,2c51fb49a70c8aa2f65c5eeacc567b3bb758ade002189f8e960a0d8051022173,21a47bfb849843e77e9072e12b605b207fbc4e66ac1885f3525a5a479a2ceca9,7c309a12da4208b9ba567ad6160c67443f4f7824fb8286045fabf477f4c9a608,0.0,True,IRMv1,LINEAR_COMBINATION,LINEAR_COMBINATION,LINEAR_COMBINATION,u004,LINEAR_COMBINATION,LINEAR_COMBINATION,LINEAR_COMBINATION,LINEAR_COMBINATION,True,LINEAR_COMBINATION,LINEAR_COMBINATION,11,0.0,False
20,4,0.0,2c51fb49a70c8aa2f65c5eeacc567b3bb758ade002189f8e960a0d8051022173,62d96fd5fcc246e38948136c8ccd486abb8765e69f9f7255b3d28b83ad9f6f3b,7d071ded0c22ce82406177ffb19036f87c89aca0423875214aebeac9f861853e,0.0,True,IRMv1,LINEAR_COMBINATION,LINEAR_COMBINATION,LINEAR_COMBINATION,u004,LINEAR_COMBINATION,LINEAR_COMBINATION,LINEAR_COMBINATION,LINEAR_COMBINATION,True,LINEAR_COMBINATION,LINEAR_COMBINATION,11,0.0,False
1,-1,0.011246991343796253,2c51fb49a70c8aa2f65c5eeacc567b3bb758ade002189f8e960a0d8051022173,0fe2754d4026fc44ed5aa793360790faeb34d3e757beff811cab940104166f7f,c95e07f0c66dbcd64a6e1cf461dfb43e5b9218e54a70b206b183eacb190514f7,0.292310893535614,True,IRMv1,LINEAR_COMBINATION,LINEAR_COMBINATION,LINEAR_COMBINATION,u005,LINEAR_COMBINATION,LINEAR_COMBINATION,LINEAR_COMBINATION,LINEAR_COMBINATION,True,LINEAR_COMBINATION,LINEAR_COMBINATION,11,0.23790958523750305,False
5,-1,0.07420351356267929,2c51fb49a70c8aa2f65c5eeacc567b3bb758ade002189f8e960a0d8051022173,21a47bfb849843e77e9072e12b605b207fbc4e66ac1885f3525a5a479a2ceca9,7c309a12da4208b9ba567ad6160c67443f4f7824fb8286045fabf477f4c9a608,1.7872912883758545,True,IRMv1,LINEAR_COMBINATION,LINEAR_COMBINATION,LINEAR_COMBINATION,u005,LINEAR_COMBINATION,LINEAR_COMBINATION,LINEAR_COMBINATION,LINEAR_COMBINATION,True,LINEAR_COMBINATION,LINEAR_COMBINATION,11,1.444846272468567,False
20,-1,0.25326529145240784,2c51fb49a70c8aa2f65c5eeacc567b3bb758ade002189f8e960a0d8051022173,62d96fd5fcc246e38948136c8ccd486abb8765e69f9f7255b3d28b83ad9f6f3b,7d071ded0c22ce82406177ffb19036f87c89aca0423875214aebeac9f861853e,5.723419189453125,True,IRMv1,LINEAR_COMBINATION,LINEAR_COMBINATION,LINEAR_COMBINATION,u005,LINEAR_COMBINATION,LINEAR_COMBINATION,LINEAR_COMBINATION,LINEAR_COMBINATION,True,LINEAR_COMBINATION,LINEAR_COMBINATION,11,4.635691165924072,False
1,-1,0.009585915133357048,2c51fb49a70c8aa2f65c5eeacc567b3bb758ade002189f8e960a0d8051022173,0fe2754d4026fc44ed5aa793360790faeb34d3e757beff811cab940104166f7f,c95e07f0c66dbcd64a6e1cf461dfb43e5b9218e54a70b206b183eacb190514f7,0.19773763418197632,True,IRMv1,LINEAR_COMBINATION,LINEAR_COMBINATION,LINEAR_COMBINATION,u006,LINEAR_COMBINATION,LINEAR_COMBINATION,LINEAR_COMBINATION,LINEAR_COMBINATION,True,LINEAR_COMBINATION,LINEAR_COMBINATION,11,0.15991345047950745,False
5,-1,0.025344783440232277,2c51fb49a70c8aa2f65c5eeacc567b3bb758ade002189f8e960a0d8051022173,21a47bfb849843e77e9072e12b605b207fbc4e66ac1885f3525a5a479a2ceca9,7c309a12da4208b9ba567ad6160c67443f4f7824fb8286045fabf477f4c9a608,0.33776041865348816,True,IRMv1,LINEAR_COMBINATION,LINEAR_COMBINATION,LINEAR_COMBINATION,u006,LINEAR_COMBINATION,LINEAR_COMBINATION,LINEAR_COMBINATION,LINEAR_COMBINATION,True,LINEAR_COMBINATION,LINEAR_COMBINATION,11,0.2893983721733093,False
20,-1,0.2949310839176178,2c51fb49a70c8aa2f65c5eeacc567b3bb758ade002189f8e960a0d8051022173,62d96fd5fcc246e38948136c8ccd486abb8765e69f9f7255b3d28b83ad9f6f3b,7d071ded0c22ce82406177ffb19036f87c89aca0423875214aebeac9f861853e,1.1210778951644897,True,IRMv1,LINEAR_COMBINATION,LINEAR_COMBINATION,LINEAR_COMBINATION,u006,LINEAR_COMBINATION,LINEAR_COMBINATION,LINEAR_COMBINATION,LINEAR_COMBINATION,True,LINEAR_COMBINATION,LINEAR_COMBINATION,11,1.0011670589447021,False
1,-1,0.007952824234962463,2c51fb49a70c8aa2f65c5eeacc567b3bb758ade002189f8e960a0d8051022173,0fe2754d4026fc44ed5aa793360790faeb34d3e757beff811cab940104166f7f,c95e07f0c66dbcd64a6e1cf461dfb43e5b9218e54a70b206b183eacb190514f7,0.20669502019882202,True,IRMv1,LINEAR_COMBINATION,LINEAR_COMBINATION,LINEAR_COMBINATION,u007,LINEAR_COMBINATION,LINEAR_COMBINATION,LINEAR_COMBINATION,LINEAR_COMBINATION,True,LINEAR_COMBINATION,LINEAR_COMBINATION,11,0.16822749376296997,False
5,-1,0.05246981233358383,2c51fb49a70c8aa2f65c5eeacc567b3bb758ade002189f8e960a0d8051022173,21a47bfb849843e77e9072e12b605b207fbc4e66ac1885f3525a5a479a2ceca9,7c309a12da4208b9ba567ad6160c67443f4f7824fb8286045fabf477f4c9a608,1.2638057470321655,True,IRMv1,LINEAR_COMBINATION,LINEAR_COMBINATION,LINEAR_COMBINATION,u007,LINEAR_COMBINATION,LINEAR_COMBINATION,LINEAR_COMBINATION,LINEAR_COMBINATION,True,LINEAR_COMBINATION,LINEAR_COMBINATION,11,1.021660566329956,False
20,-1,0.1790855973958969,2c51fb49a70c8aa2f65c5eeacc567b3bb758ade002189f8e960a0d8051022173,62d96fd5fcc246e38948136c8ccd486abb8765e69f9f7255b3d28b83ad9f6f3b,7d071ded0c22ce82406177ffb19036f87c89aca0423875214aebeac9f861853e,4.0470685958862305,True,IRMv1,LINEAR_COMBINATION,LINEAR_COMBINATION,LINEAR_COMBINATION,u007,LINEAR_COMBINATION,LINEAR_COMBINATION,LINEAR_COMBINATION,LINEAR_COMBINATION,True,LINEAR_COMBINATION,LINEAR_COMBINATION,11,3.2779288291931152,False
1,-1,0.007952824234962463,2c51fb49a70c8aa2f65c5eeacc567b3bb758ade002189f8e960a0d8051022173,0fe2754d4026fc44ed5aa793360790faeb34d3e757beff811cab940104166f7f,c95e07f0c66dbcd64a6e1cf461dfb43e5b9218e54a70b206b183eacb190514f7,0.20669502019882202,True,IRMv1,LINEAR_COMBINATION,LINEAR_COMBINATION,LINEAR_COMBINATION,u008,LINEAR_COMBINATION,LINEAR_COMBINATION,LINEAR_COMBINATION,LINEAR_COMBINATION,True,LINEAR_COMBINATION,LINEAR_COMBINATION,11,0.16822749376296997,False
5,-1,0.05246981233358383,2c51fb49a70c8aa2f65c5eeacc567b3bb758ade002189f8e960a0d8051022173,21a47bfb849843e77e9072e12b605b207fbc4e66ac1885f3525a5a479a2ceca9,7c309a12da4208b9ba567ad6160c67443f4f7824fb8286045fabf477f4c9a608,1.2638057470321655,True,IRMv1,LINEAR_COMBINATION,LINEAR_COMBINATION,LINEAR_COMBINATION,u008,LINEAR_COMBINATION,LINEAR_COMBINATION,LINEAR_COMBINATION,LINEAR_COMBINATION,True,LINEAR_COMBINATION,LINEAR_COMBINATION,11,1.021660566329956,False
20,-1,0.1790855973958969,2c51fb49a70c8aa2f65c5eeacc567b3bb758ade002189f8e960a0d8051022173,62d96fd5fcc246e38948136c8ccd486abb8765e69f9f7255b3d28b83ad9f6f3b,7d071ded0c22ce82406177ffb19036f87c89aca0423875214aebeac9f861853e,4.0470685958862305,True,IRMv1,LINEAR_COMBINATION,LINEAR_COMBINATION,LINEAR_COMBINATION,u008,LINEAR_COMBINATION,LINEAR_COMBINATION,LINEAR_COMBINATION,LINEAR_COMBINATION,True,LINEAR_COMBINATION,LINEAR_COMBINATION,11,3.2779288291931152,False
1,-1,0.36668795347213745,2c51fb49a70c8aa2f65c5eeacc567b3bb758ade002189f8e960a0d8051022173,0fe2754d4026fc44ed5aa793360790faeb34d3e757beff811cab940104166f7f,c95e07f0c66dbcd64a6e1cf461dfb43e5b9218e54a70b206b183eacb190514f7,5.8246893882751465,True,IRMv1,LINEAR_COMBINATION,LINEAR_COMBINATION,LINEAR_COMBINATION,u009,LINEAR_COMBINATION,LINEAR_COMBINATION,LINEAR_COMBINATION,LINEAR_COMBINATION,True,LINEAR_COMBINATION,LINEAR_COMBINATION,11,4.648401737213135,False
5,-1,2.8823843002319336,2c51fb49a70c8aa2f65c5eeacc567b3bb758ade002189f8e960a0d8051022173,21a47bfb849843e77e9072e12b605b207fbc4e66ac1885f3525a5a479a2ceca9,7c309a12da4208b9ba567ad6160c67443f4f7824fb8286045fabf477f4c9a608,44.86587142944336,True,IRMv1,LINEAR_COMBINATION,LINEAR_COMBINATION,LINEAR_COMBINATION,u009,LINEAR_COMBINATION,LINEAR_COMBINATION,LINEAR_COMBINATION,LINEAR_COMBINATION,True,LINEAR_COMBINATION,LINEAR_COMBINATION,11,35.753658294677734,False
20,-1,2.6837711334228516,2c51fb49a70c8aa2f65c5eeacc567b3bb758ade002189f8e960a0d8051022173,62d96fd5fcc246e38948136c8ccd486abb8765e69f9f7255b3d28b83ad9f6f3b,7d071ded0c22ce82406177ffb19036f87c89aca0423875214aebeac9f861853e,41.0427360534668,True,IRMv1,LINEAR_COMBINATION,LINEAR_COMBINATION,LINEAR_COMBINATION,u009,LINEAR_COMBINATION,LINEAR_COMBINATION,LINEAR_COMBINATION,LINEAR_COMBINATION,True,LINEAR_COMBINATION,LINEAR_COMBINATION,11,32.53495407104492,False
1,-1,0.36668795347213745,2c51fb49a70c8aa2f65c5eeacc567b3bb758ade002189f8e960a0d8051022173,0fe2754d4026fc44ed5aa793360790faeb34d3e757beff811cab940104166f7f,c95e07f0c66dbcd64a6e1cf461dfb43e5b9218e54a70b206b183eacb190514f7,5.8246893882751465,True,IRMv1,LINEAR_COMBINATION,LINEAR_COMBINATION,LINEAR_COMBINATION,u010,LINEAR_COMBINATION,LINEAR_COMBINATION,LINEAR_COMBINATION,LINEAR_COMBINATION,True,LINEAR_COMBINATION,LINEAR_COMBINATION,11,4.648401737213135,False
5,-1,2.8823843002319336,2c51fb49a70c8aa2f65c5eeacc567b3bb758ade002189f8e960a0d8051022173,21a47bfb849843e77e9072e12b605b207fbc4e66ac1885f3525a5a479a2ceca9,7c309a12da4208b9ba567ad6160c67443f4f7824fb8286045fabf477f4c9a608,44.86587142944336,True,IRMv1,LINEAR_COMBINATION,LINEAR_COMBINATION,LINEAR_COMBINATION,u010,LINEAR_COMBINATION,LINEAR_COMBINATION,LINEAR_COMBINATION,LINEAR_COMBINATION,True,LINEAR_COMBINATION,LINEAR_COMBINATION,11,35.753658294677734,False
20,-1,2.6837711334228516,2c51fb49a70c8aa2f65c5eeacc567b3bb758ade002189f8e960a0d8051022173,62d96fd5fcc246e38948136c8ccd486abb8765e69f9f7255b3d28b83ad9f6f3b,7d071ded0c22ce82406177ffb19036f87c89aca0423875214aebeac9f861853e,41.0427360534668,True,IRMv1,LINEAR_COMBINATION,LINEAR_COMBINATION,LINEAR_COMBINATION,u010,LINEAR_COMBINATION,LINEAR_COMBINATION,LINEAR_COMBINATION,LINEAR_COMBINATION,True,LINEAR_COMBINATION,LINEAR_COMBINATION,11,32.53495407104492,False
1,0,0.14978817105293274,1d154b47e0223c31a297a00e557c5233a54d12e39b9dac09ab3b2e3ce8e58cfd,93a076d6faee1dfc283cae2bd1b7cae73f8d0c8c6ec421d7c7432a1a2177a44b,2bbc3ee389b7cdc2a09b87190d043f424c4f958b9140ec03fe645798d4fc1736,0.7505341172218323,True,VREX,1d154b47e0223c31a297a00e557c5233a54d12e39b9dac09ab3b2e3ce8e58cfd,9ed6035d8ccf28c8e740bc0264ba9d4503e352d4260e6583d10f0fcef9b7db8a,cd04d87b82d915559c3008ded7639463aa7c37108e94883b0074dd7107b336ca,u000,1d154b47e0223c31a297a00e557c5233a54d12e39b9dac09ab3b2e3ce8e58cfd,e09cd82119e5e63681da6531891a1148cb6a1e82c8a5ce4dd21e590fc33de77b,a7226e585275c4e35a2436399f01e0e5af3907b1db118948506cd778704dcf9d,1d154b47e0223c31a297a00e557c5233a54d12e39b9dac09ab3b2e3ce8e58cfd,True,e09cd82119e5e63681da6531891a1148cb6a1e82c8a5ce4dd21e590fc33de77b,a7226e585275c4e35a2436399f01e0e5af3907b1db118948506cd778704dcf9d,11,0.5932307839393616,False
5,0,1.1521077156066895,1d154b47e0223c31a297a00e557c5233a54d12e39b9dac09ab3b2e3ce8e58cfd,afdb0fe2294818c3f4da5158bdb6ffebabaf35240a31cc641c7372f1fa674b89,018a644ac91d3c2d26facafd21230a28c7a22bd8b32acbe7dd64f25e5ba8e1d8,7.893647193908691,True,VREX,1d154b47e0223c31a297a00e557c5233a54d12e39b9dac09ab3b2e3ce8e58cfd,1ea6877bf07e1ea21081304a6875344de8bfb9439f17545ffeb3175869239da9,bce2eca78bc59c14dcc3e765a9ddf467bdfd849d913ff5ff51bab30e0c1297f2,u000,1d154b47e0223c31a297a00e557c5233a54d12e39b9dac09ab3b2e3ce8e58cfd,2c814906cfa5cc696349f95184cd6433af381d02601e7c9c6d230e16a619a183,0f0876cf4cbafe1693afc9644a7c59ad44b37da44e6639e1f97fc2286f941f15,1d154b47e0223c31a297a00e557c5233a54d12e39b9dac09ab3b2e3ce8e58cfd,True,2c814906cfa5cc696349f95184cd6433af381d02601e7c9c6d230e16a619a183,0f0876cf4cbafe1693afc9644a7c59ad44b37da44e6639e1f97fc2286f941f15,11,6.194843292236328,False
20,0,3.0854732990264893,1d154b47e0223c31a297a00e557c5233a54d12e39b9dac09ab3b2e3ce8e58cfd,888f5c28c15e574c313845ec4f1fbb8fc635d49cac50a8469639d6e297607aad,d8f9fd2797bf13a2777dab0cf3976e5d70db5e93db80f59cb2a14eaa76d860a3,7.592601776123047,True,VREX,1d154b47e0223c31a297a00e557c5233a54d12e39b9dac09ab3b2e3ce8e58cfd,8047fc122765c43fe1a50c2d35a1625a11aded33029cec1727319726e50a630a,bb9dd5c3c472fb56cced0256aef8adadebd397c0543f1d0b7422872a89058992,u000,1d154b47e0223c31a297a00e557c5233a54d12e39b9dac09ab3b2e3ce8e58cfd,678224bb3b0290a149803ad753e0bea78f1df865c5d27b68e460dfa63c1a85c0,bb8c943d12a8bcda4d24839c9b60fc8fe7c02f4328ed4d8a60b44b91519125b8,1d154b47e0223c31a297a00e557c5233a54d12e39b9dac09ab3b2e3ce8e58cfd,True,678224bb3b0290a149803ad753e0bea78f1df865c5d27b68e460dfa63c1a85c0,bb8c943d12a8bcda4d24839c9b60fc8fe7c02f4328ed4d8a60b44b91519125b8,11,5.951205253601074,False
1,1,0.15913565456867218,1d154b47e0223c31a297a00e557c5233a54d12e39b9dac09ab3b2e3ce8e58cfd,93a076d6faee1dfc283cae2bd1b7cae73f8d0c8c6ec421d7c7432a1a2177a44b,2bbc3ee389b7cdc2a09b87190d043f424c4f958b9140ec03fe645798d4fc1736,0.7523558139801025,True,VREX,1d154b47e0223c31a297a00e557c5233a54d12e39b9dac09ab3b2e3ce8e58cfd,8968fb96de612789d790ae9b26fd17fedf7cddb1441b4ec3d744beb9943dd043,622936c65398b80e143cbb6af9b4a0af6e08543c36b3cf02cf5533f6f62089ab,u001,1d154b47e0223c31a297a00e557c5233a54d12e39b9dac09ab3b2e3ce8e58cfd,13414fbc184fddd45aed38850515ca6250a5fde7169dbb5b7dd268905f4601a7,0ebd78d7f249e5c4f17305e8fcfd76e12946f65dc861aef71d621fc2438bfc5b,1d154b47e0223c31a297a00e557c5233a54d12e39b9dac09ab3b2e3ce8e58cfd,True,13414fbc184fddd45aed38850515ca6250a5fde7169dbb5b7dd268905f4601a7,0ebd78d7f249e5c4f17305e8fcfd76e12946f65dc861aef71d621fc2438bfc5b,11,0.5990119576454163,False
5,1,1.1580866575241089,1d154b47e0223c31a297a00e557c5233a54d12e39b9dac09ab3b2e3ce8e58cfd,afdb0fe2294818c3f4da5158bdb6ffebabaf35240a31cc641c7372f1fa674b89,018a644ac91d3c2d26facafd21230a28c7a22bd8b32acbe7dd64f25e5ba8e1d8,7.615879535675049,True,VREX,1d154b47e0223c31a297a00e557c5233a54d12e39b9dac09ab3b2e3ce8e58cfd,5de3f48bda6031a996f4891c885ea14406f9c0b5259b0743769bacca499f5aca,3b9f8da78c9d0194dffc01c293dc035c1cfda307688527cf3431b0eb214ad30b,u001,1d154b47e0223c31a297a00e557c5233a54d12e39b9dac09ab3b2e3ce8e58cfd,29a3a29748a647af3c35e7d2a5ba2b1c6dbbbe327da2e8921e937d4314a96563,3ffde533bd76ad6421f9beaad78ad316480a0139fc5a256f36c3c8f72be8419e,1d154b47e0223c31a297a00e557c5233a54d12e39b9dac09ab3b2e3ce8e58cfd,True,29a3a29748a647af3c35e7d2a5ba2b1c6dbbbe327da2e8921e937d4314a96563,3ffde533bd76ad6421f9beaad78ad316480a0139fc5a256f36c3c8f72be8419e,11,6.00800895690918,False
20,1,2.8656725883483887,1d154b47e0223c31a297a00e557c5233a54d12e39b9dac09ab3b2e3ce8e58cfd,888f5c28c15e574c313845ec4f1fbb8fc635d49cac50a8469639d6e297607aad,d8f9fd2797bf13a2777dab0cf3976e5d70db5e93db80f59cb2a14eaa76d860a3,7.832616329193115,True,VREX,1d154b47e0223c31a297a00e557c5233a54d12e39b9dac09ab3b2e3ce8e58cfd,fc825c5420d85a46857c0957bce028cf0bff5aa56924d56b8b8e725eb2f8eacc,1575a74af256e2d4231bcd69d68babe3d9164a65e11d79a40294bacf6dc1cb1a,u001,1d154b47e0223c31a297a00e557c5233a54d12e39b9dac09ab3b2e3ce8e58cfd,c3b46bdd5c57ab6812345d59af638a39badadaa2a6f9fca3e794f7c9e402282c,923f51139f69791d5e21bf0292ff67f22a1cad2275fa2eb4b5e8768e192b0b06,1d154b47e0223c31a297a00e557c5233a54d12e39b9dac09ab3b2e3ce8e58cfd,True,c3b46bdd5c57ab6812345d59af638a39badadaa2a6f9fca3e794f7c9e402282c,923f51139f69791d5e21bf0292ff67f22a1cad2275fa2eb4b5e8768e192b0b06,11,6.044538497924805,False
1,2,0.0,1d154b47e0223c31a297a00e557c5233a54d12e39b9dac09ab3b2e3ce8e58cfd,93a076d6faee1dfc283cae2bd1b7cae73f8d0c8c6ec421d7c7432a1a2177a44b,2bbc3ee389b7cdc2a09b87190d043f424c4f958b9140ec03fe645798d4fc1736,0.0,True,VREX,LINEAR_COMBINATION,LINEAR_COMBINATION,LINEAR_COMBINATION,u002,LINEAR_COMBINATION,LINEAR_COMBINATION,LINEAR_COMBINATION,LINEAR_COMBINATION,True,LINEAR_COMBINATION,LINEAR_COMBINATION,11,0.0,False
5,2,0.0,1d154b47e0223c31a297a00e557c5233a54d12e39b9dac09ab3b2e3ce8e58cfd,afdb0fe2294818c3f4da5158bdb6ffebabaf35240a31cc641c7372f1fa674b89,018a644ac91d3c2d26facafd21230a28c7a22bd8b32acbe7dd64f25e5ba8e1d8,0.0,True,VREX,LINEAR_COMBINATION,LINEAR_COMBINATION,LINEAR_COMBINATION,u002,LINEAR_COMBINATION,LINEAR_COMBINATION,LINEAR_COMBINATION,LINEAR_COMBINATION,True,LINEAR_COMBINATION,LINEAR_COMBINATION,11,0.0,False
20,2,0.0,1d154b47e0223c31a297a00e557c5233a54d12e39b9dac09ab3b2e3ce8e58cfd,888f5c28c15e574c313845ec4f1fbb8fc635d49cac50a8469639d6e297607aad,d8f9fd2797bf13a2777dab0cf3976e5d70db5e93db80f59cb2a14eaa76d860a3,0.0,True,VREX,LINEAR_COMBINATION,LINEAR_COMBINATION,LINEAR_COMBINATION,u002,LINEAR_COMBINATION,LINEAR_COMBINATION,LINEAR_COMBINATION,LINEAR_COMBINATION,True,LINEAR_COMBINATION,LINEAR_COMBINATION,11,0.0,False
1,3,0.02656850405037403,1d154b47e0223c31a297a00e557c5233a54d12e39b9dac09ab3b2e3ce8e58cfd,93a076d6faee1dfc283cae2bd1b7cae73f8d0c8c6ec421d7c7432a1a2177a44b,2bbc3ee389b7cdc2a09b87190d043f424c4f958b9140ec03fe645798d4fc1736,0.03987710550427437,True,VREX,1d154b47e0223c31a297a00e557c5233a54d12e39b9dac09ab3b2e3ce8e58cfd,7169d6c728990f4b6e640187f09575acb38a802405cd30a8b66b65be18c75396,092777719887725c0feeef81e2b1f7c1f8ca9fa11cbbd0568f61e0cf17834dec,u003,1d154b47e0223c31a297a00e557c5233a54d12e39b9dac09ab3b2e3ce8e58cfd,f999e939d16396fabf8a8142e913798c1da681a630969def7b6fb9394d5a456b,1f33bdfea3f6c2267eca51a18af2b154d5e47b0e954dcfe7a29420a97df4043b,1d154b47e0223c31a297a00e557c5233a54d12e39b9dac09ab3b2e3ce8e58cfd,True,f999e939d16396fabf8a8142e913798c1da681a630969def7b6fb9394d5a456b,1f33bdfea3f6c2267eca51a18af2b154d5e47b0e954dcfe7a29420a97df4043b,11,0.03210948035120964,False
5,3,0.07222925871610641,1d154b47e0223c31a297a00e557c5233a54d12e39b9dac09ab3b2e3ce8e58cfd,afdb0fe2294818c3f4da5158bdb6ffebabaf35240a31cc641c7372f1fa674b89,018a644ac91d3c2d26facafd21230a28c7a22bd8b32acbe7dd64f25e5ba8e1d8,0.2862471044063568,True,VREX,1d154b47e0223c31a297a00e557c5233a54d12e39b9dac09ab3b2e3ce8e58cfd,dec45227fec6f1c912caacdd8d53e086fb35f6467b9dba9357c241fba0989333,c0706d0b105cfc229a817dc4d7ace45f80eae6e585700c20446b530ee67e24e3,u003,1d154b47e0223c31a297a00e557c5233a54d12e39b9dac09ab3b2e3ce8e58cfd,b9aaa69f0494ec330a509a3393af7241eea4e3ae289f48d3ed372fcaecc853ec,ad66eaa9a0427d3abf527a908caeaa558041f249695bdb40cd79e23e34401c05,1d154b47e0223c31a297a00e557c5233a54d12e39b9dac09ab3b2e3ce8e58cfd,True,b9aaa69f0494ec330a509a3393af7241eea4e3ae289f48d3ed372fcaecc853ec,ad66eaa9a0427d3abf527a908caeaa558041f249695bdb40cd79e23e34401c05,11,0.22508780658245087,False
20,3,1.0100919008255005,1d154b47e0223c31a297a00e557c5233a54d12e39b9dac09ab3b2e3ce8e58cfd,888f5c28c15e574c313845ec4f1fbb8fc635d49cac50a8469639d6e297607aad,d8f9fd2797bf13a2777dab0cf3976e5d70db5e93db80f59cb2a14eaa76d860a3,1.7249571084976196,True,VREX,1d154b47e0223c31a297a00e557c5233a54d12e39b9dac09ab3b2e3ce8e58cfd,1a32a5c90530cfcb373619c85fd0da4e59796b72955071b486f6274e3402d57a,fc3005a3bb269617c7fe1d0ba0b9fa15bcf7d2ca33d7304fa82854df39cbb110,u003,1d154b47e0223c31a297a00e557c5233a54d12e39b9dac09ab3b2e3ce8e58cfd,fba150487434ef6d9163a8e460ce176a3c9b18940d9b1670caac6969a3fd904b,682aff158a68c5f9b3fd0178eca768a07255025c7b65d8de7c9445ac74a380c0,1d154b47e0223c31a297a00e557c5233a54d12e39b9dac09ab3b2e3ce8e58cfd,True,fba150487434ef6d9163a8e460ce176a3c9b18940d9b1670caac6969a3fd904b,682aff158a68c5f9b3fd0178eca768a07255025c7b65d8de7c9445ac74a380c0,11,1.3106653690338135,False
1,4,0.0,1d154b47e0223c31a297a00e557c5233a54d12e39b9dac09ab3b2e3ce8e58cfd,93a076d6faee1dfc283cae2bd1b7cae73f8d0c8c6ec421d7c7432a1a2177a44b,2bbc3ee389b7cdc2a09b87190d043f424c4f958b9140ec03fe645798d4fc1736,0.0,True,VREX,LINEAR_COMBINATION,LINEAR_COMBINATION,LINEAR_COMBINATION,u004,LINEAR_COMBINATION,LINEAR_COMBINATION,LINEAR_COMBINATION,LINEAR_COMBINATION,True,LINEAR_COMBINATION,LINEAR_COMBINATION,11,0.0,False
5,4,0.0,1d154b47e0223c31a297a00e557c5233a54d12e39b9dac09ab3b2e3ce8e58cfd,afdb0fe2294818c3f4da5158bdb6ffebabaf35240a31cc641c7372f1fa674b89,018a644ac91d3c2d26facafd21230a28c7a22bd8b32acbe7dd64f25e5ba8e1d8,0.0,True,VREX,LINEAR_COMBINATION,LINEAR_COMBINATION,LINEAR_COMBINATION,u004,LINEAR_COMBINATION,LINEAR_COMBINATION,LINEAR_COMBINATION,LINEAR_COMBINATION,True,LINEAR_COMBINATION,LINEAR_COMBINATION,11,0.0,False
20,4,0.0,1d154b47e0223c31a297a00e557c5233a54d12e39b9dac09ab3b2e3ce8e58cfd,888f5c28c15e574c313845ec4f1fbb8fc635d49cac50a8469639d6e297607aad,d8f9fd2797bf13a2777dab0cf3976e5d70db5e93db80f59cb2a14eaa76d860a3,0.0,True,VREX,LINEAR_COMBINATION,LINEAR_COMBINATION,LINEAR_COMBINATION,u004,LINEAR_COMBINATION,LINEAR_COMBINATION,LINEAR_COMBINATION,LINEAR_COMBINATION,True,LINEAR_COMBINATION,LINEAR_COMBINATION,11,0.0,False
1,-1,0.007764301262795925,1d154b47e0223c31a297a00e557c5233a54d12e39b9dac09ab3b2e3ce8e58cfd,93a076d6faee1dfc283cae2bd1b7cae73f8d0c8c6ec421d7c7432a1a2177a44b,2bbc3ee389b7cdc2a09b87190d043f424c4f958b9140ec03fe645798d4fc1736,0.012763035483658314,True,VREX,LINEAR_COMBINATION,LINEAR_COMBINATION,LINEAR_COMBINATION,u005,LINEAR_COMBINATION,LINEAR_COMBINATION,LINEAR_COMBINATION,LINEAR_COMBINATION,True,LINEAR_COMBINATION,LINEAR_COMBINATION,11,0.0106259286403656,False
5,-1,0.03268980234861374,1d154b47e0223c31a297a00e557c5233a54d12e39b9dac09ab3b2e3ce8e58cfd,afdb0fe2294818c3f4da5158bdb6ffebabaf35240a31cc641c7372f1fa674b89,018a644ac91d3c2d26facafd21230a28c7a22bd8b32acbe7dd64f25e5ba8e1d8,0.21295863389968872,True,VREX,LINEAR_COMBINATION,LINEAR_COMBINATION,LINEAR_COMBINATION,u005,LINEAR_COMBINATION,LINEAR_COMBINATION,LINEAR_COMBINATION,LINEAR_COMBINATION,True,LINEAR_COMBINATION,LINEAR_COMBINATION,11,0.1443948596715927,False
20,-1,0.18898987770080566,1d154b47e0223c31a297a00e557c5233a54d12e39b9dac09ab3b2e3ce8e58cfd,888f5c28c15e574c313845ec4f1fbb8fc635d49cac50a8469639d6e297607aad,d8f9fd2797bf13a2777dab0cf3976e5d70db5e93db80f59cb2a14eaa76d860a3,0.48676779866218567,True,VREX,LINEAR_COMBINATION,LINEAR_COMBINATION,LINEAR_COMBINATION,u005,LINEAR_COMBINATION,LINEAR_COMBINATION,LINEAR_COMBINATION,LINEAR_COMBINATION,True,LINEAR_COMBINATION,LINEAR_COMBINATION,11,0.3071804642677307,False
1,-1,0.218404158949852,1d154b47e0223c31a297a00e557c5233a54d12e39b9dac09ab3b2e3ce8e58cfd,93a076d6faee1dfc283cae2bd1b7cae73f8d0c8c6ec421d7c7432a1a2177a44b,2bbc3ee389b7cdc2a09b87190d043f424c4f958b9140ec03fe645798d4fc1736,1.0626277923583984,True,VREX,LINEAR_COMBINATION,LINEAR_COMBINATION,LINEAR_COMBINATION,u006,LINEAR_COMBINATION,LINEAR_COMBINATION,LINEAR_COMBINATION,LINEAR_COMBINATION,True,LINEAR_COMBINATION,LINEAR_COMBINATION,11,0.8429858684539795,False
5,-1,1.6332323551177979,1d154b47e0223c31a297a00e557c5233a54d12e39b9dac09ab3b2e3ce8e58cfd,afdb0fe2294818c3f4da5158bdb6ffebabaf35240a31cc641c7372f1fa674b89,018a644ac91d3c2d26facafd21230a28c7a22bd8b32acbe7dd64f25e5ba8e1d8,10.966582298278809,True,VREX,LINEAR_COMBINATION,LINEAR_COMBINATION,LINEAR_COMBINATION,u006,LINEAR_COMBINATION,LINEAR_COMBINATION,LINEAR_COMBINATION,LINEAR_COMBINATION,True,LINEAR_COMBINATION,LINEAR_COMBINATION,11,8.628522872924805,False
20,-1,4.206722259521484,1d154b47e0223c31a297a00e557c5233a54d12e39b9dac09ab3b2e3ce8e58cfd,888f5c28c15e574c313845ec4f1fbb8fc635d49cac50a8469639d6e297607aad,d8f9fd2797bf13a2777dab0cf3976e5d70db5e93db80f59cb2a14eaa76d860a3,10.897729873657227,True,VREX,LINEAR_COMBINATION,LINEAR_COMBINATION,LINEAR_COMBINATION,u006,LINEAR_COMBINATION,LINEAR_COMBINATION,LINEAR_COMBINATION,LINEAR_COMBINATION,True,LINEAR_COMBINATION,LINEAR_COMBINATION,11,8.47696590423584,False
1,-1,0.0054901898838579655,1d154b47e0223c31a297a00e557c5233a54d12e39b9dac09ab3b2e3ce8e58cfd,93a076d6faee1dfc283cae2bd1b7cae73f8d0c8c6ec421d7c7432a1a2177a44b,2bbc3ee389b7cdc2a09b87190d043f424c4f958b9140ec03fe645798d4fc1736,0.009024829603731632,True,VREX,LINEAR_COMBINATION,LINEAR_COMBINATION,LINEAR_COMBINATION,u007,LINEAR_COMBINATION,LINEAR_COMBINATION,LINEAR_COMBINATION,LINEAR_COMBINATION,True,LINEAR_COMBINATION,LINEAR_COMBINATION,11,0.007513666991144419,False
5,-1,0.023115182295441628,1d154b47e0223c31a297a00e557c5233a54d12e39b9dac09ab3b2e3ce8e58cfd,afdb0fe2294818c3f4da5158bdb6ffebabaf35240a31cc641c7372f1fa674b89,018a644ac91d3c2d26facafd21230a28c7a22bd8b32acbe7dd64f25e5ba8e1d8,0.15058450400829315,True,VREX,LINEAR_COMBINATION,LINEAR_COMBINATION,LINEAR_COMBINATION,u007,LINEAR_COMBINATION,LINEAR_COMBINATION,LINEAR_COMBINATION,LINEAR_COMBINATION,True,LINEAR_COMBINATION,LINEAR_COMBINATION,11,0.10210257768630981,False
20,-1,0.13363602757453918,1d154b47e0223c31a297a00e557c5233a54d12e39b9dac09ab3b2e3ce8e58cfd,888f5c28c15e574c313845ec4f1fbb8fc635d49cac50a8469639d6e297607aad,d8f9fd2797bf13a2777dab0cf3976e5d70db5e93db80f59cb2a14eaa76d860a3,0.3441968560218811,True,VREX,LINEAR_COMBINATION,LINEAR_COMBINATION,LINEAR_COMBINATION,u007,LINEAR_COMBINATION,LINEAR_COMBINATION,LINEAR_COMBINATION,LINEAR_COMBINATION,True,LINEAR_COMBINATION,LINEAR_COMBINATION,11,0.21720939874649048,False
1,-1,0.0054901898838579655,1d154b47e0223c31a297a00e557c5233a54d12e39b9dac09ab3b2e3ce8e58cfd,93a076d6faee1dfc283cae2bd1b7cae73f8d0c8c6ec421d7c7432a1a2177a44b,2bbc3ee389b7cdc2a09b87190d043f424c4f958b9140ec03fe645798d4fc1736,0.009024829603731632,True,VREX,LINEAR_COMBINATION,LINEAR_COMBINATION,LINEAR_COMBINATION,u008,LINEAR_COMBINATION,LINEAR_COMBINATION,LINEAR_COMBINATION,LINEAR_COMBINATION,True,LINEAR_COMBINATION,LINEAR_COMBINATION,11,0.007513666991144419,False
5,-1,0.023115182295441628,1d154b47e0223c31a297a00e557c5233a54d12e39b9dac09ab3b2e3ce8e58cfd,afdb0fe2294818c3f4da5158bdb6ffebabaf35240a31cc641c7372f1fa674b89,018a644ac91d3c2d26facafd21230a28c7a22bd8b32acbe7dd64f25e5ba8e1d8,0.15058450400829315,True,VREX,LINEAR_COMBINATION,LINEAR_COMBINATION,LINEAR_COMBINATION,u008,LINEAR_COMBINATION,LINEAR_COMBINATION,LINEAR_COMBINATION,LINEAR_COMBINATION,True,LINEAR_COMBINATION,LINEAR_COMBINATION,11,0.10210257768630981,False
20,-1,0.13363602757453918,1d154b47e0223c31a297a00e557c5233a54d12e39b9dac09ab3b2e3ce8e58cfd,888f5c28c15e574c313845ec4f1fbb8fc635d49cac50a8469639d6e297607aad,d8f9fd2797bf13a2777dab0cf3976e5d70db5e93db80f59cb2a14eaa76d860a3,0.3441968560218811,True,VREX,LINEAR_COMBINATION,LINEAR_COMBINATION,LINEAR_COMBINATION,u008,LINEAR_COMBINATION,LINEAR_COMBINATION,LINEAR_COMBINATION,LINEAR_COMBINATION,True,LINEAR_COMBINATION,LINEAR_COMBINATION,11,0.21720939874649048,False
1,-1,0.01878676936030388,1d154b47e0223c31a297a00e557c5233a54d12e39b9dac09ab3b2e3ce8e58cfd,93a076d6faee1dfc283cae2bd1b7cae73f8d0c8c6ec421d7c7432a1a2177a44b,2bbc3ee389b7cdc2a09b87190d043f424c4f958b9140ec03fe645798d4fc1736,0.02819737046957016,True,VREX,LINEAR_COMBINATION,LINEAR_COMBINATION,LINEAR_COMBINATION,u009,LINEAR_COMBINATION,LINEAR_COMBINATION,LINEAR_COMBINATION,LINEAR_COMBINATION,True,LINEAR_COMBINATION,LINEAR_COMBINATION,11,0.0227048322558403,False
5,-1,0.051073797047138214,1d154b47e0223c31a297a00e557c5233a54d12e39b9dac09ab3b2e3ce8e58cfd,afdb0fe2294818c3f4da5158bdb6ffebabaf35240a31cc641c7372f1fa674b89,018a644ac91d3c2d26facafd21230a28c7a22bd8b32acbe7dd64f25e5ba8e1d8,0.20240727066993713,True,VREX,LINEAR_COMBINATION,LINEAR_COMBINATION,LINEAR_COMBINATION,u009,LINEAR_COMBINATION,LINEAR_COMBINATION,LINEAR_COMBINATION,LINEAR_COMBINATION,True,LINEAR_COMBINATION,LINEAR_COMBINATION,11,0.15916110575199127,False
20,-1,0.7142428159713745,1d154b47e0223c31a297a00e557c5233a54d12e39b9dac09ab3b2e3ce8e58cfd,888f5c28c15e574c313845ec4f1fbb8fc635d49cac50a8469639d6e297607aad,d8f9fd2797bf13a2777dab0cf3976e5d70db5e93db80f59cb2a14eaa76d860a3,1.2197288274765015,True,VREX,LINEAR_COMBINATION,LINEAR_COMBINATION,LINEAR_COMBINATION,u009,LINEAR_COMBINATION,LINEAR_COMBINATION,LINEAR_COMBINATION,LINEAR_COMBINATION,True,LINEAR_COMBINATION,LINEAR_COMBINATION,11,0.9267802834510803,False
1,-1,0.01878676936030388,1d154b47e0223c31a297a00e557c5233a54d12e39b9dac09ab3b2e3ce8e58cfd,93a076d6faee1dfc283cae2bd1b7cae73f8d0c8c6ec421d7c7432a1a2177a44b,2bbc3ee389b7cdc2a09b87190d043f424c4f958b9140ec03fe645798d4fc1736,0.02819737046957016,True,VREX,LINEAR_COMBINATION,LINEAR_COMBINATION,LINEAR_COMBINATION,u010,LINEAR_COMBINATION,LINEAR_COMBINATION,LINEAR_COMBINATION,LINEAR_COMBINATION,True,LINEAR_COMBINATION,LINEAR_COMBINATION,11,0.0227048322558403,False
5,-1,0.051073797047138214,1d154b47e0223c31a297a00e557c5233a54d12e39b9dac09ab3b2e3ce8e58cfd,afdb0fe2294818c3f4da5158bdb6ffebabaf35240a31cc641c7372f1fa674b89,018a644ac91d3c2d26facafd21230a28c7a22bd8b32acbe7dd64f25e5ba8e1d8,0.20240727066993713,True,VREX,LINEAR_COMBINATION,LINEAR_COMBINATION,LINEAR_COMBINATION,u010,LINEAR_COMBINATION,LINEAR_COMBINATION,LINEAR_COMBINATION,LINEAR_COMBINATION,True,LINEAR_COMBINATION,LINEAR_COMBINATION,11,0.15916110575199127,False
20,-1,0.7142428159713745,1d154b47e0223c31a297a00e557c5233a54d12e39b9dac09ab3b2e3ce8e58cfd,888f5c28c15e574c313845ec4f1fbb8fc635d49cac50a8469639d6e297607aad,d8f9fd2797bf13a2777dab0cf3976e5d70db5e93db80f59cb2a14eaa76d860a3,1.2197288274765015,True,VREX,LINEAR_COMBINATION,LINEAR_COMBINATION,LINEAR_COMBINATION,u010,LINEAR_COMBINATION,LINEAR_COMBINATION,LINEAR_COMBINATION,LINEAR_COMBINATION,True,LINEAR_COMBINATION,LINEAR_COMBINATION,11,0.9267802834510803,False
1,0,0.8305765986442566,cf84a347dbf54f3e9b1fbdae567f661befa0148df962d84e2338f73b45997d6c,c487fe80db2080348695f0fefc8f32503ed7814997b06f93025cbe50b84b3df1,63bc8d41673411b7a71672279afe3a6cb194e855b890e171ff14bca502b21bf5,17.628360748291016,True,CORAL,cf84a347dbf54f3e9b1fbdae567f661befa0148df962d84e2338f73b45997d6c,50b1cd46b1cea2c4f62d3158c573dae9af04d69aea8f4ad9f6adae785bff5959,be7d128b180fb1d3b2ffbaa3007ac830c466a5bd1fa4f4e978c80eb52bde3564,u000,cf84a347dbf54f3e9b1fbdae567f661befa0148df962d84e2338f73b45997d6c,78f84c687fe7db630770855a5c4ebfd4f82146b917be07182ec7f7c0bddc00b8,75bb765d47cb8bb9dbc6c74568a3623c849c4b17ace75952ca0444079c5547a1,cf84a347dbf54f3e9b1fbdae567f661befa0148df962d84e2338f73b45997d6c,True,78f84c687fe7db630770855a5c4ebfd4f82146b917be07182ec7f7c0bddc00b8,75bb765d47cb8bb9dbc6c74568a3623c849c4b17ace75952ca0444079c5547a1,11,12.269916534423828,False
5,0,8.35427474975586,cf84a347dbf54f3e9b1fbdae567f661befa0148df962d84e2338f73b45997d6c,47424b027fd28fa51dce7f5d8131b9f25dce55addea42d3bfa5afa78f825c31d,3e96c772cff4e27e87a8cbd71890082b286e2d25d801ca25f5f8f85531acba00,155.82521057128906,True,CORAL,cf84a347dbf54f3e9b1fbdae567f661befa0148df962d84e2338f73b45997d6c,133eacc20e9bb6e6d6a22ed8b90fd59aef258f8ab56771f1895f4b438546152d,f787f2d292ea7fb4d28dac6115178b8eeb389a675cda3ed006315cce9e1a6905,u000,cf84a347dbf54f3e9b1fbdae567f661befa0148df962d84e2338f73b45997d6c,48b26498d0b91b75201b960d4a990ff26bf1c1307979ab8110142af41bf5a923,5d0bb429cfc1fd3238b22a6ab47379eb1603ebe80e748a4819a1e63e24b41fb3,cf84a347dbf54f3e9b1fbdae567f661befa0148df962d84e2338f73b45997d6c,True,48b26498d0b91b75201b960d4a990ff26bf1c1307979ab8110142af41bf5a923,5d0bb429cfc1fd3238b22a6ab47379eb1603ebe80e748a4819a1e63e24b41fb3,11,109.46016693115234,False
20,0,10.404264450073242,cf84a347dbf54f3e9b1fbdae567f661befa0148df962d84e2338f73b45997d6c,08b6135281e6d196f7f3cfc235c666fe13320ba90ffccd66b97283ef9ac42b06,dd4b9b45daedfb54c63de41bb40e7c0c3a76fc517168eb96524c5add43f6eaa8,126.83175659179688,True,CORAL,cf84a347dbf54f3e9b1fbdae567f661befa0148df962d84e2338f73b45997d6c,0b1686a320d52b4ddaec1d8afae95d9a501060bfb625ded93537a969c00ba9f0,721a249138551db3743d4625032017e00b6e6ee3e8edbfae2a40ae6773025429,u000,cf84a347dbf54f3e9b1fbdae567f661befa0148df962d84e2338f73b45997d6c,277982bad08965a18e6223e6001b32265aa6c8ea53e6a8f3286f277e9cdffa11,c8b76e005a6091bde75a171ba8a0c56e3e585ea08d61dac34b05db1f09057863,cf84a347dbf54f3e9b1fbdae567f661befa0148df962d84e2338f73b45997d6c,True,277982bad08965a18e6223e6001b32265aa6c8ea53e6a8f3286f277e9cdffa11,c8b76e005a6091bde75a171ba8a0c56e3e585ea08d61dac34b05db1f09057863,11,91.95195770263672,False
1,1,0.8164926767349243,cf84a347dbf54f3e9b1fbdae567f661befa0148df962d84e2338f73b45997d6c,c487fe80db2080348695f0fefc8f32503ed7814997b06f93025cbe50b84b3df1,63bc8d41673411b7a71672279afe3a6cb194e855b890e171ff14bca502b21bf5,17.160730361938477,True,CORAL,cf84a347dbf54f3e9b1fbdae567f661befa0148df962d84e2338f73b45997d6c,eb4fbd6f3bef2bdd1d01784d4d67e950a4302df6c3e1b929dd43e432be4a0095,427e6326c941c6a4f9c9dd49b22ec82305de70ed6a6f62cf9bc1e6f43c528efb,u001,cf84a347dbf54f3e9b1fbdae567f661befa0148df962d84e2338f73b45997d6c,abfff413e4d6c494135e5e10d5fd1273bd8a44a585b5081966bbfa3209c3433b,6d3e17767e562e9905a16408ce986b7a4da4fbd2b35bfbed708509a9f3e0bdd3,cf84a347dbf54f3e9b1fbdae567f661befa0148df962d84e2338f73b45997d6c,True,abfff413e4d6c494135e5e10d5fd1273bd8a44a585b5081966bbfa3209c3433b,6d3e17767e562e9905a16408ce986b7a4da4fbd2b35bfbed708509a9f3e0bdd3,11,12.089544296264648,False
5,1,7.571282863616943,cf84a347dbf54f3e9b1fbdae567f661befa0148df962d84e2338f73b45997d6c,47424b027fd28fa51dce7f5d8131b9f25dce55addea42d3bfa5afa78f825c31d,3e96c772cff4e27e87a8cbd71890082b286e2d25d801ca25f5f8f85531acba00,154.27464294433594,True,CORAL,cf84a347dbf54f3e9b1fbdae567f661befa0148df962d84e2338f73b45997d6c,9cd1c2304ad229d8ce8d52e157ec460044754f88d278cdbb18786f674a9e5de0,a4b2458fa4a3f88a5cab01d4568a41e326995d6c88d932aa7502e3582f4fcf5d,u001,cf84a347dbf54f3e9b1fbdae567f661befa0148df962d84e2338f73b45997d6c,f62e0f6afb955447df5c784645bfa51dcb8f684b364235aeacdd5ce863a43504,f38e30bd86cf7d3d3221f80dea1e1c32e8065f3f948b161e3754c7a30cecb470,cf84a347dbf54f3e9b1fbdae567f661befa0148df962d84e2338f73b45997d6c,True,f62e0f6afb955447df5c784645bfa51dcb8f684b364235aeacdd5ce863a43504,f38e30bd86cf7d3d3221f80dea1e1c32e8065f3f948b161e3754c7a30cecb470,11,109.26702880859375,False
20,1,15.10230541229248,cf84a347dbf54f3e9b1fbdae567f661befa0148df962d84e2338f73b45997d6c,08b6135281e6d196f7f3cfc235c666fe13320ba90ffccd66b97283ef9ac42b06,dd4b9b45daedfb54c63de41bb40e7c0c3a76fc517168eb96524c5add43f6eaa8,124.63105773925781,True,CORAL,cf84a347dbf54f3e9b1fbdae567f661befa0148df962d84e2338f73b45997d6c,1028eda7ff5e0c38d063b8870640362b6f4eb9576734f3e06e63be441b69eb59,4aa1dbb9144c2c9c033d1c9fb44423771f57142298811fb50892aabd1ff28448,u001,cf84a347dbf54f3e9b1fbdae567f661befa0148df962d84e2338f73b45997d6c,ecfaf19479b425910e8bec8f682715aef7a2b52f39b535e2d1fd0a06eb9a483c,51253bbe26a13c626ea554c81859830fb41512841dc7a02719c9337a291058ad,cf84a347dbf54f3e9b1fbdae567f661befa0148df962d84e2338f73b45997d6c,True,ecfaf19479b425910e8bec8f682715aef7a2b52f39b535e2d1fd0a06eb9a483c,51253bbe26a13c626ea554c81859830fb41512841dc7a02719c9337a291058ad,11,92.58796691894531,False
1,2,0.0,cf84a347dbf54f3e9b1fbdae567f661befa0148df962d84e2338f73b45997d6c,c487fe80db2080348695f0fefc8f32503ed7814997b06f93025cbe50b84b3df1,63bc8d41673411b7a71672279afe3a6cb194e855b890e171ff14bca502b21bf5,0.0,True,CORAL,LINEAR_COMBINATION,LINEAR_COMBINATION,LINEAR_COMBINATION,u002,LINEAR_COMBINATION,LINEAR_COMBINATION,LINEAR_COMBINATION,LINEAR_COMBINATION,True,LINEAR_COMBINATION,LINEAR_COMBINATION,11,0.0,False
5,2,0.0,cf84a347dbf54f3e9b1fbdae567f661befa0148df962d84e2338f73b45997d6c,47424b027fd28fa51dce7f5d8131b9f25dce55addea42d3bfa5afa78f825c31d,3e96c772cff4e27e87a8cbd71890082b286e2d25d801ca25f5f8f85531acba00,0.0,True,CORAL,LINEAR_COMBINATION,LINEAR_COMBINATION,LINEAR_COMBINATION,u002,LINEAR_COMBINATION,LINEAR_COMBINATION,LINEAR_COMBINATION,LINEAR_COMBINATION,True,LINEAR_COMBINATION,LINEAR_COMBINATION,11,0.0,False
20,2,0.0,cf84a347dbf54f3e9b1fbdae567f661befa0148df962d84e2338f73b45997d6c,08b6135281e6d196f7f3cfc235c666fe13320ba90ffccd66b97283ef9ac42b06,dd4b9b45daedfb54c63de41bb40e7c0c3a76fc517168eb96524c5add43f6eaa8,0.0,True,CORAL,LINEAR_COMBINATION,LINEAR_COMBINATION,LINEAR_COMBINATION,u002,LINEAR_COMBINATION,LINEAR_COMBINATION,LINEAR_COMBINATION,LINEAR_COMBINATION,True,LINEAR_COMBINATION,LINEAR_COMBINATION,11,0.0,False
1,3,1.3424201011657715,cf84a347dbf54f3e9b1fbdae567f661befa0148df962d84e2338f73b45997d6c,c487fe80db2080348695f0fefc8f32503ed7814997b06f93025cbe50b84b3df1,63bc8d41673411b7a71672279afe3a6cb194e855b890e171ff14bca502b21bf5,5.612217426300049,True,CORAL,cf84a347dbf54f3e9b1fbdae567f661befa0148df962d84e2338f73b45997d6c,9797d04953813059f3bb617b9b60b6bbbd683eb6226c8ddaf477893a14b0260a,187eac7952f9fa3d36da238b4db5e25c3400456117901584d13c40677f261481,u003,cf84a347dbf54f3e9b1fbdae567f661befa0148df962d84e2338f73b45997d6c,4ab19a967511818c0e1415d713e5fa7151aea7d0f81d3c5873404cb7d9fd2486,6cf0a1a55851320b33cb3869347cd591fad8cc3de5ae9f76ea7549d85f277037,cf84a347dbf54f3e9b1fbdae567f661befa0148df962d84e2338f73b45997d6c,True,4ab19a967511818c0e1415d713e5fa7151aea7d0f81d3c5873404cb7d9fd2486,6cf0a1a55851320b33cb3869347cd591fad8cc3de5ae9f76ea7549d85f277037,11,2.835827112197876,False
5,3,15.952160835266113,cf84a347dbf54f3e9b1fbdae567f661befa0148df962d84e2338f73b45997d6c,47424b027fd28fa51dce7f5d8131b9f25dce55addea42d3bfa5afa78f825c31d,3e96c772cff4e27e87a8cbd71890082b286e2d25d801ca25f5f8f85531acba00,51.77397918701172,True,CORAL,cf84a347dbf54f3e9b1fbdae567f661befa0148df962d84e2338f73b45997d6c,a4c6ab585a822e90de16d1c356fbacc6559d62b40276a06be4fa7661c50a05e2,25d8bbc5dfdcb0daa2d41ff766446c618cb437ba0fa2114d9a47368069eddb05,u003,cf84a347dbf54f3e9b1fbdae567f661befa0148df962d84e2338f73b45997d6c,fc10793c23b36b57a0f3aed4c26b27a5bd0517e149f26fdc8dcbd7f17cc93709,81bdc4cf37665b45d7a68f1770728c4ea0d64becf7577aab3e7ef53e95be39c7,cf84a347dbf54f3e9b1fbdae567f661befa0148df962d84e2338f73b45997d6c,True,fc10793c23b36b57a0f3aed4c26b27a5bd0517e149f26fdc8dcbd7f17cc93709,81bdc4cf37665b45d7a68f1770728c4ea0d64becf7577aab3e7ef53e95be39c7,11,24.386003494262695,False
20,3,79.48987579345703,cf84a347dbf54f3e9b1fbdae567f661befa0148df962d84e2338f73b45997d6c,08b6135281e6d196f7f3cfc235c666fe13320ba90ffccd66b97283ef9ac42b06,dd4b9b45daedfb54c63de41bb40e7c0c3a76fc517168eb96524c5add43f6eaa8,128.25387573242188,True,CORAL,cf84a347dbf54f3e9b1fbdae567f661befa0148df962d84e2338f73b45997d6c,aa0b3b1d1a4009c65033c0e512c14425a300924495cc515e1e8287b522d9a990,64d0945ccb0e382127e8a6ca9172510dc15da425a17fa9152bd2e2b4d3ccc081,u003,cf84a347dbf54f3e9b1fbdae567f661befa0148df962d84e2338f73b45997d6c,7a4e65ba8691a15e5563c60618aa6021fcf33d9bb44b41781ddfb4fedacdd06c,9e4baf63faf09bc0788782dee291afa2987b3567f5898a82f295d305503cf1e1,cf84a347dbf54f3e9b1fbdae567f661befa0148df962d84e2338f73b45997d6c,True,7a4e65ba8691a15e5563c60618aa6021fcf33d9bb44b41781ddfb4fedacdd06c,9e4baf63faf09bc0788782dee291afa2987b3567f5898a82f295d305503cf1e1,11,98.89720916748047,False
1,4,0.0,cf84a347dbf54f3e9b1fbdae567f661befa0148df962d84e2338f73b45997d6c,c487fe80db2080348695f0fefc8f32503ed7814997b06f93025cbe50b84b3df1,63bc8d41673411b7a71672279afe3a6cb194e855b890e171ff14bca502b21bf5,0.0,True,CORAL,LINEAR_COMBINATION,LINEAR_COMBINATION,LINEAR_COMBINATION,u004,LINEAR_COMBINATION,LINEAR_COMBINATION,LINEAR_COMBINATION,LINEAR_COMBINATION,True,LINEAR_COMBINATION,LINEAR_COMBINATION,11,0.0,False
5,4,0.0,cf84a347dbf54f3e9b1fbdae567f661befa0148df962d84e2338f73b45997d6c,47424b027fd28fa51dce7f5d8131b9f25dce55addea42d3bfa5afa78f825c31d,3e96c772cff4e27e87a8cbd71890082b286e2d25d801ca25f5f8f85531acba00,0.0,True,CORAL,LINEAR_COMBINATION,LINEAR_COMBINATION,LINEAR_COMBINATION,u004,LINEAR_COMBINATION,LINEAR_COMBINATION,LINEAR_COMBINATION,LINEAR_COMBINATION,True,LINEAR_COMBINATION,LINEAR_COMBINATION,11,0.0,False
20,4,0.0,cf84a347dbf54f3e9b1fbdae567f661befa0148df962d84e2338f73b45997d6c,08b6135281e6d196f7f3cfc235c666fe13320ba90ffccd66b97283ef9ac42b06,dd4b9b45daedfb54c63de41bb40e7c0c3a76fc517168eb96524c5add43f6eaa8,0.0,True,CORAL,LINEAR_COMBINATION,LINEAR_COMBINATION,LINEAR_COMBINATION,u004,LINEAR_COMBINATION,LINEAR_COMBINATION,LINEAR_COMBINATION,LINEAR_COMBINATION,True,LINEAR_COMBINATION,LINEAR_COMBINATION,11,0.0,False
1,-1,1.1613423824310303,cf84a347dbf54f3e9b1fbdae567f661befa0148df962d84e2338f73b45997d6c,c487fe80db2080348695f0fefc8f32503ed7814997b06f93025cbe50b84b3df1,63bc8d41673411b7a71672279afe3a6cb194e855b890e171ff14bca502b21bf5,24.596885681152344,True,CORAL,LINEAR_COMBINATION,LINEAR_COMBINATION,LINEAR_COMBINATION,u005,LINEAR_COMBINATION,LINEAR_COMBINATION,LINEAR_COMBINATION,LINEAR_COMBINATION,True,LINEAR_COMBINATION,LINEAR_COMBINATION,11,17.22304344177246,False
5,-1,11.17431640625,cf84a347dbf54f3e9b1fbdae567f661befa0148df962d84e2338f73b45997d6c,47424b027fd28fa51dce7f5d8131b9f25dce55addea42d3bfa5afa78f825c31d,3e96c772cff4e27e87a8cbd71890082b286e2d25d801ca25f5f8f85531acba00,219.25498962402344,True,CORAL,LINEAR_COMBINATION,LINEAR_COMBINATION,LINEAR_COMBINATION,u005,LINEAR_COMBINATION,LINEAR_COMBINATION,LINEAR_COMBINATION,LINEAR_COMBINATION,True,LINEAR_COMBINATION,LINEAR_COMBINATION,11,154.6536865234375,False
20,-1,17.80770492553711,cf84a347dbf54f3e9b1fbdae567f661befa0148df962d84e2338f73b45997d6c,08b6135281e6d196f7f3cfc235c666fe13320ba90ffccd66b97283ef9ac42b06,dd4b9b45daedfb54c63de41bb40e7c0c3a76fc517168eb96524c5add43f6eaa8,177.65394592285156,True,CORAL,LINEAR_COMBINATION,LINEAR_COMBINATION,LINEAR_COMBINATION,u005,LINEAR_COMBINATION,LINEAR_COMBINATION,LINEAR_COMBINATION,LINEAR_COMBINATION,True,LINEAR_COMBINATION,LINEAR_COMBINATION,11,130.39871215820312,False
1,-1,0.088327556848526,cf84a347dbf54f3e9b1fbdae567f661befa0148df962d84e2338f73b45997d6c,c487fe80db2080348695f0fefc8f32503ed7814997b06f93025cbe50b84b3df1,63bc8d41673411b7a71672279afe3a6cb194e855b890e171ff14bca502b21bf5,0.49295932054519653,True,CORAL,LINEAR_COMBINATION,LINEAR_COMBINATION,LINEAR_COMBINATION,u006,LINEAR_COMBINATION,LINEAR_COMBINATION,LINEAR_COMBINATION,LINEAR_COMBINATION,True,LINEAR_COMBINATION,LINEAR_COMBINATION,11,0.27338168025016785,False
5,-1,1.5009609460830688,cf84a347dbf54f3e9b1fbdae567f661befa0148df962d84e2338f73b45997d6c,47424b027fd28fa51dce7f5d8131b9f25dce55addea42d3bfa5afa78f825c31d,3e96c772cff4e27e87a8cbd71890082b286e2d25d801ca25f5f8f85531acba00,3.0693650245666504,True,CORAL,LINEAR_COMBINATION,LINEAR_COMBINATION,LINEAR_COMBINATION,u006,LINEAR_COMBINATION,LINEAR_COMBINATION,LINEAR_COMBINATION,LINEAR_COMBINATION,True,LINEAR_COMBINATION,LINEAR_COMBINATION,11,1.7457753419876099,False
20,-1,4.383369445800781,cf84a347dbf54f3e9b1fbdae567f661befa0148df962d84e2338f73b45997d6c,08b6135281e6d196f7f3cfc235c666fe13320ba90ffccd66b97283ef9ac42b06,dd4b9b45daedfb54c63de41bb40e7c0c3a76fc517168eb96524c5add43f6eaa8,7.6337995529174805,True,CORAL,LINEAR_COMBINATION,LINEAR_COMBINATION,LINEAR_COMBINATION,u006,LINEAR_COMBINATION,LINEAR_COMBINATION,LINEAR_COMBINATION,LINEAR_COMBINATION,True,LINEAR_COMBINATION,LINEAR_COMBINATION,11,4.885375022888184,False
1,-1,0.8211930394172668,cf84a347dbf54f3e9b1fbdae567f661befa0148df962d84e2338f73b45997d6c,c487fe80db2080348695f0fefc8f32503ed7814997b06f93025cbe50b84b3df1,63bc8d41673411b7a71672279afe3a6cb194e855b890e171ff14bca502b21bf5,17.39262580871582,True,CORAL,LINEAR_COMBINATION,LINEAR_COMBINATION,LINEAR_COMBINATION,u007,LINEAR_COMBINATION,LINEAR_COMBINATION,LINEAR_COMBINATION,LINEAR_COMBINATION,True,LINEAR_COMBINATION,LINEAR_COMBINATION,11,12.1785306930542,False
5,-1,7.901435375213623,cf84a347dbf54f3e9b1fbdae567f661befa0148df962d84e2338f73b45997d6c,47424b027fd28fa51dce7f5d8131b9f25dce55addea42d3bfa5afa78f825c31d,3e96c772cff4e27e87a8cbd71890082b286e2d25d801ca25f5f8f85531acba00,155.0366973876953,True,CORAL,LINEAR_COMBINATION,LINEAR_COMBINATION,LINEAR_COMBINATION,u007,LINEAR_COMBINATION,LINEAR_COMBINATION,LINEAR_COMBINATION,LINEAR_COMBINATION,True,LINEAR_COMBINATION,LINEAR_COMBINATION,11,109.35667419433594,False
20,-1,12.591949462890625,cf84a347dbf54f3e9b1fbdae567f661befa0148df962d84e2338f73b45997d6c,08b6135281e6d196f7f3cfc235c666fe13320ba90ffccd66b97283ef9ac42b06,dd4b9b45daedfb54c63de41bb40e7c0c3a76fc517168eb96524c5add43f6eaa8,125.62030792236328,True,CORAL,LINEAR_COMBINATION,LINEAR_COMBINATION,LINEAR_COMBINATION,u007,LINEAR_COMBINATION,LINEAR_COMBINATION,LINEAR_COMBINATION,LINEAR_COMBINATION,True,LINEAR_COMBINATION,LINEAR_COMBINATION,11,92.205810546875,False
1,-1,0.8211930394172668,cf84a347dbf54f3e9b1fbdae567f661befa0148df962d84e2338f73b45997d6c,c487fe80db2080348695f0fefc8f32503ed7814997b06f93025cbe50b84b3df1,63bc8d41673411b7a71672279afe3a6cb194e855b890e171ff14bca502b21bf5,17.39262580871582,True,CORAL,LINEAR_COMBINATION,LINEAR_COMBINATION,LINEAR_COMBINATION,u008,LINEAR_COMBINATION,LINEAR_COMBINATION,LINEAR_COMBINATION,LINEAR_COMBINATION,True,LINEAR_COMBINATION,LINEAR_COMBINATION,11,12.1785306930542,False
5,-1,7.901435375213623,cf84a347dbf54f3e9b1fbdae567f661befa0148df962d84e2338f73b45997d6c,47424b027fd28fa51dce7f5d8131b9f25dce55addea42d3bfa5afa78f825c31d,3e96c772cff4e27e87a8cbd71890082b286e2d25d801ca25f5f8f85531acba00,155.0366973876953,True,CORAL,LINEAR_COMBINATION,LINEAR_COMBINATION,LINEAR_COMBINATION,u008,LINEAR_COMBINATION,LINEAR_COMBINATION,LINEAR_COMBINATION,LINEAR_COMBINATION,True,LINEAR_COMBINATION,LINEAR_COMBINATION,11,109.35667419433594,False
20,-1,12.591949462890625,cf84a347dbf54f3e9b1fbdae567f661befa0148df962d84e2338f73b45997d6c,08b6135281e6d196f7f3cfc235c666fe13320ba90ffccd66b97283ef9ac42b06,dd4b9b45daedfb54c63de41bb40e7c0c3a76fc517168eb96524c5add43f6eaa8,125.62030792236328,True,CORAL,LINEAR_COMBINATION,LINEAR_COMBINATION,LINEAR_COMBINATION,u008,LINEAR_COMBINATION,LINEAR_COMBINATION,LINEAR_COMBINATION,LINEAR_COMBINATION,True,LINEAR_COMBINATION,LINEAR_COMBINATION,11,92.205810546875,False
1,-1,0.9492343664169312,cf84a347dbf54f3e9b1fbdae567f661befa0148df962d84e2338f73b45997d6c,c487fe80db2080348695f0fefc8f32503ed7814997b06f93025cbe50b84b3df1,63bc8d41673411b7a71672279afe3a6cb194e855b890e171ff14bca502b21bf5,3.9684369564056396,True,CORAL,LINEAR_COMBINATION,LINEAR_COMBINATION,LINEAR_COMBINATION,u009,LINEAR_COMBINATION,LINEAR_COMBINATION,LINEAR_COMBINATION,LINEAR_COMBINATION,True,LINEAR_COMBINATION,LINEAR_COMBINATION,11,2.005232572555542,False
5,-1,11.279881477355957,cf84a347dbf54f3e9b1fbdae567f661befa0148df962d84e2338f73b45997d6c,47424b027fd28fa51dce7f5d8131b9f25dce55addea42d3bfa5afa78f825c31d,3e96c772cff4e27e87a8cbd71890082b286e2d25d801ca25f5f8f85531acba00,36.60973358154297,True,CORAL,LINEAR_COMBINATION,LINEAR_COMBINATION,LINEAR_COMBINATION,u009,LINEAR_COMBINATION,LINEAR_COMBINATION,LINEAR_COMBINATION,LINEAR_COMBINATION,True,LINEAR_COMBINATION,LINEAR_COMBINATION,11,17.24350929260254,False
20,-1,56.20783233642578,cf84a347dbf54f3e9b1fbdae567f661befa0148df962d84e2338f73b45997d6c,08b6135281e6d196f7f3cfc235c666fe13320ba90ffccd66b97283ef9ac42b06,dd4b9b45daedfb54c63de41bb40e7c0c3a76fc517168eb96524c5add43f6eaa8,90.6891860961914,True,CORAL,LINEAR_COMBINATION,LINEAR_COMBINATION,LINEAR_COMBINATION,u009,LINEAR_COMBINATION,LINEAR_COMBINATION,LINEAR_COMBINATION,LINEAR_COMBINATION,True,LINEAR_COMBINATION,LINEAR_COMBINATION,11,69.9308853149414,False
1,-1,0.9492343664169312,cf84a347dbf54f3e9b1fbdae567f661befa0148df962d84e2338f73b45997d6c,c487fe80db2080348695f0fefc8f32503ed7814997b06f93025cbe50b84b3df1,63bc8d41673411b7a71672279afe3a6cb194e855b890e171ff14bca502b21bf5,3.9684369564056396,True,CORAL,LINEAR_COMBINATION,LINEAR_COMBINATION,LINEAR_COMBINATION,u010,LINEAR_COMBINATION,LINEAR_COMBINATION,LINEAR_COMBINATION,LINEAR_COMBINATION,True,LINEAR_COMBINATION,LINEAR_COMBINATION,11,2.005232572555542,False
5,-1,11.279881477355957,cf84a347dbf54f3e9b1fbdae567f661befa0148df962d84e2338f73b45997d6c,47424b027fd28fa51dce7f5d8131b9f25dce55addea42d3bfa5afa78f825c31d,3e96c772cff4e27e87a8cbd71890082b286e2d25d801ca25f5f8f85531acba00,36.60973358154297,True,CORAL,LINEAR_COMBINATION,LINEAR_COMBINATION,LINEAR_COMBINATION,u010,LINEAR_COMBINATION,LINEAR_COMBINATION,LINEAR_COMBINATION,LINEAR_COMBINATION,True,LINEAR_COMBINATION,LINEAR_COMBINATION,11,17.24350929260254,False
20,-1,56.20783233642578,cf84a347dbf54f3e9b1fbdae567f661befa0148df962d84e2338f73b45997d6c,08b6135281e6d196f7f3cfc235c666fe13320ba90ffccd66b97283ef9ac42b06,dd4b9b45daedfb54c63de41bb40e7c0c3a76fc517168eb96524c5add43f6eaa8,90.6891860961914,True,CORAL,LINEAR_COMBINATION,LINEAR_COMBINATION,LINEAR_COMBINATION,u010,LINEAR_COMBINATION,LINEAR_COMBINATION,LINEAR_COMBINATION,LINEAR_COMBINATION,True,LINEAR_COMBINATION,LINEAR_COMBINATION,11,69.9308853149414,False
1,0,0.0474393330514431,35f875abc254e3a85da7545b716027b44eb593d4293c7115b40dc9e3d4baba24,784d96a8db78d61480723ccff48fefff135a811cc5b07cf3ec47f8586fba3c63,f3765bc695351a88aa08229d031d0f2c92190cdd4c681263c0e483e1fe7d5e29,0.41631150245666504,True,FISHR,35f875abc254e3a85da7545b716027b44eb593d4293c7115b40dc9e3d4baba24,1089ec112e375ea8518e55331d46e0da13299859e90d1c0b5a7e86cf07f24b9f,710edc151c79224b8547ef89173f0b59d94266450c604e75cb34ba978938706d,u000,35f875abc254e3a85da7545b716027b44eb593d4293c7115b40dc9e3d4baba24,e225a505053dd43b0574c3966981fa12e1b670551dfbc18b3eac94542550dfb6,133ed0e7a1da9b00a96a3f8c29f39c0081d0d46169a5c75d90af117434a246b0,35f875abc254e3a85da7545b716027b44eb593d4293c7115b40dc9e3d4baba24,True,e225a505053dd43b0574c3966981fa12e1b670551dfbc18b3eac94542550dfb6,133ed0e7a1da9b00a96a3f8c29f39c0081d0d46169a5c75d90af117434a246b0,11,0.3164985179901123,False
5,0,0.4725687801837921,35f875abc254e3a85da7545b716027b44eb593d4293c7115b40dc9e3d4baba24,6d81b4f015f724c07763d392af4a2731f04aca6f4c449e0f4f5b36cf626df2c0,977491e4729035ddbb81b6d25b3103dff016e0ebb841f670a56ba0044e5a4de1,4.387382984161377,True,FISHR,35f875abc254e3a85da7545b716027b44eb593d4293c7115b40dc9e3d4baba24,8026c9b5ea4b7f2da22d2405ae68323d303a864a2098b6d7c3fba285e4c10f37,82d0e7a44aa46c0157b1307ccac84d354d2f7858083ec6c060398b2c91c6a9fc,u000,35f875abc254e3a85da7545b716027b44eb593d4293c7115b40dc9e3d4baba24,b3119aaec9a379021af2269b6b367c9515f6c3db52f1da574ab3a2fbeac053b9,bd224f28cca654fdd1342e8ed68f49ca9e5098eb7be8373f60b8e78bae4f26a1,35f875abc254e3a85da7545b716027b44eb593d4293c7115b40dc9e3d4baba24,True,b3119aaec9a379021af2269b6b367c9515f6c3db52f1da574ab3a2fbeac053b9,bd224f28cca654fdd1342e8ed68f49ca9e5098eb7be8373f60b8e78bae4f26a1,11,3.285830020904541,False
20,0,2.1451475620269775,35f875abc254e3a85da7545b716027b44eb593d4293c7115b40dc9e3d4baba24,a3616ed49cda3f366e830df01937a3844095ab221c823379b2ff20465a85976d,682917b2cb2b60cb34caa9701d1d9429cb4508a24db4e6d53b48e96ac94604b8,19.991079330444336,True,FISHR,35f875abc254e3a85da7545b716027b44eb593d4293c7115b40dc9e3d4baba24,4993f629036be5b86ca2831546a57d28d16c5098b68d48d0fb727f4a5149b5b7,451ea01914b9319e0c8a73b4edcd2e72b18d2c864f4946c7238a605fc7f915cd,u000,35f875abc254e3a85da7545b716027b44eb593d4293c7115b40dc9e3d4baba24,11dc56f1f9916609f19c51b67c7d1f2e10c07f484a66eb17746174f422405889,fc48cd64d6bcb0130fba3363bc0995923f46c23d7513388f6ddd02307b039a3c,35f875abc254e3a85da7545b716027b44eb593d4293c7115b40dc9e3d4baba24,True,11dc56f1f9916609f19c51b67c7d1f2e10c07f484a66eb17746174f422405889,fc48cd64d6bcb0130fba3363bc0995923f46c23d7513388f6ddd02307b039a3c,11,15.039680480957031,False
1,1,0.04521298035979271,35f875abc254e3a85da7545b716027b44eb593d4293c7115b40dc9e3d4baba24,784d96a8db78d61480723ccff48fefff135a811cc5b07cf3ec47f8586fba3c63,f3765bc695351a88aa08229d031d0f2c92190cdd4c681263c0e483e1fe7d5e29,0.39911168813705444,True,FISHR,35f875abc254e3a85da7545b716027b44eb593d4293c7115b40dc9e3d4baba24,6802a77f30e1d68c8ca60e214effdc0a282303b2edd33120128f9551489c592b,05f629fc1d5ee87445d6779a685dc97670b931084586a38d0cc5e34dd4fde479,u001,35f875abc254e3a85da7545b716027b44eb593d4293c7115b40dc9e3d4baba24,0c239d6fb9e86c3cd569f60157f8cdbc1942ffaecc0ce5da4ad498b498f60fb3,aafece2a8ae6578183f8d38c0682168c8454bbcc9636030b3b871229931df1cc,35f875abc254e3a85da7545b716027b44eb593d4293c7115b40dc9e3d4baba24,True,0c239d6fb9e86c3cd569f60157f8cdbc1942ffaecc0ce5da4ad498b498f60fb3,aafece2a8ae6578183f8d38c0682168c8454bbcc9636030b3b871229931df1cc,11,0.3090319335460663,False
5,1,0.4265182912349701,35f875abc254e3a85da7545b716027b44eb593d4293c7115b40dc9e3d4baba24,6d81b4f015f724c07763d392af4a2731f04aca6f4c449e0f4f5b36cf626df2c0,977491e4729035ddbb81b6d25b3103dff016e0ebb841f670a56ba0044e5a4de1,4.022625923156738,True,FISHR,35f875abc254e3a85da7545b716027b44eb593d4293c7115b40dc9e3d4baba24,77dc9ae8c01398224a54076f6ee55f596b6e3745d303e4a4fa00ca99ffd33261,3debc34b7b2ec6689d1c6742589282c58b331851804eb9af8916eedc515a0155,u001,35f875abc254e3a85da7545b716027b44eb593d4293c7115b40dc9e3d4baba24,d1d845d383fe0f6936c708d2cd35fb279e72135fb50dd7f9ddb1d88bc54e61ad,d063ec89a3ba03b5deb6a1bb5d395f9e00568a2a7005fdfe663f8c78b17115e6,35f875abc254e3a85da7545b716027b44eb593d4293c7115b40dc9e3d4baba24,True,d1d845d383fe0f6936c708d2cd35fb279e72135fb50dd7f9ddb1d88bc54e61ad,d063ec89a3ba03b5deb6a1bb5d395f9e00568a2a7005fdfe663f8c78b17115e6,11,3.0549278259277344,False
20,1,1.9187514781951904,35f875abc254e3a85da7545b716027b44eb593d4293c7115b40dc9e3d4baba24,a3616ed49cda3f366e830df01937a3844095ab221c823379b2ff20465a85976d,682917b2cb2b60cb34caa9701d1d9429cb4508a24db4e6d53b48e96ac94604b8,18.017507553100586,True,FISHR,35f875abc254e3a85da7545b716027b44eb593d4293c7115b40dc9e3d4baba24,6a25b4f284fb5524ded7726ce1a116f29e0d28baa7b2e0eeae61392d02ee5396,9db6516fa63f561add644a70ee9b1446b4fc1ebf8e8458910d79d90b72bdac4e,u001,35f875abc254e3a85da7545b716027b44eb593d4293c7115b40dc9e3d4baba24,6d416a58636a65c6e3a5e4865626151cda8b6700b72a802eddc0ba471c21282d,e6c769aea4d64226b19763431b9569f9723845fb9018d9c9e5051b20fbd122ef,35f875abc254e3a85da7545b716027b44eb593d4293c7115b40dc9e3d4baba24,True,6d416a58636a65c6e3a5e4865626151cda8b6700b72a802eddc0ba471c21282d,e6c769aea4d64226b19763431b9569f9723845fb9018d9c9e5051b20fbd122ef,11,13.83443546295166,False
1,2,0.0,35f875abc254e3a85da7545b716027b44eb593d4293c7115b40dc9e3d4baba24,784d96a8db78d61480723ccff48fefff135a811cc5b07cf3ec47f8586fba3c63,f3765bc695351a88aa08229d031d0f2c92190cdd4c681263c0e483e1fe7d5e29,0.0,True,FISHR,LINEAR_COMBINATION,LINEAR_COMBINATION,LINEAR_COMBINATION,u002,LINEAR_COMBINATION,LINEAR_COMBINATION,LINEAR_COMBINATION,LINEAR_COMBINATION,True,LINEAR_COMBINATION,LINEAR_COMBINATION,11,0.0,False
5,2,0.0,35f875abc254e3a85da7545b716027b44eb593d4293c7115b40dc9e3d4baba24,6d81b4f015f724c07763d392af4a2731f04aca6f4c449e0f4f5b36cf626df2c0,977491e4729035ddbb81b6d25b3103dff016e0ebb841f670a56ba0044e5a4de1,0.0,True,FISHR,LINEAR_COMBINATION,LINEAR_COMBINATION,LINEAR_COMBINATION,u002,LINEAR_COMBINATION,LINEAR_COMBINATION,LINEAR_COMBINATION,LINEAR_COMBINATION,True,LINEAR_COMBINATION,LINEAR_COMBINATION,11,0.0,False
20,2,0.0,35f875abc254e3a85da7545b716027b44eb593d4293c7115b40dc9e3d4baba24,a3616ed49cda3f366e830df01937a3844095ab221c823379b2ff20465a85976d,682917b2cb2b60cb34caa9701d1d9429cb4508a24db4e6d53b48e96ac94604b8,0.0,True,FISHR,LINEAR_COMBINATION,LINEAR_COMBINATION,LINEAR_COMBINATION,u002,LINEAR_COMBINATION,LINEAR_COMBINATION,LINEAR_COMBINATION,LINEAR_COMBINATION,True,LINEAR_COMBINATION,LINEAR_COMBINATION,11,0.0,False
1,3,0.008048580028116703,35f875abc254e3a85da7545b716027b44eb593d4293c7115b40dc9e3d4baba24,784d96a8db78d61480723ccff48fefff135a811cc5b07cf3ec47f8586fba3c63,f3765bc695351a88aa08229d031d0f2c92190cdd4c681263c0e483e1fe7d5e29,0.020569967105984688,True,FISHR,35f875abc254e3a85da7545b716027b44eb593d4293c7115b40dc9e3d4baba24,57ded010b5494815a897002a77b29ad0f9719b65690e5fcbbcd94484655ed5b4,9cba3c1b7af728440d44b26b64cf477d668f802972918839215c20f2c101e59d,u003,35f875abc254e3a85da7545b716027b44eb593d4293c7115b40dc9e3d4baba24,4e27639a081930a57649ea7888a73e082fb9ac0fa33fa1933c5c7ce19c3052b0,5b8b71b5544a10a363f0ecc8e65535508a00cd4f8086a4de7eaf30888a5925c1,35f875abc254e3a85da7545b716027b44eb593d4293c7115b40dc9e3d4baba24,True,4e27639a081930a57649ea7888a73e082fb9ac0fa33fa1933c5c7ce19c3052b0,5b8b71b5544a10a363f0ecc8e65535508a00cd4f8086a4de7eaf30888a5925c1,11,0.01350423600524664,False
5,3,0.03957657888531685,35f875abc254e3a85da7545b716027b44eb593d4293c7115b40dc9e3d4baba24,6d81b4f015f724c07763d392af4a2731f04aca6f4c449e0f4f5b36cf626df2c0,977491e4729035ddbb81b6d25b3103dff016e0ebb841f670a56ba0044e5a4de1,0.1671794205904007,True,FISHR,35f875abc254e3a85da7545b716027b44eb593d4293c7115b40dc9e3d4baba24,5295897e8316a3d59bde758c2289c183a5e6b6d70197a4fc1ec9fd988350c80a,f4149d7e5bdd1a643073b6b77b17b5d332e391d3f78d0eb49a30ad18ee9e4495,u003,35f875abc254e3a85da7545b716027b44eb593d4293c7115b40dc9e3d4baba24,d4417e08a08cafc946a6e8453dd969cab693494309afe943226500be96bda439,ec72997395bbad3dd0ab035fe7f9041aeb31bb51971cb0f64a4637dfca65667e,35f875abc254e3a85da7545b716027b44eb593d4293c7115b40dc9e3d4baba24,True,d4417e08a08cafc946a6e8453dd969cab693494309afe943226500be96bda439,ec72997395bbad3dd0ab035fe7f9041aeb31bb51971cb0f64a4637dfca65667e,11,0.14170701801776886,False
20,3,0.2921890318393707,35f875abc254e3a85da7545b716027b44eb593d4293c7115b40dc9e3d4baba24,a3616ed49cda3f366e830df01937a3844095ab221c823379b2ff20465a85976d,682917b2cb2b60cb34caa9701d1d9429cb4508a24db4e6d53b48e96ac94604b8,0.7373559474945068,True,FISHR,35f875abc254e3a85da7545b716027b44eb593d4293c7115b40dc9e3d4baba24,11581ce50827fd598b0de36c73d5f7826f2c7e7eb97c16ad6923163fbaf40e6a,41e9f0656d207b56efac60e2c90d84662c1b799a02ba508013666d6aded8423e,u003,35f875abc254e3a85da7545b716027b44eb593d4293c7115b40dc9e3d4baba24,69efec2460e664086761f836091b2479a1ec705a223e614c187826f51d8b472f,5fb6045a87c35b69f7771796f9479091c7a5faa3ac308c42fb4984cb9ae973e1,35f875abc254e3a85da7545b716027b44eb593d4293c7115b40dc9e3d4baba24,True,69efec2460e664086761f836091b2479a1ec705a223e614c187826f51d8b472f,5fb6045a87c35b69f7771796f9479091c7a5faa3ac308c42fb4984cb9ae973e1,11,0.6215028762817383,False
1,4,0.0,35f875abc254e3a85da7545b716027b44eb593d4293c7115b40dc9e3d4baba24,784d96a8db78d61480723ccff48fefff135a811cc5b07cf3ec47f8586fba3c63,f3765bc695351a88aa08229d031d0f2c92190cdd4c681263c0e483e1fe7d5e29,0.0,True,FISHR,LINEAR_COMBINATION,LINEAR_COMBINATION,LINEAR_COMBINATION,u004,LINEAR_COMBINATION,LINEAR_COMBINATION,LINEAR_COMBINATION,LINEAR_COMBINATION,True,LINEAR_COMBINATION,LINEAR_COMBINATION,11,0.0,False
5,4,0.0,35f875abc254e3a85da7545b716027b44eb593d4293c7115b40dc9e3d4baba24,6d81b4f015f724c07763d392af4a2731f04aca6f4c449e0f4f5b36cf626df2c0,977491e4729035ddbb81b6d25b3103dff016e0ebb841f670a56ba0044e5a4de1,0.0,True,FISHR,LINEAR_COMBINATION,LINEAR_COMBINATION,LINEAR_COMBINATION,u004,LINEAR_COMBINATION,LINEAR_COMBINATION,LINEAR_COMBINATION,LINEAR_COMBINATION,True,LINEAR_COMBINATION,LINEAR_COMBINATION,11,0.0,False
20,4,0.0,35f875abc254e3a85da7545b716027b44eb593d4293c7115b40dc9e3d4baba24,a3616ed49cda3f366e830df01937a3844095ab221c823379b2ff20465a85976d,682917b2cb2b60cb34caa9701d1d9429cb4508a24db4e6d53b48e96ac94604b8,0.0,True,FISHR,LINEAR_COMBINATION,LINEAR_COMBINATION,LINEAR_COMBINATION,u004,LINEAR_COMBINATION,LINEAR_COMBINATION,LINEAR_COMBINATION,LINEAR_COMBINATION,True,LINEAR_COMBINATION,LINEAR_COMBINATION,11,0.0,False
1,-1,0.0038611125200986862,35f875abc254e3a85da7545b716027b44eb593d4293c7115b40dc9e3d4baba24,784d96a8db78d61480723ccff48fefff135a811cc5b07cf3ec47f8586fba3c63,f3765bc695351a88aa08229d031d0f2c92190cdd4c681263c0e483e1fe7d5e29,0.016214847564697266,True,FISHR,LINEAR_COMBINATION,LINEAR_COMBINATION,LINEAR_COMBINATION,u005,LINEAR_COMBINATION,LINEAR_COMBINATION,LINEAR_COMBINATION,LINEAR_COMBINATION,True,LINEAR_COMBINATION,LINEAR_COMBINATION,11,0.01026772242039442,False
5,-1,0.04010283201932907,35f875abc254e3a85da7545b716027b44eb593d4293c7115b40dc9e3d4baba24,6d81b4f015f724c07763d392af4a2731f04aca6f4c449e0f4f5b36cf626df2c0,977491e4729035ddbb81b6d25b3103dff016e0ebb841f670a56ba0044e5a4de1,0.26784101128578186,True,FISHR,LINEAR_COMBINATION,LINEAR_COMBINATION,LINEAR_COMBINATION,u005,LINEAR_COMBINATION,LINEAR_COMBINATION,LINEAR_COMBINATION,LINEAR_COMBINATION,True,LINEAR_COMBINATION,LINEAR_COMBINATION,11,0.17399320006370544,False
20,-1,0.2698538303375244,35f875abc254e3a85da7545b716027b44eb593d4293c7115b40dc9e3d4baba24,a3616ed49cda3f366e830df01937a3844095ab221c823379b2ff20465a85976d,682917b2cb2b60cb34caa9701d1d9429cb4508a24db4e6d53b48e96ac94604b8,1.4694515466690063,True,FISHR,LINEAR_COMBINATION,LINEAR_COMBINATION,LINEAR_COMBINATION,u005,LINEAR_COMBINATION,LINEAR_COMBINATION,LINEAR_COMBINATION,LINEAR_COMBINATION,True,LINEAR_COMBINATION,LINEAR_COMBINATION,11,0.9269295334815979,False
1,-1,0.06542014330625534,35f875abc254e3a85da7545b716027b44eb593d4293c7115b40dc9e3d4baba24,784d96a8db78d61480723ccff48fefff135a811cc5b07cf3ec47f8586fba3c63,f3765bc695351a88aa08229d031d0f2c92190cdd4c681263c0e483e1fe7d5e29,0.5764914751052856,True,FISHR,LINEAR_COMBINATION,LINEAR_COMBINATION,LINEAR_COMBINATION,u006,LINEAR_COMBINATION,LINEAR_COMBINATION,LINEAR_COMBINATION,LINEAR_COMBINATION,True,LINEAR_COMBINATION,LINEAR_COMBINATION,11,0.44222918152809143,False
5,-1,0.6353194713592529,35f875abc254e3a85da7545b716027b44eb593d4293c7115b40dc9e3d4baba24,6d81b4f015f724c07763d392af4a2731f04aca6f4c449e0f4f5b36cf626df2c0,977491e4729035ddbb81b6d25b3103dff016e0ebb841f670a56ba0044e5a4de1,5.946335792541504,True,FISHR,LINEAR_COMBINATION,LINEAR_COMBINATION,LINEAR_COMBINATION,u006,LINEAR_COMBINATION,LINEAR_COMBINATION,LINEAR_COMBINATION,LINEAR_COMBINATION,True,LINEAR_COMBINATION,LINEAR_COMBINATION,11,4.483189582824707,False
20,-1,2.865387201309204,35f875abc254e3a85da7545b716027b44eb593d4293c7115b40dc9e3d4baba24,a3616ed49cda3f366e830df01937a3844095ab221c823379b2ff20465a85976d,682917b2cb2b60cb34caa9701d1d9429cb4508a24db4e6d53b48e96ac94604b8,26.8721866607666,True,FISHR,LINEAR_COMBINATION,LINEAR_COMBINATION,LINEAR_COMBINATION,u006,LINEAR_COMBINATION,LINEAR_COMBINATION,LINEAR_COMBINATION,LINEAR_COMBINATION,True,LINEAR_COMBINATION,LINEAR_COMBINATION,11,20.413827896118164,False
1,-1,0.0027302189264446497,35f875abc254e3a85da7545b716027b44eb593d4293c7115b40dc9e3d4baba24,784d96a8db78d61480723ccff48fefff135a811cc5b07cf3ec47f8586fba3c63,f3765bc695351a88aa08229d031d0f2c92190cdd4c681263c0e483e1fe7d5e29,0.011465628631412983,True,FISHR,LINEAR_COMBINATION,LINEAR_COMBINATION,LINEAR_COMBINATION,u007,LINEAR_COMBINATION,LINEAR_COMBINATION,LINEAR_COMBINATION,LINEAR_COMBINATION,True,LINEAR_COMBINATION,LINEAR_COMBINATION,11,0.007260376587510109,False
5,-1,0.02835698425769806,35f875abc254e3a85da7545b716027b44eb593d4293c7115b40dc9e3d4baba24,6d81b4f015f724c07763d392af4a2731f04aca6f4c449e0f4f5b36cf626df2c0,977491e4729035ddbb81b6d25b3103dff016e0ebb841f670a56ba0044e5a4de1,0.18939219415187836,True,FISHR,LINEAR_COMBINATION,LINEAR_COMBINATION,LINEAR_COMBINATION,u007,LINEAR_COMBINATION,LINEAR_COMBINATION,LINEAR_COMBINATION,LINEAR_COMBINATION,True,LINEAR_COMBINATION,LINEAR_COMBINATION,11,0.12303176522254944,False
20,-1,0.19081547856330872,35f875abc254e3a85da7545b716027b44eb593d4293c7115b40dc9e3d4baba24,a3616ed49cda3f366e830df01937a3844095ab221c823379b2ff20465a85976d,682917b2cb2b60cb34caa9701d1d9429cb4508a24db4e6d53b48e96ac94604b8,1.0390591621398926,True,FISHR,LINEAR_COMBINATION,LINEAR_COMBINATION,LINEAR_COMBINATION,u007,LINEAR_COMBINATION,LINEAR_COMBINATION,LINEAR_COMBINATION,LINEAR_COMBINATION,True,LINEAR_COMBINATION,LINEAR_COMBINATION,11,0.6554381251335144,False
1,-1,0.0027302189264446497,35f875abc254e3a85da7545b716027b44eb593d4293c7115b40dc9e3d4baba24,784d96a8db78d61480723ccff48fefff135a811cc5b07cf3ec47f8586fba3c63,f3765bc695351a88aa08229d031d0f2c92190cdd4c681263c0e483e1fe7d5e29,0.011465628631412983,True,FISHR,LINEAR_COMBINATION,LINEAR_COMBINATION,LINEAR_COMBINATION,u008,LINEAR_COMBINATION,LINEAR_COMBINATION,LINEAR_COMBINATION,LINEAR_COMBINATION,True,LINEAR_COMBINATION,LINEAR_COMBINATION,11,0.007260376587510109,False
5,-1,0.02835698425769806,35f875abc254e3a85da7545b716027b44eb593d4293c7115b40dc9e3d4baba24,6d81b4f015f724c07763d392af4a2731f04aca6f4c449e0f4f5b36cf626df2c0,977491e4729035ddbb81b6d25b3103dff016e0ebb841f670a56ba0044e5a4de1,0.18939219415187836,True,FISHR,LINEAR_COMBINATION,LINEAR_COMBINATION,LINEAR_COMBINATION,u008,LINEAR_COMBINATION,LINEAR_COMBINATION,LINEAR_COMBINATION,LINEAR_COMBINATION,True,LINEAR_COMBINATION,LINEAR_COMBINATION,11,0.12303176522254944,False
20,-1,0.19081547856330872,35f875abc254e3a85da7545b716027b44eb593d4293c7115b40dc9e3d4baba24,a3616ed49cda3f366e830df01937a3844095ab221c823379b2ff20465a85976d,682917b2cb2b60cb34caa9701d1d9429cb4508a24db4e6d53b48e96ac94604b8,1.0390591621398926,True,FISHR,LINEAR_COMBINATION,LINEAR_COMBINATION,LINEAR_COMBINATION,u008,LINEAR_COMBINATION,LINEAR_COMBINATION,LINEAR_COMBINATION,LINEAR_COMBINATION,True,LINEAR_COMBINATION,LINEAR_COMBINATION,11,0.6554381251335144,False
1,-1,0.005691205617040396,35f875abc254e3a85da7545b716027b44eb593d4293c7115b40dc9e3d4baba24,784d96a8db78d61480723ccff48fefff135a811cc5b07cf3ec47f8586fba3c63,f3765bc695351a88aa08229d031d0f2c92190cdd4c681263c0e483e1fe7d5e29,0.01454516313970089,True,FISHR,LINEAR_COMBINATION,LINEAR_COMBINATION,LINEAR_COMBINATION,u009,LINEAR_COMBINATION,LINEAR_COMBINATION,LINEAR_COMBINATION,LINEAR_COMBINATION,True,LINEAR_COMBINATION,LINEAR_COMBINATION,11,0.00954893697053194,False
5,-1,0.027984866872429848,35f875abc254e3a85da7545b716027b44eb593d4293c7115b40dc9e3d4baba24,6d81b4f015f724c07763d392af4a2731f04aca6f4c449e0f4f5b36cf626df2c0,977491e4729035ddbb81b6d25b3103dff016e0ebb841f670a56ba0044e5a4de1,0.1182137057185173,True,FISHR,LINEAR_COMBINATION,LINEAR_COMBINATION,LINEAR_COMBINATION,u009,LINEAR_COMBINATION,LINEAR_COMBINATION,LINEAR_COMBINATION,LINEAR_COMBINATION,True,LINEAR_COMBINATION,LINEAR_COMBINATION,11,0.10020198673009872,False
20,-1,0.206608846783638,35f875abc254e3a85da7545b716027b44eb593d4293c7115b40dc9e3d4baba24,a3616ed49cda3f366e830df01937a3844095ab221c823379b2ff20465a85976d,682917b2cb2b60cb34caa9701d1d9429cb4508a24db4e6d53b48e96ac94604b8,0.521389365196228,True,FISHR,LINEAR_COMBINATION,LINEAR_COMBINATION,LINEAR_COMBINATION,u009,LINEAR_COMBINATION,LINEAR_COMBINATION,LINEAR_COMBINATION,LINEAR_COMBINATION,True,LINEAR_COMBINATION,LINEAR_COMBINATION,11,0.4394688904285431,False
1,-1,0.005691205617040396,35f875abc254e3a85da7545b716027b44eb593d4293c7115b40dc9e3d4baba24,784d96a8db78d61480723ccff48fefff135a811cc5b07cf3ec47f8586fba3c63,f3765bc695351a88aa08229d031d0f2c92190cdd4c681263c0e483e1fe7d5e29,0.01454516313970089,True,FISHR,LINEAR_COMBINATION,LINEAR_COMBINATION,LINEAR_COMBINATION,u010,LINEAR_COMBINATION,LINEAR_COMBINATION,LINEAR_COMBINATION,LINEAR_COMBINATION,True,LINEAR_COMBINATION,LINEAR_COMBINATION,11,0.00954893697053194,False
5,-1,0.027984866872429848,35f875abc254e3a85da7545b716027b44eb593d4293c7115b40dc9e3d4baba24,6d81b4f015f724c07763d392af4a2731f04aca6f4c449e0f4f5b36cf626df2c0,977491e4729035ddbb81b6d25b3103dff016e0ebb841f670a56ba0044e5a4de1,0.1182137057185173,True,FISHR,LINEAR_COMBINATION,LINEAR_COMBINATION,LINEAR_COMBINATION,u010,LINEAR_COMBINATION,LINEAR_COMBINATION,LINEAR_COMBINATION,LINEAR_COMBINATION,True,LINEAR_COMBINATION,LINEAR_COMBINATION,11,0.10020198673009872,False
20,-1,0.206608846783638,35f875abc254e3a85da7545b716027b44eb593d4293c7115b40dc9e3d4baba24,a3616ed49cda3f366e830df01937a3844095ab221c823379b2ff20465a85976d,682917b2cb2b60cb34caa9701d1d9429cb4508a24db4e6d53b48e96ac94604b8,0.521389365196228,True,FISHR,LINEAR_COMBINATION,LINEAR_COMBINATION,LINEAR_COMBINATION,u010,LINEAR_COMBINATION,LINEAR_COMBINATION,LINEAR_COMBINATION,LINEAR_COMBINATION,True,LINEAR_COMBINATION,LINEAR_COMBINATION,11,0.4394688904285431,False
1,0,1.1895793676376343,92c1cf24dfec0f981fde63a046c6ef032082961fcd8428f307ccaf28277d0d73,bd036a9b8af8c97daacae7336529ddd79040b915f4cf00dbb1d9b7ba7fa32d64,70b5cd93d7a7eb90445021cf1fb0470017e7653997bf01845f0c2cfbbeb97cc3,18.65351676940918,True,MLDG,92c1cf24dfec0f981fde63a046c6ef032082961fcd8428f307ccaf28277d0d73,d0a0996cd4663ae9d9e9a12fa17ed0f9ae9c372596ac9d7eb92e533270f61184,bccb90bc3a1db7f1e016147f5d88a27f638594873442a400a220529bff14e80f,u000,92c1cf24dfec0f981fde63a046c6ef032082961fcd8428f307ccaf28277d0d73,80735048ae5e618f956ad9e8412886ecfaaaec49a92d15eaf0e08b3e7ed3dce2,c214bee6b7f13fa0caffbdca07d8aebe968b427936f99a6ff5fd2cea31a7a2be,92c1cf24dfec0f981fde63a046c6ef032082961fcd8428f307ccaf28277d0d73,True,80735048ae5e618f956ad9e8412886ecfaaaec49a92d15eaf0e08b3e7ed3dce2,c214bee6b7f13fa0caffbdca07d8aebe968b427936f99a6ff5fd2cea31a7a2be,11,13.408029556274414,False
5,0,9.33976936340332,a91de9d4d45e247264e56ba206f81adf5a6c8db6d88035dc6f020b710c1d8739,aa5110dea3277712978cc4eb529e6dba2e93581980e9a75090edb60294199d2e,cc11da1a59f49955e29466af23930ae8cdafdb8208f7769abc8d71c094a46ee0,162.93173217773438,True,MLDG,a91de9d4d45e247264e56ba206f81adf5a6c8db6d88035dc6f020b710c1d8739,351084f7c1ed530c473ec21137530d71179f0a804cf9c34678c482213e5c44d4,73352f3385fc290068165496aa78393ea39bc19c421c64dd9b6402176bf3c5a6,u000,a91de9d4d45e247264e56ba206f81adf5a6c8db6d88035dc6f020b710c1d8739,0fc48ac00ee9219d43145c43acd7d36018142d7b8a10f457686564bd03d5e0dc,0677ccabd86b4a98d5d8178e6a98eb93f41a6d9c9d0b56504d5ca78257a8c963,a91de9d4d45e247264e56ba206f81adf5a6c8db6d88035dc6f020b710c1d8739,True,0fc48ac00ee9219d43145c43acd7d36018142d7b8a10f457686564bd03d5e0dc,0677ccabd86b4a98d5d8178e6a98eb93f41a6d9c9d0b56504d5ca78257a8c963,11,118.3965072631836,False
20,0,12.064764022827148,1d19e09e4248ac999c98cf8a3d8adc46652e44928da68a073d7d9fe653f5f014,9f229482fd0dc010958f865cb77541d7d23a44554b121f8356f27d1c49f6afb2,67cfdb4675cef76f7afadd8f4be1205c7499f4bfb4113dfb7e85cb6a0b51d5da,127.31295776367188,True,MLDG,1d19e09e4248ac999c98cf8a3d8adc46652e44928da68a073d7d9fe653f5f014,c6907401cb7fcd1d75624687ebf77cfb9cf9adf95fd654cc516630a247df7527,ddaeea22e35177c0758e222219719a19e3a9cecd9f282c28e9d10d3a01a057cf,u000,1d19e09e4248ac999c98cf8a3d8adc46652e44928da68a073d7d9fe653f5f014,9a26cba931dcac65acd5b249190b061ab05ee3eab94c403e942216a147382be0,656bfb1b220a331e709a42cd3b4707bad2ae8a1adf81aad50b32e915d0048c85,1d19e09e4248ac999c98cf8a3d8adc46652e44928da68a073d7d9fe653f5f014,True,9a26cba931dcac65acd5b249190b061ab05ee3eab94c403e942216a147382be0,656bfb1b220a331e709a42cd3b4707bad2ae8a1adf81aad50b32e915d0048c85,11,94.1002197265625,False
1,1,1.299652338027954,92c1cf24dfec0f981fde63a046c6ef032082961fcd8428f307ccaf28277d0d73,bd036a9b8af8c97daacae7336529ddd79040b915f4cf00dbb1d9b7ba7fa32d64,70b5cd93d7a7eb90445021cf1fb0470017e7653997bf01845f0c2cfbbeb97cc3,18.1396484375,True,MLDG,92c1cf24dfec0f981fde63a046c6ef032082961fcd8428f307ccaf28277d0d73,5c9dae55a24f3f2e0ef9c199ba197398b3a8a78fa8bb2afc31c65acd6355376c,772b6eb3d80f52784387cbb306772ccd74705da371636fbbd59bb12194669110,u001,92c1cf24dfec0f981fde63a046c6ef032082961fcd8428f307ccaf28277d0d73,166215a62ef622a7dd9d8d6ed00de16b76111cf936591e84a2f885cc50fd667f,6b777b6ba88e082823413f774ca80964e1f04076fd667f11e90f6ef300828153,92c1cf24dfec0f981fde63a046c6ef032082961fcd8428f307ccaf28277d0d73,True,166215a62ef622a7dd9d8d6ed00de16b76111cf936591e84a2f885cc50fd667f,6b777b6ba88e082823413f774ca80964e1f04076fd667f11e90f6ef300828153,11,13.199318885803223,False
5,1,8.565030097961426,a91de9d4d45e247264e56ba206f81adf5a6c8db6d88035dc6f020b710c1d8739,aa5110dea3277712978cc4eb529e6dba2e93581980e9a75090edb60294199d2e,cc11da1a59f49955e29466af23930ae8cdafdb8208f7769abc8d71c094a46ee0,161.35072326660156,True,MLDG,a91de9d4d45e247264e56ba206f81adf5a6c8db6d88035dc6f020b710c1d8739,1877dd0f2074a49dd80c6e4bca46fe1a21fbcedf45f912d7dcd3a645e4152028,72a4a2529b125746746ecdf15a35dd18d33b257c4b0695f292807f079c50779c,u001,a91de9d4d45e247264e56ba206f81adf5a6c8db6d88035dc6f020b710c1d8739,9f8826f71a5f03b59bbf0238139461957e65c4c9ad2b6a0f1caec1d841320cf3,3fff5ffd6362b8930ec9c6ee9e4cafcbafa367d47a9c278a694fa70fcb5f181f,a91de9d4d45e247264e56ba206f81adf5a6c8db6d88035dc6f020b710c1d8739,True,9f8826f71a5f03b59bbf0238139461957e65c4c9ad2b6a0f1caec1d841320cf3,3fff5ffd6362b8930ec9c6ee9e4cafcbafa367d47a9c278a694fa70fcb5f181f,11,118.24456024169922,False
20,1,17.567485809326172,1d19e09e4248ac999c98cf8a3d8adc46652e44928da68a073d7d9fe653f5f014,9f229482fd0dc010958f865cb77541d7d23a44554b121f8356f27d1c49f6afb2,67cfdb4675cef76f7afadd8f4be1205c7499f4bfb4113dfb7e85cb6a0b51d5da,126.80687713623047,True,MLDG,1d19e09e4248ac999c98cf8a3d8adc46652e44928da68a073d7d9fe653f5f014,dc75afbf06e23a1186898a6eb58f1a02a22d2277189dc4e931a21ce20627669f,12c059571b3a9cc69565eb01d7ac9cdffc69fd26590bb0a28955bb298ccfceea,u001,1d19e09e4248ac999c98cf8a3d8adc46652e44928da68a073d7d9fe653f5f014,0114a474a7f98f46509d7d1b45b3661e9ba6c8e3d62a184c815d1027d93e4844,bf311e20f1391542d7a46265962044e79fedb529248e9e5a06fc69919ff46a2e,1d19e09e4248ac999c98cf8a3d8adc46652e44928da68a073d7d9fe653f5f014,True,0114a474a7f98f46509d7d1b45b3661e9ba6c8e3d62a184c815d1027d93e4844,bf311e20f1391542d7a46265962044e79fedb529248e9e5a06fc69919ff46a2e,11,95.76207733154297,False
1,2,0.0,92c1cf24dfec0f981fde63a046c6ef032082961fcd8428f307ccaf28277d0d73,bd036a9b8af8c97daacae7336529ddd79040b915f4cf00dbb1d9b7ba7fa32d64,70b5cd93d7a7eb90445021cf1fb0470017e7653997bf01845f0c2cfbbeb97cc3,0.0,True,MLDG,LINEAR_COMBINATION,LINEAR_COMBINATION,LINEAR_COMBINATION,u002,LINEAR_COMBINATION,LINEAR_COMBINATION,LINEAR_COMBINATION,LINEAR_COMBINATION,True,LINEAR_COMBINATION,LINEAR_COMBINATION,11,0.0,False
5,2,0.0,a91de9d4d45e247264e56ba206f81adf5a6c8db6d88035dc6f020b710c1d8739,aa5110dea3277712978cc4eb529e6dba2e93581980e9a75090edb60294199d2e,cc11da1a59f49955e29466af23930ae8cdafdb8208f7769abc8d71c094a46ee0,0.0,True,MLDG,LINEAR_COMBINATION,LINEAR_COMBINATION,LINEAR_COMBINATION,u002,LINEAR_COMBINATION,LINEAR_COMBINATION,LINEAR_COMBINATION,LINEAR_COMBINATION,True,LINEAR_COMBINATION,LINEAR_COMBINATION,11,0.0,False
20,2,0.0,1d19e09e4248ac999c98cf8a3d8adc46652e44928da68a073d7d9fe653f5f014,9f229482fd0dc010958f865cb77541d7d23a44554b121f8356f27d1c49f6afb2,67cfdb4675cef76f7afadd8f4be1205c7499f4bfb4113dfb7e85cb6a0b51d5da,0.0,True,MLDG,LINEAR_COMBINATION,LINEAR_COMBINATION,LINEAR_COMBINATION,u002,LINEAR_COMBINATION,LINEAR_COMBINATION,LINEAR_COMBINATION,LINEAR_COMBINATION,True,LINEAR_COMBINATION,LINEAR_COMBINATION,11,0.0,False
1,3,1.4834874868392944,92c1cf24dfec0f981fde63a046c6ef032082961fcd8428f307ccaf28277d0d73,bd036a9b8af8c97daacae7336529ddd79040b915f4cf00dbb1d9b7ba7fa32d64,70b5cd93d7a7eb90445021cf1fb0470017e7653997bf01845f0c2cfbbeb97cc3,5.840140342712402,True,MLDG,92c1cf24dfec0f981fde63a046c6ef032082961fcd8428f307ccaf28277d0d73,9a4afd0993b8732fd5ce063d617cf3cab3fd3bcfda39298cffc1c7c49c11358e,e42bdc41dbef5fe63534b9feabb0892f65d343d147cf4f81bfe2e78e2b14fdee,u003,92c1cf24dfec0f981fde63a046c6ef032082961fcd8428f307ccaf28277d0d73,85573ab2a5f9c0d71c998c03ea9f62bd8202b897d67090922d7a39dfb0c469df,0ed1b9bd250214121082909bd607cec5d5ef2fff6c58b35a96b38e0a6c213e9f,92c1cf24dfec0f981fde63a046c6ef032082961fcd8428f307ccaf28277d0d73,True,85573ab2a5f9c0d71c998c03ea9f62bd8202b897d67090922d7a39dfb0c469df,0ed1b9bd250214121082909bd607cec5d5ef2fff6c58b35a96b38e0a6c213e9f,11,2.966892719268799,False
5,3,17.720184326171875,a91de9d4d45e247264e56ba206f81adf5a6c8db6d88035dc6f020b710c1d8739,aa5110dea3277712978cc4eb529e6dba2e93581980e9a75090edb60294199d2e,cc11da1a59f49955e29466af23930ae8cdafdb8208f7769abc8d71c094a46ee0,53.826107025146484,True,MLDG,a91de9d4d45e247264e56ba206f81adf5a6c8db6d88035dc6f020b710c1d8739,bf9dce0b0344fe50cb3f158b12c0789c27e7bc674c5c5d71ee95cdd4b7fe14f6,7344ad17e50a3b6865cd80c9012a6cae62660d3fdb09820fd645974e0e4c4728,u003,a91de9d4d45e247264e56ba206f81adf5a6c8db6d88035dc6f020b710c1d8739,525567bc5190f568331ecc8b1df6cb22aa47941a9d4a7a58d90a72aa65d43ea4,2b06dea3ca67d5ac62ce65102f2f3baddc280e4ff8bfd868b66a72abbea2c378,a91de9d4d45e247264e56ba206f81adf5a6c8db6d88035dc6f020b710c1d8739,True,525567bc5190f568331ecc8b1df6cb22aa47941a9d4a7a58d90a72aa65d43ea4,2b06dea3ca67d5ac62ce65102f2f3baddc280e4ff8bfd868b66a72abbea2c378,11,25.224231719970703,False
20,3,83.34693908691406,1d19e09e4248ac999c98cf8a3d8adc46652e44928da68a073d7d9fe653f5f014,9f229482fd0dc010958f865cb77541d7d23a44554b121f8356f27d1c49f6afb2,67cfdb4675cef76f7afadd8f4be1205c7499f4bfb4113dfb7e85cb6a0b51d5da,124.80320739746094,True,MLDG,1d19e09e4248ac999c98cf8a3d8adc46652e44928da68a073d7d9fe653f5f014,16311e8c0d0a9c4c37aa72425b3a2b765f87389e90fadd1f7f0856706126ae27,9e002db51b1312013c2ffb2ae2a4901836ca3e3ddefdd99f47188a233e4e9c3e,u003,1d19e09e4248ac999c98cf8a3d8adc46652e44928da68a073d7d9fe653f5f014,aa12ac26be7719c8ad8759e2721e8c4cfc0fa4b08aceaa20b838768ee6b8200e,5d14f02a02d58c27f3081d0c10e51cbf8dbef503dda56535e4263627d6afd9fa,1d19e09e4248ac999c98cf8a3d8adc46652e44928da68a073d7d9fe653f5f014,True,aa12ac26be7719c8ad8759e2721e8c4cfc0fa4b08aceaa20b838768ee6b8200e,5d14f02a02d58c27f3081d0c10e51cbf8dbef503dda56535e4263627d6afd9fa,11,87.97798919677734,False
1,4,0.0,92c1cf24dfec0f981fde63a046c6ef032082961fcd8428f307ccaf28277d0d73,bd036a9b8af8c97daacae7336529ddd79040b915f4cf00dbb1d9b7ba7fa32d64,70b5cd93d7a7eb90445021cf1fb0470017e7653997bf01845f0c2cfbbeb97cc3,0.0,True,MLDG,LINEAR_COMBINATION,LINEAR_COMBINATION,LINEAR_COMBINATION,u004,LINEAR_COMBINATION,LINEAR_COMBINATION,LINEAR_COMBINATION,LINEAR_COMBINATION,True,LINEAR_COMBINATION,LINEAR_COMBINATION,11,0.0,False
5,4,0.0,a91de9d4d45e247264e56ba206f81adf5a6c8db6d88035dc6f020b710c1d8739,aa5110dea3277712978cc4eb529e6dba2e93581980e9a75090edb60294199d2e,cc11da1a59f49955e29466af23930ae8cdafdb8208f7769abc8d71c094a46ee0,0.0,True,MLDG,LINEAR_COMBINATION,LINEAR_COMBINATION,LINEAR_COMBINATION,u004,LINEAR_COMBINATION,LINEAR_COMBINATION,LINEAR_COMBINATION,LINEAR_COMBINATION,True,LINEAR_COMBINATION,LINEAR_COMBINATION,11,0.0,False
20,4,0.0,1d19e09e4248ac999c98cf8a3d8adc46652e44928da68a073d7d9fe653f5f014,9f229482fd0dc010958f865cb77541d7d23a44554b121f8356f27d1c49f6afb2,67cfdb4675cef76f7afadd8f4be1205c7499f4bfb4113dfb7e85cb6a0b51d5da,0.0,True,MLDG,LINEAR_COMBINATION,LINEAR_COMBINATION,LINEAR_COMBINATION,u004,LINEAR_COMBINATION,LINEAR_COMBINATION,LINEAR_COMBINATION,LINEAR_COMBINATION,True,LINEAR_COMBINATION,LINEAR_COMBINATION,11,0.0,False
1,-1,1.7559797763824463,92c1cf24dfec0f981fde63a046c6ef032082961fcd8428f307ccaf28277d0d73,bd036a9b8af8c97daacae7336529ddd79040b915f4cf00dbb1d9b7ba7fa32d64,70b5cd93d7a7eb90445021cf1fb0470017e7653997bf01845f0c2cfbbeb97cc3,26.013166427612305,True,MLDG,LINEAR_COMBINATION,LINEAR_COMBINATION,LINEAR_COMBINATION,u005,LINEAR_COMBINATION,LINEAR_COMBINATION,LINEAR_COMBINATION,LINEAR_COMBINATION,True,LINEAR_COMBINATION,LINEAR_COMBINATION,11,18.812177658081055,False
5,-1,12.578239440917969,a91de9d4d45e247264e56ba206f81adf5a6c8db6d88035dc6f020b710c1d8739,aa5110dea3277712978cc4eb529e6dba2e93581980e9a75090edb60294199d2e,cc11da1a59f49955e29466af23930ae8cdafdb8208f7769abc8d71c094a46ee0,229.28204345703125,True,MLDG,LINEAR_COMBINATION,LINEAR_COMBINATION,LINEAR_COMBINATION,u005,LINEAR_COMBINATION,LINEAR_COMBINATION,LINEAR_COMBINATION,LINEAR_COMBINATION,True,LINEAR_COMBINATION,LINEAR_COMBINATION,11,167.3188018798828,False
20,-1,20.54935073852539,1d19e09e4248ac999c98cf8a3d8adc46652e44928da68a073d7d9fe653f5f014,9f229482fd0dc010958f865cb77541d7d23a44554b121f8356f27d1c49f6afb2,67cfdb4675cef76f7afadd8f4be1205c7499f4bfb4113dfb7e85cb6a0b51d5da,179.5122528076172,True,MLDG,LINEAR_COMBINATION,LINEAR_COMBINATION,LINEAR_COMBINATION,u005,LINEAR_COMBINATION,LINEAR_COMBINATION,LINEAR_COMBINATION,LINEAR_COMBINATION,True,LINEAR_COMBINATION,LINEAR_COMBINATION,11,134.1459197998047,False
1,-1,0.14398135244846344,92c1cf24dfec0f981fde63a046c6ef032082961fcd8428f307ccaf28277d0d73,bd036a9b8af8c97daacae7336529ddd79040b915f4cf00dbb1d9b7ba7fa32d64,70b5cd93d7a7eb90445021cf1fb0470017e7653997bf01845f0c2cfbbeb97cc3,0.5618799328804016,True,MLDG,LINEAR_COMBINATION,LINEAR_COMBINATION,LINEAR_COMBINATION,u006,LINEAR_COMBINATION,LINEAR_COMBINATION,LINEAR_COMBINATION,LINEAR_COMBINATION,True,LINEAR_COMBINATION,LINEAR_COMBINATION,11,0.31501179933547974,False
5,-1,1.542372226715088,a91de9d4d45e247264e56ba206f81adf5a6c8db6d88035dc6f020b710c1d8739,aa5110dea3277712978cc4eb529e6dba2e93581980e9a75090edb60294199d2e,cc11da1a59f49955e29466af23930ae8cdafdb8208f7769abc8d71c094a46ee0,3.2458956241607666,True,MLDG,LINEAR_COMBINATION,LINEAR_COMBINATION,LINEAR_COMBINATION,u006,LINEAR_COMBINATION,LINEAR_COMBINATION,LINEAR_COMBINATION,LINEAR_COMBINATION,True,LINEAR_COMBINATION,LINEAR_COMBINATION,11,1.9830262660980225,False
20,-1,5.647946834564209,1d19e09e4248ac999c98cf8a3d8adc46652e44928da68a073d7d9fe653f5f014,9f229482fd0dc010958f865cb77541d7d23a44554b121f8356f27d1c49f6afb2,67cfdb4675cef76f7afadd8f4be1205c7499f4bfb4113dfb7e85cb6a0b51d5da,7.995982646942139,True,MLDG,LINEAR_COMBINATION,LINEAR_COMBINATION,LINEAR_COMBINATION,u006,LINEAR_COMBINATION,LINEAR_COMBINATION,LINEAR_COMBINATION,LINEAR_COMBINATION,True,LINEAR_COMBINATION,LINEAR_COMBINATION,11,5.486176490783691,False
1,-1,1.241665244102478,92c1cf24dfec0f981fde63a046c6ef032082961fcd8428f307ccaf28277d0d73,bd036a9b8af8c97daacae7336529ddd79040b915f4cf00dbb1d9b7ba7fa32d64,70b5cd93d7a7eb90445021cf1fb0470017e7653997bf01845f0c2cfbbeb97cc3,18.394086837768555,True,MLDG,LINEAR_COMBINATION,LINEAR_COMBINATION,LINEAR_COMBINATION,u007,LINEAR_COMBINATION,LINEAR_COMBINATION,LINEAR_COMBINATION,LINEAR_COMBINATION,True,LINEAR_COMBINATION,LINEAR_COMBINATION,11,13.30221939086914,False
5,-1,8.894159317016602,a91de9d4d45e247264e56ba206f81adf5a6c8db6d88035dc6f020b710c1d8739,aa5110dea3277712978cc4eb529e6dba2e93581980e9a75090edb60294199d2e,cc11da1a59f49955e29466af23930ae8cdafdb8208f7769abc8d71c094a46ee0,162.12689208984375,True,MLDG,LINEAR_COMBINATION,LINEAR_COMBINATION,LINEAR_COMBINATION,u007,LINEAR_COMBINATION,LINEAR_COMBINATION,LINEAR_COMBINATION,LINEAR_COMBINATION,True,LINEAR_COMBINATION,LINEAR_COMBINATION,11,118.312255859375,False
20,-1,14.530586242675781,1d19e09e4248ac999c98cf8a3d8adc46652e44928da68a073d7d9fe653f5f014,9f229482fd0dc010958f865cb77541d7d23a44554b121f8356f27d1c49f6afb2,67cfdb4675cef76f7afadd8f4be1205c7499f4bfb4113dfb7e85cb6a0b51d5da,126.934326171875,True,MLDG,LINEAR_COMBINATION,LINEAR_COMBINATION,LINEAR_COMBINATION,u007,LINEAR_COMBINATION,LINEAR_COMBINATION,LINEAR_COMBINATION,LINEAR_COMBINATION,True,LINEAR_COMBINATION,LINEAR_COMBINATION,11,94.85549926757812,False
1,-1,1.241665244102478,92c1cf24dfec0f981fde63a046c6ef032082961fcd8428f307ccaf28277d0d73,bd036a9b8af8c97daacae7336529ddd79040b915f4cf00dbb1d9b7ba7fa32d64,70b5cd93d7a7eb90445021cf1fb0470017e7653997bf01845f0c2cfbbeb97cc3,18.394086837768555,True,MLDG,LINEAR_COMBINATION,LINEAR_COMBINATION,LINEAR_COMBINATION,u008,LINEAR_COMBINATION,LINEAR_COMBINATION,LINEAR_COMBINATION,LINEAR_COMBINATION,True,LINEAR_COMBINATION,LINEAR_COMBINATION,11,13.30221939086914,False
5,-1,8.894159317016602,a91de9d4d45e247264e56ba206f81adf5a6c8db6d88035dc6f020b710c1d8739,aa5110dea3277712978cc4eb529e6dba2e93581980e9a75090edb60294199d2e,cc11da1a59f49955e29466af23930ae8cdafdb8208f7769abc8d71c094a46ee0,162.12689208984375,True,MLDG,LINEAR_COMBINATION,LINEAR_COMBINATION,LINEAR_COMBINATION,u008,LINEAR_COMBINATION,LINEAR_COMBINATION,LINEAR_COMBINATION,LINEAR_COMBINATION,True,LINEAR_COMBINATION,LINEAR_COMBINATION,11,118.312255859375,False
20,-1,14.530586242675781,1d19e09e4248ac999c98cf8a3d8adc46652e44928da68a073d7d9fe653f5f014,9f229482fd0dc010958f865cb77541d7d23a44554b121f8356f27d1c49f6afb2,67cfdb4675cef76f7afadd8f4be1205c7499f4bfb4113dfb7e85cb6a0b51d5da,126.934326171875,True,MLDG,LINEAR_COMBINATION,LINEAR_COMBINATION,LINEAR_COMBINATION,u008,LINEAR_COMBINATION,LINEAR_COMBINATION,LINEAR_COMBINATION,LINEAR_COMBINATION,True,LINEAR_COMBINATION,LINEAR_COMBINATION,11,94.85549926757812,False
1,-1,1.0489840507507324,92c1cf24dfec0f981fde63a046c6ef032082961fcd8428f307ccaf28277d0d73,bd036a9b8af8c97daacae7336529ddd79040b915f4cf00dbb1d9b7ba7fa32d64,70b5cd93d7a7eb90445021cf1fb0470017e7653997bf01845f0c2cfbbeb97cc3,4.129602909088135,True,MLDG,LINEAR_COMBINATION,LINEAR_COMBINATION,LINEAR_COMBINATION,u009,LINEAR_COMBINATION,LINEAR_COMBINATION,LINEAR_COMBINATION,LINEAR_COMBINATION,True,LINEAR_COMBINATION,LINEAR_COMBINATION,11,2.097909927368164,False
5,-1,12.530061721801758,a91de9d4d45e247264e56ba206f81adf5a6c8db6d88035dc6f020b710c1d8739,aa5110dea3277712978cc4eb529e6dba2e93581980e9a75090edb60294199d2e,cc11da1a59f49955e29466af23930ae8cdafdb8208f7769abc8d71c094a46ee0,38.0608024597168,True,MLDG,LINEAR_COMBINATION,LINEAR_COMBINATION,LINEAR_COMBINATION,u009,LINEAR_COMBINATION,LINEAR_COMBINATION,LINEAR_COMBINATION,LINEAR_COMBINATION,True,LINEAR_COMBINATION,LINEAR_COMBINATION,11,17.836225509643555,False
20,-1,58.93518829345703,1d19e09e4248ac999c98cf8a3d8adc46652e44928da68a073d7d9fe653f5f014,9f229482fd0dc010958f865cb77541d7d23a44554b121f8356f27d1c49f6afb2,67cfdb4675cef76f7afadd8f4be1205c7499f4bfb4113dfb7e85cb6a0b51d5da,88.24919128417969,True,MLDG,LINEAR_COMBINATION,LINEAR_COMBINATION,LINEAR_COMBINATION,u009,LINEAR_COMBINATION,LINEAR_COMBINATION,LINEAR_COMBINATION,LINEAR_COMBINATION,True,LINEAR_COMBINATION,LINEAR_COMBINATION,11,62.20983123779297,False
1,-1,1.0489840507507324,92c1cf24dfec0f981fde63a046c6ef032082961fcd8428f307ccaf28277d0d73,bd036a9b8af8c97daacae7336529ddd79040b915f4cf00dbb1d9b7ba7fa32d64,70b5cd93d7a7eb90445021cf1fb0470017e7653997bf01845f0c2cfbbeb97cc3,4.129602909088135,True,MLDG,LINEAR_COMBINATION,LINEAR_COMBINATION,LINEAR_COMBINATION,u010,LINEAR_COMBINATION,LINEAR_COMBINATION,LINEAR_COMBINATION,LINEAR_COMBINATION,True,LINEAR_COMBINATION,LINEAR_COMBINATION,11,2.097909927368164,False
5,-1,12.530061721801758,a91de9d4d45e247264e56ba206f81adf5a6c8db6d88035dc6f020b710c1d8739,aa5110dea3277712978cc4eb529e6dba2e93581980e9a75090edb60294199d2e,cc11da1a59f49955e29466af23930ae8cdafdb8208f7769abc8d71c094a46ee0,38.0608024597168,True,MLDG,LINEAR_COMBINATION,LINEAR_COMBINATION,LINEAR_COMBINATION,u010,LINEAR_COMBINATION,LINEAR_COMBINATION,LINEAR_COMBINATION,LINEAR_COMBINATION,True,LINEAR_COMBINATION,LINEAR_COMBINATION,11,17.836225509643555,False
20,-1,58.93518829345703,1d19e09e4248ac999c98cf8a3d8adc46652e44928da68a073d7d9fe653f5f014,9f229482fd0dc010958f865cb77541d7d23a44554b121f8356f27d1c49f6afb2,67cfdb4675cef76f7afadd8f4be1205c7499f4bfb4113dfb7e85cb6a0b51d5da,88.24919128417969,True,MLDG,LINEAR_COMBINATION,LINEAR_COMBINATION,LINEAR_COMBINATION,u010,LINEAR_COMBINATION,LINEAR_COMBINATION,LINEAR_COMBINATION,LINEAR_COMBINATION,True,LINEAR_COMBINATION,LINEAR_COMBINATION,11,62.20983123779297,False
1,0,1.112147569656372,be15e479b06e3d205dad6a3fff3b4de2eaf381f1bf78654bb2589a0ccec389bd,ece133836dc9f2b53670d48b33c9d5ea35f8f18651bba15d0ddf26bf1095dd8f,55dcfe2fdb1dd8dcaa445db42dfa3fc641618016dd44ee3a3e40eaa06827bbc8,17.136919021606445,True,WEIGHT_NUCLEAR,be15e479b06e3d205dad6a3fff3b4de2eaf381f1bf78654bb2589a0ccec389bd,d0929663ab5904d24ad5f4cd742ac4720fd328e68218e0b2d0dea2985d5f2ab1,4652716dd105254cd9998d61799a8bfbfcd50a4b30903b56ab44e29693fe41f1,u000,be15e479b06e3d205dad6a3fff3b4de2eaf381f1bf78654bb2589a0ccec389bd,c3393f19f47c156485ba98702b2f970504ef565b037e7d0ec974adc7dac91d6a,e85bb8af3f7741fdaa15a1c932c5f1bbdc4d2dad49656d59a0fcc6b4ab07c244,be15e479b06e3d205dad6a3fff3b4de2eaf381f1bf78654bb2589a0ccec389bd,True,c3393f19f47c156485ba98702b2f970504ef565b037e7d0ec974adc7dac91d6a,e85bb8af3f7741fdaa15a1c932c5f1bbdc4d2dad49656d59a0fcc6b4ab07c244,11,11.513057708740234,False
5,0,10.630799293518066,be15e479b06e3d205dad6a3fff3b4de2eaf381f1bf78654bb2589a0ccec389bd,a2b9006e9c15dece3e26e85768ee5bacf18f543de82218175321581c6eef3a78,0320fdfb77d5064661e0c9d65831cacbdbc79b8844bb1b77c26b4acf83ee7b2f,153.1722869873047,True,WEIGHT_NUCLEAR,be15e479b06e3d205dad6a3fff3b4de2eaf381f1bf78654bb2589a0ccec389bd,9024e35476f2bd63498366e774e308364418bb127efaddb3727e24551703ece6,4cbb4aa2f6bfc0aed9f92e2038d1bf086bf5118445c64b63644c010100fa7013,u000,be15e479b06e3d205dad6a3fff3b4de2eaf381f1bf78654bb2589a0ccec389bd,0796db00ed2f6bcc46d782d26b88b4aea625543a4bdb022333fa200fc7651751,498eab7b187865dd3b4f73fcf2a13696b72ea0569dbebc72a23bc4687d5d0547,be15e479b06e3d205dad6a3fff3b4de2eaf381f1bf78654bb2589a0ccec389bd,True,0796db00ed2f6bcc46d782d26b88b4aea625543a4bdb022333fa200fc7651751,498eab7b187865dd3b4f73fcf2a13696b72ea0569dbebc72a23bc4687d5d0547,11,104.43655395507812,False
20,0,11.711966514587402,be15e479b06e3d205dad6a3fff3b4de2eaf381f1bf78654bb2589a0ccec389bd,c4c95e15886ec244f0e2cec8d7e0b4daa69172f829eeac1399c600e57e3ae199,d303008b36b80547798f4234a81b102758d0e3c52cce4c120298f7c8a3f5db97,132.17457580566406,True,WEIGHT_NUCLEAR,be15e479b06e3d205dad6a3fff3b4de2eaf381f1bf78654bb2589a0ccec389bd,4f6e9d0e6a15ba49c8f1521619a0c603bc19890b9990e8965e2b7f29e8e7282d,c1fb621592d783c1d19507553aca37add7a5ae4a0afca46b1ec6c37cc3d5871d,u000,be15e479b06e3d205dad6a3fff3b4de2eaf381f1bf78654bb2589a0ccec389bd,3322c28c21c50ec9996d0c2e3755d0db05a2397c6e4e4e8858c71cc6b9886068,b0ed0cd50e2157226f980e6eddda390b740f3af693a2183a53c248ba8a935015,be15e479b06e3d205dad6a3fff3b4de2eaf381f1bf78654bb2589a0ccec389bd,True,3322c28c21c50ec9996d0c2e3755d0db05a2397c6e4e4e8858c71cc6b9886068,b0ed0cd50e2157226f980e6eddda390b740f3af693a2183a53c248ba8a935015,11,94.90019226074219,False
1,1,1.1603502035140991,be15e479b06e3d205dad6a3fff3b4de2eaf381f1bf78654bb2589a0ccec389bd,ece133836dc9f2b53670d48b33c9d5ea35f8f18651bba15d0ddf26bf1095dd8f,55dcfe2fdb1dd8dcaa445db42dfa3fc641618016dd44ee3a3e40eaa06827bbc8,16.73759651184082,True,WEIGHT_NUCLEAR,be15e479b06e3d205dad6a3fff3b4de2eaf381f1bf78654bb2589a0ccec389bd,172215d799de4ead3200f6a700a1b7be2bfe7c0c03cc78612b723f134a858b74,b57a242c1ddf7815cdde9de32a6f384125fe2287c042856dd925b779c7d34172,u001,be15e479b06e3d205dad6a3fff3b4de2eaf381f1bf78654bb2589a0ccec389bd,eab72d910945cc7c7e72f6069f079592e5ce28443cb5456563233d1381beac1c,2c219ad4d17c50b275dc478221fe8512e16636fb53053ceae339729f788762f5,be15e479b06e3d205dad6a3fff3b4de2eaf381f1bf78654bb2589a0ccec389bd,True,eab72d910945cc7c7e72f6069f079592e5ce28443cb5456563233d1381beac1c,2c219ad4d17c50b275dc478221fe8512e16636fb53053ceae339729f788762f5,11,11.330096244812012,False
5,1,9.196563720703125,be15e479b06e3d205dad6a3fff3b4de2eaf381f1bf78654bb2589a0ccec389bd,a2b9006e9c15dece3e26e85768ee5bacf18f543de82218175321581c6eef3a78,0320fdfb77d5064661e0c9d65831cacbdbc79b8844bb1b77c26b4acf83ee7b2f,151.53683471679688,True,WEIGHT_NUCLEAR,be15e479b06e3d205dad6a3fff3b4de2eaf381f1bf78654bb2589a0ccec389bd,a70c55195bf2a156f14f5cbd92ec1915c7b039e79bcb13f3c3bdb692ed63a3bb,e7a48807d8e12432435e361bbc8ea47d0dc10fa0ee6f3d812913b21901be1a69,u001,be15e479b06e3d205dad6a3fff3b4de2eaf381f1bf78654bb2589a0ccec389bd,abed2f25dff82b13c3343b541cf2de4db39691e24db23eff42da4426179cc018,7b9a5ce73c6290e05cb35c6d21c7f4983c1f9e0780da1fed3a7a939dd4ebc766,be15e479b06e3d205dad6a3fff3b4de2eaf381f1bf78654bb2589a0ccec389bd,True,abed2f25dff82b13c3343b541cf2de4db39691e24db23eff42da4426179cc018,7b9a5ce73c6290e05cb35c6d21c7f4983c1f9e0780da1fed3a7a939dd4ebc766,11,104.04270935058594,False
20,1,18.07813262939453,be15e479b06e3d205dad6a3fff3b4de2eaf381f1bf78654bb2589a0ccec389bd,c4c95e15886ec244f0e2cec8d7e0b4daa69172f829eeac1399c600e57e3ae199,d303008b36b80547798f4234a81b102758d0e3c52cce4c120298f7c8a3f5db97,131.2722930908203,True,WEIGHT_NUCLEAR,be15e479b06e3d205dad6a3fff3b4de2eaf381f1bf78654bb2589a0ccec389bd,d111314678e85eac776a6c3c084c0e5bb32a7e92a47ffa88c907259e8ce669d7,bc1e7c6d69e1207e456a9ccaffd57bf69b51d0edc74cb71dd8ad8ed4eeca2851,u001,be15e479b06e3d205dad6a3fff3b4de2eaf381f1bf78654bb2589a0ccec389bd,bb80a75a17e49800537086c8c1bccb564963be07f453cd81dd5d7a7083da2ec5,28b88cb48a0e55b1dddd1561efa98350843ca72de3ebd5d2578d18b9c56057a8,be15e479b06e3d205dad6a3fff3b4de2eaf381f1bf78654bb2589a0ccec389bd,True,bb80a75a17e49800537086c8c1bccb564963be07f453cd81dd5d7a7083da2ec5,28b88cb48a0e55b1dddd1561efa98350843ca72de3ebd5d2578d18b9c56057a8,11,95.72737121582031,False
1,2,0.0,be15e479b06e3d205dad6a3fff3b4de2eaf381f1bf78654bb2589a0ccec389bd,ece133836dc9f2b53670d48b33c9d5ea35f8f18651bba15d0ddf26bf1095dd8f,55dcfe2fdb1dd8dcaa445db42dfa3fc641618016dd44ee3a3e40eaa06827bbc8,0.0,True,WEIGHT_NUCLEAR,LINEAR_COMBINATION,LINEAR_COMBINATION,LINEAR_COMBINATION,u002,LINEAR_COMBINATION,LINEAR_COMBINATION,LINEAR_COMBINATION,LINEAR_COMBINATION,True,LINEAR_COMBINATION,LINEAR_COMBINATION,11,0.0,False
5,2,0.0,be15e479b06e3d205dad6a3fff3b4de2eaf381f1bf78654bb2589a0ccec389bd,a2b9006e9c15dece3e26e85768ee5bacf18f543de82218175321581c6eef3a78,0320fdfb77d5064661e0c9d65831cacbdbc79b8844bb1b77c26b4acf83ee7b2f,0.0,True,WEIGHT_NUCLEAR,LINEAR_COMBINATION,LINEAR_COMBINATION,LINEAR_COMBINATION,u002,LINEAR_COMBINATION,LINEAR_COMBINATION,LINEAR_COMBINATION,LINEAR_COMBINATION,True,LINEAR_COMBINATION,LINEAR_COMBINATION,11,0.0,False
20,2,0.0,be15e479b06e3d205dad6a3fff3b4de2eaf381f1bf78654bb2589a0ccec389bd,c4c95e15886ec244f0e2cec8d7e0b4daa69172f829eeac1399c600e57e3ae199,d303008b36b80547798f4234a81b102758d0e3c52cce4c120298f7c8a3f5db97,0.0,True,WEIGHT_NUCLEAR,LINEAR_COMBINATION,LINEAR_COMBINATION,LINEAR_COMBINATION,u002,LINEAR_COMBINATION,LINEAR_COMBINATION,LINEAR_COMBINATION,LINEAR_COMBINATION,True,LINEAR_COMBINATION,LINEAR_COMBINATION,11,0.0,False
1,3,1.3688995838165283,be15e479b06e3d205dad6a3fff3b4de2eaf381f1bf78654bb2589a0ccec389bd,ece133836dc9f2b53670d48b33c9d5ea35f8f18651bba15d0ddf26bf1095dd8f,55dcfe2fdb1dd8dcaa445db42dfa3fc641618016dd44ee3a3e40eaa06827bbc8,5.548727989196777,True,WEIGHT_NUCLEAR,be15e479b06e3d205dad6a3fff3b4de2eaf381f1bf78654bb2589a0ccec389bd,19e727b58e5dbe2faa9a3b7ebea376c7d5547093b14bd57889a0e432f24b058f,2d82dd1589efe90645a35f151823d0c274eabeb41b536653200eb59989e5cbce,u003,be15e479b06e3d205dad6a3fff3b4de2eaf381f1bf78654bb2589a0ccec389bd,6671975c426fcd4d2f76aa967afb6e3fc1ab60b2f925609e6954f9c1274e5545,507f3e2092390d32f1380b199104475c2febdb87e0c0d3ade1ab8a4760e49be3,be15e479b06e3d205dad6a3fff3b4de2eaf381f1bf78654bb2589a0ccec389bd,True,6671975c426fcd4d2f76aa967afb6e3fc1ab60b2f925609e6954f9c1274e5545,507f3e2092390d32f1380b199104475c2febdb87e0c0d3ade1ab8a4760e49be3,11,2.740410804748535,False
5,3,16.122703552246094,be15e479b06e3d205dad6a3fff3b4de2eaf381f1bf78654bb2589a0ccec389bd,a2b9006e9c15dece3e26e85768ee5bacf18f543de82218175321581c6eef3a78,0320fdfb77d5064661e0c9d65831cacbdbc79b8844bb1b77c26b4acf83ee7b2f,51.618560791015625,True,WEIGHT_NUCLEAR,be15e479b06e3d205dad6a3fff3b4de2eaf381f1bf78654bb2589a0ccec389bd,e9a61ff6c27ac7ee4b8197f39b991a715e0f33bdab6fef0e3fc1c16ae214554c,25ad286f72467bd650c898594e118fdad40bcd19821f7b91c86d313801bb8967,u003,be15e479b06e3d205dad6a3fff3b4de2eaf381f1bf78654bb2589a0ccec389bd,4a12661feb4e776506ec50f1313e3828ec2c68a74066af2cda9c2de24e019750,1e91635ca1a749e9c9fddc04b582a89d5905f1ac60232298af5fa1450e3d2708,be15e479b06e3d205dad6a3fff3b4de2eaf381f1bf78654bb2589a0ccec389bd,True,4a12661feb4e776506ec50f1313e3828ec2c68a74066af2cda9c2de24e019750,1e91635ca1a749e9c9fddc04b582a89d5905f1ac60232298af5fa1450e3d2708,11,24.195180892944336,False
20,3,72.87093353271484,be15e479b06e3d205dad6a3fff3b4de2eaf381f1bf78654bb2589a0ccec389bd,c4c95e15886ec244f0e2cec8d7e0b4daa69172f829eeac1399c600e57e3ae199,d303008b36b80547798f4234a81b102758d0e3c52cce4c120298f7c8a3f5db97,116.88015747070312,True,WEIGHT_NUCLEAR,be15e479b06e3d205dad6a3fff3b4de2eaf381f1bf78654bb2589a0ccec389bd,4cd76c82c8c904e266ccc546c3a4839f119098d1febfecab642762b0a29832e7,0f520839fd2fb329a998527c51550d24057c19364b1eeb7339b2b82c050b69f9,u003,be15e479b06e3d205dad6a3fff3b4de2eaf381f1bf78654bb2589a0ccec389bd,26b5d146329c4247fa94333e727511183949224e28e717373a132f2345bd9166,5ae66883a45f97e51de703afc091b3880a2265fffe8da86400429c86ac755968,be15e479b06e3d205dad6a3fff3b4de2eaf381f1bf78654bb2589a0ccec389bd,True,26b5d146329c4247fa94333e727511183949224e28e717373a132f2345bd9166,5ae66883a45f97e51de703afc091b3880a2265fffe8da86400429c86ac755968,11,84.16554260253906,False
1,4,0.0,be15e479b06e3d205dad6a3fff3b4de2eaf381f1bf78654bb2589a0ccec389bd,ece133836dc9f2b53670d48b33c9d5ea35f8f18651bba15d0ddf26bf1095dd8f,55dcfe2fdb1dd8dcaa445db42dfa3fc641618016dd44ee3a3e40eaa06827bbc8,0.0,True,WEIGHT_NUCLEAR,LINEAR_COMBINATION,LINEAR_COMBINATION,LINEAR_COMBINATION,u004,LINEAR_COMBINATION,LINEAR_COMBINATION,LINEAR_COMBINATION,LINEAR_COMBINATION,True,LINEAR_COMBINATION,LINEAR_COMBINATION,11,0.0,False
5,4,0.0,be15e479b06e3d205dad6a3fff3b4de2eaf381f1bf78654bb2589a0ccec389bd,a2b9006e9c15dece3e26e85768ee5bacf18f543de82218175321581c6eef3a78,0320fdfb77d5064661e0c9d65831cacbdbc79b8844bb1b77c26b4acf83ee7b2f,0.0,True,WEIGHT_NUCLEAR,LINEAR_COMBINATION,LINEAR_COMBINATION,LINEAR_COMBINATION,u004,LINEAR_COMBINATION,LINEAR_COMBINATION,LINEAR_COMBINATION,LINEAR_COMBINATION,True,LINEAR_COMBINATION,LINEAR_COMBINATION,11,0.0,False
20,4,0.0,be15e479b06e3d205dad6a3fff3b4de2eaf381f1bf78654bb2589a0ccec389bd,c4c95e15886ec244f0e2cec8d7e0b4daa69172f829eeac1399c600e57e3ae199,d303008b36b80547798f4234a81b102758d0e3c52cce4c120298f7c8a3f5db97,0.0,True,WEIGHT_NUCLEAR,LINEAR_COMBINATION,LINEAR_COMBINATION,LINEAR_COMBINATION,u004,LINEAR_COMBINATION,LINEAR_COMBINATION,LINEAR_COMBINATION,LINEAR_COMBINATION,True,LINEAR_COMBINATION,LINEAR_COMBINATION,11,0.0,False
1,-1,1.6042879819869995,be15e479b06e3d205dad6a3fff3b4de2eaf381f1bf78654bb2589a0ccec389bd,ece133836dc9f2b53670d48b33c9d5ea35f8f18651bba15d0ddf26bf1095dd8f,55dcfe2fdb1dd8dcaa445db42dfa3fc641618016dd44ee3a3e40eaa06827bbc8,23.950777053833008,True,WEIGHT_NUCLEAR,LINEAR_COMBINATION,LINEAR_COMBINATION,LINEAR_COMBINATION,u005,LINEAR_COMBINATION,LINEAR_COMBINATION,LINEAR_COMBINATION,LINEAR_COMBINATION,True,LINEAR_COMBINATION,LINEAR_COMBINATION,11,16.151132583618164,False
5,-1,13.979130744934082,be15e479b06e3d205dad6a3fff3b4de2eaf381f1bf78654bb2589a0ccec389bd,a2b9006e9c15dece3e26e85768ee5bacf18f543de82218175321581c6eef3a78,0320fdfb77d5064661e0c9d65831cacbdbc79b8844bb1b77c26b4acf83ee7b2f,215.44651794433594,True,WEIGHT_NUCLEAR,LINEAR_COMBINATION,LINEAR_COMBINATION,LINEAR_COMBINATION,u005,LINEAR_COMBINATION,LINEAR_COMBINATION,LINEAR_COMBINATION,LINEAR_COMBINATION,True,LINEAR_COMBINATION,LINEAR_COMBINATION,11,147.40869140625,False
20,-1,20.880611419677734,be15e479b06e3d205dad6a3fff3b4de2eaf381f1bf78654bb2589a0ccec389bd,c4c95e15886ec244f0e2cec8d7e0b4daa69172f829eeac1399c600e57e3ae199,d303008b36b80547798f4234a81b102758d0e3c52cce4c120298f7c8a3f5db97,186.13697814941406,True,WEIGHT_NUCLEAR,LINEAR_COMBINATION,LINEAR_COMBINATION,LINEAR_COMBINATION,u005,LINEAR_COMBINATION,LINEAR_COMBINATION,LINEAR_COMBINATION,LINEAR_COMBINATION,True,LINEAR_COMBINATION,LINEAR_COMBINATION,11,134.70867919921875,False
1,-1,0.09769676625728607,be15e479b06e3d205dad6a3fff3b4de2eaf381f1bf78654bb2589a0ccec389bd,ece133836dc9f2b53670d48b33c9d5ea35f8f18651bba15d0ddf26bf1095dd8f,55dcfe2fdb1dd8dcaa445db42dfa3fc641618016dd44ee3a3e40eaa06827bbc8,0.42587485909461975,True,WEIGHT_NUCLEAR,LINEAR_COMBINATION,LINEAR_COMBINATION,LINEAR_COMBINATION,u006,LINEAR_COMBINATION,LINEAR_COMBINATION,LINEAR_COMBINATION,LINEAR_COMBINATION,True,LINEAR_COMBINATION,LINEAR_COMBINATION,11,0.24992886185646057,False
5,-1,1.4746464490890503,be15e479b06e3d205dad6a3fff3b4de2eaf381f1bf78654bb2589a0ccec389bd,a2b9006e9c15dece3e26e85768ee5bacf18f543de82218175321581c6eef3a78,0320fdfb77d5064661e0c9d65831cacbdbc79b8844bb1b77c26b4acf83ee7b2f,2.820683240890503,True,WEIGHT_NUCLEAR,LINEAR_COMBINATION,LINEAR_COMBINATION,LINEAR_COMBINATION,u006,LINEAR_COMBINATION,LINEAR_COMBINATION,LINEAR_COMBINATION,LINEAR_COMBINATION,True,LINEAR_COMBINATION,LINEAR_COMBINATION,11,1.5982125997543335,False
20,-1,5.290466785430908,be15e479b06e3d205dad6a3fff3b4de2eaf381f1bf78654bb2589a0ccec389bd,c4c95e15886ec244f0e2cec8d7e0b4daa69172f829eeac1399c600e57e3ae199,d303008b36b80547798f4234a81b102758d0e3c52cce4c120298f7c8a3f5db97,7.452999114990234,True,WEIGHT_NUCLEAR,LINEAR_COMBINATION,LINEAR_COMBINATION,LINEAR_COMBINATION,u006,LINEAR_COMBINATION,LINEAR_COMBINATION,LINEAR_COMBINATION,LINEAR_COMBINATION,True,LINEAR_COMBINATION,LINEAR_COMBINATION,11,4.831786632537842,False
1,-1,1.134402871131897,be15e479b06e3d205dad6a3fff3b4de2eaf381f1bf78654bb2589a0ccec389bd,ece133836dc9f2b53670d48b33c9d5ea35f8f18651bba15d0ddf26bf1095dd8f,55dcfe2fdb1dd8dcaa445db42dfa3fc641618016dd44ee3a3e40eaa06827bbc8,16.93575668334961,True,WEIGHT_NUCLEAR,LINEAR_COMBINATION,LINEAR_COMBINATION,LINEAR_COMBINATION,u007,LINEAR_COMBINATION,LINEAR_COMBINATION,LINEAR_COMBINATION,LINEAR_COMBINATION,True,LINEAR_COMBINATION,LINEAR_COMBINATION,11,11.420575141906738,False
5,-1,9.884737968444824,be15e479b06e3d205dad6a3fff3b4de2eaf381f1bf78654bb2589a0ccec389bd,a2b9006e9c15dece3e26e85768ee5bacf18f543de82218175321581c6eef3a78,0320fdfb77d5064661e0c9d65831cacbdbc79b8844bb1b77c26b4acf83ee7b2f,152.34368896484375,True,WEIGHT_NUCLEAR,LINEAR_COMBINATION,LINEAR_COMBINATION,LINEAR_COMBINATION,u007,LINEAR_COMBINATION,LINEAR_COMBINATION,LINEAR_COMBINATION,LINEAR_COMBINATION,True,LINEAR_COMBINATION,LINEAR_COMBINATION,11,104.23368835449219,False
20,-1,14.764822006225586,be15e479b06e3d205dad6a3fff3b4de2eaf381f1bf78654bb2589a0ccec389bd,c4c95e15886ec244f0e2cec8d7e0b4daa69172f829eeac1399c600e57e3ae199,d303008b36b80547798f4234a81b102758d0e3c52cce4c120298f7c8a3f5db97,131.6187286376953,True,WEIGHT_NUCLEAR,LINEAR_COMBINATION,LINEAR_COMBINATION,LINEAR_COMBINATION,u007,LINEAR_COMBINATION,LINEAR_COMBINATION,LINEAR_COMBINATION,LINEAR_COMBINATION,True,LINEAR_COMBINATION,LINEAR_COMBINATION,11,95.25343322753906,False
1,-1,1.134402871131897,be15e479b06e3d205dad6a3fff3b4de2eaf381f1bf78654bb2589a0ccec389bd,ece133836dc9f2b53670d48b33c9d5ea35f8f18651bba15d0ddf26bf1095dd8f,55dcfe2fdb1dd8dcaa445db42dfa3fc641618016dd44ee3a3e40eaa06827bbc8,16.93575668334961,True,WEIGHT_NUCLEAR,LINEAR_COMBINATION,LINEAR_COMBINATION,LINEAR_COMBINATION,u008,LINEAR_COMBINATION,LINEAR_COMBINATION,LINEAR_COMBINATION,LINEAR_COMBINATION,True,LINEAR_COMBINATION,LINEAR_COMBINATION,11,11.420575141906738,False
5,-1,9.884737968444824,be15e479b06e3d205dad6a3fff3b4de2eaf381f1bf78654bb2589a0ccec389bd,a2b9006e9c15dece3e26e85768ee5bacf18f543de82218175321581c6eef3a78,0320fdfb77d5064661e0c9d65831cacbdbc79b8844bb1b77c26b4acf83ee7b2f,152.34368896484375,True,WEIGHT_NUCLEAR,LINEAR_COMBINATION,LINEAR_COMBINATION,LINEAR_COMBINATION,u008,LINEAR_COMBINATION,LINEAR_COMBINATION,LINEAR_COMBINATION,LINEAR_COMBINATION,True,LINEAR_COMBINATION,LINEAR_COMBINATION,11,104.23368835449219,False
20,-1,14.764822006225586,be15e479b06e3d205dad6a3fff3b4de2eaf381f1bf78654bb2589a0ccec389bd,c4c95e15886ec244f0e2cec8d7e0b4daa69172f829eeac1399c600e57e3ae199,d303008b36b80547798f4234a81b102758d0e3c52cce4c120298f7c8a3f5db97,131.6187286376953,True,WEIGHT_NUCLEAR,LINEAR_COMBINATION,LINEAR_COMBINATION,LINEAR_COMBINATION,u008,LINEAR_COMBINATION,LINEAR_COMBINATION,LINEAR_COMBINATION,LINEAR_COMBINATION,True,LINEAR_COMBINATION,LINEAR_COMBINATION,11,95.25343322753906,False
1,-1,0.9679582118988037,be15e479b06e3d205dad6a3fff3b4de2eaf381f1bf78654bb2589a0ccec389bd,ece133836dc9f2b53670d48b33c9d5ea35f8f18651bba15d0ddf26bf1095dd8f,55dcfe2fdb1dd8dcaa445db42dfa3fc641618016dd44ee3a3e40eaa06827bbc8,3.9235432147979736,True,WEIGHT_NUCLEAR,LINEAR_COMBINATION,LINEAR_COMBINATION,LINEAR_COMBINATION,u009,LINEAR_COMBINATION,LINEAR_COMBINATION,LINEAR_COMBINATION,LINEAR_COMBINATION,True,LINEAR_COMBINATION,LINEAR_COMBINATION,11,1.937762975692749,False
5,-1,11.400472640991211,be15e479b06e3d205dad6a3fff3b4de2eaf381f1bf78654bb2589a0ccec389bd,a2b9006e9c15dece3e26e85768ee5bacf18f543de82218175321581c6eef3a78,0320fdfb77d5064661e0c9d65831cacbdbc79b8844bb1b77c26b4acf83ee7b2f,36.49983596801758,True,WEIGHT_NUCLEAR,LINEAR_COMBINATION,LINEAR_COMBINATION,LINEAR_COMBINATION,u009,LINEAR_COMBINATION,LINEAR_COMBINATION,LINEAR_COMBINATION,LINEAR_COMBINATION,True,LINEAR_COMBINATION,LINEAR_COMBINATION,11,17.108577728271484,False
20,-1,51.52753448486328,be15e479b06e3d205dad6a3fff3b4de2eaf381f1bf78654bb2589a0ccec389bd,c4c95e15886ec244f0e2cec8d7e0b4daa69172f829eeac1399c600e57e3ae199,d303008b36b80547798f4234a81b102758d0e3c52cce4c120298f7c8a3f5db97,82.6467514038086,True,WEIGHT_NUCLEAR,LINEAR_COMBINATION,LINEAR_COMBINATION,LINEAR_COMBINATION,u009,LINEAR_COMBINATION,LINEAR_COMBINATION,LINEAR_COMBINATION,LINEAR_COMBINATION,True,LINEAR_COMBINATION,LINEAR_COMBINATION,11,59.5140266418457,False
1,-1,0.9679582118988037,be15e479b06e3d205dad6a3fff3b4de2eaf381f1bf78654bb2589a0ccec389bd,ece133836dc9f2b53670d48b33c9d5ea35f8f18651bba15d0ddf26bf1095dd8f,55dcfe2fdb1dd8dcaa445db42dfa3fc641618016dd44ee3a3e40eaa06827bbc8,3.9235432147979736,True,WEIGHT_NUCLEAR,LINEAR_COMBINATION,LINEAR_COMBINATION,LINEAR_COMBINATION,u010,LINEAR_COMBINATION,LINEAR_COMBINATION,LINEAR_COMBINATION,LINEAR_COMBINATION,True,LINEAR_COMBINATION,LINEAR_COMBINATION,11,1.937762975692749,False
5,-1,11.400472640991211,be15e479b06e3d205dad6a3fff3b4de2eaf381f1bf78654bb2589a0ccec389bd,a2b9006e9c15dece3e26e85768ee5bacf18f543de82218175321581c6eef3a78,0320fdfb77d5064661e0c9d65831cacbdbc79b8844bb1b77c26b4acf83ee7b2f,36.49983596801758,True,WEIGHT_NUCLEAR,LINEAR_COMBINATION,LINEAR_COMBINATION,LINEAR_COMBINATION,u010,LINEAR_COMBINATION,LINEAR_COMBINATION,LINEAR_COMBINATION,LINEAR_COMBINATION,True,LINEAR_COMBINATION,LINEAR_COMBINATION,11,17.108577728271484,False
20,-1,51.52753448486328,be15e479b06e3d205dad6a3fff3b4de2eaf381f1bf78654bb2589a0ccec389bd,c4c95e15886ec244f0e2cec8d7e0b4daa69172f829eeac1399c600e57e3ae199,d303008b36b80547798f4234a81b102758d0e3c52cce4c120298f7c8a3f5db97,82.6467514038086,True,WEIGHT_NUCLEAR,LINEAR_COMBINATION,LINEAR_COMBINATION,LINEAR_COMBINATION,u010,LINEAR_COMBINATION,LINEAR_COMBINATION,LINEAR_COMBINATION,LINEAR_COMBINATION,True,LINEAR_COMBINATION,LINEAR_COMBINATION,11,59.5140266418457,False
1,0,0.972550094127655,5d2690733a6ed42add9e51e6b2ea043f0eb891f86d4ef045650a37520363c482,22f1ca0c98486485740b2f7d29e6c0b059b41af6d70114a35aab8ca0a90d9632,619cdd0c40f425cfa5eba767dd831ce26a730089c3df04f7ba5a81c2c8447753,17.230146408081055,True,FEATURE_NUCLEAR,5d2690733a6ed42add9e51e6b2ea043f0eb891f86d4ef045650a37520363c482,16bf12234229f62bea970891648518dfa4937f46237bb01bbc0bea5df81435e8,675e76b83ffba4a5c33ca6e021cd7b2980f28de90a8c779f0e3a63cc59f2fa7f,u000,5d2690733a6ed42add9e51e6b2ea043f0eb891f86d4ef045650a37520363c482,230ad7eef10aba17742e1fcd8d2a56dd6ae55dc9c895aa5f75232c2eb94bdada,7576c10923413850cfb237815c639991b78e868e727cea8220da5a818e9b4dae,5d2690733a6ed42add9e51e6b2ea043f0eb891f86d4ef045650a37520363c482,True,230ad7eef10aba17742e1fcd8d2a56dd6ae55dc9c895aa5f75232c2eb94bdada,7576c10923413850cfb237815c639991b78e868e727cea8220da5a818e9b4dae,11,11.574872016906738,False
5,0,10.637511253356934,5d2690733a6ed42add9e51e6b2ea043f0eb891f86d4ef045650a37520363c482,d7531657b67a894fd54547f87f5a1fd3326371c8f5de11765888c2cf2a8fb60b,205e774d3a577248aa027cc10ee1da1f215c258a8e737ba25a02c4718e2768a5,151.81878662109375,True,FEATURE_NUCLEAR,5d2690733a6ed42add9e51e6b2ea043f0eb891f86d4ef045650a37520363c482,7ff73aacb0686ff535f22e5c049d71d30367015bab77a841890c45862f3ffd86,d7ff3ba3014f4c9be693870e9124da210c91bdb34d187265bb0276fb90f4cd64,u000,5d2690733a6ed42add9e51e6b2ea043f0eb891f86d4ef045650a37520363c482,018da892b8e0fa376a3489813a6411a4ae29bdb4c55999c3a38c95aec048089e,7fa0bc04d2f2c8eef1f4c4f7ec0ec07bbaf2042013ad61b1851dc58e5b1ff390,5d2690733a6ed42add9e51e6b2ea043f0eb891f86d4ef045650a37520363c482,True,018da892b8e0fa376a3489813a6411a4ae29bdb4c55999c3a38c95aec048089e,7fa0bc04d2f2c8eef1f4c4f7ec0ec07bbaf2042013ad61b1851dc58e5b1ff390,11,103.1240463256836,False
20,0,10.310785293579102,5d2690733a6ed42add9e51e6b2ea043f0eb891f86d4ef045650a37520363c482,28555eccc9d5b09ce6ba47fa4732ec0438b51fda18ba16683ae7e95d7380cd8b,142081e1db0830c55471f73adeab8d137d1fc27eaa2c7c109cc6469c897bd088,128.77845764160156,True,FEATURE_NUCLEAR,5d2690733a6ed42add9e51e6b2ea043f0eb891f86d4ef045650a37520363c482,5e65e0d3ae90e562a286240e9a96d5cf7a5629bd66e2e1f4142ff384df7a6f74,b5a07d88ca4bc2b02990bd7a5f1138493c94f6c26ada0d4bc87a8af6290b76a7,u000,5d2690733a6ed42add9e51e6b2ea043f0eb891f86d4ef045650a37520363c482,fff6a31db2a016634c9ad456886b7982d1208f4c335a941efbb94acaea06fd5c,beb12ea601a2f7c949abf0c0b4c7c7dffe9d91b44fc2bb981f062dd92f84f730,5d2690733a6ed42add9e51e6b2ea043f0eb891f86d4ef045650a37520363c482,True,fff6a31db2a016634c9ad456886b7982d1208f4c335a941efbb94acaea06fd5c,beb12ea601a2f7c949abf0c0b4c7c7dffe9d91b44fc2bb981f062dd92f84f730,11,92.42598724365234,False
1,1,1.0158920288085938,5d2690733a6ed42add9e51e6b2ea043f0eb891f86d4ef045650a37520363c482,22f1ca0c98486485740b2f7d29e6c0b059b41af6d70114a35aab8ca0a90d9632,619cdd0c40f425cfa5eba767dd831ce26a730089c3df04f7ba5a81c2c8447753,16.71416473388672,True,FEATURE_NUCLEAR,5d2690733a6ed42add9e51e6b2ea043f0eb891f86d4ef045650a37520363c482,c28bf07383710b0df1634fc2f5b2d9a3f545692b5a4e59457d6748297460f8b5,067acfbbed0e0c5489127cad7bc278db101ec4e9e2db478b5b587d19ef82e03f,u001,5d2690733a6ed42add9e51e6b2ea043f0eb891f86d4ef045650a37520363c482,35c870eb46c93cffa08a16f2a7303bbb55678eeed0c3a1c19c54a624b4e7c32f,1a826c6acd2ef110590dd843d034747cee297add4e779fdbaf7c04d6f69ef1c9,5d2690733a6ed42add9e51e6b2ea043f0eb891f86d4ef045650a37520363c482,True,35c870eb46c93cffa08a16f2a7303bbb55678eeed0c3a1c19c54a624b4e7c32f,1a826c6acd2ef110590dd843d034747cee297add4e779fdbaf7c04d6f69ef1c9,11,11.377432823181152,False
5,1,9.380730628967285,5d2690733a6ed42add9e51e6b2ea043f0eb891f86d4ef045650a37520363c482,d7531657b67a894fd54547f87f5a1fd3326371c8f5de11765888c2cf2a8fb60b,205e774d3a577248aa027cc10ee1da1f215c258a8e737ba25a02c4718e2768a5,150.2633819580078,True,FEATURE_NUCLEAR,5d2690733a6ed42add9e51e6b2ea043f0eb891f86d4ef045650a37520363c482,d8253e456e3dac7ee3281df3d46b549b25afdb3e067c3db474616720e6b2548b,232bb43a919d0f74e98bdc972a72d64d3cb1351ef48b09ca8874f977f45a9b5e,u001,5d2690733a6ed42add9e51e6b2ea043f0eb891f86d4ef045650a37520363c482,e63650575e6ec018d7d7d585745b4c9ad3d2e9f06d7ca74323caf15ae04ead8e,06a199c1881b827f66804bd8861471a41638d5d61a963f23102148e75ecefc0f,5d2690733a6ed42add9e51e6b2ea043f0eb891f86d4ef045650a37520363c482,True,e63650575e6ec018d7d7d585745b4c9ad3d2e9f06d7ca74323caf15ae04ead8e,06a199c1881b827f66804bd8861471a41638d5d61a963f23102148e75ecefc0f,11,103.15492248535156,False
20,1,16.490324020385742,5d2690733a6ed42add9e51e6b2ea043f0eb891f86d4ef045650a37520363c482,28555eccc9d5b09ce6ba47fa4732ec0438b51fda18ba16683ae7e95d7380cd8b,142081e1db0830c55471f73adeab8d137d1fc27eaa2c7c109cc6469c897bd088,127.6906509399414,True,FEATURE_NUCLEAR,5d2690733a6ed42add9e51e6b2ea043f0eb891f86d4ef045650a37520363c482,24c02e0ae7e8d6bfbd68af3782029b31286886ef62c0b5f6ffb8b5719bccd0c4,bfff937d238fb4b6052833b1fcb70e9203952c0ce456baf4054ab8883b7631bb,u001,5d2690733a6ed42add9e51e6b2ea043f0eb891f86d4ef045650a37520363c482,959eeb35c8a795ba789285fa3876e2b02fcade87cd2c5724a9972fc9bfa62270,875369cf8d8180f81317f637c77ef13d15d536459f920976403370c4011b1eaf,5d2690733a6ed42add9e51e6b2ea043f0eb891f86d4ef045650a37520363c482,True,959eeb35c8a795ba789285fa3876e2b02fcade87cd2c5724a9972fc9bfa62270,875369cf8d8180f81317f637c77ef13d15d536459f920976403370c4011b1eaf,11,93.30410766601562,False
1,2,0.0,5d2690733a6ed42add9e51e6b2ea043f0eb891f86d4ef045650a37520363c482,22f1ca0c98486485740b2f7d29e6c0b059b41af6d70114a35aab8ca0a90d9632,619cdd0c40f425cfa5eba767dd831ce26a730089c3df04f7ba5a81c2c8447753,0.0,True,FEATURE_NUCLEAR,LINEAR_COMBINATION,LINEAR_COMBINATION,LINEAR_COMBINATION,u002,LINEAR_COMBINATION,LINEAR_COMBINATION,LINEAR_COMBINATION,LINEAR_COMBINATION,True,LINEAR_COMBINATION,LINEAR_COMBINATION,11,0.0,False
5,2,0.0,5d2690733a6ed42add9e51e6b2ea043f0eb891f86d4ef045650a37520363c482,d7531657b67a894fd54547f87f5a1fd3326371c8f5de11765888c2cf2a8fb60b,205e774d3a577248aa027cc10ee1da1f215c258a8e737ba25a02c4718e2768a5,0.0,True,FEATURE_NUCLEAR,LINEAR_COMBINATION,LINEAR_COMBINATION,LINEAR_COMBINATION,u002,LINEAR_COMBINATION,LINEAR_COMBINATION,LINEAR_COMBINATION,LINEAR_COMBINATION,True,LINEAR_COMBINATION,LINEAR_COMBINATION,11,0.0,False
20,2,0.0,5d2690733a6ed42add9e51e6b2ea043f0eb891f86d4ef045650a37520363c482,28555eccc9d5b09ce6ba47fa4732ec0438b51fda18ba16683ae7e95d7380cd8b,142081e1db0830c55471f73adeab8d137d1fc27eaa2c7c109cc6469c897bd088,0.0,True,FEATURE_NUCLEAR,LINEAR_COMBINATION,LINEAR_COMBINATION,LINEAR_COMBINATION,u002,LINEAR_COMBINATION,LINEAR_COMBINATION,LINEAR_COMBINATION,LINEAR_COMBINATION,True,LINEAR_COMBINATION,LINEAR_COMBINATION,11,0.0,False
1,3,1.442901372909546,5d2690733a6ed42add9e51e6b2ea043f0eb891f86d4ef045650a37520363c482,22f1ca0c98486485740b2f7d29e6c0b059b41af6d70114a35aab8ca0a90d9632,619cdd0c40f425cfa5eba767dd831ce26a730089c3df04f7ba5a81c2c8447753,6.293400764465332,True,FEATURE_NUCLEAR,5d2690733a6ed42add9e51e6b2ea043f0eb891f86d4ef045650a37520363c482,c1330da34105f7a5a999036a88269af1fad14be1d608a207c05790d57be4b98a,72dcf4f1c4da420183f2471887289b6c887b6898d87f0aa6ebe02909feab9e28,u003,5d2690733a6ed42add9e51e6b2ea043f0eb891f86d4ef045650a37520363c482,ed86f4a2caed64d5a8cfb7a808a22fd41c12095eab2fdd0f85cf86546f874b6c,da38301f19e45bbfecba814e9dd0e6ceb62ae551465432dd12541c8f98c02ed3,5d2690733a6ed42add9e51e6b2ea043f0eb891f86d4ef045650a37520363c482,True,ed86f4a2caed64d5a8cfb7a808a22fd41c12095eab2fdd0f85cf86546f874b6c,da38301f19e45bbfecba814e9dd0e6ceb62ae551465432dd12541c8f98c02ed3,11,2.8742408752441406,False
5,3,17.773372650146484,5d2690733a6ed42add9e51e6b2ea043f0eb891f86d4ef045650a37520363c482,d7531657b67a894fd54547f87f5a1fd3326371c8f5de11765888c2cf2a8fb60b,205e774d3a577248aa027cc10ee1da1f215c258a8e737ba25a02c4718e2768a5,58.13813400268555,True,FEATURE_NUCLEAR,5d2690733a6ed42add9e51e6b2ea043f0eb891f86d4ef045650a37520363c482,a8467d18c9add459bd3e4ceba771d33da7059921367b4fb054f9756cffb4ea68,b956899254df69f4c0142009f7d4ac7ef2d3c419f9a438a4a8ba1361b62094d3,u003,5d2690733a6ed42add9e51e6b2ea043f0eb891f86d4ef045650a37520363c482,2071cd9f2a64ed431173483c3f69ce1fcb05bdb63552619683bf758efb3e0eb8,f46df53c5d85e234eac2b1d41ebd0e8024f67e26d173058e8c8e42d68f63c182,5d2690733a6ed42add9e51e6b2ea043f0eb891f86d4ef045650a37520363c482,True,2071cd9f2a64ed431173483c3f69ce1fcb05bdb63552619683bf758efb3e0eb8,f46df53c5d85e234eac2b1d41ebd0e8024f67e26d173058e8c8e42d68f63c182,11,24.696882247924805,False
20,3,77.20729064941406,5d2690733a6ed42add9e51e6b2ea043f0eb891f86d4ef045650a37520363c482,28555eccc9d5b09ce6ba47fa4732ec0438b51fda18ba16683ae7e95d7380cd8b,142081e1db0830c55471f73adeab8d137d1fc27eaa2c7c109cc6469c897bd088,131.50341796875,True,FEATURE_NUCLEAR,5d2690733a6ed42add9e51e6b2ea043f0eb891f86d4ef045650a37520363c482,b5425f356851f8403ebb31f823236ce6dd68625bcb287dfca9ca3a352ea628ae,4dbf2d3969d2332f7058bf625e7f6bec142eeb482bb849f753a4d405b44d3384,u003,5d2690733a6ed42add9e51e6b2ea043f0eb891f86d4ef045650a37520363c482,1f27e0ab2a767344675df580e58af69f70329a26064c09ba2d806f7b678e21f4,4f890df05414576cb43444dfc540e9ed9c06f770338aa31e4d6cacf06d631f57,5d2690733a6ed42add9e51e6b2ea043f0eb891f86d4ef045650a37520363c482,True,1f27e0ab2a767344675df580e58af69f70329a26064c09ba2d806f7b678e21f4,4f890df05414576cb43444dfc540e9ed9c06f770338aa31e4d6cacf06d631f57,11,95.89041137695312,False
1,4,0.0,5d2690733a6ed42add9e51e6b2ea043f0eb891f86d4ef045650a37520363c482,22f1ca0c98486485740b2f7d29e6c0b059b41af6d70114a35aab8ca0a90d9632,619cdd0c40f425cfa5eba767dd831ce26a730089c3df04f7ba5a81c2c8447753,0.0,True,FEATURE_NUCLEAR,LINEAR_COMBINATION,LINEAR_COMBINATION,LINEAR_COMBINATION,u004,LINEAR_COMBINATION,LINEAR_COMBINATION,LINEAR_COMBINATION,LINEAR_COMBINATION,True,LINEAR_COMBINATION,LINEAR_COMBINATION,11,0.0,False
5,4,0.0,5d2690733a6ed42add9e51e6b2ea043f0eb891f86d4ef045650a37520363c482,d7531657b67a894fd54547f87f5a1fd3326371c8f5de11765888c2cf2a8fb60b,205e774d3a577248aa027cc10ee1da1f215c258a8e737ba25a02c4718e2768a5,0.0,True,FEATURE_NUCLEAR,LINEAR_COMBINATION,LINEAR_COMBINATION,LINEAR_COMBINATION,u004,LINEAR_COMBINATION,LINEAR_COMBINATION,LINEAR_COMBINATION,LINEAR_COMBINATION,True,LINEAR_COMBINATION,LINEAR_COMBINATION,11,0.0,False
20,4,0.0,5d2690733a6ed42add9e51e6b2ea043f0eb891f86d4ef045650a37520363c482,28555eccc9d5b09ce6ba47fa4732ec0438b51fda18ba16683ae7e95d7380cd8b,142081e1db0830c55471f73adeab8d137d1fc27eaa2c7c109cc6469c897bd088,0.0,True,FEATURE_NUCLEAR,LINEAR_COMBINATION,LINEAR_COMBINATION,LINEAR_COMBINATION,u004,LINEAR_COMBINATION,LINEAR_COMBINATION,LINEAR_COMBINATION,LINEAR_COMBINATION,True,LINEAR_COMBINATION,LINEAR_COMBINATION,11,0.0,False
1,-1,1.4019767045974731,5d2690733a6ed42add9e51e6b2ea043f0eb891f86d4ef045650a37520363c482,22f1ca0c98486485740b2f7d29e6c0b059b41af6d70114a35aab8ca0a90d9632,619cdd0c40f425cfa5eba767dd831ce26a730089c3df04f7ba5a81c2c8447753,23.998626708984375,True,FEATURE_NUCLEAR,LINEAR_COMBINATION,LINEAR_COMBINATION,LINEAR_COMBINATION,u005,LINEAR_COMBINATION,LINEAR_COMBINATION,LINEAR_COMBINATION,LINEAR_COMBINATION,True,LINEAR_COMBINATION,LINEAR_COMBINATION,11,16.227767944335938,False
5,-1,14.078352928161621,5d2690733a6ed42add9e51e6b2ea043f0eb891f86d4ef045650a37520363c482,d7531657b67a894fd54547f87f5a1fd3326371c8f5de11765888c2cf2a8fb60b,205e774d3a577248aa027cc10ee1da1f215c258a8e737ba25a02c4718e2768a5,213.57948303222656,True,FEATURE_NUCLEAR,LINEAR_COMBINATION,LINEAR_COMBINATION,LINEAR_COMBINATION,u005,LINEAR_COMBINATION,LINEAR_COMBINATION,LINEAR_COMBINATION,LINEAR_COMBINATION,True,LINEAR_COMBINATION,LINEAR_COMBINATION,11,145.84674072265625,False
20,-1,18.618141174316406,5d2690733a6ed42add9e51e6b2ea043f0eb891f86d4ef045650a37520363c482,28555eccc9d5b09ce6ba47fa4732ec0438b51fda18ba16683ae7e95d7380cd8b,142081e1db0830c55471f73adeab8d137d1fc27eaa2c7c109cc6469c897bd088,181.18492126464844,True,FEATURE_NUCLEAR,LINEAR_COMBINATION,LINEAR_COMBINATION,LINEAR_COMBINATION,u005,LINEAR_COMBINATION,LINEAR_COMBINATION,LINEAR_COMBINATION,LINEAR_COMBINATION,True,LINEAR_COMBINATION,LINEAR_COMBINATION,11,131.2504425048828,False
1,-1,0.11113876104354858,5d2690733a6ed42add9e51e6b2ea043f0eb891f86d4ef045650a37520363c482,22f1ca0c98486485740b2f7d29e6c0b059b41af6d70114a35aab8ca0a90d9632,619cdd0c40f425cfa5eba767dd831ce26a730089c3df04f7ba5a81c2c8447753,0.5541418194770813,True,FEATURE_NUCLEAR,LINEAR_COMBINATION,LINEAR_COMBINATION,LINEAR_COMBINATION,u006,LINEAR_COMBINATION,LINEAR_COMBINATION,LINEAR_COMBINATION,LINEAR_COMBINATION,True,LINEAR_COMBINATION,LINEAR_COMBINATION,11,0.28829386830329895,False
5,-1,1.7189279794692993,5d2690733a6ed42add9e51e6b2ea043f0eb891f86d4ef045650a37520363c482,d7531657b67a894fd54547f87f5a1fd3326371c8f5de11765888c2cf2a8fb60b,205e774d3a577248aa027cc10ee1da1f215c258a8e737ba25a02c4718e2768a5,3.4389727115631104,True,FEATURE_NUCLEAR,LINEAR_COMBINATION,LINEAR_COMBINATION,LINEAR_COMBINATION,u006,LINEAR_COMBINATION,LINEAR_COMBINATION,LINEAR_COMBINATION,LINEAR_COMBINATION,True,LINEAR_COMBINATION,LINEAR_COMBINATION,11,2.058069944381714,False
20,-1,5.622088432312012,5d2690733a6ed42add9e51e6b2ea043f0eb891f86d4ef045650a37520363c482,28555eccc9d5b09ce6ba47fa4732ec0438b51fda18ba16683ae7e95d7380cd8b,142081e1db0830c55471f73adeab8d137d1fc27eaa2c7c109cc6469c897bd088,7.798530578613281,True,FEATURE_NUCLEAR,LINEAR_COMBINATION,LINEAR_COMBINATION,LINEAR_COMBINATION,u006,LINEAR_COMBINATION,LINEAR_COMBINATION,LINEAR_COMBINATION,LINEAR_COMBINATION,True,LINEAR_COMBINATION,LINEAR_COMBINATION,11,4.640904426574707,False
1,-1,0.9913471937179565,5d2690733a6ed42add9e51e6b2ea043f0eb891f86d4ef045650a37520363c482,22f1ca0c98486485740b2f7d29e6c0b059b41af6d70114a35aab8ca0a90d9632,619cdd0c40f425cfa5eba767dd831ce26a730089c3df04f7ba5a81c2c8447753,16.96959114074707,True,FEATURE_NUCLEAR,LINEAR_COMBINATION,LINEAR_COMBINATION,LINEAR_COMBINATION,u007,LINEAR_COMBINATION,LINEAR_COMBINATION,LINEAR_COMBINATION,LINEAR_COMBINATION,True,LINEAR_COMBINATION,LINEAR_COMBINATION,11,11.474764823913574,False
5,-1,9.954898834228516,5d2690733a6ed42add9e51e6b2ea043f0eb891f86d4ef045650a37520363c482,d7531657b67a894fd54547f87f5a1fd3326371c8f5de11765888c2cf2a8fb60b,205e774d3a577248aa027cc10ee1da1f215c258a8e737ba25a02c4718e2768a5,151.0235137939453,True,FEATURE_NUCLEAR,LINEAR_COMBINATION,LINEAR_COMBINATION,LINEAR_COMBINATION,u007,LINEAR_COMBINATION,LINEAR_COMBINATION,LINEAR_COMBINATION,LINEAR_COMBINATION,True,LINEAR_COMBINATION,LINEAR_COMBINATION,11,103.12922668457031,False
20,-1,13.16501522064209,5d2690733a6ed42add9e51e6b2ea043f0eb891f86d4ef045650a37520363c482,28555eccc9d5b09ce6ba47fa4732ec0438b51fda18ba16683ae7e95d7380cd8b,142081e1db0830c55471f73adeab8d137d1fc27eaa2c7c109cc6469c897bd088,128.11709594726562,True,FEATURE_NUCLEAR,LINEAR_COMBINATION,LINEAR_COMBINATION,LINEAR_COMBINATION,u007,LINEAR_COMBINATION,LINEAR_COMBINATION,LINEAR_COMBINATION,LINEAR_COMBINATION,True,LINEAR_COMBINATION,LINEAR_COMBINATION,11,92.8080825805664,False
1,-1,0.9913471937179565,5d2690733a6ed42add9e51e6b2ea043f0eb891f86d4ef045650a37520363c482,22f1ca0c98486485740b2f7d29e6c0b059b41af6d70114a35aab8ca0a90d9632,619cdd0c40f425cfa5eba767dd831ce26a730089c3df04f7ba5a81c2c8447753,16.96959114074707,True,FEATURE_NUCLEAR,LINEAR_COMBINATION,LINEAR_COMBINATION,LINEAR_COMBINATION,u008,LINEAR_COMBINATION,LINEAR_COMBINATION,LINEAR_COMBINATION,LINEAR_COMBINATION,True,LINEAR_COMBINATION,LINEAR_COMBINATION,11,11.474764823913574,False
5,-1,9.954898834228516,5d2690733a6ed42add9e51e6b2ea043f0eb891f86d4ef045650a37520363c482,d7531657b67a894fd54547f87f5a1fd3326371c8f5de11765888c2cf2a8fb60b,205e774d3a577248aa027cc10ee1da1f215c258a8e737ba25a02c4718e2768a5,151.0235137939453,True,FEATURE_NUCLEAR,LINEAR_COMBINATION,LINEAR_COMBINATION,LINEAR_COMBINATION,u008,LINEAR_COMBINATION,LINEAR_COMBINATION,LINEAR_COMBINATION,LINEAR_COMBINATION,True,LINEAR_COMBINATION,LINEAR_COMBINATION,11,103.12922668457031,False
20,-1,13.16501522064209,5d2690733a6ed42add9e51e6b2ea043f0eb891f86d4ef045650a37520363c482,28555eccc9d5b09ce6ba47fa4732ec0438b51fda18ba16683ae7e95d7380cd8b,142081e1db0830c55471f73adeab8d137d1fc27eaa2c7c109cc6469c897bd088,128.11709594726562,True,FEATURE_NUCLEAR,LINEAR_COMBINATION,LINEAR_COMBINATION,LINEAR_COMBINATION,u008,LINEAR_COMBINATION,LINEAR_COMBINATION,LINEAR_COMBINATION,LINEAR_COMBINATION,True,LINEAR_COMBINATION,LINEAR_COMBINATION,11,92.8080825805664,False
1,-1,1.0202853679656982,5d2690733a6ed42add9e51e6b2ea043f0eb891f86d4ef045650a37520363c482,22f1ca0c98486485740b2f7d29e6c0b059b41af6d70114a35aab8ca0a90d9632,619cdd0c40f425cfa5eba767dd831ce26a730089c3df04f7ba5a81c2c8447753,4.450106143951416,True,FEATURE_NUCLEAR,LINEAR_COMBINATION,LINEAR_COMBINATION,LINEAR_COMBINATION,u009,LINEAR_COMBINATION,LINEAR_COMBINATION,LINEAR_COMBINATION,LINEAR_COMBINATION,True,LINEAR_COMBINATION,LINEAR_COMBINATION,11,2.032395362854004,False
5,-1,12.567672729492188,5d2690733a6ed42add9e51e6b2ea043f0eb891f86d4ef045650a37520363c482,d7531657b67a894fd54547f87f5a1fd3326371c8f5de11765888c2cf2a8fb60b,205e774d3a577248aa027cc10ee1da1f215c258a8e737ba25a02c4718e2768a5,41.109867095947266,True,FEATURE_NUCLEAR,LINEAR_COMBINATION,LINEAR_COMBINATION,LINEAR_COMBINATION,u009,LINEAR_COMBINATION,LINEAR_COMBINATION,LINEAR_COMBINATION,LINEAR_COMBINATION,True,LINEAR_COMBINATION,LINEAR_COMBINATION,11,17.463333129882812,False
20,-1,54.59379959106445,5d2690733a6ed42add9e51e6b2ea043f0eb891f86d4ef045650a37520363c482,28555eccc9d5b09ce6ba47fa4732ec0438b51fda18ba16683ae7e95d7380cd8b,142081e1db0830c55471f73adeab8d137d1fc27eaa2c7c109cc6469c897bd088,92.98695373535156,True,FEATURE_NUCLEAR,LINEAR_COMBINATION,LINEAR_COMBINATION,LINEAR_COMBINATION,u009,LINEAR_COMBINATION,LINEAR_COMBINATION,LINEAR_COMBINATION,LINEAR_COMBINATION,True,LINEAR_COMBINATION,LINEAR_COMBINATION,11,67.80475616455078,False
1,-1,1.0202853679656982,5d2690733a6ed42add9e51e6b2ea043f0eb891f86d4ef045650a37520363c482,22f1ca0c98486485740b2f7d29e6c0b059b41af6d70114a35aab8ca0a90d9632,619cdd0c40f425cfa5eba767dd831ce26a730089c3df04f7ba5a81c2c8447753,4.450106143951416,True,FEATURE_NUCLEAR,LINEAR_COMBINATION,LINEAR_COMBINATION,LINEAR_COMBINATION,u010,LINEAR_COMBINATION,LINEAR_COMBINATION,LINEAR_COMBINATION,LINEAR_COMBINATION,True,LINEAR_COMBINATION,LINEAR_COMBINATION,11,2.032395362854004,False
5,-1,12.567672729492188,5d2690733a6ed42add9e51e6b2ea043f0eb891f86d4ef045650a37520363c482,d7531657b67a894fd54547f87f5a1fd3326371c8f5de11765888c2cf2a8fb60b,205e774d3a577248aa027cc10ee1da1f215c258a8e737ba25a02c4718e2768a5,41.109867095947266,True,FEATURE_NUCLEAR,LINEAR_COMBINATION,LINEAR_COMBINATION,LINEAR_COMBINATION,u010,LINEAR_COMBINATION,LINEAR_COMBINATION,LINEAR_COMBINATION,LINEAR_COMBINATION,True,LINEAR_COMBINATION,LINEAR_COMBINATION,11,17.463333129882812,False
20,-1,54.59379959106445,5d2690733a6ed42add9e51e6b2ea043f0eb891f86d4ef045650a37520363c482,28555eccc9d5b09ce6ba47fa4732ec0438b51fda18ba16683ae7e95d7380cd8b,142081e1db0830c55471f73adeab8d137d1fc27eaa2c7c109cc6469c897bd088,92.98695373535156,True,FEATURE_NUCLEAR,LINEAR_COMBINATION,LINEAR_COMBINATION,LINEAR_COMBINATION,u010,LINEAR_COMBINATION,LINEAR_COMBINATION,LINEAR_COMBINATION,LINEAR_COMBINATION,True,LINEAR_COMBINATION,LINEAR_COMBINATION,11,67.80475616455078,False
1,0,1.5164623260498047,bba06ac2ad59e40da62c472c7e960bfcb742e5909851fd70f18fff8428f9bcd9,47dbad055589315eb0c2d446be4069e81e01154236f3d63762cfcf54ed4577a4,0de2fded83bcaabeff026cf283bcfcc0c8237f872136d8ba9719fa131ffb3ba2,21.26199722290039,True,ERM,bba06ac2ad59e40da62c472c7e960bfcb742e5909851fd70f18fff8428f9bcd9,54703dcc008af56c52d85c9347b9c9dfee7050114bd6dc81c4c1913968d8e315,e6ca48b868d3a4a37ab093a969df8c75c44ac48a9f792e01e5a278eacbd7fd0e,u000,bba06ac2ad59e40da62c472c7e960bfcb742e5909851fd70f18fff8428f9bcd9,fe81cdfc84a2f25c19b11eeca280506d9fa8c6d4aa636b52b8b49d273b84b116,24b8087d74b293c59176d2b7b9f56ef30d6ba778bf363dc9e49b554b05a736d3,bba06ac2ad59e40da62c472c7e960bfcb742e5909851fd70f18fff8428f9bcd9,True,fe81cdfc84a2f25c19b11eeca280506d9fa8c6d4aa636b52b8b49d273b84b116,24b8087d74b293c59176d2b7b9f56ef30d6ba778bf363dc9e49b554b05a736d3,12,14.965797424316406,False
5,0,8.134818077087402,bba06ac2ad59e40da62c472c7e960bfcb742e5909851fd70f18fff8428f9bcd9,370c1b1176d587959a5f2283763df89a62f21a2760f281ed9910049dafab7862,7b851a706b3f8205f6b9349c15f6201e0d0c669cdc9791d8813a3481e180101d,171.3791961669922,True,ERM,bba06ac2ad59e40da62c472c7e960bfcb742e5909851fd70f18fff8428f9bcd9,d10451478e4c2068641f86f2def981e58ff847ecaddbe19173b211ca596ea175,9213da2fef5db44915170e99abba0386ea539626cb2681e1a2165bb8dba55380,u000,bba06ac2ad59e40da62c472c7e960bfcb742e5909851fd70f18fff8428f9bcd9,6d04fdecb48e249d27338f41e090bc6b360aa79e908c43b82edfc92da10e69d6,1462a9777fbf2737cf2e3dff0a597e0f8d0485b78c5e283f90f1c92a003e153a,bba06ac2ad59e40da62c472c7e960bfcb742e5909851fd70f18fff8428f9bcd9,True,6d04fdecb48e249d27338f41e090bc6b360aa79e908c43b82edfc92da10e69d6,1462a9777fbf2737cf2e3dff0a597e0f8d0485b78c5e283f90f1c92a003e153a,12,123.18453216552734,False
20,0,18.25908088684082,bba06ac2ad59e40da62c472c7e960bfcb742e5909851fd70f18fff8428f9bcd9,78cdee4a7933f4161a41d49776a226ddc6e6f1dfd18919f561566e4fb4b1b8b6,2dfb421defb5e6367d918b9d7f4476ece9a049fc94ae1b0b6ed7e1ee3f237210,144.87367248535156,True,ERM,bba06ac2ad59e40da62c472c7e960bfcb742e5909851fd70f18fff8428f9bcd9,f4bd8d312e3aea9e18760f6ff10beb02018954d6d9a228689d65cda0c2691ec9,b4f059f911aa92cc385359b84cbaf600b1cf7089c02b1fabfbc640bf74b65778,u000,bba06ac2ad59e40da62c472c7e960bfcb742e5909851fd70f18fff8428f9bcd9,3dbcc2e9fb13824a7b9420677658b6b3d12d5b92f405f4009078e6106d6c7fa6,8c965b60ce38a50b7fd6e13e8272325f76d05503b0b1f4e4c16c2ee06ee80c3d,bba06ac2ad59e40da62c472c7e960bfcb742e5909851fd70f18fff8428f9bcd9,True,3dbcc2e9fb13824a7b9420677658b6b3d12d5b92f405f4009078e6106d6c7fa6,8c965b60ce38a50b7fd6e13e8272325f76d05503b0b1f4e4c16c2ee06ee80c3d,12,104.94661712646484,False
1,1,1.2754055261611938,bba06ac2ad59e40da62c472c7e960bfcb742e5909851fd70f18fff8428f9bcd9,47dbad055589315eb0c2d446be4069e81e01154236f3d63762cfcf54ed4577a4,0de2fded83bcaabeff026cf283bcfcc0c8237f872136d8ba9719fa131ffb3ba2,21.644603729248047,True,ERM,bba06ac2ad59e40da62c472c7e960bfcb742e5909851fd70f18fff8428f9bcd9,a95099ef3a583d1cec835291baf12d83ce87345467435b99fb38d492758ddc41,acc4ea4899196a30f8f662e5d17a8359bef5215dc507ab09475646a5d799bfcf,u001,bba06ac2ad59e40da62c472c7e960bfcb742e5909851fd70f18fff8428f9bcd9,a5b218a9448990d6fc46c194cc30ed9a1f4d8e82537260516e519ffe8dc917ec,bd6743052e3ade37bdeeb661695dc282dd42875773c501a5a91b1ae1e18f0158,bba06ac2ad59e40da62c472c7e960bfcb742e5909851fd70f18fff8428f9bcd9,True,a5b218a9448990d6fc46c194cc30ed9a1f4d8e82537260516e519ffe8dc917ec,bd6743052e3ade37bdeeb661695dc282dd42875773c501a5a91b1ae1e18f0158,12,15.233912467956543,False
5,1,7.479624271392822,bba06ac2ad59e40da62c472c7e960bfcb742e5909851fd70f18fff8428f9bcd9,370c1b1176d587959a5f2283763df89a62f21a2760f281ed9910049dafab7862,7b851a706b3f8205f6b9349c15f6201e0d0c669cdc9791d8813a3481e180101d,172.20437622070312,True,ERM,bba06ac2ad59e40da62c472c7e960bfcb742e5909851fd70f18fff8428f9bcd9,14a4352be2aa7e723c2b022214fe8a7db142ca7cfdc87e80bc623d36b200815e,871db9e6011f75e64b180ebc8d1a3dde3378e0cc920b24ca37ab2a31c021c9cc,u001,bba06ac2ad59e40da62c472c7e960bfcb742e5909851fd70f18fff8428f9bcd9,df3b3444d767caa2af16ec68973d7a0b2e3065fd01ef403da30b4085385cee9c,2257862125d622e35d00acadbd651e2147d25d0e899c2653022afa1d23ad85ea,bba06ac2ad59e40da62c472c7e960bfcb742e5909851fd70f18fff8428f9bcd9,True,df3b3444d767caa2af16ec68973d7a0b2e3065fd01ef403da30b4085385cee9c,2257862125d622e35d00acadbd651e2147d25d0e899c2653022afa1d23ad85ea,12,123.71558380126953,False
20,1,18.876300811767578,bba06ac2ad59e40da62c472c7e960bfcb742e5909851fd70f18fff8428f9bcd9,78cdee4a7933f4161a41d49776a226ddc6e6f1dfd18919f561566e4fb4b1b8b6,2dfb421defb5e6367d918b9d7f4476ece9a049fc94ae1b0b6ed7e1ee3f237210,144.18064880371094,True,ERM,bba06ac2ad59e40da62c472c7e960bfcb742e5909851fd70f18fff8428f9bcd9,72c937782c8b415a02c4a20d7e44031e2068b563b022e00ab8dff30524a18c84,2309f6ce05ac1e97efe9fe685981b3759146f12dcbabd328f9725c1b262a6bf4,u001,bba06ac2ad59e40da62c472c7e960bfcb742e5909851fd70f18fff8428f9bcd9,68a591d8462a30bcd3ba7a88dd6922f2167ec713db2cc62fd5739974c6f4bcc1,853aa07c6d7d6426ad3ce71952d28fb9e4c35457606c542814b83eeaece00e4a,bba06ac2ad59e40da62c472c7e960bfcb742e5909851fd70f18fff8428f9bcd9,True,68a591d8462a30bcd3ba7a88dd6922f2167ec713db2cc62fd5739974c6f4bcc1,853aa07c6d7d6426ad3ce71952d28fb9e4c35457606c542814b83eeaece00e4a,12,105.615478515625,False
1,2,0.0,bba06ac2ad59e40da62c472c7e960bfcb742e5909851fd70f18fff8428f9bcd9,47dbad055589315eb0c2d446be4069e81e01154236f3d63762cfcf54ed4577a4,0de2fded83bcaabeff026cf283bcfcc0c8237f872136d8ba9719fa131ffb3ba2,0.0,True,ERM,LINEAR_COMBINATION,LINEAR_COMBINATION,LINEAR_COMBINATION,u002,LINEAR_COMBINATION,LINEAR_COMBINATION,LINEAR_COMBINATION,LINEAR_COMBINATION,True,LINEAR_COMBINATION,LINEAR_COMBINATION,12,0.0,False
5,2,0.0,bba06ac2ad59e40da62c472c7e960bfcb742e5909851fd70f18fff8428f9bcd9,370c1b1176d587959a5f2283763df89a62f21a2760f281ed9910049dafab7862,7b851a706b3f8205f6b9349c15f6201e0d0c669cdc9791d8813a3481e180101d,0.0,True,ERM,LINEAR_COMBINATION,LINEAR_COMBINATION,LINEAR_COMBINATION,u002,LINEAR_COMBINATION,LINEAR_COMBINATION,LINEAR_COMBINATION,LINEAR_COMBINATION,True,LINEAR_COMBINATION,LINEAR_COMBINATION,12,0.0,False
20,2,0.0,bba06ac2ad59e40da62c472c7e960bfcb742e5909851fd70f18fff8428f9bcd9,78cdee4a7933f4161a41d49776a226ddc6e6f1dfd18919f561566e4fb4b1b8b6,2dfb421defb5e6367d918b9d7f4476ece9a049fc94ae1b0b6ed7e1ee3f237210,0.0,True,ERM,LINEAR_COMBINATION,LINEAR_COMBINATION,LINEAR_COMBINATION,u002,LINEAR_COMBINATION,LINEAR_COMBINATION,LINEAR_COMBINATION,LINEAR_COMBINATION,True,LINEAR_COMBINATION,LINEAR_COMBINATION,12,0.0,False
1,3,2.2740702629089355,bba06ac2ad59e40da62c472c7e960bfcb742e5909851fd70f18fff8428f9bcd9,47dbad055589315eb0c2d446be4069e81e01154236f3d63762cfcf54ed4577a4,0de2fded83bcaabeff026cf283bcfcc0c8237f872136d8ba9719fa131ffb3ba2,7.400051593780518,True,ERM,bba06ac2ad59e40da62c472c7e960bfcb742e5909851fd70f18fff8428f9bcd9,17e37b07a0a614430bb0ffb024a5cd78036122d7df8e269efbc64032010a915a,762ddbbc30e0e462a1fde142a7190d9fa249ded5d4eda186e62fe0f3db3661c9,u003,bba06ac2ad59e40da62c472c7e960bfcb742e5909851fd70f18fff8428f9bcd9,c858a5e98d32b786640067fbf5bfa5ba129b61046616540afa44755790e8a1b6,2342bedbc28834078994201176e5f53970dae6a3686f9d64407d0b7fbc3ef67e,bba06ac2ad59e40da62c472c7e960bfcb742e5909851fd70f18fff8428f9bcd9,True,c858a5e98d32b786640067fbf5bfa5ba129b61046616540afa44755790e8a1b6,2342bedbc28834078994201176e5f53970dae6a3686f9d64407d0b7fbc3ef67e,12,3.7686471939086914,False
5,3,16.94861602783203,bba06ac2ad59e40da62c472c7e960bfcb742e5909851fd70f18fff8428f9bcd9,370c1b1176d587959a5f2283763df89a62f21a2760f281ed9910049dafab7862,7b851a706b3f8205f6b9349c15f6201e0d0c669cdc9791d8813a3481e180101d,57.7922477722168,True,ERM,bba06ac2ad59e40da62c472c7e960bfcb742e5909851fd70f18fff8428f9bcd9,b33aacecd55ce2cad0aaa0e69eb69f20724d9aa4d533d096b3fcbec5a16877ca,08f86296f3f530c53bfdd6d8cdf2e1c23ff7e5e6cf80a67451342e659d4b47c1,u003,bba06ac2ad59e40da62c472c7e960bfcb742e5909851fd70f18fff8428f9bcd9,f26bab7ed34ffea889cb6678725cdfa858111f58ec00800b9394e0d87f0dc73d,85a06b56b47aecb1c40da550000bac03016922d472f8d0863b0eb92fef09ef96,bba06ac2ad59e40da62c472c7e960bfcb742e5909851fd70f18fff8428f9bcd9,True,f26bab7ed34ffea889cb6678725cdfa858111f58ec00800b9394e0d87f0dc73d,85a06b56b47aecb1c40da550000bac03016922d472f8d0863b0eb92fef09ef96,12,24.007112503051758,False
20,3,70.74108123779297,bba06ac2ad59e40da62c472c7e960bfcb742e5909851fd70f18fff8428f9bcd9,78cdee4a7933f4161a41d49776a226ddc6e6f1dfd18919f561566e4fb4b1b8b6,2dfb421defb5e6367d918b9d7f4476ece9a049fc94ae1b0b6ed7e1ee3f237210,127.57211303710938,True,ERM,bba06ac2ad59e40da62c472c7e960bfcb742e5909851fd70f18fff8428f9bcd9,30a0a0e1566ce6f0eeb045c74327055ae75d2bda03fad3ec84b7badd3b61c5dc,a286b73cae62f48986d06e3f510791410321522ef993a00142a22a0fee1ff1a6,u003,bba06ac2ad59e40da62c472c7e960bfcb742e5909851fd70f18fff8428f9bcd9,69888620c2bb54979e9a1318e4c74ea297ca5770ab2ea8c9c84304df097d6118,a3555471357c346075cac4aefc3a15468030cbbb81ba4f94e1633082a125d0d8,bba06ac2ad59e40da62c472c7e960bfcb742e5909851fd70f18fff8428f9bcd9,True,69888620c2bb54979e9a1318e4c74ea297ca5770ab2ea8c9c84304df097d6118,a3555471357c346075cac4aefc3a15468030cbbb81ba4f94e1633082a125d0d8,12,79.3870849609375,False
1,4,0.0,bba06ac2ad59e40da62c472c7e960bfcb742e5909851fd70f18fff8428f9bcd9,47dbad055589315eb0c2d446be4069e81e01154236f3d63762cfcf54ed4577a4,0de2fded83bcaabeff026cf283bcfcc0c8237f872136d8ba9719fa131ffb3ba2,0.0,True,ERM,LINEAR_COMBINATION,LINEAR_COMBINATION,LINEAR_COMBINATION,u004,LINEAR_COMBINATION,LINEAR_COMBINATION,LINEAR_COMBINATION,LINEAR_COMBINATION,True,LINEAR_COMBINATION,LINEAR_COMBINATION,12,0.0,False
5,4,0.0,bba06ac2ad59e40da62c472c7e960bfcb742e5909851fd70f18fff8428f9bcd9,370c1b1176d587959a5f2283763df89a62f21a2760f281ed9910049dafab7862,7b851a706b3f8205f6b9349c15f6201e0d0c669cdc9791d8813a3481e180101d,0.0,True,ERM,LINEAR_COMBINATION,LINEAR_COMBINATION,LINEAR_COMBINATION,u004,LINEAR_COMBINATION,LINEAR_COMBINATION,LINEAR_COMBINATION,LINEAR_COMBINATION,True,LINEAR_COMBINATION,LINEAR_COMBINATION,12,0.0,False
20,4,0.0,bba06ac2ad59e40da62c472c7e960bfcb742e5909851fd70f18fff8428f9bcd9,78cdee4a7933f4161a41d49776a226ddc6e6f1dfd18919f561566e4fb4b1b8b6,2dfb421defb5e6367d918b9d7f4476ece9a049fc94ae1b0b6ed7e1ee3f237210,0.0,True,ERM,LINEAR_COMBINATION,LINEAR_COMBINATION,LINEAR_COMBINATION,u004,LINEAR_COMBINATION,LINEAR_COMBINATION,LINEAR_COMBINATION,LINEAR_COMBINATION,True,LINEAR_COMBINATION,LINEAR_COMBINATION,12,0.0,False
1,-1,1.9683221578598022,bba06ac2ad59e40da62c472c7e960bfcb742e5909851fd70f18fff8428f9bcd9,47dbad055589315eb0c2d446be4069e81e01154236f3d63762cfcf54ed4577a4,0de2fded83bcaabeff026cf283bcfcc0c8237f872136d8ba9719fa131ffb3ba2,30.335481643676758,True,ERM,LINEAR_COMBINATION,LINEAR_COMBINATION,LINEAR_COMBINATION,u005,LINEAR_COMBINATION,LINEAR_COMBINATION,LINEAR_COMBINATION,LINEAR_COMBINATION,True,LINEAR_COMBINATION,LINEAR_COMBINATION,12,21.352170944213867,False
5,-1,10.968314170837402,bba06ac2ad59e40da62c472c7e960bfcb742e5909851fd70f18fff8428f9bcd9,370c1b1176d587959a5f2283763df89a62f21a2760f281ed9910049dafab7862,7b851a706b3f8205f6b9349c15f6201e0d0c669cdc9791d8813a3481e180101d,242.9298858642578,True,ERM,LINEAR_COMBINATION,LINEAR_COMBINATION,LINEAR_COMBINATION,u005,LINEAR_COMBINATION,LINEAR_COMBINATION,LINEAR_COMBINATION,LINEAR_COMBINATION,True,LINEAR_COMBINATION,LINEAR_COMBINATION,12,174.57606506347656,False
20,-1,26.16503143310547,bba06ac2ad59e40da62c472c7e960bfcb742e5909851fd70f18fff8428f9bcd9,78cdee4a7933f4161a41d49776a226ddc6e6f1dfd18919f561566e4fb4b1b8b6,2dfb421defb5e6367d918b9d7f4476ece9a049fc94ae1b0b6ed7e1ee3f237210,204.2924041748047,True,ERM,LINEAR_COMBINATION,LINEAR_COMBINATION,LINEAR_COMBINATION,u005,LINEAR_COMBINATION,LINEAR_COMBINATION,LINEAR_COMBINATION,LINEAR_COMBINATION,True,LINEAR_COMBINATION,LINEAR_COMBINATION,12,148.8387451171875,False
1,-1,0.22809065878391266,bba06ac2ad59e40da62c472c7e960bfcb742e5909851fd70f18fff8428f9bcd9,47dbad055589315eb0c2d446be4069e81e01154236f3d63762cfcf54ed4577a4,0de2fded83bcaabeff026cf283bcfcc0c8237f872136d8ba9719fa131ffb3ba2,0.5653674602508545,True,ERM,LINEAR_COMBINATION,LINEAR_COMBINATION,LINEAR_COMBINATION,u006,LINEAR_COMBINATION,LINEAR_COMBINATION,LINEAR_COMBINATION,LINEAR_COMBINATION,True,LINEAR_COMBINATION,LINEAR_COMBINATION,12,0.3632371425628662,False
5,-1,1.3476417064666748,bba06ac2ad59e40da62c472c7e960bfcb742e5909851fd70f18fff8428f9bcd9,370c1b1176d587959a5f2283763df89a62f21a2760f281ed9910049dafab7862,7b851a706b3f8205f6b9349c15f6201e0d0c669cdc9791d8813a3481e180101d,3.19992995262146,True,ERM,LINEAR_COMBINATION,LINEAR_COMBINATION,LINEAR_COMBINATION,u006,LINEAR_COMBINATION,LINEAR_COMBINATION,LINEAR_COMBINATION,LINEAR_COMBINATION,True,LINEAR_COMBINATION,LINEAR_COMBINATION,12,1.7806673049926758,False
20,-1,2.258293628692627,bba06ac2ad59e40da62c472c7e960bfcb742e5909851fd70f18fff8428f9bcd9,78cdee4a7933f4161a41d49776a226ddc6e6f1dfd18919f561566e4fb4b1b8b6,2dfb421defb5e6367d918b9d7f4476ece9a049fc94ae1b0b6ed7e1ee3f237210,6.406745910644531,True,ERM,LINEAR_COMBINATION,LINEAR_COMBINATION,LINEAR_COMBINATION,u006,LINEAR_COMBINATION,LINEAR_COMBINATION,LINEAR_COMBINATION,LINEAR_COMBINATION,True,LINEAR_COMBINATION,LINEAR_COMBINATION,12,3.930910348892212,False
1,-1,1.3918139934539795,bba06ac2ad59e40da62c472c7e960bfcb742e5909851fd70f18fff8428f9bcd9,47dbad055589315eb0c2d446be4069e81e01154236f3d63762cfcf54ed4577a4,0de2fded83bcaabeff026cf283bcfcc0c8237f872136d8ba9719fa131ffb3ba2,21.450424194335938,True,ERM,LINEAR_COMBINATION,LINEAR_COMBINATION,LINEAR_COMBINATION,u007,LINEAR_COMBINATION,LINEAR_COMBINATION,LINEAR_COMBINATION,LINEAR_COMBINATION,True,LINEAR_COMBINATION,LINEAR_COMBINATION,12,15.098264694213867,False
5,-1,7.755768775939941,bba06ac2ad59e40da62c472c7e960bfcb742e5909851fd70f18fff8428f9bcd9,370c1b1176d587959a5f2283763df89a62f21a2760f281ed9910049dafab7862,7b851a706b3f8205f6b9349c15f6201e0d0c669cdc9791d8813a3481e180101d,171.77737426757812,True,ERM,LINEAR_COMBINATION,LINEAR_COMBINATION,LINEAR_COMBINATION,u007,LINEAR_COMBINATION,LINEAR_COMBINATION,LINEAR_COMBINATION,LINEAR_COMBINATION,True,LINEAR_COMBINATION,LINEAR_COMBINATION,12,123.44392395019531,False
20,-1,18.50147247314453,bba06ac2ad59e40da62c472c7e960bfcb742e5909851fd70f18fff8428f9bcd9,78cdee4a7933f4161a41d49776a226ddc6e6f1dfd18919f561566e4fb4b1b8b6,2dfb421defb5e6367d918b9d7f4476ece9a049fc94ae1b0b6ed7e1ee3f237210,144.45655822753906,True,ERM,LINEAR_COMBINATION,LINEAR_COMBINATION,LINEAR_COMBINATION,u007,LINEAR_COMBINATION,LINEAR_COMBINATION,LINEAR_COMBINATION,LINEAR_COMBINATION,True,LINEAR_COMBINATION,LINEAR_COMBINATION,12,105.24488830566406,False
1,-1,1.3918139934539795,bba06ac2ad59e40da62c472c7e960bfcb742e5909851fd70f18fff8428f9bcd9,47dbad055589315eb0c2d446be4069e81e01154236f3d63762cfcf54ed4577a4,0de2fded83bcaabeff026cf283bcfcc0c8237f872136d8ba9719fa131ffb3ba2,21.450424194335938,True,ERM,LINEAR_COMBINATION,LINEAR_COMBINATION,LINEAR_COMBINATION,u008,LINEAR_COMBINATION,LINEAR_COMBINATION,LINEAR_COMBINATION,LINEAR_COMBINATION,True,LINEAR_COMBINATION,LINEAR_COMBINATION,12,15.098264694213867,False
5,-1,7.755768775939941,bba06ac2ad59e40da62c472c7e960bfcb742e5909851fd70f18fff8428f9bcd9,370c1b1176d587959a5f2283763df89a62f21a2760f281ed9910049dafab7862,7b851a706b3f8205f6b9349c15f6201e0d0c669cdc9791d8813a3481e180101d,171.77737426757812,True,ERM,LINEAR_COMBINATION,LINEAR_COMBINATION,LINEAR_COMBINATION,u008,LINEAR_COMBINATION,LINEAR_COMBINATION,LINEAR_COMBINATION,LINEAR_COMBINATION,True,LINEAR_COMBINATION,LINEAR_COMBINATION,12,123.44392395019531,False
20,-1,18.50147247314453,bba06ac2ad59e40da62c472c7e960bfcb742e5909851fd70f18fff8428f9bcd9,78cdee4a7933f4161a41d49776a226ddc6e6f1dfd18919f561566e4fb4b1b8b6,2dfb421defb5e6367d918b9d7f4476ece9a049fc94ae1b0b6ed7e1ee3f237210,144.45655822753906,True,ERM,LINEAR_COMBINATION,LINEAR_COMBINATION,LINEAR_COMBINATION,u008,LINEAR_COMBINATION,LINEAR_COMBINATION,LINEAR_COMBINATION,LINEAR_COMBINATION,True,LINEAR_COMBINATION,LINEAR_COMBINATION,12,105.24488830566406,False
1,-1,1.6080104112625122,bba06ac2ad59e40da62c472c7e960bfcb742e5909851fd70f18fff8428f9bcd9,47dbad055589315eb0c2d446be4069e81e01154236f3d63762cfcf54ed4577a4,0de2fded83bcaabeff026cf283bcfcc0c8237f872136d8ba9719fa131ffb3ba2,5.232626438140869,True,ERM,LINEAR_COMBINATION,LINEAR_COMBINATION,LINEAR_COMBINATION,u009,LINEAR_COMBINATION,LINEAR_COMBINATION,LINEAR_COMBINATION,LINEAR_COMBINATION,True,LINEAR_COMBINATION,LINEAR_COMBINATION,12,2.6648356914520264,False
5,-1,11.984481811523438,bba06ac2ad59e40da62c472c7e960bfcb742e5909851fd70f18fff8428f9bcd9,370c1b1176d587959a5f2283763df89a62f21a2760f281ed9910049dafab7862,7b851a706b3f8205f6b9349c15f6201e0d0c669cdc9791d8813a3481e180101d,40.865291595458984,True,ERM,LINEAR_COMBINATION,LINEAR_COMBINATION,LINEAR_COMBINATION,u009,LINEAR_COMBINATION,LINEAR_COMBINATION,LINEAR_COMBINATION,LINEAR_COMBINATION,True,LINEAR_COMBINATION,LINEAR_COMBINATION,12,16.9755916595459,False
20,-1,50.02149963378906,bba06ac2ad59e40da62c472c7e960bfcb742e5909851fd70f18fff8428f9bcd9,78cdee4a7933f4161a41d49776a226ddc6e6f1dfd18919f561566e4fb4b1b8b6,2dfb421defb5e6367d918b9d7f4476ece9a049fc94ae1b0b6ed7e1ee3f237210,90.20710754394531,True,ERM,LINEAR_COMBINATION,LINEAR_COMBINATION,LINEAR_COMBINATION,u009,LINEAR_COMBINATION,LINEAR_COMBINATION,LINEAR_COMBINATION,LINEAR_COMBINATION,True,LINEAR_COMBINATION,LINEAR_COMBINATION,12,56.13514709472656,False
1,-1,1.6080104112625122,bba06ac2ad59e40da62c472c7e960bfcb742e5909851fd70f18fff8428f9bcd9,47dbad055589315eb0c2d446be4069e81e01154236f3d63762cfcf54ed4577a4,0de2fded83bcaabeff026cf283bcfcc0c8237f872136d8ba9719fa131ffb3ba2,5.232626438140869,True,ERM,LINEAR_COMBINATION,LINEAR_COMBINATION,LINEAR_COMBINATION,u010,LINEAR_COMBINATION,LINEAR_COMBINATION,LINEAR_COMBINATION,LINEAR_COMBINATION,True,LINEAR_COMBINATION,LINEAR_COMBINATION,12,2.6648356914520264,False
5,-1,11.984481811523438,bba06ac2ad59e40da62c472c7e960bfcb742e5909851fd70f18fff8428f9bcd9,370c1b1176d587959a5f2283763df89a62f21a2760f281ed9910049dafab7862,7b851a706b3f8205f6b9349c15f6201e0d0c669cdc9791d8813a3481e180101d,40.865291595458984,True,ERM,LINEAR_COMBINATION,LINEAR_COMBINATION,LINEAR_COMBINATION,u010,LINEAR_COMBINATION,LINEAR_COMBINATION,LINEAR_COMBINATION,LINEAR_COMBINATION,True,LINEAR_COMBINATION,LINEAR_COMBINATION,12,16.9755916595459,False
20,-1,50.02149963378906,bba06ac2ad59e40da62c472c7e960bfcb742e5909851fd70f18fff8428f9bcd9,78cdee4a7933f4161a41d49776a226ddc6e6f1dfd18919f561566e4fb4b1b8b6,2dfb421defb5e6367d918b9d7f4476ece9a049fc94ae1b0b6ed7e1ee3f237210,90.20710754394531,True,ERM,LINEAR_COMBINATION,LINEAR_COMBINATION,LINEAR_COMBINATION,u010,LINEAR_COMBINATION,LINEAR_COMBINATION,LINEAR_COMBINATION,LINEAR_COMBINATION,True,LINEAR_COMBINATION,LINEAR_COMBINATION,12,56.13514709472656,False
1,0,0.03847506642341614,a10d0ac3419f896702db7de2a18953fe7900139637b206352c94e6d4a57bc3ca,d5b0a01975c88bc1e84ca612d7d9f5deaa5c40495b2a381efeac2b437958dd9b,d211fb61630ec53d2b25b6da8247985f20cf24eeba78dbcf4aa76ee0707e4d27,0.7386223673820496,True,IRMv1,a10d0ac3419f896702db7de2a18953fe7900139637b206352c94e6d4a57bc3ca,3aabba5c7eea35e675c2648e8ffeac7f666efe04f2190521530d3ea27c9ecebd,2bbaf8cf602fb024af22ea6b64c0d639c78fdb0b21be770797f77c46bfe4e773,u000,a10d0ac3419f896702db7de2a18953fe7900139637b206352c94e6d4a57bc3ca,2e1563e8cdf08705da33f3bd1575ef62c22a94f72ff1da135a4abddc873050fa,5c48bdf4d5a87479c8057491c7bc5d76ca33b8ef38b5f4e57aabb9d36dd8c07d,a10d0ac3419f896702db7de2a18953fe7900139637b206352c94e6d4a57bc3ca,True,2e1563e8cdf08705da33f3bd1575ef62c22a94f72ff1da135a4abddc873050fa,5c48bdf4d5a87479c8057491c7bc5d76ca33b8ef38b5f4e57aabb9d36dd8c07d,12,0.593949556350708,False
5,0,0.2019178867340088,a10d0ac3419f896702db7de2a18953fe7900139637b206352c94e6d4a57bc3ca,f1f50b29c45f26303427c9f6ac7ee835b1d744f6c2691bc25e7f67c705fd58e1,472b3a4b924486529a1cf7fff9701827542e0951bd3179ecf6b2b701375a3957,3.938776969909668,True,IRMv1,a10d0ac3419f896702db7de2a18953fe7900139637b206352c94e6d4a57bc3ca,34f6a8f5d53240e60aef1f0acf11b719d012de4c4c18b29d7fa85c2786ac2906,2c0fd20ddba492b805c7fa613384f28d39e78c87d9513fa6f1bdae243144400d,u000,a10d0ac3419f896702db7de2a18953fe7900139637b206352c94e6d4a57bc3ca,3cb7b6d0270dcfea5d729a11006dd07d3754e4562d0a1f2e431881510ca6f2b7,1a7bc8a81a3618639923302430da9976c021c750765c82f0a54c18884c2ae352,a10d0ac3419f896702db7de2a18953fe7900139637b206352c94e6d4a57bc3ca,True,3cb7b6d0270dcfea5d729a11006dd07d3754e4562d0a1f2e431881510ca6f2b7,1a7bc8a81a3618639923302430da9976c021c750765c82f0a54c18884c2ae352,12,3.2477996349334717,False
20,0,0.9271457195281982,a10d0ac3419f896702db7de2a18953fe7900139637b206352c94e6d4a57bc3ca,e7b99d6f1cb66ba84dc7c91f7e5e07bd1bd6511d123b54a4b5463fda44430386,16a4a0984eeb942aa871504a920a8dbdf8139a0532775149f494e51a186fafaf,3.804877281188965,True,IRMv1,a10d0ac3419f896702db7de2a18953fe7900139637b206352c94e6d4a57bc3ca,f84acf410079e6fa3e1a9da8fd91c1db731401b1dae78fc3ab9ccd828d859994,402d8f9631332e643068d34e2fbd0fa93325de9eb626dcd6daec4ff76aadd849,u000,a10d0ac3419f896702db7de2a18953fe7900139637b206352c94e6d4a57bc3ca,2ba889d1769e356bdd98edbcc0a6bc7d8d201dd88d057322c2e7e8c61402e89e,144821f312c09e126553502a481d079ef54a9eae2d3d62d659a60cf3191c0955,a10d0ac3419f896702db7de2a18953fe7900139637b206352c94e6d4a57bc3ca,True,2ba889d1769e356bdd98edbcc0a6bc7d8d201dd88d057322c2e7e8c61402e89e,144821f312c09e126553502a481d079ef54a9eae2d3d62d659a60cf3191c0955,12,3.1258769035339355,False
1,1,0.0635635033249855,a10d0ac3419f896702db7de2a18953fe7900139637b206352c94e6d4a57bc3ca,d5b0a01975c88bc1e84ca612d7d9f5deaa5c40495b2a381efeac2b437958dd9b,d211fb61630ec53d2b25b6da8247985f20cf24eeba78dbcf4aa76ee0707e4d27,1.1120613813400269,True,IRMv1,a10d0ac3419f896702db7de2a18953fe7900139637b206352c94e6d4a57bc3ca,bdcc28eab9516bd8d0d661ab0ba5551df2d7d7ed8c10f843e43b30570517206b,37634f76742f3bae80056ea96ed3b94719952125bb94f8d5d130985f8b56ba07,u001,a10d0ac3419f896702db7de2a18953fe7900139637b206352c94e6d4a57bc3ca,5a734902f187754efc0034e69651d935ab5899d7bdfcac8f406a1c7bcfd8788d,d353f6135c1272b5ab0b60fb12f14f1d335b8ab28eee7d52a4f17047540a4f03,a10d0ac3419f896702db7de2a18953fe7900139637b206352c94e6d4a57bc3ca,True,5a734902f187754efc0034e69651d935ab5899d7bdfcac8f406a1c7bcfd8788d,d353f6135c1272b5ab0b60fb12f14f1d335b8ab28eee7d52a4f17047540a4f03,12,0.8976328372955322,False
5,1,0.241095632314682,a10d0ac3419f896702db7de2a18953fe7900139637b206352c94e6d4a57bc3ca,f1f50b29c45f26303427c9f6ac7ee835b1d744f6c2691bc25e7f67c705fd58e1,472b3a4b924486529a1cf7fff9701827542e0951bd3179ecf6b2b701375a3957,5.111291885375977,True,IRMv1,a10d0ac3419f896702db7de2a18953fe7900139637b206352c94e6d4a57bc3ca,1fc36e756722128b388484eff350049ee615efc061393dad737a0acfd7ca5fb1,cdf2c0069a03f924c4f595788c021909a90c550752fc80a450f53286e07593dc,u001,a10d0ac3419f896702db7de2a18953fe7900139637b206352c94e6d4a57bc3ca,06f2e88b6ec4bd7d483b89d9e9a8f3f1bbf23ab6d0c64c28f72cf43f202687bf,c878ba2490be053c2570f0777faef9fdeae9e8f2e677a6c123a11e2f1d319eaf,a10d0ac3419f896702db7de2a18953fe7900139637b206352c94e6d4a57bc3ca,True,06f2e88b6ec4bd7d483b89d9e9a8f3f1bbf23ab6d0c64c28f72cf43f202687bf,c878ba2490be053c2570f0777faef9fdeae9e8f2e677a6c123a11e2f1d319eaf,12,4.226962089538574,False
20,1,1.2755930423736572,a10d0ac3419f896702db7de2a18953fe7900139637b206352c94e6d4a57bc3ca,e7b99d6f1cb66ba84dc7c91f7e5e07bd1bd6511d123b54a4b5463fda44430386,16a4a0984eeb942aa871504a920a8dbdf8139a0532775149f494e51a186fafaf,3.658223867416382,True,IRMv1,a10d0ac3419f896702db7de2a18953fe7900139637b206352c94e6d4a57bc3ca,5ed6546103bab61e07c64ae6d507e198ce79b46e1538c2d40be30ebe093c3479,f7254ab3b6eda04042554517086fbb10e2601de9297bd342e074b2f83b947611,u001,a10d0ac3419f896702db7de2a18953fe7900139637b206352c94e6d4a57bc3ca,af7e572c2f27e808d33684138331c5c60ef04a3624960bb52f1eba5826c98336,d1a01e39259a16f64ade03c44c86e12aa1998c936756d84851e759060cf3bb5c,a10d0ac3419f896702db7de2a18953fe7900139637b206352c94e6d4a57bc3ca,True,af7e572c2f27e808d33684138331c5c60ef04a3624960bb52f1eba5826c98336,d1a01e39259a16f64ade03c44c86e12aa1998c936756d84851e759060cf3bb5c,12,3.0715560913085938,False
1,2,0.0,a10d0ac3419f896702db7de2a18953fe7900139637b206352c94e6d4a57bc3ca,d5b0a01975c88bc1e84ca612d7d9f5deaa5c40495b2a381efeac2b437958dd9b,d211fb61630ec53d2b25b6da8247985f20cf24eeba78dbcf4aa76ee0707e4d27,0.0,True,IRMv1,LINEAR_COMBINATION,LINEAR_COMBINATION,LINEAR_COMBINATION,u002,LINEAR_COMBINATION,LINEAR_COMBINATION,LINEAR_COMBINATION,LINEAR_COMBINATION,True,LINEAR_COMBINATION,LINEAR_COMBINATION,12,0.0,False
5,2,0.0,a10d0ac3419f896702db7de2a18953fe7900139637b206352c94e6d4a57bc3ca,f1f50b29c45f26303427c9f6ac7ee835b1d744f6c2691bc25e7f67c705fd58e1,472b3a4b924486529a1cf7fff9701827542e0951bd3179ecf6b2b701375a3957,0.0,True,IRMv1,LINEAR_COMBINATION,LINEAR_COMBINATION,LINEAR_COMBINATION,u002,LINEAR_COMBINATION,LINEAR_COMBINATION,LINEAR_COMBINATION,LINEAR_COMBINATION,True,LINEAR_COMBINATION,LINEAR_COMBINATION,12,0.0,False
20,2,0.0,a10d0ac3419f896702db7de2a18953fe7900139637b206352c94e6d4a57bc3ca,e7b99d6f1cb66ba84dc7c91f7e5e07bd1bd6511d123b54a4b5463fda44430386,16a4a0984eeb942aa871504a920a8dbdf8139a0532775149f494e51a186fafaf,0.0,True,IRMv1,LINEAR_COMBINATION,LINEAR_COMBINATION,LINEAR_COMBINATION,u002,LINEAR_COMBINATION,LINEAR_COMBINATION,LINEAR_COMBINATION,LINEAR_COMBINATION,True,LINEAR_COMBINATION,LINEAR_COMBINATION,12,0.0,False
1,3,1.0779476165771484,a10d0ac3419f896702db7de2a18953fe7900139637b206352c94e6d4a57bc3ca,d5b0a01975c88bc1e84ca612d7d9f5deaa5c40495b2a381efeac2b437958dd9b,d211fb61630ec53d2b25b6da8247985f20cf24eeba78dbcf4aa76ee0707e4d27,9.522950172424316,True,IRMv1,a10d0ac3419f896702db7de2a18953fe7900139637b206352c94e6d4a57bc3ca,3a340fcd585b3d0606a3807cc0814032af6a8e36de2c25ce50f94934752ca654,26a68b3db40863280b37fecd42a761e1f707246fa833a040e442c5d55fa9691f,u003,a10d0ac3419f896702db7de2a18953fe7900139637b206352c94e6d4a57bc3ca,328daa5df14a0bebb155a7f71857b324a75b7cdabb1ff21111eeb7ee9aa094a3,b15af77ab248a6c923b4390edd6e69e332274894c1a3b425394bc52637a40198,a10d0ac3419f896702db7de2a18953fe7900139637b206352c94e6d4a57bc3ca,True,328daa5df14a0bebb155a7f71857b324a75b7cdabb1ff21111eeb7ee9aa094a3,b15af77ab248a6c923b4390edd6e69e332274894c1a3b425394bc52637a40198,12,7.54559326171875,False
5,3,6.087843418121338,a10d0ac3419f896702db7de2a18953fe7900139637b206352c94e6d4a57bc3ca,f1f50b29c45f26303427c9f6ac7ee835b1d744f6c2691bc25e7f67c705fd58e1,472b3a4b924486529a1cf7fff9701827542e0951bd3179ecf6b2b701375a3957,57.44612503051758,True,IRMv1,a10d0ac3419f896702db7de2a18953fe7900139637b206352c94e6d4a57bc3ca,57b73f0d60d19e135f940ac32d5aeea382c918cea74951efd724aaf2b7d99b08,160ab7a99cd4afb0375c45a42ccbb299b66b67128c1818e2aac3b97a9e2bf3b7,u003,a10d0ac3419f896702db7de2a18953fe7900139637b206352c94e6d4a57bc3ca,8120cf9c0d6f86556bf2aa1cff629c2fb70e845e2a6dbf754e38ecaaeca161d2,688dfb2ae253bbf76c86b342b0be887e1630887bf712957d573cff7312a28ca5,a10d0ac3419f896702db7de2a18953fe7900139637b206352c94e6d4a57bc3ca,True,8120cf9c0d6f86556bf2aa1cff629c2fb70e845e2a6dbf754e38ecaaeca161d2,688dfb2ae253bbf76c86b342b0be887e1630887bf712957d573cff7312a28ca5,12,45.22710037231445,False
20,3,5.655282497406006,a10d0ac3419f896702db7de2a18953fe7900139637b206352c94e6d4a57bc3ca,e7b99d6f1cb66ba84dc7c91f7e5e07bd1bd6511d123b54a4b5463fda44430386,16a4a0984eeb942aa871504a920a8dbdf8139a0532775149f494e51a186fafaf,43.699012756347656,True,IRMv1,a10d0ac3419f896702db7de2a18953fe7900139637b206352c94e6d4a57bc3ca,e3d09b9ea81819b3b8bd351dd4dcbc74c3564785a6282992b50e32c781651bee,92f68816f866f6366066c2ab9e5481d0862cdc59169f629e77c406d401217a44,u003,a10d0ac3419f896702db7de2a18953fe7900139637b206352c94e6d4a57bc3ca,9556c718879faa580b7171949f7a5c421346b41adaf609cc2f7be5bdaf40fb14,e78fa15a1d6e1cfd09ebe47a679523e182d473bee51ce4b2ea5cd404c997907e,a10d0ac3419f896702db7de2a18953fe7900139637b206352c94e6d4a57bc3ca,True,9556c718879faa580b7171949f7a5c421346b41adaf609cc2f7be5bdaf40fb14,e78fa15a1d6e1cfd09ebe47a679523e182d473bee51ce4b2ea5cd404c997907e,12,34.32080841064453,False
1,4,0.0,a10d0ac3419f896702db7de2a18953fe7900139637b206352c94e6d4a57bc3ca,d5b0a01975c88bc1e84ca612d7d9f5deaa5c40495b2a381efeac2b437958dd9b,d211fb61630ec53d2b25b6da8247985f20cf24eeba78dbcf4aa76ee0707e4d27,0.0,True,IRMv1,LINEAR_COMBINATION,LINEAR_COMBINATION,LINEAR_COMBINATION,u004,LINEAR_COMBINATION,LINEAR_COMBINATION,LINEAR_COMBINATION,LINEAR_COMBINATION,True,LINEAR_COMBINATION,LINEAR_COMBINATION,12,0.0,False
5,4,0.0,a10d0ac3419f896702db7de2a18953fe7900139637b206352c94e6d4a57bc3ca,f1f50b29c45f26303427c9f6ac7ee835b1d744f6c2691bc25e7f67c705fd58e1,472b3a4b924486529a1cf7fff9701827542e0951bd3179ecf6b2b701375a3957,0.0,True,IRMv1,LINEAR_COMBINATION,LINEAR_COMBINATION,LINEAR_COMBINATION,u004,LINEAR_COMBINATION,LINEAR_COMBINATION,LINEAR_COMBINATION,LINEAR_COMBINATION,True,LINEAR_COMBINATION,LINEAR_COMBINATION,12,0.0,False
20,4,0.0,a10d0ac3419f896702db7de2a18953fe7900139637b206352c94e6d4a57bc3ca,e7b99d6f1cb66ba84dc7c91f7e5e07bd1bd6511d123b54a4b5463fda44430386,16a4a0984eeb942aa871504a920a8dbdf8139a0532775149f494e51a186fafaf,0.0,True,IRMv1,LINEAR_COMBINATION,LINEAR_COMBINATION,LINEAR_COMBINATION,u004,LINEAR_COMBINATION,LINEAR_COMBINATION,LINEAR_COMBINATION,LINEAR_COMBINATION,True,LINEAR_COMBINATION,LINEAR_COMBINATION,12,0.0,False
1,-1,0.07196233421564102,a10d0ac3419f896702db7de2a18953fe7900139637b206352c94e6d4a57bc3ca,d5b0a01975c88bc1e84ca612d7d9f5deaa5c40495b2a381efeac2b437958dd9b,d211fb61630ec53d2b25b6da8247985f20cf24eeba78dbcf4aa76ee0707e4d27,1.3085473775863647,True,IRMv1,LINEAR_COMBINATION,LINEAR_COMBINATION,LINEAR_COMBINATION,u005,LINEAR_COMBINATION,LINEAR_COMBINATION,LINEAR_COMBINATION,LINEAR_COMBINATION,True,LINEAR_COMBINATION,LINEAR_COMBINATION,12,1.0546607971191406,False
5,-1,0.299736887216568,a10d0ac3419f896702db7de2a18953fe7900139637b206352c94e6d4a57bc3ca,f1f50b29c45f26303427c9f6ac7ee835b1d744f6c2691bc25e7f67c705fd58e1,472b3a4b924486529a1cf7fff9701827542e0951bd3179ecf6b2b701375a3957,6.397756576538086,True,IRMv1,LINEAR_COMBINATION,LINEAR_COMBINATION,LINEAR_COMBINATION,u005,LINEAR_COMBINATION,LINEAR_COMBINATION,LINEAR_COMBINATION,LINEAR_COMBINATION,True,LINEAR_COMBINATION,LINEAR_COMBINATION,12,5.284542560577393,False
20,-1,1.5547690391540527,a10d0ac3419f896702db7de2a18953fe7900139637b206352c94e6d4a57bc3ca,e7b99d6f1cb66ba84dc7c91f7e5e07bd1bd6511d123b54a4b5463fda44430386,16a4a0984eeb942aa871504a920a8dbdf8139a0532775149f494e51a186fafaf,5.255224227905273,True,IRMv1,LINEAR_COMBINATION,LINEAR_COMBINATION,LINEAR_COMBINATION,u005,LINEAR_COMBINATION,LINEAR_COMBINATION,LINEAR_COMBINATION,LINEAR_COMBINATION,True,LINEAR_COMBINATION,LINEAR_COMBINATION,12,4.362030506134033,False
1,-1,0.018495166674256325,a10d0ac3419f896702db7de2a18953fe7900139637b206352c94e6d4a57bc3ca,d5b0a01975c88bc1e84ca612d7d9f5deaa5c40495b2a381efeac2b437958dd9b,d211fb61630ec53d2b25b6da8247985f20cf24eeba78dbcf4aa76ee0707e4d27,0.2644748091697693,True,IRMv1,LINEAR_COMBINATION,LINEAR_COMBINATION,LINEAR_COMBINATION,u006,LINEAR_COMBINATION,LINEAR_COMBINATION,LINEAR_COMBINATION,LINEAR_COMBINATION,True,LINEAR_COMBINATION,LINEAR_COMBINATION,12,0.21496814489364624,False
5,-1,0.09516159445047379,a10d0ac3419f896702db7de2a18953fe7900139637b206352c94e6d4a57bc3ca,f1f50b29c45f26303427c9f6ac7ee835b1d744f6c2691bc25e7f67c705fd58e1,472b3a4b924486529a1cf7fff9701827542e0951bd3179ecf6b2b701375a3957,0.8414127230644226,True,IRMv1,LINEAR_COMBINATION,LINEAR_COMBINATION,LINEAR_COMBINATION,u006,LINEAR_COMBINATION,LINEAR_COMBINATION,LINEAR_COMBINATION,LINEAR_COMBINATION,True,LINEAR_COMBINATION,LINEAR_COMBINATION,12,0.699306070804596,False
20,-1,0.26349514722824097,a10d0ac3419f896702db7de2a18953fe7900139637b206352c94e6d4a57bc3ca,e7b99d6f1cb66ba84dc7c91f7e5e07bd1bd6511d123b54a4b5463fda44430386,16a4a0984eeb942aa871504a920a8dbdf8139a0532775149f494e51a186fafaf,0.49224603176116943,True,IRMv1,LINEAR_COMBINATION,LINEAR_COMBINATION,LINEAR_COMBINATION,u006,LINEAR_COMBINATION,LINEAR_COMBINATION,LINEAR_COMBINATION,LINEAR_COMBINATION,True,LINEAR_COMBINATION,LINEAR_COMBINATION,12,0.42220455408096313,False
1,-1,0.05088505148887634,a10d0ac3419f896702db7de2a18953fe7900139637b206352c94e6d4a57bc3ca,d5b0a01975c88bc1e84ca612d7d9f5deaa5c40495b2a381efeac2b437958dd9b,d211fb61630ec53d2b25b6da8247985f20cf24eeba78dbcf4aa76ee0707e4d27,0.9252827763557434,True,IRMv1,LINEAR_COMBINATION,LINEAR_COMBINATION,LINEAR_COMBINATION,u007,LINEAR_COMBINATION,LINEAR_COMBINATION,LINEAR_COMBINATION,LINEAR_COMBINATION,True,LINEAR_COMBINATION,LINEAR_COMBINATION,12,0.7457578182220459,False
5,-1,0.21194598078727722,a10d0ac3419f896702db7de2a18953fe7900139637b206352c94e6d4a57bc3ca,f1f50b29c45f26303427c9f6ac7ee835b1d744f6c2691bc25e7f67c705fd58e1,472b3a4b924486529a1cf7fff9701827542e0951bd3179ecf6b2b701375a3957,4.523897171020508,True,IRMv1,LINEAR_COMBINATION,LINEAR_COMBINATION,LINEAR_COMBINATION,u007,LINEAR_COMBINATION,LINEAR_COMBINATION,LINEAR_COMBINATION,LINEAR_COMBINATION,True,LINEAR_COMBINATION,LINEAR_COMBINATION,12,3.7367358207702637,False
20,-1,1.099387764930725,a10d0ac3419f896702db7de2a18953fe7900139637b206352c94e6d4a57bc3ca,e7b99d6f1cb66ba84dc7c91f7e5e07bd1bd6511d123b54a4b5463fda44430386,16a4a0984eeb942aa871504a920a8dbdf8139a0532775149f494e51a186fafaf,3.7160048484802246,True,IRMv1,LINEAR_COMBINATION,LINEAR_COMBINATION,LINEAR_COMBINATION,u007,LINEAR_COMBINATION,LINEAR_COMBINATION,LINEAR_COMBINATION,LINEAR_COMBINATION,True,LINEAR_COMBINATION,LINEAR_COMBINATION,12,3.084421396255493,False
1,-1,0.05088505148887634,a10d0ac3419f896702db7de2a18953fe7900139637b206352c94e6d4a57bc3ca,d5b0a01975c88bc1e84ca612d7d9f5deaa5c40495b2a381efeac2b437958dd9b,d211fb61630ec53d2b25b6da8247985f20cf24eeba78dbcf4aa76ee0707e4d27,0.9252827763557434,True,IRMv1,LINEAR_COMBINATION,LINEAR_COMBINATION,LINEAR_COMBINATION,u008,LINEAR_COMBINATION,LINEAR_COMBINATION,LINEAR_COMBINATION,LINEAR_COMBINATION,True,LINEAR_COMBINATION,LINEAR_COMBINATION,12,0.7457578182220459,False
5,-1,0.21194598078727722,a10d0ac3419f896702db7de2a18953fe7900139637b206352c94e6d4a57bc3ca,f1f50b29c45f26303427c9f6ac7ee835b1d744f6c2691bc25e7f67c705fd58e1,472b3a4b924486529a1cf7fff9701827542e0951bd3179ecf6b2b701375a3957,4.523897171020508,True,IRMv1,LINEAR_COMBINATION,LINEAR_COMBINATION,LINEAR_COMBINATION,u008,LINEAR_COMBINATION,LINEAR_COMBINATION,LINEAR_COMBINATION,LINEAR_COMBINATION,True,LINEAR_COMBINATION,LINEAR_COMBINATION,12,3.7367358207702637,False
20,-1,1.099387764930725,a10d0ac3419f896702db7de2a18953fe7900139637b206352c94e6d4a57bc3ca,e7b99d6f1cb66ba84dc7c91f7e5e07bd1bd6511d123b54a4b5463fda44430386,16a4a0984eeb942aa871504a920a8dbdf8139a0532775149f494e51a186fafaf,3.7160048484802246,True,IRMv1,LINEAR_COMBINATION,LINEAR_COMBINATION,LINEAR_COMBINATION,u008,LINEAR_COMBINATION,LINEAR_COMBINATION,LINEAR_COMBINATION,LINEAR_COMBINATION,True,LINEAR_COMBINATION,LINEAR_COMBINATION,12,3.084421396255493,False
1,-1,0.7622240781784058,a10d0ac3419f896702db7de2a18953fe7900139637b206352c94e6d4a57bc3ca,d5b0a01975c88bc1e84ca612d7d9f5deaa5c40495b2a381efeac2b437958dd9b,d211fb61630ec53d2b25b6da8247985f20cf24eeba78dbcf4aa76ee0707e4d27,6.733742713928223,True,IRMv1,LINEAR_COMBINATION,LINEAR_COMBINATION,LINEAR_COMBINATION,u009,LINEAR_COMBINATION,LINEAR_COMBINATION,LINEAR_COMBINATION,LINEAR_COMBINATION,True,LINEAR_COMBINATION,LINEAR_COMBINATION,12,5.335539817810059,False
5,-1,4.304755210876465,a10d0ac3419f896702db7de2a18953fe7900139637b206352c94e6d4a57bc3ca,f1f50b29c45f26303427c9f6ac7ee835b1d744f6c2691bc25e7f67c705fd58e1,472b3a4b924486529a1cf7fff9701827542e0951bd3179ecf6b2b701375a3957,40.620540618896484,True,IRMv1,LINEAR_COMBINATION,LINEAR_COMBINATION,LINEAR_COMBINATION,u009,LINEAR_COMBINATION,LINEAR_COMBINATION,LINEAR_COMBINATION,LINEAR_COMBINATION,True,LINEAR_COMBINATION,LINEAR_COMBINATION,12,31.980388641357422,False
20,-1,3.9988882541656494,a10d0ac3419f896702db7de2a18953fe7900139637b206352c94e6d4a57bc3ca,e7b99d6f1cb66ba84dc7c91f7e5e07bd1bd6511d123b54a4b5463fda44430386,16a4a0984eeb942aa871504a920a8dbdf8139a0532775149f494e51a186fafaf,30.899866104125977,True,IRMv1,LINEAR_COMBINATION,LINEAR_COMBINATION,LINEAR_COMBINATION,u009,LINEAR_COMBINATION,LINEAR_COMBINATION,LINEAR_COMBINATION,LINEAR_COMBINATION,True,LINEAR_COMBINATION,LINEAR_COMBINATION,12,24.268476486206055,False
1,-1,0.7622240781784058,a10d0ac3419f896702db7de2a18953fe7900139637b206352c94e6d4a57bc3ca,d5b0a01975c88bc1e84ca612d7d9f5deaa5c40495b2a381efeac2b437958dd9b,d211fb61630ec53d2b25b6da8247985f20cf24eeba78dbcf4aa76ee0707e4d27,6.733742713928223,True,IRMv1,LINEAR_COMBINATION,LINEAR_COMBINATION,LINEAR_COMBINATION,u010,LINEAR_COMBINATION,LINEAR_COMBINATION,LINEAR_COMBINATION,LINEAR_COMBINATION,True,LINEAR_COMBINATION,LINEAR_COMBINATION,12,5.335539817810059,False
5,-1,4.304755210876465,a10d0ac3419f896702db7de2a18953fe7900139637b206352c94e6d4a57bc3ca,f1f50b29c45f26303427c9f6ac7ee835b1d744f6c2691bc25e7f67c705fd58e1,472b3a4b924486529a1cf7fff9701827542e0951bd3179ecf6b2b701375a3957,40.620540618896484,True,IRMv1,LINEAR_COMBINATION,LINEAR_COMBINATION,LINEAR_COMBINATION,u010,LINEAR_COMBINATION,LINEAR_COMBINATION,LINEAR_COMBINATION,LINEAR_COMBINATION,True,LINEAR_COMBINATION,LINEAR_COMBINATION,12,31.980388641357422,False
20,-1,3.9988882541656494,a10d0ac3419f896702db7de2a18953fe7900139637b206352c94e6d4a57bc3ca,e7b99d6f1cb66ba84dc7c91f7e5e07bd1bd6511d123b54a4b5463fda44430386,16a4a0984eeb942aa871504a920a8dbdf8139a0532775149f494e51a186fafaf,30.899866104125977,True,IRMv1,LINEAR_COMBINATION,LINEAR_COMBINATION,LINEAR_COMBINATION,u010,LINEAR_COMBINATION,LINEAR_COMBINATION,LINEAR_COMBINATION,LINEAR_COMBINATION,True,LINEAR_COMBINATION,LINEAR_COMBINATION,12,24.268476486206055,False
1,0,0.013428687117993832,237160c1d1b6d73df3b9796e37ddc3d88f54cbfb7ca00ed89544711d9cadc654,3847392841f692b063f9665ceab14f7e3bb889d81ccf656758853e436ee2995e,89586de86c1c56a8bfeb51c3ba0efe42a1848919a17a676b316c1666e237f2fa,0.10269804298877716,True,VREX,237160c1d1b6d73df3b9796e37ddc3d88f54cbfb7ca00ed89544711d9cadc654,f82111962789f827287691edbd3ff055e81064c893a31fc5f7b00f9069573918,71644e0558a47eb8cd3ed05df8ef9f9d85622516240643986e9d41505cee67a3,u000,237160c1d1b6d73df3b9796e37ddc3d88f54cbfb7ca00ed89544711d9cadc654,203b079008aedfc10ac6433276e00b0254853f21ce33e3b8f70f9cef79b123a8,4b0733a014605be59ff31faea3859ecc22fb196c880e0416b4e8c0fb93d67fb7,237160c1d1b6d73df3b9796e37ddc3d88f54cbfb7ca00ed89544711d9cadc654,True,203b079008aedfc10ac6433276e00b0254853f21ce33e3b8f70f9cef79b123a8,4b0733a014605be59ff31faea3859ecc22fb196c880e0416b4e8c0fb93d67fb7,12,0.08026641607284546,False
5,0,0.14923198521137238,237160c1d1b6d73df3b9796e37ddc3d88f54cbfb7ca00ed89544711d9cadc654,9d63f26a2103ec0b575fc05b9d34b312ff9c19fe0edc73428e5f76e209918622,09af556eff0bcec6d4837d9ad93b7ae1bec527f630f43e6bf9218880e074ccca,1.2174311876296997,True,VREX,237160c1d1b6d73df3b9796e37ddc3d88f54cbfb7ca00ed89544711d9cadc654,01c53ba57d304b70bdd929e63ae65e2a00953edf76f2003bcbdaf6cc902f746c,b12e7f492772a31a077f7dbc249513b5a9a86cd2ef73bb7db35a44be5fc84d38,u000,237160c1d1b6d73df3b9796e37ddc3d88f54cbfb7ca00ed89544711d9cadc654,0fecdcb6c6e74ea849ab7341b930ef1dabe418f73b74e01de795254fd621ec40,6f058afa70005f4713844daf4c23904957e6aa40b34a0d205d421edc8a92d356,237160c1d1b6d73df3b9796e37ddc3d88f54cbfb7ca00ed89544711d9cadc654,True,0fecdcb6c6e74ea849ab7341b930ef1dabe418f73b74e01de795254fd621ec40,6f058afa70005f4713844daf4c23904957e6aa40b34a0d205d421edc8a92d356,12,0.9542534351348877,False
20,0,0.8223709464073181,237160c1d1b6d73df3b9796e37ddc3d88f54cbfb7ca00ed89544711d9cadc654,3d06e844c44369730f66aded6e9ccbdce278b6a703b809fc324eadbbd4ed981f,f63e497297404b82acf930ca92e5b8ceb48d7913ef6fe270ed6fc3617703c3e8,4.6356377601623535,True,VREX,237160c1d1b6d73df3b9796e37ddc3d88f54cbfb7ca00ed89544711d9cadc654,7d2d926df370b152644f60e7adee4a45cb69f6c7c9314619ebf15cea98c04029,2e02f6e142c9556ee0967c5bd7c741f3704bcb40ccaf1c9b45c481aa899170f1,u000,237160c1d1b6d73df3b9796e37ddc3d88f54cbfb7ca00ed89544711d9cadc654,5e693f871ccfc9604090787609ac85b28e33ed925c2ba6cea07ec056fb805596,36ec719f6815cf10c48896b1d4f1361fc2578fe511b54de69b46fd7da815a418,237160c1d1b6d73df3b9796e37ddc3d88f54cbfb7ca00ed89544711d9cadc654,True,5e693f871ccfc9604090787609ac85b28e33ed925c2ba6cea07ec056fb805596,36ec719f6815cf10c48896b1d4f1361fc2578fe511b54de69b46fd7da815a418,12,3.619643449783325,False
1,1,0.015056191012263298,237160c1d1b6d73df3b9796e37ddc3d88f54cbfb7ca00ed89544711d9cadc654,3847392841f692b063f9665ceab14f7e3bb889d81ccf656758853e436ee2995e,89586de86c1c56a8bfeb51c3ba0efe42a1848919a17a676b316c1666e237f2fa,0.11359750479459763,True,VREX,237160c1d1b6d73df3b9796e37ddc3d88f54cbfb7ca00ed89544711d9cadc654,0506b3846f7c83f31f9ccbbe8af5111895241e11ee265afe120acb104e72c6e0,f4a4fc5192dc0f404889fd8a1018e2b6adae25a3024b6879a0c68c55e3af63db,u001,237160c1d1b6d73df3b9796e37ddc3d88f54cbfb7ca00ed89544711d9cadc654,a3f93c37fdbfc40dac575eb3055a9c66e4782ffcbd36cbd33d6fe7942b32ba81,c32625e32f5ef383d00520864aced8be01dd79deab735ff8da5d164a308813cf,237160c1d1b6d73df3b9796e37ddc3d88f54cbfb7ca00ed89544711d9cadc654,True,a3f93c37fdbfc40dac575eb3055a9c66e4782ffcbd36cbd33d6fe7942b32ba81,c32625e32f5ef383d00520864aced8be01dd79deab735ff8da5d164a308813cf,12,0.08888176083564758,False
5,1,0.17187196016311646,237160c1d1b6d73df3b9796e37ddc3d88f54cbfb7ca00ed89544711d9cadc654,9d63f26a2103ec0b575fc05b9d34b312ff9c19fe0edc73428e5f76e209918622,09af556eff0bcec6d4837d9ad93b7ae1bec527f630f43e6bf9218880e074ccca,1.3952199220657349,True,VREX,237160c1d1b6d73df3b9796e37ddc3d88f54cbfb7ca00ed89544711d9cadc654,c4c00d62fbb70f39e292fa233369a9835c7bfc315acd34608fa97d8ceaa3b2a6,36bc36ea44f5e585ac25aab373d3eda033a428cf6a79d12be32c903062409c4d,u001,237160c1d1b6d73df3b9796e37ddc3d88f54cbfb7ca00ed89544711d9cadc654,d1691df308676fa661d332af291d84069b9528e4831f8345f05def8256a3681a,5e4385645b4bca2fa0464f2bb120bfd6c2c12eb53cfe1b03222a98553b3481aa,237160c1d1b6d73df3b9796e37ddc3d88f54cbfb7ca00ed89544711d9cadc654,True,d1691df308676fa661d332af291d84069b9528e4831f8345f05def8256a3681a,5e4385645b4bca2fa0464f2bb120bfd6c2c12eb53cfe1b03222a98553b3481aa,12,1.0894131660461426,False
20,1,0.8045804500579834,237160c1d1b6d73df3b9796e37ddc3d88f54cbfb7ca00ed89544711d9cadc654,3d06e844c44369730f66aded6e9ccbdce278b6a703b809fc324eadbbd4ed981f,f63e497297404b82acf930ca92e5b8ceb48d7913ef6fe270ed6fc3617703c3e8,4.868053436279297,True,VREX,237160c1d1b6d73df3b9796e37ddc3d88f54cbfb7ca00ed89544711d9cadc654,3a757dbe03262db94d22bbf03e07c42c7d6814fb094b7a8c8f251583c26d8c82,fba4b9aacab631cb6c8080f60f2c5ea765655546483a15ccd148e511904dd2e1,u001,237160c1d1b6d73df3b9796e37ddc3d88f54cbfb7ca00ed89544711d9cadc654,07d7307cd0691bbc5fb1fc1d636890dc88b1e7c245913e2c128da1607ecbab6e,c2d00bb849464dfb9076eaab141498efe31262cce2113bd6c51c3fe8a7a3aea8,237160c1d1b6d73df3b9796e37ddc3d88f54cbfb7ca00ed89544711d9cadc654,True,07d7307cd0691bbc5fb1fc1d636890dc88b1e7c245913e2c128da1607ecbab6e,c2d00bb849464dfb9076eaab141498efe31262cce2113bd6c51c3fe8a7a3aea8,12,3.8091881275177,False
1,2,0.0,237160c1d1b6d73df3b9796e37ddc3d88f54cbfb7ca00ed89544711d9cadc654,3847392841f692b063f9665ceab14f7e3bb889d81ccf656758853e436ee2995e,89586de86c1c56a8bfeb51c3ba0efe42a1848919a17a676b316c1666e237f2fa,0.0,True,VREX,LINEAR_COMBINATION,LINEAR_COMBINATION,LINEAR_COMBINATION,u002,LINEAR_COMBINATION,LINEAR_COMBINATION,LINEAR_COMBINATION,LINEAR_COMBINATION,True,LINEAR_COMBINATION,LINEAR_COMBINATION,12,0.0,False
5,2,0.0,237160c1d1b6d73df3b9796e37ddc3d88f54cbfb7ca00ed89544711d9cadc654,9d63f26a2103ec0b575fc05b9d34b312ff9c19fe0edc73428e5f76e209918622,09af556eff0bcec6d4837d9ad93b7ae1bec527f630f43e6bf9218880e074ccca,0.0,True,VREX,LINEAR_COMBINATION,LINEAR_COMBINATION,LINEAR_COMBINATION,u002,LINEAR_COMBINATION,LINEAR_COMBINATION,LINEAR_COMBINATION,LINEAR_COMBINATION,True,LINEAR_COMBINATION,LINEAR_COMBINATION,12,0.0,False
20,2,0.0,237160c1d1b6d73df3b9796e37ddc3d88f54cbfb7ca00ed89544711d9cadc654,3d06e844c44369730f66aded6e9ccbdce278b6a703b809fc324eadbbd4ed981f,f63e497297404b82acf930ca92e5b8ceb48d7913ef6fe270ed6fc3617703c3e8,0.0,True,VREX,LINEAR_COMBINATION,LINEAR_COMBINATION,LINEAR_COMBINATION,u002,LINEAR_COMBINATION,LINEAR_COMBINATION,LINEAR_COMBINATION,LINEAR_COMBINATION,True,LINEAR_COMBINATION,LINEAR_COMBINATION,12,0.0,False
1,3,0.002524572191759944,237160c1d1b6d73df3b9796e37ddc3d88f54cbfb7ca00ed89544711d9cadc654,3847392841f692b063f9665ceab14f7e3bb889d81ccf656758853e436ee2995e,89586de86c1c56a8bfeb51c3ba0efe42a1848919a17a676b316c1666e237f2fa,0.01505549531430006,True,VREX,237160c1d1b6d73df3b9796e37ddc3d88f54cbfb7ca00ed89544711d9cadc654,b4ef7aa41bb54b9ee4133648d7c455bca29985d612f35258ea755014e084dfb4,44040ad81542000d07634d61cbccb98f18b0417f48ad889bb0a8dea39174140b,u003,237160c1d1b6d73df3b9796e37ddc3d88f54cbfb7ca00ed89544711d9cadc654,bd0ac2d1d9dd0f30ac65c71083a3251e82c71600fa693f3c2169f6362d2bae99,871fbb4af2a5f4d422aff28dd868f0d906ac21e445ef5a7e6df5db11fc7868c5,237160c1d1b6d73df3b9796e37ddc3d88f54cbfb7ca00ed89544711d9cadc654,True,bd0ac2d1d9dd0f30ac65c71083a3251e82c71600fa693f3c2169f6362d2bae99,871fbb4af2a5f4d422aff28dd868f0d906ac21e445ef5a7e6df5db11fc7868c5,12,0.0119966184720397,False
5,3,0.06442137807607651,237160c1d1b6d73df3b9796e37ddc3d88f54cbfb7ca00ed89544711d9cadc654,9d63f26a2103ec0b575fc05b9d34b312ff9c19fe0edc73428e5f76e209918622,09af556eff0bcec6d4837d9ad93b7ae1bec527f630f43e6bf9218880e074ccca,0.180212140083313,True,VREX,237160c1d1b6d73df3b9796e37ddc3d88f54cbfb7ca00ed89544711d9cadc654,0d0a4b1b6d846678939c6da54336193fe89bbf1999726142e5a889b69b93ad19,f5f863ebc3f2d4ba2febdea517aa1a5b37292fb0c2e511055eb572a3267c9987,u003,237160c1d1b6d73df3b9796e37ddc3d88f54cbfb7ca00ed89544711d9cadc654,d77915b3e71effd91f2c36c578c0ffec819d1d1a3eb334777abc9c2b250902e9,912962670f839ad7d1ec63d2c8e9628191ded0c81deee9004a7818cfccf5e447,237160c1d1b6d73df3b9796e37ddc3d88f54cbfb7ca00ed89544711d9cadc654,True,d77915b3e71effd91f2c36c578c0ffec819d1d1a3eb334777abc9c2b250902e9,912962670f839ad7d1ec63d2c8e9628191ded0c81deee9004a7818cfccf5e447,12,0.138589009642601,False
20,3,0.27749261260032654,237160c1d1b6d73df3b9796e37ddc3d88f54cbfb7ca00ed89544711d9cadc654,3d06e844c44369730f66aded6e9ccbdce278b6a703b809fc324eadbbd4ed981f,f63e497297404b82acf930ca92e5b8ceb48d7913ef6fe270ed6fc3617703c3e8,0.830384373664856,True,VREX,237160c1d1b6d73df3b9796e37ddc3d88f54cbfb7ca00ed89544711d9cadc654,3c6a56d81843451544dcade18a5ea172466164bd16558b76b0bebc21c83a32cb,ff373381e3aaa5a9afaf33c41fdfa8cacdc5b07a4403930a50ecaf33b971c271,u003,237160c1d1b6d73df3b9796e37ddc3d88f54cbfb7ca00ed89544711d9cadc654,433c345f1c0a0ac6ba25063d6d1eba2c3644984a51318ce45c85d59f011a9ccc,24907474207201ce3a931d0436bfb7e2b44d45a92e84886508c1dd9f81922492,237160c1d1b6d73df3b9796e37ddc3d88f54cbfb7ca00ed89544711d9cadc654,True,433c345f1c0a0ac6ba25063d6d1eba2c3644984a51318ce45c85d59f011a9ccc,24907474207201ce3a931d0436bfb7e2b44d45a92e84886508c1dd9f81922492,12,0.6226053237915039,False
1,4,0.0,237160c1d1b6d73df3b9796e37ddc3d88f54cbfb7ca00ed89544711d9cadc654,3847392841f692b063f9665ceab14f7e3bb889d81ccf656758853e436ee2995e,89586de86c1c56a8bfeb51c3ba0efe42a1848919a17a676b316c1666e237f2fa,0.0,True,VREX,LINEAR_COMBINATION,LINEAR_COMBINATION,LINEAR_COMBINATION,u004,LINEAR_COMBINATION,LINEAR_COMBINATION,LINEAR_COMBINATION,LINEAR_COMBINATION,True,LINEAR_COMBINATION,LINEAR_COMBINATION,12,0.0,False
5,4,0.0,237160c1d1b6d73df3b9796e37ddc3d88f54cbfb7ca00ed89544711d9cadc654,9d63f26a2103ec0b575fc05b9d34b312ff9c19fe0edc73428e5f76e209918622,09af556eff0bcec6d4837d9ad93b7ae1bec527f630f43e6bf9218880e074ccca,0.0,True,VREX,LINEAR_COMBINATION,LINEAR_COMBINATION,LINEAR_COMBINATION,u004,LINEAR_COMBINATION,LINEAR_COMBINATION,LINEAR_COMBINATION,LINEAR_COMBINATION,True,LINEAR_COMBINATION,LINEAR_COMBINATION,12,0.0,False
20,4,0.0,237160c1d1b6d73df3b9796e37ddc3d88f54cbfb7ca00ed89544711d9cadc654,3d06e844c44369730f66aded6e9ccbdce278b6a703b809fc324eadbbd4ed981f,f63e497297404b82acf930ca92e5b8ceb48d7913ef6fe270ed6fc3617703c3e8,0.0,True,VREX,LINEAR_COMBINATION,LINEAR_COMBINATION,LINEAR_COMBINATION,u004,LINEAR_COMBINATION,LINEAR_COMBINATION,LINEAR_COMBINATION,LINEAR_COMBINATION,True,LINEAR_COMBINATION,LINEAR_COMBINATION,12,0.0,False
1,-1,0.0012295468477532268,237160c1d1b6d73df3b9796e37ddc3d88f54cbfb7ca00ed89544711d9cadc654,3847392841f692b063f9665ceab14f7e3bb889d81ccf656758853e436ee2995e,89586de86c1c56a8bfeb51c3ba0efe42a1848919a17a676b316c1666e237f2fa,0.007865356281399727,True,VREX,LINEAR_COMBINATION,LINEAR_COMBINATION,LINEAR_COMBINATION,u005,LINEAR_COMBINATION,LINEAR_COMBINATION,LINEAR_COMBINATION,LINEAR_COMBINATION,True,LINEAR_COMBINATION,LINEAR_COMBINATION,12,0.006250080652534962,False
5,-1,0.020102830603718758,237160c1d1b6d73df3b9796e37ddc3d88f54cbfb7ca00ed89544711d9cadc654,9d63f26a2103ec0b575fc05b9d34b312ff9c19fe0edc73428e5f76e209918622,09af556eff0bcec6d4837d9ad93b7ae1bec527f630f43e6bf9218880e074ccca,0.1284198760986328,True,VREX,LINEAR_COMBINATION,LINEAR_COMBINATION,LINEAR_COMBINATION,u005,LINEAR_COMBINATION,LINEAR_COMBINATION,LINEAR_COMBINATION,LINEAR_COMBINATION,True,LINEAR_COMBINATION,LINEAR_COMBINATION,12,0.09770600497722626,False
20,-1,0.06063615158200264,237160c1d1b6d73df3b9796e37ddc3d88f54cbfb7ca00ed89544711d9cadc654,3d06e844c44369730f66aded6e9ccbdce278b6a703b809fc324eadbbd4ed981f,f63e497297404b82acf930ca92e5b8ceb48d7913ef6fe270ed6fc3617703c3e8,0.2753877341747284,True,VREX,LINEAR_COMBINATION,LINEAR_COMBINATION,LINEAR_COMBINATION,u005,LINEAR_COMBINATION,LINEAR_COMBINATION,LINEAR_COMBINATION,LINEAR_COMBINATION,True,LINEAR_COMBINATION,LINEAR_COMBINATION,12,0.23214247822761536,False
1,-1,0.02013719454407692,237160c1d1b6d73df3b9796e37ddc3d88f54cbfb7ca00ed89544711d9cadc654,3847392841f692b063f9665ceab14f7e3bb889d81ccf656758853e436ee2995e,89586de86c1c56a8bfeb51c3ba0efe42a1848919a17a676b316c1666e237f2fa,0.15293598175048828,True,VREX,LINEAR_COMBINATION,LINEAR_COMBINATION,LINEAR_COMBINATION,u006,LINEAR_COMBINATION,LINEAR_COMBINATION,LINEAR_COMBINATION,LINEAR_COMBINATION,True,LINEAR_COMBINATION,LINEAR_COMBINATION,12,0.1195976659655571,False
5,-1,0.22672899067401886,237160c1d1b6d73df3b9796e37ddc3d88f54cbfb7ca00ed89544711d9cadc654,9d63f26a2103ec0b575fc05b9d34b312ff9c19fe0edc73428e5f76e209918622,09af556eff0bcec6d4837d9ad93b7ae1bec527f630f43e6bf9218880e074ccca,1.847237467765808,True,VREX,LINEAR_COMBINATION,LINEAR_COMBINATION,LINEAR_COMBINATION,u006,LINEAR_COMBINATION,LINEAR_COMBINATION,LINEAR_COMBINATION,LINEAR_COMBINATION,True,LINEAR_COMBINATION,LINEAR_COMBINATION,12,1.4449477195739746,False
20,-1,1.1488981246948242,237160c1d1b6d73df3b9796e37ddc3d88f54cbfb7ca00ed89544711d9cadc654,3d06e844c44369730f66aded6e9ccbdce278b6a703b809fc324eadbbd4ed981f,f63e497297404b82acf930ca92e5b8ceb48d7913ef6fe270ed6fc3617703c3e8,6.716490268707275,True,VREX,LINEAR_COMBINATION,LINEAR_COMBINATION,LINEAR_COMBINATION,u006,LINEAR_COMBINATION,LINEAR_COMBINATION,LINEAR_COMBINATION,LINEAR_COMBINATION,True,LINEAR_COMBINATION,LINEAR_COMBINATION,12,5.249556541442871,False
1,-1,0.0008694209973327816,237160c1d1b6d73df3b9796e37ddc3d88f54cbfb7ca00ed89544711d9cadc654,3847392841f692b063f9665ceab14f7e3bb889d81ccf656758853e436ee2995e,89586de86c1c56a8bfeb51c3ba0efe42a1848919a17a676b316c1666e237f2fa,0.005561646539717913,True,VREX,LINEAR_COMBINATION,LINEAR_COMBINATION,LINEAR_COMBINATION,u007,LINEAR_COMBINATION,LINEAR_COMBINATION,LINEAR_COMBINATION,LINEAR_COMBINATION,True,LINEAR_COMBINATION,LINEAR_COMBINATION,12,0.004419474862515926,False
5,-1,0.014214848168194294,237160c1d1b6d73df3b9796e37ddc3d88f54cbfb7ca00ed89544711d9cadc654,9d63f26a2103ec0b575fc05b9d34b312ff9c19fe0edc73428e5f76e209918622,09af556eff0bcec6d4837d9ad93b7ae1bec527f630f43e6bf9218880e074ccca,0.09080657362937927,True,VREX,LINEAR_COMBINATION,LINEAR_COMBINATION,LINEAR_COMBINATION,u007,LINEAR_COMBINATION,LINEAR_COMBINATION,LINEAR_COMBINATION,LINEAR_COMBINATION,True,LINEAR_COMBINATION,LINEAR_COMBINATION,12,0.06908857822418213,False
20,-1,0.042876236140728,237160c1d1b6d73df3b9796e37ddc3d88f54cbfb7ca00ed89544711d9cadc654,3d06e844c44369730f66aded6e9ccbdce278b6a703b809fc324eadbbd4ed981f,f63e497297404b82acf930ca92e5b8ceb48d7913ef6fe270ed6fc3617703c3e8,0.19472850859165192,True,VREX,LINEAR_COMBINATION,LINEAR_COMBINATION,LINEAR_COMBINATION,u007,LINEAR_COMBINATION,LINEAR_COMBINATION,LINEAR_COMBINATION,LINEAR_COMBINATION,True,LINEAR_COMBINATION,LINEAR_COMBINATION,12,0.16414952278137207,False
1,-1,0.0008694209973327816,237160c1d1b6d73df3b9796e37ddc3d88f54cbfb7ca00ed89544711d9cadc654,3847392841f692b063f9665ceab14f7e3bb889d81ccf656758853e436ee2995e,89586de86c1c56a8bfeb51c3ba0efe42a1848919a17a676b316c1666e237f2fa,0.005561646539717913,True,VREX,LINEAR_COMBINATION,LINEAR_COMBINATION,LINEAR_COMBINATION,u008,LINEAR_COMBINATION,LINEAR_COMBINATION,LINEAR_COMBINATION,LINEAR_COMBINATION,True,LINEAR_COMBINATION,LINEAR_COMBINATION,12,0.004419474862515926,False
5,-1,0.014214848168194294,237160c1d1b6d73df3b9796e37ddc3d88f54cbfb7ca00ed89544711d9cadc654,9d63f26a2103ec0b575fc05b9d34b312ff9c19fe0edc73428e5f76e209918622,09af556eff0bcec6d4837d9ad93b7ae1bec527f630f43e6bf9218880e074ccca,0.09080657362937927,True,VREX,LINEAR_COMBINATION,LINEAR_COMBINATION,LINEAR_COMBINATION,u008,LINEAR_COMBINATION,LINEAR_COMBINATION,LINEAR_COMBINATION,LINEAR_COMBINATION,True,LINEAR_COMBINATION,LINEAR_COMBINATION,12,0.06908857822418213,False
20,-1,0.042876236140728,237160c1d1b6d73df3b9796e37ddc3d88f54cbfb7ca00ed89544711d9cadc654,3d06e844c44369730f66aded6e9ccbdce278b6a703b809fc324eadbbd4ed981f,f63e497297404b82acf930ca92e5b8ceb48d7913ef6fe270ed6fc3617703c3e8,0.19472850859165192,True,VREX,LINEAR_COMBINATION,LINEAR_COMBINATION,LINEAR_COMBINATION,u008,LINEAR_COMBINATION,LINEAR_COMBINATION,LINEAR_COMBINATION,LINEAR_COMBINATION,True,LINEAR_COMBINATION,LINEAR_COMBINATION,12,0.16414952278137207,False
1,-1,0.0017851419979706407,237160c1d1b6d73df3b9796e37ddc3d88f54cbfb7ca00ed89544711d9cadc654,3847392841f692b063f9665ceab14f7e3bb889d81ccf656758853e436ee2995e,89586de86c1c56a8bfeb51c3ba0efe42a1848919a17a676b316c1666e237f2fa,0.010645842179656029,True,VREX,LINEAR_COMBINATION,LINEAR_COMBINATION,LINEAR_COMBINATION,u009,LINEAR_COMBINATION,LINEAR_COMBINATION,LINEAR_COMBINATION,LINEAR_COMBINATION,True,LINEAR_COMBINATION,LINEAR_COMBINATION,12,0.008482890203595161,False
5,-1,0.04555279389023781,237160c1d1b6d73df3b9796e37ddc3d88f54cbfb7ca00ed89544711d9cadc654,9d63f26a2103ec0b575fc05b9d34b312ff9c19fe0edc73428e5f76e209918622,09af556eff0bcec6d4837d9ad93b7ae1bec527f630f43e6bf9218880e074ccca,0.12742921710014343,True,VREX,LINEAR_COMBINATION,LINEAR_COMBINATION,LINEAR_COMBINATION,u009,LINEAR_COMBINATION,LINEAR_COMBINATION,LINEAR_COMBINATION,LINEAR_COMBINATION,True,LINEAR_COMBINATION,LINEAR_COMBINATION,12,0.09799721837043762,False
20,-1,0.1962169110774994,237160c1d1b6d73df3b9796e37ddc3d88f54cbfb7ca00ed89544711d9cadc654,3d06e844c44369730f66aded6e9ccbdce278b6a703b809fc324eadbbd4ed981f,f63e497297404b82acf930ca92e5b8ceb48d7913ef6fe270ed6fc3617703c3e8,0.587170422077179,True,VREX,LINEAR_COMBINATION,LINEAR_COMBINATION,LINEAR_COMBINATION,u009,LINEAR_COMBINATION,LINEAR_COMBINATION,LINEAR_COMBINATION,LINEAR_COMBINATION,True,LINEAR_COMBINATION,LINEAR_COMBINATION,12,0.44024842977523804,False
1,-1,0.0017851419979706407,237160c1d1b6d73df3b9796e37ddc3d88f54cbfb7ca00ed89544711d9cadc654,3847392841f692b063f9665ceab14f7e3bb889d81ccf656758853e436ee2995e,89586de86c1c56a8bfeb51c3ba0efe42a1848919a17a676b316c1666e237f2fa,0.010645842179656029,True,VREX,LINEAR_COMBINATION,LINEAR_COMBINATION,LINEAR_COMBINATION,u010,LINEAR_COMBINATION,LINEAR_COMBINATION,LINEAR_COMBINATION,LINEAR_COMBINATION,True,LINEAR_COMBINATION,LINEAR_COMBINATION,12,0.008482890203595161,False
5,-1,0.04555279389023781,237160c1d1b6d73df3b9796e37ddc3d88f54cbfb7ca00ed89544711d9cadc654,9d63f26a2103ec0b575fc05b9d34b312ff9c19fe0edc73428e5f76e209918622,09af556eff0bcec6d4837d9ad93b7ae1bec527f630f43e6bf9218880e074ccca,0.12742921710014343,True,VREX,LINEAR_COMBINATION,LINEAR_COMBINATION,LINEAR_COMBINATION,u010,LINEAR_COMBINATION,LINEAR_COMBINATION,LINEAR_COMBINATION,LINEAR_COMBINATION,True,LINEAR_COMBINATION,LINEAR_COMBINATION,12,0.09799721837043762,False
20,-1,0.1962169110774994,237160c1d1b6d73df3b9796e37ddc3d88f54cbfb7ca00ed89544711d9cadc654,3d06e844c44369730f66aded6e9ccbdce278b6a703b809fc324eadbbd4ed981f,f63e497297404b82acf930ca92e5b8ceb48d7913ef6fe270ed6fc3617703c3e8,0.587170422077179,True,VREX,LINEAR_COMBINATION,LINEAR_COMBINATION,LINEAR_COMBINATION,u010,LINEAR_COMBINATION,LINEAR_COMBINATION,LINEAR_COMBINATION,LINEAR_COMBINATION,True,LINEAR_COMBINATION,LINEAR_COMBINATION,12,0.44024842977523804,False
1,0,1.3785415887832642,940c457b8ad452b0b04506f73618b4fde9d189809f631d280b35bba96727796a,bdfdb6a65c54c7ef4c0cdaa24fc9ef0967afee0796ae806460eddb9f251a8970,64ab6c29330b70def9cbd5fda5ad20d973ee62e2631ad2f0a586bc402b14feea,20.573427200317383,True,CORAL,940c457b8ad452b0b04506f73618b4fde9d189809f631d280b35bba96727796a,d392da3e75f071e39daf29ada6629c222c3794ea0f43096d490681d6918f1efc,b6249b3a9464b0bf11b7b23235f27ce888c97b8ac691c200aab449f601db52ed,u000,940c457b8ad452b0b04506f73618b4fde9d189809f631d280b35bba96727796a,117be932637feacf83ccc6543b905f4ee68735c6c91c979249bd292703f53dbc,3410be18893f8f8743ea530ddb9da028ee91246b230e84534d6e929053e7fe80,940c457b8ad452b0b04506f73618b4fde9d189809f631d280b35bba96727796a,True,117be932637feacf83ccc6543b905f4ee68735c6c91c979249bd292703f53dbc,3410be18893f8f8743ea530ddb9da028ee91246b230e84534d6e929053e7fe80,12,14.345952987670898,False
5,0,7.994613170623779,940c457b8ad452b0b04506f73618b4fde9d189809f631d280b35bba96727796a,f45fa3c570c04e95918d68febc06066c2224070731af31a8c0196740f27de2ed,e2c30c5ee7af3006f7f2c0d4a3844ec105ea3443de9e5cb72b1363c534820e8c,167.5125732421875,True,CORAL,940c457b8ad452b0b04506f73618b4fde9d189809f631d280b35bba96727796a,d6a1e7bc481385ef533939dee9ddaff9e2d3ae5b354d215653d167f326bd2a08,912f3e15a5cdc2693a57c67092492751f240f2299eeb47be6281053f0f5b12c7,u000,940c457b8ad452b0b04506f73618b4fde9d189809f631d280b35bba96727796a,383a23f21237725457b900131fe70153ca822ed653949c0cb291177d71c9106b,165b66057abe8fe3e68fe47ef3f64d911345eaf0216ebf8fbb02102484d7338d,940c457b8ad452b0b04506f73618b4fde9d189809f631d280b35bba96727796a,True,383a23f21237725457b900131fe70153ca822ed653949c0cb291177d71c9106b,165b66057abe8fe3e68fe47ef3f64d911345eaf0216ebf8fbb02102484d7338d,12,120.19847869873047,False
20,0,13.68979549407959,940c457b8ad452b0b04506f73618b4fde9d189809f631d280b35bba96727796a,efd333dd967de7a9d4dd777b537008d49bf6c423f297622b8c8dd467f58d5c04,a14726f6eee7f177a3be74c8c373fff6f99b1f92265309827daaa1d2f00ec132,140.5777587890625,True,CORAL,940c457b8ad452b0b04506f73618b4fde9d189809f631d280b35bba96727796a,79ccc9b77d5f1370746730a2662b260026ec11786cb5cd890bc97bec297f836e,a4d0fa5d14e16959fbc81c41781e64b62c1e96cf6efe8936b16ccf125dfae43b,u000,940c457b8ad452b0b04506f73618b4fde9d189809f631d280b35bba96727796a,22393a8e252af20a94450da1a1e248493bc3e8296fe95584b65c4250d3a77452,ac40c2439d4f3b9882603bffd6f65642b0f77668e6b425f91003c65026f15845,940c457b8ad452b0b04506f73618b4fde9d189809f631d280b35bba96727796a,True,22393a8e252af20a94450da1a1e248493bc3e8296fe95584b65c4250d3a77452,ac40c2439d4f3b9882603bffd6f65642b0f77668e6b425f91003c65026f15845,12,101.37921142578125,False
1,1,1.1699974536895752,940c457b8ad452b0b04506f73618b4fde9d189809f631d280b35bba96727796a,bdfdb6a65c54c7ef4c0cdaa24fc9ef0967afee0796ae806460eddb9f251a8970,64ab6c29330b70def9cbd5fda5ad20d973ee62e2631ad2f0a586bc402b14feea,20.95867919921875,True,CORAL,940c457b8ad452b0b04506f73618b4fde9d189809f631d280b35bba96727796a,61bf777f1deaa5db798fe554681c33105060d86915867f88f16bd274195de459,4606a7173ac23f4491f81292f1205d10586968e6da3d0532d54fae3287650f3d,u001,940c457b8ad452b0b04506f73618b4fde9d189809f631d280b35bba96727796a,e1a461fbe6c384841891ed675f221f687102ac96e406e7475bc42fca085fd7aa,17ff61879a368865f03e82a2dbb6894b31f26616da22645b6afa35dea3ecf91d,940c457b8ad452b0b04506f73618b4fde9d189809f631d280b35bba96727796a,True,e1a461fbe6c384841891ed675f221f687102ac96e406e7475bc42fca085fd7aa,17ff61879a368865f03e82a2dbb6894b31f26616da22645b6afa35dea3ecf91d,12,14.630451202392578,False
5,1,7.40916109085083,940c457b8ad452b0b04506f73618b4fde9d189809f631d280b35bba96727796a,f45fa3c570c04e95918d68febc06066c2224070731af31a8c0196740f27de2ed,e2c30c5ee7af3006f7f2c0d4a3844ec105ea3443de9e5cb72b1363c534820e8c,168.4414520263672,True,CORAL,940c457b8ad452b0b04506f73618b4fde9d189809f631d280b35bba96727796a,095819dda7949c569df378d773aaceedd8d8225872b4acdf424832cf46d137e8,e615aa173549a31f27c9d41673b9ebeff31240538c66d118c1b3ac4421f234de,u001,940c457b8ad452b0b04506f73618b4fde9d189809f631d280b35bba96727796a,9e6eac65ee39ee0acab50e8a45cea3fc4566ee492eb446f275663a78fddcf5da,351880b97b640debdbeee0ab42f3d7432dcb640ab3939cebe9342ade2c586b19,940c457b8ad452b0b04506f73618b4fde9d189809f631d280b35bba96727796a,True,9e6eac65ee39ee0acab50e8a45cea3fc4566ee492eb446f275663a78fddcf5da,351880b97b640debdbeee0ab42f3d7432dcb640ab3939cebe9342ade2c586b19,12,120.81966400146484,False
20,1,15.56109619140625,940c457b8ad452b0b04506f73618b4fde9d189809f631d280b35bba96727796a,efd333dd967de7a9d4dd777b537008d49bf6c423f297622b8c8dd467f58d5c04,a14726f6eee7f177a3be74c8c373fff6f99b1f92265309827daaa1d2f00ec132,139.70095825195312,True,CORAL,940c457b8ad452b0b04506f73618b4fde9d189809f631d280b35bba96727796a,6ecfa81c0b5d2feb75add09365e2a32d4c967007d1830e265454c29728efd1cb,8033a1fdf689ee3fd0e562cab51b4d8007d5d0fa6670345aab1cf9dec3835308,u001,940c457b8ad452b0b04506f73618b4fde9d189809f631d280b35bba96727796a,9b5e3dc33e49f07e6647af202e46b0253a2367930faba2b48a73871c27f6ec9f,4d1e5c1d8b9be5a2be0ed060f765535eaa8fa639329e52e89079d4993fa5e79a,940c457b8ad452b0b04506f73618b4fde9d189809f631d280b35bba96727796a,True,9b5e3dc33e49f07e6647af202e46b0253a2367930faba2b48a73871c27f6ec9f,4d1e5c1d8b9be5a2be0ed060f765535eaa8fa639329e52e89079d4993fa5e79a,12,101.98014068603516,False
1,2,0.0,940c457b8ad452b0b04506f73618b4fde9d189809f631d280b35bba96727796a,bdfdb6a65c54c7ef4c0cdaa24fc9ef0967afee0796ae806460eddb9f251a8970,64ab6c29330b70def9cbd5fda5ad20d973ee62e2631ad2f0a586bc402b14feea,0.0,True,CORAL,LINEAR_COMBINATION,LINEAR_COMBINATION,LINEAR_COMBINATION,u002,LINEAR_COMBINATION,LINEAR_COMBINATION,LINEAR_COMBINATION,LINEAR_COMBINATION,True,LINEAR_COMBINATION,LINEAR_COMBINATION,12,0.0,False
5,2,0.0,940c457b8ad452b0b04506f73618b4fde9d189809f631d280b35bba96727796a,f45fa3c570c04e95918d68febc06066c2224070731af31a8c0196740f27de2ed,e2c30c5ee7af3006f7f2c0d4a3844ec105ea3443de9e5cb72b1363c534820e8c,0.0,True,CORAL,LINEAR_COMBINATION,LINEAR_COMBINATION,LINEAR_COMBINATION,u002,LINEAR_COMBINATION,LINEAR_COMBINATION,LINEAR_COMBINATION,LINEAR_COMBINATION,True,LINEAR_COMBINATION,LINEAR_COMBINATION,12,0.0,False
20,2,0.0,940c457b8ad452b0b04506f73618b4fde9d189809f631d280b35bba96727796a,efd333dd967de7a9d4dd777b537008d49bf6c423f297622b8c8dd467f58d5c04,a14726f6eee7f177a3be74c8c373fff6f99b1f92265309827daaa1d2f00ec132,0.0,True,CORAL,LINEAR_COMBINATION,LINEAR_COMBINATION,LINEAR_COMBINATION,u002,LINEAR_COMBINATION,LINEAR_COMBINATION,LINEAR_COMBINATION,LINEAR_COMBINATION,True,LINEAR_COMBINATION,LINEAR_COMBINATION,12,0.0,False
1,3,2.3001039028167725,940c457b8ad452b0b04506f73618b4fde9d189809f631d280b35bba96727796a,bdfdb6a65c54c7ef4c0cdaa24fc9ef0967afee0796ae806460eddb9f251a8970,64ab6c29330b70def9cbd5fda5ad20d973ee62e2631ad2f0a586bc402b14feea,7.42359733581543,True,CORAL,940c457b8ad452b0b04506f73618b4fde9d189809f631d280b35bba96727796a,f07b9267c9a03bf50cd7f9bc4e336407edda57c938b139ca8e799023031fc5d4,44398e42f02d21dac9030fbeb66b42d13f974cb4cdda942955122b422eddbe6f,u003,940c457b8ad452b0b04506f73618b4fde9d189809f631d280b35bba96727796a,e7be7567da038975825fc032df22ff90183d493aaf36133b03c2d5b92d67ff7d,8b3dd419a51eedd929e9d7a2128773477c871ae067131ab2587041d1d6fce1a2,940c457b8ad452b0b04506f73618b4fde9d189809f631d280b35bba96727796a,True,e7be7567da038975825fc032df22ff90183d493aaf36133b03c2d5b92d67ff7d,8b3dd419a51eedd929e9d7a2128773477c871ae067131ab2587041d1d6fce1a2,12,3.6582112312316895,False
5,3,16.43488883972168,940c457b8ad452b0b04506f73618b4fde9d189809f631d280b35bba96727796a,f45fa3c570c04e95918d68febc06066c2224070731af31a8c0196740f27de2ed,e2c30c5ee7af3006f7f2c0d4a3844ec105ea3443de9e5cb72b1363c534820e8c,57.64011001586914,True,CORAL,940c457b8ad452b0b04506f73618b4fde9d189809f631d280b35bba96727796a,27dae5c0a07647d20a43ec0aba5b853bc68d53a13f130f9c50bd0a982b05b2d6,e5f0bd35355c955052a11861a7a5452948da29e793360c4e4ed9322d3466a1ca,u003,940c457b8ad452b0b04506f73618b4fde9d189809f631d280b35bba96727796a,baa3b6415c00397b03e36696616f2d5b5794046a5520e701f371e5d6e413de84,f33c0d448438cd0482996c5f363db43e23e3a9bc07d5681d53351a09a18dead9,940c457b8ad452b0b04506f73618b4fde9d189809f631d280b35bba96727796a,True,baa3b6415c00397b03e36696616f2d5b5794046a5520e701f371e5d6e413de84,f33c0d448438cd0482996c5f363db43e23e3a9bc07d5681d53351a09a18dead9,12,23.37186050415039,False
20,3,71.67610931396484,940c457b8ad452b0b04506f73618b4fde9d189809f631d280b35bba96727796a,efd333dd967de7a9d4dd777b537008d49bf6c423f297622b8c8dd467f58d5c04,a14726f6eee7f177a3be74c8c373fff6f99b1f92265309827daaa1d2f00ec132,128.0378875732422,True,CORAL,940c457b8ad452b0b04506f73618b4fde9d189809f631d280b35bba96727796a,9804e831009f8650359e70566529d8d343874bf288372759ad00cdb77f8efdda,41bd474956b29f1d26342f234ff36d0cfd9c3922783918817f919139cf337c7e,u003,940c457b8ad452b0b04506f73618b4fde9d189809f631d280b35bba96727796a,13c080684305c3d2e1749f8a4020e852b4be0841152a910d9baca21497b5a7e4,2fd63fa55dd6a2d683ef19d0af1ab7438e7293f8cf7169b024daa96c28763cc7,940c457b8ad452b0b04506f73618b4fde9d189809f631d280b35bba96727796a,True,13c080684305c3d2e1749f8a4020e852b4be0841152a910d9baca21497b5a7e4,2fd63fa55dd6a2d683ef19d0af1ab7438e7293f8cf7169b024daa96c28763cc7,12,81.98786926269531,False
1,4,0.0,940c457b8ad452b0b04506f73618b4fde9d189809f631d280b35bba96727796a,bdfdb6a65c54c7ef4c0cdaa24fc9ef0967afee0796ae806460eddb9f251a8970,64ab6c29330b70def9cbd5fda5ad20d973ee62e2631ad2f0a586bc402b14feea,0.0,True,CORAL,LINEAR_COMBINATION,LINEAR_COMBINATION,LINEAR_COMBINATION,u004,LINEAR_COMBINATION,LINEAR_COMBINATION,LINEAR_COMBINATION,LINEAR_COMBINATION,True,LINEAR_COMBINATION,LINEAR_COMBINATION,12,0.0,False
5,4,0.0,940c457b8ad452b0b04506f73618b4fde9d189809f631d280b35bba96727796a,f45fa3c570c04e95918d68febc06066c2224070731af31a8c0196740f27de2ed,e2c30c5ee7af3006f7f2c0d4a3844ec105ea3443de9e5cb72b1363c534820e8c,0.0,True,CORAL,LINEAR_COMBINATION,LINEAR_COMBINATION,LINEAR_COMBINATION,u004,LINEAR_COMBINATION,LINEAR_COMBINATION,LINEAR_COMBINATION,LINEAR_COMBINATION,True,LINEAR_COMBINATION,LINEAR_COMBINATION,12,0.0,False
20,4,0.0,940c457b8ad452b0b04506f73618b4fde9d189809f631d280b35bba96727796a,efd333dd967de7a9d4dd777b537008d49bf6c423f297622b8c8dd467f58d5c04,a14726f6eee7f177a3be74c8c373fff6f99b1f92265309827daaa1d2f00ec132,0.0,True,CORAL,LINEAR_COMBINATION,LINEAR_COMBINATION,LINEAR_COMBINATION,u004,LINEAR_COMBINATION,LINEAR_COMBINATION,LINEAR_COMBINATION,LINEAR_COMBINATION,True,LINEAR_COMBINATION,LINEAR_COMBINATION,12,0.0,False
1,-1,1.7951544523239136,940c457b8ad452b0b04506f73618b4fde9d189809f631d280b35bba96727796a,bdfdb6a65c54c7ef4c0cdaa24fc9ef0967afee0796ae806460eddb9f251a8970,64ab6c29330b70def9cbd5fda5ad20d973ee62e2631ad2f0a586bc402b14feea,29.363880157470703,True,CORAL,LINEAR_COMBINATION,LINEAR_COMBINATION,LINEAR_COMBINATION,u005,LINEAR_COMBINATION,LINEAR_COMBINATION,LINEAR_COMBINATION,LINEAR_COMBINATION,True,LINEAR_COMBINATION,LINEAR_COMBINATION,12,20.487369537353516,False
5,-1,10.824576377868652,940c457b8ad452b0b04506f73618b4fde9d189809f631d280b35bba96727796a,f45fa3c570c04e95918d68febc06066c2224070731af31a8c0196740f27de2ed,e2c30c5ee7af3006f7f2c0d4a3844ec105ea3443de9e5cb72b1363c534820e8c,237.5340576171875,True,CORAL,LINEAR_COMBINATION,LINEAR_COMBINATION,LINEAR_COMBINATION,u005,LINEAR_COMBINATION,LINEAR_COMBINATION,LINEAR_COMBINATION,LINEAR_COMBINATION,True,LINEAR_COMBINATION,LINEAR_COMBINATION,12,170.4170684814453,False
20,-1,20.58113670349121,940c457b8ad452b0b04506f73618b4fde9d189809f631d280b35bba96727796a,efd333dd967de7a9d4dd777b537008d49bf6c423f297622b8c8dd467f58d5c04,a14726f6eee7f177a3be74c8c373fff6f99b1f92265309827daaa1d2f00ec132,198.0926971435547,True,CORAL,LINEAR_COMBINATION,LINEAR_COMBINATION,LINEAR_COMBINATION,u005,LINEAR_COMBINATION,LINEAR_COMBINATION,LINEAR_COMBINATION,LINEAR_COMBINATION,True,LINEAR_COMBINATION,LINEAR_COMBINATION,12,143.7519989013672,False
1,-1,0.21608342230319977,940c457b8ad452b0b04506f73618b4fde9d189809f631d280b35bba96727796a,bdfdb6a65c54c7ef4c0cdaa24fc9ef0967afee0796ae806460eddb9f251a8970,64ab6c29330b70def9cbd5fda5ad20d973ee62e2631ad2f0a586bc402b14feea,0.542880117893219,True,CORAL,LINEAR_COMBINATION,LINEAR_COMBINATION,LINEAR_COMBINATION,u006,LINEAR_COMBINATION,LINEAR_COMBINATION,LINEAR_COMBINATION,LINEAR_COMBINATION,True,LINEAR_COMBINATION,LINEAR_COMBINATION,12,0.3524504005908966,False
5,-1,1.279866337776184,940c457b8ad452b0b04506f73618b4fde9d189809f631d280b35bba96727796a,f45fa3c570c04e95918d68febc06066c2224070731af31a8c0196740f27de2ed,e2c30c5ee7af3006f7f2c0d4a3844ec105ea3443de9e5cb72b1363c534820e8c,3.2477922439575195,True,CORAL,LINEAR_COMBINATION,LINEAR_COMBINATION,LINEAR_COMBINATION,u006,LINEAR_COMBINATION,LINEAR_COMBINATION,LINEAR_COMBINATION,LINEAR_COMBINATION,True,LINEAR_COMBINATION,LINEAR_COMBINATION,12,1.7569687366485596,False
20,-1,2.4443740844726562,940c457b8ad452b0b04506f73618b4fde9d189809f631d280b35bba96727796a,efd333dd967de7a9d4dd777b537008d49bf6c423f297622b8c8dd467f58d5c04,a14726f6eee7f177a3be74c8c373fff6f99b1f92265309827daaa1d2f00ec132,6.144111156463623,True,CORAL,LINEAR_COMBINATION,LINEAR_COMBINATION,LINEAR_COMBINATION,u006,LINEAR_COMBINATION,LINEAR_COMBINATION,LINEAR_COMBINATION,LINEAR_COMBINATION,True,LINEAR_COMBINATION,LINEAR_COMBINATION,12,3.6132218837738037,False
1,-1,1.269365906715393,940c457b8ad452b0b04506f73618b4fde9d189809f631d280b35bba96727796a,bdfdb6a65c54c7ef4c0cdaa24fc9ef0967afee0796ae806460eddb9f251a8970,64ab6c29330b70def9cbd5fda5ad20d973ee62e2631ad2f0a586bc402b14feea,20.763399124145508,True,CORAL,LINEAR_COMBINATION,LINEAR_COMBINATION,LINEAR_COMBINATION,u007,LINEAR_COMBINATION,LINEAR_COMBINATION,LINEAR_COMBINATION,LINEAR_COMBINATION,True,LINEAR_COMBINATION,LINEAR_COMBINATION,12,14.486757278442383,False
5,-1,7.654131889343262,940c457b8ad452b0b04506f73618b4fde9d189809f631d280b35bba96727796a,f45fa3c570c04e95918d68febc06066c2224070731af31a8c0196740f27de2ed,e2c30c5ee7af3006f7f2c0d4a3844ec105ea3443de9e5cb72b1363c534820e8c,167.96194458007812,True,CORAL,LINEAR_COMBINATION,LINEAR_COMBINATION,LINEAR_COMBINATION,u007,LINEAR_COMBINATION,LINEAR_COMBINATION,LINEAR_COMBINATION,LINEAR_COMBINATION,True,LINEAR_COMBINATION,LINEAR_COMBINATION,12,120.50306701660156,False
20,-1,14.553062438964844,940c457b8ad452b0b04506f73618b4fde9d189809f631d280b35bba96727796a,efd333dd967de7a9d4dd777b537008d49bf6c423f297622b8c8dd467f58d5c04,a14726f6eee7f177a3be74c8c373fff6f99b1f92265309827daaa1d2f00ec132,140.07269287109375,True,CORAL,LINEAR_COMBINATION,LINEAR_COMBINATION,LINEAR_COMBINATION,u007,LINEAR_COMBINATION,LINEAR_COMBINATION,LINEAR_COMBINATION,LINEAR_COMBINATION,True,LINEAR_COMBINATION,LINEAR_COMBINATION,12,101.64801788330078,False
1,-1,1.269365906715393,940c457b8ad452b0b04506f73618b4fde9d189809f631d280b35bba96727796a,bdfdb6a65c54c7ef4c0cdaa24fc9ef0967afee0796ae806460eddb9f251a8970,64ab6c29330b70def9cbd5fda5ad20d973ee62e2631ad2f0a586bc402b14feea,20.763399124145508,True,CORAL,LINEAR_COMBINATION,LINEAR_COMBINATION,LINEAR_COMBINATION,u008,LINEAR_COMBINATION,LINEAR_COMBINATION,LINEAR_COMBINATION,LINEAR_COMBINATION,True,LINEAR_COMBINATION,LINEAR_COMBINATION,12,14.486757278442383,False
5,-1,7.654131889343262,940c457b8ad452b0b04506f73618b4fde9d189809f631d280b35bba96727796a,f45fa3c570c04e95918d68febc06066c2224070731af31a8c0196740f27de2ed,e2c30c5ee7af3006f7f2c0d4a3844ec105ea3443de9e5cb72b1363c534820e8c,167.96194458007812,True,CORAL,LINEAR_COMBINATION,LINEAR_COMBINATION,LINEAR_COMBINATION,u008,LINEAR_COMBINATION,LINEAR_COMBINATION,LINEAR_COMBINATION,LINEAR_COMBINATION,True,LINEAR_COMBINATION,LINEAR_COMBINATION,12,120.50306701660156,False
20,-1,14.553062438964844,940c457b8ad452b0b04506f73618b4fde9d189809f631d280b35bba96727796a,efd333dd967de7a9d4dd777b537008d49bf6c423f297622b8c8dd467f58d5c04,a14726f6eee7f177a3be74c8c373fff6f99b1f92265309827daaa1d2f00ec132,140.07269287109375,True,CORAL,LINEAR_COMBINATION,LINEAR_COMBINATION,LINEAR_COMBINATION,u008,LINEAR_COMBINATION,LINEAR_COMBINATION,LINEAR_COMBINATION,LINEAR_COMBINATION,True,LINEAR_COMBINATION,LINEAR_COMBINATION,12,101.64801788330078,False
1,-1,1.626418948173523,940c457b8ad452b0b04506f73618b4fde9d189809f631d280b35bba96727796a,bdfdb6a65c54c7ef4c0cdaa24fc9ef0967afee0796ae806460eddb9f251a8970,64ab6c29330b70def9cbd5fda5ad20d973ee62e2631ad2f0a586bc402b14feea,5.249276161193848,True,CORAL,LINEAR_COMBINATION,LINEAR_COMBINATION,LINEAR_COMBINATION,u009,LINEAR_COMBINATION,LINEAR_COMBINATION,LINEAR_COMBINATION,LINEAR_COMBINATION,True,LINEAR_COMBINATION,LINEAR_COMBINATION,12,2.5867459774017334,False
5,-1,11.621221542358398,940c457b8ad452b0b04506f73618b4fde9d189809f631d280b35bba96727796a,f45fa3c570c04e95918d68febc06066c2224070731af31a8c0196740f27de2ed,e2c30c5ee7af3006f7f2c0d4a3844ec105ea3443de9e5cb72b1363c534820e8c,40.75770950317383,True,CORAL,LINEAR_COMBINATION,LINEAR_COMBINATION,LINEAR_COMBINATION,u009,LINEAR_COMBINATION,LINEAR_COMBINATION,LINEAR_COMBINATION,LINEAR_COMBINATION,True,LINEAR_COMBINATION,LINEAR_COMBINATION,12,16.52640151977539,False
20,-1,50.68266296386719,940c457b8ad452b0b04506f73618b4fde9d189809f631d280b35bba96727796a,efd333dd967de7a9d4dd777b537008d49bf6c423f297622b8c8dd467f58d5c04,a14726f6eee7f177a3be74c8c373fff6f99b1f92265309827daaa1d2f00ec132,90.53645324707031,True,CORAL,LINEAR_COMBINATION,LINEAR_COMBINATION,LINEAR_COMBINATION,u009,LINEAR_COMBINATION,LINEAR_COMBINATION,LINEAR_COMBINATION,LINEAR_COMBINATION,True,LINEAR_COMBINATION,LINEAR_COMBINATION,12,57.974178314208984,False
1,-1,1.626418948173523,940c457b8ad452b0b04506f73618b4fde9d189809f631d280b35bba96727796a,bdfdb6a65c54c7ef4c0cdaa24fc9ef0967afee0796ae806460eddb9f251a8970,64ab6c29330b70def9cbd5fda5ad20d973ee62e2631ad2f0a586bc402b14feea,5.249276161193848,True,CORAL,LINEAR_COMBINATION,LINEAR_COMBINATION,LINEAR_COMBINATION,u010,LINEAR_COMBINATION,LINEAR_COMBINATION,LINEAR_COMBINATION,LINEAR_COMBINATION,True,LINEAR_COMBINATION,LINEAR_COMBINATION,12,2.5867459774017334,False
5,-1,11.621221542358398,940c457b8ad452b0b04506f73618b4fde9d189809f631d280b35bba96727796a,f45fa3c570c04e95918d68febc06066c2224070731af31a8c0196740f27de2ed,e2c30c5ee7af3006f7f2c0d4a3844ec105ea3443de9e5cb72b1363c534820e8c,40.75770950317383,True,CORAL,LINEAR_COMBINATION,LINEAR_COMBINATION,LINEAR_COMBINATION,u010,LINEAR_COMBINATION,LINEAR_COMBINATION,LINEAR_COMBINATION,LINEAR_COMBINATION,True,LINEAR_COMBINATION,LINEAR_COMBINATION,12,16.52640151977539,False
20,-1,50.68266296386719,940c457b8ad452b0b04506f73618b4fde9d189809f631d280b35bba96727796a,efd333dd967de7a9d4dd777b537008d49bf6c423f297622b8c8dd467f58d5c04,a14726f6eee7f177a3be74c8c373fff6f99b1f92265309827daaa1d2f00ec132,90.53645324707031,True,CORAL,LINEAR_COMBINATION,LINEAR_COMBINATION,LINEAR_COMBINATION,u010,LINEAR_COMBINATION,LINEAR_COMBINATION,LINEAR_COMBINATION,LINEAR_COMBINATION,True,LINEAR_COMBINATION,LINEAR_COMBINATION,12,57.974178314208984,False
1,0,0.04404372349381447,e4c301fe5e30ebb1be078731ac0cabd68ad175cdbc19faa73a299a30f9e178ba,82743d8382f86514bb17f1c8027bb8e790a70084d22c361955feb608e885ee5f,7360601cf09d97fd3c08e6f3e989ef273d6e60c675474cf873fc5cd7f2e32938,0.20572355389595032,True,FISHR,e4c301fe5e30ebb1be078731ac0cabd68ad175cdbc19faa73a299a30f9e178ba,997624b04f3d08747a30fba2321f416ad0a6c85c267edcb4e84b6c1aa7f3131d,6c007ece15aa3440d9a39f19222c979a7b4c5d9cc04639a04769d99d25674dd5,u000,e4c301fe5e30ebb1be078731ac0cabd68ad175cdbc19faa73a299a30f9e178ba,f97620ce8d3624703a8e7f733ce0438642eedbc81e88b6651d1dd88385393c64,a7e519ef05b91437794d1c1f71460e5ad50e1bb15482f6ddc73d1a4352fc284f,e4c301fe5e30ebb1be078731ac0cabd68ad175cdbc19faa73a299a30f9e178ba,True,f97620ce8d3624703a8e7f733ce0438642eedbc81e88b6651d1dd88385393c64,a7e519ef05b91437794d1c1f71460e5ad50e1bb15482f6ddc73d1a4352fc284f,12,0.15128783881664276,False
5,0,0.5001686811447144,e4c301fe5e30ebb1be078731ac0cabd68ad175cdbc19faa73a299a30f9e178ba,2900e29a9803447e60e7ea4c2f35743889ea6867eeed2a7ddf85cfb34f18c355,6fc316557bec5fe2176f6b5a1a6eba5b629eb3ce48d0d9031bd4ef88dc6a2aaf,2.2805042266845703,True,FISHR,e4c301fe5e30ebb1be078731ac0cabd68ad175cdbc19faa73a299a30f9e178ba,bbad19a53a94c978a3d9e8b5441dcc31cec5211dc41953ad515eea6a6605abef,091784b421528141c590aefd3aef6a386d6df2932ca2c03134e8561360207f7e,u000,e4c301fe5e30ebb1be078731ac0cabd68ad175cdbc19faa73a299a30f9e178ba,ce1beef445d3c9f29220d4ef659ef92759827c48390787e75ac0433b448e31b2,46030f864e7d51dced3b7ef05efce6161421edcfbdd8d59fe621dc7797658b09,e4c301fe5e30ebb1be078731ac0cabd68ad175cdbc19faa73a299a30f9e178ba,True,ce1beef445d3c9f29220d4ef659ef92759827c48390787e75ac0433b448e31b2,46030f864e7d51dced3b7ef05efce6161421edcfbdd8d59fe621dc7797658b09,12,1.651078701019287,False
20,0,1.6280664205551147,e4c301fe5e30ebb1be078731ac0cabd68ad175cdbc19faa73a299a30f9e178ba,3b324c10a70ce7008919250b2a0866f1a5eb104e95446115d06911c2a747c221,19da2451290ffa9e48be4139bc89881b3838d8d311a4844a8999856cd1c179c3,7.47846794128418,True,FISHR,e4c301fe5e30ebb1be078731ac0cabd68ad175cdbc19faa73a299a30f9e178ba,f1600fba8ca2e91811c230acd17b1c3615de35a8c1987d44cd131b52cde64be1,c7bde7210a5920bbed4d057014f09d0ad244b2845b380b87543b6ad5da7e17bf,u000,e4c301fe5e30ebb1be078731ac0cabd68ad175cdbc19faa73a299a30f9e178ba,2e77588ae8243aef1667d727ea31199a12f92d9d9b343eb32e3dcc9092313e77,12bb8d1601b09258563615ebba62e9f165143df86610367e733d2063b9bab1a6,e4c301fe5e30ebb1be078731ac0cabd68ad175cdbc19faa73a299a30f9e178ba,True,2e77588ae8243aef1667d727ea31199a12f92d9d9b343eb32e3dcc9092313e77,12bb8d1601b09258563615ebba62e9f165143df86610367e733d2063b9bab1a6,12,5.475171089172363,False
1,1,0.03833009675145149,e4c301fe5e30ebb1be078731ac0cabd68ad175cdbc19faa73a299a30f9e178ba,82743d8382f86514bb17f1c8027bb8e790a70084d22c361955feb608e885ee5f,7360601cf09d97fd3c08e6f3e989ef273d6e60c675474cf873fc5cd7f2e32938,0.1817908138036728,True,FISHR,e4c301fe5e30ebb1be078731ac0cabd68ad175cdbc19faa73a299a30f9e178ba,3db6b89b95fe96c1ebb275a4d09f54d89cedb8fa10504bcba685be46d5df983d,6107c377a2a1b8cbc15501d1cf430d29a1087399ddcb8935f152c3d1a8a5939e,u001,e4c301fe5e30ebb1be078731ac0cabd68ad175cdbc19faa73a299a30f9e178ba,7ddc878a33a62821120dabb3ca46614733c6ba472a93de6825b291f6fbaa7476,eea80a3a7f95be11c39d25ada594fcc699fa4520380f36ebb8bf95df458f51cc,e4c301fe5e30ebb1be078731ac0cabd68ad175cdbc19faa73a299a30f9e178ba,True,7ddc878a33a62821120dabb3ca46614733c6ba472a93de6825b291f6fbaa7476,eea80a3a7f95be11c39d25ada594fcc699fa4520380f36ebb8bf95df458f51cc,12,0.13353529572486877,False
5,1,0.42998912930488586,e4c301fe5e30ebb1be078731ac0cabd68ad175cdbc19faa73a299a30f9e178ba,2900e29a9803447e60e7ea4c2f35743889ea6867eeed2a7ddf85cfb34f18c355,6fc316557bec5fe2176f6b5a1a6eba5b629eb3ce48d0d9031bd4ef88dc6a2aaf,1.9897205829620361,True,FISHR,e4c301fe5e30ebb1be078731ac0cabd68ad175cdbc19faa73a299a30f9e178ba,d801410917bf8966a4eab3a8395e3409072f10d79f8a25770a248b0bdd12ea01,bce9d7191b78167c466f27e9f2e1ce0482a6c0cab98b6269a547e412b89a4d78,u001,e4c301fe5e30ebb1be078731ac0cabd68ad175cdbc19faa73a299a30f9e178ba,79765c1fba45af55bea7374aab263fc1ca2900e7a918a49cf5f479afcee42f81,0537a0266798d647ecf81078272bcff4d5a5a151ba51fbb6ed7b383935ac7cd7,e4c301fe5e30ebb1be078731ac0cabd68ad175cdbc19faa73a299a30f9e178ba,True,79765c1fba45af55bea7374aab263fc1ca2900e7a918a49cf5f479afcee42f81,0537a0266798d647ecf81078272bcff4d5a5a151ba51fbb6ed7b383935ac7cd7,12,1.4361474514007568,False
20,1,1.1999472379684448,e4c301fe5e30ebb1be078731ac0cabd68ad175cdbc19faa73a299a30f9e178ba,3b324c10a70ce7008919250b2a0866f1a5eb104e95446115d06911c2a747c221,19da2451290ffa9e48be4139bc89881b3838d8d311a4844a8999856cd1c179c3,5.7667412757873535,True,FISHR,e4c301fe5e30ebb1be078731ac0cabd68ad175cdbc19faa73a299a30f9e178ba,bdd0df0ccfc126a9da07126ff37c67824c7d0329e6f4c01bd1c9c30bf46f5430,e44b1a7c4a7225bd0238a11b7fa5bad902f470646cbc2580afe67e3195a8d9f3,u001,e4c301fe5e30ebb1be078731ac0cabd68ad175cdbc19faa73a299a30f9e178ba,5501ceb316d7847c940b5bec651e61e102487f5c3e2927d2c383a758f95e0787,7507d4141a87dc922e421336e227c6f4d9d5560d24daedc990cc795e9b37dde3,e4c301fe5e30ebb1be078731ac0cabd68ad175cdbc19faa73a299a30f9e178ba,True,5501ceb316d7847c940b5bec651e61e102487f5c3e2927d2c383a758f95e0787,7507d4141a87dc922e421336e227c6f4d9d5560d24daedc990cc795e9b37dde3,12,4.245698928833008,False
1,2,0.0,e4c301fe5e30ebb1be078731ac0cabd68ad175cdbc19faa73a299a30f9e178ba,82743d8382f86514bb17f1c8027bb8e790a70084d22c361955feb608e885ee5f,7360601cf09d97fd3c08e6f3e989ef273d6e60c675474cf873fc5cd7f2e32938,0.0,True,FISHR,LINEAR_COMBINATION,LINEAR_COMBINATION,LINEAR_COMBINATION,u002,LINEAR_COMBINATION,LINEAR_COMBINATION,LINEAR_COMBINATION,LINEAR_COMBINATION,True,LINEAR_COMBINATION,LINEAR_COMBINATION,12,0.0,False
5,2,0.0,e4c301fe5e30ebb1be078731ac0cabd68ad175cdbc19faa73a299a30f9e178ba,2900e29a9803447e60e7ea4c2f35743889ea6867eeed2a7ddf85cfb34f18c355,6fc316557bec5fe2176f6b5a1a6eba5b629eb3ce48d0d9031bd4ef88dc6a2aaf,0.0,True,FISHR,LINEAR_COMBINATION,LINEAR_COMBINATION,LINEAR_COMBINATION,u002,LINEAR_COMBINATION,LINEAR_COMBINATION,LINEAR_COMBINATION,LINEAR_COMBINATION,True,LINEAR_COMBINATION,LINEAR_COMBINATION,12,0.0,False
20,2,0.0,e4c301fe5e30ebb1be078731ac0cabd68ad175cdbc19faa73a299a30f9e178ba,3b324c10a70ce7008919250b2a0866f1a5eb104e95446115d06911c2a747c221,19da2451290ffa9e48be4139bc89881b3838d8d311a4844a8999856cd1c179c3,0.0,True,FISHR,LINEAR_COMBINATION,LINEAR_COMBINATION,LINEAR_COMBINATION,u002,LINEAR_COMBINATION,LINEAR_COMBINATION,LINEAR_COMBINATION,LINEAR_COMBINATION,True,LINEAR_COMBINATION,LINEAR_COMBINATION,12,0.0,False
1,3,0.00261102057993412,e4c301fe5e30ebb1be078731ac0cabd68ad175cdbc19faa73a299a30f9e178ba,82743d8382f86514bb17f1c8027bb8e790a70084d22c361955feb608e885ee5f,7360601cf09d97fd3c08e6f3e989ef273d6e60c675474cf873fc5cd7f2e32938,0.006791832856833935,True,FISHR,e4c301fe5e30ebb1be078731ac0cabd68ad175cdbc19faa73a299a30f9e178ba,9455283e92addc541bbbd8946e5d1dc3d025841becbe64dc412d2e8d2d75c7f5,c3d6bf03adc456a903b143b57366ff8af2a595bd8e5ba1245eb29b4992d5ad01,u003,e4c301fe5e30ebb1be078731ac0cabd68ad175cdbc19faa73a299a30f9e178ba,d02f1ecb2210448f2adac3bca248deb45ae7677c7a92143a247c4d955c5b7ca8,bb4468b8e977ffea9713786cf7a16e9e8876eebf4c7313b30efb7d8890bb6f7e,e4c301fe5e30ebb1be078731ac0cabd68ad175cdbc19faa73a299a30f9e178ba,True,d02f1ecb2210448f2adac3bca248deb45ae7677c7a92143a247c4d955c5b7ca8,bb4468b8e977ffea9713786cf7a16e9e8876eebf4c7313b30efb7d8890bb6f7e,12,0.0046189092099666595,False
5,3,0.036298368126153946,e4c301fe5e30ebb1be078731ac0cabd68ad175cdbc19faa73a299a30f9e178ba,2900e29a9803447e60e7ea4c2f35743889ea6867eeed2a7ddf85cfb34f18c355,6fc316557bec5fe2176f6b5a1a6eba5b629eb3ce48d0d9031bd4ef88dc6a2aaf,0.0784810334444046,True,FISHR,e4c301fe5e30ebb1be078731ac0cabd68ad175cdbc19faa73a299a30f9e178ba,e1c548219f889790bbf516d2b44b10ce56393376f07689170a6f0d4f6c972081,767de14a70c288d36764326b27f3bf78014c17ecaa88ca774a95792140af6a43,u003,e4c301fe5e30ebb1be078731ac0cabd68ad175cdbc19faa73a299a30f9e178ba,20026e17f18842d9a2ffc7015acc46e089d17e9fce5d9b0004e83630e4b9f25b,877010dea848b6db99c87ec902df7ed12e126e8bec4c6472de505eeed1548d9e,e4c301fe5e30ebb1be078731ac0cabd68ad175cdbc19faa73a299a30f9e178ba,True,20026e17f18842d9a2ffc7015acc46e089d17e9fce5d9b0004e83630e4b9f25b,877010dea848b6db99c87ec902df7ed12e126e8bec4c6472de505eeed1548d9e,12,0.07046116143465042,False
20,3,0.320004403591156,e4c301fe5e30ebb1be078731ac0cabd68ad175cdbc19faa73a299a30f9e178ba,3b324c10a70ce7008919250b2a0866f1a5eb104e95446115d06911c2a747c221,19da2451290ffa9e48be4139bc89881b3838d8d311a4844a8999856cd1c179c3,0.7096326947212219,True,FISHR,e4c301fe5e30ebb1be078731ac0cabd68ad175cdbc19faa73a299a30f9e178ba,cace2973782505c22bb844392e617fea0f1de58a8b2933e33bad47e3afdd1523,931752d0e0905ff013c179a5d79eec31b8d6f868e776e1ddc75842348dbcff9b,u003,e4c301fe5e30ebb1be078731ac0cabd68ad175cdbc19faa73a299a30f9e178ba,0d73710962e80710c2421795d0ebce41a2e69a92026a73af0619e2cf3599b7be,0e1687d035c82d0455f722c835954e05110ba68c7007a03aac6b3fd8181a10a6,e4c301fe5e30ebb1be078731ac0cabd68ad175cdbc19faa73a299a30f9e178ba,True,0d73710962e80710c2421795d0ebce41a2e69a92026a73af0619e2cf3599b7be,0e1687d035c82d0455f722c835954e05110ba68c7007a03aac6b3fd8181a10a6,12,0.6058980822563171,False
1,4,0.0,e4c301fe5e30ebb1be078731ac0cabd68ad175cdbc19faa73a299a30f9e178ba,82743d8382f86514bb17f1c8027bb8e790a70084d22c361955feb608e885ee5f,7360601cf09d97fd3c08e6f3e989ef273d6e60c675474cf873fc5cd7f2e32938,0.0,True,FISHR,LINEAR_COMBINATION,LINEAR_COMBINATION,LINEAR_COMBINATION,u004,LINEAR_COMBINATION,LINEAR_COMBINATION,LINEAR_COMBINATION,LINEAR_COMBINATION,True,LINEAR_COMBINATION,LINEAR_COMBINATION,12,0.0,False
5,4,0.0,e4c301fe5e30ebb1be078731ac0cabd68ad175cdbc19faa73a299a30f9e178ba,2900e29a9803447e60e7ea4c2f35743889ea6867eeed2a7ddf85cfb34f18c355,6fc316557bec5fe2176f6b5a1a6eba5b629eb3ce48d0d9031bd4ef88dc6a2aaf,0.0,True,FISHR,LINEAR_COMBINATION,LINEAR_COMBINATION,LINEAR_COMBINATION,u004,LINEAR_COMBINATION,LINEAR_COMBINATION,LINEAR_COMBINATION,LINEAR_COMBINATION,True,LINEAR_COMBINATION,LINEAR_COMBINATION,12,0.0,False
20,4,0.0,e4c301fe5e30ebb1be078731ac0cabd68ad175cdbc19faa73a299a30f9e178ba,3b324c10a70ce7008919250b2a0866f1a5eb104e95446115d06911c2a747c221,19da2451290ffa9e48be4139bc89881b3838d8d311a4844a8999856cd1c179c3,0.0,True,FISHR,LINEAR_COMBINATION,LINEAR_COMBINATION,LINEAR_COMBINATION,u004,LINEAR_COMBINATION,LINEAR_COMBINATION,LINEAR_COMBINATION,LINEAR_COMBINATION,True,LINEAR_COMBINATION,LINEAR_COMBINATION,12,0.0,False
1,-1,0.004218734335154295,e4c301fe5e30ebb1be078731ac0cabd68ad175cdbc19faa73a299a30f9e178ba,82743d8382f86514bb17f1c8027bb8e790a70084d22c361955feb608e885ee5f,7360601cf09d97fd3c08e6f3e989ef273d6e60c675474cf873fc5cd7f2e32938,0.017672181129455566,True,FISHR,LINEAR_COMBINATION,LINEAR_COMBINATION,LINEAR_COMBINATION,u005,LINEAR_COMBINATION,LINEAR_COMBINATION,LINEAR_COMBINATION,LINEAR_COMBINATION,True,LINEAR_COMBINATION,LINEAR_COMBINATION,12,0.012970906682312489,False
5,-1,0.05047980323433876,e4c301fe5e30ebb1be078731ac0cabd68ad175cdbc19faa73a299a30f9e178ba,2900e29a9803447e60e7ea4c2f35743889ea6867eeed2a7ddf85cfb34f18c355,6fc316557bec5fe2176f6b5a1a6eba5b629eb3ce48d0d9031bd4ef88dc6a2aaf,0.20888008177280426,True,FISHR,LINEAR_COMBINATION,LINEAR_COMBINATION,LINEAR_COMBINATION,u005,LINEAR_COMBINATION,LINEAR_COMBINATION,LINEAR_COMBINATION,LINEAR_COMBINATION,True,LINEAR_COMBINATION,LINEAR_COMBINATION,12,0.15376584231853485,False
20,-1,0.3069618046283722,e4c301fe5e30ebb1be078731ac0cabd68ad175cdbc19faa73a299a30f9e178ba,3b324c10a70ce7008919250b2a0866f1a5eb104e95446115d06911c2a747c221,19da2451290ffa9e48be4139bc89881b3838d8d311a4844a8999856cd1c179c3,1.2272380590438843,True,FISHR,LINEAR_COMBINATION,LINEAR_COMBINATION,LINEAR_COMBINATION,u005,LINEAR_COMBINATION,LINEAR_COMBINATION,LINEAR_COMBINATION,LINEAR_COMBINATION,True,LINEAR_COMBINATION,LINEAR_COMBINATION,12,0.8810350894927979,False
1,-1,0.058234427124261856,e4c301fe5e30ebb1be078731ac0cabd68ad175cdbc19faa73a299a30f9e178ba,82743d8382f86514bb17f1c8027bb8e790a70084d22c361955feb608e885ee5f,7360601cf09d97fd3c08e6f3e989ef273d6e60c675474cf873fc5cd7f2e32938,0.2739667296409607,True,FISHR,LINEAR_COMBINATION,LINEAR_COMBINATION,LINEAR_COMBINATION,u006,LINEAR_COMBINATION,LINEAR_COMBINATION,LINEAR_COMBINATION,LINEAR_COMBINATION,True,LINEAR_COMBINATION,LINEAR_COMBINATION,12,0.2013738751411438,False
5,-1,0.6576557755470276,e4c301fe5e30ebb1be078731ac0cabd68ad175cdbc19faa73a299a30f9e178ba,2900e29a9803447e60e7ea4c2f35743889ea6867eeed2a7ddf85cfb34f18c355,6fc316557bec5fe2176f6b5a1a6eba5b629eb3ce48d0d9031bd4ef88dc6a2aaf,3.0192806720733643,True,FISHR,LINEAR_COMBINATION,LINEAR_COMBINATION,LINEAR_COMBINATION,u006,LINEAR_COMBINATION,LINEAR_COMBINATION,LINEAR_COMBINATION,LINEAR_COMBINATION,True,LINEAR_COMBINATION,LINEAR_COMBINATION,12,2.182873249053955,False
20,-1,1.999061942100525,e4c301fe5e30ebb1be078731ac0cabd68ad175cdbc19faa73a299a30f9e178ba,3b324c10a70ce7008919250b2a0866f1a5eb104e95446115d06911c2a747c221,19da2451290ffa9e48be4139bc89881b3838d8d311a4844a8999856cd1c179c3,9.363582611083984,True,FISHR,LINEAR_COMBINATION,LINEAR_COMBINATION,LINEAR_COMBINATION,u006,LINEAR_COMBINATION,LINEAR_COMBINATION,LINEAR_COMBINATION,LINEAR_COMBINATION,True,LINEAR_COMBINATION,LINEAR_COMBINATION,12,6.872208595275879,False
1,-1,0.0029830955900251865,e4c301fe5e30ebb1be078731ac0cabd68ad175cdbc19faa73a299a30f9e178ba,82743d8382f86514bb17f1c8027bb8e790a70084d22c361955feb608e885ee5f,7360601cf09d97fd3c08e6f3e989ef273d6e60c675474cf873fc5cd7f2e32938,0.012496120296418667,True,FISHR,LINEAR_COMBINATION,LINEAR_COMBINATION,LINEAR_COMBINATION,u007,LINEAR_COMBINATION,LINEAR_COMBINATION,LINEAR_COMBINATION,LINEAR_COMBINATION,True,LINEAR_COMBINATION,LINEAR_COMBINATION,12,0.00917181558907032,False
5,-1,0.03569461405277252,e4c301fe5e30ebb1be078731ac0cabd68ad175cdbc19faa73a299a30f9e178ba,2900e29a9803447e60e7ea4c2f35743889ea6867eeed2a7ddf85cfb34f18c355,6fc316557bec5fe2176f6b5a1a6eba5b629eb3ce48d0d9031bd4ef88dc6a2aaf,0.14770051836967468,True,FISHR,LINEAR_COMBINATION,LINEAR_COMBINATION,LINEAR_COMBINATION,u007,LINEAR_COMBINATION,LINEAR_COMBINATION,LINEAR_COMBINATION,LINEAR_COMBINATION,True,LINEAR_COMBINATION,LINEAR_COMBINATION,12,0.10872887074947357,False
20,-1,0.21705476939678192,e4c301fe5e30ebb1be078731ac0cabd68ad175cdbc19faa73a299a30f9e178ba,3b324c10a70ce7008919250b2a0866f1a5eb104e95446115d06911c2a747c221,19da2451290ffa9e48be4139bc89881b3838d8d311a4844a8999856cd1c179c3,0.8677883744239807,True,FISHR,LINEAR_COMBINATION,LINEAR_COMBINATION,LINEAR_COMBINATION,u007,LINEAR_COMBINATION,LINEAR_COMBINATION,LINEAR_COMBINATION,LINEAR_COMBINATION,True,LINEAR_COMBINATION,LINEAR_COMBINATION,12,0.6229858994483948,False
1,-1,0.0029830955900251865,e4c301fe5e30ebb1be078731ac0cabd68ad175cdbc19faa73a299a30f9e178ba,82743d8382f86514bb17f1c8027bb8e790a70084d22c361955feb608e885ee5f,7360601cf09d97fd3c08e6f3e989ef273d6e60c675474cf873fc5cd7f2e32938,0.012496120296418667,True,FISHR,LINEAR_COMBINATION,LINEAR_COMBINATION,LINEAR_COMBINATION,u008,LINEAR_COMBINATION,LINEAR_COMBINATION,LINEAR_COMBINATION,LINEAR_COMBINATION,True,LINEAR_COMBINATION,LINEAR_COMBINATION,12,0.00917181558907032,False
5,-1,0.03569461405277252,e4c301fe5e30ebb1be078731ac0cabd68ad175cdbc19faa73a299a30f9e178ba,2900e29a9803447e60e7ea4c2f35743889ea6867eeed2a7ddf85cfb34f18c355,6fc316557bec5fe2176f6b5a1a6eba5b629eb3ce48d0d9031bd4ef88dc6a2aaf,0.14770051836967468,True,FISHR,LINEAR_COMBINATION,LINEAR_COMBINATION,LINEAR_COMBINATION,u008,LINEAR_COMBINATION,LINEAR_COMBINATION,LINEAR_COMBINATION,LINEAR_COMBINATION,True,LINEAR_COMBINATION,LINEAR_COMBINATION,12,0.10872887074947357,False
20,-1,0.21705476939678192,e4c301fe5e30ebb1be078731ac0cabd68ad175cdbc19faa73a299a30f9e178ba,3b324c10a70ce7008919250b2a0866f1a5eb104e95446115d06911c2a747c221,19da2451290ffa9e48be4139bc89881b3838d8d311a4844a8999856cd1c179c3,0.8677883744239807,True,FISHR,LINEAR_COMBINATION,LINEAR_COMBINATION,LINEAR_COMBINATION,u008,LINEAR_COMBINATION,LINEAR_COMBINATION,LINEAR_COMBINATION,LINEAR_COMBINATION,True,LINEAR_COMBINATION,LINEAR_COMBINATION,12,0.6229858994483948,False
1,-1,0.001846270402893424,e4c301fe5e30ebb1be078731ac0cabd68ad175cdbc19faa73a299a30f9e178ba,82743d8382f86514bb17f1c8027bb8e790a70084d22c361955feb608e885ee5f,7360601cf09d97fd3c08e6f3e989ef273d6e60c675474cf873fc5cd7f2e32938,0.004802551120519638,True,FISHR,LINEAR_COMBINATION,LINEAR_COMBINATION,LINEAR_COMBINATION,u009,LINEAR_COMBINATION,LINEAR_COMBINATION,LINEAR_COMBINATION,LINEAR_COMBINATION,True,LINEAR_COMBINATION,LINEAR_COMBINATION,12,0.0032660618890076876,False
5,-1,0.025666821748018265,e4c301fe5e30ebb1be078731ac0cabd68ad175cdbc19faa73a299a30f9e178ba,2900e29a9803447e60e7ea4c2f35743889ea6867eeed2a7ddf85cfb34f18c355,6fc316557bec5fe2176f6b5a1a6eba5b629eb3ce48d0d9031bd4ef88dc6a2aaf,0.05549446865916252,True,FISHR,LINEAR_COMBINATION,LINEAR_COMBINATION,LINEAR_COMBINATION,u009,LINEAR_COMBINATION,LINEAR_COMBINATION,LINEAR_COMBINATION,LINEAR_COMBINATION,True,LINEAR_COMBINATION,LINEAR_COMBINATION,12,0.049823567271232605,False
20,-1,0.22627727687358856,e4c301fe5e30ebb1be078731ac0cabd68ad175cdbc19faa73a299a30f9e178ba,3b324c10a70ce7008919250b2a0866f1a5eb104e95446115d06911c2a747c221,19da2451290ffa9e48be4139bc89881b3838d8d311a4844a8999856cd1c179c3,0.5017860531806946,True,FISHR,LINEAR_COMBINATION,LINEAR_COMBINATION,LINEAR_COMBINATION,u009,LINEAR_COMBINATION,LINEAR_COMBINATION,LINEAR_COMBINATION,LINEAR_COMBINATION,True,LINEAR_COMBINATION,LINEAR_COMBINATION,12,0.42843466997146606,False
1,-1,0.001846270402893424,e4c301fe5e30ebb1be078731ac0cabd68ad175cdbc19faa73a299a30f9e178ba,82743d8382f86514bb17f1c8027bb8e790a70084d22c361955feb608e885ee5f,7360601cf09d97fd3c08e6f3e989ef273d6e60c675474cf873fc5cd7f2e32938,0.004802551120519638,True,FISHR,LINEAR_COMBINATION,LINEAR_COMBINATION,LINEAR_COMBINATION,u010,LINEAR_COMBINATION,LINEAR_COMBINATION,LINEAR_COMBINATION,LINEAR_COMBINATION,True,LINEAR_COMBINATION,LINEAR_COMBINATION,12,0.0032660618890076876,False
5,-1,0.025666821748018265,e4c301fe5e30ebb1be078731ac0cabd68ad175cdbc19faa73a299a30f9e178ba,2900e29a9803447e60e7ea4c2f35743889ea6867eeed2a7ddf85cfb34f18c355,6fc316557bec5fe2176f6b5a1a6eba5b629eb3ce48d0d9031bd4ef88dc6a2aaf,0.05549446865916252,True,FISHR,LINEAR_COMBINATION,LINEAR_COMBINATION,LINEAR_COMBINATION,u010,LINEAR_COMBINATION,LINEAR_COMBINATION,LINEAR_COMBINATION,LINEAR_COMBINATION,True,LINEAR_COMBINATION,LINEAR_COMBINATION,12,0.049823567271232605,False
20,-1,0.22627727687358856,e4c301fe5e30ebb1be078731ac0cabd68ad175cdbc19faa73a299a30f9e178ba,3b324c10a70ce7008919250b2a0866f1a5eb104e95446115d06911c2a747c221,19da2451290ffa9e48be4139bc89881b3838d8d311a4844a8999856cd1c179c3,0.5017860531806946,True,FISHR,LINEAR_COMBINATION,LINEAR_COMBINATION,LINEAR_COMBINATION,u010,LINEAR_COMBINATION,LINEAR_COMBINATION,LINEAR_COMBINATION,LINEAR_COMBINATION,True,LINEAR_COMBINATION,LINEAR_COMBINATION,12,0.42843466997146606,False
1,0,0.8611308336257935,79d40950d0fdd2c0e2415b750e3485e6547a0d8dd497ba43f83d6dcc64a3df4b,d94d7d9f23691483e0b8fdd8f97b8fb83b8a37d8ca039b46f1b1dd80f3dfd794,17a20b0adff02ff0b871b60e5fa9cc2a97c563eb18bc9021e76bc4797c6aedfa,21.737436294555664,True,MLDG,79d40950d0fdd2c0e2415b750e3485e6547a0d8dd497ba43f83d6dcc64a3df4b,6e1c4ee004c8670945e8279e15d330c221723ef3ee7b90e8bfdaa9b8d2f7c7ca,90ec1269fe0d331aeec934089f4fe34a1e031e9e9cc1ef9be676576ac6b36cbe,u000,79d40950d0fdd2c0e2415b750e3485e6547a0d8dd497ba43f83d6dcc64a3df4b,d26cedd5c08662534297f08c607b47899f7c748375b93dcf8a144369e77d1221,076ad246194d2f88c7643ecc3282986dfb27bc6fbd13c47261b947edb05e1855,79d40950d0fdd2c0e2415b750e3485e6547a0d8dd497ba43f83d6dcc64a3df4b,True,d26cedd5c08662534297f08c607b47899f7c748375b93dcf8a144369e77d1221,076ad246194d2f88c7643ecc3282986dfb27bc6fbd13c47261b947edb05e1855,12,15.874343872070312,False
5,0,7.855806350708008,361870bd0e46ce40efb39efce6105509a5c93c8c24dc7c9ee41a98a70bb97d63,2881cc9b074c5dad75560878e7c28ac4fe575a013f4b61e2e4861ef60aa82bc8,3a8da2e6ba43ea6e435bb282d4104d467626761431deb5391195be0dcf73113a,176.0116424560547,True,MLDG,361870bd0e46ce40efb39efce6105509a5c93c8c24dc7c9ee41a98a70bb97d63,832c706285fbbe7028da8fa98f9f6b7616c85032c4ac1cda4cfb120231afb89f,f025614b910690e3af5210da78bbfc70be5a02ff3597c8231ae1e6b3c60dc2be,u000,361870bd0e46ce40efb39efce6105509a5c93c8c24dc7c9ee41a98a70bb97d63,7dc1464df2355df608aeb1debefd883fb3b594ce494d288ca01e67d9d4531b84,fc964c08f2e346478013a3cf4ec5584105b0c1b09bf2349f2b24e9bd0fed222a,361870bd0e46ce40efb39efce6105509a5c93c8c24dc7c9ee41a98a70bb97d63,True,7dc1464df2355df608aeb1debefd883fb3b594ce494d288ca01e67d9d4531b84,fc964c08f2e346478013a3cf4ec5584105b0c1b09bf2349f2b24e9bd0fed222a,12,133.01466369628906,False
20,0,18.148454666137695,149d12d047b5ac8bb14101175c42136736a297117dde6873b63341b8d62f25e9,90ca58de80efb526ed111c93db131722346efa94ce7e53be82f20c1378fb4eba,4d1008ce6ca179436d4c4dc64182dd1bc25082fc048993d37b0bd9b9cad7710f,145.89549255371094,True,MLDG,149d12d047b5ac8bb14101175c42136736a297117dde6873b63341b8d62f25e9,07a358ba2eff6e72b220cf8d16f39154d480f18a87d1d20ed8fd3fdd88cb9663,52fa68f55b9b3b0822ec2410f67115d879683f53230aef17bc3e85738912280b,u000,149d12d047b5ac8bb14101175c42136736a297117dde6873b63341b8d62f25e9,9043652d6cf67ff9515e76337421adeec13accf0d7865f1349774034a4c193ad,811f6feebae8b3a626bf14f1146b3d1a4f0176a0dba89e754fde921d740d7b42,149d12d047b5ac8bb14101175c42136736a297117dde6873b63341b8d62f25e9,True,9043652d6cf67ff9515e76337421adeec13accf0d7865f1349774034a4c193ad,811f6feebae8b3a626bf14f1146b3d1a4f0176a0dba89e754fde921d740d7b42,12,108.30105590820312,False
1,1,0.9535181522369385,79d40950d0fdd2c0e2415b750e3485e6547a0d8dd497ba43f83d6dcc64a3df4b,d94d7d9f23691483e0b8fdd8f97b8fb83b8a37d8ca039b46f1b1dd80f3dfd794,17a20b0adff02ff0b871b60e5fa9cc2a97c563eb18bc9021e76bc4797c6aedfa,22.120397567749023,True,MLDG,79d40950d0fdd2c0e2415b750e3485e6547a0d8dd497ba43f83d6dcc64a3df4b,6d1fe4377b8d4e07c02f07b5263ab42731116339ae5ce54a2c24bc20ee8e9fcb,64952592b175bc3ecc861085278f55830d5e955fa6451d380988b7a314759788,u001,79d40950d0fdd2c0e2415b750e3485e6547a0d8dd497ba43f83d6dcc64a3df4b,73287868cfc8ca3e030301a3426d672206a95f84b0029290bd42281495e2ca7e,ed0f579a6d5e29899729a2fe174b2c89dd50dd36517fd3e16046bb66b789525f,79d40950d0fdd2c0e2415b750e3485e6547a0d8dd497ba43f83d6dcc64a3df4b,True,73287868cfc8ca3e030301a3426d672206a95f84b0029290bd42281495e2ca7e,ed0f579a6d5e29899729a2fe174b2c89dd50dd36517fd3e16046bb66b789525f,12,16.219602584838867,False
5,1,7.65986967086792,361870bd0e46ce40efb39efce6105509a5c93c8c24dc7c9ee41a98a70bb97d63,2881cc9b074c5dad75560878e7c28ac4fe575a013f4b61e2e4861ef60aa82bc8,3a8da2e6ba43ea6e435bb282d4104d467626761431deb5391195be0dcf73113a,176.63258361816406,True,MLDG,361870bd0e46ce40efb39efce6105509a5c93c8c24dc7c9ee41a98a70bb97d63,37a9b50974f8ad97673fd505e08974daa9d8ce69c56ce7d441a18ab13260259b,7c853ebf44c97222dc3d4d501be82be8cbff924d4b8b513637a6189e19385912,u001,361870bd0e46ce40efb39efce6105509a5c93c8c24dc7c9ee41a98a70bb97d63,8aa11e4772a4442751461809a703dc6da11da25a43eac1ca80d0f27d32d3980d,765320eff5a39f5f4434709f72b4b509dc8e401ff687c15dd19b315f984171c1,361870bd0e46ce40efb39efce6105509a5c93c8c24dc7c9ee41a98a70bb97d63,True,8aa11e4772a4442751461809a703dc6da11da25a43eac1ca80d0f27d32d3980d,765320eff5a39f5f4434709f72b4b509dc8e401ff687c15dd19b315f984171c1,12,133.56649780273438,False
20,1,21.28648567199707,149d12d047b5ac8bb14101175c42136736a297117dde6873b63341b8d62f25e9,90ca58de80efb526ed111c93db131722346efa94ce7e53be82f20c1378fb4eba,4d1008ce6ca179436d4c4dc64182dd1bc25082fc048993d37b0bd9b9cad7710f,145.1683349609375,True,MLDG,149d12d047b5ac8bb14101175c42136736a297117dde6873b63341b8d62f25e9,f20b0f0c4f948c60eaa965abaa63236b9906f402cbf970440854d940091102a8,91529a75a022c3edbd7b62dd6ded6e147323990b4024e7cdcddb10fd287264ce,u001,149d12d047b5ac8bb14101175c42136736a297117dde6873b63341b8d62f25e9,7071cb080083a1719774850bb66ba001d89651b1a36093ee39e93a0ea6ee97be,c27bfbd2731da1821dc94401c0b23e4a288672f22f7d569b80afbdc552a8aecb,149d12d047b5ac8bb14101175c42136736a297117dde6873b63341b8d62f25e9,True,7071cb080083a1719774850bb66ba001d89651b1a36093ee39e93a0ea6ee97be,c27bfbd2731da1821dc94401c0b23e4a288672f22f7d569b80afbdc552a8aecb,12,108.85298156738281,False
1,2,0.0,79d40950d0fdd2c0e2415b750e3485e6547a0d8dd497ba43f83d6dcc64a3df4b,d94d7d9f23691483e0b8fdd8f97b8fb83b8a37d8ca039b46f1b1dd80f3dfd794,17a20b0adff02ff0b871b60e5fa9cc2a97c563eb18bc9021e76bc4797c6aedfa,0.0,True,MLDG,LINEAR_COMBINATION,LINEAR_COMBINATION,LINEAR_COMBINATION,u002,LINEAR_COMBINATION,LINEAR_COMBINATION,LINEAR_COMBINATION,LINEAR_COMBINATION,True,LINEAR_COMBINATION,LINEAR_COMBINATION,12,0.0,False
5,2,0.0,361870bd0e46ce40efb39efce6105509a5c93c8c24dc7c9ee41a98a70bb97d63,2881cc9b074c5dad75560878e7c28ac4fe575a013f4b61e2e4861ef60aa82bc8,3a8da2e6ba43ea6e435bb282d4104d467626761431deb5391195be0dcf73113a,0.0,True,MLDG,LINEAR_COMBINATION,LINEAR_COMBINATION,LINEAR_COMBINATION,u002,LINEAR_COMBINATION,LINEAR_COMBINATION,LINEAR_COMBINATION,LINEAR_COMBINATION,True,LINEAR_COMBINATION,LINEAR_COMBINATION,12,0.0,False
20,2,0.0,149d12d047b5ac8bb14101175c42136736a297117dde6873b63341b8d62f25e9,90ca58de80efb526ed111c93db131722346efa94ce7e53be82f20c1378fb4eba,4d1008ce6ca179436d4c4dc64182dd1bc25082fc048993d37b0bd9b9cad7710f,0.0,True,MLDG,LINEAR_COMBINATION,LINEAR_COMBINATION,LINEAR_COMBINATION,u002,LINEAR_COMBINATION,LINEAR_COMBINATION,LINEAR_COMBINATION,LINEAR_COMBINATION,True,LINEAR_COMBINATION,LINEAR_COMBINATION,12,0.0,False
1,3,1.9940135478973389,79d40950d0fdd2c0e2415b750e3485e6547a0d8dd497ba43f83d6dcc64a3df4b,d94d7d9f23691483e0b8fdd8f97b8fb83b8a37d8ca039b46f1b1dd80f3dfd794,17a20b0adff02ff0b871b60e5fa9cc2a97c563eb18bc9021e76bc4797c6aedfa,6.555261135101318,True,MLDG,79d40950d0fdd2c0e2415b750e3485e6547a0d8dd497ba43f83d6dcc64a3df4b,cf2d39d94bc61676efe8058d6ddfd91e02c04430a94b58f7275fe9bffac4a9a3,943ba1d7dafb265c5cf389010e9b5da2720968288b9e820b799717b010932a98,u003,79d40950d0fdd2c0e2415b750e3485e6547a0d8dd497ba43f83d6dcc64a3df4b,141344dffa192e711c064fa16cfdfbf51d45d851d385689dd4a73519e5bc099c,65474a311fa9867ee128520b6fd35e981a8146e7d7d8d1aedf18c8d8a43a63e8,79d40950d0fdd2c0e2415b750e3485e6547a0d8dd497ba43f83d6dcc64a3df4b,True,141344dffa192e711c064fa16cfdfbf51d45d851d385689dd4a73519e5bc099c,65474a311fa9867ee128520b6fd35e981a8146e7d7d8d1aedf18c8d8a43a63e8,12,3.3086180686950684,False
5,3,19.626684188842773,361870bd0e46ce40efb39efce6105509a5c93c8c24dc7c9ee41a98a70bb97d63,2881cc9b074c5dad75560878e7c28ac4fe575a013f4b61e2e4861ef60aa82bc8,3a8da2e6ba43ea6e435bb282d4104d467626761431deb5391195be0dcf73113a,54.76921844482422,True,MLDG,361870bd0e46ce40efb39efce6105509a5c93c8c24dc7c9ee41a98a70bb97d63,9541437a2ee14f4c2cf141fbae29953d978b15031a89fcacb4bf0238e05966d0,5aa7f2123857edbcfa691aa089fdc393a6f00992a96dcb8d8ca9d064d14de6e2,u003,361870bd0e46ce40efb39efce6105509a5c93c8c24dc7c9ee41a98a70bb97d63,4e5e0da90162049b0e9b82d8e353d2ad9ac2f15c6f06ceebd4b1c1025b16f21a,e4d7e7f604e80006744e8d53045fc4a656961a749b98d2f0cb84fb3f60ce0020,361870bd0e46ce40efb39efce6105509a5c93c8c24dc7c9ee41a98a70bb97d63,True,4e5e0da90162049b0e9b82d8e353d2ad9ac2f15c6f06ceebd4b1c1025b16f21a,e4d7e7f604e80006744e8d53045fc4a656961a749b98d2f0cb84fb3f60ce0020,12,24.144052505493164,False
20,3,79.03406524658203,149d12d047b5ac8bb14101175c42136736a297117dde6873b63341b8d62f25e9,90ca58de80efb526ed111c93db131722346efa94ce7e53be82f20c1378fb4eba,4d1008ce6ca179436d4c4dc64182dd1bc25082fc048993d37b0bd9b9cad7710f,128.47903442382812,True,MLDG,149d12d047b5ac8bb14101175c42136736a297117dde6873b63341b8d62f25e9,5c4fb7515d0f17a57f630e7403785c8dc6b453a8e332f809c7b054c3046bf49b,4289b88e365212aa0b70dcdbe7205b64ce62d5db5dbeb2661f77f3771ca9f55a,u003,149d12d047b5ac8bb14101175c42136736a297117dde6873b63341b8d62f25e9,b208a1762c6a8048ac244f63dd7ca30c2e2dec327a4f2fbddabfa2a1209a5907,861a6749b69192ae89117a025a3d859b34cd9f996e024c8aea9b1c7d66d5c954,149d12d047b5ac8bb14101175c42136736a297117dde6873b63341b8d62f25e9,True,b208a1762c6a8048ac244f63dd7ca30c2e2dec327a4f2fbddabfa2a1209a5907,861a6749b69192ae89117a025a3d859b34cd9f996e024c8aea9b1c7d66d5c954,12,82.3894271850586,False
1,4,0.0,79d40950d0fdd2c0e2415b750e3485e6547a0d8dd497ba43f83d6dcc64a3df4b,d94d7d9f23691483e0b8fdd8f97b8fb83b8a37d8ca039b46f1b1dd80f3dfd794,17a20b0adff02ff0b871b60e5fa9cc2a97c563eb18bc9021e76bc4797c6aedfa,0.0,True,MLDG,LINEAR_COMBINATION,LINEAR_COMBINATION,LINEAR_COMBINATION,u004,LINEAR_COMBINATION,LINEAR_COMBINATION,LINEAR_COMBINATION,LINEAR_COMBINATION,True,LINEAR_COMBINATION,LINEAR_COMBINATION,12,0.0,False
5,4,0.0,361870bd0e46ce40efb39efce6105509a5c93c8c24dc7c9ee41a98a70bb97d63,2881cc9b074c5dad75560878e7c28ac4fe575a013f4b61e2e4861ef60aa82bc8,3a8da2e6ba43ea6e435bb282d4104d467626761431deb5391195be0dcf73113a,0.0,True,MLDG,LINEAR_COMBINATION,LINEAR_COMBINATION,LINEAR_COMBINATION,u004,LINEAR_COMBINATION,LINEAR_COMBINATION,LINEAR_COMBINATION,LINEAR_COMBINATION,True,LINEAR_COMBINATION,LINEAR_COMBINATION,12,0.0,False
20,4,0.0,149d12d047b5ac8bb14101175c42136736a297117dde6873b63341b8d62f25e9,90ca58de80efb526ed111c93db131722346efa94ce7e53be82f20c1378fb4eba,4d1008ce6ca179436d4c4dc64182dd1bc25082fc048993d37b0bd9b9cad7710f,0.0,True,MLDG,LINEAR_COMBINATION,LINEAR_COMBINATION,LINEAR_COMBINATION,u004,LINEAR_COMBINATION,LINEAR_COMBINATION,LINEAR_COMBINATION,LINEAR_COMBINATION,True,LINEAR_COMBINATION,LINEAR_COMBINATION,12,0.0,False
1,-1,1.2547658681869507,79d40950d0fdd2c0e2415b750e3485e6547a0d8dd497ba43f83d6dcc64a3df4b,d94d7d9f23691483e0b8fdd8f97b8fb83b8a37d8ca039b46f1b1dd80f3dfd794,17a20b0adff02ff0b871b60e5fa9cc2a97c563eb18bc9021e76bc4797c6aedfa,31.00765037536621,True,MLDG,LINEAR_COMBINATION,LINEAR_COMBINATION,LINEAR_COMBINATION,u005,LINEAR_COMBINATION,LINEAR_COMBINATION,LINEAR_COMBINATION,LINEAR_COMBINATION,True,LINEAR_COMBINATION,LINEAR_COMBINATION,12,22.691028594970703,False
5,-1,10.912285804748535,361870bd0e46ce40efb39efce6105509a5c93c8c24dc7c9ee41a98a70bb97d63,2881cc9b074c5dad75560878e7c28ac4fe575a013f4b61e2e4861ef60aa82bc8,3a8da2e6ba43ea6e435bb282d4104d467626761431deb5391195be0dcf73113a,249.33578491210938,True,MLDG,LINEAR_COMBINATION,LINEAR_COMBINATION,LINEAR_COMBINATION,u005,LINEAR_COMBINATION,LINEAR_COMBINATION,LINEAR_COMBINATION,LINEAR_COMBINATION,True,LINEAR_COMBINATION,LINEAR_COMBINATION,12,188.49266052246094,False
20,-1,27.768159866333008,149d12d047b5ac8bb14101175c42136736a297117dde6873b63341b8d62f25e9,90ca58de80efb526ed111c93db131722346efa94ce7e53be82f20c1378fb4eba,4d1008ce6ca179436d4c4dc64182dd1bc25082fc048993d37b0bd9b9cad7710f,205.71705627441406,True,MLDG,LINEAR_COMBINATION,LINEAR_COMBINATION,LINEAR_COMBINATION,u005,LINEAR_COMBINATION,LINEAR_COMBINATION,LINEAR_COMBINATION,LINEAR_COMBINATION,True,LINEAR_COMBINATION,LINEAR_COMBINATION,12,153.50318908691406,False
1,-1,0.2762337028980255,79d40950d0fdd2c0e2415b750e3485e6547a0d8dd497ba43f83d6dcc64a3df4b,d94d7d9f23691483e0b8fdd8f97b8fb83b8a37d8ca039b46f1b1dd80f3dfd794,17a20b0adff02ff0b871b60e5fa9cc2a97c563eb18bc9021e76bc4797c6aedfa,0.5947487950325012,True,MLDG,LINEAR_COMBINATION,LINEAR_COMBINATION,LINEAR_COMBINATION,u006,LINEAR_COMBINATION,LINEAR_COMBINATION,LINEAR_COMBINATION,LINEAR_COMBINATION,True,LINEAR_COMBINATION,LINEAR_COMBINATION,12,0.43292444944381714,False
5,-1,1.1442400217056274,361870bd0e46ce40efb39efce6105509a5c93c8c24dc7c9ee41a98a70bb97d63,2881cc9b074c5dad75560878e7c28ac4fe575a013f4b61e2e4861ef60aa82bc8,3a8da2e6ba43ea6e435bb282d4104d467626761431deb5391195be0dcf73113a,3.29050612449646,True,MLDG,LINEAR_COMBINATION,LINEAR_COMBINATION,LINEAR_COMBINATION,u006,LINEAR_COMBINATION,LINEAR_COMBINATION,LINEAR_COMBINATION,LINEAR_COMBINATION,True,LINEAR_COMBINATION,LINEAR_COMBINATION,12,1.850260853767395,False
20,-1,3.37787127494812,149d12d047b5ac8bb14101175c42136736a297117dde6873b63341b8d62f25e9,90ca58de80efb526ed111c93db131722346efa94ce7e53be82f20c1378fb4eba,4d1008ce6ca179436d4c4dc64182dd1bc25082fc048993d37b0bd9b9cad7710f,6.310701847076416,True,MLDG,LINEAR_COMBINATION,LINEAR_COMBINATION,LINEAR_COMBINATION,u006,LINEAR_COMBINATION,LINEAR_COMBINATION,LINEAR_COMBINATION,LINEAR_COMBINATION,True,LINEAR_COMBINATION,LINEAR_COMBINATION,12,3.8552229404449463,False
1,-1,0.88725346326828,79d40950d0fdd2c0e2415b750e3485e6547a0d8dd497ba43f83d6dcc64a3df4b,d94d7d9f23691483e0b8fdd8f97b8fb83b8a37d8ca039b46f1b1dd80f3dfd794,17a20b0adff02ff0b871b60e5fa9cc2a97c563eb18bc9021e76bc4797c6aedfa,21.92572021484375,True,MLDG,LINEAR_COMBINATION,LINEAR_COMBINATION,LINEAR_COMBINATION,u007,LINEAR_COMBINATION,LINEAR_COMBINATION,LINEAR_COMBINATION,LINEAR_COMBINATION,True,LINEAR_COMBINATION,LINEAR_COMBINATION,12,16.044981002807617,False
5,-1,7.716150760650635,361870bd0e46ce40efb39efce6105509a5c93c8c24dc7c9ee41a98a70bb97d63,2881cc9b074c5dad75560878e7c28ac4fe575a013f4b61e2e4861ef60aa82bc8,3a8da2e6ba43ea6e435bb282d4104d467626761431deb5391195be0dcf73113a,176.30703735351562,True,MLDG,LINEAR_COMBINATION,LINEAR_COMBINATION,LINEAR_COMBINATION,u007,LINEAR_COMBINATION,LINEAR_COMBINATION,LINEAR_COMBINATION,LINEAR_COMBINATION,True,LINEAR_COMBINATION,LINEAR_COMBINATION,12,133.28443908691406,False
20,-1,19.635055541992188,149d12d047b5ac8bb14101175c42136736a297117dde6873b63341b8d62f25e9,90ca58de80efb526ed111c93db131722346efa94ce7e53be82f20c1378fb4eba,4d1008ce6ca179436d4c4dc64182dd1bc25082fc048993d37b0bd9b9cad7710f,145.46392822265625,True,MLDG,LINEAR_COMBINATION,LINEAR_COMBINATION,LINEAR_COMBINATION,u007,LINEAR_COMBINATION,LINEAR_COMBINATION,LINEAR_COMBINATION,LINEAR_COMBINATION,True,LINEAR_COMBINATION,LINEAR_COMBINATION,12,108.54314422607422,False
1,-1,0.88725346326828,79d40950d0fdd2c0e2415b750e3485e6547a0d8dd497ba43f83d6dcc64a3df4b,d94d7d9f23691483e0b8fdd8f97b8fb83b8a37d8ca039b46f1b1dd80f3dfd794,17a20b0adff02ff0b871b60e5fa9cc2a97c563eb18bc9021e76bc4797c6aedfa,21.92572021484375,True,MLDG,LINEAR_COMBINATION,LINEAR_COMBINATION,LINEAR_COMBINATION,u008,LINEAR_COMBINATION,LINEAR_COMBINATION,LINEAR_COMBINATION,LINEAR_COMBINATION,True,LINEAR_COMBINATION,LINEAR_COMBINATION,12,16.044981002807617,False
5,-1,7.716150760650635,361870bd0e46ce40efb39efce6105509a5c93c8c24dc7c9ee41a98a70bb97d63,2881cc9b074c5dad75560878e7c28ac4fe575a013f4b61e2e4861ef60aa82bc8,3a8da2e6ba43ea6e435bb282d4104d467626761431deb5391195be0dcf73113a,176.30703735351562,True,MLDG,LINEAR_COMBINATION,LINEAR_COMBINATION,LINEAR_COMBINATION,u008,LINEAR_COMBINATION,LINEAR_COMBINATION,LINEAR_COMBINATION,LINEAR_COMBINATION,True,LINEAR_COMBINATION,LINEAR_COMBINATION,12,133.28443908691406,False
20,-1,19.635055541992188,149d12d047b5ac8bb14101175c42136736a297117dde6873b63341b8d62f25e9,90ca58de80efb526ed111c93db131722346efa94ce7e53be82f20c1378fb4eba,4d1008ce6ca179436d4c4dc64182dd1bc25082fc048993d37b0bd9b9cad7710f,145.46392822265625,True,MLDG,LINEAR_COMBINATION,LINEAR_COMBINATION,LINEAR_COMBINATION,u008,LINEAR_COMBINATION,LINEAR_COMBINATION,LINEAR_COMBINATION,LINEAR_COMBINATION,True,LINEAR_COMBINATION,LINEAR_COMBINATION,12,108.54314422607422,False
1,-1,1.4099804162979126,79d40950d0fdd2c0e2415b750e3485e6547a0d8dd497ba43f83d6dcc64a3df4b,d94d7d9f23691483e0b8fdd8f97b8fb83b8a37d8ca039b46f1b1dd80f3dfd794,17a20b0adff02ff0b871b60e5fa9cc2a97c563eb18bc9021e76bc4797c6aedfa,4.635269641876221,True,MLDG,LINEAR_COMBINATION,LINEAR_COMBINATION,LINEAR_COMBINATION,u009,LINEAR_COMBINATION,LINEAR_COMBINATION,LINEAR_COMBINATION,LINEAR_COMBINATION,True,LINEAR_COMBINATION,LINEAR_COMBINATION,12,2.339545965194702,False
5,-1,13.878162384033203,361870bd0e46ce40efb39efce6105509a5c93c8c24dc7c9ee41a98a70bb97d63,2881cc9b074c5dad75560878e7c28ac4fe575a013f4b61e2e4861ef60aa82bc8,3a8da2e6ba43ea6e435bb282d4104d467626761431deb5391195be0dcf73113a,38.727684020996094,True,MLDG,LINEAR_COMBINATION,LINEAR_COMBINATION,LINEAR_COMBINATION,u009,LINEAR_COMBINATION,LINEAR_COMBINATION,LINEAR_COMBINATION,LINEAR_COMBINATION,True,LINEAR_COMBINATION,LINEAR_COMBINATION,12,17.072423934936523,False
20,-1,55.885520935058594,149d12d047b5ac8bb14101175c42136736a297117dde6873b63341b8d62f25e9,90ca58de80efb526ed111c93db131722346efa94ce7e53be82f20c1378fb4eba,4d1008ce6ca179436d4c4dc64182dd1bc25082fc048993d37b0bd9b9cad7710f,90.84839630126953,True,MLDG,LINEAR_COMBINATION,LINEAR_COMBINATION,LINEAR_COMBINATION,u009,LINEAR_COMBINATION,LINEAR_COMBINATION,LINEAR_COMBINATION,LINEAR_COMBINATION,True,LINEAR_COMBINATION,LINEAR_COMBINATION,12,58.258121490478516,False
1,-1,1.4099804162979126,79d40950d0fdd2c0e2415b750e3485e6547a0d8dd497ba43f83d6dcc64a3df4b,d94d7d9f23691483e0b8fdd8f97b8fb83b8a37d8ca039b46f1b1dd80f3dfd794,17a20b0adff02ff0b871b60e5fa9cc2a97c563eb18bc9021e76bc4797c6aedfa,4.635269641876221,True,MLDG,LINEAR_COMBINATION,LINEAR_COMBINATION,LINEAR_COMBINATION,u010,LINEAR_COMBINATION,LINEAR_COMBINATION,LINEAR_COMBINATION,LINEAR_COMBINATION,True,LINEAR_COMBINATION,LINEAR_COMBINATION,12,2.339545965194702,False
5,-1,13.878162384033203,361870bd0e46ce40efb39efce6105509a5c93c8c24dc7c9ee41a98a70bb97d63,2881cc9b074c5dad75560878e7c28ac4fe575a013f4b61e2e4861ef60aa82bc8,3a8da2e6ba43ea6e435bb282d4104d467626761431deb5391195be0dcf73113a,38.727684020996094,True,MLDG,LINEAR_COMBINATION,LINEAR_COMBINATION,LINEAR_COMBINATION,u010,LINEAR_COMBINATION,LINEAR_COMBINATION,LINEAR_COMBINATION,LINEAR_COMBINATION,True,LINEAR_COMBINATION,LINEAR_COMBINATION,12,17.072423934936523,False
20,-1,55.885520935058594,149d12d047b5ac8bb14101175c42136736a297117dde6873b63341b8d62f25e9,90ca58de80efb526ed111c93db131722346efa94ce7e53be82f20c1378fb4eba,4d1008ce6ca179436d4c4dc64182dd1bc25082fc048993d37b0bd9b9cad7710f,90.84839630126953,True,MLDG,LINEAR_COMBINATION,LINEAR_COMBINATION,LINEAR_COMBINATION,u010,LINEAR_COMBINATION,LINEAR_COMBINATION,LINEAR_COMBINATION,LINEAR_COMBINATION,True,LINEAR_COMBINATION,LINEAR_COMBINATION,12,58.258121490478516,False
1,0,1.709395170211792,9cc5f90182dc278b78eda0756a96d1b732533ff1945b87b3a3c00a326a2cdfbc,83e8f2f071c705adb690da358aaec4f95ca72917c9790bc8680c8a6ad23607c3,42a79ba2dc713111723b06bf60d64cd361f64937a3548d5b1d18788ad6375348,20.59394645690918,True,WEIGHT_NUCLEAR,9cc5f90182dc278b78eda0756a96d1b732533ff1945b87b3a3c00a326a2cdfbc,bf6760864bba4002e07f083f46b6e2069901bf15c915c819cecf9ea53e2efc8d,656fcc68941b637f6f6587bfb96e76163a4b9f470724c27cf2e7834b0675a6f7,u000,9cc5f90182dc278b78eda0756a96d1b732533ff1945b87b3a3c00a326a2cdfbc,da0fc85f91fd676cc3970a7d68da040fdd38860478dc9176b282c7e575c00210,b3af0c4ba255d3d4015d4ec6fee861f8ed0dd7a7cad1762442556ed3c297a30e,9cc5f90182dc278b78eda0756a96d1b732533ff1945b87b3a3c00a326a2cdfbc,True,da0fc85f91fd676cc3970a7d68da040fdd38860478dc9176b282c7e575c00210,b3af0c4ba255d3d4015d4ec6fee861f8ed0dd7a7cad1762442556ed3c297a30e,12,14.324162483215332,False
5,0,10.658903121948242,9cc5f90182dc278b78eda0756a96d1b732533ff1945b87b3a3c00a326a2cdfbc,588ede34482148254b9954b8601cb03921336b272fe1520a1f2ab89e983c84f9,5b76d99dba5720c47638a6eddbdcf7c40b9f9ebb32a31d0eee5e56cee67f1706,164.87147521972656,True,WEIGHT_NUCLEAR,9cc5f90182dc278b78eda0756a96d1b732533ff1945b87b3a3c00a326a2cdfbc,ed03f7e2ff5385defe51e9dadd913177bdbe83e1464f7a03b8d582243711ea7b,5cf0b725307c599a2c4a29a3e13dcbe4fc0b56dd36a04d29bcf823c442ef0626,u000,9cc5f90182dc278b78eda0756a96d1b732533ff1945b87b3a3c00a326a2cdfbc,418b0689d1fcd8c48415065fce456916ab99979db12416588b9f0e532e60e8c0,dfdf54ecef4fb568fb221bebf2229351075c3c70e546935402fa35cbc90a1b96,9cc5f90182dc278b78eda0756a96d1b732533ff1945b87b3a3c00a326a2cdfbc,True,418b0689d1fcd8c48415065fce456916ab99979db12416588b9f0e532e60e8c0,dfdf54ecef4fb568fb221bebf2229351075c3c70e546935402fa35cbc90a1b96,12,115.7258071899414,False
20,0,14.52679443359375,9cc5f90182dc278b78eda0756a96d1b732533ff1945b87b3a3c00a326a2cdfbc,8b4619fb20650ae3197f3ec1b257a5ce16e38bf6f5ad2e52b09e63e7d87ead55,8a8a08b6cd081957e98194c84ad2e5047de3482671ddd8079d84bee7e45cfeae,144.4232940673828,True,WEIGHT_NUCLEAR,9cc5f90182dc278b78eda0756a96d1b732533ff1945b87b3a3c00a326a2cdfbc,a560d0e6cfda0ffd0d1c6d3ac4a3dff0fc5f939cc640ec63d8842727ac044c87,aaf948dad4cf1f1f654315c094a9c64539bd144b4c07f2581798a42dc8ea5aa5,u000,9cc5f90182dc278b78eda0756a96d1b732533ff1945b87b3a3c00a326a2cdfbc,12265bb5d5aad5acdd9a93d546f38eb1e262f76e816e07ba77af7fc2775b25f9,00fe65a9141fe60e4e07409c115956d5f52b2d276bedfc5411aa6af0364bad68,9cc5f90182dc278b78eda0756a96d1b732533ff1945b87b3a3c00a326a2cdfbc,True,12265bb5d5aad5acdd9a93d546f38eb1e262f76e816e07ba77af7fc2775b25f9,00fe65a9141fe60e4e07409c115956d5f52b2d276bedfc5411aa6af0364bad68,12,104.41199493408203,False
1,1,1.520310640335083,9cc5f90182dc278b78eda0756a96d1b732533ff1945b87b3a3c00a326a2cdfbc,83e8f2f071c705adb690da358aaec4f95ca72917c9790bc8680c8a6ad23607c3,42a79ba2dc713111723b06bf60d64cd361f64937a3548d5b1d18788ad6375348,20.844446182250977,True,WEIGHT_NUCLEAR,9cc5f90182dc278b78eda0756a96d1b732533ff1945b87b3a3c00a326a2cdfbc,25b5087f1e8d6b34792a23a70b9217f59a79f33cb854ae6d55de2a204cb0dda4,37211db90e98499755c6795b24394f07b7a132ec4a64b30a2ea271c165e7b5b9,u001,9cc5f90182dc278b78eda0756a96d1b732533ff1945b87b3a3c00a326a2cdfbc,322ec4c161d83d4923d6a7a33a68e6dc20a0574348ddad0ad43bd2ea8ed80a1a,a7943f7f727544361e34368c582ca7d37fbdaf560394bde33190e97e10d1ed4c,9cc5f90182dc278b78eda0756a96d1b732533ff1945b87b3a3c00a326a2cdfbc,True,322ec4c161d83d4923d6a7a33a68e6dc20a0574348ddad0ad43bd2ea8ed80a1a,a7943f7f727544361e34368c582ca7d37fbdaf560394bde33190e97e10d1ed4c,12,14.502997398376465,False
5,1,9.749305725097656,9cc5f90182dc278b78eda0756a96d1b732533ff1945b87b3a3c00a326a2cdfbc,588ede34482148254b9954b8601cb03921336b272fe1520a1f2ab89e983c84f9,5b76d99dba5720c47638a6eddbdcf7c40b9f9ebb32a31d0eee5e56cee67f1706,165.22361755371094,True,WEIGHT_NUCLEAR,9cc5f90182dc278b78eda0756a96d1b732533ff1945b87b3a3c00a326a2cdfbc,6103926ce760c1f84cbeb61e4dea8287987edc1740a9c0eec40c4e69c914ba21,07b871b226434a067490061e0cf0d5c320f538f3ead53c07cb4d47ff7d7c11c7,u001,9cc5f90182dc278b78eda0756a96d1b732533ff1945b87b3a3c00a326a2cdfbc,3fa65477c6c6aafe2096a01a6a2b7bdb7c40d374b2b3037d75362f5bfb482ac1,3e14b13a78c94042a301be9ab49d56a86947bc50bcffb2970ab0065fd12bf1db,9cc5f90182dc278b78eda0756a96d1b732533ff1945b87b3a3c00a326a2cdfbc,True,3fa65477c6c6aafe2096a01a6a2b7bdb7c40d374b2b3037d75362f5bfb482ac1,3e14b13a78c94042a301be9ab49d56a86947bc50bcffb2970ab0065fd12bf1db,12,115.87905883789062,False
20,1,14.760318756103516,9cc5f90182dc278b78eda0756a96d1b732533ff1945b87b3a3c00a326a2cdfbc,8b4619fb20650ae3197f3ec1b257a5ce16e38bf6f5ad2e52b09e63e7d87ead55,8a8a08b6cd081957e98194c84ad2e5047de3482671ddd8079d84bee7e45cfeae,143.8302764892578,True,WEIGHT_NUCLEAR,9cc5f90182dc278b78eda0756a96d1b732533ff1945b87b3a3c00a326a2cdfbc,c007768203b40fce15226ca37fd9c9764e5801f5fa7b076451eebd47a53811a4,4adcc90e3d566c38ed9f3d058ee059dcead45e8ffb01f7dc4bfeffcb37780189,u001,9cc5f90182dc278b78eda0756a96d1b732533ff1945b87b3a3c00a326a2cdfbc,a8dd0b6b64cfdd084e10b30645040d2f47ce58e90b19d994cc8b644e0e3d6010,1de2fe1d4a2eccff7858488ad9105defbb07580f0a88722f0f29d56d79547a36,9cc5f90182dc278b78eda0756a96d1b732533ff1945b87b3a3c00a326a2cdfbc,True,a8dd0b6b64cfdd084e10b30645040d2f47ce58e90b19d994cc8b644e0e3d6010,1de2fe1d4a2eccff7858488ad9105defbb07580f0a88722f0f29d56d79547a36,12,105.07005310058594,False
1,2,0.0,9cc5f90182dc278b78eda0756a96d1b732533ff1945b87b3a3c00a326a2cdfbc,83e8f2f071c705adb690da358aaec4f95ca72917c9790bc8680c8a6ad23607c3,42a79ba2dc713111723b06bf60d64cd361f64937a3548d5b1d18788ad6375348,0.0,True,WEIGHT_NUCLEAR,LINEAR_COMBINATION,LINEAR_COMBINATION,LINEAR_COMBINATION,u002,LINEAR_COMBINATION,LINEAR_COMBINATION,LINEAR_COMBINATION,LINEAR_COMBINATION,True,LINEAR_COMBINATION,LINEAR_COMBINATION,12,0.0,False
5,2,0.0,9cc5f90182dc278b78eda0756a96d1b732533ff1945b87b3a3c00a326a2cdfbc,588ede34482148254b9954b8601cb03921336b272fe1520a1f2ab89e983c84f9,5b76d99dba5720c47638a6eddbdcf7c40b9f9ebb32a31d0eee5e56cee67f1706,0.0,True,WEIGHT_NUCLEAR,LINEAR_COMBINATION,LINEAR_COMBINATION,LINEAR_COMBINATION,u002,LINEAR_COMBINATION,LINEAR_COMBINATION,LINEAR_COMBINATION,LINEAR_COMBINATION,True,LINEAR_COMBINATION,LINEAR_COMBINATION,12,0.0,False
20,2,0.0,9cc5f90182dc278b78eda0756a96d1b732533ff1945b87b3a3c00a326a2cdfbc,8b4619fb20650ae3197f3ec1b257a5ce16e38bf6f5ad2e52b09e63e7d87ead55,8a8a08b6cd081957e98194c84ad2e5047de3482671ddd8079d84bee7e45cfeae,0.0,True,WEIGHT_NUCLEAR,LINEAR_COMBINATION,LINEAR_COMBINATION,LINEAR_COMBINATION,u002,LINEAR_COMBINATION,LINEAR_COMBINATION,LINEAR_COMBINATION,LINEAR_COMBINATION,True,LINEAR_COMBINATION,LINEAR_COMBINATION,12,0.0,False
1,3,1.5677677392959595,9cc5f90182dc278b78eda0756a96d1b732533ff1945b87b3a3c00a326a2cdfbc,83e8f2f071c705adb690da358aaec4f95ca72917c9790bc8680c8a6ad23607c3,42a79ba2dc713111723b06bf60d64cd361f64937a3548d5b1d18788ad6375348,6.395577907562256,True,WEIGHT_NUCLEAR,9cc5f90182dc278b78eda0756a96d1b732533ff1945b87b3a3c00a326a2cdfbc,3e1af37ee9b4016fbc9bb35e0a68bd4ddbae232f2d58dcad4e2d4ff006488e99,4b8d5bea3e5d74d35d5629c644e7c83591f29436db5cb175c1c00f6fbf5d1e87,u003,9cc5f90182dc278b78eda0756a96d1b732533ff1945b87b3a3c00a326a2cdfbc,b5aa0ab57c5f8bd2e9b5aa4ab7e732eedb5e21889fc0f466c496678340f7d9e7,4bbd5e39afc818d534b9402376d4670c9068d4b00efd02b9123f8ce03a548fa8,9cc5f90182dc278b78eda0756a96d1b732533ff1945b87b3a3c00a326a2cdfbc,True,b5aa0ab57c5f8bd2e9b5aa4ab7e732eedb5e21889fc0f466c496678340f7d9e7,4bbd5e39afc818d534b9402376d4670c9068d4b00efd02b9123f8ce03a548fa8,12,3.304379463195801,False
5,3,13.698952674865723,9cc5f90182dc278b78eda0756a96d1b732533ff1945b87b3a3c00a326a2cdfbc,588ede34482148254b9954b8601cb03921336b272fe1520a1f2ab89e983c84f9,5b76d99dba5720c47638a6eddbdcf7c40b9f9ebb32a31d0eee5e56cee67f1706,52.47529983520508,True,WEIGHT_NUCLEAR,9cc5f90182dc278b78eda0756a96d1b732533ff1945b87b3a3c00a326a2cdfbc,2d26463b5f65bad0e1a64304e097769fae298e28f6d4edea787b12194ca7f6bf,06a7f889ef4e11210dd362bdea804da85fd1936c3903ac8ab7276ddaeee1c96a,u003,9cc5f90182dc278b78eda0756a96d1b732533ff1945b87b3a3c00a326a2cdfbc,0b19b2673555095f91c1b47e30eb5dd126a7835784e912fc5a9b8f9826785e23,7692d7486f7f0c7db3cd9080f54f52b064c3faebd476e60e2d16a925e6842008,9cc5f90182dc278b78eda0756a96d1b732533ff1945b87b3a3c00a326a2cdfbc,True,0b19b2673555095f91c1b47e30eb5dd126a7835784e912fc5a9b8f9826785e23,7692d7486f7f0c7db3cd9080f54f52b064c3faebd476e60e2d16a925e6842008,12,22.774980545043945,False
20,3,70.95159149169922,9cc5f90182dc278b78eda0756a96d1b732533ff1945b87b3a3c00a326a2cdfbc,8b4619fb20650ae3197f3ec1b257a5ce16e38bf6f5ad2e52b09e63e7d87ead55,8a8a08b6cd081957e98194c84ad2e5047de3482671ddd8079d84bee7e45cfeae,119.71896362304688,True,WEIGHT_NUCLEAR,9cc5f90182dc278b78eda0756a96d1b732533ff1945b87b3a3c00a326a2cdfbc,5a2050aeddd673b66734bc348d1bb67d5563e6c2554fd7c8081c63be6c46c6c7,5a057cf8df4a9b218381bbc0ded6227017b3c6ea4e819ccbf53aa1808af504d8,u003,9cc5f90182dc278b78eda0756a96d1b732533ff1945b87b3a3c00a326a2cdfbc,d860d0fe1b476dacc36a8c2e7d9199e17f089e3314a333bc3bc6434d6b3f34f3,2b2ee163784c0cdce20a200d8a6ce2189457f32102e277fd686447e9129205f0,9cc5f90182dc278b78eda0756a96d1b732533ff1945b87b3a3c00a326a2cdfbc,True,d860d0fe1b476dacc36a8c2e7d9199e17f089e3314a333bc3bc6434d6b3f34f3,2b2ee163784c0cdce20a200d8a6ce2189457f32102e277fd686447e9129205f0,12,76.91973114013672,False
1,4,0.0,9cc5f90182dc278b78eda0756a96d1b732533ff1945b87b3a3c00a326a2cdfbc,83e8f2f071c705adb690da358aaec4f95ca72917c9790bc8680c8a6ad23607c3,42a79ba2dc713111723b06bf60d64cd361f64937a3548d5b1d18788ad6375348,0.0,True,WEIGHT_NUCLEAR,LINEAR_COMBINATION,LINEAR_COMBINATION,LINEAR_COMBINATION,u004,LINEAR_COMBINATION,LINEAR_COMBINATION,LINEAR_COMBINATION,LINEAR_COMBINATION,True,LINEAR_COMBINATION,LINEAR_COMBINATION,12,0.0,False
5,4,0.0,9cc5f90182dc278b78eda0756a96d1b732533ff1945b87b3a3c00a326a2cdfbc,588ede34482148254b9954b8601cb03921336b272fe1520a1f2ab89e983c84f9,5b76d99dba5720c47638a6eddbdcf7c40b9f9ebb32a31d0eee5e56cee67f1706,0.0,True,WEIGHT_NUCLEAR,LINEAR_COMBINATION,LINEAR_COMBINATION,LINEAR_COMBINATION,u004,LINEAR_COMBINATION,LINEAR_COMBINATION,LINEAR_COMBINATION,LINEAR_COMBINATION,True,LINEAR_COMBINATION,LINEAR_COMBINATION,12,0.0,False
20,4,0.0,9cc5f90182dc278b78eda0756a96d1b732533ff1945b87b3a3c00a326a2cdfbc,8b4619fb20650ae3197f3ec1b257a5ce16e38bf6f5ad2e52b09e63e7d87ead55,8a8a08b6cd081957e98194c84ad2e5047de3482671ddd8079d84bee7e45cfeae,0.0,True,WEIGHT_NUCLEAR,LINEAR_COMBINATION,LINEAR_COMBINATION,LINEAR_COMBINATION,u004,LINEAR_COMBINATION,LINEAR_COMBINATION,LINEAR_COMBINATION,LINEAR_COMBINATION,True,LINEAR_COMBINATION,LINEAR_COMBINATION,12,0.0,False
1,-1,2.277759313583374,9cc5f90182dc278b78eda0756a96d1b732533ff1945b87b3a3c00a326a2cdfbc,83e8f2f071c705adb690da358aaec4f95ca72917c9790bc8680c8a6ad23607c3,42a79ba2dc713111723b06bf60d64cd361f64937a3548d5b1d18788ad6375348,29.297809600830078,True,WEIGHT_NUCLEAR,LINEAR_COMBINATION,LINEAR_COMBINATION,LINEAR_COMBINATION,u005,LINEAR_COMBINATION,LINEAR_COMBINATION,LINEAR_COMBINATION,LINEAR_COMBINATION,True,LINEAR_COMBINATION,LINEAR_COMBINATION,12,20.382410049438477,False
5,-1,14.379596710205078,9cc5f90182dc278b78eda0756a96d1b732533ff1945b87b3a3c00a326a2cdfbc,588ede34482148254b9954b8601cb03921336b272fe1520a1f2ab89e983c84f9,5b76d99dba5720c47638a6eddbdcf7c40b9f9ebb32a31d0eee5e56cee67f1706,233.3961944580078,True,WEIGHT_NUCLEAR,LINEAR_COMBINATION,LINEAR_COMBINATION,LINEAR_COMBINATION,u005,LINEAR_COMBINATION,LINEAR_COMBINATION,LINEAR_COMBINATION,LINEAR_COMBINATION,True,LINEAR_COMBINATION,LINEAR_COMBINATION,12,163.76351928710938,False
20,-1,20.56389045715332,9cc5f90182dc278b78eda0756a96d1b732533ff1945b87b3a3c00a326a2cdfbc,8b4619fb20650ae3197f3ec1b257a5ce16e38bf6f5ad2e52b09e63e7d87ead55,8a8a08b6cd081957e98194c84ad2e5047de3482671ddd8079d84bee7e45cfeae,203.7357177734375,True,WEIGHT_NUCLEAR,LINEAR_COMBINATION,LINEAR_COMBINATION,LINEAR_COMBINATION,u005,LINEAR_COMBINATION,LINEAR_COMBINATION,LINEAR_COMBINATION,LINEAR_COMBINATION,True,LINEAR_COMBINATION,LINEAR_COMBINATION,12,148.0813446044922,False
1,-1,0.21257659792900085,9cc5f90182dc278b78eda0756a96d1b732533ff1945b87b3a3c00a326a2cdfbc,83e8f2f071c705adb690da358aaec4f95ca72917c9790bc8680c8a6ad23607c3,42a79ba2dc713111723b06bf60d64cd361f64937a3548d5b1d18788ad6375348,0.48986709117889404,True,WEIGHT_NUCLEAR,LINEAR_COMBINATION,LINEAR_COMBINATION,LINEAR_COMBINATION,u006,LINEAR_COMBINATION,LINEAR_COMBINATION,LINEAR_COMBINATION,LINEAR_COMBINATION,True,LINEAR_COMBINATION,LINEAR_COMBINATION,12,0.275468111038208,False
5,-1,1.3741823434829712,9cc5f90182dc278b78eda0756a96d1b732533ff1945b87b3a3c00a326a2cdfbc,588ede34482148254b9954b8601cb03921336b272fe1520a1f2ab89e983c84f9,5b76d99dba5720c47638a6eddbdcf7c40b9f9ebb32a31d0eee5e56cee67f1706,2.767810821533203,True,WEIGHT_NUCLEAR,LINEAR_COMBINATION,LINEAR_COMBINATION,LINEAR_COMBINATION,u006,LINEAR_COMBINATION,LINEAR_COMBINATION,LINEAR_COMBINATION,LINEAR_COMBINATION,True,LINEAR_COMBINATION,LINEAR_COMBINATION,12,1.3867151737213135,False
20,-1,2.4537906646728516,9cc5f90182dc278b78eda0756a96d1b732533ff1945b87b3a3c00a326a2cdfbc,8b4619fb20650ae3197f3ec1b257a5ce16e38bf6f5ad2e52b09e63e7d87ead55,8a8a08b6cd081957e98194c84ad2e5047de3482671ddd8079d84bee7e45cfeae,6.081993579864502,True,WEIGHT_NUCLEAR,LINEAR_COMBINATION,LINEAR_COMBINATION,LINEAR_COMBINATION,u006,LINEAR_COMBINATION,LINEAR_COMBINATION,LINEAR_COMBINATION,LINEAR_COMBINATION,True,LINEAR_COMBINATION,LINEAR_COMBINATION,12,3.673508882522583,False
1,-1,1.6106191873550415,9cc5f90182dc278b78eda0756a96d1b732533ff1945b87b3a3c00a326a2cdfbc,83e8f2f071c705adb690da358aaec4f95ca72917c9790bc8680c8a6ad23607c3,42a79ba2dc713111723b06bf60d64cd361f64937a3548d5b1d18788ad6375348,20.7166805267334,True,WEIGHT_NUCLEAR,LINEAR_COMBINATION,LINEAR_COMBINATION,LINEAR_COMBINATION,u007,LINEAR_COMBINATION,LINEAR_COMBINATION,LINEAR_COMBINATION,LINEAR_COMBINATION,True,LINEAR_COMBINATION,LINEAR_COMBINATION,12,14.412540435791016,False
5,-1,10.1679105758667,9cc5f90182dc278b78eda0756a96d1b732533ff1945b87b3a3c00a326a2cdfbc,588ede34482148254b9954b8601cb03921336b272fe1520a1f2ab89e983c84f9,5b76d99dba5720c47638a6eddbdcf7c40b9f9ebb32a31d0eee5e56cee67f1706,165.03602600097656,True,WEIGHT_NUCLEAR,LINEAR_COMBINATION,LINEAR_COMBINATION,LINEAR_COMBINATION,u007,LINEAR_COMBINATION,LINEAR_COMBINATION,LINEAR_COMBINATION,LINEAR_COMBINATION,True,LINEAR_COMBINATION,LINEAR_COMBINATION,12,115.79830169677734,False
20,-1,14.54086685180664,9cc5f90182dc278b78eda0756a96d1b732533ff1945b87b3a3c00a326a2cdfbc,8b4619fb20650ae3197f3ec1b257a5ce16e38bf6f5ad2e52b09e63e7d87ead55,8a8a08b6cd081957e98194c84ad2e5047de3482671ddd8079d84bee7e45cfeae,144.06292724609375,True,WEIGHT_NUCLEAR,LINEAR_COMBINATION,LINEAR_COMBINATION,LINEAR_COMBINATION,u007,LINEAR_COMBINATION,LINEAR_COMBINATION,LINEAR_COMBINATION,LINEAR_COMBINATION,True,LINEAR_COMBINATION,LINEAR_COMBINATION,12,104.7093276977539,False
1,-1,1.6106191873550415,9cc5f90182dc278b78eda0756a96d1b732533ff1945b87b3a3c00a326a2cdfbc,83e8f2f071c705adb690da358aaec4f95ca72917c9790bc8680c8a6ad23607c3,42a79ba2dc713111723b06bf60d64cd361f64937a3548d5b1d18788ad6375348,20.7166805267334,True,WEIGHT_NUCLEAR,LINEAR_COMBINATION,LINEAR_COMBINATION,LINEAR_COMBINATION,u008,LINEAR_COMBINATION,LINEAR_COMBINATION,LINEAR_COMBINATION,LINEAR_COMBINATION,True,LINEAR_COMBINATION,LINEAR_COMBINATION,12,14.412540435791016,False
5,-1,10.1679105758667,9cc5f90182dc278b78eda0756a96d1b732533ff1945b87b3a3c00a326a2cdfbc,588ede34482148254b9954b8601cb03921336b272fe1520a1f2ab89e983c84f9,5b76d99dba5720c47638a6eddbdcf7c40b9f9ebb32a31d0eee5e56cee67f1706,165.03602600097656,True,WEIGHT_NUCLEAR,LINEAR_COMBINATION,LINEAR_COMBINATION,LINEAR_COMBINATION,u008,LINEAR_COMBINATION,LINEAR_COMBINATION,LINEAR_COMBINATION,LINEAR_COMBINATION,True,LINEAR_COMBINATION,LINEAR_COMBINATION,12,115.79830169677734,False
20,-1,14.54086685180664,9cc5f90182dc278b78eda0756a96d1b732533ff1945b87b3a3c00a326a2cdfbc,8b4619fb20650ae3197f3ec1b257a5ce16e38bf6f5ad2e52b09e63e7d87ead55,8a8a08b6cd081957e98194c84ad2e5047de3482671ddd8079d84bee7e45cfeae,144.06292724609375,True,WEIGHT_NUCLEAR,LINEAR_COMBINATION,LINEAR_COMBINATION,LINEAR_COMBINATION,u008,LINEAR_COMBINATION,LINEAR_COMBINATION,LINEAR_COMBINATION,LINEAR_COMBINATION,True,LINEAR_COMBINATION,LINEAR_COMBINATION,12,104.7093276977539,False
1,-1,1.108579158782959,9cc5f90182dc278b78eda0756a96d1b732533ff1945b87b3a3c00a326a2cdfbc,83e8f2f071c705adb690da358aaec4f95ca72917c9790bc8680c8a6ad23607c3,42a79ba2dc713111723b06bf60d64cd361f64937a3548d5b1d18788ad6375348,4.522356033325195,True,WEIGHT_NUCLEAR,LINEAR_COMBINATION,LINEAR_COMBINATION,LINEAR_COMBINATION,u009,LINEAR_COMBINATION,LINEAR_COMBINATION,LINEAR_COMBINATION,LINEAR_COMBINATION,True,LINEAR_COMBINATION,LINEAR_COMBINATION,12,2.3365492820739746,False
5,-1,9.68662166595459,9cc5f90182dc278b78eda0756a96d1b732533ff1945b87b3a3c00a326a2cdfbc,588ede34482148254b9954b8601cb03921336b272fe1520a1f2ab89e983c84f9,5b76d99dba5720c47638a6eddbdcf7c40b9f9ebb32a31d0eee5e56cee67f1706,37.10564041137695,True,WEIGHT_NUCLEAR,LINEAR_COMBINATION,LINEAR_COMBINATION,LINEAR_COMBINATION,u009,LINEAR_COMBINATION,LINEAR_COMBINATION,LINEAR_COMBINATION,LINEAR_COMBINATION,True,LINEAR_COMBINATION,LINEAR_COMBINATION,12,16.10434341430664,False
20,-1,50.17034912109375,9cc5f90182dc278b78eda0756a96d1b732533ff1945b87b3a3c00a326a2cdfbc,8b4619fb20650ae3197f3ec1b257a5ce16e38bf6f5ad2e52b09e63e7d87ead55,8a8a08b6cd081957e98194c84ad2e5047de3482671ddd8079d84bee7e45cfeae,84.65409088134766,True,WEIGHT_NUCLEAR,LINEAR_COMBINATION,LINEAR_COMBINATION,LINEAR_COMBINATION,u009,LINEAR_COMBINATION,LINEAR_COMBINATION,LINEAR_COMBINATION,LINEAR_COMBINATION,True,LINEAR_COMBINATION,LINEAR_COMBINATION,12,54.39045715332031,False
1,-1,1.108579158782959,9cc5f90182dc278b78eda0756a96d1b732533ff1945b87b3a3c00a326a2cdfbc,83e8f2f071c705adb690da358aaec4f95ca72917c9790bc8680c8a6ad23607c3,42a79ba2dc713111723b06bf60d64cd361f64937a3548d5b1d18788ad6375348,4.522356033325195,True,WEIGHT_NUCLEAR,LINEAR_COMBINATION,LINEAR_COMBINATION,LINEAR_COMBINATION,u010,LINEAR_COMBINATION,LINEAR_COMBINATION,LINEAR_COMBINATION,LINEAR_COMBINATION,True,LINEAR_COMBINATION,LINEAR_COMBINATION,12,2.3365492820739746,False
5,-1,9.68662166595459,9cc5f90182dc278b78eda0756a96d1b732533ff1945b87b3a3c00a326a2cdfbc,588ede34482148254b9954b8601cb03921336b272fe1520a1f2ab89e983c84f9,5b76d99dba5720c47638a6eddbdcf7c40b9f9ebb32a31d0eee5e56cee67f1706,37.10564041137695,True,WEIGHT_NUCLEAR,LINEAR_COMBINATION,LINEAR_COMBINATION,LINEAR_COMBINATION,u010,LINEAR_COMBINATION,LINEAR_COMBINATION,LINEAR_COMBINATION,LINEAR_COMBINATION,True,LINEAR_COMBINATION,LINEAR_COMBINATION,12,16.10434341430664,False
20,-1,50.17034912109375,9cc5f90182dc278b78eda0756a96d1b732533ff1945b87b3a3c00a326a2cdfbc,8b4619fb20650ae3197f3ec1b257a5ce16e38bf6f5ad2e52b09e63e7d87ead55,8a8a08b6cd081957e98194c84ad2e5047de3482671ddd8079d84bee7e45cfeae,84.65409088134766,True,WEIGHT_NUCLEAR,LINEAR_COMBINATION,LINEAR_COMBINATION,LINEAR_COMBINATION,u010,LINEAR_COMBINATION,LINEAR_COMBINATION,LINEAR_COMBINATION,LINEAR_COMBINATION,True,LINEAR_COMBINATION,LINEAR_COMBINATION,12,54.39045715332031,False
1,0,1.9792985916137695,d45835e786b8e2617dfd70842d6ff896e9aa10edb4b481a2a43342ec9f8e848e,f5f21494ecb17e629bc0e2acc23d606359db65d41b20f2bb7d2d85589cdd782a,77453d503de4d0dcad2ca8365d1a7c9e239881ff81b9554d0509c49d2f8caab8,17.649690628051758,True,FEATURE_NUCLEAR,d45835e786b8e2617dfd70842d6ff896e9aa10edb4b481a2a43342ec9f8e848e,eaa9ce7cc52f16e2a7a7fc4e2537dfb3ff81ecc7ea99af6e6986226fd18a51a3,18313033ee263f9c455f03a2d138c8e773becae1497066ff677724a5cda847ef,u000,d45835e786b8e2617dfd70842d6ff896e9aa10edb4b481a2a43342ec9f8e848e,fef39acc38be53743511ee74409c0021c1225a90bbd0c8f352fb8eded7c6e25e,b32d0583a459ae6c67b666274f93d664d8375383080a8c11a360e9374985d633,d45835e786b8e2617dfd70842d6ff896e9aa10edb4b481a2a43342ec9f8e848e,True,fef39acc38be53743511ee74409c0021c1225a90bbd0c8f352fb8eded7c6e25e,b32d0583a459ae6c67b666274f93d664d8375383080a8c11a360e9374985d633,12,12.786933898925781,False
5,0,15.184099197387695,d45835e786b8e2617dfd70842d6ff896e9aa10edb4b481a2a43342ec9f8e848e,27a79bae0b720cd1b524a89c21282463a5e94b1aa7642b594cd3e0713509dde3,bc1e9bf212e4496dadb69c99aef31a3b61e090494612ca46d33fe8eed11351c2,152.5301971435547,True,FEATURE_NUCLEAR,d45835e786b8e2617dfd70842d6ff896e9aa10edb4b481a2a43342ec9f8e848e,845114efac956c85d3a4379572fe3a70ac084b10607536cd638d6b8668d7dd4e,bc61d862c8af430fa18633b96780ed9d54320e345e23d8ca239f61257ac2d5b5,u000,d45835e786b8e2617dfd70842d6ff896e9aa10edb4b481a2a43342ec9f8e848e,9c1018165a0111bc45b7d240fd9292ae24ae723461adff7c425433d35e96c289,77eee8081af8777a12b0074537603985bdd30cce3e446f184f9e8b4efb8a7b55,d45835e786b8e2617dfd70842d6ff896e9aa10edb4b481a2a43342ec9f8e848e,True,9c1018165a0111bc45b7d240fd9292ae24ae723461adff7c425433d35e96c289,77eee8081af8777a12b0074537603985bdd30cce3e446f184f9e8b4efb8a7b55,12,113.24038696289062,False
20,0,13.509811401367188,d45835e786b8e2617dfd70842d6ff896e9aa10edb4b481a2a43342ec9f8e848e,2fbd59348ff7c60b0e7f279a0e9a5b537657acd78e942599cce8eaa341af024c,535f263281ee0284a96a1f93c097d3bac2b1567911db1d49ecdbfb58104fb784,109.57434844970703,True,FEATURE_NUCLEAR,d45835e786b8e2617dfd70842d6ff896e9aa10edb4b481a2a43342ec9f8e848e,52921bf032ba9292b6d1590089102705fa30547531fd6911537ed736e3629352,bef6b1288af96c88981705fd9d4b3cd3846cfd6da087b9b1575b79326dd621d0,u000,d45835e786b8e2617dfd70842d6ff896e9aa10edb4b481a2a43342ec9f8e848e,cbf6ca1018cdf1c43d320b7581c172825f88eda9b06648ed5fca2a451c43f1ef,e0124d2b3b8a907cb5fd177bca99427fa3b61791c9d630f8b8ad98cb178b2fbc,d45835e786b8e2617dfd70842d6ff896e9aa10edb4b481a2a43342ec9f8e848e,True,cbf6ca1018cdf1c43d320b7581c172825f88eda9b06648ed5fca2a451c43f1ef,e0124d2b3b8a907cb5fd177bca99427fa3b61791c9d630f8b8ad98cb178b2fbc,12,76.01303100585938,False
1,1,1.5735406875610352,d45835e786b8e2617dfd70842d6ff896e9aa10edb4b481a2a43342ec9f8e848e,f5f21494ecb17e629bc0e2acc23d606359db65d41b20f2bb7d2d85589cdd782a,77453d503de4d0dcad2ca8365d1a7c9e239881ff81b9554d0509c49d2f8caab8,17.909130096435547,True,FEATURE_NUCLEAR,d45835e786b8e2617dfd70842d6ff896e9aa10edb4b481a2a43342ec9f8e848e,6fb14909830a6209058e833df8f28221256ad1f3bcc05549ab2100566873cf96,d96fe18f63e4531ef00ebbb9c8aa57a9691a880f4874819eb854a0cf090d519a,u001,d45835e786b8e2617dfd70842d6ff896e9aa10edb4b481a2a43342ec9f8e848e,db3c2d1a785205b7465980bf66c072ec0d1f1cad6c513648561669d2c13d6669,319cf6a9477b59fd2f7f30f2f0387f115956c77c46c5a5473d67342243edef39,d45835e786b8e2617dfd70842d6ff896e9aa10edb4b481a2a43342ec9f8e848e,True,db3c2d1a785205b7465980bf66c072ec0d1f1cad6c513648561669d2c13d6669,319cf6a9477b59fd2f7f30f2f0387f115956c77c46c5a5473d67342243edef39,12,12.96545124053955,False
5,1,13.861900329589844,d45835e786b8e2617dfd70842d6ff896e9aa10edb4b481a2a43342ec9f8e848e,27a79bae0b720cd1b524a89c21282463a5e94b1aa7642b594cd3e0713509dde3,bc1e9bf212e4496dadb69c99aef31a3b61e090494612ca46d33fe8eed11351c2,152.85214233398438,True,FEATURE_NUCLEAR,d45835e786b8e2617dfd70842d6ff896e9aa10edb4b481a2a43342ec9f8e848e,18b64019b2023b43a583e514da2da35be560283b5351d17bce068f450b11de11,4f29fc304e97314bf742a07109911d2acccdc3ae9ce14fdde3d9aecaf123f4d5,u001,d45835e786b8e2617dfd70842d6ff896e9aa10edb4b481a2a43342ec9f8e848e,3483c26d60458352c1ae72d97cd43c99f31932f60e7399e657d683e57dc37b3f,06a472f1472a173c6df11262cbd31fa972d09f0ef3712629b53754af528d5a40,d45835e786b8e2617dfd70842d6ff896e9aa10edb4b481a2a43342ec9f8e848e,True,3483c26d60458352c1ae72d97cd43c99f31932f60e7399e657d683e57dc37b3f,06a472f1472a173c6df11262cbd31fa972d09f0ef3712629b53754af528d5a40,12,113.08515167236328,False
20,1,15.71839427947998,d45835e786b8e2617dfd70842d6ff896e9aa10edb4b481a2a43342ec9f8e848e,2fbd59348ff7c60b0e7f279a0e9a5b537657acd78e942599cce8eaa341af024c,535f263281ee0284a96a1f93c097d3bac2b1567911db1d49ecdbfb58104fb784,109.65264892578125,True,FEATURE_NUCLEAR,d45835e786b8e2617dfd70842d6ff896e9aa10edb4b481a2a43342ec9f8e848e,d5589374c7b5797c287052cbba54b7b454e2699a1208d7a57cd3e995dc57ef2a,ba808c7ea35e972540b58835485df241363e6f34be6147160cb2900b5ea15cbe,u001,d45835e786b8e2617dfd70842d6ff896e9aa10edb4b481a2a43342ec9f8e848e,a907ea2c3c72d47295d8ffd756b93464ca06b7cf19a21327bbb0fb71389880a9,b0687ae791f55e33611e68cc1b3ba09fdeedf1a5b9ed7e4b4b0b443325d6233e,d45835e786b8e2617dfd70842d6ff896e9aa10edb4b481a2a43342ec9f8e848e,True,a907ea2c3c72d47295d8ffd756b93464ca06b7cf19a21327bbb0fb71389880a9,b0687ae791f55e33611e68cc1b3ba09fdeedf1a5b9ed7e4b4b0b443325d6233e,12,76.89643859863281,False
1,2,0.0,d45835e786b8e2617dfd70842d6ff896e9aa10edb4b481a2a43342ec9f8e848e,f5f21494ecb17e629bc0e2acc23d606359db65d41b20f2bb7d2d85589cdd782a,77453d503de4d0dcad2ca8365d1a7c9e239881ff81b9554d0509c49d2f8caab8,0.0,True,FEATURE_NUCLEAR,LINEAR_COMBINATION,LINEAR_COMBINATION,LINEAR_COMBINATION,u002,LINEAR_COMBINATION,LINEAR_COMBINATION,LINEAR_COMBINATION,LINEAR_COMBINATION,True,LINEAR_COMBINATION,LINEAR_COMBINATION,12,0.0,False
5,2,0.0,d45835e786b8e2617dfd70842d6ff896e9aa10edb4b481a2a43342ec9f8e848e,27a79bae0b720cd1b524a89c21282463a5e94b1aa7642b594cd3e0713509dde3,bc1e9bf212e4496dadb69c99aef31a3b61e090494612ca46d33fe8eed11351c2,0.0,True,FEATURE_NUCLEAR,LINEAR_COMBINATION,LINEAR_COMBINATION,LINEAR_COMBINATION,u002,LINEAR_COMBINATION,LINEAR_COMBINATION,LINEAR_COMBINATION,LINEAR_COMBINATION,True,LINEAR_COMBINATION,LINEAR_COMBINATION,12,0.0,False
20,2,0.0,d45835e786b8e2617dfd70842d6ff896e9aa10edb4b481a2a43342ec9f8e848e,2fbd59348ff7c60b0e7f279a0e9a5b537657acd78e942599cce8eaa341af024c,535f263281ee0284a96a1f93c097d3bac2b1567911db1d49ecdbfb58104fb784,0.0,True,FEATURE_NUCLEAR,LINEAR_COMBINATION,LINEAR_COMBINATION,LINEAR_COMBINATION,u002,LINEAR_COMBINATION,LINEAR_COMBINATION,LINEAR_COMBINATION,LINEAR_COMBINATION,True,LINEAR_COMBINATION,LINEAR_COMBINATION,12,0.0,False
1,3,2.046916961669922,d45835e786b8e2617dfd70842d6ff896e9aa10edb4b481a2a43342ec9f8e848e,f5f21494ecb17e629bc0e2acc23d606359db65d41b20f2bb7d2d85589cdd782a,77453d503de4d0dcad2ca8365d1a7c9e239881ff81b9554d0509c49d2f8caab8,5.717598915100098,True,FEATURE_NUCLEAR,d45835e786b8e2617dfd70842d6ff896e9aa10edb4b481a2a43342ec9f8e848e,5e8fcc0d1f755c362f1860db6bb6658073989708822c85a547ebb98a46f6ee12,bb5a2b3b642209b81976a0352156632d3eaa02d30b01a4a854634c10681ba920,u003,d45835e786b8e2617dfd70842d6ff896e9aa10edb4b481a2a43342ec9f8e848e,c17ab9492bd3dd58451e1e9af439f661842d4c0e51de3293035be29afdb92482,ff4dcc1c2520cab41c4be45df19cea42907c6ded17b747f5e017365d65763ce2,d45835e786b8e2617dfd70842d6ff896e9aa10edb4b481a2a43342ec9f8e848e,True,c17ab9492bd3dd58451e1e9af439f661842d4c0e51de3293035be29afdb92482,ff4dcc1c2520cab41c4be45df19cea42907c6ded17b747f5e017365d65763ce2,12,2.4277281761169434,False
5,3,15.923876762390137,d45835e786b8e2617dfd70842d6ff896e9aa10edb4b481a2a43342ec9f8e848e,27a79bae0b720cd1b524a89c21282463a5e94b1aa7642b594cd3e0713509dde3,bc1e9bf212e4496dadb69c99aef31a3b61e090494612ca46d33fe8eed11351c2,47.885948181152344,True,FEATURE_NUCLEAR,d45835e786b8e2617dfd70842d6ff896e9aa10edb4b481a2a43342ec9f8e848e,e647653961303dad6e4c07eb11d1c6fdb2460b3db610193a358696c43cc70096,06bdd8c6a72a551b9346bc85a49ffc872b1a9245e1bc1e3642c4c5e51c140507,u003,d45835e786b8e2617dfd70842d6ff896e9aa10edb4b481a2a43342ec9f8e848e,dcc3677decaca12280980d50bba905e0ac63a4148411732f2bb4684e9f054692,bead27b01b4b35dae56e0d3bad1d653d38776b1f5ac60b2ab033418228e19ca6,d45835e786b8e2617dfd70842d6ff896e9aa10edb4b481a2a43342ec9f8e848e,True,dcc3677decaca12280980d50bba905e0ac63a4148411732f2bb4684e9f054692,bead27b01b4b35dae56e0d3bad1d653d38776b1f5ac60b2ab033418228e19ca6,12,17.038558959960938,False
20,3,60.78793716430664,d45835e786b8e2617dfd70842d6ff896e9aa10edb4b481a2a43342ec9f8e848e,2fbd59348ff7c60b0e7f279a0e9a5b537657acd78e942599cce8eaa341af024c,535f263281ee0284a96a1f93c097d3bac2b1567911db1d49ecdbfb58104fb784,121.1955795288086,True,FEATURE_NUCLEAR,d45835e786b8e2617dfd70842d6ff896e9aa10edb4b481a2a43342ec9f8e848e,2b5a8539968d006cae97d1fdd60737f5dffe13c8f9aed82f0eb0ba8551c0cc21,576bd13935be5bd76319874ea921c61fbbd20ec032c8c2d474b3c24df32fd9ba,u003,d45835e786b8e2617dfd70842d6ff896e9aa10edb4b481a2a43342ec9f8e848e,f513e25bdcead024ab9b8343204ad048ffcd9dc34c05fb4ebc566e218d5f0af9,cede1fc93860cecf621bec61f92264ba5bf0824cad60b99a02c92e355cad18fb,d45835e786b8e2617dfd70842d6ff896e9aa10edb4b481a2a43342ec9f8e848e,True,f513e25bdcead024ab9b8343204ad048ffcd9dc34c05fb4ebc566e218d5f0af9,cede1fc93860cecf621bec61f92264ba5bf0824cad60b99a02c92e355cad18fb,12,85.65746307373047,False
1,4,0.0,d45835e786b8e2617dfd70842d6ff896e9aa10edb4b481a2a43342ec9f8e848e,f5f21494ecb17e629bc0e2acc23d606359db65d41b20f2bb7d2d85589cdd782a,77453d503de4d0dcad2ca8365d1a7c9e239881ff81b9554d0509c49d2f8caab8,0.0,True,FEATURE_NUCLEAR,LINEAR_COMBINATION,LINEAR_COMBINATION,LINEAR_COMBINATION,u004,LINEAR_COMBINATION,LINEAR_COMBINATION,LINEAR_COMBINATION,LINEAR_COMBINATION,True,LINEAR_COMBINATION,LINEAR_COMBINATION,12,0.0,False
5,4,0.0,d45835e786b8e2617dfd70842d6ff896e9aa10edb4b481a2a43342ec9f8e848e,27a79bae0b720cd1b524a89c21282463a5e94b1aa7642b594cd3e0713509dde3,bc1e9bf212e4496dadb69c99aef31a3b61e090494612ca46d33fe8eed11351c2,0.0,True,FEATURE_NUCLEAR,LINEAR_COMBINATION,LINEAR_COMBINATION,LINEAR_COMBINATION,u004,LINEAR_COMBINATION,LINEAR_COMBINATION,LINEAR_COMBINATION,LINEAR_COMBINATION,True,LINEAR_COMBINATION,LINEAR_COMBINATION,12,0.0,False
20,4,0.0,d45835e786b8e2617dfd70842d6ff896e9aa10edb4b481a2a43342ec9f8e848e,2fbd59348ff7c60b0e7f279a0e9a5b537657acd78e942599cce8eaa341af024c,535f263281ee0284a96a1f93c097d3bac2b1567911db1d49ecdbfb58104fb784,0.0,True,FEATURE_NUCLEAR,LINEAR_COMBINATION,LINEAR_COMBINATION,LINEAR_COMBINATION,u004,LINEAR_COMBINATION,LINEAR_COMBINATION,LINEAR_COMBINATION,LINEAR_COMBINATION,True,LINEAR_COMBINATION,LINEAR_COMBINATION,12,0.0,False
1,-1,2.478750705718994,d45835e786b8e2617dfd70842d6ff896e9aa10edb4b481a2a43342ec9f8e848e,f5f21494ecb17e629bc0e2acc23d606359db65d41b20f2bb7d2d85589cdd782a,77453d503de4d0dcad2ca8365d1a7c9e239881ff81b9554d0509c49d2f8caab8,25.137184143066406,True,FEATURE_NUCLEAR,LINEAR_COMBINATION,LINEAR_COMBINATION,LINEAR_COMBINATION,u005,LINEAR_COMBINATION,LINEAR_COMBINATION,LINEAR_COMBINATION,LINEAR_COMBINATION,True,LINEAR_COMBINATION,LINEAR_COMBINATION,12,18.20598030090332,False
5,-1,20.456499099731445,d45835e786b8e2617dfd70842d6ff896e9aa10edb4b481a2a43342ec9f8e848e,27a79bae0b720cd1b524a89c21282463a5e94b1aa7642b594cd3e0713509dde3,bc1e9bf212e4496dadb69c99aef31a3b61e090494612ca46d33fe8eed11351c2,215.91156005859375,True,FEATURE_NUCLEAR,LINEAR_COMBINATION,LINEAR_COMBINATION,LINEAR_COMBINATION,u005,LINEAR_COMBINATION,LINEAR_COMBINATION,LINEAR_COMBINATION,LINEAR_COMBINATION,True,LINEAR_COMBINATION,LINEAR_COMBINATION,12,160.0270538330078,False
20,-1,20.392147064208984,d45835e786b8e2617dfd70842d6ff896e9aa10edb4b481a2a43342ec9f8e848e,2fbd59348ff7c60b0e7f279a0e9a5b537657acd78e942599cce8eaa341af024c,535f263281ee0284a96a1f93c097d3bac2b1567911db1d49ecdbfb58104fb784,154.9029998779297,True,FEATURE_NUCLEAR,LINEAR_COMBINATION,LINEAR_COMBINATION,LINEAR_COMBINATION,u005,LINEAR_COMBINATION,LINEAR_COMBINATION,LINEAR_COMBINATION,LINEAR_COMBINATION,True,LINEAR_COMBINATION,LINEAR_COMBINATION,12,108.05634307861328,False
1,-1,0.49944865703582764,d45835e786b8e2617dfd70842d6ff896e9aa10edb4b481a2a43342ec9f8e848e,f5f21494ecb17e629bc0e2acc23d606359db65d41b20f2bb7d2d85589cdd782a,77453d503de4d0dcad2ca8365d1a7c9e239881ff81b9554d0509c49d2f8caab8,0.6086082458496094,True,FEATURE_NUCLEAR,LINEAR_COMBINATION,LINEAR_COMBINATION,LINEAR_COMBINATION,u006,LINEAR_COMBINATION,LINEAR_COMBINATION,LINEAR_COMBINATION,LINEAR_COMBINATION,True,LINEAR_COMBINATION,LINEAR_COMBINATION,12,0.3883947432041168,False
5,-1,2.059330940246582,d45835e786b8e2617dfd70842d6ff896e9aa10edb4b481a2a43342ec9f8e848e,27a79bae0b720cd1b524a89c21282463a5e94b1aa7642b594cd3e0713509dde3,bc1e9bf212e4496dadb69c99aef31a3b61e090494612ca46d33fe8eed11351c2,3.3823204040527344,True,FEATURE_NUCLEAR,LINEAR_COMBINATION,LINEAR_COMBINATION,LINEAR_COMBINATION,u006,LINEAR_COMBINATION,LINEAR_COMBINATION,LINEAR_COMBINATION,LINEAR_COMBINATION,True,LINEAR_COMBINATION,LINEAR_COMBINATION,12,1.7257227897644043,False
20,-1,3.7071900367736816,d45835e786b8e2617dfd70842d6ff896e9aa10edb4b481a2a43342ec9f8e848e,2fbd59348ff7c60b0e7f279a0e9a5b537657acd78e942599cce8eaa341af024c,535f263281ee0284a96a1f93c097d3bac2b1567911db1d49ecdbfb58104fb784,5.941486358642578,True,FEATURE_NUCLEAR,LINEAR_COMBINATION,LINEAR_COMBINATION,LINEAR_COMBINATION,u006,LINEAR_COMBINATION,LINEAR_COMBINATION,LINEAR_COMBINATION,LINEAR_COMBINATION,True,LINEAR_COMBINATION,LINEAR_COMBINATION,12,3.8559255599975586,False
1,-1,1.7527414560317993,d45835e786b8e2617dfd70842d6ff896e9aa10edb4b481a2a43342ec9f8e848e,f5f21494ecb17e629bc0e2acc23d606359db65d41b20f2bb7d2d85589cdd782a,77453d503de4d0dcad2ca8365d1a7c9e239881ff81b9554d0509c49d2f8caab8,17.774675369262695,True,FEATURE_NUCLEAR,LINEAR_COMBINATION,LINEAR_COMBINATION,LINEAR_COMBINATION,u007,LINEAR_COMBINATION,LINEAR_COMBINATION,LINEAR_COMBINATION,LINEAR_COMBINATION,True,LINEAR_COMBINATION,LINEAR_COMBINATION,12,12.87357234954834,False
5,-1,14.464929580688477,d45835e786b8e2617dfd70842d6ff896e9aa10edb4b481a2a43342ec9f8e848e,27a79bae0b720cd1b524a89c21282463a5e94b1aa7642b594cd3e0713509dde3,bc1e9bf212e4496dadb69c99aef31a3b61e090494612ca46d33fe8eed11351c2,152.6725311279297,True,FEATURE_NUCLEAR,LINEAR_COMBINATION,LINEAR_COMBINATION,LINEAR_COMBINATION,u007,LINEAR_COMBINATION,LINEAR_COMBINATION,LINEAR_COMBINATION,LINEAR_COMBINATION,True,LINEAR_COMBINATION,LINEAR_COMBINATION,12,113.15620422363281,False
20,-1,14.419426918029785,d45835e786b8e2617dfd70842d6ff896e9aa10edb4b481a2a43342ec9f8e848e,2fbd59348ff7c60b0e7f279a0e9a5b537657acd78e942599cce8eaa341af024c,535f263281ee0284a96a1f93c097d3bac2b1567911db1d49ecdbfb58104fb784,109.53297424316406,True,FEATURE_NUCLEAR,LINEAR_COMBINATION,LINEAR_COMBINATION,LINEAR_COMBINATION,u007,LINEAR_COMBINATION,LINEAR_COMBINATION,LINEAR_COMBINATION,LINEAR_COMBINATION,True,LINEAR_COMBINATION,LINEAR_COMBINATION,12,76.4073715209961,False
1,-1,1.7527414560317993,d45835e786b8e2617dfd70842d6ff896e9aa10edb4b481a2a43342ec9f8e848e,f5f21494ecb17e629bc0e2acc23d606359db65d41b20f2bb7d2d85589cdd782a,77453d503de4d0dcad2ca8365d1a7c9e239881ff81b9554d0509c49d2f8caab8,17.774675369262695,True,FEATURE_NUCLEAR,LINEAR_COMBINATION,LINEAR_COMBINATION,LINEAR_COMBINATION,u008,LINEAR_COMBINATION,LINEAR_COMBINATION,LINEAR_COMBINATION,LINEAR_COMBINATION,True,LINEAR_COMBINATION,LINEAR_COMBINATION,12,12.87357234954834,False
5,-1,14.464929580688477,d45835e786b8e2617dfd70842d6ff896e9aa10edb4b481a2a43342ec9f8e848e,27a79bae0b720cd1b524a89c21282463a5e94b1aa7642b594cd3e0713509dde3,bc1e9bf212e4496dadb69c99aef31a3b61e090494612ca46d33fe8eed11351c2,152.6725311279297,True,FEATURE_NUCLEAR,LINEAR_COMBINATION,LINEAR_COMBINATION,LINEAR_COMBINATION,u008,LINEAR_COMBINATION,LINEAR_COMBINATION,LINEAR_COMBINATION,LINEAR_COMBINATION,True,LINEAR_COMBINATION,LINEAR_COMBINATION,12,113.15620422363281,False
20,-1,14.419426918029785,d45835e786b8e2617dfd70842d6ff896e9aa10edb4b481a2a43342ec9f8e848e,2fbd59348ff7c60b0e7f279a0e9a5b537657acd78e942599cce8eaa341af024c,535f263281ee0284a96a1f93c097d3bac2b1567911db1d49ecdbfb58104fb784,109.53297424316406,True,FEATURE_NUCLEAR,LINEAR_COMBINATION,LINEAR_COMBINATION,LINEAR_COMBINATION,u008,LINEAR_COMBINATION,LINEAR_COMBINATION,LINEAR_COMBINATION,LINEAR_COMBINATION,True,LINEAR_COMBINATION,LINEAR_COMBINATION,12,76.4073715209961,False
1,-1,1.4473888874053955,d45835e786b8e2617dfd70842d6ff896e9aa10edb4b481a2a43342ec9f8e848e,f5f21494ecb17e629bc0e2acc23d606359db65d41b20f2bb7d2d85589cdd782a,77453d503de4d0dcad2ca8365d1a7c9e239881ff81b9554d0509c49d2f8caab8,4.042953014373779,True,FEATURE_NUCLEAR,LINEAR_COMBINATION,LINEAR_COMBINATION,LINEAR_COMBINATION,u009,LINEAR_COMBINATION,LINEAR_COMBINATION,LINEAR_COMBINATION,LINEAR_COMBINATION,True,LINEAR_COMBINATION,LINEAR_COMBINATION,12,1.716663122177124,False
5,-1,11.259881019592285,d45835e786b8e2617dfd70842d6ff896e9aa10edb4b481a2a43342ec9f8e848e,27a79bae0b720cd1b524a89c21282463a5e94b1aa7642b594cd3e0713509dde3,bc1e9bf212e4496dadb69c99aef31a3b61e090494612ca46d33fe8eed11351c2,33.860477447509766,True,FEATURE_NUCLEAR,LINEAR_COMBINATION,LINEAR_COMBINATION,LINEAR_COMBINATION,u009,LINEAR_COMBINATION,LINEAR_COMBINATION,LINEAR_COMBINATION,LINEAR_COMBINATION,True,LINEAR_COMBINATION,LINEAR_COMBINATION,12,12.048080444335938,False
20,-1,42.98356246948242,d45835e786b8e2617dfd70842d6ff896e9aa10edb4b481a2a43342ec9f8e848e,2fbd59348ff7c60b0e7f279a0e9a5b537657acd78e942599cce8eaa341af024c,535f263281ee0284a96a1f93c097d3bac2b1567911db1d49ecdbfb58104fb784,85.69821166992188,True,FEATURE_NUCLEAR,LINEAR_COMBINATION,LINEAR_COMBINATION,LINEAR_COMBINATION,u009,LINEAR_COMBINATION,LINEAR_COMBINATION,LINEAR_COMBINATION,LINEAR_COMBINATION,True,LINEAR_COMBINATION,LINEAR_COMBINATION,12,60.5689697265625,False
1,-1,1.4473888874053955,d45835e786b8e2617dfd70842d6ff896e9aa10edb4b481a2a43342ec9f8e848e,f5f21494ecb17e629bc0e2acc23d606359db65d41b20f2bb7d2d85589cdd782a,77453d503de4d0dcad2ca8365d1a7c9e239881ff81b9554d0509c49d2f8caab8,4.042953014373779,True,FEATURE_NUCLEAR,LINEAR_COMBINATION,LINEAR_COMBINATION,LINEAR_COMBINATION,u010,LINEAR_COMBINATION,LINEAR_COMBINATION,LINEAR_COMBINATION,LINEAR_COMBINATION,True,LINEAR_COMBINATION,LINEAR_COMBINATION,12,1.716663122177124,False
5,-1,11.259881019592285,d45835e786b8e2617dfd70842d6ff896e9aa10edb4b481a2a43342ec9f8e848e,27a79bae0b720cd1b524a89c21282463a5e94b1aa7642b594cd3e0713509dde3,bc1e9bf212e4496dadb69c99aef31a3b61e090494612ca46d33fe8eed11351c2,33.860477447509766,True,FEATURE_NUCLEAR,LINEAR_COMBINATION,LINEAR_COMBINATION,LINEAR_COMBINATION,u010,LINEAR_COMBINATION,LINEAR_COMBINATION,LINEAR_COMBINATION,LINEAR_COMBINATION,True,LINEAR_COMBINATION,LINEAR_COMBINATION,12,12.048080444335938,False
20,-1,42.98356246948242,d45835e786b8e2617dfd70842d6ff896e9aa10edb4b481a2a43342ec9f8e848e,2fbd59348ff7c60b0e7f279a0e9a5b537657acd78e942599cce8eaa341af024c,535f263281ee0284a96a1f93c097d3bac2b1567911db1d49ecdbfb58104fb784,85.69821166992188,True,FEATURE_NUCLEAR,LINEAR_COMBINATION,LINEAR_COMBINATION,LINEAR_COMBINATION,u010,LINEAR_COMBINATION,LINEAR_COMBINATION,LINEAR_COMBINATION,LINEAR_COMBINATION,True,LINEAR_COMBINATION,LINEAR_COMBINATION,12,60.5689697265625,False
1,0,1.5496002435684204,167c301976bfb649bf46ed8fb10c5e2d497e7db3fb6c5053ac7ffc58f422c4b2,c5f769ca6bdce5d14e3583dd03b13cd55f5345301f4ca83f9d36de14ce11c8c2,72e80fa46ee7a2763269dfe1b2d9bcdb2b54fc8de3d190fb86e27d770563ee48,20.49396324157715,True,ERM,167c301976bfb649bf46ed8fb10c5e2d497e7db3fb6c5053ac7ffc58f422c4b2,f0f829f5177d670c7ecfa4293970a3a62305802dc4759d943560aa96c688bda7,6bbcaef9e3d8f5ad626e3728deb079d30436f78f3cff3c0fe39d14610d522055,u000,167c301976bfb649bf46ed8fb10c5e2d497e7db3fb6c5053ac7ffc58f422c4b2,51a02922776c5b36f895894e8619483104fd83c4646902225360878dd1c38157,c0318faa3b6d2bfdc5e5084322a034ba5ca4e9827880a8ea226e9feed8e04fce,167c301976bfb649bf46ed8fb10c5e2d497e7db3fb6c5053ac7ffc58f422c4b2,True,51a02922776c5b36f895894e8619483104fd83c4646902225360878dd1c38157,c0318faa3b6d2bfdc5e5084322a034ba5ca4e9827880a8ea226e9feed8e04fce,13,14.463955879211426,False
5,0,6.5516252517700195,167c301976bfb649bf46ed8fb10c5e2d497e7db3fb6c5053ac7ffc58f422c4b2,e49da3b61db0f59015ea95cfe717dcf0d9f3df410ecbbb0f4378671200fc318c,69f27fe512ea2ddaa429cf865ce4a22dd6a1de883155577fdae871390c5debcf,173.02005004882812,True,ERM,167c301976bfb649bf46ed8fb10c5e2d497e7db3fb6c5053ac7ffc58f422c4b2,79482c018827c9bc39da5b7347f3201ba497f8326b713a75d5a253bff85774dd,f36e2f17caeb4d45244682799530f51c31f6c6c0bffe4127452623f5c1430f33,u000,167c301976bfb649bf46ed8fb10c5e2d497e7db3fb6c5053ac7ffc58f422c4b2,8b26dd6071121b2cc9ca5263940e8e6f3009811ae6612b6df41134f9aac8d321,5e78c2446de13d55994cc282b0c14fcb372d76d8a997ffe1651641a8ea4cdb13,167c301976bfb649bf46ed8fb10c5e2d497e7db3fb6c5053ac7ffc58f422c4b2,True,8b26dd6071121b2cc9ca5263940e8e6f3009811ae6612b6df41134f9aac8d321,5e78c2446de13d55994cc282b0c14fcb372d76d8a997ffe1651641a8ea4cdb13,13,123.84717559814453,False
20,0,8.299971580505371,167c301976bfb649bf46ed8fb10c5e2d497e7db3fb6c5053ac7ffc58f422c4b2,733b3579454456f2f86a21fa35d2e8f56614d91db79b95a76abd620f7321ce33,191332f8fe5e34dea681221d0197c862ff3e5031c7f229fd40d10b1f4be5210e,145.36129760742188,True,ERM,167c301976bfb649bf46ed8fb10c5e2d497e7db3fb6c5053ac7ffc58f422c4b2,0909ac042789ae6664cc067054abab652c41618173a324afd8c181c076c62820,eade351ee7e18667c946ba6cf266375c7dd6d2b4105c24fef5fce89e7fd2449b,u000,167c301976bfb649bf46ed8fb10c5e2d497e7db3fb6c5053ac7ffc58f422c4b2,2172fd9cd517d7c481ba453ea528aef74abe7b99d7a5f95a3cbf2f0181697a51,f1e0da1f729aa6003f74d01a1ffe721f5d9299fb996c549ef50d18df116dcc7e,167c301976bfb649bf46ed8fb10c5e2d497e7db3fb6c5053ac7ffc58f422c4b2,True,2172fd9cd517d7c481ba453ea528aef74abe7b99d7a5f95a3cbf2f0181697a51,f1e0da1f729aa6003f74d01a1ffe721f5d9299fb996c549ef50d18df116dcc7e,13,105.83635711669922,False
1,1,1.594623327255249,167c301976bfb649bf46ed8fb10c5e2d497e7db3fb6c5053ac7ffc58f422c4b2,c5f769ca6bdce5d14e3583dd03b13cd55f5345301f4ca83f9d36de14ce11c8c2,72e80fa46ee7a2763269dfe1b2d9bcdb2b54fc8de3d190fb86e27d770563ee48,21.230722427368164,True,ERM,167c301976bfb649bf46ed8fb10c5e2d497e7db3fb6c5053ac7ffc58f422c4b2,33b132a26ce82e56d1787a7b44745fff473ea791116c0167b60fd3a2dd5b38c7,1038d616215b602ff38e01144f7cf4af3e9df322e3eaa86b831615c89d71eb7d,u001,167c301976bfb649bf46ed8fb10c5e2d497e7db3fb6c5053ac7ffc58f422c4b2,951f5971eee4013a8ccc9350fd0104587ea3af698703604b6c036183e919a524,b4725fbadb094c6b4bbd22789554da3712f0cd5efe9a87c4a2472ad9dbd32f28,167c301976bfb649bf46ed8fb10c5e2d497e7db3fb6c5053ac7ffc58f422c4b2,True,951f5971eee4013a8ccc9350fd0104587ea3af698703604b6c036183e919a524,b4725fbadb094c6b4bbd22789554da3712f0cd5efe9a87c4a2472ad9dbd32f28,13,15.001311302185059,False
5,1,7.179577827453613,167c301976bfb649bf46ed8fb10c5e2d497e7db3fb6c5053ac7ffc58f422c4b2,e49da3b61db0f59015ea95cfe717dcf0d9f3df410ecbbb0f4378671200fc318c,69f27fe512ea2ddaa429cf865ce4a22dd6a1de883155577fdae871390c5debcf,175.85862731933594,True,ERM,167c301976bfb649bf46ed8fb10c5e2d497e7db3fb6c5053ac7ffc58f422c4b2,286e99386b03edc4c2842387f15858a3bd16302675d4595d6aa15d5c5863d72e,a44e1c8813afd0fcecbf47be4ac63fa7474d0b9762775c740d09a0d7a85fb755,u001,167c301976bfb649bf46ed8fb10c5e2d497e7db3fb6c5053ac7ffc58f422c4b2,5fdca6191af24b9dd7c6cc227d8542916b98a48a27fbcca23d2dd9c1a684c6ae,33b25a34d452743a462e4072220b589d688575824089a0553cdeb8c213d92da8,167c301976bfb649bf46ed8fb10c5e2d497e7db3fb6c5053ac7ffc58f422c4b2,True,5fdca6191af24b9dd7c6cc227d8542916b98a48a27fbcca23d2dd9c1a684c6ae,33b25a34d452743a462e4072220b589d688575824089a0553cdeb8c213d92da8,13,125.90516662597656,False
20,1,10.380959510803223,167c301976bfb649bf46ed8fb10c5e2d497e7db3fb6c5053ac7ffc58f422c4b2,733b3579454456f2f86a21fa35d2e8f56614d91db79b95a76abd620f7321ce33,191332f8fe5e34dea681221d0197c862ff3e5031c7f229fd40d10b1f4be5210e,148.70448303222656,True,ERM,167c301976bfb649bf46ed8fb10c5e2d497e7db3fb6c5053ac7ffc58f422c4b2,886cabef3d8e386f3876040953fc6fa8283f499fa4a5937ccd617efebdfce1e7,720683bc77c8ac9756f4f0e0f71c025ba230432025dd331d95c01f3e6e29366f,u001,167c301976bfb649bf46ed8fb10c5e2d497e7db3fb6c5053ac7ffc58f422c4b2,c1afddbb7885b76ff17a47304b51cdb19d2b600ba21cead01993d106cf9ba392,1f8f42eddeb35a879939a76d181bf387ab597a80dc643112e34d816e71c52c4e,167c301976bfb649bf46ed8fb10c5e2d497e7db3fb6c5053ac7ffc58f422c4b2,True,c1afddbb7885b76ff17a47304b51cdb19d2b600ba21cead01993d106cf9ba392,1f8f42eddeb35a879939a76d181bf387ab597a80dc643112e34d816e71c52c4e,13,107.7486343383789,False
1,2,0.0,167c301976bfb649bf46ed8fb10c5e2d497e7db3fb6c5053ac7ffc58f422c4b2,c5f769ca6bdce5d14e3583dd03b13cd55f5345301f4ca83f9d36de14ce11c8c2,72e80fa46ee7a2763269dfe1b2d9bcdb2b54fc8de3d190fb86e27d770563ee48,0.0,True,ERM,LINEAR_COMBINATION,LINEAR_COMBINATION,LINEAR_COMBINATION,u002,LINEAR_COMBINATION,LINEAR_COMBINATION,LINEAR_COMBINATION,LINEAR_COMBINATION,True,LINEAR_COMBINATION,LINEAR_COMBINATION,13,0.0,False
5,2,0.0,167c301976bfb649bf46ed8fb10c5e2d497e7db3fb6c5053ac7ffc58f422c4b2,e49da3b61db0f59015ea95cfe717dcf0d9f3df410ecbbb0f4378671200fc318c,69f27fe512ea2ddaa429cf865ce4a22dd6a1de883155577fdae871390c5debcf,0.0,True,ERM,LINEAR_COMBINATION,LINEAR_COMBINATION,LINEAR_COMBINATION,u002,LINEAR_COMBINATION,LINEAR_COMBINATION,LINEAR_COMBINATION,LINEAR_COMBINATION,True,LINEAR_COMBINATION,LINEAR_COMBINATION,13,0.0,False
20,2,0.0,167c301976bfb649bf46ed8fb10c5e2d497e7db3fb6c5053ac7ffc58f422c4b2,733b3579454456f2f86a21fa35d2e8f56614d91db79b95a76abd620f7321ce33,191332f8fe5e34dea681221d0197c862ff3e5031c7f229fd40d10b1f4be5210e,0.0,True,ERM,LINEAR_COMBINATION,LINEAR_COMBINATION,LINEAR_COMBINATION,u002,LINEAR_COMBINATION,LINEAR_COMBINATION,LINEAR_COMBINATION,LINEAR_COMBINATION,True,LINEAR_COMBINATION,LINEAR_COMBINATION,13,0.0,False
1,3,1.8265564441680908,167c301976bfb649bf46ed8fb10c5e2d497e7db3fb6c5053ac7ffc58f422c4b2,c5f769ca6bdce5d14e3583dd03b13cd55f5345301f4ca83f9d36de14ce11c8c2,72e80fa46ee7a2763269dfe1b2d9bcdb2b54fc8de3d190fb86e27d770563ee48,7.416531562805176,True,ERM,167c301976bfb649bf46ed8fb10c5e2d497e7db3fb6c5053ac7ffc58f422c4b2,5115e2a7f5192b9805c9e1c72984a34ec7775af40b522e1187cfe40622316114,06ee23b8ba5f39006eab712632ec4d1250d3cac39b29bb72f73c33a382177c30,u003,167c301976bfb649bf46ed8fb10c5e2d497e7db3fb6c5053ac7ffc58f422c4b2,9bd48e72338eda4e596e932f01d6d784207ec58a4fd48a30f912d723b6388cc2,b6290f49f7ee88def3a2699f10a4e5686fa83f31a60c8649796f281c0b51e117,167c301976bfb649bf46ed8fb10c5e2d497e7db3fb6c5053ac7ffc58f422c4b2,True,9bd48e72338eda4e596e932f01d6d784207ec58a4fd48a30f912d723b6388cc2,b6290f49f7ee88def3a2699f10a4e5686fa83f31a60c8649796f281c0b51e117,13,4.027482509613037,False
5,3,16.161415100097656,167c301976bfb649bf46ed8fb10c5e2d497e7db3fb6c5053ac7ffc58f422c4b2,e49da3b61db0f59015ea95cfe717dcf0d9f3df410ecbbb0f4378671200fc318c,69f27fe512ea2ddaa429cf865ce4a22dd6a1de883155577fdae871390c5debcf,59.91891098022461,True,ERM,167c301976bfb649bf46ed8fb10c5e2d497e7db3fb6c5053ac7ffc58f422c4b2,58c559150fc740678be82a644a7c16feb581ad4634712dc6c6f67e2895de337a,ca77a8ce5a9f4c4f91e1e11f357b151a448a5331ab78c731fb4ec9e56690d601,u003,167c301976bfb649bf46ed8fb10c5e2d497e7db3fb6c5053ac7ffc58f422c4b2,4f8f6baa7b3cc56729fb58cc97ea53adf0f5c0e0e8b6a122059e2d32ab139ef7,ce3075de3b18d192a4e3f888fd51b3b42d1684e4daa384364d8179fa2571caa3,167c301976bfb649bf46ed8fb10c5e2d497e7db3fb6c5053ac7ffc58f422c4b2,True,4f8f6baa7b3cc56729fb58cc97ea53adf0f5c0e0e8b6a122059e2d32ab139ef7,ce3075de3b18d192a4e3f888fd51b3b42d1684e4daa384364d8179fa2571caa3,13,27.344345092773438,False
20,3,77.23704528808594,167c301976bfb649bf46ed8fb10c5e2d497e7db3fb6c5053ac7ffc58f422c4b2,733b3579454456f2f86a21fa35d2e8f56614d91db79b95a76abd620f7321ce33,191332f8fe5e34dea681221d0197c862ff3e5031c7f229fd40d10b1f4be5210e,123.1296615600586,True,ERM,167c301976bfb649bf46ed8fb10c5e2d497e7db3fb6c5053ac7ffc58f422c4b2,d7ee2f7e925abfb4c9e7d5842e33f8181e8062be6975531a2ebe3f7624c9ac88,3faa5a4dce2407ae44b421f5741520f83b5c0d3cf8a3c4ec99ce62074356b2e1,u003,167c301976bfb649bf46ed8fb10c5e2d497e7db3fb6c5053ac7ffc58f422c4b2,3e99374b3f68490f888cc163abcd236ff4e2e3a8206cb11668e2ef8a1687e37e,bb227e3dd658510503285f9037ff16e92e12fd665c405f02f859ab94d9fb278e,167c301976bfb649bf46ed8fb10c5e2d497e7db3fb6c5053ac7ffc58f422c4b2,True,3e99374b3f68490f888cc163abcd236ff4e2e3a8206cb11668e2ef8a1687e37e,bb227e3dd658510503285f9037ff16e92e12fd665c405f02f859ab94d9fb278e,13,81.01508331298828,False
1,4,0.0,167c301976bfb649bf46ed8fb10c5e2d497e7db3fb6c5053ac7ffc58f422c4b2,c5f769ca6bdce5d14e3583dd03b13cd55f5345301f4ca83f9d36de14ce11c8c2,72e80fa46ee7a2763269dfe1b2d9bcdb2b54fc8de3d190fb86e27d770563ee48,0.0,True,ERM,LINEAR_COMBINATION,LINEAR_COMBINATION,LINEAR_COMBINATION,u004,LINEAR_COMBINATION,LINEAR_COMBINATION,LINEAR_COMBINATION,LINEAR_COMBINATION,True,LINEAR_COMBINATION,LINEAR_COMBINATION,13,0.0,False
5,4,0.0,167c301976bfb649bf46ed8fb10c5e2d497e7db3fb6c5053ac7ffc58f422c4b2,e49da3b61db0f59015ea95cfe717dcf0d9f3df410ecbbb0f4378671200fc318c,69f27fe512ea2ddaa429cf865ce4a22dd6a1de883155577fdae871390c5debcf,0.0,True,ERM,LINEAR_COMBINATION,LINEAR_COMBINATION,LINEAR_COMBINATION,u004,LINEAR_COMBINATION,LINEAR_COMBINATION,LINEAR_COMBINATION,LINEAR_COMBINATION,True,LINEAR_COMBINATION,LINEAR_COMBINATION,13,0.0,False
20,4,0.0,167c301976bfb649bf46ed8fb10c5e2d497e7db3fb6c5053ac7ffc58f422c4b2,733b3579454456f2f86a21fa35d2e8f56614d91db79b95a76abd620f7321ce33,191332f8fe5e34dea681221d0197c862ff3e5031c7f229fd40d10b1f4be5210e,0.0,True,ERM,LINEAR_COMBINATION,LINEAR_COMBINATION,LINEAR_COMBINATION,u004,LINEAR_COMBINATION,LINEAR_COMBINATION,LINEAR_COMBINATION,LINEAR_COMBINATION,True,LINEAR_COMBINATION,LINEAR_COMBINATION,13,0.0,False
1,-1,2.218888998031616,167c301976bfb649bf46ed8fb10c5e2d497e7db3fb6c5053ac7ffc58f422c4b2,c5f769ca6bdce5d14e3583dd03b13cd55f5345301f4ca83f9d36de14ce11c8c2,72e80fa46ee7a2763269dfe1b2d9bcdb2b54fc8de3d190fb86e27d770563ee48,29.500831604003906,True,ERM,LINEAR_COMBINATION,LINEAR_COMBINATION,LINEAR_COMBINATION,u005,LINEAR_COMBINATION,LINEAR_COMBINATION,LINEAR_COMBINATION,LINEAR_COMBINATION,True,LINEAR_COMBINATION,LINEAR_COMBINATION,13,20.833547592163086,False
5,-1,9.610188484191895,167c301976bfb649bf46ed8fb10c5e2d497e7db3fb6c5053ac7ffc58f422c4b2,e49da3b61db0f59015ea95cfe717dcf0d9f3df410ecbbb0f4378671200fc318c,69f27fe512ea2ddaa429cf865ce4a22dd6a1de883155577fdae871390c5debcf,246.67767333984375,True,ERM,LINEAR_COMBINATION,LINEAR_COMBINATION,LINEAR_COMBINATION,u005,LINEAR_COMBINATION,LINEAR_COMBINATION,LINEAR_COMBINATION,LINEAR_COMBINATION,True,LINEAR_COMBINATION,LINEAR_COMBINATION,13,176.59490966796875,False
20,-1,12.864218711853027,167c301976bfb649bf46ed8fb10c5e2d497e7db3fb6c5053ac7ffc58f422c4b2,733b3579454456f2f86a21fa35d2e8f56614d91db79b95a76abd620f7321ce33,191332f8fe5e34dea681221d0197c862ff3e5031c7f229fd40d10b1f4be5210e,207.8525848388672,True,ERM,LINEAR_COMBINATION,LINEAR_COMBINATION,LINEAR_COMBINATION,u005,LINEAR_COMBINATION,LINEAR_COMBINATION,LINEAR_COMBINATION,LINEAR_COMBINATION,True,LINEAR_COMBINATION,LINEAR_COMBINATION,13,150.98336791992188,False
1,-1,0.1435842663049698,167c301976bfb649bf46ed8fb10c5e2d497e7db3fb6c5053ac7ffc58f422c4b2,c5f769ca6bdce5d14e3583dd03b13cd55f5345301f4ca83f9d36de14ce11c8c2,72e80fa46ee7a2763269dfe1b2d9bcdb2b54fc8de3d190fb86e27d770563ee48,0.6687561869621277,True,ERM,LINEAR_COMBINATION,LINEAR_COMBINATION,LINEAR_COMBINATION,u006,LINEAR_COMBINATION,LINEAR_COMBINATION,LINEAR_COMBINATION,LINEAR_COMBINATION,True,LINEAR_COMBINATION,LINEAR_COMBINATION,13,0.45669975876808167,False
5,-1,1.4541071653366089,167c301976bfb649bf46ed8fb10c5e2d497e7db3fb6c5053ac7ffc58f422c4b2,e49da3b61db0f59015ea95cfe717dcf0d9f3df410ecbbb0f4378671200fc318c,69f27fe512ea2ddaa429cf865ce4a22dd6a1de883155577fdae871390c5debcf,3.508882761001587,True,ERM,LINEAR_COMBINATION,LINEAR_COMBINATION,LINEAR_COMBINATION,u006,LINEAR_COMBINATION,LINEAR_COMBINATION,LINEAR_COMBINATION,LINEAR_COMBINATION,True,LINEAR_COMBINATION,LINEAR_COMBINATION,13,2.1157381534576416,False
20,-1,3.341515302658081,167c301976bfb649bf46ed8fb10c5e2d497e7db3fb6c5053ac7ffc58f422c4b2,733b3579454456f2f86a21fa35d2e8f56614d91db79b95a76abd620f7321ce33,191332f8fe5e34dea681221d0197c862ff3e5031c7f229fd40d10b1f4be5210e,6.343931674957275,True,ERM,LINEAR_COMBINATION,LINEAR_COMBINATION,LINEAR_COMBINATION,u006,LINEAR_COMBINATION,LINEAR_COMBINATION,LINEAR_COMBINATION,LINEAR_COMBINATION,True,LINEAR_COMBINATION,LINEAR_COMBINATION,13,3.8894100189208984,False
1,-1,1.5689914226531982,167c301976bfb649bf46ed8fb10c5e2d497e7db3fb6c5053ac7ffc58f422c4b2,c5f769ca6bdce5d14e3583dd03b13cd55f5345301f4ca83f9d36de14ce11c8c2,72e80fa46ee7a2763269dfe1b2d9bcdb2b54fc8de3d190fb86e27d770563ee48,20.86023712158203,True,ERM,LINEAR_COMBINATION,LINEAR_COMBINATION,LINEAR_COMBINATION,u007,LINEAR_COMBINATION,LINEAR_COMBINATION,LINEAR_COMBINATION,LINEAR_COMBINATION,True,LINEAR_COMBINATION,LINEAR_COMBINATION,13,14.731544494628906,False
5,-1,6.795429229736328,167c301976bfb649bf46ed8fb10c5e2d497e7db3fb6c5053ac7ffc58f422c4b2,e49da3b61db0f59015ea95cfe717dcf0d9f3df410ecbbb0f4378671200fc318c,69f27fe512ea2ddaa429cf865ce4a22dd6a1de883155577fdae871390c5debcf,174.42745971679688,True,ERM,LINEAR_COMBINATION,LINEAR_COMBINATION,LINEAR_COMBINATION,u007,LINEAR_COMBINATION,LINEAR_COMBINATION,LINEAR_COMBINATION,LINEAR_COMBINATION,True,LINEAR_COMBINATION,LINEAR_COMBINATION,13,124.8714599609375,False
20,-1,9.096376419067383,167c301976bfb649bf46ed8fb10c5e2d497e7db3fb6c5053ac7ffc58f422c4b2,733b3579454456f2f86a21fa35d2e8f56614d91db79b95a76abd620f7321ce33,191332f8fe5e34dea681221d0197c862ff3e5031c7f229fd40d10b1f4be5210e,146.97396850585938,True,ERM,LINEAR_COMBINATION,LINEAR_COMBINATION,LINEAR_COMBINATION,u007,LINEAR_COMBINATION,LINEAR_COMBINATION,LINEAR_COMBINATION,LINEAR_COMBINATION,True,LINEAR_COMBINATION,LINEAR_COMBINATION,13,106.76136016845703,False
1,-1,1.5689914226531982,167c301976bfb649bf46ed8fb10c5e2d497e7db3fb6c5053ac7ffc58f422c4b2,c5f769ca6bdce5d14e3583dd03b13cd55f5345301f4ca83f9d36de14ce11c8c2,72e80fa46ee7a2763269dfe1b2d9bcdb2b54fc8de3d190fb86e27d770563ee48,20.86023712158203,True,ERM,LINEAR_COMBINATION,LINEAR_COMBINATION,LINEAR_COMBINATION,u008,LINEAR_COMBINATION,LINEAR_COMBINATION,LINEAR_COMBINATION,LINEAR_COMBINATION,True,LINEAR_COMBINATION,LINEAR_COMBINATION,13,14.731544494628906,False
5,-1,6.795429229736328,167c301976bfb649bf46ed8fb10c5e2d497e7db3fb6c5053ac7ffc58f422c4b2,e49da3b61db0f59015ea95cfe717dcf0d9f3df410ecbbb0f4378671200fc318c,69f27fe512ea2ddaa429cf865ce4a22dd6a1de883155577fdae871390c5debcf,174.42745971679688,True,ERM,LINEAR_COMBINATION,LINEAR_COMBINATION,LINEAR_COMBINATION,u008,LINEAR_COMBINATION,LINEAR_COMBINATION,LINEAR_COMBINATION,LINEAR_COMBINATION,True,LINEAR_COMBINATION,LINEAR_COMBINATION,13,124.8714599609375,False
20,-1,9.096376419067383,167c301976bfb649bf46ed8fb10c5e2d497e7db3fb6c5053ac7ffc58f422c4b2,733b3579454456f2f86a21fa35d2e8f56614d91db79b95a76abd620f7321ce33,191332f8fe5e34dea681221d0197c862ff3e5031c7f229fd40d10b1f4be5210e,146.97396850585938,True,ERM,LINEAR_COMBINATION,LINEAR_COMBINATION,LINEAR_COMBINATION,u008,LINEAR_COMBINATION,LINEAR_COMBINATION,LINEAR_COMBINATION,LINEAR_COMBINATION,True,LINEAR_COMBINATION,LINEAR_COMBINATION,13,106.76136016845703,False
1,-1,1.2915704250335693,167c301976bfb649bf46ed8fb10c5e2d497e7db3fb6c5053ac7ffc58f422c4b2,c5f769ca6bdce5d14e3583dd03b13cd55f5345301f4ca83f9d36de14ce11c8c2,72e80fa46ee7a2763269dfe1b2d9bcdb2b54fc8de3d190fb86e27d770563ee48,5.244279861450195,True,ERM,LINEAR_COMBINATION,LINEAR_COMBINATION,LINEAR_COMBINATION,u009,LINEAR_COMBINATION,LINEAR_COMBINATION,LINEAR_COMBINATION,LINEAR_COMBINATION,True,LINEAR_COMBINATION,LINEAR_COMBINATION,13,2.847860097885132,False
5,-1,11.42784595489502,167c301976bfb649bf46ed8fb10c5e2d497e7db3fb6c5053ac7ffc58f422c4b2,e49da3b61db0f59015ea95cfe717dcf0d9f3df410ecbbb0f4378671200fc318c,69f27fe512ea2ddaa429cf865ce4a22dd6a1de883155577fdae871390c5debcf,42.36906814575195,True,ERM,LINEAR_COMBINATION,LINEAR_COMBINATION,LINEAR_COMBINATION,u009,LINEAR_COMBINATION,LINEAR_COMBINATION,LINEAR_COMBINATION,LINEAR_COMBINATION,True,LINEAR_COMBINATION,LINEAR_COMBINATION,13,19.335372924804688,False
20,-1,54.61484146118164,167c301976bfb649bf46ed8fb10c5e2d497e7db3fb6c5053ac7ffc58f422c4b2,733b3579454456f2f86a21fa35d2e8f56614d91db79b95a76abd620f7321ce33,191332f8fe5e34dea681221d0197c862ff3e5031c7f229fd40d10b1f4be5210e,87.0658187866211,True,ERM,LINEAR_COMBINATION,LINEAR_COMBINATION,LINEAR_COMBINATION,u009,LINEAR_COMBINATION,LINEAR_COMBINATION,LINEAR_COMBINATION,LINEAR_COMBINATION,True,LINEAR_COMBINATION,LINEAR_COMBINATION,13,57.286312103271484,False
1,-1,1.2915704250335693,167c301976bfb649bf46ed8fb10c5e2d497e7db3fb6c5053ac7ffc58f422c4b2,c5f769ca6bdce5d14e3583dd03b13cd55f5345301f4ca83f9d36de14ce11c8c2,72e80fa46ee7a2763269dfe1b2d9bcdb2b54fc8de3d190fb86e27d770563ee48,5.244279861450195,True,ERM,LINEAR_COMBINATION,LINEAR_COMBINATION,LINEAR_COMBINATION,u010,LINEAR_COMBINATION,LINEAR_COMBINATION,LINEAR_COMBINATION,LINEAR_COMBINATION,True,LINEAR_COMBINATION,LINEAR_COMBINATION,13,2.847860097885132,False
5,-1,11.42784595489502,167c301976bfb649bf46ed8fb10c5e2d497e7db3fb6c5053ac7ffc58f422c4b2,e49da3b61db0f59015ea95cfe717dcf0d9f3df410ecbbb0f4378671200fc318c,69f27fe512ea2ddaa429cf865ce4a22dd6a1de883155577fdae871390c5debcf,42.36906814575195,True,ERM,LINEAR_COMBINATION,LINEAR_COMBINATION,LINEAR_COMBINATION,u010,LINEAR_COMBINATION,LINEAR_COMBINATION,LINEAR_COMBINATION,LINEAR_COMBINATION,True,LINEAR_COMBINATION,LINEAR_COMBINATION,13,19.335372924804688,False
20,-1,54.61484146118164,167c301976bfb649bf46ed8fb10c5e2d497e7db3fb6c5053ac7ffc58f422c4b2,733b3579454456f2f86a21fa35d2e8f56614d91db79b95a76abd620f7321ce33,191332f8fe5e34dea681221d0197c862ff3e5031c7f229fd40d10b1f4be5210e,87.0658187866211,True,ERM,LINEAR_COMBINATION,LINEAR_COMBINATION,LINEAR_COMBINATION,u010,LINEAR_COMBINATION,LINEAR_COMBINATION,LINEAR_COMBINATION,LINEAR_COMBINATION,True,LINEAR_COMBINATION,LINEAR_COMBINATION,13,57.286312103271484,False
1,0,0.028327157720923424,3cd1a5f4985d5652c87b99e72507cfa31e542dea860617ffc48a047bbf2996e5,76d3c943e3ca26ef2e04a576330867c069ab21059a84cebd17baf0bf67aeff47,730a180fd66132f091711b165087f1b2da92bd25c276a772da771b32ea3f1152,0.1148214116692543,True,IRMv1,3cd1a5f4985d5652c87b99e72507cfa31e542dea860617ffc48a047bbf2996e5,fd76a311f5b5f52dce7af681ea0c901b4926121e5d76fe702112dd5b9babd617,a1d59dd5fa45f95053d73188c76fe6a8a5f276002539a87768ebb4124aebd457,u000,3cd1a5f4985d5652c87b99e72507cfa31e542dea860617ffc48a047bbf2996e5,66b663a665101658787d9effcb42ec5a74080eb1b3897c9e85c3019dd8abc741,d5b4e7f2f73ba90b726e4cd9fc7316c0f3a838d248d85ec5e24ce2d9648d5d33,3cd1a5f4985d5652c87b99e72507cfa31e542dea860617ffc48a047bbf2996e5,True,66b663a665101658787d9effcb42ec5a74080eb1b3897c9e85c3019dd8abc741,d5b4e7f2f73ba90b726e4cd9fc7316c0f3a838d248d85ec5e24ce2d9648d5d33,13,0.09087932109832764,False
5,0,0.3096601665019989,3cd1a5f4985d5652c87b99e72507cfa31e542dea860617ffc48a047bbf2996e5,68f99e2e2ecf1b2076f3c9b07babefaf22ac6c20c4e73670303b108d03984ac7,bf5c2442768534cc9668a23f88f20798ad12282177ed1c22f95b519472c70902,1.2931519746780396,True,IRMv1,3cd1a5f4985d5652c87b99e72507cfa31e542dea860617ffc48a047bbf2996e5,6dd755aeddb715a5d115b8e95e3e90aab9225713b09cc0f36d776c9a7479028c,e50b17a8ee30d5fd9dce3e55afd9918159e1dac8c2725cd657c0e9157413215c,u000,3cd1a5f4985d5652c87b99e72507cfa31e542dea860617ffc48a047bbf2996e5,1234dc5a9c1875a9648a455b75ca9f75eefd5db10fe4fea2b451cbaa905c90b3,3722c4a7b1e9841434911bbe87a75e93561a005542e83d507ca256292fdc3611,3cd1a5f4985d5652c87b99e72507cfa31e542dea860617ffc48a047bbf2996e5,True,1234dc5a9c1875a9648a455b75ca9f75eefd5db10fe4fea2b451cbaa905c90b3,3722c4a7b1e9841434911bbe87a75e93561a005542e83d507ca256292fdc3611,13,1.0217477083206177,False
20,0,1.2636789083480835,3cd1a5f4985d5652c87b99e72507cfa31e542dea860617ffc48a047bbf2996e5,2199070d88d3bf181d8d4a01e69561842cf012bbfa3b3b0965fa823564ab8522,993af8398e82a1b04b639ed5247296cf255b2f4b36b510d84b6dceb02d3bad23,2.1699323654174805,True,IRMv1,3cd1a5f4985d5652c87b99e72507cfa31e542dea860617ffc48a047bbf2996e5,7e56aaa5fae0e708abe2d7d0311f62bdfc4ce8969c452797b166efc903a54c8a,b9788f173d13289fcc0faf643086d3b729b771d10cb0d216387923a90e1fbcce,u000,3cd1a5f4985d5652c87b99e72507cfa31e542dea860617ffc48a047bbf2996e5,cb590b103c788a828ea339435cf98d4a0735a82b73c23b63ac145df8cc2055e8,c816ffed29aaad9bc6fa4d2bccb4e1f4f7300d53b330bffb651b77d36f0c7167,3cd1a5f4985d5652c87b99e72507cfa31e542dea860617ffc48a047bbf2996e5,True,cb590b103c788a828ea339435cf98d4a0735a82b73c23b63ac145df8cc2055e8,c816ffed29aaad9bc6fa4d2bccb4e1f4f7300d53b330bffb651b77d36f0c7167,13,1.9388601779937744,False
1,1,0.04564546421170235,3cd1a5f4985d5652c87b99e72507cfa31e542dea860617ffc48a047bbf2996e5,76d3c943e3ca26ef2e04a576330867c069ab21059a84cebd17baf0bf67aeff47,730a180fd66132f091711b165087f1b2da92bd25c276a772da771b32ea3f1152,0.5488823056221008,True,IRMv1,3cd1a5f4985d5652c87b99e72507cfa31e542dea860617ffc48a047bbf2996e5,444a5dd6b1b3539460a0f1ffb1bb4e645ba0138f4727a2abf10c938c128ec0d9,6d6c97a69a888fada1f72618ea6e5337a675c15af47866da4548fe121709c3db,u001,3cd1a5f4985d5652c87b99e72507cfa31e542dea860617ffc48a047bbf2996e5,c55ec7671a14dc346f6d22dbbc31bca4bda9e5317ee3fb7306296f17d33dd333,968768682755461f7613d37cbc91498b701a9047182fcd0514afc98ab37d7fa2,3cd1a5f4985d5652c87b99e72507cfa31e542dea860617ffc48a047bbf2996e5,True,c55ec7671a14dc346f6d22dbbc31bca4bda9e5317ee3fb7306296f17d33dd333,968768682755461f7613d37cbc91498b701a9047182fcd0514afc98ab37d7fa2,13,0.445071280002594,False
5,1,0.2839714288711548,3cd1a5f4985d5652c87b99e72507cfa31e542dea860617ffc48a047bbf2996e5,68f99e2e2ecf1b2076f3c9b07babefaf22ac6c20c4e73670303b108d03984ac7,bf5c2442768534cc9668a23f88f20798ad12282177ed1c22f95b519472c70902,5.30640172958374,True,IRMv1,3cd1a5f4985d5652c87b99e72507cfa31e542dea860617ffc48a047bbf2996e5,600cfcb057a49aab2da3dcfefdf1240e441e2ed9bd748681e88badca8e1f2b5f,d1f87b310fedea3fd7055cc98512dc249c29ba3c9a03a1e7f42639a549358540,u001,3cd1a5f4985d5652c87b99e72507cfa31e542dea860617ffc48a047bbf2996e5,495e1fa3d05b6a3135218254060500d85e15ba541e9f2ab388fcbd045c70108b,7419812933193edc4a22724e4d0960f3486bcad4a1aab481a119e1c7a5f7cf33,3cd1a5f4985d5652c87b99e72507cfa31e542dea860617ffc48a047bbf2996e5,True,495e1fa3d05b6a3135218254060500d85e15ba541e9f2ab388fcbd045c70108b,7419812933193edc4a22724e4d0960f3486bcad4a1aab481a119e1c7a5f7cf33,13,4.335371494293213,False
20,1,1.5387076139450073,3cd1a5f4985d5652c87b99e72507cfa31e542dea860617ffc48a047bbf2996e5,2199070d88d3bf181d8d4a01e69561842cf012bbfa3b3b0965fa823564ab8522,993af8398e82a1b04b639ed5247296cf255b2f4b36b510d84b6dceb02d3bad23,3.312870740890503,True,IRMv1,3cd1a5f4985d5652c87b99e72507cfa31e542dea860617ffc48a047bbf2996e5,8707ac2e4541fcc31fbdcfe51ec45d3b4c9d5778b7349529e5ea23f2cefbd228,ba02a35b515978ed94deabbe30d49006393894901a78f6f47107bad67d3bbdc4,u001,3cd1a5f4985d5652c87b99e72507cfa31e542dea860617ffc48a047bbf2996e5,72954c1ac03525359b310ddc5dbf07f7319559862e28f9985e38837796c56c36,878629583ed6117adb23e8c4621060c3521a3718c73226e642aacd7dff3b0d68,3cd1a5f4985d5652c87b99e72507cfa31e542dea860617ffc48a047bbf2996e5,True,72954c1ac03525359b310ddc5dbf07f7319559862e28f9985e38837796c56c36,878629583ed6117adb23e8c4621060c3521a3718c73226e642aacd7dff3b0d68,13,2.873849391937256,False
1,2,0.0,3cd1a5f4985d5652c87b99e72507cfa31e542dea860617ffc48a047bbf2996e5,76d3c943e3ca26ef2e04a576330867c069ab21059a84cebd17baf0bf67aeff47,730a180fd66132f091711b165087f1b2da92bd25c276a772da771b32ea3f1152,0.0,True,IRMv1,LINEAR_COMBINATION,LINEAR_COMBINATION,LINEAR_COMBINATION,u002,LINEAR_COMBINATION,LINEAR_COMBINATION,LINEAR_COMBINATION,LINEAR_COMBINATION,True,LINEAR_COMBINATION,LINEAR_COMBINATION,13,0.0,False
5,2,0.0,3cd1a5f4985d5652c87b99e72507cfa31e542dea860617ffc48a047bbf2996e5,68f99e2e2ecf1b2076f3c9b07babefaf22ac6c20c4e73670303b108d03984ac7,bf5c2442768534cc9668a23f88f20798ad12282177ed1c22f95b519472c70902,0.0,True,IRMv1,LINEAR_COMBINATION,LINEAR_COMBINATION,LINEAR_COMBINATION,u002,LINEAR_COMBINATION,LINEAR_COMBINATION,LINEAR_COMBINATION,LINEAR_COMBINATION,True,LINEAR_COMBINATION,LINEAR_COMBINATION,13,0.0,False
20,2,0.0,3cd1a5f4985d5652c87b99e72507cfa31e542dea860617ffc48a047bbf2996e5,2199070d88d3bf181d8d4a01e69561842cf012bbfa3b3b0965fa823564ab8522,993af8398e82a1b04b639ed5247296cf255b2f4b36b510d84b6dceb02d3bad23,0.0,True,IRMv1,LINEAR_COMBINATION,LINEAR_COMBINATION,LINEAR_COMBINATION,u002,LINEAR_COMBINATION,LINEAR_COMBINATION,LINEAR_COMBINATION,LINEAR_COMBINATION,True,LINEAR_COMBINATION,LINEAR_COMBINATION,13,0.0,False
1,3,0.9105949997901917,3cd1a5f4985d5652c87b99e72507cfa31e542dea860617ffc48a047bbf2996e5,76d3c943e3ca26ef2e04a576330867c069ab21059a84cebd17baf0bf67aeff47,730a180fd66132f091711b165087f1b2da92bd25c276a772da771b32ea3f1152,6.299530506134033,True,IRMv1,3cd1a5f4985d5652c87b99e72507cfa31e542dea860617ffc48a047bbf2996e5,1a3d9fe8a0386a33d2e79a9570e72c5958e2bf16d1d687af20758d468a2a7b1c,f329a95b5e3ee00bb20e4a3498564d4e1e0a0c31d7b71a0473b65a031180f852,u003,3cd1a5f4985d5652c87b99e72507cfa31e542dea860617ffc48a047bbf2996e5,80fd80cb9c31e71ad0b02fd7d81537473179f60fa19f0e2b92c2471e80a7e29b,0fd22c2c5179fe701e2ad75b8262b656c28493b39ec01803833daf2175970849,3cd1a5f4985d5652c87b99e72507cfa31e542dea860617ffc48a047bbf2996e5,True,80fd80cb9c31e71ad0b02fd7d81537473179f60fa19f0e2b92c2471e80a7e29b,0fd22c2c5179fe701e2ad75b8262b656c28493b39ec01803833daf2175970849,13,5.044781684875488,False
5,3,6.429250717163086,3cd1a5f4985d5652c87b99e72507cfa31e542dea860617ffc48a047bbf2996e5,68f99e2e2ecf1b2076f3c9b07babefaf22ac6c20c4e73670303b108d03984ac7,bf5c2442768534cc9668a23f88f20798ad12282177ed1c22f95b519472c70902,47.58388137817383,True,IRMv1,3cd1a5f4985d5652c87b99e72507cfa31e542dea860617ffc48a047bbf2996e5,a71a4439092e611564b4ff6c3db8e99ab64d759da0241cc8c962c99e8bf9f3e2,19514466e473953bc52a04ed5b34b6dbb3da1c8e631e7a7c1b79bb32dce7cbb4,u003,3cd1a5f4985d5652c87b99e72507cfa31e542dea860617ffc48a047bbf2996e5,eb9a37aa508940ef6ef78d403e8a208140899a3be95a239758c1d40c76e7fcd2,0ccdec12cb20597a3cb561c6c088f1444733d5a8ba9fe0cb0abd1cc6ca6ddff2,3cd1a5f4985d5652c87b99e72507cfa31e542dea860617ffc48a047bbf2996e5,True,eb9a37aa508940ef6ef78d403e8a208140899a3be95a239758c1d40c76e7fcd2,0ccdec12cb20597a3cb561c6c088f1444733d5a8ba9fe0cb0abd1cc6ca6ddff2,13,38.07600021362305,False
20,3,6.230396747589111,3cd1a5f4985d5652c87b99e72507cfa31e542dea860617ffc48a047bbf2996e5,2199070d88d3bf181d8d4a01e69561842cf012bbfa3b3b0965fa823564ab8522,993af8398e82a1b04b639ed5247296cf255b2f4b36b510d84b6dceb02d3bad23,38.07307052612305,True,IRMv1,3cd1a5f4985d5652c87b99e72507cfa31e542dea860617ffc48a047bbf2996e5,fa3e19818fcd3605d374097557ab24c0e551f284aad2cd7cc7deddd8227ec9f9,e85b638598c946119c077d54c101e6e3f31662a6e504bce328a25909055a1f65,u003,3cd1a5f4985d5652c87b99e72507cfa31e542dea860617ffc48a047bbf2996e5,48f1d7bf7b949f43e2b72de13fe7ad262640f2b5f703033005b7034f33519e04,2aca7b9f9e95617d6d75efe5f0ebed8e926026b0e0be35cf6e124a33aab282f6,3cd1a5f4985d5652c87b99e72507cfa31e542dea860617ffc48a047bbf2996e5,True,48f1d7bf7b949f43e2b72de13fe7ad262640f2b5f703033005b7034f33519e04,2aca7b9f9e95617d6d75efe5f0ebed8e926026b0e0be35cf6e124a33aab282f6,13,30.27153205871582,False
1,4,0.0,3cd1a5f4985d5652c87b99e72507cfa31e542dea860617ffc48a047bbf2996e5,76d3c943e3ca26ef2e04a576330867c069ab21059a84cebd17baf0bf67aeff47,730a180fd66132f091711b165087f1b2da92bd25c276a772da771b32ea3f1152,0.0,True,IRMv1,LINEAR_COMBINATION,LINEAR_COMBINATION,LINEAR_COMBINATION,u004,LINEAR_COMBINATION,LINEAR_COMBINATION,LINEAR_COMBINATION,LINEAR_COMBINATION,True,LINEAR_COMBINATION,LINEAR_COMBINATION,13,0.0,False
5,4,0.0,3cd1a5f4985d5652c87b99e72507cfa31e542dea860617ffc48a047bbf2996e5,68f99e2e2ecf1b2076f3c9b07babefaf22ac6c20c4e73670303b108d03984ac7,bf5c2442768534cc9668a23f88f20798ad12282177ed1c22f95b519472c70902,0.0,True,IRMv1,LINEAR_COMBINATION,LINEAR_COMBINATION,LINEAR_COMBINATION,u004,LINEAR_COMBINATION,LINEAR_COMBINATION,LINEAR_COMBINATION,LINEAR_COMBINATION,True,LINEAR_COMBINATION,LINEAR_COMBINATION,13,0.0,False
20,4,0.0,3cd1a5f4985d5652c87b99e72507cfa31e542dea860617ffc48a047bbf2996e5,2199070d88d3bf181d8d4a01e69561842cf012bbfa3b3b0965fa823564ab8522,993af8398e82a1b04b639ed5247296cf255b2f4b36b510d84b6dceb02d3bad23,0.0,True,IRMv1,LINEAR_COMBINATION,LINEAR_COMBINATION,LINEAR_COMBINATION,u004,LINEAR_COMBINATION,LINEAR_COMBINATION,LINEAR_COMBINATION,LINEAR_COMBINATION,True,LINEAR_COMBINATION,LINEAR_COMBINATION,13,0.0,False
1,-1,0.05147576332092285,3cd1a5f4985d5652c87b99e72507cfa31e542dea860617ffc48a047bbf2996e5,76d3c943e3ca26ef2e04a576330867c069ab21059a84cebd17baf0bf67aeff47,730a180fd66132f091711b165087f1b2da92bd25c276a772da771b32ea3f1152,0.4674000144004822,True,IRMv1,LINEAR_COMBINATION,LINEAR_COMBINATION,LINEAR_COMBINATION,u005,LINEAR_COMBINATION,LINEAR_COMBINATION,LINEAR_COMBINATION,LINEAR_COMBINATION,True,LINEAR_COMBINATION,LINEAR_COMBINATION,13,0.3771759569644928,False
5,-1,0.39347487688064575,3cd1a5f4985d5652c87b99e72507cfa31e542dea860617ffc48a047bbf2996e5,68f99e2e2ecf1b2076f3c9b07babefaf22ac6c20c4e73670303b108d03984ac7,bf5c2442768534cc9668a23f88f20798ad12282177ed1c22f95b519472c70902,4.634350299835205,True,IRMv1,LINEAR_COMBINATION,LINEAR_COMBINATION,LINEAR_COMBINATION,u005,LINEAR_COMBINATION,LINEAR_COMBINATION,LINEAR_COMBINATION,LINEAR_COMBINATION,True,LINEAR_COMBINATION,LINEAR_COMBINATION,13,3.7581729888916016,False
20,-1,0.21411585807800293,3cd1a5f4985d5652c87b99e72507cfa31e542dea860617ffc48a047bbf2996e5,2199070d88d3bf181d8d4a01e69561842cf012bbfa3b3b0965fa823564ab8522,993af8398e82a1b04b639ed5247296cf255b2f4b36b510d84b6dceb02d3bad23,1.0793781280517578,True,IRMv1,LINEAR_COMBINATION,LINEAR_COMBINATION,LINEAR_COMBINATION,u005,LINEAR_COMBINATION,LINEAR_COMBINATION,LINEAR_COMBINATION,LINEAR_COMBINATION,True,LINEAR_COMBINATION,LINEAR_COMBINATION,13,0.8335033059120178,False
1,-1,0.015368213877081871,3cd1a5f4985d5652c87b99e72507cfa31e542dea860617ffc48a047bbf2996e5,76d3c943e3ca26ef2e04a576330867c069ab21059a84cebd17baf0bf67aeff47,730a180fd66132f091711b165087f1b2da92bd25c276a772da771b32ea3f1152,0.30982744693756104,True,IRMv1,LINEAR_COMBINATION,LINEAR_COMBINATION,LINEAR_COMBINATION,u006,LINEAR_COMBINATION,LINEAR_COMBINATION,LINEAR_COMBINATION,LINEAR_COMBINATION,True,LINEAR_COMBINATION,LINEAR_COMBINATION,13,0.25315165519714355,False
5,-1,0.14733202755451202,3cd1a5f4985d5652c87b99e72507cfa31e542dea860617ffc48a047bbf2996e5,68f99e2e2ecf1b2076f3c9b07babefaf22ac6c20c4e73670303b108d03984ac7,bf5c2442768534cc9668a23f88f20798ad12282177ed1c22f95b519472c70902,2.8901453018188477,True,IRMv1,LINEAR_COMBINATION,LINEAR_COMBINATION,LINEAR_COMBINATION,u006,LINEAR_COMBINATION,LINEAR_COMBINATION,LINEAR_COMBINATION,LINEAR_COMBINATION,True,LINEAR_COMBINATION,LINEAR_COMBINATION,13,2.390721321105957,False
20,-1,1.9795606136322021,3cd1a5f4985d5652c87b99e72507cfa31e542dea860617ffc48a047bbf2996e5,2199070d88d3bf181d8d4a01e69561842cf012bbfa3b3b0965fa823564ab8522,993af8398e82a1b04b639ed5247296cf255b2f4b36b510d84b6dceb02d3bad23,3.810335874557495,True,IRMv1,LINEAR_COMBINATION,LINEAR_COMBINATION,LINEAR_COMBINATION,u006,LINEAR_COMBINATION,LINEAR_COMBINATION,LINEAR_COMBINATION,LINEAR_COMBINATION,True,LINEAR_COMBINATION,LINEAR_COMBINATION,13,3.365035057067871,False
1,-1,0.03639886528253555,3cd1a5f4985d5652c87b99e72507cfa31e542dea860617ffc48a047bbf2996e5,76d3c943e3ca26ef2e04a576330867c069ab21059a84cebd17baf0bf67aeff47,730a180fd66132f091711b165087f1b2da92bd25c276a772da771b32ea3f1152,0.3305017054080963,True,IRMv1,LINEAR_COMBINATION,LINEAR_COMBINATION,LINEAR_COMBINATION,u007,LINEAR_COMBINATION,LINEAR_COMBINATION,LINEAR_COMBINATION,LINEAR_COMBINATION,True,LINEAR_COMBINATION,LINEAR_COMBINATION,13,0.26670369505882263,False
5,-1,0.2782287299633026,3cd1a5f4985d5652c87b99e72507cfa31e542dea860617ffc48a047bbf2996e5,68f99e2e2ecf1b2076f3c9b07babefaf22ac6c20c4e73670303b108d03984ac7,bf5c2442768534cc9668a23f88f20798ad12282177ed1c22f95b519472c70902,3.2769806385040283,True,IRMv1,LINEAR_COMBINATION,LINEAR_COMBINATION,LINEAR_COMBINATION,u007,LINEAR_COMBINATION,LINEAR_COMBINATION,LINEAR_COMBINATION,LINEAR_COMBINATION,True,LINEAR_COMBINATION,LINEAR_COMBINATION,13,2.6574296951293945,False
20,-1,0.1514027714729309,3cd1a5f4985d5652c87b99e72507cfa31e542dea860617ffc48a047bbf2996e5,2199070d88d3bf181d8d4a01e69561842cf012bbfa3b3b0965fa823564ab8522,993af8398e82a1b04b639ed5247296cf255b2f4b36b510d84b6dceb02d3bad23,0.7632356286048889,True,IRMv1,LINEAR_COMBINATION,LINEAR_COMBINATION,LINEAR_COMBINATION,u007,LINEAR_COMBINATION,LINEAR_COMBINATION,LINEAR_COMBINATION,LINEAR_COMBINATION,True,LINEAR_COMBINATION,LINEAR_COMBINATION,13,0.5893758535385132,False
1,-1,0.03639886528253555,3cd1a5f4985d5652c87b99e72507cfa31e542dea860617ffc48a047bbf2996e5,76d3c943e3ca26ef2e04a576330867c069ab21059a84cebd17baf0bf67aeff47,730a180fd66132f091711b165087f1b2da92bd25c276a772da771b32ea3f1152,0.3305017054080963,True,IRMv1,LINEAR_COMBINATION,LINEAR_COMBINATION,LINEAR_COMBINATION,u008,LINEAR_COMBINATION,LINEAR_COMBINATION,LINEAR_COMBINATION,LINEAR_COMBINATION,True,LINEAR_COMBINATION,LINEAR_COMBINATION,13,0.26670369505882263,False
5,-1,0.2782287299633026,3cd1a5f4985d5652c87b99e72507cfa31e542dea860617ffc48a047bbf2996e5,68f99e2e2ecf1b2076f3c9b07babefaf22ac6c20c4e73670303b108d03984ac7,bf5c2442768534cc9668a23f88f20798ad12282177ed1c22f95b519472c70902,3.2769806385040283,True,IRMv1,LINEAR_COMBINATION,LINEAR_COMBINATION,LINEAR_COMBINATION,u008,LINEAR_COMBINATION,LINEAR_COMBINATION,LINEAR_COMBINATION,LINEAR_COMBINATION,True,LINEAR_COMBINATION,LINEAR_COMBINATION,13,2.6574296951293945,False
20,-1,0.1514027714729309,3cd1a5f4985d5652c87b99e72507cfa31e542dea860617ffc48a047bbf2996e5,2199070d88d3bf181d8d4a01e69561842cf012bbfa3b3b0965fa823564ab8522,993af8398e82a1b04b639ed5247296cf255b2f4b36b510d84b6dceb02d3bad23,0.7632356286048889,True,IRMv1,LINEAR_COMBINATION,LINEAR_COMBINATION,LINEAR_COMBINATION,u008,LINEAR_COMBINATION,LINEAR_COMBINATION,LINEAR_COMBINATION,LINEAR_COMBINATION,True,LINEAR_COMBINATION,LINEAR_COMBINATION,13,0.5893758535385132,False
1,-1,0.6438878774642944,3cd1a5f4985d5652c87b99e72507cfa31e542dea860617ffc48a047bbf2996e5,76d3c943e3ca26ef2e04a576330867c069ab21059a84cebd17baf0bf67aeff47,730a180fd66132f091711b165087f1b2da92bd25c276a772da771b32ea3f1152,4.454440593719482,True,IRMv1,LINEAR_COMBINATION,LINEAR_COMBINATION,LINEAR_COMBINATION,u009,LINEAR_COMBINATION,LINEAR_COMBINATION,LINEAR_COMBINATION,LINEAR_COMBINATION,True,LINEAR_COMBINATION,LINEAR_COMBINATION,13,3.567199230194092,False
5,-1,4.546166896820068,3cd1a5f4985d5652c87b99e72507cfa31e542dea860617ffc48a047bbf2996e5,68f99e2e2ecf1b2076f3c9b07babefaf22ac6c20c4e73670303b108d03984ac7,bf5c2442768534cc9668a23f88f20798ad12282177ed1c22f95b519472c70902,33.646881103515625,True,IRMv1,LINEAR_COMBINATION,LINEAR_COMBINATION,LINEAR_COMBINATION,u009,LINEAR_COMBINATION,LINEAR_COMBINATION,LINEAR_COMBINATION,LINEAR_COMBINATION,True,LINEAR_COMBINATION,LINEAR_COMBINATION,13,26.923795700073242,False
20,-1,4.405555725097656,3cd1a5f4985d5652c87b99e72507cfa31e542dea860617ffc48a047bbf2996e5,2199070d88d3bf181d8d4a01e69561842cf012bbfa3b3b0965fa823564ab8522,993af8398e82a1b04b639ed5247296cf255b2f4b36b510d84b6dceb02d3bad23,26.92172622680664,True,IRMv1,LINEAR_COMBINATION,LINEAR_COMBINATION,LINEAR_COMBINATION,u009,LINEAR_COMBINATION,LINEAR_COMBINATION,LINEAR_COMBINATION,LINEAR_COMBINATION,True,LINEAR_COMBINATION,LINEAR_COMBINATION,13,21.40520477294922,False
1,-1,0.6438878774642944,3cd1a5f4985d5652c87b99e72507cfa31e542dea860617ffc48a047bbf2996e5,76d3c943e3ca26ef2e04a576330867c069ab21059a84cebd17baf0bf67aeff47,730a180fd66132f091711b165087f1b2da92bd25c276a772da771b32ea3f1152,4.454440593719482,True,IRMv1,LINEAR_COMBINATION,LINEAR_COMBINATION,LINEAR_COMBINATION,u010,LINEAR_COMBINATION,LINEAR_COMBINATION,LINEAR_COMBINATION,LINEAR_COMBINATION,True,LINEAR_COMBINATION,LINEAR_COMBINATION,13,3.567199230194092,False
5,-1,4.546166896820068,3cd1a5f4985d5652c87b99e72507cfa31e542dea860617ffc48a047bbf2996e5,68f99e2e2ecf1b2076f3c9b07babefaf22ac6c20c4e73670303b108d03984ac7,bf5c2442768534cc9668a23f88f20798ad12282177ed1c22f95b519472c70902,33.646881103515625,True,IRMv1,LINEAR_COMBINATION,LINEAR_COMBINATION,LINEAR_COMBINATION,u010,LINEAR_COMBINATION,LINEAR_COMBINATION,LINEAR_COMBINATION,LINEAR_COMBINATION,True,LINEAR_COMBINATION,LINEAR_COMBINATION,13,26.923795700073242,False
20,-1,4.405555725097656,3cd1a5f4985d5652c87b99e72507cfa31e542dea860617ffc48a047bbf2996e5,2199070d88d3bf181d8d4a01e69561842cf012bbfa3b3b0965fa823564ab8522,993af8398e82a1b04b639ed5247296cf255b2f4b36b510d84b6dceb02d3bad23,26.92172622680664,True,IRMv1,LINEAR_COMBINATION,LINEAR_COMBINATION,LINEAR_COMBINATION,u010,LINEAR_COMBINATION,LINEAR_COMBINATION,LINEAR_COMBINATION,LINEAR_COMBINATION,True,LINEAR_COMBINATION,LINEAR_COMBINATION,13,21.40520477294922,False
1,0,0.11395598202943802,31fd4db952a13c42c1208e0b0969f0a751e60af7a228cd45b11e8763610d01c3,302c4c87524ea0a31d335476e7db1133351e5e62b216a16f7ae32f13c98a9a6d,183e4b8670a54d92b750c4740b1a542bb2148f6e0080f68bbe507f8e7f7ee62b,0.7461327314376831,True,VREX,31fd4db952a13c42c1208e0b0969f0a751e60af7a228cd45b11e8763610d01c3,f383e678f42b6ac9d1362f1cd4fa60f8818c669a0c0201d5d2f6c8b1261cc6f7,16c97bcb564ac2aa6d91f65121244ea6a8a3815722982d4222837ca7ceea48c4,u000,31fd4db952a13c42c1208e0b0969f0a751e60af7a228cd45b11e8763610d01c3,7a30b146b2f46d950cf0fbac15f1634b82ffff4b4c4d717b5a97d4fa3c14bf4e,089de89d834cd376b94f5da70fa3a862b0037266af73be09d92f8931cd8b5f00,31fd4db952a13c42c1208e0b0969f0a751e60af7a228cd45b11e8763610d01c3,True,7a30b146b2f46d950cf0fbac15f1634b82ffff4b4c4d717b5a97d4fa3c14bf4e,089de89d834cd376b94f5da70fa3a862b0037266af73be09d92f8931cd8b5f00,13,0.5935503244400024,False
5,0,0.765678882598877,31fd4db952a13c42c1208e0b0969f0a751e60af7a228cd45b11e8763610d01c3,91577a75b53e5b47243292ae2317e23593e17d615ac38dab358f62d728ab51a7,e3e5bbf957be26256acf13c72b8e37aaa0a8f8f6c56e98bf5689ce53f4cd2360,5.892617702484131,True,VREX,31fd4db952a13c42c1208e0b0969f0a751e60af7a228cd45b11e8763610d01c3,452dcb81848281432cca0487e6703f21fb94e7c067a988e13a5b47f8b31158e5,cac81245691f516378ec5181e08a7ee7b176e7d2375e4c787af95aa3e1c2f5cd,u000,31fd4db952a13c42c1208e0b0969f0a751e60af7a228cd45b11e8763610d01c3,18448e2120c64e0486a0ead14af04fe603d7167428404c8ef6136dda4a734ca4,46ab966488f2571a603bb8bb22f0415369931b83a1f0a6e9c43b8cfeaba0491b,31fd4db952a13c42c1208e0b0969f0a751e60af7a228cd45b11e8763610d01c3,True,18448e2120c64e0486a0ead14af04fe603d7167428404c8ef6136dda4a734ca4,46ab966488f2571a603bb8bb22f0415369931b83a1f0a6e9c43b8cfeaba0491b,13,4.677167892456055,False
20,0,1.5250945091247559,31fd4db952a13c42c1208e0b0969f0a751e60af7a228cd45b11e8763610d01c3,1567626e216dc667963de8ec7a8ce15f2f42c23157aa1983c903f886a291fbaa,3faef855a63a379cb962a6b1b89d6cd3efcb402f44cdd5f03691220dee91d5f3,5.045873641967773,True,VREX,31fd4db952a13c42c1208e0b0969f0a751e60af7a228cd45b11e8763610d01c3,496ba0d8559e51f186ac36fe008ec2cfa3eba809376d6a282f13841fd5ec8ad0,6b92487ec12b9ff462e82d442af0a689db9ea153863add376ca0805d4fa3f70b,u000,31fd4db952a13c42c1208e0b0969f0a751e60af7a228cd45b11e8763610d01c3,60be2a61297d112c69e167d473c1744768bf7ca5f8b53001c0b1252b1b414e71,9a44f338823ef8ba586da7dc2d0f14f6db77380860876264019a4a94e908ab1e,31fd4db952a13c42c1208e0b0969f0a751e60af7a228cd45b11e8763610d01c3,True,60be2a61297d112c69e167d473c1744768bf7ca5f8b53001c0b1252b1b414e71,9a44f338823ef8ba586da7dc2d0f14f6db77380860876264019a4a94e908ab1e,13,4.228163719177246,False
1,1,0.11802622675895691,31fd4db952a13c42c1208e0b0969f0a751e60af7a228cd45b11e8763610d01c3,302c4c87524ea0a31d335476e7db1133351e5e62b216a16f7ae32f13c98a9a6d,183e4b8670a54d92b750c4740b1a542bb2148f6e0080f68bbe507f8e7f7ee62b,0.7835013270378113,True,VREX,31fd4db952a13c42c1208e0b0969f0a751e60af7a228cd45b11e8763610d01c3,098ab34b0bbaac3ef1854d9b54fa2c63edb792b8c52df6cea98e0c3c4a0373a5,ec9be18204872c37ecb6486025efa26d605ca54d6e76aa9e10d926193df6207d,u001,31fd4db952a13c42c1208e0b0969f0a751e60af7a228cd45b11e8763610d01c3,b722cf479ef5fa55ab2df546586ffc80cc5f5d0fcbf5292eab7f43b34d3dd002,797b2dc1bcfa21074a4a27b4e14292648cf384ac6dd31166ac41bdd98052bda8,31fd4db952a13c42c1208e0b0969f0a751e60af7a228cd45b11e8763610d01c3,True,b722cf479ef5fa55ab2df546586ffc80cc5f5d0fcbf5292eab7f43b34d3dd002,797b2dc1bcfa21074a4a27b4e14292648cf384ac6dd31166ac41bdd98052bda8,13,0.6216875314712524,False
5,1,0.7561798095703125,31fd4db952a13c42c1208e0b0969f0a751e60af7a228cd45b11e8763610d01c3,91577a75b53e5b47243292ae2317e23593e17d615ac38dab358f62d728ab51a7,e3e5bbf957be26256acf13c72b8e37aaa0a8f8f6c56e98bf5689ce53f4cd2360,5.868139266967773,True,VREX,31fd4db952a13c42c1208e0b0969f0a751e60af7a228cd45b11e8763610d01c3,3e64cca8c6547e6b5018ac6df786fce20717332a793ccdcacbec7a58fc755059,d44993bf86f8611df796193709f6d4f8e8f1364cd73329fe6a19d93ec9543373,u001,31fd4db952a13c42c1208e0b0969f0a751e60af7a228cd45b11e8763610d01c3,a9ab84987924a8b22a1c9a42653153b11666ac1e59963291a16eb388a43c504d,2c26a825afb219a3b3dd7152f6c53f1e0aba3f0377a4c11de7445f7efb2e918a,31fd4db952a13c42c1208e0b0969f0a751e60af7a228cd45b11e8763610d01c3,True,a9ab84987924a8b22a1c9a42653153b11666ac1e59963291a16eb388a43c504d,2c26a825afb219a3b3dd7152f6c53f1e0aba3f0377a4c11de7445f7efb2e918a,13,4.651448726654053,False
20,1,1.518471598625183,31fd4db952a13c42c1208e0b0969f0a751e60af7a228cd45b11e8763610d01c3,1567626e216dc667963de8ec7a8ce15f2f42c23157aa1983c903f886a291fbaa,3faef855a63a379cb962a6b1b89d6cd3efcb402f44cdd5f03691220dee91d5f3,5.063623905181885,True,VREX,31fd4db952a13c42c1208e0b0969f0a751e60af7a228cd45b11e8763610d01c3,040e1bdf2eef6721d25c4fe279b518dd1eb63855237b06e385d284a2739b750c,edef760db0341f88b052658cfb46d8b37aaa4bca4c5aab3cc8d5cd3efb8f052d,u001,31fd4db952a13c42c1208e0b0969f0a751e60af7a228cd45b11e8763610d01c3,ff196c4b0ab51be5bd383b34215abd5b672d4d4daf05ea406967c805aa568770,9e055383b7db46bb13bb2619f344a0b2a307c235d407be0b4615c9bd7933c98f,31fd4db952a13c42c1208e0b0969f0a751e60af7a228cd45b11e8763610d01c3,True,ff196c4b0ab51be5bd383b34215abd5b672d4d4daf05ea406967c805aa568770,9e055383b7db46bb13bb2619f344a0b2a307c235d407be0b4615c9bd7933c98f,13,4.257523059844971,False
1,2,0.0,31fd4db952a13c42c1208e0b0969f0a751e60af7a228cd45b11e8763610d01c3,302c4c87524ea0a31d335476e7db1133351e5e62b216a16f7ae32f13c98a9a6d,183e4b8670a54d92b750c4740b1a542bb2148f6e0080f68bbe507f8e7f7ee62b,0.0,True,VREX,LINEAR_COMBINATION,LINEAR_COMBINATION,LINEAR_COMBINATION,u002,LINEAR_COMBINATION,LINEAR_COMBINATION,LINEAR_COMBINATION,LINEAR_COMBINATION,True,LINEAR_COMBINATION,LINEAR_COMBINATION,13,0.0,False
5,2,0.0,31fd4db952a13c42c1208e0b0969f0a751e60af7a228cd45b11e8763610d01c3,91577a75b53e5b47243292ae2317e23593e17d615ac38dab358f62d728ab51a7,e3e5bbf957be26256acf13c72b8e37aaa0a8f8f6c56e98bf5689ce53f4cd2360,0.0,True,VREX,LINEAR_COMBINATION,LINEAR_COMBINATION,LINEAR_COMBINATION,u002,LINEAR_COMBINATION,LINEAR_COMBINATION,LINEAR_COMBINATION,LINEAR_COMBINATION,True,LINEAR_COMBINATION,LINEAR_COMBINATION,13,0.0,False
20,2,0.0,31fd4db952a13c42c1208e0b0969f0a751e60af7a228cd45b11e8763610d01c3,1567626e216dc667963de8ec7a8ce15f2f42c23157aa1983c903f886a291fbaa,3faef855a63a379cb962a6b1b89d6cd3efcb402f44cdd5f03691220dee91d5f3,0.0,True,VREX,LINEAR_COMBINATION,LINEAR_COMBINATION,LINEAR_COMBINATION,u002,LINEAR_COMBINATION,LINEAR_COMBINATION,LINEAR_COMBINATION,LINEAR_COMBINATION,True,LINEAR_COMBINATION,LINEAR_COMBINATION,13,0.0,False
1,3,0.008287562057375908,31fd4db952a13c42c1208e0b0969f0a751e60af7a228cd45b11e8763610d01c3,302c4c87524ea0a31d335476e7db1133351e5e62b216a16f7ae32f13c98a9a6d,183e4b8670a54d92b750c4740b1a542bb2148f6e0080f68bbe507f8e7f7ee62b,0.014062531292438507,True,VREX,31fd4db952a13c42c1208e0b0969f0a751e60af7a228cd45b11e8763610d01c3,bea765530a0542137a9bfa5ee58a83b2f3299fcbd4b0f4df799694013ed1ebbd,d5492ca4472a4a19fbe133ef4bb043ce1367fa0a73b6b80be6a22f5f0cc48404,u003,31fd4db952a13c42c1208e0b0969f0a751e60af7a228cd45b11e8763610d01c3,75a9cacac3b95206818be100a6676cad5f5e6063bc50f0939ab7069f9b6d59a9,fde3e205141c5a793063791617e03b35ad93624a02d0e3206ae9e3ea216e01f5,31fd4db952a13c42c1208e0b0969f0a751e60af7a228cd45b11e8763610d01c3,True,75a9cacac3b95206818be100a6676cad5f5e6063bc50f0939ab7069f9b6d59a9,fde3e205141c5a793063791617e03b35ad93624a02d0e3206ae9e3ea216e01f5,13,0.010935653001070023,False
5,3,0.037546418607234955,31fd4db952a13c42c1208e0b0969f0a751e60af7a228cd45b11e8763610d01c3,91577a75b53e5b47243292ae2317e23593e17d615ac38dab358f62d728ab51a7,e3e5bbf957be26256acf13c72b8e37aaa0a8f8f6c56e98bf5689ce53f4cd2360,0.21783994138240814,True,VREX,31fd4db952a13c42c1208e0b0969f0a751e60af7a228cd45b11e8763610d01c3,60e5e3ac0cbe3e066e179680fdefbc35827cb5d90d471bcb7906f0fa2e6d29a2,15986a930a03bc8c6dccde540998605b9147bd5ebca2aab89abbaf05236318b4,u003,31fd4db952a13c42c1208e0b0969f0a751e60af7a228cd45b11e8763610d01c3,bd0cc05911c83fdb914985f38659d7c463e72d9f463bc7350cd1d13349980955,c973228645c1465dcfda190c30bb3280e232e7c9cca65b711dd080a6f22217f1,31fd4db952a13c42c1208e0b0969f0a751e60af7a228cd45b11e8763610d01c3,True,bd0cc05911c83fdb914985f38659d7c463e72d9f463bc7350cd1d13349980955,c973228645c1465dcfda190c30bb3280e232e7c9cca65b711dd080a6f22217f1,13,0.18278606235980988,False
20,3,0.062481433153152466,31fd4db952a13c42c1208e0b0969f0a751e60af7a228cd45b11e8763610d01c3,1567626e216dc667963de8ec7a8ce15f2f42c23157aa1983c903f886a291fbaa,3faef855a63a379cb962a6b1b89d6cd3efcb402f44cdd5f03691220dee91d5f3,0.19662944972515106,True,VREX,31fd4db952a13c42c1208e0b0969f0a751e60af7a228cd45b11e8763610d01c3,046dff84cfa3993628f0d2a4c49bcb572871a0d32ef36bae7b0b0f8ccbac92fc,bac8fde1928846edbe6e5acbe248c6db7d0e895ef3ed79dc4544bb69d95ab5e0,u003,31fd4db952a13c42c1208e0b0969f0a751e60af7a228cd45b11e8763610d01c3,ebf7bfef625cc173e9cbad5585e7eb46098513304997c67ac74f4ba8aef2d035,55ef03f0afb000a29ffc22389f682efa2f7b4c7760dc536de1948a4ee95e83e3,31fd4db952a13c42c1208e0b0969f0a751e60af7a228cd45b11e8763610d01c3,True,ebf7bfef625cc173e9cbad5585e7eb46098513304997c67ac74f4ba8aef2d035,55ef03f0afb000a29ffc22389f682efa2f7b4c7760dc536de1948a4ee95e83e3,13,0.1587596833705902,False
1,4,0.0,31fd4db952a13c42c1208e0b0969f0a751e60af7a228cd45b11e8763610d01c3,302c4c87524ea0a31d335476e7db1133351e5e62b216a16f7ae32f13c98a9a6d,183e4b8670a54d92b750c4740b1a542bb2148f6e0080f68bbe507f8e7f7ee62b,0.0,True,VREX,LINEAR_COMBINATION,LINEAR_COMBINATION,LINEAR_COMBINATION,u004,LINEAR_COMBINATION,LINEAR_COMBINATION,LINEAR_COMBINATION,LINEAR_COMBINATION,True,LINEAR_COMBINATION,LINEAR_COMBINATION,13,0.0,False
5,4,0.0,31fd4db952a13c42c1208e0b0969f0a751e60af7a228cd45b11e8763610d01c3,91577a75b53e5b47243292ae2317e23593e17d615ac38dab358f62d728ab51a7,e3e5bbf957be26256acf13c72b8e37aaa0a8f8f6c56e98bf5689ce53f4cd2360,0.0,True,VREX,LINEAR_COMBINATION,LINEAR_COMBINATION,LINEAR_COMBINATION,u004,LINEAR_COMBINATION,LINEAR_COMBINATION,LINEAR_COMBINATION,LINEAR_COMBINATION,True,LINEAR_COMBINATION,LINEAR_COMBINATION,13,0.0,False
20,4,0.0,31fd4db952a13c42c1208e0b0969f0a751e60af7a228cd45b11e8763610d01c3,1567626e216dc667963de8ec7a8ce15f2f42c23157aa1983c903f886a291fbaa,3faef855a63a379cb962a6b1b89d6cd3efcb402f44cdd5f03691220dee91d5f3,0.0,True,VREX,LINEAR_COMBINATION,LINEAR_COMBINATION,LINEAR_COMBINATION,u004,LINEAR_COMBINATION,LINEAR_COMBINATION,LINEAR_COMBINATION,LINEAR_COMBINATION,True,LINEAR_COMBINATION,LINEAR_COMBINATION,13,0.0,False
1,-1,0.0037564984522759914,31fd4db952a13c42c1208e0b0969f0a751e60af7a228cd45b11e8763610d01c3,302c4c87524ea0a31d335476e7db1133351e5e62b216a16f7ae32f13c98a9a6d,183e4b8670a54d92b750c4740b1a542bb2148f6e0080f68bbe507f8e7f7ee62b,0.02712574601173401,True,VREX,LINEAR_COMBINATION,LINEAR_COMBINATION,LINEAR_COMBINATION,u005,LINEAR_COMBINATION,LINEAR_COMBINATION,LINEAR_COMBINATION,LINEAR_COMBINATION,True,LINEAR_COMBINATION,LINEAR_COMBINATION,13,0.020417386665940285,False
5,-1,0.013744175434112549,31fd4db952a13c42c1208e0b0969f0a751e60af7a228cd45b11e8763610d01c3,91577a75b53e5b47243292ae2317e23593e17d615ac38dab358f62d728ab51a7,e3e5bbf957be26256acf13c72b8e37aaa0a8f8f6c56e98bf5689ce53f4cd2360,0.041931744664907455,True,VREX,LINEAR_COMBINATION,LINEAR_COMBINATION,LINEAR_COMBINATION,u005,LINEAR_COMBINATION,LINEAR_COMBINATION,LINEAR_COMBINATION,LINEAR_COMBINATION,True,LINEAR_COMBINATION,LINEAR_COMBINATION,13,0.03532256558537483,False
20,-1,0.0484832227230072,31fd4db952a13c42c1208e0b0969f0a751e60af7a228cd45b11e8763610d01c3,1567626e216dc667963de8ec7a8ce15f2f42c23157aa1983c903f886a291fbaa,3faef855a63a379cb962a6b1b89d6cd3efcb402f44cdd5f03691220dee91d5f3,0.15104524791240692,True,VREX,LINEAR_COMBINATION,LINEAR_COMBINATION,LINEAR_COMBINATION,u005,LINEAR_COMBINATION,LINEAR_COMBINATION,LINEAR_COMBINATION,LINEAR_COMBINATION,True,LINEAR_COMBINATION,LINEAR_COMBINATION,13,0.12671953439712524,False
1,-1,0.1640184074640274,31fd4db952a13c42c1208e0b0969f0a751e60af7a228cd45b11e8763610d01c3,302c4c87524ea0a31d335476e7db1133351e5e62b216a16f7ae32f13c98a9a6d,183e4b8670a54d92b750c4740b1a542bb2148f6e0080f68bbe507f8e7f7ee62b,1.0815973281860352,True,VREX,LINEAR_COMBINATION,LINEAR_COMBINATION,LINEAR_COMBINATION,u006,LINEAR_COMBINATION,LINEAR_COMBINATION,LINEAR_COMBINATION,LINEAR_COMBINATION,True,LINEAR_COMBINATION,LINEAR_COMBINATION,13,0.8592907190322876,False
5,-1,1.0760498046875,31fd4db952a13c42c1208e0b0969f0a751e60af7a228cd45b11e8763610d01c3,91577a75b53e5b47243292ae2317e23593e17d615ac38dab358f62d728ab51a7,e3e5bbf957be26256acf13c72b8e37aaa0a8f8f6c56e98bf5689ce53f4cd2360,8.316022872924805,True,VREX,LINEAR_COMBINATION,LINEAR_COMBINATION,LINEAR_COMBINATION,u006,LINEAR_COMBINATION,LINEAR_COMBINATION,LINEAR_COMBINATION,LINEAR_COMBINATION,True,LINEAR_COMBINATION,LINEAR_COMBINATION,13,6.596258163452148,False
20,-1,2.151585102081299,31fd4db952a13c42c1208e0b0969f0a751e60af7a228cd45b11e8763610d01c3,1567626e216dc667963de8ec7a8ce15f2f42c23157aa1983c903f886a291fbaa,3faef855a63a379cb962a6b1b89d6cd3efcb402f44cdd5f03691220dee91d5f3,7.146909713745117,True,VREX,LINEAR_COMBINATION,LINEAR_COMBINATION,LINEAR_COMBINATION,u006,LINEAR_COMBINATION,LINEAR_COMBINATION,LINEAR_COMBINATION,LINEAR_COMBINATION,True,LINEAR_COMBINATION,LINEAR_COMBINATION,13,5.998985290527344,False
1,-1,0.002656245371326804,31fd4db952a13c42c1208e0b0969f0a751e60af7a228cd45b11e8763610d01c3,302c4c87524ea0a31d335476e7db1133351e5e62b216a16f7ae32f13c98a9a6d,183e4b8670a54d92b750c4740b1a542bb2148f6e0080f68bbe507f8e7f7ee62b,0.019180798903107643,True,VREX,LINEAR_COMBINATION,LINEAR_COMBINATION,LINEAR_COMBINATION,u007,LINEAR_COMBINATION,LINEAR_COMBINATION,LINEAR_COMBINATION,LINEAR_COMBINATION,True,LINEAR_COMBINATION,LINEAR_COMBINATION,13,0.014437271282076836,False
5,-1,0.00971859972923994,31fd4db952a13c42c1208e0b0969f0a751e60af7a228cd45b11e8763610d01c3,91577a75b53e5b47243292ae2317e23593e17d615ac38dab358f62d728ab51a7,e3e5bbf957be26256acf13c72b8e37aaa0a8f8f6c56e98bf5689ce53f4cd2360,0.029650220647454262,True,VREX,LINEAR_COMBINATION,LINEAR_COMBINATION,LINEAR_COMBINATION,u007,LINEAR_COMBINATION,LINEAR_COMBINATION,LINEAR_COMBINATION,LINEAR_COMBINATION,True,LINEAR_COMBINATION,LINEAR_COMBINATION,13,0.024976821616292,False
20,-1,0.03428281471133232,31fd4db952a13c42c1208e0b0969f0a751e60af7a228cd45b11e8763610d01c3,1567626e216dc667963de8ec7a8ce15f2f42c23157aa1983c903f886a291fbaa,3faef855a63a379cb962a6b1b89d6cd3efcb402f44cdd5f03691220dee91d5f3,0.10680513083934784,True,VREX,LINEAR_COMBINATION,LINEAR_COMBINATION,LINEAR_COMBINATION,u007,LINEAR_COMBINATION,LINEAR_COMBINATION,LINEAR_COMBINATION,LINEAR_COMBINATION,True,LINEAR_COMBINATION,LINEAR_COMBINATION,13,0.08960425108671188,False
1,-1,0.002656245371326804,31fd4db952a13c42c1208e0b0969f0a751e60af7a228cd45b11e8763610d01c3,302c4c87524ea0a31d335476e7db1133351e5e62b216a16f7ae32f13c98a9a6d,183e4b8670a54d92b750c4740b1a542bb2148f6e0080f68bbe507f8e7f7ee62b,0.019180798903107643,True,VREX,LINEAR_COMBINATION,LINEAR_COMBINATION,LINEAR_COMBINATION,u008,LINEAR_COMBINATION,LINEAR_COMBINATION,LINEAR_COMBINATION,LINEAR_COMBINATION,True,LINEAR_COMBINATION,LINEAR_COMBINATION,13,0.014437271282076836,False
5,-1,0.00971859972923994,31fd4db952a13c42c1208e0b0969f0a751e60af7a228cd45b11e8763610d01c3,91577a75b53e5b47243292ae2317e23593e17d615ac38dab358f62d728ab51a7,e3e5bbf957be26256acf13c72b8e37aaa0a8f8f6c56e98bf5689ce53f4cd2360,0.029650220647454262,True,VREX,LINEAR_COMBINATION,LINEAR_COMBINATION,LINEAR_COMBINATION,u008,LINEAR_COMBINATION,LINEAR_COMBINATION,LINEAR_COMBINATION,LINEAR_COMBINATION,True,LINEAR_COMBINATION,LINEAR_COMBINATION,13,0.024976821616292,False
20,-1,0.03428281471133232,31fd4db952a13c42c1208e0b0969f0a751e60af7a228cd45b11e8763610d01c3,1567626e216dc667963de8ec7a8ce15f2f42c23157aa1983c903f886a291fbaa,3faef855a63a379cb962a6b1b89d6cd3efcb402f44cdd5f03691220dee91d5f3,0.10680513083934784,True,VREX,LINEAR_COMBINATION,LINEAR_COMBINATION,LINEAR_COMBINATION,u008,LINEAR_COMBINATION,LINEAR_COMBINATION,LINEAR_COMBINATION,LINEAR_COMBINATION,True,LINEAR_COMBINATION,LINEAR_COMBINATION,13,0.08960425108671188,False
1,-1,0.0058601913042366505,31fd4db952a13c42c1208e0b0969f0a751e60af7a228cd45b11e8763610d01c3,302c4c87524ea0a31d335476e7db1133351e5e62b216a16f7ae32f13c98a9a6d,183e4b8670a54d92b750c4740b1a542bb2148f6e0080f68bbe507f8e7f7ee62b,0.009943711571395397,True,VREX,LINEAR_COMBINATION,LINEAR_COMBINATION,LINEAR_COMBINATION,u009,LINEAR_COMBINATION,LINEAR_COMBINATION,LINEAR_COMBINATION,LINEAR_COMBINATION,True,LINEAR_COMBINATION,LINEAR_COMBINATION,13,0.007732674013823271,False
5,-1,0.0265493243932724,31fd4db952a13c42c1208e0b0969f0a751e60af7a228cd45b11e8763610d01c3,91577a75b53e5b47243292ae2317e23593e17d615ac38dab358f62d728ab51a7,e3e5bbf957be26256acf13c72b8e37aaa0a8f8f6c56e98bf5689ce53f4cd2360,0.15403608977794647,True,VREX,LINEAR_COMBINATION,LINEAR_COMBINATION,LINEAR_COMBINATION,u009,LINEAR_COMBINATION,LINEAR_COMBINATION,LINEAR_COMBINATION,LINEAR_COMBINATION,True,LINEAR_COMBINATION,LINEAR_COMBINATION,13,0.12924927473068237,False
20,-1,0.04418104514479637,31fd4db952a13c42c1208e0b0969f0a751e60af7a228cd45b11e8763610d01c3,1567626e216dc667963de8ec7a8ce15f2f42c23157aa1983c903f886a291fbaa,3faef855a63a379cb962a6b1b89d6cd3efcb402f44cdd5f03691220dee91d5f3,0.13903802633285522,True,VREX,LINEAR_COMBINATION,LINEAR_COMBINATION,LINEAR_COMBINATION,u009,LINEAR_COMBINATION,LINEAR_COMBINATION,LINEAR_COMBINATION,LINEAR_COMBINATION,True,LINEAR_COMBINATION,LINEAR_COMBINATION,13,0.11226003617048264,False
1,-1,0.0058601913042366505,31fd4db952a13c42c1208e0b0969f0a751e60af7a228cd45b11e8763610d01c3,302c4c87524ea0a31d335476e7db1133351e5e62b216a16f7ae32f13c98a9a6d,183e4b8670a54d92b750c4740b1a542bb2148f6e0080f68bbe507f8e7f7ee62b,0.009943711571395397,True,VREX,LINEAR_COMBINATION,LINEAR_COMBINATION,LINEAR_COMBINATION,u010,LINEAR_COMBINATION,LINEAR_COMBINATION,LINEAR_COMBINATION,LINEAR_COMBINATION,True,LINEAR_COMBINATION,LINEAR_COMBINATION,13,0.007732674013823271,False
5,-1,0.0265493243932724,31fd4db952a13c42c1208e0b0969f0a751e60af7a228cd45b11e8763610d01c3,91577a75b53e5b47243292ae2317e23593e17d615ac38dab358f62d728ab51a7,e3e5bbf957be26256acf13c72b8e37aaa0a8f8f6c56e98bf5689ce53f4cd2360,0.15403608977794647,True,VREX,LINEAR_COMBINATION,LINEAR_COMBINATION,LINEAR_COMBINATION,u010,LINEAR_COMBINATION,LINEAR_COMBINATION,LINEAR_COMBINATION,LINEAR_COMBINATION,True,LINEAR_COMBINATION,LINEAR_COMBINATION,13,0.12924927473068237,False
20,-1,0.04418104514479637,31fd4db952a13c42c1208e0b0969f0a751e60af7a228cd45b11e8763610d01c3,1567626e216dc667963de8ec7a8ce15f2f42c23157aa1983c903f886a291fbaa,3faef855a63a379cb962a6b1b89d6cd3efcb402f44cdd5f03691220dee91d5f3,0.13903802633285522,True,VREX,LINEAR_COMBINATION,LINEAR_COMBINATION,LINEAR_COMBINATION,u010,LINEAR_COMBINATION,LINEAR_COMBINATION,LINEAR_COMBINATION,LINEAR_COMBINATION,True,LINEAR_COMBINATION,LINEAR_COMBINATION,13,0.11226003617048264,False
1,0,1.6872694492340088,4a34a6e07097f49b87cd42f41597a961dc95730590076f91ea7367f38c80f242,fbb20856e8b77cb3c40ebdbd31c733745f665c15ed1e236cd9e6031bcb15f5de,715e9d501a5684661c54ecf91dd420c0ec10285b255ac484d76ffcc17cc2b512,20.602985382080078,True,CORAL,4a34a6e07097f49b87cd42f41597a961dc95730590076f91ea7367f38c80f242,f21aeeabe7d7580c8ab4f5e27112ebb57d33484ae54736d214843368786f0d88,e6a2110b25f3ada9ce9659c12331479eec9cb4ced64f9d0be4d501f73665a55b,u000,4a34a6e07097f49b87cd42f41597a961dc95730590076f91ea7367f38c80f242,6c2d6b082cd7635c15e2c4e6d53a99a5fd867fcc1851c5a5ccd9e340eb7a5eb6,dd0ee5681725d969f8bf6d9535bacb17e45961b562b974bbe8f3e67d0aa66db5,4a34a6e07097f49b87cd42f41597a961dc95730590076f91ea7367f38c80f242,True,6c2d6b082cd7635c15e2c4e6d53a99a5fd867fcc1851c5a5ccd9e340eb7a5eb6,dd0ee5681725d969f8bf6d9535bacb17e45961b562b974bbe8f3e67d0aa66db5,13,14.52707290649414,False
5,0,6.7471795082092285,4a34a6e07097f49b87cd42f41597a961dc95730590076f91ea7367f38c80f242,9d6bf319aabfe4c214d7453a0cb068f1007205fa3fdc3b7f2d4967bf879f24b1,c6a43b3a06765cbe864b8588dabc1a2439dd61e331cd5db7d259061916505853,173.02731323242188,True,CORAL,4a34a6e07097f49b87cd42f41597a961dc95730590076f91ea7367f38c80f242,3e7d443a21a78f12c335a8f01db7551a236be1e987b51046c2194ff181f4195e,d3ab8d59f302a327f0a583ea392b02cb56a115d8a665d5ee682005e4709c3a78,u000,4a34a6e07097f49b87cd42f41597a961dc95730590076f91ea7367f38c80f242,0192255f117db23abd1ef6aa63c5da644322e8c45b25546f8395dc30e72cf051,e95af494bacdc8b4b92940ccafd3757d1458eba874875c4344f091798f7b97b6,4a34a6e07097f49b87cd42f41597a961dc95730590076f91ea7367f38c80f242,True,0192255f117db23abd1ef6aa63c5da644322e8c45b25546f8395dc30e72cf051,e95af494bacdc8b4b92940ccafd3757d1458eba874875c4344f091798f7b97b6,13,123.7094497680664,False
20,0,10.665538787841797,4a34a6e07097f49b87cd42f41597a961dc95730590076f91ea7367f38c80f242,6185f4ea3ddca92e2e903385b6203cbfef8c25d0a93b181309970b4bdd007dfc,f5d0332ce93562d09bd9117b8c758c16eef410d58c60ced17a2bbdc15a486a1e,144.9583740234375,True,CORAL,4a34a6e07097f49b87cd42f41597a961dc95730590076f91ea7367f38c80f242,9f615a6c7866f41aceae3bdf74cb0890d346b5a3940e3fcfc492ab5722f90a94,f8b2c5db896cd003b88c681d068e7296da0a4f2233425b55270796a8e36d8adb,u000,4a34a6e07097f49b87cd42f41597a961dc95730590076f91ea7367f38c80f242,bbbd678ad889a01f118970704db7ebaed1c61403b9a6530ec9622bf8afaf4be0,216d398094f7a3be4ba9ddb9f1e00e54859ac80e806800c998bdd4ed5c47f828,4a34a6e07097f49b87cd42f41597a961dc95730590076f91ea7367f38c80f242,True,bbbd678ad889a01f118970704db7ebaed1c61403b9a6530ec9622bf8afaf4be0,216d398094f7a3be4ba9ddb9f1e00e54859ac80e806800c998bdd4ed5c47f828,13,106.15986633300781,False
1,1,1.8413890600204468,4a34a6e07097f49b87cd42f41597a961dc95730590076f91ea7367f38c80f242,fbb20856e8b77cb3c40ebdbd31c733745f665c15ed1e236cd9e6031bcb15f5de,715e9d501a5684661c54ecf91dd420c0ec10285b255ac484d76ffcc17cc2b512,21.32862091064453,True,CORAL,4a34a6e07097f49b87cd42f41597a961dc95730590076f91ea7367f38c80f242,bfef5d15a88d7426a5ef623defed7e7782ff3fe8985cd3e0c1ac4655be99782a,dac617f85afa1a4b4bf73763affe7bb802f0ffa9a897f8065876f8cbc03ba59d,u001,4a34a6e07097f49b87cd42f41597a961dc95730590076f91ea7367f38c80f242,f850e96a7b5aa138ba5202cd006558fb6e1285f3d0221d470eda7bc86283e0b2,05bad8af3340929f73bd8ce4beee42a1f436fdd01ad434be98073d00040f45c9,4a34a6e07097f49b87cd42f41597a961dc95730590076f91ea7367f38c80f242,True,f850e96a7b5aa138ba5202cd006558fb6e1285f3d0221d470eda7bc86283e0b2,05bad8af3340929f73bd8ce4beee42a1f436fdd01ad434be98073d00040f45c9,13,15.038968086242676,False
5,1,7.233989238739014,4a34a6e07097f49b87cd42f41597a961dc95730590076f91ea7367f38c80f242,9d6bf319aabfe4c214d7453a0cb068f1007205fa3fdc3b7f2d4967bf879f24b1,c6a43b3a06765cbe864b8588dabc1a2439dd61e331cd5db7d259061916505853,175.54495239257812,True,CORAL,4a34a6e07097f49b87cd42f41597a961dc95730590076f91ea7367f38c80f242,0910f4b7c6f5f91f0030492810a2f50925c589a3f2bf7058d18148dcbcdcee8c,540770a4a598a841fac508ef1bcd34126c54d1533828c4bcc539382781a28ec4,u001,4a34a6e07097f49b87cd42f41597a961dc95730590076f91ea7367f38c80f242,48b5dfa1bc4304f97abd1edbf3c1e77eca958ddd1b0891da7fe3377dfcf624f4,ab92df76f7e0c8845fda8ac947db2ed959a6e88444d58957c0caf429d828b9ef,4a34a6e07097f49b87cd42f41597a961dc95730590076f91ea7367f38c80f242,True,48b5dfa1bc4304f97abd1edbf3c1e77eca958ddd1b0891da7fe3377dfcf624f4,ab92df76f7e0c8845fda8ac947db2ed959a6e88444d58957c0caf429d828b9ef,13,125.51016998291016,False
20,1,12.773259162902832,4a34a6e07097f49b87cd42f41597a961dc95730590076f91ea7367f38c80f242,6185f4ea3ddca92e2e903385b6203cbfef8c25d0a93b181309970b4bdd007dfc,f5d0332ce93562d09bd9117b8c758c16eef410d58c60ced17a2bbdc15a486a1e,147.90798950195312,True,CORAL,4a34a6e07097f49b87cd42f41597a961dc95730590076f91ea7367f38c80f242,8c98c996a9f8c18c4dab7eb42aa51f6192c7f42f4060fb6eed3052b81ece2a4a,2a7e4ed4bbcfedb5b6df72e7c30babe3b9043772a7adc22f9c746dd17ae7c66d,u001,4a34a6e07097f49b87cd42f41597a961dc95730590076f91ea7367f38c80f242,d26cb8b74d16b53a2ce353732db667a8e021e5c80930724c209373016d7e0106,8e2dcf86eace3356b8177122dd809130e6acb499cce2317f40046eebecbb9085,4a34a6e07097f49b87cd42f41597a961dc95730590076f91ea7367f38c80f242,True,d26cb8b74d16b53a2ce353732db667a8e021e5c80930724c209373016d7e0106,8e2dcf86eace3356b8177122dd809130e6acb499cce2317f40046eebecbb9085,13,107.529541015625,False
1,2,0.0,4a34a6e07097f49b87cd42f41597a961dc95730590076f91ea7367f38c80f242,fbb20856e8b77cb3c40ebdbd31c733745f665c15ed1e236cd9e6031bcb15f5de,715e9d501a5684661c54ecf91dd420c0ec10285b255ac484d76ffcc17cc2b512,0.0,True,CORAL,LINEAR_COMBINATION,LINEAR_COMBINATION,LINEAR_COMBINATION,u002,LINEAR_COMBINATION,LINEAR_COMBINATION,LINEAR_COMBINATION,LINEAR_COMBINATION,True,LINEAR_COMBINATION,LINEAR_COMBINATION,13,0.0,False
5,2,0.0,4a34a6e07097f49b87cd42f41597a961dc95730590076f91ea7367f38c80f242,9d6bf319aabfe4c214d7453a0cb068f1007205fa3fdc3b7f2d4967bf879f24b1,c6a43b3a06765cbe864b8588dabc1a2439dd61e331cd5db7d259061916505853,0.0,True,CORAL,LINEAR_COMBINATION,LINEAR_COMBINATION,LINEAR_COMBINATION,u002,LINEAR_COMBINATION,LINEAR_COMBINATION,LINEAR_COMBINATION,LINEAR_COMBINATION,True,LINEAR_COMBINATION,LINEAR_COMBINATION,13,0.0,False
20,2,0.0,4a34a6e07097f49b87cd42f41597a961dc95730590076f91ea7367f38c80f242,6185f4ea3ddca92e2e903385b6203cbfef8c25d0a93b181309970b4bdd007dfc,f5d0332ce93562d09bd9117b8c758c16eef410d58c60ced17a2bbdc15a486a1e,0.0,True,CORAL,LINEAR_COMBINATION,LINEAR_COMBINATION,LINEAR_COMBINATION,u002,LINEAR_COMBINATION,LINEAR_COMBINATION,LINEAR_COMBINATION,LINEAR_COMBINATION,True,LINEAR_COMBINATION,LINEAR_COMBINATION,13,0.0,False
1,3,1.9029395580291748,4a34a6e07097f49b87cd42f41597a961dc95730590076f91ea7367f38c80f242,fbb20856e8b77cb3c40ebdbd31c733745f665c15ed1e236cd9e6031bcb15f5de,715e9d501a5684661c54ecf91dd420c0ec10285b255ac484d76ffcc17cc2b512,7.553001880645752,True,CORAL,4a34a6e07097f49b87cd42f41597a961dc95730590076f91ea7367f38c80f242,f7e5135cd36a3c648b44c6f509d4ee42336ed10bd7a2c31b2f9b62ccd04f73ef,f7b916672a4d36f6a34cb8acfcdb51082542b71fa7cdb4ce532d704938142ec0,u003,4a34a6e07097f49b87cd42f41597a961dc95730590076f91ea7367f38c80f242,a342b88918ec6f3737ed7be62c8720bbdbc09c5fd9d2a352f21eadd0812410ab,a5193b4d806d8886e08df345b4f309d37272cd4bfcd58cc89ba7e6289dd7162d,4a34a6e07097f49b87cd42f41597a961dc95730590076f91ea7367f38c80f242,True,a342b88918ec6f3737ed7be62c8720bbdbc09c5fd9d2a352f21eadd0812410ab,a5193b4d806d8886e08df345b4f309d37272cd4bfcd58cc89ba7e6289dd7162d,13,4.096568584442139,False
5,3,16.550294876098633,4a34a6e07097f49b87cd42f41597a961dc95730590076f91ea7367f38c80f242,9d6bf319aabfe4c214d7453a0cb068f1007205fa3fdc3b7f2d4967bf879f24b1,c6a43b3a06765cbe864b8588dabc1a2439dd61e331cd5db7d259061916505853,59.719993591308594,True,CORAL,4a34a6e07097f49b87cd42f41597a961dc95730590076f91ea7367f38c80f242,972cfd49365d761ee8e2a533d44a457a6078bf194a0e50ca32166ce8cbbbb1f6,f7f59f53daad2dce87caa474f2ce325c9383ff21c9131c2a6785f89e89e80362,u003,4a34a6e07097f49b87cd42f41597a961dc95730590076f91ea7367f38c80f242,3e3846344ed67a92b628a8cb738132ef695989e89df7098a0e9f6bd3acde8541,bd1bab13bbce805e6029b65f844bdcca0661a5a75a0810d63a2a5458df3d526b,4a34a6e07097f49b87cd42f41597a961dc95730590076f91ea7367f38c80f242,True,3e3846344ed67a92b628a8cb738132ef695989e89df7098a0e9f6bd3acde8541,bd1bab13bbce805e6029b65f844bdcca0661a5a75a0810d63a2a5458df3d526b,13,26.87751007080078,False
20,3,77.1826400756836,4a34a6e07097f49b87cd42f41597a961dc95730590076f91ea7367f38c80f242,6185f4ea3ddca92e2e903385b6203cbfef8c25d0a93b181309970b4bdd007dfc,f5d0332ce93562d09bd9117b8c758c16eef410d58c60ced17a2bbdc15a486a1e,120.44864654541016,True,CORAL,4a34a6e07097f49b87cd42f41597a961dc95730590076f91ea7367f38c80f242,2ecba10396821bbe97525a0dc693e201ddd23297f0c9ddbb6545fdb4624495a4,853052c609d83f2da7ff7faea462b1b0fabf5a740d4bac73bc9803d2e8cc0fbc,u003,4a34a6e07097f49b87cd42f41597a961dc95730590076f91ea7367f38c80f242,0d5c98591ed76df9a8902d6414a6e5d8b16c843b58e1a69c279569cf9c9e5c95,d0586a2fa1a72f95936df2b2f2cfea76998b1b7f81dc237e90bbf411def27374,4a34a6e07097f49b87cd42f41597a961dc95730590076f91ea7367f38c80f242,True,0d5c98591ed76df9a8902d6414a6e5d8b16c843b58e1a69c279569cf9c9e5c95,d0586a2fa1a72f95936df2b2f2cfea76998b1b7f81dc237e90bbf411def27374,13,79.72784423828125,False
1,4,0.0,4a34a6e07097f49b87cd42f41597a961dc95730590076f91ea7367f38c80f242,fbb20856e8b77cb3c40ebdbd31c733745f665c15ed1e236cd9e6031bcb15f5de,715e9d501a5684661c54ecf91dd420c0ec10285b255ac484d76ffcc17cc2b512,0.0,True,CORAL,LINEAR_COMBINATION,LINEAR_COMBINATION,LINEAR_COMBINATION,u004,LINEAR_COMBINATION,LINEAR_COMBINATION,LINEAR_COMBINATION,LINEAR_COMBINATION,True,LINEAR_COMBINATION,LINEAR_COMBINATION,13,0.0,False
5,4,0.0,4a34a6e07097f49b87cd42f41597a961dc95730590076f91ea7367f38c80f242,9d6bf319aabfe4c214d7453a0cb068f1007205fa3fdc3b7f2d4967bf879f24b1,c6a43b3a06765cbe864b8588dabc1a2439dd61e331cd5db7d259061916505853,0.0,True,CORAL,LINEAR_COMBINATION,LINEAR_COMBINATION,LINEAR_COMBINATION,u004,LINEAR_COMBINATION,LINEAR_COMBINATION,LINEAR_COMBINATION,LINEAR_COMBINATION,True,LINEAR_COMBINATION,LINEAR_COMBINATION,13,0.0,False
20,4,0.0,4a34a6e07097f49b87cd42f41597a961dc95730590076f91ea7367f38c80f242,6185f4ea3ddca92e2e903385b6203cbfef8c25d0a93b181309970b4bdd007dfc,f5d0332ce93562d09bd9117b8c758c16eef410d58c60ced17a2bbdc15a486a1e,0.0,True,CORAL,LINEAR_COMBINATION,LINEAR_COMBINATION,LINEAR_COMBINATION,u004,LINEAR_COMBINATION,LINEAR_COMBINATION,LINEAR_COMBINATION,LINEAR_COMBINATION,True,LINEAR_COMBINATION,LINEAR_COMBINATION,13,0.0,False
1,-1,2.492453098297119,4a34a6e07097f49b87cd42f41597a961dc95730590076f91ea7367f38c80f242,fbb20856e8b77cb3c40ebdbd31c733745f665c15ed1e236cd9e6031bcb15f5de,715e9d501a5684661c54ecf91dd420c0ec10285b255ac484d76ffcc17cc2b512,29.647382736206055,True,CORAL,LINEAR_COMBINATION,LINEAR_COMBINATION,LINEAR_COMBINATION,u005,LINEAR_COMBINATION,LINEAR_COMBINATION,LINEAR_COMBINATION,LINEAR_COMBINATION,True,LINEAR_COMBINATION,LINEAR_COMBINATION,13,20.904979705810547,False
5,-1,9.666754722595215,4a34a6e07097f49b87cd42f41597a961dc95730590076f91ea7367f38c80f242,9d6bf319aabfe4c214d7453a0cb068f1007205fa3fdc3b7f2d4967bf879f24b1,c6a43b3a06765cbe864b8588dabc1a2439dd61e331cd5db7d259061916505853,246.45803833007812,True,CORAL,LINEAR_COMBINATION,LINEAR_COMBINATION,LINEAR_COMBINATION,u005,LINEAR_COMBINATION,LINEAR_COMBINATION,LINEAR_COMBINATION,LINEAR_COMBINATION,True,LINEAR_COMBINATION,LINEAR_COMBINATION,13,176.21742248535156,False
20,-1,16.339542388916016,4a34a6e07097f49b87cd42f41597a961dc95730590076f91ea7367f38c80f242,6185f4ea3ddca92e2e903385b6203cbfef8c25d0a93b181309970b4bdd007dfc,f5d0332ce93562d09bd9117b8c758c16eef410d58c60ced17a2bbdc15a486a1e,207.008544921875,True,CORAL,LINEAR_COMBINATION,LINEAR_COMBINATION,LINEAR_COMBINATION,u005,LINEAR_COMBINATION,LINEAR_COMBINATION,LINEAR_COMBINATION,LINEAR_COMBINATION,True,LINEAR_COMBINATION,LINEAR_COMBINATION,13,151.05825805664062,False
1,-1,0.15896311402320862,4a34a6e07097f49b87cd42f41597a961dc95730590076f91ea7367f38c80f242,fbb20856e8b77cb3c40ebdbd31c733745f665c15ed1e236cd9e6031bcb15f5de,715e9d501a5684661c54ecf91dd420c0ec10285b255ac484d76ffcc17cc2b512,0.6526296734809875,True,CORAL,LINEAR_COMBINATION,LINEAR_COMBINATION,LINEAR_COMBINATION,u006,LINEAR_COMBINATION,LINEAR_COMBINATION,LINEAR_COMBINATION,LINEAR_COMBINATION,True,LINEAR_COMBINATION,LINEAR_COMBINATION,13,0.43372753262519836,False
5,-1,2.0997273921966553,4a34a6e07097f49b87cd42f41597a961dc95730590076f91ea7367f38c80f242,9d6bf319aabfe4c214d7453a0cb068f1007205fa3fdc3b7f2d4967bf879f24b1,c6a43b3a06765cbe864b8588dabc1a2439dd61e331cd5db7d259061916505853,3.5928502082824707,True,CORAL,LINEAR_COMBINATION,LINEAR_COMBINATION,LINEAR_COMBINATION,u006,LINEAR_COMBINATION,LINEAR_COMBINATION,LINEAR_COMBINATION,LINEAR_COMBINATION,True,LINEAR_COMBINATION,LINEAR_COMBINATION,13,2.0596964359283447,False
20,-1,3.1510634422302246,4a34a6e07097f49b87cd42f41597a961dc95730590076f91ea7367f38c80f242,6185f4ea3ddca92e2e903385b6203cbfef8c25d0a93b181309970b4bdd007dfc,f5d0332ce93562d09bd9117b8c758c16eef410d58c60ced17a2bbdc15a486a1e,6.095742225646973,True,CORAL,LINEAR_COMBINATION,LINEAR_COMBINATION,LINEAR_COMBINATION,u006,LINEAR_COMBINATION,LINEAR_COMBINATION,LINEAR_COMBINATION,LINEAR_COMBINATION,True,LINEAR_COMBINATION,LINEAR_COMBINATION,13,3.731300115585327,False
1,-1,1.7624304294586182,4a34a6e07097f49b87cd42f41597a961dc95730590076f91ea7367f38c80f242,fbb20856e8b77cb3c40ebdbd31c733745f665c15ed1e236cd9e6031bcb15f5de,715e9d501a5684661c54ecf91dd420c0ec10285b255ac484d76ffcc17cc2b512,20.963865280151367,True,CORAL,LINEAR_COMBINATION,LINEAR_COMBINATION,LINEAR_COMBINATION,u007,LINEAR_COMBINATION,LINEAR_COMBINATION,LINEAR_COMBINATION,LINEAR_COMBINATION,True,LINEAR_COMBINATION,LINEAR_COMBINATION,13,14.782052993774414,False
5,-1,6.835427761077881,4a34a6e07097f49b87cd42f41597a961dc95730590076f91ea7367f38c80f242,9d6bf319aabfe4c214d7453a0cb068f1007205fa3fdc3b7f2d4967bf879f24b1,c6a43b3a06765cbe864b8588dabc1a2439dd61e331cd5db7d259061916505853,174.27215576171875,True,CORAL,LINEAR_COMBINATION,LINEAR_COMBINATION,LINEAR_COMBINATION,u007,LINEAR_COMBINATION,LINEAR_COMBINATION,LINEAR_COMBINATION,LINEAR_COMBINATION,True,LINEAR_COMBINATION,LINEAR_COMBINATION,13,124.60453796386719,False
20,-1,11.553801536560059,4a34a6e07097f49b87cd42f41597a961dc95730590076f91ea7367f38c80f242,6185f4ea3ddca92e2e903385b6203cbfef8c25d0a93b181309970b4bdd007dfc,f5d0332ce93562d09bd9117b8c758c16eef410d58c60ced17a2bbdc15a486a1e,146.3771514892578,True,CORAL,LINEAR_COMBINATION,LINEAR_COMBINATION,LINEAR_COMBINATION,u007,LINEAR_COMBINATION,LINEAR_COMBINATION,LINEAR_COMBINATION,LINEAR_COMBINATION,True,LINEAR_COMBINATION,LINEAR_COMBINATION,13,106.81432342529297,False
1,-1,1.7624304294586182,4a34a6e07097f49b87cd42f41597a961dc95730590076f91ea7367f38c80f242,fbb20856e8b77cb3c40ebdbd31c733745f665c15ed1e236cd9e6031bcb15f5de,715e9d501a5684661c54ecf91dd420c0ec10285b255ac484d76ffcc17cc2b512,20.963865280151367,True,CORAL,LINEAR_COMBINATION,LINEAR_COMBINATION,LINEAR_COMBINATION,u008,LINEAR_COMBINATION,LINEAR_COMBINATION,LINEAR_COMBINATION,LINEAR_COMBINATION,True,LINEAR_COMBINATION,LINEAR_COMBINATION,13,14.782052993774414,False
5,-1,6.835427761077881,4a34a6e07097f49b87cd42f41597a961dc95730590076f91ea7367f38c80f242,9d6bf319aabfe4c214d7453a0cb068f1007205fa3fdc3b7f2d4967bf879f24b1,c6a43b3a06765cbe864b8588dabc1a2439dd61e331cd5db7d259061916505853,174.27215576171875,True,CORAL,LINEAR_COMBINATION,LINEAR_COMBINATION,LINEAR_COMBINATION,u008,LINEAR_COMBINATION,LINEAR_COMBINATION,LINEAR_COMBINATION,LINEAR_COMBINATION,True,LINEAR_COMBINATION,LINEAR_COMBINATION,13,124.60453796386719,False
20,-1,11.553801536560059,4a34a6e07097f49b87cd42f41597a961dc95730590076f91ea7367f38c80f242,6185f4ea3ddca92e2e903385b6203cbfef8c25d0a93b181309970b4bdd007dfc,f5d0332ce93562d09bd9117b8c758c16eef410d58c60ced17a2bbdc15a486a1e,146.3771514892578,True,CORAL,LINEAR_COMBINATION,LINEAR_COMBINATION,LINEAR_COMBINATION,u008,LINEAR_COMBINATION,LINEAR_COMBINATION,LINEAR_COMBINATION,LINEAR_COMBINATION,True,LINEAR_COMBINATION,LINEAR_COMBINATION,13,106.81432342529297,False
1,-1,1.3455814123153687,4a34a6e07097f49b87cd42f41597a961dc95730590076f91ea7367f38c80f242,fbb20856e8b77cb3c40ebdbd31c733745f665c15ed1e236cd9e6031bcb15f5de,715e9d501a5684661c54ecf91dd420c0ec10285b255ac484d76ffcc17cc2b512,5.340778827667236,True,CORAL,LINEAR_COMBINATION,LINEAR_COMBINATION,LINEAR_COMBINATION,u009,LINEAR_COMBINATION,LINEAR_COMBINATION,LINEAR_COMBINATION,LINEAR_COMBINATION,True,LINEAR_COMBINATION,LINEAR_COMBINATION,13,2.896711587905884,False
5,-1,11.702824592590332,4a34a6e07097f49b87cd42f41597a961dc95730590076f91ea7367f38c80f242,9d6bf319aabfe4c214d7453a0cb068f1007205fa3fdc3b7f2d4967bf879f24b1,c6a43b3a06765cbe864b8588dabc1a2439dd61e331cd5db7d259061916505853,42.22840881347656,True,CORAL,LINEAR_COMBINATION,LINEAR_COMBINATION,LINEAR_COMBINATION,u009,LINEAR_COMBINATION,LINEAR_COMBINATION,LINEAR_COMBINATION,LINEAR_COMBINATION,True,LINEAR_COMBINATION,LINEAR_COMBINATION,13,19.005268096923828,False
20,-1,54.57637023925781,4a34a6e07097f49b87cd42f41597a961dc95730590076f91ea7367f38c80f242,6185f4ea3ddca92e2e903385b6203cbfef8c25d0a93b181309970b4bdd007dfc,f5d0332ce93562d09bd9117b8c758c16eef410d58c60ced17a2bbdc15a486a1e,85.17005920410156,True,CORAL,LINEAR_COMBINATION,LINEAR_COMBINATION,LINEAR_COMBINATION,u009,LINEAR_COMBINATION,LINEAR_COMBINATION,LINEAR_COMBINATION,LINEAR_COMBINATION,True,LINEAR_COMBINATION,LINEAR_COMBINATION,13,56.3760986328125,False
1,-1,1.3455814123153687,4a34a6e07097f49b87cd42f41597a961dc95730590076f91ea7367f38c80f242,fbb20856e8b77cb3c40ebdbd31c733745f665c15ed1e236cd9e6031bcb15f5de,715e9d501a5684661c54ecf91dd420c0ec10285b255ac484d76ffcc17cc2b512,5.340778827667236,True,CORAL,LINEAR_COMBINATION,LINEAR_COMBINATION,LINEAR_COMBINATION,u010,LINEAR_COMBINATION,LINEAR_COMBINATION,LINEAR_COMBINATION,LINEAR_COMBINATION,True,LINEAR_COMBINATION,LINEAR_COMBINATION,13,2.896711587905884,False
5,-1,11.702824592590332,4a34a6e07097f49b87cd42f41597a961dc95730590076f91ea7367f38c80f242,9d6bf319aabfe4c214d7453a0cb068f1007205fa3fdc3b7f2d4967bf879f24b1,c6a43b3a06765cbe864b8588dabc1a2439dd61e331cd5db7d259061916505853,42.22840881347656,True,CORAL,LINEAR_COMBINATION,LINEAR_COMBINATION,LINEAR_COMBINATION,u010,LINEAR_COMBINATION,LINEAR_COMBINATION,LINEAR_COMBINATION,LINEAR_COMBINATION,True,LINEAR_COMBINATION,LINEAR_COMBINATION,13,19.005268096923828,False
20,-1,54.57637023925781,4a34a6e07097f49b87cd42f41597a961dc95730590076f91ea7367f38c80f242,6185f4ea3ddca92e2e903385b6203cbfef8c25d0a93b181309970b4bdd007dfc,f5d0332ce93562d09bd9117b8c758c16eef410d58c60ced17a2bbdc15a486a1e,85.17005920410156,True,CORAL,LINEAR_COMBINATION,LINEAR_COMBINATION,LINEAR_COMBINATION,u010,LINEAR_COMBINATION,LINEAR_COMBINATION,LINEAR_COMBINATION,LINEAR_COMBINATION,True,LINEAR_COMBINATION,LINEAR_COMBINATION,13,56.3760986328125,False
1,0,0.026316314935684204,08117c13f5429f7af4a3226395d4eceda2073682d6e19897127e4e743895ed8c,b2b3e8f6494e42443742081ea01a5809bd2647a71435490d4fdef8a9827649f0,e0171dc5dd394f59ac4f827eac284e589ef62a700d5af2130c14700547642108,0.18483032286167145,True,FISHR,08117c13f5429f7af4a3226395d4eceda2073682d6e19897127e4e743895ed8c,bdc2f1f4be8afb86b0bdeb5ef51ff335323343e708fe15f1fe938e220b0514af,45860d5f0daf1e69f466eaa4ebbccc96f3a15b0a33adfdd715dd79816317d8c1,u000,08117c13f5429f7af4a3226395d4eceda2073682d6e19897127e4e743895ed8c,543d6862878c99efbe2f5e0a8096155ffbffa37a3d5fdbc7e65a57278dd06b98,7e0460f1fc5af9de2e3f54864a6101fe952eaccedb66f4fc297d0cdfbf9829dc,08117c13f5429f7af4a3226395d4eceda2073682d6e19897127e4e743895ed8c,True,543d6862878c99efbe2f5e0a8096155ffbffa37a3d5fdbc7e65a57278dd06b98,7e0460f1fc5af9de2e3f54864a6101fe952eaccedb66f4fc297d0cdfbf9829dc,13,0.1467798501253128,False
5,0,0.3201700448989868,08117c13f5429f7af4a3226395d4eceda2073682d6e19897127e4e743895ed8c,e2f94a1aca4b219c3f62d7564f97c0f206fe1930521c1ea46c632395b8920977,ec98d4f882182d5ba5d73a1c47090b9dfb057b28ad2a40bd35f2b80bb193e3e8,2.245251178741455,True,FISHR,08117c13f5429f7af4a3226395d4eceda2073682d6e19897127e4e743895ed8c,255f1ee7e157b9bbc85fe5796b9c1e1601d4c497d34f1176d1184a345ac73b3a,3e0ecbace08a31e7ac5eae1d4a93497267da3eaaf89ebde48dfec5d3af9248f2,u000,08117c13f5429f7af4a3226395d4eceda2073682d6e19897127e4e743895ed8c,6b2800ec3593d3b0c99bc92413f22ee08589b50098365ab05b70c5fda2ea8a79,cf2f8278badcec90f2a9539df007621395b54b0031a0c3a42554316e14e47885,08117c13f5429f7af4a3226395d4eceda2073682d6e19897127e4e743895ed8c,True,6b2800ec3593d3b0c99bc92413f22ee08589b50098365ab05b70c5fda2ea8a79,cf2f8278badcec90f2a9539df007621395b54b0031a0c3a42554316e14e47885,13,1.801775336265564,False
20,0,2.4290409088134766,08117c13f5429f7af4a3226395d4eceda2073682d6e19897127e4e743895ed8c,b2bea7f915cf4f1cfe56e75a19c24757bccdc1865178c9742690291304122397,27bc669cdb9a699dd4682befa19f979d82be2dff988c8b8db116159b10a2f19e,17.046987533569336,True,FISHR,08117c13f5429f7af4a3226395d4eceda2073682d6e19897127e4e743895ed8c,90113ad5d039d138f38060d5639ee419ffe468d7de83c7e3b7b123d096d1f7a5,ac4fd56f032b139243bf8b2efdbfcc81af6c866ff91abc40e808b80ce17ccfff,u000,08117c13f5429f7af4a3226395d4eceda2073682d6e19897127e4e743895ed8c,8ca2a2f9cd192b6fac927d9e443257cc6ccf3266ac1a25bcf1ff30454704f09c,e2bc42e139a23ba7933de5dda81edb07caa66697fd591f84f2800b72643ad7b0,08117c13f5429f7af4a3226395d4eceda2073682d6e19897127e4e743895ed8c,True,8ca2a2f9cd192b6fac927d9e443257cc6ccf3266ac1a25bcf1ff30454704f09c,e2bc42e139a23ba7933de5dda81edb07caa66697fd591f84f2800b72643ad7b0,13,13.898998260498047,False
1,1,0.024205734953284264,08117c13f5429f7af4a3226395d4eceda2073682d6e19897127e4e743895ed8c,b2b3e8f6494e42443742081ea01a5809bd2647a71435490d4fdef8a9827649f0,e0171dc5dd394f59ac4f827eac284e589ef62a700d5af2130c14700547642108,0.16799020767211914,True,FISHR,08117c13f5429f7af4a3226395d4eceda2073682d6e19897127e4e743895ed8c,8bf27a7a812651ad514612a7315158b68ff46f08435bdb6004fb3edfdd075889,70074da8eebc8d97f8e8e8b944d0f5b7badd2df5678fab2005fd61ac6adf9493,u001,08117c13f5429f7af4a3226395d4eceda2073682d6e19897127e4e743895ed8c,990726707b35afd87c07e0990d4d5b035a06420d4c7d29e8596a2facff6fc45e,381dd6a67a1d9e826e08f4c89cb364401ba482cd67565015c9580a3c7583a0d4,08117c13f5429f7af4a3226395d4eceda2073682d6e19897127e4e743895ed8c,True,990726707b35afd87c07e0990d4d5b035a06420d4c7d29e8596a2facff6fc45e,381dd6a67a1d9e826e08f4c89cb364401ba482cd67565015c9580a3c7583a0d4,13,0.13270261883735657,False
5,1,0.28847426176071167,08117c13f5429f7af4a3226395d4eceda2073682d6e19897127e4e743895ed8c,e2f94a1aca4b219c3f62d7564f97c0f206fe1930521c1ea46c632395b8920977,ec98d4f882182d5ba5d73a1c47090b9dfb057b28ad2a40bd35f2b80bb193e3e8,2.015385627746582,True,FISHR,08117c13f5429f7af4a3226395d4eceda2073682d6e19897127e4e743895ed8c,4928865336c0bdaf1514cc4f321130f460820666f54dbe48d004bdec82d44afe,2c8b8a0a72804119a545f895f45a1256f0b1b4f1c02adf509ab21e9f0f0867de,u001,08117c13f5429f7af4a3226395d4eceda2073682d6e19897127e4e743895ed8c,72fdd527ec84fdb9a5292fe98642a87325715d9137b7ec21362eb05e5ce57493,7d51fcdb237fe42a089a352106acdbea48aac63615935c875a1c40ff47a39218,08117c13f5429f7af4a3226395d4eceda2073682d6e19897127e4e743895ed8c,True,72fdd527ec84fdb9a5292fe98642a87325715d9137b7ec21362eb05e5ce57493,7d51fcdb237fe42a089a352106acdbea48aac63615935c875a1c40ff47a39218,13,1.6128360033035278,False
20,1,2.244450092315674,08117c13f5429f7af4a3226395d4eceda2073682d6e19897127e4e743895ed8c,b2bea7f915cf4f1cfe56e75a19c24757bccdc1865178c9742690291304122397,27bc669cdb9a699dd4682befa19f979d82be2dff988c8b8db116159b10a2f19e,15.689343452453613,True,FISHR,08117c13f5429f7af4a3226395d4eceda2073682d6e19897127e4e743895ed8c,0fa00fc8bba10180f7bef09b48f1ff808d8ca5ada1acb370df00431467d69416,9c78fb6705c6ad0e02218afed49f689b05f9f411cb89a8ce83b6b10f273fef0c,u001,08117c13f5429f7af4a3226395d4eceda2073682d6e19897127e4e743895ed8c,5518d4b69ff9e3f9e72059b5f053f5ed36590a80c6f122058faa4ed001278f99,ccfc187d67865134d45be0ce8a80c010c7a41d4316b2f04379cdd6b9275ca6a8,08117c13f5429f7af4a3226395d4eceda2073682d6e19897127e4e743895ed8c,True,5518d4b69ff9e3f9e72059b5f053f5ed36590a80c6f122058faa4ed001278f99,ccfc187d67865134d45be0ce8a80c010c7a41d4316b2f04379cdd6b9275ca6a8,13,12.773462295532227,False
1,2,0.0,08117c13f5429f7af4a3226395d4eceda2073682d6e19897127e4e743895ed8c,b2b3e8f6494e42443742081ea01a5809bd2647a71435490d4fdef8a9827649f0,e0171dc5dd394f59ac4f827eac284e589ef62a700d5af2130c14700547642108,0.0,True,FISHR,LINEAR_COMBINATION,LINEAR_COMBINATION,LINEAR_COMBINATION,u002,LINEAR_COMBINATION,LINEAR_COMBINATION,LINEAR_COMBINATION,LINEAR_COMBINATION,True,LINEAR_COMBINATION,LINEAR_COMBINATION,13,0.0,False
5,2,0.0,08117c13f5429f7af4a3226395d4eceda2073682d6e19897127e4e743895ed8c,e2f94a1aca4b219c3f62d7564f97c0f206fe1930521c1ea46c632395b8920977,ec98d4f882182d5ba5d73a1c47090b9dfb057b28ad2a40bd35f2b80bb193e3e8,0.0,True,FISHR,LINEAR_COMBINATION,LINEAR_COMBINATION,LINEAR_COMBINATION,u002,LINEAR_COMBINATION,LINEAR_COMBINATION,LINEAR_COMBINATION,LINEAR_COMBINATION,True,LINEAR_COMBINATION,LINEAR_COMBINATION,13,0.0,False
20,2,0.0,08117c13f5429f7af4a3226395d4eceda2073682d6e19897127e4e743895ed8c,b2bea7f915cf4f1cfe56e75a19c24757bccdc1865178c9742690291304122397,27bc669cdb9a699dd4682befa19f979d82be2dff988c8b8db116159b10a2f19e,0.0,True,FISHR,LINEAR_COMBINATION,LINEAR_COMBINATION,LINEAR_COMBINATION,u002,LINEAR_COMBINATION,LINEAR_COMBINATION,LINEAR_COMBINATION,LINEAR_COMBINATION,True,LINEAR_COMBINATION,LINEAR_COMBINATION,13,0.0,False
1,3,0.0033249668776988983,08117c13f5429f7af4a3226395d4eceda2073682d6e19897127e4e743895ed8c,b2b3e8f6494e42443742081ea01a5809bd2647a71435490d4fdef8a9827649f0,e0171dc5dd394f59ac4f827eac284e589ef62a700d5af2130c14700547642108,0.010893826372921467,True,FISHR,08117c13f5429f7af4a3226395d4eceda2073682d6e19897127e4e743895ed8c,610d4704fe981d8de2c2e01b1ceb83dce2a9cd0077a585904862543c8d88916f,85d818e0b697586e72da71976a8c9cf14516792570300d62f7ced1a2fe464b61,u003,08117c13f5429f7af4a3226395d4eceda2073682d6e19897127e4e743895ed8c,55cf9050bb22ac7157398efbde62b9464ea4effc3edc6ce827ef525ea4530d5d,f5e0e4ab99780a116c3dea39026c758cf4aaa8ec48d3eb5cfd23c61f61f2ed2a,08117c13f5429f7af4a3226395d4eceda2073682d6e19897127e4e743895ed8c,True,55cf9050bb22ac7157398efbde62b9464ea4effc3edc6ce827ef525ea4530d5d,f5e0e4ab99780a116c3dea39026c758cf4aaa8ec48d3eb5cfd23c61f61f2ed2a,13,0.010118519887328148,False
5,3,0.03378351777791977,08117c13f5429f7af4a3226395d4eceda2073682d6e19897127e4e743895ed8c,e2f94a1aca4b219c3f62d7564f97c0f206fe1930521c1ea46c632395b8920977,ec98d4f882182d5ba5d73a1c47090b9dfb057b28ad2a40bd35f2b80bb193e3e8,0.14444980025291443,True,FISHR,08117c13f5429f7af4a3226395d4eceda2073682d6e19897127e4e743895ed8c,3bb13bf68c411ade0d572fa3b7d5a9196f4145b4bd4e7dd0bd8e68c265d40889,c9b99717f02952f52ec82d1418dd4ffe588cefc7b284305ccb2a91b16bdff6b2,u003,08117c13f5429f7af4a3226395d4eceda2073682d6e19897127e4e743895ed8c,e0a77811b358705d898cf843a853d999113dc08d74b441cc556c400df92b11fe,60f14b5af29da298be88f03807b7f507da2af3e8571da4dda1059e00d1b068aa,08117c13f5429f7af4a3226395d4eceda2073682d6e19897127e4e743895ed8c,True,e0a77811b358705d898cf843a853d999113dc08d74b441cc556c400df92b11fe,60f14b5af29da298be88f03807b7f507da2af3e8571da4dda1059e00d1b068aa,13,0.1369388997554779,False
20,3,0.25262048840522766,08117c13f5429f7af4a3226395d4eceda2073682d6e19897127e4e743895ed8c,b2bea7f915cf4f1cfe56e75a19c24757bccdc1865178c9742690291304122397,27bc669cdb9a699dd4682befa19f979d82be2dff988c8b8db116159b10a2f19e,1.0361298322677612,True,FISHR,08117c13f5429f7af4a3226395d4eceda2073682d6e19897127e4e743895ed8c,b58c6f66cf885a1448d07ecd648ab4a9e739781aa638f91dafc602c6e6e90e25,70073e2a7aef094c7d39ed62c4453d100f242dad0268ea6150a9c637b2c7e96e,u003,08117c13f5429f7af4a3226395d4eceda2073682d6e19897127e4e743895ed8c,6632d1b304543bf3fbddcc692df64eb09ad6646624785570dfed59cb8711ad43,93097bd56a81794950abe157a3f1abdbcc601b55428895be4acd33a21b306a1c,08117c13f5429f7af4a3226395d4eceda2073682d6e19897127e4e743895ed8c,True,6632d1b304543bf3fbddcc692df64eb09ad6646624785570dfed59cb8711ad43,93097bd56a81794950abe157a3f1abdbcc601b55428895be4acd33a21b306a1c,13,0.9984995126724243,False
1,4,0.0,08117c13f5429f7af4a3226395d4eceda2073682d6e19897127e4e743895ed8c,b2b3e8f6494e42443742081ea01a5809bd2647a71435490d4fdef8a9827649f0,e0171dc5dd394f59ac4f827eac284e589ef62a700d5af2130c14700547642108,0.0,True,FISHR,LINEAR_COMBINATION,LINEAR_COMBINATION,LINEAR_COMBINATION,u004,LINEAR_COMBINATION,LINEAR_COMBINATION,LINEAR_COMBINATION,LINEAR_COMBINATION,True,LINEAR_COMBINATION,LINEAR_COMBINATION,13,0.0,False
5,4,0.0,08117c13f5429f7af4a3226395d4eceda2073682d6e19897127e4e743895ed8c,e2f94a1aca4b219c3f62d7564f97c0f206fe1930521c1ea46c632395b8920977,ec98d4f882182d5ba5d73a1c47090b9dfb057b28ad2a40bd35f2b80bb193e3e8,0.0,True,FISHR,LINEAR_COMBINATION,LINEAR_COMBINATION,LINEAR_COMBINATION,u004,LINEAR_COMBINATION,LINEAR_COMBINATION,LINEAR_COMBINATION,LINEAR_COMBINATION,True,LINEAR_COMBINATION,LINEAR_COMBINATION,13,0.0,False
20,4,0.0,08117c13f5429f7af4a3226395d4eceda2073682d6e19897127e4e743895ed8c,b2bea7f915cf4f1cfe56e75a19c24757bccdc1865178c9742690291304122397,27bc669cdb9a699dd4682befa19f979d82be2dff988c8b8db116159b10a2f19e,0.0,True,FISHR,LINEAR_COMBINATION,LINEAR_COMBINATION,LINEAR_COMBINATION,u004,LINEAR_COMBINATION,LINEAR_COMBINATION,LINEAR_COMBINATION,LINEAR_COMBINATION,True,LINEAR_COMBINATION,LINEAR_COMBINATION,13,0.0,False
1,-1,0.001655479776673019,08117c13f5429f7af4a3226395d4eceda2073682d6e19897127e4e743895ed8c,b2b3e8f6494e42443742081ea01a5809bd2647a71435490d4fdef8a9827649f0,e0171dc5dd394f59ac4f827eac284e589ef62a700d5af2130c14700547642108,0.012179696932435036,True,FISHR,LINEAR_COMBINATION,LINEAR_COMBINATION,LINEAR_COMBINATION,u005,LINEAR_COMBINATION,LINEAR_COMBINATION,LINEAR_COMBINATION,LINEAR_COMBINATION,True,LINEAR_COMBINATION,LINEAR_COMBINATION,13,0.010163352824747562,False
5,-1,0.02328808233141899,08117c13f5429f7af4a3226395d4eceda2073682d6e19897127e4e743895ed8c,e2f94a1aca4b219c3f62d7564f97c0f206fe1930521c1ea46c632395b8920977,ec98d4f882182d5ba5d73a1c47090b9dfb057b28ad2a40bd35f2b80bb193e3e8,0.1654757857322693,True,FISHR,LINEAR_COMBINATION,LINEAR_COMBINATION,LINEAR_COMBINATION,u005,LINEAR_COMBINATION,LINEAR_COMBINATION,LINEAR_COMBINATION,LINEAR_COMBINATION,True,LINEAR_COMBINATION,LINEAR_COMBINATION,13,0.13597270846366882,False
20,-1,0.14099767804145813,08117c13f5429f7af4a3226395d4eceda2073682d6e19897127e4e743895ed8c,b2bea7f915cf4f1cfe56e75a19c24757bccdc1865178c9742690291304122397,27bc669cdb9a699dd4682befa19f979d82be2dff988c8b8db116159b10a2f19e,0.9770734906196594,True,FISHR,LINEAR_COMBINATION,LINEAR_COMBINATION,LINEAR_COMBINATION,u005,LINEAR_COMBINATION,LINEAR_COMBINATION,LINEAR_COMBINATION,LINEAR_COMBINATION,True,LINEAR_COMBINATION,LINEAR_COMBINATION,13,0.8119593858718872,False
1,-1,0.03571729734539986,08117c13f5429f7af4a3226395d4eceda2073682d6e19897127e4e743895ed8c,b2b3e8f6494e42443742081ea01a5809bd2647a71435490d4fdef8a9827649f0,e0171dc5dd394f59ac4f827eac284e589ef62a700d5af2130c14700547642108,0.24946866929531097,True,FISHR,LINEAR_COMBINATION,LINEAR_COMBINATION,LINEAR_COMBINATION,u006,LINEAR_COMBINATION,LINEAR_COMBINATION,LINEAR_COMBINATION,LINEAR_COMBINATION,True,LINEAR_COMBINATION,LINEAR_COMBINATION,13,0.19761329889297485,False
5,-1,0.4303300380706787,08117c13f5429f7af4a3226395d4eceda2073682d6e19897127e4e743895ed8c,e2f94a1aca4b219c3f62d7564f97c0f206fe1930521c1ea46c632395b8920977,ec98d4f882182d5ba5d73a1c47090b9dfb057b28ad2a40bd35f2b80bb193e3e8,3.0125653743743896,True,FISHR,LINEAR_COMBINATION,LINEAR_COMBINATION,LINEAR_COMBINATION,u006,LINEAR_COMBINATION,LINEAR_COMBINATION,LINEAR_COMBINATION,LINEAR_COMBINATION,True,LINEAR_COMBINATION,LINEAR_COMBINATION,13,2.4143624305725098,False
20,-1,3.3042266368865967,08117c13f5429f7af4a3226395d4eceda2073682d6e19897127e4e743895ed8c,b2bea7f915cf4f1cfe56e75a19c24757bccdc1865178c9742690291304122397,27bc669cdb9a699dd4682befa19f979d82be2dff988c8b8db116159b10a2f19e,23.14736557006836,True,FISHR,LINEAR_COMBINATION,LINEAR_COMBINATION,LINEAR_COMBINATION,u006,LINEAR_COMBINATION,LINEAR_COMBINATION,LINEAR_COMBINATION,LINEAR_COMBINATION,True,LINEAR_COMBINATION,LINEAR_COMBINATION,13,18.85959243774414,False
1,-1,0.0011706009972840548,08117c13f5429f7af4a3226395d4eceda2073682d6e19897127e4e743895ed8c,b2b3e8f6494e42443742081ea01a5809bd2647a71435490d4fdef8a9827649f0,e0171dc5dd394f59ac4f827eac284e589ef62a700d5af2130c14700547642108,0.008612346835434437,True,FISHR,LINEAR_COMBINATION,LINEAR_COMBINATION,LINEAR_COMBINATION,u007,LINEAR_COMBINATION,LINEAR_COMBINATION,LINEAR_COMBINATION,LINEAR_COMBINATION,True,LINEAR_COMBINATION,LINEAR_COMBINATION,13,0.007186576258391142,False
5,-1,0.016467159613966942,08117c13f5429f7af4a3226395d4eceda2073682d6e19897127e4e743895ed8c,e2f94a1aca4b219c3f62d7564f97c0f206fe1930521c1ea46c632395b8920977,ec98d4f882182d5ba5d73a1c47090b9dfb057b28ad2a40bd35f2b80bb193e3e8,0.11700905114412308,True,FISHR,LINEAR_COMBINATION,LINEAR_COMBINATION,LINEAR_COMBINATION,u007,LINEAR_COMBINATION,LINEAR_COMBINATION,LINEAR_COMBINATION,LINEAR_COMBINATION,True,LINEAR_COMBINATION,LINEAR_COMBINATION,13,0.09614722430706024,False
20,-1,0.099700428545475,08117c13f5429f7af4a3226395d4eceda2073682d6e19897127e4e743895ed8c,b2bea7f915cf4f1cfe56e75a19c24757bccdc1865178c9742690291304122397,27bc669cdb9a699dd4682befa19f979d82be2dff988c8b8db116159b10a2f19e,0.6908952593803406,True,FISHR,LINEAR_COMBINATION,LINEAR_COMBINATION,LINEAR_COMBINATION,u007,LINEAR_COMBINATION,LINEAR_COMBINATION,LINEAR_COMBINATION,LINEAR_COMBINATION,True,LINEAR_COMBINATION,LINEAR_COMBINATION,13,0.5741419792175293,False
1,-1,0.0011706009972840548,08117c13f5429f7af4a3226395d4eceda2073682d6e19897127e4e743895ed8c,b2b3e8f6494e42443742081ea01a5809bd2647a71435490d4fdef8a9827649f0,e0171dc5dd394f59ac4f827eac284e589ef62a700d5af2130c14700547642108,0.008612346835434437,True,FISHR,LINEAR_COMBINATION,LINEAR_COMBINATION,LINEAR_COMBINATION,u008,LINEAR_COMBINATION,LINEAR_COMBINATION,LINEAR_COMBINATION,LINEAR_COMBINATION,True,LINEAR_COMBINATION,LINEAR_COMBINATION,13,0.007186576258391142,False
5,-1,0.016467159613966942,08117c13f5429f7af4a3226395d4eceda2073682d6e19897127e4e743895ed8c,e2f94a1aca4b219c3f62d7564f97c0f206fe1930521c1ea46c632395b8920977,ec98d4f882182d5ba5d73a1c47090b9dfb057b28ad2a40bd35f2b80bb193e3e8,0.11700905114412308,True,FISHR,LINEAR_COMBINATION,LINEAR_COMBINATION,LINEAR_COMBINATION,u008,LINEAR_COMBINATION,LINEAR_COMBINATION,LINEAR_COMBINATION,LINEAR_COMBINATION,True,LINEAR_COMBINATION,LINEAR_COMBINATION,13,0.09614722430706024,False
20,-1,0.099700428545475,08117c13f5429f7af4a3226395d4eceda2073682d6e19897127e4e743895ed8c,b2bea7f915cf4f1cfe56e75a19c24757bccdc1865178c9742690291304122397,27bc669cdb9a699dd4682befa19f979d82be2dff988c8b8db116159b10a2f19e,0.6908952593803406,True,FISHR,LINEAR_COMBINATION,LINEAR_COMBINATION,LINEAR_COMBINATION,u008,LINEAR_COMBINATION,LINEAR_COMBINATION,LINEAR_COMBINATION,LINEAR_COMBINATION,True,LINEAR_COMBINATION,LINEAR_COMBINATION,13,0.5741419792175293,False
1,-1,0.002351106610149145,08117c13f5429f7af4a3226395d4eceda2073682d6e19897127e4e743895ed8c,b2b3e8f6494e42443742081ea01a5809bd2647a71435490d4fdef8a9827649f0,e0171dc5dd394f59ac4f827eac284e589ef62a700d5af2130c14700547642108,0.007703098468482494,True,FISHR,LINEAR_COMBINATION,LINEAR_COMBINATION,LINEAR_COMBINATION,u009,LINEAR_COMBINATION,LINEAR_COMBINATION,LINEAR_COMBINATION,LINEAR_COMBINATION,True,LINEAR_COMBINATION,LINEAR_COMBINATION,13,0.007154873572289944,False
5,-1,0.02388855442404747,08117c13f5429f7af4a3226395d4eceda2073682d6e19897127e4e743895ed8c,e2f94a1aca4b219c3f62d7564f97c0f206fe1930521c1ea46c632395b8920977,ec98d4f882182d5ba5d73a1c47090b9dfb057b28ad2a40bd35f2b80bb193e3e8,0.10214142501354218,True,FISHR,LINEAR_COMBINATION,LINEAR_COMBINATION,LINEAR_COMBINATION,u009,LINEAR_COMBINATION,LINEAR_COMBINATION,LINEAR_COMBINATION,LINEAR_COMBINATION,True,LINEAR_COMBINATION,LINEAR_COMBINATION,13,0.09683042764663696,False
20,-1,0.17862965166568756,08117c13f5429f7af4a3226395d4eceda2073682d6e19897127e4e743895ed8c,b2bea7f915cf4f1cfe56e75a19c24757bccdc1865178c9742690291304122397,27bc669cdb9a699dd4682befa19f979d82be2dff988c8b8db116159b10a2f19e,0.7326544523239136,True,FISHR,LINEAR_COMBINATION,LINEAR_COMBINATION,LINEAR_COMBINATION,u009,LINEAR_COMBINATION,LINEAR_COMBINATION,LINEAR_COMBINATION,LINEAR_COMBINATION,True,LINEAR_COMBINATION,LINEAR_COMBINATION,13,0.7060457468032837,False
1,-1,0.002351106610149145,08117c13f5429f7af4a3226395d4eceda2073682d6e19897127e4e743895ed8c,b2b3e8f6494e42443742081ea01a5809bd2647a71435490d4fdef8a9827649f0,e0171dc5dd394f59ac4f827eac284e589ef62a700d5af2130c14700547642108,0.007703098468482494,True,FISHR,LINEAR_COMBINATION,LINEAR_COMBINATION,LINEAR_COMBINATION,u010,LINEAR_COMBINATION,LINEAR_COMBINATION,LINEAR_COMBINATION,LINEAR_COMBINATION,True,LINEAR_COMBINATION,LINEAR_COMBINATION,13,0.007154873572289944,False
5,-1,0.02388855442404747,08117c13f5429f7af4a3226395d4eceda2073682d6e19897127e4e743895ed8c,e2f94a1aca4b219c3f62d7564f97c0f206fe1930521c1ea46c632395b8920977,ec98d4f882182d5ba5d73a1c47090b9dfb057b28ad2a40bd35f2b80bb193e3e8,0.10214142501354218,True,FISHR,LINEAR_COMBINATION,LINEAR_COMBINATION,LINEAR_COMBINATION,u010,LINEAR_COMBINATION,LINEAR_COMBINATION,LINEAR_COMBINATION,LINEAR_COMBINATION,True,LINEAR_COMBINATION,LINEAR_COMBINATION,13,0.09683042764663696,False
20,-1,0.17862965166568756,08117c13f5429f7af4a3226395d4eceda2073682d6e19897127e4e743895ed8c,b2bea7f915cf4f1cfe56e75a19c24757bccdc1865178c9742690291304122397,27bc669cdb9a699dd4682befa19f979d82be2dff988c8b8db116159b10a2f19e,0.7326544523239136,True,FISHR,LINEAR_COMBINATION,LINEAR_COMBINATION,LINEAR_COMBINATION,u010,LINEAR_COMBINATION,LINEAR_COMBINATION,LINEAR_COMBINATION,LINEAR_COMBINATION,True,LINEAR_COMBINATION,LINEAR_COMBINATION,13,0.7060457468032837,False
1,0,2.4054229259490967,846ac348d5f15c5f4fb101d9bf7818e53afccb3d5039cf9db7dc42613d2d56c2,c60a7ecdfeabf5402dd4472892d5a3764479ae3522e6d4808863c00504775ab1,9c92c1c73e47ca86ad4cbb6b63f8a50c98e6866b3802ebef9e060421b7c00400,20.340923309326172,True,MLDG,846ac348d5f15c5f4fb101d9bf7818e53afccb3d5039cf9db7dc42613d2d56c2,9e8a742bcf58be2a6426b70d81d5d47c74e6a1f35692449892ce799f85dc72bc,0398078d61b52d8a120834d3b8af963648f2be3bc106d66639d6a0dcb9200208,u000,846ac348d5f15c5f4fb101d9bf7818e53afccb3d5039cf9db7dc42613d2d56c2,738f11a38ba9a1d61520b7ce19906b7803aadbf8672aba8f26b3cfbe837e9ebb,a9963c22724daac65d7bcb6a74c1551dde6f4d9ed761caca06bf4518817a5abd,846ac348d5f15c5f4fb101d9bf7818e53afccb3d5039cf9db7dc42613d2d56c2,True,738f11a38ba9a1d61520b7ce19906b7803aadbf8672aba8f26b3cfbe837e9ebb,a9963c22724daac65d7bcb6a74c1551dde6f4d9ed761caca06bf4518817a5abd,13,14.815232276916504,False
5,0,10.442377090454102,3ad8b8cd983368df9429d5a7bbc63b6576a695bf299c4cd23d547a83ea1045ce,479f94635dac01a01be225e295363324542a036bd52f32298ffa44bf788bb333,abc909ba4e2fee53d1fe4522f1523a1ca94029ccc199af6bc6457ed3fe9c34c2,173.80963134765625,True,MLDG,3ad8b8cd983368df9429d5a7bbc63b6576a695bf299c4cd23d547a83ea1045ce,29e7ffc4285d23f90314a4d5838b1df2d3f42e907ac32e8cdfb432f2009444cf,712eccb161bfeeaff03ba0d93351a8a92f1ce80958b31db846074185f1d7b5cc,u000,3ad8b8cd983368df9429d5a7bbc63b6576a695bf299c4cd23d547a83ea1045ce,d5a858982958277c978772133c1e75bea4c262da71e109e6699b8813b77c8d32,dfb3a49fe29248f3c798ffc78977aafa1cbb5cab0720277f87634d5a30dc642c,3ad8b8cd983368df9429d5a7bbc63b6576a695bf299c4cd23d547a83ea1045ce,True,d5a858982958277c978772133c1e75bea4c262da71e109e6699b8813b77c8d32,dfb3a49fe29248f3c798ffc78977aafa1cbb5cab0720277f87634d5a30dc642c,13,128.12803649902344,False
20,0,15.886195182800293,789f99c8bb3bb78643517e94e74044909c21d6ca59a4d3b3b7b659c430047b2e,ecfff82d2921fb8d08c65c53c94883f05f82ffff3f4f38716d136a973ed4dbfc,6f5e35433374466fbff45e33f4afd5325e437bbfe7b3082745ad1d7fb1fd08e4,137.08395385742188,True,MLDG,789f99c8bb3bb78643517e94e74044909c21d6ca59a4d3b3b7b659c430047b2e,3712f99410895b8d55e7624eb17785ac57d4561a909aa2de027527dd54de2663,ac66a0bfb8e975998a4c6c2003320dbd4e899c448deab3e7b5da29c60ab89219,u000,789f99c8bb3bb78643517e94e74044909c21d6ca59a4d3b3b7b659c430047b2e,0ca224b374189251a5b7569af2b3daeca4578307364a85e8a8526081fda41ba9,86ab44d22818778066dc0f70f435609fe4c6333e3613eb280644128b97777cf3,789f99c8bb3bb78643517e94e74044909c21d6ca59a4d3b3b7b659c430047b2e,True,0ca224b374189251a5b7569af2b3daeca4578307364a85e8a8526081fda41ba9,86ab44d22818778066dc0f70f435609fe4c6333e3613eb280644128b97777cf3,13,98.8796157836914,False
1,1,2.6720237731933594,846ac348d5f15c5f4fb101d9bf7818e53afccb3d5039cf9db7dc42613d2d56c2,c60a7ecdfeabf5402dd4472892d5a3764479ae3522e6d4808863c00504775ab1,9c92c1c73e47ca86ad4cbb6b63f8a50c98e6866b3802ebef9e060421b7c00400,21.01536750793457,True,MLDG,846ac348d5f15c5f4fb101d9bf7818e53afccb3d5039cf9db7dc42613d2d56c2,5aa7c4f2d4c2fcb35787479ad03ff4a85e577515980b1eafa1060d93335e90a3,46f5b904a9c6d1915e52079f4706c80905e1ae7e317fdb2931ad91f45c1390bd,u001,846ac348d5f15c5f4fb101d9bf7818e53afccb3d5039cf9db7dc42613d2d56c2,87343ee1bb95ee873b17a67468be6ae5f3dd2051e3e248896227f8cf2f409b73,cd4050d5985ddfe0fd1ff723601797d9d256ead5d35204f02148adf96b1175d5,846ac348d5f15c5f4fb101d9bf7818e53afccb3d5039cf9db7dc42613d2d56c2,True,87343ee1bb95ee873b17a67468be6ae5f3dd2051e3e248896227f8cf2f409b73,cd4050d5985ddfe0fd1ff723601797d9d256ead5d35204f02148adf96b1175d5,13,15.302434921264648,False
5,1,11.504018783569336,3ad8b8cd983368df9429d5a7bbc63b6576a695bf299c4cd23d547a83ea1045ce,479f94635dac01a01be225e295363324542a036bd52f32298ffa44bf788bb333,abc909ba4e2fee53d1fe4522f1523a1ca94029ccc199af6bc6457ed3fe9c34c2,177.22169494628906,True,MLDG,3ad8b8cd983368df9429d5a7bbc63b6576a695bf299c4cd23d547a83ea1045ce,098388ca0094c4de1d8caced47571df01b8087fdbaa708661db39bda06d45ba5,442b0f463cbee3b496d40759794e40b0aa8f244d2af4d7213153ac27d7030982,u001,3ad8b8cd983368df9429d5a7bbc63b6576a695bf299c4cd23d547a83ea1045ce,48d6e3e3a22d4857434fe8507e47fde049b5318e313c2ada42cdfc836815ca0c,3552b1db5771bfe215f6a311a5e0a108cffb45c193caf5545e19e59abce1ba24,3ad8b8cd983368df9429d5a7bbc63b6576a695bf299c4cd23d547a83ea1045ce,True,48d6e3e3a22d4857434fe8507e47fde049b5318e313c2ada42cdfc836815ca0c,3552b1db5771bfe215f6a311a5e0a108cffb45c193caf5545e19e59abce1ba24,13,130.3673553466797,False
20,1,18.595890045166016,789f99c8bb3bb78643517e94e74044909c21d6ca59a4d3b3b7b659c430047b2e,ecfff82d2921fb8d08c65c53c94883f05f82ffff3f4f38716d136a973ed4dbfc,6f5e35433374466fbff45e33f4afd5325e437bbfe7b3082745ad1d7fb1fd08e4,140.68194580078125,True,MLDG,789f99c8bb3bb78643517e94e74044909c21d6ca59a4d3b3b7b659c430047b2e,6820e71b93008af39f024595ab301cb1d368b7ce99dc6603e0aa89649f2ddfad,12cca1374408a43c4920f9404b6d9dfd3771fc3e18dae18823a23bc30dbf3832,u001,789f99c8bb3bb78643517e94e74044909c21d6ca59a4d3b3b7b659c430047b2e,fb0e052aaacb7562b850c766cfb5ca83d0358e3a55a8004813a50dbab8604219,89c9c17c24c61788b0ba2daf2efe7c219699cf1fd202619aac1cb929dc04fb66,789f99c8bb3bb78643517e94e74044909c21d6ca59a4d3b3b7b659c430047b2e,True,fb0e052aaacb7562b850c766cfb5ca83d0358e3a55a8004813a50dbab8604219,89c9c17c24c61788b0ba2daf2efe7c219699cf1fd202619aac1cb929dc04fb66,13,100.25080108642578,False
1,2,0.0,846ac348d5f15c5f4fb101d9bf7818e53afccb3d5039cf9db7dc42613d2d56c2,c60a7ecdfeabf5402dd4472892d5a3764479ae3522e6d4808863c00504775ab1,9c92c1c73e47ca86ad4cbb6b63f8a50c98e6866b3802ebef9e060421b7c00400,0.0,True,MLDG,LINEAR_COMBINATION,LINEAR_COMBINATION,LINEAR_COMBINATION,u002,LINEAR_COMBINATION,LINEAR_COMBINATION,LINEAR_COMBINATION,LINEAR_COMBINATION,True,LINEAR_COMBINATION,LINEAR_COMBINATION,13,0.0,False
5,2,0.0,3ad8b8cd983368df9429d5a7bbc63b6576a695bf299c4cd23d547a83ea1045ce,479f94635dac01a01be225e295363324542a036bd52f32298ffa44bf788bb333,abc909ba4e2fee53d1fe4522f1523a1ca94029ccc199af6bc6457ed3fe9c34c2,0.0,True,MLDG,LINEAR_COMBINATION,LINEAR_COMBINATION,LINEAR_COMBINATION,u002,LINEAR_COMBINATION,LINEAR_COMBINATION,LINEAR_COMBINATION,LINEAR_COMBINATION,True,LINEAR_COMBINATION,LINEAR_COMBINATION,13,0.0,False
20,2,0.0,789f99c8bb3bb78643517e94e74044909c21d6ca59a4d3b3b7b659c430047b2e,ecfff82d2921fb8d08c65c53c94883f05f82ffff3f4f38716d136a973ed4dbfc,6f5e35433374466fbff45e33f4afd5325e437bbfe7b3082745ad1d7fb1fd08e4,0.0,True,MLDG,LINEAR_COMBINATION,LINEAR_COMBINATION,LINEAR_COMBINATION,u002,LINEAR_COMBINATION,LINEAR_COMBINATION,LINEAR_COMBINATION,LINEAR_COMBINATION,True,LINEAR_COMBINATION,LINEAR_COMBINATION,13,0.0,False
1,3,2.670933246612549,846ac348d5f15c5f4fb101d9bf7818e53afccb3d5039cf9db7dc42613d2d56c2,c60a7ecdfeabf5402dd4472892d5a3764479ae3522e6d4808863c00504775ab1,9c92c1c73e47ca86ad4cbb6b63f8a50c98e6866b3802ebef9e060421b7c00400,7.408609867095947,True,MLDG,846ac348d5f15c5f4fb101d9bf7818e53afccb3d5039cf9db7dc42613d2d56c2,f3c2adcba2664bcdcf42126c6fe7c8b0695812ab527cd4740e6e110765db7c6e,064db9e838e946f51c6d94bee1d2584cc09f0bad732ef3805c5836facec68389,u003,846ac348d5f15c5f4fb101d9bf7818e53afccb3d5039cf9db7dc42613d2d56c2,6378f164e0e9d7b2981f99ff014265bf4b9e711a93bb7c59b006caca04d67d8a,6cd0a01c5f6c939aa9e8e61568a6f86bfe1ef0c91e5efa3f91319aa69a16d7cc,846ac348d5f15c5f4fb101d9bf7818e53afccb3d5039cf9db7dc42613d2d56c2,True,6378f164e0e9d7b2981f99ff014265bf4b9e711a93bb7c59b006caca04d67d8a,6cd0a01c5f6c939aa9e8e61568a6f86bfe1ef0c91e5efa3f91319aa69a16d7cc,13,3.915489673614502,False
5,3,20.861034393310547,3ad8b8cd983368df9429d5a7bbc63b6576a695bf299c4cd23d547a83ea1045ce,479f94635dac01a01be225e295363324542a036bd52f32298ffa44bf788bb333,abc909ba4e2fee53d1fe4522f1523a1ca94029ccc199af6bc6457ed3fe9c34c2,59.457271575927734,True,MLDG,3ad8b8cd983368df9429d5a7bbc63b6576a695bf299c4cd23d547a83ea1045ce,db5e48bb588ca31c253ed793230df290c3c2655caa8a814198c070a468a65bdc,8ceb40f8e7ecbc088ac359058355c18f60769893960a9ff1f475cd53ab1dd3af,u003,3ad8b8cd983368df9429d5a7bbc63b6576a695bf299c4cd23d547a83ea1045ce,f7f9e2c841e14e4203a9fe451dbc4275303c5b214e8852e61ca1c13a39b498ca,0f6df4a64cd07aa940c2c60345636485eed55303f8baecb8bb25321f6e469b2b,3ad8b8cd983368df9429d5a7bbc63b6576a695bf299c4cd23d547a83ea1045ce,True,f7f9e2c841e14e4203a9fe451dbc4275303c5b214e8852e61ca1c13a39b498ca,0f6df4a64cd07aa940c2c60345636485eed55303f8baecb8bb25321f6e469b2b,13,25.168657302856445,False
20,3,85.27458953857422,789f99c8bb3bb78643517e94e74044909c21d6ca59a4d3b3b7b659c430047b2e,ecfff82d2921fb8d08c65c53c94883f05f82ffff3f4f38716d136a973ed4dbfc,6f5e35433374466fbff45e33f4afd5325e437bbfe7b3082745ad1d7fb1fd08e4,129.7347869873047,True,MLDG,789f99c8bb3bb78643517e94e74044909c21d6ca59a4d3b3b7b659c430047b2e,d4caf945bf836c550b8dd78a079ffc817614d17496c7b0f71799c17843481931,a2a674dcbc200ae4a35ad0ea9134786fd7d91a51873a86cd9b9921d537685cff,u003,789f99c8bb3bb78643517e94e74044909c21d6ca59a4d3b3b7b659c430047b2e,f7a6279c91f36c6ce70b4285ad09a9e02e571be48ab52fadfce07c5fa6a596a4,222f6cd8d31eb12f5ae4fa3063d7f4f80f31ab90c7b4678a4d5294f993bfd7c6,789f99c8bb3bb78643517e94e74044909c21d6ca59a4d3b3b7b659c430047b2e,True,f7a6279c91f36c6ce70b4285ad09a9e02e571be48ab52fadfce07c5fa6a596a4,222f6cd8d31eb12f5ae4fa3063d7f4f80f31ab90c7b4678a4d5294f993bfd7c6,13,89.9428482055664,False
1,4,0.0,846ac348d5f15c5f4fb101d9bf7818e53afccb3d5039cf9db7dc42613d2d56c2,c60a7ecdfeabf5402dd4472892d5a3764479ae3522e6d4808863c00504775ab1,9c92c1c73e47ca86ad4cbb6b63f8a50c98e6866b3802ebef9e060421b7c00400,0.0,True,MLDG,LINEAR_COMBINATION,LINEAR_COMBINATION,LINEAR_COMBINATION,u004,LINEAR_COMBINATION,LINEAR_COMBINATION,LINEAR_COMBINATION,LINEAR_COMBINATION,True,LINEAR_COMBINATION,LINEAR_COMBINATION,13,0.0,False
5,4,0.0,3ad8b8cd983368df9429d5a7bbc63b6576a695bf299c4cd23d547a83ea1045ce,479f94635dac01a01be225e295363324542a036bd52f32298ffa44bf788bb333,abc909ba4e2fee53d1fe4522f1523a1ca94029ccc199af6bc6457ed3fe9c34c2,0.0,True,MLDG,LINEAR_COMBINATION,LINEAR_COMBINATION,LINEAR_COMBINATION,u004,LINEAR_COMBINATION,LINEAR_COMBINATION,LINEAR_COMBINATION,LINEAR_COMBINATION,True,LINEAR_COMBINATION,LINEAR_COMBINATION,13,0.0,False
20,4,0.0,789f99c8bb3bb78643517e94e74044909c21d6ca59a4d3b3b7b659c430047b2e,ecfff82d2921fb8d08c65c53c94883f05f82ffff3f4f38716d136a973ed4dbfc,6f5e35433374466fbff45e33f4afd5325e437bbfe7b3082745ad1d7fb1fd08e4,0.0,True,MLDG,LINEAR_COMBINATION,LINEAR_COMBINATION,LINEAR_COMBINATION,u004,LINEAR_COMBINATION,LINEAR_COMBINATION,LINEAR_COMBINATION,LINEAR_COMBINATION,True,LINEAR_COMBINATION,LINEAR_COMBINATION,13,0.0,False
1,-1,3.5879862308502197,846ac348d5f15c5f4fb101d9bf7818e53afccb3d5039cf9db7dc42613d2d56c2,c60a7ecdfeabf5402dd4472892d5a3764479ae3522e6d4808863c00504775ab1,9c92c1c73e47ca86ad4cbb6b63f8a50c98e6866b3802ebef9e060421b7c00400,29.241079330444336,True,MLDG,LINEAR_COMBINATION,LINEAR_COMBINATION,LINEAR_COMBINATION,u005,LINEAR_COMBINATION,LINEAR_COMBINATION,LINEAR_COMBINATION,LINEAR_COMBINATION,True,LINEAR_COMBINATION,LINEAR_COMBINATION,13,21.29534149169922,False
5,-1,15.43850040435791,3ad8b8cd983368df9429d5a7bbc63b6576a695bf299c4cd23d547a83ea1045ce,479f94635dac01a01be225e295363324542a036bd52f32298ffa44bf788bb333,abc909ba4e2fee53d1fe4522f1523a1ca94029ccc199af6bc6457ed3fe9c34c2,248.20236206054688,True,MLDG,LINEAR_COMBINATION,LINEAR_COMBINATION,LINEAR_COMBINATION,u005,LINEAR_COMBINATION,LINEAR_COMBINATION,LINEAR_COMBINATION,LINEAR_COMBINATION,True,LINEAR_COMBINATION,LINEAR_COMBINATION,13,182.77720642089844,False
20,-1,24.24018669128418,789f99c8bb3bb78643517e94e74044909c21d6ca59a4d3b3b7b659c430047b2e,ecfff82d2921fb8d08c65c53c94883f05f82ffff3f4f38716d136a973ed4dbfc,6f5e35433374466fbff45e33f4afd5325e437bbfe7b3082745ad1d7fb1fd08e4,196.3125457763672,True,MLDG,LINEAR_COMBINATION,LINEAR_COMBINATION,LINEAR_COMBINATION,u005,LINEAR_COMBINATION,LINEAR_COMBINATION,LINEAR_COMBINATION,LINEAR_COMBINATION,True,LINEAR_COMBINATION,LINEAR_COMBINATION,13,140.7584228515625,False
1,-1,0.22831660509109497,846ac348d5f15c5f4fb101d9bf7818e53afccb3d5039cf9db7dc42613d2d56c2,c60a7ecdfeabf5402dd4472892d5a3764479ae3522e6d4808863c00504775ab1,9c92c1c73e47ca86ad4cbb6b63f8a50c98e6866b3802ebef9e060421b7c00400,0.5982775688171387,True,MLDG,LINEAR_COMBINATION,LINEAR_COMBINATION,LINEAR_COMBINATION,u006,LINEAR_COMBINATION,LINEAR_COMBINATION,LINEAR_COMBINATION,LINEAR_COMBINATION,True,LINEAR_COMBINATION,LINEAR_COMBINATION,13,0.40506818890571594,False
5,-1,1.7430843114852905,3ad8b8cd983368df9429d5a7bbc63b6576a695bf299c4cd23d547a83ea1045ce,479f94635dac01a01be225e295363324542a036bd52f32298ffa44bf788bb333,abc909ba4e2fee53d1fe4522f1523a1ca94029ccc199af6bc6457ed3fe9c34c2,3.5922412872314453,True,MLDG,LINEAR_COMBINATION,LINEAR_COMBINATION,LINEAR_COMBINATION,u006,LINEAR_COMBINATION,LINEAR_COMBINATION,LINEAR_COMBINATION,LINEAR_COMBINATION,True,LINEAR_COMBINATION,LINEAR_COMBINATION,13,2.2206003665924072,False
20,-1,3.254467725753784,789f99c8bb3bb78643517e94e74044909c21d6ca59a4d3b3b7b659c430047b2e,ecfff82d2921fb8d08c65c53c94883f05f82ffff3f4f38716d136a973ed4dbfc,6f5e35433374466fbff45e33f4afd5325e437bbfe7b3082745ad1d7fb1fd08e4,6.693081378936768,True,MLDG,LINEAR_COMBINATION,LINEAR_COMBINATION,LINEAR_COMBINATION,u006,LINEAR_COMBINATION,LINEAR_COMBINATION,LINEAR_COMBINATION,LINEAR_COMBINATION,True,LINEAR_COMBINATION,LINEAR_COMBINATION,13,3.8035693168640137,False
1,-1,2.5370893478393555,846ac348d5f15c5f4fb101d9bf7818e53afccb3d5039cf9db7dc42613d2d56c2,c60a7ecdfeabf5402dd4472892d5a3764479ae3522e6d4808863c00504775ab1,9c92c1c73e47ca86ad4cbb6b63f8a50c98e6866b3802ebef9e060421b7c00400,20.67656707763672,True,MLDG,LINEAR_COMBINATION,LINEAR_COMBINATION,LINEAR_COMBINATION,u007,LINEAR_COMBINATION,LINEAR_COMBINATION,LINEAR_COMBINATION,LINEAR_COMBINATION,True,LINEAR_COMBINATION,LINEAR_COMBINATION,13,15.058079719543457,False
5,-1,10.916667938232422,3ad8b8cd983368df9429d5a7bbc63b6576a695bf299c4cd23d547a83ea1045ce,479f94635dac01a01be225e295363324542a036bd52f32298ffa44bf788bb333,abc909ba4e2fee53d1fe4522f1523a1ca94029ccc199af6bc6457ed3fe9c34c2,175.50558471679688,True,MLDG,LINEAR_COMBINATION,LINEAR_COMBINATION,LINEAR_COMBINATION,u007,LINEAR_COMBINATION,LINEAR_COMBINATION,LINEAR_COMBINATION,LINEAR_COMBINATION,True,LINEAR_COMBINATION,LINEAR_COMBINATION,13,129.24301147460938,False
20,-1,17.140399932861328,789f99c8bb3bb78643517e94e74044909c21d6ca59a4d3b3b7b659c430047b2e,ecfff82d2921fb8d08c65c53c94883f05f82ffff3f4f38716d136a973ed4dbfc,6f5e35433374466fbff45e33f4afd5325e437bbfe7b3082745ad1d7fb1fd08e4,138.81393432617188,True,MLDG,LINEAR_COMBINATION,LINEAR_COMBINATION,LINEAR_COMBINATION,u007,LINEAR_COMBINATION,LINEAR_COMBINATION,LINEAR_COMBINATION,LINEAR_COMBINATION,True,LINEAR_COMBINATION,LINEAR_COMBINATION,13,99.53123474121094,False
1,-1,2.5370893478393555,846ac348d5f15c5f4fb101d9bf7818e53afccb3d5039cf9db7dc42613d2d56c2,c60a7ecdfeabf5402dd4472892d5a3764479ae3522e6d4808863c00504775ab1,9c92c1c73e47ca86ad4cbb6b63f8a50c98e6866b3802ebef9e060421b7c00400,20.67656707763672,True,MLDG,LINEAR_COMBINATION,LINEAR_COMBINATION,LINEAR_COMBINATION,u008,LINEAR_COMBINATION,LINEAR_COMBINATION,LINEAR_COMBINATION,LINEAR_COMBINATION,True,LINEAR_COMBINATION,LINEAR_COMBINATION,13,15.058079719543457,False
5,-1,10.916667938232422,3ad8b8cd983368df9429d5a7bbc63b6576a695bf299c4cd23d547a83ea1045ce,479f94635dac01a01be225e295363324542a036bd52f32298ffa44bf788bb333,abc909ba4e2fee53d1fe4522f1523a1ca94029ccc199af6bc6457ed3fe9c34c2,175.50558471679688,True,MLDG,LINEAR_COMBINATION,LINEAR_COMBINATION,LINEAR_COMBINATION,u008,LINEAR_COMBINATION,LINEAR_COMBINATION,LINEAR_COMBINATION,LINEAR_COMBINATION,True,LINEAR_COMBINATION,LINEAR_COMBINATION,13,129.24301147460938,False
20,-1,17.140399932861328,789f99c8bb3bb78643517e94e74044909c21d6ca59a4d3b3b7b659c430047b2e,ecfff82d2921fb8d08c65c53c94883f05f82ffff3f4f38716d136a973ed4dbfc,6f5e35433374466fbff45e33f4afd5325e437bbfe7b3082745ad1d7fb1fd08e4,138.81393432617188,True,MLDG,LINEAR_COMBINATION,LINEAR_COMBINATION,LINEAR_COMBINATION,u008,LINEAR_COMBINATION,LINEAR_COMBINATION,LINEAR_COMBINATION,LINEAR_COMBINATION,True,LINEAR_COMBINATION,LINEAR_COMBINATION,13,99.53123474121094,False
1,-1,1.8886349201202393,846ac348d5f15c5f4fb101d9bf7818e53afccb3d5039cf9db7dc42613d2d56c2,c60a7ecdfeabf5402dd4472892d5a3764479ae3522e6d4808863c00504775ab1,9c92c1c73e47ca86ad4cbb6b63f8a50c98e6866b3802ebef9e060421b7c00400,5.238677978515625,True,MLDG,LINEAR_COMBINATION,LINEAR_COMBINATION,LINEAR_COMBINATION,u009,LINEAR_COMBINATION,LINEAR_COMBINATION,LINEAR_COMBINATION,LINEAR_COMBINATION,True,LINEAR_COMBINATION,LINEAR_COMBINATION,13,2.7686691284179688,False
5,-1,14.75097942352295,3ad8b8cd983368df9429d5a7bbc63b6576a695bf299c4cd23d547a83ea1045ce,479f94635dac01a01be225e295363324542a036bd52f32298ffa44bf788bb333,abc909ba4e2fee53d1fe4522f1523a1ca94029ccc199af6bc6457ed3fe9c34c2,42.042640686035156,True,MLDG,LINEAR_COMBINATION,LINEAR_COMBINATION,LINEAR_COMBINATION,u009,LINEAR_COMBINATION,LINEAR_COMBINATION,LINEAR_COMBINATION,LINEAR_COMBINATION,True,LINEAR_COMBINATION,LINEAR_COMBINATION,13,17.79692840576172,False
20,-1,60.298240661621094,789f99c8bb3bb78643517e94e74044909c21d6ca59a4d3b3b7b659c430047b2e,ecfff82d2921fb8d08c65c53c94883f05f82ffff3f4f38716d136a973ed4dbfc,6f5e35433374466fbff45e33f4afd5325e437bbfe7b3082745ad1d7fb1fd08e4,91.73633575439453,True,MLDG,LINEAR_COMBINATION,LINEAR_COMBINATION,LINEAR_COMBINATION,u009,LINEAR_COMBINATION,LINEAR_COMBINATION,LINEAR_COMBINATION,LINEAR_COMBINATION,True,LINEAR_COMBINATION,LINEAR_COMBINATION,13,63.59919357299805,False
1,-1,1.8886349201202393,846ac348d5f15c5f4fb101d9bf7818e53afccb3d5039cf9db7dc42613d2d56c2,c60a7ecdfeabf5402dd4472892d5a3764479ae3522e6d4808863c00504775ab1,9c92c1c73e47ca86ad4cbb6b63f8a50c98e6866b3802ebef9e060421b7c00400,5.238677978515625,True,MLDG,LINEAR_COMBINATION,LINEAR_COMBINATION,LINEAR_COMBINATION,u010,LINEAR_COMBINATION,LINEAR_COMBINATION,LINEAR_COMBINATION,LINEAR_COMBINATION,True,LINEAR_COMBINATION,LINEAR_COMBINATION,13,2.7686691284179688,False
5,-1,14.75097942352295,3ad8b8cd983368df9429d5a7bbc63b6576a695bf299c4cd23d547a83ea1045ce,479f94635dac01a01be225e295363324542a036bd52f32298ffa44bf788bb333,abc909ba4e2fee53d1fe4522f1523a1ca94029ccc199af6bc6457ed3fe9c34c2,42.042640686035156,True,MLDG,LINEAR_COMBINATION,LINEAR_COMBINATION,LINEAR_COMBINATION,u010,LINEAR_COMBINATION,LINEAR_COMBINATION,LINEAR_COMBINATION,LINEAR_COMBINATION,True,LINEAR_COMBINATION,LINEAR_COMBINATION,13,17.79692840576172,False
20,-1,60.298240661621094,789f99c8bb3bb78643517e94e74044909c21d6ca59a4d3b3b7b659c430047b2e,ecfff82d2921fb8d08c65c53c94883f05f82ffff3f4f38716d136a973ed4dbfc,6f5e35433374466fbff45e33f4afd5325e437bbfe7b3082745ad1d7fb1fd08e4,91.73633575439453,True,MLDG,LINEAR_COMBINATION,LINEAR_COMBINATION,LINEAR_COMBINATION,u010,LINEAR_COMBINATION,LINEAR_COMBINATION,LINEAR_COMBINATION,LINEAR_COMBINATION,True,LINEAR_COMBINATION,LINEAR_COMBINATION,13,63.59919357299805,False
1,0,2.580003261566162,112cc9af827d54f76bc56a095e9f8a895df5b9b9287135387b47094d79d70cee,9c4944edb452554c8b09a3ec95a8f07ec30a5a58bcc7ba9fe3a4bcd1fd23d5cd,1bf92c41fd57be1594dbeff73874e50cbf87b61d48da4135700221de100d9341,21.053186416625977,True,WEIGHT_NUCLEAR,112cc9af827d54f76bc56a095e9f8a895df5b9b9287135387b47094d79d70cee,af0beab0191d78b98f54f2575d6d27a665b24662eda4f990b6df4d17e1a9a869,343d32817129f676249bd5f93b115983043187875e7f0e973303d8e947e5f761,u000,112cc9af827d54f76bc56a095e9f8a895df5b9b9287135387b47094d79d70cee,a1f1efaa1cbf2ea9ba87745a7611f6aceb046f4ea7f34026fbc4cc7604ff5d46,70f1788bd2f44fb6020a72a5db681e9dbef15ec0e3ea65ab9e3181057547850e,112cc9af827d54f76bc56a095e9f8a895df5b9b9287135387b47094d79d70cee,True,a1f1efaa1cbf2ea9ba87745a7611f6aceb046f4ea7f34026fbc4cc7604ff5d46,70f1788bd2f44fb6020a72a5db681e9dbef15ec0e3ea65ab9e3181057547850e,13,14.391860008239746,False
5,0,8.408117294311523,112cc9af827d54f76bc56a095e9f8a895df5b9b9287135387b47094d79d70cee,6af94e5d23dac170cde2188acdfaf63a78f30ec7e432e46279638c413098d50d,f2f03a819824342a7e7a8e6183d3e50d803901436f3be469c9464a7a15d12a2f,170.67051696777344,True,WEIGHT_NUCLEAR,112cc9af827d54f76bc56a095e9f8a895df5b9b9287135387b47094d79d70cee,07a28a6c58427fad464981e01f9d2fdcac839633013b2c0030b160907a93d9df,871474fc2444972f233ff692187f5b04a05ac808c90bcbc0e042bf25c2615702,u000,112cc9af827d54f76bc56a095e9f8a895df5b9b9287135387b47094d79d70cee,0c82ba14bfe7aad12de2632593c03e34e34f19a5604a4530ed58b8d69888a239,326c9720576b2fa7768b44677d997696b6ae3f365f6faa612f613767cba38139,112cc9af827d54f76bc56a095e9f8a895df5b9b9287135387b47094d79d70cee,True,0c82ba14bfe7aad12de2632593c03e34e34f19a5604a4530ed58b8d69888a239,326c9720576b2fa7768b44677d997696b6ae3f365f6faa612f613767cba38139,13,119.51522827148438,False
20,0,8.849949836730957,112cc9af827d54f76bc56a095e9f8a895df5b9b9287135387b47094d79d70cee,e6e6d47b7adda50b03012e8df74faa230fc9d94590d9e70d5f21282aedf5e61e,ae9b938be9d7524b60677985f37b1b4426a9fcc70547ad9c4f15a4cf7421796e,145.72462463378906,True,WEIGHT_NUCLEAR,112cc9af827d54f76bc56a095e9f8a895df5b9b9287135387b47094d79d70cee,5a06f99bcbb4a16fdbaebce7ee6bae7d50b3d7b542c88030a73bd5477a674479,7604b1a6b210efce04593c79a2fd3a95a370cef81069d521fa2a6239d6b34439,u000,112cc9af827d54f76bc56a095e9f8a895df5b9b9287135387b47094d79d70cee,4061b1b4705e03faa76916ea5ba33638d489ee570f0a0e333802c938539a7dc1,4c260a858da3dda078bb27483ca8bdb054a6b2f7909979b0310e5f5c5ca2fb16,112cc9af827d54f76bc56a095e9f8a895df5b9b9287135387b47094d79d70cee,True,4061b1b4705e03faa76916ea5ba33638d489ee570f0a0e333802c938539a7dc1,4c260a858da3dda078bb27483ca8bdb054a6b2f7909979b0310e5f5c5ca2fb16,13,104.47130584716797,False
1,1,2.4087982177734375,112cc9af827d54f76bc56a095e9f8a895df5b9b9287135387b47094d79d70cee,9c4944edb452554c8b09a3ec95a8f07ec30a5a58bcc7ba9fe3a4bcd1fd23d5cd,1bf92c41fd57be1594dbeff73874e50cbf87b61d48da4135700221de100d9341,21.738906860351562,True,WEIGHT_NUCLEAR,112cc9af827d54f76bc56a095e9f8a895df5b9b9287135387b47094d79d70cee,cc5038fa4d6510749ecad21dd718bc666ffffc9fe4ff0163b4ec11c4ed675273,d53d77f2db10bfa861108fe06d757e204ae22f47587c2f66be6dc43c885ca078,u001,112cc9af827d54f76bc56a095e9f8a895df5b9b9287135387b47094d79d70cee,4147aa2f286b3567b56a733f0dd9194e1189865be3ce539aada04b3b8b0729d8,77de5e85061fe716fd606e9d4a85af1fc08161028b1985282e95dcb0e5fd43da,112cc9af827d54f76bc56a095e9f8a895df5b9b9287135387b47094d79d70cee,True,4147aa2f286b3567b56a733f0dd9194e1189865be3ce539aada04b3b8b0729d8,77de5e85061fe716fd606e9d4a85af1fc08161028b1985282e95dcb0e5fd43da,13,14.85722541809082,False
5,1,9.514472961425781,112cc9af827d54f76bc56a095e9f8a895df5b9b9287135387b47094d79d70cee,6af94e5d23dac170cde2188acdfaf63a78f30ec7e432e46279638c413098d50d,f2f03a819824342a7e7a8e6183d3e50d803901436f3be469c9464a7a15d12a2f,173.18511962890625,True,WEIGHT_NUCLEAR,112cc9af827d54f76bc56a095e9f8a895df5b9b9287135387b47094d79d70cee,4d6928ca002796d90cd05bad3e5a154a9c2f1b0755fbf39e350c5aa804f54145,c2a47ec24605126759f3e3a57377e6291c51fc6bdc99b84679af5067ee067187,u001,112cc9af827d54f76bc56a095e9f8a895df5b9b9287135387b47094d79d70cee,97e58b20675533e51729efcb45de997142c7630bd2612b0e26ae30d3409e5078,4f15c133bff60054dada2b9a5c9648c221370d570ead9988c63e0092b6370999,112cc9af827d54f76bc56a095e9f8a895df5b9b9287135387b47094d79d70cee,True,97e58b20675533e51729efcb45de997142c7630bd2612b0e26ae30d3409e5078,4f15c133bff60054dada2b9a5c9648c221370d570ead9988c63e0092b6370999,13,121.14002990722656,False
20,1,9.241337776184082,112cc9af827d54f76bc56a095e9f8a895df5b9b9287135387b47094d79d70cee,e6e6d47b7adda50b03012e8df74faa230fc9d94590d9e70d5f21282aedf5e61e,ae9b938be9d7524b60677985f37b1b4426a9fcc70547ad9c4f15a4cf7421796e,148.58447265625,True,WEIGHT_NUCLEAR,112cc9af827d54f76bc56a095e9f8a895df5b9b9287135387b47094d79d70cee,5fc0d08d4778e8787711859a4567ad8a615958fe15420f8c9062635c3345f2a2,743665c5b668375c424b0d983a532b3207e64bb365ce7f52ff39825f383d1636,u001,112cc9af827d54f76bc56a095e9f8a895df5b9b9287135387b47094d79d70cee,1ec86b98051dddfa6a7b1b5e6b418f22b42901edff845558bd5ac28ec7a59a4a,94904993e5ec1d932707a13a4fa8acd370105bbaae9a827f96648fc35f8a531b,112cc9af827d54f76bc56a095e9f8a895df5b9b9287135387b47094d79d70cee,True,1ec86b98051dddfa6a7b1b5e6b418f22b42901edff845558bd5ac28ec7a59a4a,94904993e5ec1d932707a13a4fa8acd370105bbaae9a827f96648fc35f8a531b,13,105.43013763427734,False
1,2,0.0,112cc9af827d54f76bc56a095e9f8a895df5b9b9287135387b47094d79d70cee,9c4944edb452554c8b09a3ec95a8f07ec30a5a58bcc7ba9fe3a4bcd1fd23d5cd,1bf92c41fd57be1594dbeff73874e50cbf87b61d48da4135700221de100d9341,0.0,True,WEIGHT_NUCLEAR,LINEAR_COMBINATION,LINEAR_COMBINATION,LINEAR_COMBINATION,u002,LINEAR_COMBINATION,LINEAR_COMBINATION,LINEAR_COMBINATION,LINEAR_COMBINATION,True,LINEAR_COMBINATION,LINEAR_COMBINATION,13,0.0,False
5,2,0.0,112cc9af827d54f76bc56a095e9f8a895df5b9b9287135387b47094d79d70cee,6af94e5d23dac170cde2188acdfaf63a78f30ec7e432e46279638c413098d50d,f2f03a819824342a7e7a8e6183d3e50d803901436f3be469c9464a7a15d12a2f,0.0,True,WEIGHT_NUCLEAR,LINEAR_COMBINATION,LINEAR_COMBINATION,LINEAR_COMBINATION,u002,LINEAR_COMBINATION,LINEAR_COMBINATION,LINEAR_COMBINATION,LINEAR_COMBINATION,True,LINEAR_COMBINATION,LINEAR_COMBINATION,13,0.0,False
20,2,0.0,112cc9af827d54f76bc56a095e9f8a895df5b9b9287135387b47094d79d70cee,e6e6d47b7adda50b03012e8df74faa230fc9d94590d9e70d5f21282aedf5e61e,ae9b938be9d7524b60677985f37b1b4426a9fcc70547ad9c4f15a4cf7421796e,0.0,True,WEIGHT_NUCLEAR,LINEAR_COMBINATION,LINEAR_COMBINATION,LINEAR_COMBINATION,u002,LINEAR_COMBINATION,LINEAR_COMBINATION,LINEAR_COMBINATION,LINEAR_COMBINATION,True,LINEAR_COMBINATION,LINEAR_COMBINATION,13,0.0,False
1,3,2.476595640182495,112cc9af827d54f76bc56a095e9f8a895df5b9b9287135387b47094d79d70cee,9c4944edb452554c8b09a3ec95a8f07ec30a5a58bcc7ba9fe3a4bcd1fd23d5cd,1bf92c41fd57be1594dbeff73874e50cbf87b61d48da4135700221de100d9341,7.863048553466797,True,WEIGHT_NUCLEAR,112cc9af827d54f76bc56a095e9f8a895df5b9b9287135387b47094d79d70cee,9b6ed94f09d602238cedbe4ef50208ca8268e30be7aa52f126f9ce323e4d4724,d16d97a0a8a29b2068006373048c4d89bc699022cfcf760f6b3be5fb5b431b74,u003,112cc9af827d54f76bc56a095e9f8a895df5b9b9287135387b47094d79d70cee,7fdc081d35636dd5044d51e84624e8c8e20b07a08db88bfe3be52a978c40ecbf,0074e89e83ca540c7381920e5aef76a7b901c4577cd383e92f42e3c0f07166f6,112cc9af827d54f76bc56a095e9f8a895df5b9b9287135387b47094d79d70cee,True,7fdc081d35636dd5044d51e84624e8c8e20b07a08db88bfe3be52a978c40ecbf,0074e89e83ca540c7381920e5aef76a7b901c4577cd383e92f42e3c0f07166f6,13,4.309253215789795,False
5,3,16.779926300048828,112cc9af827d54f76bc56a095e9f8a895df5b9b9287135387b47094d79d70cee,6af94e5d23dac170cde2188acdfaf63a78f30ec7e432e46279638c413098d50d,f2f03a819824342a7e7a8e6183d3e50d803901436f3be469c9464a7a15d12a2f,58.928443908691406,True,WEIGHT_NUCLEAR,112cc9af827d54f76bc56a095e9f8a895df5b9b9287135387b47094d79d70cee,c6a54605e1d3d00d120c2d045d78f5cb6cba74a6a850ad74b7b186a32fab3d44,b5a73e5e1c2e79f5037d8f03dcfa664f6424691897bd53eb0e6583468d55397a,u003,112cc9af827d54f76bc56a095e9f8a895df5b9b9287135387b47094d79d70cee,771b2915c7acc52dca21f1ef9ddb8ac152df4dd0cbf823f01fdf221c115e3198,d6d3eb3768a7ac9043ab997d5a189be1ccc8e59ef1a2fb43e534bdf3f49b1c60,112cc9af827d54f76bc56a095e9f8a895df5b9b9287135387b47094d79d70cee,True,771b2915c7acc52dca21f1ef9ddb8ac152df4dd0cbf823f01fdf221c115e3198,d6d3eb3768a7ac9043ab997d5a189be1ccc8e59ef1a2fb43e534bdf3f49b1c60,13,27.91876983642578,False
20,3,74.49994659423828,112cc9af827d54f76bc56a095e9f8a895df5b9b9287135387b47094d79d70cee,e6e6d47b7adda50b03012e8df74faa230fc9d94590d9e70d5f21282aedf5e61e,ae9b938be9d7524b60677985f37b1b4426a9fcc70547ad9c4f15a4cf7421796e,117.47907257080078,True,WEIGHT_NUCLEAR,112cc9af827d54f76bc56a095e9f8a895df5b9b9287135387b47094d79d70cee,8d10f235b4d8264e00be5ab0a8fa9da22dc35bae8987f3c2d1de6b8b3fc5c042,3e4e10ee8a08f58ffa86562c20942153769ba8d058728aff8a7a3dd613ca53b1,u003,112cc9af827d54f76bc56a095e9f8a895df5b9b9287135387b47094d79d70cee,8c0b038ddc3600f50882b2aa8e7671f4eb396da1a00138ba889e0eebf4970cac,f40532741b2f8e74e0e4fd3953e9096e56fb9254b21e84f37676c30df2854cd3,112cc9af827d54f76bc56a095e9f8a895df5b9b9287135387b47094d79d70cee,True,8c0b038ddc3600f50882b2aa8e7671f4eb396da1a00138ba889e0eebf4970cac,f40532741b2f8e74e0e4fd3953e9096e56fb9254b21e84f37676c30df2854cd3,13,77.74085235595703,False
1,4,0.0,112cc9af827d54f76bc56a095e9f8a895df5b9b9287135387b47094d79d70cee,9c4944edb452554c8b09a3ec95a8f07ec30a5a58bcc7ba9fe3a4bcd1fd23d5cd,1bf92c41fd57be1594dbeff73874e50cbf87b61d48da4135700221de100d9341,0.0,True,WEIGHT_NUCLEAR,LINEAR_COMBINATION,LINEAR_COMBINATION,LINEAR_COMBINATION,u004,LINEAR_COMBINATION,LINEAR_COMBINATION,LINEAR_COMBINATION,LINEAR_COMBINATION,True,LINEAR_COMBINATION,LINEAR_COMBINATION,13,0.0,False
5,4,0.0,112cc9af827d54f76bc56a095e9f8a895df5b9b9287135387b47094d79d70cee,6af94e5d23dac170cde2188acdfaf63a78f30ec7e432e46279638c413098d50d,f2f03a819824342a7e7a8e6183d3e50d803901436f3be469c9464a7a15d12a2f,0.0,True,WEIGHT_NUCLEAR,LINEAR_COMBINATION,LINEAR_COMBINATION,LINEAR_COMBINATION,u004,LINEAR_COMBINATION,LINEAR_COMBINATION,LINEAR_COMBINATION,LINEAR_COMBINATION,True,LINEAR_COMBINATION,LINEAR_COMBINATION,13,0.0,False
20,4,0.0,112cc9af827d54f76bc56a095e9f8a895df5b9b9287135387b47094d79d70cee,e6e6d47b7adda50b03012e8df74faa230fc9d94590d9e70d5f21282aedf5e61e,ae9b938be9d7524b60677985f37b1b4426a9fcc70547ad9c4f15a4cf7421796e,0.0,True,WEIGHT_NUCLEAR,LINEAR_COMBINATION,LINEAR_COMBINATION,LINEAR_COMBINATION,u004,LINEAR_COMBINATION,LINEAR_COMBINATION,LINEAR_COMBINATION,LINEAR_COMBINATION,True,LINEAR_COMBINATION,LINEAR_COMBINATION,13,0.0,False
1,-1,3.5238912105560303,112cc9af827d54f76bc56a095e9f8a895df5b9b9287135387b47094d79d70cee,9c4944edb452554c8b09a3ec95a8f07ec30a5a58bcc7ba9fe3a4bcd1fd23d5cd,1bf92c41fd57be1594dbeff73874e50cbf87b61d48da4135700221de100d9341,30.25360870361328,True,WEIGHT_NUCLEAR,LINEAR_COMBINATION,LINEAR_COMBINATION,LINEAR_COMBINATION,u005,LINEAR_COMBINATION,LINEAR_COMBINATION,LINEAR_COMBINATION,LINEAR_COMBINATION,True,LINEAR_COMBINATION,LINEAR_COMBINATION,13,20.679410934448242,False
5,-1,12.614325523376465,112cc9af827d54f76bc56a095e9f8a895df5b9b9287135387b47094d79d70cee,6af94e5d23dac170cde2188acdfaf63a78f30ec7e432e46279638c413098d50d,f2f03a819824342a7e7a8e6183d3e50d803901436f3be469c9464a7a15d12a2f,243.12545776367188,True,WEIGHT_NUCLEAR,LINEAR_COMBINATION,LINEAR_COMBINATION,LINEAR_COMBINATION,u005,LINEAR_COMBINATION,LINEAR_COMBINATION,LINEAR_COMBINATION,LINEAR_COMBINATION,True,LINEAR_COMBINATION,LINEAR_COMBINATION,13,170.16207885742188,False
20,-1,12.565855979919434,112cc9af827d54f76bc56a095e9f8a895df5b9b9287135387b47094d79d70cee,e6e6d47b7adda50b03012e8df74faa230fc9d94590d9e70d5f21282aedf5e61e,ae9b938be9d7524b60677985f37b1b4426a9fcc70547ad9c4f15a4cf7421796e,208.02256774902344,True,WEIGHT_NUCLEAR,LINEAR_COMBINATION,LINEAR_COMBINATION,LINEAR_COMBINATION,u005,LINEAR_COMBINATION,LINEAR_COMBINATION,LINEAR_COMBINATION,LINEAR_COMBINATION,True,LINEAR_COMBINATION,LINEAR_COMBINATION,13,148.37551879882812,False
1,-1,0.20228222012519836,112cc9af827d54f76bc56a095e9f8a895df5b9b9287135387b47094d79d70cee,9c4944edb452554c8b09a3ec95a8f07ec30a5a58bcc7ba9fe3a4bcd1fd23d5cd,1bf92c41fd57be1594dbeff73874e50cbf87b61d48da4135700221de100d9341,0.7321217060089111,True,WEIGHT_NUCLEAR,LINEAR_COMBINATION,LINEAR_COMBINATION,LINEAR_COMBINATION,u006,LINEAR_COMBINATION,LINEAR_COMBINATION,LINEAR_COMBINATION,LINEAR_COMBINATION,True,LINEAR_COMBINATION,LINEAR_COMBINATION,13,0.47399184107780457,False
5,-1,1.4492801427841187,112cc9af827d54f76bc56a095e9f8a895df5b9b9287135387b47094d79d70cee,6af94e5d23dac170cde2188acdfaf63a78f30ec7e432e46279638c413098d50d,f2f03a819824342a7e7a8e6183d3e50d803901436f3be469c9464a7a15d12a2f,3.3958518505096436,True,WEIGHT_NUCLEAR,LINEAR_COMBINATION,LINEAR_COMBINATION,LINEAR_COMBINATION,u006,LINEAR_COMBINATION,LINEAR_COMBINATION,LINEAR_COMBINATION,LINEAR_COMBINATION,True,LINEAR_COMBINATION,LINEAR_COMBINATION,13,1.9148565530776978,False
20,-1,2.4131293296813965,112cc9af827d54f76bc56a095e9f8a895df5b9b9287135387b47094d79d70cee,e6e6d47b7adda50b03012e8df74faa230fc9d94590d9e70d5f21282aedf5e61e,ae9b938be9d7524b60677985f37b1b4426a9fcc70547ad9c4f15a4cf7421796e,6.294548511505127,True,WEIGHT_NUCLEAR,LINEAR_COMBINATION,LINEAR_COMBINATION,LINEAR_COMBINATION,u006,LINEAR_COMBINATION,LINEAR_COMBINATION,LINEAR_COMBINATION,LINEAR_COMBINATION,True,LINEAR_COMBINATION,LINEAR_COMBINATION,13,3.804187059402466,False
1,-1,2.491767406463623,112cc9af827d54f76bc56a095e9f8a895df5b9b9287135387b47094d79d70cee,9c4944edb452554c8b09a3ec95a8f07ec30a5a58bcc7ba9fe3a4bcd1fd23d5cd,1bf92c41fd57be1594dbeff73874e50cbf87b61d48da4135700221de100d9341,21.392532348632812,True,WEIGHT_NUCLEAR,LINEAR_COMBINATION,LINEAR_COMBINATION,LINEAR_COMBINATION,u007,LINEAR_COMBINATION,LINEAR_COMBINATION,LINEAR_COMBINATION,LINEAR_COMBINATION,True,LINEAR_COMBINATION,LINEAR_COMBINATION,13,14.622551918029785,False
5,-1,8.91967487335205,112cc9af827d54f76bc56a095e9f8a895df5b9b9287135387b47094d79d70cee,6af94e5d23dac170cde2188acdfaf63a78f30ec7e432e46279638c413098d50d,f2f03a819824342a7e7a8e6183d3e50d803901436f3be469c9464a7a15d12a2f,171.91566467285156,True,WEIGHT_NUCLEAR,LINEAR_COMBINATION,LINEAR_COMBINATION,LINEAR_COMBINATION,u007,LINEAR_COMBINATION,LINEAR_COMBINATION,LINEAR_COMBINATION,LINEAR_COMBINATION,True,LINEAR_COMBINATION,LINEAR_COMBINATION,13,120.32276153564453,False
20,-1,8.885401725769043,112cc9af827d54f76bc56a095e9f8a895df5b9b9287135387b47094d79d70cee,e6e6d47b7adda50b03012e8df74faa230fc9d94590d9e70d5f21282aedf5e61e,ae9b938be9d7524b60677985f37b1b4426a9fcc70547ad9c4f15a4cf7421796e,147.09417724609375,True,WEIGHT_NUCLEAR,LINEAR_COMBINATION,LINEAR_COMBINATION,LINEAR_COMBINATION,u007,LINEAR_COMBINATION,LINEAR_COMBINATION,LINEAR_COMBINATION,LINEAR_COMBINATION,True,LINEAR_COMBINATION,LINEAR_COMBINATION,13,104.91732788085938,False
1,-1,2.491767406463623,112cc9af827d54f76bc56a095e9f8a895df5b9b9287135387b47094d79d70cee,9c4944edb452554c8b09a3ec95a8f07ec30a5a58bcc7ba9fe3a4bcd1fd23d5cd,1bf92c41fd57be1594dbeff73874e50cbf87b61d48da4135700221de100d9341,21.392532348632812,True,WEIGHT_NUCLEAR,LINEAR_COMBINATION,LINEAR_COMBINATION,LINEAR_COMBINATION,u008,LINEAR_COMBINATION,LINEAR_COMBINATION,LINEAR_COMBINATION,LINEAR_COMBINATION,True,LINEAR_COMBINATION,LINEAR_COMBINATION,13,14.622551918029785,False
5,-1,8.91967487335205,112cc9af827d54f76bc56a095e9f8a895df5b9b9287135387b47094d79d70cee,6af94e5d23dac170cde2188acdfaf63a78f30ec7e432e46279638c413098d50d,f2f03a819824342a7e7a8e6183d3e50d803901436f3be469c9464a7a15d12a2f,171.91566467285156,True,WEIGHT_NUCLEAR,LINEAR_COMBINATION,LINEAR_COMBINATION,LINEAR_COMBINATION,u008,LINEAR_COMBINATION,LINEAR_COMBINATION,LINEAR_COMBINATION,LINEAR_COMBINATION,True,LINEAR_COMBINATION,LINEAR_COMBINATION,13,120.32276153564453,False
20,-1,8.885401725769043,112cc9af827d54f76bc56a095e9f8a895df5b9b9287135387b47094d79d70cee,e6e6d47b7adda50b03012e8df74faa230fc9d94590d9e70d5f21282aedf5e61e,ae9b938be9d7524b60677985f37b1b4426a9fcc70547ad9c4f15a4cf7421796e,147.09417724609375,True,WEIGHT_NUCLEAR,LINEAR_COMBINATION,LINEAR_COMBINATION,LINEAR_COMBINATION,u008,LINEAR_COMBINATION,LINEAR_COMBINATION,LINEAR_COMBINATION,LINEAR_COMBINATION,True,LINEAR_COMBINATION,LINEAR_COMBINATION,13,104.91732788085938,False
1,-1,1.7512176036834717,112cc9af827d54f76bc56a095e9f8a895df5b9b9287135387b47094d79d70cee,9c4944edb452554c8b09a3ec95a8f07ec30a5a58bcc7ba9fe3a4bcd1fd23d5cd,1bf92c41fd57be1594dbeff73874e50cbf87b61d48da4135700221de100d9341,5.560014724731445,True,WEIGHT_NUCLEAR,LINEAR_COMBINATION,LINEAR_COMBINATION,LINEAR_COMBINATION,u009,LINEAR_COMBINATION,LINEAR_COMBINATION,LINEAR_COMBINATION,LINEAR_COMBINATION,True,LINEAR_COMBINATION,LINEAR_COMBINATION,13,3.0471019744873047,False
5,-1,11.86520004272461,112cc9af827d54f76bc56a095e9f8a895df5b9b9287135387b47094d79d70cee,6af94e5d23dac170cde2188acdfaf63a78f30ec7e432e46279638c413098d50d,f2f03a819824342a7e7a8e6183d3e50d803901436f3be469c9464a7a15d12a2f,41.668701171875,True,WEIGHT_NUCLEAR,LINEAR_COMBINATION,LINEAR_COMBINATION,LINEAR_COMBINATION,u009,LINEAR_COMBINATION,LINEAR_COMBINATION,LINEAR_COMBINATION,LINEAR_COMBINATION,True,LINEAR_COMBINATION,LINEAR_COMBINATION,13,19.74155044555664,False
20,-1,52.67941665649414,112cc9af827d54f76bc56a095e9f8a895df5b9b9287135387b47094d79d70cee,e6e6d47b7adda50b03012e8df74faa230fc9d94590d9e70d5f21282aedf5e61e,ae9b938be9d7524b60677985f37b1b4426a9fcc70547ad9c4f15a4cf7421796e,83.07025146484375,True,WEIGHT_NUCLEAR,LINEAR_COMBINATION,LINEAR_COMBINATION,LINEAR_COMBINATION,u009,LINEAR_COMBINATION,LINEAR_COMBINATION,LINEAR_COMBINATION,LINEAR_COMBINATION,True,LINEAR_COMBINATION,LINEAR_COMBINATION,13,54.9710807800293,False
1,-1,1.7512176036834717,112cc9af827d54f76bc56a095e9f8a895df5b9b9287135387b47094d79d70cee,9c4944edb452554c8b09a3ec95a8f07ec30a5a58bcc7ba9fe3a4bcd1fd23d5cd,1bf92c41fd57be1594dbeff73874e50cbf87b61d48da4135700221de100d9341,5.560014724731445,True,WEIGHT_NUCLEAR,LINEAR_COMBINATION,LINEAR_COMBINATION,LINEAR_COMBINATION,u010,LINEAR_COMBINATION,LINEAR_COMBINATION,LINEAR_COMBINATION,LINEAR_COMBINATION,True,LINEAR_COMBINATION,LINEAR_COMBINATION,13,3.0471019744873047,False
5,-1,11.86520004272461,112cc9af827d54f76bc56a095e9f8a895df5b9b9287135387b47094d79d70cee,6af94e5d23dac170cde2188acdfaf63a78f30ec7e432e46279638c413098d50d,f2f03a819824342a7e7a8e6183d3e50d803901436f3be469c9464a7a15d12a2f,41.668701171875,True,WEIGHT_NUCLEAR,LINEAR_COMBINATION,LINEAR_COMBINATION,LINEAR_COMBINATION,u010,LINEAR_COMBINATION,LINEAR_COMBINATION,LINEAR_COMBINATION,LINEAR_COMBINATION,True,LINEAR_COMBINATION,LINEAR_COMBINATION,13,19.74155044555664,False
20,-1,52.67941665649414,112cc9af827d54f76bc56a095e9f8a895df5b9b9287135387b47094d79d70cee,e6e6d47b7adda50b03012e8df74faa230fc9d94590d9e70d5f21282aedf5e61e,ae9b938be9d7524b60677985f37b1b4426a9fcc70547ad9c4f15a4cf7421796e,83.07025146484375,True,WEIGHT_NUCLEAR,LINEAR_COMBINATION,LINEAR_COMBINATION,LINEAR_COMBINATION,u010,LINEAR_COMBINATION,LINEAR_COMBINATION,LINEAR_COMBINATION,LINEAR_COMBINATION,True,LINEAR_COMBINATION,LINEAR_COMBINATION,13,54.9710807800293,False
1,0,1.1264678239822388,36415a95009af99c7cd8fc2b254c268507ea76fa8abd4629c693ea908976bb31,ace88045c6d332e87d43904a2def2f266868f20234055f97866ab7e480cf6831,747b59ec5e9721f40506aee400897ca4d08c85af87673dced4c10e12526b8b3a,17.402772903442383,True,FEATURE_NUCLEAR,36415a95009af99c7cd8fc2b254c268507ea76fa8abd4629c693ea908976bb31,810e99808e974755034d3b7000ea3bdbf76384291e0ae3ebf3fbd5c6f1c5b5d1,a4fb55c6a7144aa337c2cd714b144ca835d49941875a429d7c8b7bc4a9f3bea7,u000,36415a95009af99c7cd8fc2b254c268507ea76fa8abd4629c693ea908976bb31,ed0adc2fa4929ed45d371f21b1c2842a948171c261c53df63b5de31b3615ccff,11b309139aba62d6ebde4d2994791b272b9464d2c4cdd836db8cd0e46550988e,36415a95009af99c7cd8fc2b254c268507ea76fa8abd4629c693ea908976bb31,True,ed0adc2fa4929ed45d371f21b1c2842a948171c261c53df63b5de31b3615ccff,11b309139aba62d6ebde4d2994791b272b9464d2c4cdd836db8cd0e46550988e,13,12.475414276123047,False
5,0,9.987022399902344,36415a95009af99c7cd8fc2b254c268507ea76fa8abd4629c693ea908976bb31,1114cde15548625d6a29ddee443f6524e0ddab61b172fa39238d51059df8eb45,1069bbbeace300019af6e884d14e4806a51e8ee86d192d555375258abb12a1a5,158.9863739013672,True,FEATURE_NUCLEAR,36415a95009af99c7cd8fc2b254c268507ea76fa8abd4629c693ea908976bb31,607532daaa971e5517de4dcac80fce78003262727cc8a385849ee1ff51c89dff,27c20cc79fbc5727a85af1615f3d4f120a786a56a43f303fae04fa8325492e43,u000,36415a95009af99c7cd8fc2b254c268507ea76fa8abd4629c693ea908976bb31,9f49a6016b4f4472fd947f834d0cb6b7fc8968369fb4aef7f3448ba5e762349d,39939091d21d7675c093127315a9d7785ae3d67dac4513f3393023e69ad3a803,36415a95009af99c7cd8fc2b254c268507ea76fa8abd4629c693ea908976bb31,True,9f49a6016b4f4472fd947f834d0cb6b7fc8968369fb4aef7f3448ba5e762349d,39939091d21d7675c093127315a9d7785ae3d67dac4513f3393023e69ad3a803,13,115.62950134277344,False
20,0,18.250537872314453,36415a95009af99c7cd8fc2b254c268507ea76fa8abd4629c693ea908976bb31,9ffc2f4fc2e7b83eb748f1a1a2a55fa70a7465486156015ce919ec4da2f81dee,e0fd7ca30496a736d831e9f1a010b57cd3eef3582e1e06910058ea0608ddb2c1,126.78466796875,True,FEATURE_NUCLEAR,36415a95009af99c7cd8fc2b254c268507ea76fa8abd4629c693ea908976bb31,7a120f9cb21a91324048050a360ac06c9897f222232bfccb3431d456a8754629,7d4b2ea8240426b29c070940b87b4007f83c031525a6482f327a10176fe9e3a2,u000,36415a95009af99c7cd8fc2b254c268507ea76fa8abd4629c693ea908976bb31,4721d7f79815a0e5dab3c659809cd413b6fa443e0ba0a4b48b15a15f93f91739,7e831a7cc24a1104c70ecd694a152649a4c98142b6e6f68f9c8d829cbf9918e2,36415a95009af99c7cd8fc2b254c268507ea76fa8abd4629c693ea908976bb31,True,4721d7f79815a0e5dab3c659809cd413b6fa443e0ba0a4b48b15a15f93f91739,7e831a7cc24a1104c70ecd694a152649a4c98142b6e6f68f9c8d829cbf9918e2,13,91.30320739746094,False
1,1,1.3256802558898926,36415a95009af99c7cd8fc2b254c268507ea76fa8abd4629c693ea908976bb31,ace88045c6d332e87d43904a2def2f266868f20234055f97866ab7e480cf6831,747b59ec5e9721f40506aee400897ca4d08c85af87673dced4c10e12526b8b3a,17.875274658203125,True,FEATURE_NUCLEAR,36415a95009af99c7cd8fc2b254c268507ea76fa8abd4629c693ea908976bb31,7a2d3317f04755d2f2be78b052c7ea706fb78b930bae6949b7389b64032b9687,c79876fb69d0a66bff56f03f49e1ac78299b37cd598a291ffd3891c8ae06d442,u001,36415a95009af99c7cd8fc2b254c268507ea76fa8abd4629c693ea908976bb31,222c4ec42010c57e4ebe692f8066d0a8852a512c478cac94385d9ccc005dac44,4327a99bcf1247a7986337614c21354b6287d83f15ed2b29d00882f5037f0568,36415a95009af99c7cd8fc2b254c268507ea76fa8abd4629c693ea908976bb31,True,222c4ec42010c57e4ebe692f8066d0a8852a512c478cac94385d9ccc005dac44,4327a99bcf1247a7986337614c21354b6287d83f15ed2b29d00882f5037f0568,13,12.939138412475586,False
5,1,10.078165054321289,36415a95009af99c7cd8fc2b254c268507ea76fa8abd4629c693ea908976bb31,1114cde15548625d6a29ddee443f6524e0ddab61b172fa39238d51059df8eb45,1069bbbeace300019af6e884d14e4806a51e8ee86d192d555375258abb12a1a5,161.5096435546875,True,FEATURE_NUCLEAR,36415a95009af99c7cd8fc2b254c268507ea76fa8abd4629c693ea908976bb31,5d4750cc1bbb3036b331b2f1ecc0765b996da7e1d9b2e9a7858df0973480a01a,89ee036302b2e1dd68a198f61a4dfa25ffaf84dbeac80c99906c0580e2e04908,u001,36415a95009af99c7cd8fc2b254c268507ea76fa8abd4629c693ea908976bb31,223b14d47d0b5573ac8d3b20b9c4bcae7ba4ac114bc90c89f5bc00d51552cbe9,ba8d0123943324f8621d3fb7e842f715d643c6da700f57d78353dfbbb313e68c,36415a95009af99c7cd8fc2b254c268507ea76fa8abd4629c693ea908976bb31,True,223b14d47d0b5573ac8d3b20b9c4bcae7ba4ac114bc90c89f5bc00d51552cbe9,ba8d0123943324f8621d3fb7e842f715d643c6da700f57d78353dfbbb313e68c,13,117.41944885253906,False
20,1,20.730770111083984,36415a95009af99c7cd8fc2b254c268507ea76fa8abd4629c693ea908976bb31,9ffc2f4fc2e7b83eb748f1a1a2a55fa70a7465486156015ce919ec4da2f81dee,e0fd7ca30496a736d831e9f1a010b57cd3eef3582e1e06910058ea0608ddb2c1,130.03770446777344,True,FEATURE_NUCLEAR,36415a95009af99c7cd8fc2b254c268507ea76fa8abd4629c693ea908976bb31,25022a6d79e0af647eccecac216ac761fac59d4261106540f266f47dea50dca7,452da6526be46c13fba88a7ab39a94cb935032374e0a8beabd750be476627ae4,u001,36415a95009af99c7cd8fc2b254c268507ea76fa8abd4629c693ea908976bb31,72ad5e44646b897cabe9506308544a68463becf75ee38d1b03b68820f41300fe,a735360b0f4a394cb944762feb8bf608ec5019734e4a2828d0cf2f2c7ea92dd3,36415a95009af99c7cd8fc2b254c268507ea76fa8abd4629c693ea908976bb31,True,72ad5e44646b897cabe9506308544a68463becf75ee38d1b03b68820f41300fe,a735360b0f4a394cb944762feb8bf608ec5019734e4a2828d0cf2f2c7ea92dd3,13,93.11453247070312,False
1,2,0.0,36415a95009af99c7cd8fc2b254c268507ea76fa8abd4629c693ea908976bb31,ace88045c6d332e87d43904a2def2f266868f20234055f97866ab7e480cf6831,747b59ec5e9721f40506aee400897ca4d08c85af87673dced4c10e12526b8b3a,0.0,True,FEATURE_NUCLEAR,LINEAR_COMBINATION,LINEAR_COMBINATION,LINEAR_COMBINATION,u002,LINEAR_COMBINATION,LINEAR_COMBINATION,LINEAR_COMBINATION,LINEAR_COMBINATION,True,LINEAR_COMBINATION,LINEAR_COMBINATION,13,0.0,False
5,2,0.0,36415a95009af99c7cd8fc2b254c268507ea76fa8abd4629c693ea908976bb31,1114cde15548625d6a29ddee443f6524e0ddab61b172fa39238d51059df8eb45,1069bbbeace300019af6e884d14e4806a51e8ee86d192d555375258abb12a1a5,0.0,True,FEATURE_NUCLEAR,LINEAR_COMBINATION,LINEAR_COMBINATION,LINEAR_COMBINATION,u002,LINEAR_COMBINATION,LINEAR_COMBINATION,LINEAR_COMBINATION,LINEAR_COMBINATION,True,LINEAR_COMBINATION,LINEAR_COMBINATION,13,0.0,False
20,2,0.0,36415a95009af99c7cd8fc2b254c268507ea76fa8abd4629c693ea908976bb31,9ffc2f4fc2e7b83eb748f1a1a2a55fa70a7465486156015ce919ec4da2f81dee,e0fd7ca30496a736d831e9f1a010b57cd3eef3582e1e06910058ea0608ddb2c1,0.0,True,FEATURE_NUCLEAR,LINEAR_COMBINATION,LINEAR_COMBINATION,LINEAR_COMBINATION,u002,LINEAR_COMBINATION,LINEAR_COMBINATION,LINEAR_COMBINATION,LINEAR_COMBINATION,True,LINEAR_COMBINATION,LINEAR_COMBINATION,13,0.0,False
1,3,1.6262303590774536,36415a95009af99c7cd8fc2b254c268507ea76fa8abd4629c693ea908976bb31,ace88045c6d332e87d43904a2def2f266868f20234055f97866ab7e480cf6831,747b59ec5e9721f40506aee400897ca4d08c85af87673dced4c10e12526b8b3a,5.777609348297119,True,FEATURE_NUCLEAR,36415a95009af99c7cd8fc2b254c268507ea76fa8abd4629c693ea908976bb31,f2b388107364ebbcf2dd162601e1fc558af3e2ab228afca3cd1bd926d7f4961b,bbb44eaf27106cf00f8e10c1d180927c78b4c55728a948cc1e5e5bcd4b2aa279,u003,36415a95009af99c7cd8fc2b254c268507ea76fa8abd4629c693ea908976bb31,ddc388269f43c259d96722f69e507883193938f33cc19d0a7bbe84f01620ca3f,6f04a4ca8ba16ec95c5dd2b1f08f45af4e0c24b72ba10b6d4ad91d20308b1075,36415a95009af99c7cd8fc2b254c268507ea76fa8abd4629c693ea908976bb31,True,ddc388269f43c259d96722f69e507883193938f33cc19d0a7bbe84f01620ca3f,6f04a4ca8ba16ec95c5dd2b1f08f45af4e0c24b72ba10b6d4ad91d20308b1075,13,2.5901598930358887,False
5,3,16.956775665283203,36415a95009af99c7cd8fc2b254c268507ea76fa8abd4629c693ea908976bb31,1114cde15548625d6a29ddee443f6524e0ddab61b172fa39238d51059df8eb45,1069bbbeace300019af6e884d14e4806a51e8ee86d192d555375258abb12a1a5,54.73712158203125,True,FEATURE_NUCLEAR,36415a95009af99c7cd8fc2b254c268507ea76fa8abd4629c693ea908976bb31,3e853d65e0f099618e5cb6be4479b1587db1add77a1bd31cb9c0907fb5abb630,9bb933423d07a973cc59a1d694bc45912c6cf513e0497e89358c34050d6a5c23,u003,36415a95009af99c7cd8fc2b254c268507ea76fa8abd4629c693ea908976bb31,0dbaa5a2d56bd179a1a41e2b60a2f60fd65b2d3b1255b99d4a9dc629790f2bc1,ea194b847d5b57b56aa2b27986fe5ae9c4580c675ee82c86467398397eaab7df,36415a95009af99c7cd8fc2b254c268507ea76fa8abd4629c693ea908976bb31,True,0dbaa5a2d56bd179a1a41e2b60a2f60fd65b2d3b1255b99d4a9dc629790f2bc1,ea194b847d5b57b56aa2b27986fe5ae9c4580c675ee82c86467398397eaab7df,13,21.84198570251465,False
20,3,76.01017761230469,36415a95009af99c7cd8fc2b254c268507ea76fa8abd4629c693ea908976bb31,9ffc2f4fc2e7b83eb748f1a1a2a55fa70a7465486156015ce919ec4da2f81dee,e0fd7ca30496a736d831e9f1a010b57cd3eef3582e1e06910058ea0608ddb2c1,115.52374267578125,True,FEATURE_NUCLEAR,36415a95009af99c7cd8fc2b254c268507ea76fa8abd4629c693ea908976bb31,3d8f1f480a70c8e2aa2dfe8a37c678d43b0e3f1e3d0531caad3e1612c3795eea,b14a66dd0ebbe78a66154886efa87365e15bb755e443873f79afa4e86589b190,u003,36415a95009af99c7cd8fc2b254c268507ea76fa8abd4629c693ea908976bb31,6dc19ac47a0d0e604871b2736582f02e3875cd54c729507a2e65f8c59a1aa5d6,dde96e835d5cbd6444afb3a55e7341c56f538de4f9fae744d23a246f695de3be,36415a95009af99c7cd8fc2b254c268507ea76fa8abd4629c693ea908976bb31,True,6dc19ac47a0d0e604871b2736582f02e3875cd54c729507a2e65f8c59a1aa5d6,dde96e835d5cbd6444afb3a55e7341c56f538de4f9fae744d23a246f695de3be,13,75.78218841552734,False
1,4,0.0,36415a95009af99c7cd8fc2b254c268507ea76fa8abd4629c693ea908976bb31,ace88045c6d332e87d43904a2def2f266868f20234055f97866ab7e480cf6831,747b59ec5e9721f40506aee400897ca4d08c85af87673dced4c10e12526b8b3a,0.0,True,FEATURE_NUCLEAR,LINEAR_COMBINATION,LINEAR_COMBINATION,LINEAR_COMBINATION,u004,LINEAR_COMBINATION,LINEAR_COMBINATION,LINEAR_COMBINATION,LINEAR_COMBINATION,True,LINEAR_COMBINATION,LINEAR_COMBINATION,13,0.0,False
5,4,0.0,36415a95009af99c7cd8fc2b254c268507ea76fa8abd4629c693ea908976bb31,1114cde15548625d6a29ddee443f6524e0ddab61b172fa39238d51059df8eb45,1069bbbeace300019af6e884d14e4806a51e8ee86d192d555375258abb12a1a5,0.0,True,FEATURE_NUCLEAR,LINEAR_COMBINATION,LINEAR_COMBINATION,LINEAR_COMBINATION,u004,LINEAR_COMBINATION,LINEAR_COMBINATION,LINEAR_COMBINATION,LINEAR_COMBINATION,True,LINEAR_COMBINATION,LINEAR_COMBINATION,13,0.0,False
20,4,0.0,36415a95009af99c7cd8fc2b254c268507ea76fa8abd4629c693ea908976bb31,9ffc2f4fc2e7b83eb748f1a1a2a55fa70a7465486156015ce919ec4da2f81dee,e0fd7ca30496a736d831e9f1a010b57cd3eef3582e1e06910058ea0608ddb2c1,0.0,True,FEATURE_NUCLEAR,LINEAR_COMBINATION,LINEAR_COMBINATION,LINEAR_COMBINATION,u004,LINEAR_COMBINATION,LINEAR_COMBINATION,LINEAR_COMBINATION,LINEAR_COMBINATION,True,LINEAR_COMBINATION,LINEAR_COMBINATION,13,0.0,False
1,-1,1.7268791198730469,36415a95009af99c7cd8fc2b254c268507ea76fa8abd4629c693ea908976bb31,ace88045c6d332e87d43904a2def2f266868f20234055f97866ab7e480cf6831,747b59ec5e9721f40506aee400897ca4d08c85af87673dced4c10e12526b8b3a,24.94017219543457,True,FEATURE_NUCLEAR,LINEAR_COMBINATION,LINEAR_COMBINATION,LINEAR_COMBINATION,u005,LINEAR_COMBINATION,LINEAR_COMBINATION,LINEAR_COMBINATION,LINEAR_COMBINATION,True,LINEAR_COMBINATION,LINEAR_COMBINATION,13,17.96857261657715,False
5,-1,14.010374069213867,36415a95009af99c7cd8fc2b254c268507ea76fa8abd4629c693ea908976bb31,1114cde15548625d6a29ddee443f6524e0ddab61b172fa39238d51059df8eb45,1069bbbeace300019af6e884d14e4806a51e8ee86d192d555375258abb12a1a5,226.60621643066406,True,FEATURE_NUCLEAR,LINEAR_COMBINATION,LINEAR_COMBINATION,LINEAR_COMBINATION,u005,LINEAR_COMBINATION,LINEAR_COMBINATION,LINEAR_COMBINATION,LINEAR_COMBINATION,True,LINEAR_COMBINATION,LINEAR_COMBINATION,13,164.78378295898438,False
20,-1,27.44319725036621,36415a95009af99c7cd8fc2b254c268507ea76fa8abd4629c693ea908976bb31,9ffc2f4fc2e7b83eb748f1a1a2a55fa70a7465486156015ce919ec4da2f81dee,e0fd7ca30496a736d831e9f1a010b57cd3eef3582e1e06910058ea0608ddb2c1,181.50938415527344,True,FEATURE_NUCLEAR,LINEAR_COMBINATION,LINEAR_COMBINATION,LINEAR_COMBINATION,u005,LINEAR_COMBINATION,LINEAR_COMBINATION,LINEAR_COMBINATION,LINEAR_COMBINATION,True,LINEAR_COMBINATION,LINEAR_COMBINATION,13,130.35708618164062,False
1,-1,0.21034908294677734,36415a95009af99c7cd8fc2b254c268507ea76fa8abd4629c693ea908976bb31,ace88045c6d332e87d43904a2def2f266868f20234055f97866ab7e480cf6831,747b59ec5e9721f40506aee400897ca4d08c85af87673dced4c10e12526b8b3a,0.6080375909805298,True,FEATURE_NUCLEAR,LINEAR_COMBINATION,LINEAR_COMBINATION,LINEAR_COMBINATION,u006,LINEAR_COMBINATION,LINEAR_COMBINATION,LINEAR_COMBINATION,LINEAR_COMBINATION,True,LINEAR_COMBINATION,LINEAR_COMBINATION,13,0.4331633150577545,False
5,-1,2.2404072284698486,36415a95009af99c7cd8fc2b254c268507ea76fa8abd4629c693ea908976bb31,1114cde15548625d6a29ddee443f6524e0ddab61b172fa39238d51059df8eb45,1069bbbeace300019af6e884d14e4806a51e8ee86d192d555375258abb12a1a5,3.4147772789001465,True,FEATURE_NUCLEAR,LINEAR_COMBINATION,LINEAR_COMBINATION,LINEAR_COMBINATION,u006,LINEAR_COMBINATION,LINEAR_COMBINATION,LINEAR_COMBINATION,LINEAR_COMBINATION,True,LINEAR_COMBINATION,LINEAR_COMBINATION,13,1.9519773721694946,False
20,-1,3.117357015609741,36415a95009af99c7cd8fc2b254c268507ea76fa8abd4629c693ea908976bb31,9ffc2f4fc2e7b83eb748f1a1a2a55fa70a7465486156015ce919ec4da2f81dee,e0fd7ca30496a736d831e9f1a010b57cd3eef3582e1e06910058ea0608ddb2c1,6.20444393157959,True,FEATURE_NUCLEAR,LINEAR_COMBINATION,LINEAR_COMBINATION,LINEAR_COMBINATION,u006,LINEAR_COMBINATION,LINEAR_COMBINATION,LINEAR_COMBINATION,LINEAR_COMBINATION,True,LINEAR_COMBINATION,LINEAR_COMBINATION,13,3.690593719482422,False
1,-1,1.22108793258667,36415a95009af99c7cd8fc2b254c268507ea76fa8abd4629c693ea908976bb31,ace88045c6d332e87d43904a2def2f266868f20234055f97866ab7e480cf6831,747b59ec5e9721f40506aee400897ca4d08c85af87673dced4c10e12526b8b3a,17.635364532470703,True,FEATURE_NUCLEAR,LINEAR_COMBINATION,LINEAR_COMBINATION,LINEAR_COMBINATION,u007,LINEAR_COMBINATION,LINEAR_COMBINATION,LINEAR_COMBINATION,LINEAR_COMBINATION,True,LINEAR_COMBINATION,LINEAR_COMBINATION,13,12.705699920654297,False
5,-1,9.906830787658691,36415a95009af99c7cd8fc2b254c268507ea76fa8abd4629c693ea908976bb31,1114cde15548625d6a29ddee443f6524e0ddab61b172fa39238d51059df8eb45,1069bbbeace300019af6e884d14e4806a51e8ee86d192d555375258abb12a1a5,160.2347869873047,True,FEATURE_NUCLEAR,LINEAR_COMBINATION,LINEAR_COMBINATION,LINEAR_COMBINATION,u007,LINEAR_COMBINATION,LINEAR_COMBINATION,LINEAR_COMBINATION,LINEAR_COMBINATION,True,LINEAR_COMBINATION,LINEAR_COMBINATION,13,116.51972961425781,False
20,-1,19.405271530151367,36415a95009af99c7cd8fc2b254c268507ea76fa8abd4629c693ea908976bb31,9ffc2f4fc2e7b83eb748f1a1a2a55fa70a7465486156015ce919ec4da2f81dee,e0fd7ca30496a736d831e9f1a010b57cd3eef3582e1e06910058ea0608ddb2c1,128.3465118408203,True,FEATURE_NUCLEAR,LINEAR_COMBINATION,LINEAR_COMBINATION,LINEAR_COMBINATION,u007,LINEAR_COMBINATION,LINEAR_COMBINATION,LINEAR_COMBINATION,LINEAR_COMBINATION,True,LINEAR_COMBINATION,LINEAR_COMBINATION,13,92.17638397216797,False
1,-1,1.22108793258667,36415a95009af99c7cd8fc2b254c268507ea76fa8abd4629c693ea908976bb31,ace88045c6d332e87d43904a2def2f266868f20234055f97866ab7e480cf6831,747b59ec5e9721f40506aee400897ca4d08c85af87673dced4c10e12526b8b3a,17.635364532470703,True,FEATURE_NUCLEAR,LINEAR_COMBINATION,LINEAR_COMBINATION,LINEAR_COMBINATION,u008,LINEAR_COMBINATION,LINEAR_COMBINATION,LINEAR_COMBINATION,LINEAR_COMBINATION,True,LINEAR_COMBINATION,LINEAR_COMBINATION,13,12.705699920654297,False
5,-1,9.906830787658691,36415a95009af99c7cd8fc2b254c268507ea76fa8abd4629c693ea908976bb31,1114cde15548625d6a29ddee443f6524e0ddab61b172fa39238d51059df8eb45,1069bbbeace300019af6e884d14e4806a51e8ee86d192d555375258abb12a1a5,160.2347869873047,True,FEATURE_NUCLEAR,LINEAR_COMBINATION,LINEAR_COMBINATION,LINEAR_COMBINATION,u008,LINEAR_COMBINATION,LINEAR_COMBINATION,LINEAR_COMBINATION,LINEAR_COMBINATION,True,LINEAR_COMBINATION,LINEAR_COMBINATION,13,116.51972961425781,False
20,-1,19.405271530151367,36415a95009af99c7cd8fc2b254c268507ea76fa8abd4629c693ea908976bb31,9ffc2f4fc2e7b83eb748f1a1a2a55fa70a7465486156015ce919ec4da2f81dee,e0fd7ca30496a736d831e9f1a010b57cd3eef3582e1e06910058ea0608ddb2c1,128.3465118408203,True,FEATURE_NUCLEAR,LINEAR_COMBINATION,LINEAR_COMBINATION,LINEAR_COMBINATION,u008,LINEAR_COMBINATION,LINEAR_COMBINATION,LINEAR_COMBINATION,LINEAR_COMBINATION,True,LINEAR_COMBINATION,LINEAR_COMBINATION,13,92.17638397216797,False
1,-1,1.149918556213379,36415a95009af99c7cd8fc2b254c268507ea76fa8abd4629c693ea908976bb31,ace88045c6d332e87d43904a2def2f266868f20234055f97866ab7e480cf6831,747b59ec5e9721f40506aee400897ca4d08c85af87673dced4c10e12526b8b3a,4.085386753082275,True,FEATURE_NUCLEAR,LINEAR_COMBINATION,LINEAR_COMBINATION,LINEAR_COMBINATION,u009,LINEAR_COMBINATION,LINEAR_COMBINATION,LINEAR_COMBINATION,LINEAR_COMBINATION,True,LINEAR_COMBINATION,LINEAR_COMBINATION,13,1.8315194845199585,False
5,-1,11.990250587463379,36415a95009af99c7cd8fc2b254c268507ea76fa8abd4629c693ea908976bb31,1114cde15548625d6a29ddee443f6524e0ddab61b172fa39238d51059df8eb45,1069bbbeace300019af6e884d14e4806a51e8ee86d192d555375258abb12a1a5,38.70499038696289,True,FEATURE_NUCLEAR,LINEAR_COMBINATION,LINEAR_COMBINATION,LINEAR_COMBINATION,u009,LINEAR_COMBINATION,LINEAR_COMBINATION,LINEAR_COMBINATION,LINEAR_COMBINATION,True,LINEAR_COMBINATION,LINEAR_COMBINATION,13,15.444616317749023,False
20,-1,53.747310638427734,36415a95009af99c7cd8fc2b254c268507ea76fa8abd4629c693ea908976bb31,9ffc2f4fc2e7b83eb748f1a1a2a55fa70a7465486156015ce919ec4da2f81dee,e0fd7ca30496a736d831e9f1a010b57cd3eef3582e1e06910058ea0608ddb2c1,81.6876220703125,True,FEATURE_NUCLEAR,LINEAR_COMBINATION,LINEAR_COMBINATION,LINEAR_COMBINATION,u009,LINEAR_COMBINATION,LINEAR_COMBINATION,LINEAR_COMBINATION,LINEAR_COMBINATION,True,LINEAR_COMBINATION,LINEAR_COMBINATION,13,53.58610153198242,False
1,-1,1.149918556213379,36415a95009af99c7cd8fc2b254c268507ea76fa8abd4629c693ea908976bb31,ace88045c6d332e87d43904a2def2f266868f20234055f97866ab7e480cf6831,747b59ec5e9721f40506aee400897ca4d08c85af87673dced4c10e12526b8b3a,4.085386753082275,True,FEATURE_NUCLEAR,LINEAR_COMBINATION,LINEAR_COMBINATION,LINEAR_COMBINATION,u010,LINEAR_COMBINATION,LINEAR_COMBINATION,LINEAR_COMBINATION,LINEAR_COMBINATION,True,LINEAR_COMBINATION,LINEAR_COMBINATION,13,1.8315194845199585,False
5,-1,11.990250587463379,36415a95009af99c7cd8fc2b254c268507ea76fa8abd4629c693ea908976bb31,1114cde15548625d6a29ddee443f6524e0ddab61b172fa39238d51059df8eb45,1069bbbeace300019af6e884d14e4806a51e8ee86d192d555375258abb12a1a5,38.70499038696289,True,FEATURE_NUCLEAR,LINEAR_COMBINATION,LINEAR_COMBINATION,LINEAR_COMBINATION,u010,LINEAR_COMBINATION,LINEAR_COMBINATION,LINEAR_COMBINATION,LINEAR_COMBINATION,True,LINEAR_COMBINATION,LINEAR_COMBINATION,13,15.444616317749023,False
20,-1,53.747310638427734,36415a95009af99c7cd8fc2b254c268507ea76fa8abd4629c693ea908976bb31,9ffc2f4fc2e7b83eb748f1a1a2a55fa70a7465486156015ce919ec4da2f81dee,e0fd7ca30496a736d831e9f1a010b57cd3eef3582e1e06910058ea0608ddb2c1,81.6876220703125,True,FEATURE_NUCLEAR,LINEAR_COMBINATION,LINEAR_COMBINATION,LINEAR_COMBINATION,u010,LINEAR_COMBINATION,LINEAR_COMBINATION,LINEAR_COMBINATION,LINEAR_COMBINATION,True,LINEAR_COMBINATION,LINEAR_COMBINATION,13,53.58610153198242,False
1,0,3.191075086593628,ba091b8d330bbdff22bbadadbd330367b304f0285d7a7411eddc1253d0e3120f,edbd080e3b6c9f324f1143063a0ec64f704bf3e7d21c514a94dd7a25fcc81403,c121b0c6a45778f16895b18c8c858d53cb5650bcb4b576f1e29c8329e344c80e,18.34286880493164,True,ERM,ba091b8d330bbdff22bbadadbd330367b304f0285d7a7411eddc1253d0e3120f,7390468c732912c639eaba7e6c35a8e12aabbb29d2b8c099e0e7b9375416d14e,07eda9e738a9f294dfa2992f5568a57aefaffd77bf62c470379af7f9c92ad22e,u000,ba091b8d330bbdff22bbadadbd330367b304f0285d7a7411eddc1253d0e3120f,8ec05e7cb66516dc50a54b9acf48076b1b21a645b8630c928f1818d1af9cf571,dc4188821e148fee5fb84f61f8b5e71b8f7be95b30dee96709de6441d3d08bb1,ba091b8d330bbdff22bbadadbd330367b304f0285d7a7411eddc1253d0e3120f,True,8ec05e7cb66516dc50a54b9acf48076b1b21a645b8630c928f1818d1af9cf571,dc4188821e148fee5fb84f61f8b5e71b8f7be95b30dee96709de6441d3d08bb1,14,13.676323890686035,False
5,0,15.851609230041504,ba091b8d330bbdff22bbadadbd330367b304f0285d7a7411eddc1253d0e3120f,b58c875d730cf0ccce64c44a38a54913947bf4ca41407b791c00d298792a8190,e3a567de87d70180ed0ecf5aed5c0d7080641091268e1eda35e98b81631e0592,151.2068634033203,True,ERM,ba091b8d330bbdff22bbadadbd330367b304f0285d7a7411eddc1253d0e3120f,87f7308371ba6b030dd9dd9590cf58d61c9ae7cd32426954741151cc99293606,93dab4729553d72fe84a227ebc7bf85f029e274a2916a7492eab6b8f00bc80f4,u000,ba091b8d330bbdff22bbadadbd330367b304f0285d7a7411eddc1253d0e3120f,de67a6ece417302daa4f99452a5c5dc9627a70e7a4e15178ef157e729b1d0837,f49ca38934df7b725cbd26cb5b5cdae4fddee521a39a9b0155b9fc4ae1ce6a93,ba091b8d330bbdff22bbadadbd330367b304f0285d7a7411eddc1253d0e3120f,True,de67a6ece417302daa4f99452a5c5dc9627a70e7a4e15178ef157e729b1d0837,f49ca38934df7b725cbd26cb5b5cdae4fddee521a39a9b0155b9fc4ae1ce6a93,14,112.0301284790039,False
20,0,22.55376434326172,ba091b8d330bbdff22bbadadbd330367b304f0285d7a7411eddc1253d0e3120f,48f5c25c4c320f222d64a93810db22b59c0dc175d0ed1b1b847b34b5913113a4,2ddfbfb4f6be9200ef55b8bf483380c7a748d13ef8aec180ce2d41a9fc4a9a73,111.78414154052734,True,ERM,ba091b8d330bbdff22bbadadbd330367b304f0285d7a7411eddc1253d0e3120f,864443a81c0cea167e5797b86cb69c43dbe41a6cb12851a46ce35c8f2d830409,7613140ec981cba093f5754ebb7cab1b98a3c179cd8c0c4ab8c504099d87cf6e,u000,ba091b8d330bbdff22bbadadbd330367b304f0285d7a7411eddc1253d0e3120f,dfed58eadc359d500a43ac576fb1c6eb072c5537e92bfc3d06cb9d17a0a14997,c38030df8d0b1127f70e96114e74d8a8471377ceb4f829bfc063dbb294ec5ad4,ba091b8d330bbdff22bbadadbd330367b304f0285d7a7411eddc1253d0e3120f,True,dfed58eadc359d500a43ac576fb1c6eb072c5537e92bfc3d06cb9d17a0a14997,c38030df8d0b1127f70e96114e74d8a8471377ceb4f829bfc063dbb294ec5ad4,14,79.7341079711914,False
1,1,3.5751872062683105,ba091b8d330bbdff22bbadadbd330367b304f0285d7a7411eddc1253d0e3120f,edbd080e3b6c9f324f1143063a0ec64f704bf3e7d21c514a94dd7a25fcc81403,c121b0c6a45778f16895b18c8c858d53cb5650bcb4b576f1e29c8329e344c80e,18.203468322753906,True,ERM,ba091b8d330bbdff22bbadadbd330367b304f0285d7a7411eddc1253d0e3120f,effbd8c6524de947fb66c67076adc11cbcfe8670d98f3fb395f34bd3d8732ec1,e4d5fd6df650ca582e054b6d3bb76e024b15cbe5a78a3bdcc329571eeb35a65c,u001,ba091b8d330bbdff22bbadadbd330367b304f0285d7a7411eddc1253d0e3120f,e967a645211c1d81b523a1c5b9340d79d7e8ab984adf99bd769c2c02b361472c,e49daefc3fa3f111db22732be4256ee7ff1c5172b7467574a71af63d963bc4e0,ba091b8d330bbdff22bbadadbd330367b304f0285d7a7411eddc1253d0e3120f,True,e967a645211c1d81b523a1c5b9340d79d7e8ab984adf99bd769c2c02b361472c,e49daefc3fa3f111db22732be4256ee7ff1c5172b7467574a71af63d963bc4e0,14,13.547866821289062,False
5,1,15.230493545532227,ba091b8d330bbdff22bbadadbd330367b304f0285d7a7411eddc1253d0e3120f,b58c875d730cf0ccce64c44a38a54913947bf4ca41407b791c00d298792a8190,e3a567de87d70180ed0ecf5aed5c0d7080641091268e1eda35e98b81631e0592,150.96864318847656,True,ERM,ba091b8d330bbdff22bbadadbd330367b304f0285d7a7411eddc1253d0e3120f,b99957bd08d699335d118b8832aa8cd85f433df9ca376aa6361b7bbeb8387945,08e21b08ba55cac9746129efd801e604ac3a24f383ba1b0cd89a551db1b1f947,u001,ba091b8d330bbdff22bbadadbd330367b304f0285d7a7411eddc1253d0e3120f,63288c49e41143ed4cde317b42b0dd4ff8920b086eeca187fa470fbb6a526dc2,586a33cfdb6dd26d2897e6faf8af50977fcc2e71abd16f244f26f6bd71d6b511,ba091b8d330bbdff22bbadadbd330367b304f0285d7a7411eddc1253d0e3120f,True,63288c49e41143ed4cde317b42b0dd4ff8920b086eeca187fa470fbb6a526dc2,586a33cfdb6dd26d2897e6faf8af50977fcc2e71abd16f244f26f6bd71d6b511,14,111.73701477050781,False
20,1,27.072277069091797,ba091b8d330bbdff22bbadadbd330367b304f0285d7a7411eddc1253d0e3120f,48f5c25c4c320f222d64a93810db22b59c0dc175d0ed1b1b847b34b5913113a4,2ddfbfb4f6be9200ef55b8bf483380c7a748d13ef8aec180ce2d41a9fc4a9a73,112.81575775146484,True,ERM,ba091b8d330bbdff22bbadadbd330367b304f0285d7a7411eddc1253d0e3120f,4a322b9158af4ff0cb995827bbfde1d05f1f8734a63bd0246638b736f9b622b3,f3f2a5f0b9c696c3dee73fc372d6f02777105322acb876882aa35ecb97d59538,u001,ba091b8d330bbdff22bbadadbd330367b304f0285d7a7411eddc1253d0e3120f,1a1ebebdd50bf3898877cc130417b06080aa94b2a1f7d848be2823758e2b86dd,34a981d9ff0aab0a0b6e51876ed03531783c0036432b98e13dc022a40bdb1e47,ba091b8d330bbdff22bbadadbd330367b304f0285d7a7411eddc1253d0e3120f,True,1a1ebebdd50bf3898877cc130417b06080aa94b2a1f7d848be2823758e2b86dd,34a981d9ff0aab0a0b6e51876ed03531783c0036432b98e13dc022a40bdb1e47,14,81.60267639160156,False
1,2,0.0,ba091b8d330bbdff22bbadadbd330367b304f0285d7a7411eddc1253d0e3120f,edbd080e3b6c9f324f1143063a0ec64f704bf3e7d21c514a94dd7a25fcc81403,c121b0c6a45778f16895b18c8c858d53cb5650bcb4b576f1e29c8329e344c80e,0.0,True,ERM,LINEAR_COMBINATION,LINEAR_COMBINATION,LINEAR_COMBINATION,u002,LINEAR_COMBINATION,LINEAR_COMBINATION,LINEAR_COMBINATION,LINEAR_COMBINATION,True,LINEAR_COMBINATION,LINEAR_COMBINATION,14,0.0,False
5,2,0.0,ba091b8d330bbdff22bbadadbd330367b304f0285d7a7411eddc1253d0e3120f,b58c875d730cf0ccce64c44a38a54913947bf4ca41407b791c00d298792a8190,e3a567de87d70180ed0ecf5aed5c0d7080641091268e1eda35e98b81631e0592,0.0,True,ERM,LINEAR_COMBINATION,LINEAR_COMBINATION,LINEAR_COMBINATION,u002,LINEAR_COMBINATION,LINEAR_COMBINATION,LINEAR_COMBINATION,LINEAR_COMBINATION,True,LINEAR_COMBINATION,LINEAR_COMBINATION,14,0.0,False
20,2,0.0,ba091b8d330bbdff22bbadadbd330367b304f0285d7a7411eddc1253d0e3120f,48f5c25c4c320f222d64a93810db22b59c0dc175d0ed1b1b847b34b5913113a4,2ddfbfb4f6be9200ef55b8bf483380c7a748d13ef8aec180ce2d41a9fc4a9a73,0.0,True,ERM,LINEAR_COMBINATION,LINEAR_COMBINATION,LINEAR_COMBINATION,u002,LINEAR_COMBINATION,LINEAR_COMBINATION,LINEAR_COMBINATION,LINEAR_COMBINATION,True,LINEAR_COMBINATION,LINEAR_COMBINATION,14,0.0,False
1,3,2.5572779178619385,ba091b8d330bbdff22bbadadbd330367b304f0285d7a7411eddc1253d0e3120f,edbd080e3b6c9f324f1143063a0ec64f704bf3e7d21c514a94dd7a25fcc81403,c121b0c6a45778f16895b18c8c858d53cb5650bcb4b576f1e29c8329e344c80e,6.409071922302246,True,ERM,ba091b8d330bbdff22bbadadbd330367b304f0285d7a7411eddc1253d0e3120f,fa13a3ffcf444b32f4675d0c8d698f7595fd0fdfe68f1d74c479d5e744ac2a9c,f3d128b40f2aaa9b3f398e146b935844830cba14ed7454dec24a805c7aa2b92e,u003,ba091b8d330bbdff22bbadadbd330367b304f0285d7a7411eddc1253d0e3120f,a31dead316c3960eaff902696f58f931444adacfea3d7ded06d6f131c09ebd95,799982bb96ec533cb9516c097db170e214544ceae527b84001021c3e8693266e,ba091b8d330bbdff22bbadadbd330367b304f0285d7a7411eddc1253d0e3120f,True,a31dead316c3960eaff902696f58f931444adacfea3d7ded06d6f131c09ebd95,799982bb96ec533cb9516c097db170e214544ceae527b84001021c3e8693266e,14,3.683612585067749,False
5,3,19.657461166381836,ba091b8d330bbdff22bbadadbd330367b304f0285d7a7411eddc1253d0e3120f,b58c875d730cf0ccce64c44a38a54913947bf4ca41407b791c00d298792a8190,e3a567de87d70180ed0ecf5aed5c0d7080641091268e1eda35e98b81631e0592,51.03007125854492,True,ERM,ba091b8d330bbdff22bbadadbd330367b304f0285d7a7411eddc1253d0e3120f,51ae25263fb43d2b41409cdf6b7e25e50293a3ab8b00416fcebcb2d1af5881b5,786e258818a61454975f7e3f19b249c1a816a5a84586706381139d466b27d19b,u003,ba091b8d330bbdff22bbadadbd330367b304f0285d7a7411eddc1253d0e3120f,42f33d1eebe61d48af3421f0e5a8941edad80b511c71ee21be6ef999444dc379,f3c950b4544dc5ed408dde2cb0b3cb3d2c58d8a92496b2d175bdf107e20f7c98,ba091b8d330bbdff22bbadadbd330367b304f0285d7a7411eddc1253d0e3120f,True,42f33d1eebe61d48af3421f0e5a8941edad80b511c71ee21be6ef999444dc379,f3c950b4544dc5ed408dde2cb0b3cb3d2c58d8a92496b2d175bdf107e20f7c98,14,24.55339813232422,False
20,3,76.35335540771484,ba091b8d330bbdff22bbadadbd330367b304f0285d7a7411eddc1253d0e3120f,48f5c25c4c320f222d64a93810db22b59c0dc175d0ed1b1b847b34b5913113a4,2ddfbfb4f6be9200ef55b8bf483380c7a748d13ef8aec180ce2d41a9fc4a9a73,125.73409271240234,True,ERM,ba091b8d330bbdff22bbadadbd330367b304f0285d7a7411eddc1253d0e3120f,6b6f35f78a94b1598f6f52178335e0832e6f1ddd1321fc51b0aafdeea1188c42,511db5241aea89e3d053a93ade6839931a5ab5f0e702e060d8454b11d22b6343,u003,ba091b8d330bbdff22bbadadbd330367b304f0285d7a7411eddc1253d0e3120f,faedc6c2c148dd8e14c0d51c607596a00454346a2af36641204ac1d6d07bf53d,9e2d061626b0974491ebeafc91d2bc23a39f447ce49d0b07158dafbc25a84be5,ba091b8d330bbdff22bbadadbd330367b304f0285d7a7411eddc1253d0e3120f,True,faedc6c2c148dd8e14c0d51c607596a00454346a2af36641204ac1d6d07bf53d,9e2d061626b0974491ebeafc91d2bc23a39f447ce49d0b07158dafbc25a84be5,14,96.36397552490234,False
1,4,0.0,ba091b8d330bbdff22bbadadbd330367b304f0285d7a7411eddc1253d0e3120f,edbd080e3b6c9f324f1143063a0ec64f704bf3e7d21c514a94dd7a25fcc81403,c121b0c6a45778f16895b18c8c858d53cb5650bcb4b576f1e29c8329e344c80e,0.0,True,ERM,LINEAR_COMBINATION,LINEAR_COMBINATION,LINEAR_COMBINATION,u004,LINEAR_COMBINATION,LINEAR_COMBINATION,LINEAR_COMBINATION,LINEAR_COMBINATION,True,LINEAR_COMBINATION,LINEAR_COMBINATION,14,0.0,False
5,4,0.0,ba091b8d330bbdff22bbadadbd330367b304f0285d7a7411eddc1253d0e3120f,b58c875d730cf0ccce64c44a38a54913947bf4ca41407b791c00d298792a8190,e3a567de87d70180ed0ecf5aed5c0d7080641091268e1eda35e98b81631e0592,0.0,True,ERM,LINEAR_COMBINATION,LINEAR_COMBINATION,LINEAR_COMBINATION,u004,LINEAR_COMBINATION,LINEAR_COMBINATION,LINEAR_COMBINATION,LINEAR_COMBINATION,True,LINEAR_COMBINATION,LINEAR_COMBINATION,14,0.0,False
20,4,0.0,ba091b8d330bbdff22bbadadbd330367b304f0285d7a7411eddc1253d0e3120f,48f5c25c4c320f222d64a93810db22b59c0dc175d0ed1b1b847b34b5913113a4,2ddfbfb4f6be9200ef55b8bf483380c7a748d13ef8aec180ce2d41a9fc4a9a73,0.0,True,ERM,LINEAR_COMBINATION,LINEAR_COMBINATION,LINEAR_COMBINATION,u004,LINEAR_COMBINATION,LINEAR_COMBINATION,LINEAR_COMBINATION,LINEAR_COMBINATION,True,LINEAR_COMBINATION,LINEAR_COMBINATION,14,0.0,False
1,-1,4.78253173828125,ba091b8d330bbdff22bbadadbd330367b304f0285d7a7411eddc1253d0e3120f,edbd080e3b6c9f324f1143063a0ec64f704bf3e7d21c514a94dd7a25fcc81403,c121b0c6a45778f16895b18c8c858d53cb5650bcb4b576f1e29c8329e344c80e,25.8372859954834,True,ERM,LINEAR_COMBINATION,LINEAR_COMBINATION,LINEAR_COMBINATION,u005,LINEAR_COMBINATION,LINEAR_COMBINATION,LINEAR_COMBINATION,LINEAR_COMBINATION,True,LINEAR_COMBINATION,LINEAR_COMBINATION,14,19.247093200683594,False
5,-1,21.966360092163086,ba091b8d330bbdff22bbadadbd330367b304f0285d7a7411eddc1253d0e3120f,b58c875d730cf0ccce64c44a38a54913947bf4ca41407b791c00d298792a8190,e3a567de87d70180ed0ecf5aed5c0d7080641091268e1eda35e98b81631e0592,213.65194702148438,True,ERM,LINEAR_COMBINATION,LINEAR_COMBINATION,LINEAR_COMBINATION,u005,LINEAR_COMBINATION,LINEAR_COMBINATION,LINEAR_COMBINATION,LINEAR_COMBINATION,True,LINEAR_COMBINATION,LINEAR_COMBINATION,14,158.2185516357422,False
20,-1,35.02853012084961,ba091b8d330bbdff22bbadadbd330367b304f0285d7a7411eddc1253d0e3120f,48f5c25c4c320f222d64a93810db22b59c0dc175d0ed1b1b847b34b5913113a4,2ddfbfb4f6be9200ef55b8bf483380c7a748d13ef8aec180ce2d41a9fc4a9a73,158.70794677734375,True,ERM,LINEAR_COMBINATION,LINEAR_COMBINATION,LINEAR_COMBINATION,u005,LINEAR_COMBINATION,LINEAR_COMBINATION,LINEAR_COMBINATION,LINEAR_COMBINATION,True,LINEAR_COMBINATION,LINEAR_COMBINATION,14,114.01347351074219,False
1,-1,0.30383235216140747,ba091b8d330bbdff22bbadadbd330367b304f0285d7a7411eddc1253d0e3120f,edbd080e3b6c9f324f1143063a0ec64f704bf3e7d21c514a94dd7a25fcc81403,c121b0c6a45778f16895b18c8c858d53cb5650bcb4b576f1e29c8329e344c80e,0.5117291808128357,True,ERM,LINEAR_COMBINATION,LINEAR_COMBINATION,LINEAR_COMBINATION,u006,LINEAR_COMBINATION,LINEAR_COMBINATION,LINEAR_COMBINATION,LINEAR_COMBINATION,True,LINEAR_COMBINATION,LINEAR_COMBINATION,14,0.36866918206214905,False
5,-1,0.8488460183143616,ba091b8d330bbdff22bbadadbd330367b304f0285d7a7411eddc1253d0e3120f,b58c875d730cf0ccce64c44a38a54913947bf4ca41407b791c00d298792a8190,e3a567de87d70180ed0ecf5aed5c0d7080641091268e1eda35e98b81631e0592,2.810288906097412,True,ERM,LINEAR_COMBINATION,LINEAR_COMBINATION,LINEAR_COMBINATION,u006,LINEAR_COMBINATION,LINEAR_COMBINATION,LINEAR_COMBINATION,LINEAR_COMBINATION,True,LINEAR_COMBINATION,LINEAR_COMBINATION,14,1.673367977142334,False
20,-1,3.8186898231506348,ba091b8d330bbdff22bbadadbd330367b304f0285d7a7411eddc1253d0e3120f,48f5c25c4c320f222d64a93810db22b59c0dc175d0ed1b1b847b34b5913113a4,2ddfbfb4f6be9200ef55b8bf483380c7a748d13ef8aec180ce2d41a9fc4a9a73,5.905448913574219,True,ERM,LINEAR_COMBINATION,LINEAR_COMBINATION,LINEAR_COMBINATION,u006,LINEAR_COMBINATION,LINEAR_COMBINATION,LINEAR_COMBINATION,LINEAR_COMBINATION,True,LINEAR_COMBINATION,LINEAR_COMBINATION,14,4.177664756774902,False
1,-1,3.381760835647583,ba091b8d330bbdff22bbadadbd330367b304f0285d7a7411eddc1253d0e3120f,edbd080e3b6c9f324f1143063a0ec64f704bf3e7d21c514a94dd7a25fcc81403,c121b0c6a45778f16895b18c8c858d53cb5650bcb4b576f1e29c8329e344c80e,18.26972007751465,True,ERM,LINEAR_COMBINATION,LINEAR_COMBINATION,LINEAR_COMBINATION,u007,LINEAR_COMBINATION,LINEAR_COMBINATION,LINEAR_COMBINATION,LINEAR_COMBINATION,True,LINEAR_COMBINATION,LINEAR_COMBINATION,14,13.609750747680664,False
5,-1,15.532561302185059,ba091b8d330bbdff22bbadadbd330367b304f0285d7a7411eddc1253d0e3120f,b58c875d730cf0ccce64c44a38a54913947bf4ca41407b791c00d298792a8190,e3a567de87d70180ed0ecf5aed5c0d7080641091268e1eda35e98b81631e0592,151.07473754882812,True,ERM,LINEAR_COMBINATION,LINEAR_COMBINATION,LINEAR_COMBINATION,u007,LINEAR_COMBINATION,LINEAR_COMBINATION,LINEAR_COMBINATION,LINEAR_COMBINATION,True,LINEAR_COMBINATION,LINEAR_COMBINATION,14,111.87740325927734,False
20,-1,24.768909454345703,ba091b8d330bbdff22bbadadbd330367b304f0285d7a7411eddc1253d0e3120f,48f5c25c4c320f222d64a93810db22b59c0dc175d0ed1b1b847b34b5913113a4,2ddfbfb4f6be9200ef55b8bf483380c7a748d13ef8aec180ce2d41a9fc4a9a73,112.22345733642578,True,ERM,LINEAR_COMBINATION,LINEAR_COMBINATION,LINEAR_COMBINATION,u007,LINEAR_COMBINATION,LINEAR_COMBINATION,LINEAR_COMBINATION,LINEAR_COMBINATION,True,LINEAR_COMBINATION,LINEAR_COMBINATION,14,80.61969757080078,False
1,-1,3.381760835647583,ba091b8d330bbdff22bbadadbd330367b304f0285d7a7411eddc1253d0e3120f,edbd080e3b6c9f324f1143063a0ec64f704bf3e7d21c514a94dd7a25fcc81403,c121b0c6a45778f16895b18c8c858d53cb5650bcb4b576f1e29c8329e344c80e,18.26972007751465,True,ERM,LINEAR_COMBINATION,LINEAR_COMBINATION,LINEAR_COMBINATION,u008,LINEAR_COMBINATION,LINEAR_COMBINATION,LINEAR_COMBINATION,LINEAR_COMBINATION,True,LINEAR_COMBINATION,LINEAR_COMBINATION,14,13.609750747680664,False
5,-1,15.532561302185059,ba091b8d330bbdff22bbadadbd330367b304f0285d7a7411eddc1253d0e3120f,b58c875d730cf0ccce64c44a38a54913947bf4ca41407b791c00d298792a8190,e3a567de87d70180ed0ecf5aed5c0d7080641091268e1eda35e98b81631e0592,151.07473754882812,True,ERM,LINEAR_COMBINATION,LINEAR_COMBINATION,LINEAR_COMBINATION,u008,LINEAR_COMBINATION,LINEAR_COMBINATION,LINEAR_COMBINATION,LINEAR_COMBINATION,True,LINEAR_COMBINATION,LINEAR_COMBINATION,14,111.87740325927734,False
20,-1,24.768909454345703,ba091b8d330bbdff22bbadadbd330367b304f0285d7a7411eddc1253d0e3120f,48f5c25c4c320f222d64a93810db22b59c0dc175d0ed1b1b847b34b5913113a4,2ddfbfb4f6be9200ef55b8bf483380c7a748d13ef8aec180ce2d41a9fc4a9a73,112.22345733642578,True,ERM,LINEAR_COMBINATION,LINEAR_COMBINATION,LINEAR_COMBINATION,u008,LINEAR_COMBINATION,LINEAR_COMBINATION,LINEAR_COMBINATION,LINEAR_COMBINATION,True,LINEAR_COMBINATION,LINEAR_COMBINATION,14,80.61969757080078,False
1,-1,1.808268666267395,ba091b8d330bbdff22bbadadbd330367b304f0285d7a7411eddc1253d0e3120f,edbd080e3b6c9f324f1143063a0ec64f704bf3e7d21c514a94dd7a25fcc81403,c121b0c6a45778f16895b18c8c858d53cb5650bcb4b576f1e29c8329e344c80e,4.53189754486084,True,ERM,LINEAR_COMBINATION,LINEAR_COMBINATION,LINEAR_COMBINATION,u009,LINEAR_COMBINATION,LINEAR_COMBINATION,LINEAR_COMBINATION,LINEAR_COMBINATION,True,LINEAR_COMBINATION,LINEAR_COMBINATION,14,2.6047074794769287,False
5,-1,13.899924278259277,ba091b8d330bbdff22bbadadbd330367b304f0285d7a7411eddc1253d0e3120f,b58c875d730cf0ccce64c44a38a54913947bf4ca41407b791c00d298792a8190,e3a567de87d70180ed0ecf5aed5c0d7080641091268e1eda35e98b81631e0592,36.083709716796875,True,ERM,LINEAR_COMBINATION,LINEAR_COMBINATION,LINEAR_COMBINATION,u009,LINEAR_COMBINATION,LINEAR_COMBINATION,LINEAR_COMBINATION,LINEAR_COMBINATION,True,LINEAR_COMBINATION,LINEAR_COMBINATION,14,17.361873626708984,False
20,-1,53.98997497558594,ba091b8d330bbdff22bbadadbd330367b304f0285d7a7411eddc1253d0e3120f,48f5c25c4c320f222d64a93810db22b59c0dc175d0ed1b1b847b34b5913113a4,2ddfbfb4f6be9200ef55b8bf483380c7a748d13ef8aec180ce2d41a9fc4a9a73,88.90742492675781,True,ERM,LINEAR_COMBINATION,LINEAR_COMBINATION,LINEAR_COMBINATION,u009,LINEAR_COMBINATION,LINEAR_COMBINATION,LINEAR_COMBINATION,LINEAR_COMBINATION,True,LINEAR_COMBINATION,LINEAR_COMBINATION,14,68.13961791992188,False
1,-1,1.808268666267395,ba091b8d330bbdff22bbadadbd330367b304f0285d7a7411eddc1253d0e3120f,edbd080e3b6c9f324f1143063a0ec64f704bf3e7d21c514a94dd7a25fcc81403,c121b0c6a45778f16895b18c8c858d53cb5650bcb4b576f1e29c8329e344c80e,4.53189754486084,True,ERM,LINEAR_COMBINATION,LINEAR_COMBINATION,LINEAR_COMBINATION,u010,LINEAR_COMBINATION,LINEAR_COMBINATION,LINEAR_COMBINATION,LINEAR_COMBINATION,True,LINEAR_COMBINATION,LINEAR_COMBINATION,14,2.6047074794769287,False
5,-1,13.899924278259277,ba091b8d330bbdff22bbadadbd330367b304f0285d7a7411eddc1253d0e3120f,b58c875d730cf0ccce64c44a38a54913947bf4ca41407b791c00d298792a8190,e3a567de87d70180ed0ecf5aed5c0d7080641091268e1eda35e98b81631e0592,36.083709716796875,True,ERM,LINEAR_COMBINATION,LINEAR_COMBINATION,LINEAR_COMBINATION,u010,LINEAR_COMBINATION,LINEAR_COMBINATION,LINEAR_COMBINATION,LINEAR_COMBINATION,True,LINEAR_COMBINATION,LINEAR_COMBINATION,14,17.361873626708984,False
20,-1,53.98997497558594,ba091b8d330bbdff22bbadadbd330367b304f0285d7a7411eddc1253d0e3120f,48f5c25c4c320f222d64a93810db22b59c0dc175d0ed1b1b847b34b5913113a4,2ddfbfb4f6be9200ef55b8bf483380c7a748d13ef8aec180ce2d41a9fc4a9a73,88.90742492675781,True,ERM,LINEAR_COMBINATION,LINEAR_COMBINATION,LINEAR_COMBINATION,u010,LINEAR_COMBINATION,LINEAR_COMBINATION,LINEAR_COMBINATION,LINEAR_COMBINATION,True,LINEAR_COMBINATION,LINEAR_COMBINATION,14,68.13961791992188,False
1,0,0.02193300798535347,2290ea38ac5f746c70e6e92878e216ab1c5d85a1e2070381e84ef3ba5bd54d97,fa66da86e354936e61c390b3ba284afa6a7703a143d1d445ac2606967599d996,4956ec94aefd24c98c8066db7a2ab72156e4af1929cc7fb290c28ab93a63402c,0.23907417058944702,True,IRMv1,2290ea38ac5f746c70e6e92878e216ab1c5d85a1e2070381e84ef3ba5bd54d97,1210f3e0e122478dd06692a2abefe8f44a9c050941da04ed70552a4922a7b5d0,2aad41efcbe9af354a6c925d484e9f097c8cc71968abb63e1d4155ea6f4113c2,u000,2290ea38ac5f746c70e6e92878e216ab1c5d85a1e2070381e84ef3ba5bd54d97,9c9f413a29864d6ed5420b8a36a81cc95903b58017d8f48f33968b6599b44930,ccccf351c0ba3449d6ee98ed9bbfd7e87375b46d1d1bd7546014ea474c62a59b,2290ea38ac5f746c70e6e92878e216ab1c5d85a1e2070381e84ef3ba5bd54d97,True,9c9f413a29864d6ed5420b8a36a81cc95903b58017d8f48f33968b6599b44930,ccccf351c0ba3449d6ee98ed9bbfd7e87375b46d1d1bd7546014ea474c62a59b,14,0.19713103771209717,False
5,0,1.0328125953674316,2290ea38ac5f746c70e6e92878e216ab1c5d85a1e2070381e84ef3ba5bd54d97,7a9e9f4fec06b4a47688cf88928ecfcea9dfe767fde5ea4668bb9739fbd1df0e,cc8c39db65308cf6d711171e2c0af4daadf30c6a443add1f9014b374c5454f88,3.242079019546509,True,IRMv1,2290ea38ac5f746c70e6e92878e216ab1c5d85a1e2070381e84ef3ba5bd54d97,06ec27358b0c3218880bc46e59ebc6b0801f93dac9de3f2624b1e0c98ea71ff0,075f5e6f8dce4c5f0d3ccdce63042bb92040dfc6e7c520c8bc952bbe7e4e62a3,u000,2290ea38ac5f746c70e6e92878e216ab1c5d85a1e2070381e84ef3ba5bd54d97,ef7fc3afc460cd6ba0164809c9e243f3b4a3dc691fb45fa8946d90b6350f47d3,a2c9ea33e77e4594a0bf0457ea6f875f198d01c8c4c45f06c6e30bd2243d7ef1,2290ea38ac5f746c70e6e92878e216ab1c5d85a1e2070381e84ef3ba5bd54d97,True,ef7fc3afc460cd6ba0164809c9e243f3b4a3dc691fb45fa8946d90b6350f47d3,a2c9ea33e77e4594a0bf0457ea6f875f198d01c8c4c45f06c6e30bd2243d7ef1,14,2.796213388442993,False
20,0,8.423318862915039,2290ea38ac5f746c70e6e92878e216ab1c5d85a1e2070381e84ef3ba5bd54d97,b2459f8487fb0a5ee180d37bea7950849ceb7052e631ebab6a4387d07dd2f9c6,356468ea718024b5196674c2a818e25e511618b705c2ce776758e15ed4a67ba3,19.079914093017578,True,IRMv1,2290ea38ac5f746c70e6e92878e216ab1c5d85a1e2070381e84ef3ba5bd54d97,e3e4b23e2393feec390565e16b294b327dfdea6ea481d7494ba7a93fc454a5d7,e5213a207429e612c95d930b233132358fbea80d233fc7accb3b98fb43d4f8a5,u000,2290ea38ac5f746c70e6e92878e216ab1c5d85a1e2070381e84ef3ba5bd54d97,fa2f9e50fa19e608d73775a1ff94bb121f8e5633e82b45c8a1830fdf8c0b5bc0,5f3c9becf2e023e15723b377caec748556737532465a30ff1822add58126966d,2290ea38ac5f746c70e6e92878e216ab1c5d85a1e2070381e84ef3ba5bd54d97,True,fa2f9e50fa19e608d73775a1ff94bb121f8e5633e82b45c8a1830fdf8c0b5bc0,5f3c9becf2e023e15723b377caec748556737532465a30ff1822add58126966d,14,16.61404800415039,False
1,1,0.04683142155408859,2290ea38ac5f746c70e6e92878e216ab1c5d85a1e2070381e84ef3ba5bd54d97,fa66da86e354936e61c390b3ba284afa6a7703a143d1d445ac2606967599d996,4956ec94aefd24c98c8066db7a2ab72156e4af1929cc7fb290c28ab93a63402c,0.6309252977371216,True,IRMv1,2290ea38ac5f746c70e6e92878e216ab1c5d85a1e2070381e84ef3ba5bd54d97,d4841d84d893de7ea15b4b678fbf6f7ec036e859624a38e56576cdfb0eabe427,d6bcef42ca0926155c64c3ac5036cc2d784254535e744a468a0537c4a4500eb1,u001,2290ea38ac5f746c70e6e92878e216ab1c5d85a1e2070381e84ef3ba5bd54d97,774bddbc22e18eaeabf45f940918a57701aac3bafb5292ac40059424ad9f2bcb,1d7d9579c3c4598e8e211cf4a8640b03a3170f75da36214c78303513a65c3cdd,2290ea38ac5f746c70e6e92878e216ab1c5d85a1e2070381e84ef3ba5bd54d97,True,774bddbc22e18eaeabf45f940918a57701aac3bafb5292ac40059424ad9f2bcb,1d7d9579c3c4598e8e211cf4a8640b03a3170f75da36214c78303513a65c3cdd,14,0.5295943021774292,False
5,1,0.48925790190696716,2290ea38ac5f746c70e6e92878e216ab1c5d85a1e2070381e84ef3ba5bd54d97,7a9e9f4fec06b4a47688cf88928ecfcea9dfe767fde5ea4668bb9739fbd1df0e,cc8c39db65308cf6d711171e2c0af4daadf30c6a443add1f9014b374c5454f88,1.2390316724777222,True,IRMv1,2290ea38ac5f746c70e6e92878e216ab1c5d85a1e2070381e84ef3ba5bd54d97,3b04a424bbc6ad37b448449200dae5af497664e48ea9c47c01cc4490e0f224fe,317deab250a25639652a6269b216e705711ff553870cb9a6a137e595f3ab3a8b,u001,2290ea38ac5f746c70e6e92878e216ab1c5d85a1e2070381e84ef3ba5bd54d97,2db243064e53be46a87c6f9ac7a5d1a0dc51e85ef3b9de3073161ab5a24bf664,770e57cf567710ec71c29fe04f7b66ebd2bd1bd71792e6ac5e820f84864cb5ba,2290ea38ac5f746c70e6e92878e216ab1c5d85a1e2070381e84ef3ba5bd54d97,True,2db243064e53be46a87c6f9ac7a5d1a0dc51e85ef3b9de3073161ab5a24bf664,770e57cf567710ec71c29fe04f7b66ebd2bd1bd71792e6ac5e820f84864cb5ba,14,1.0742982625961304,False
20,1,3.641664505004883,2290ea38ac5f746c70e6e92878e216ab1c5d85a1e2070381e84ef3ba5bd54d97,b2459f8487fb0a5ee180d37bea7950849ceb7052e631ebab6a4387d07dd2f9c6,356468ea718024b5196674c2a818e25e511618b705c2ce776758e15ed4a67ba3,7.989100933074951,True,IRMv1,2290ea38ac5f746c70e6e92878e216ab1c5d85a1e2070381e84ef3ba5bd54d97,887ea21533b8184b8fac840bac7d7f87f4dbc1e5238465a40482cfd62f834466,e668e25ffa407dd275eee99490f640c7b0d102a5e6f2a46b0c8b5a43f20a844d,u001,2290ea38ac5f746c70e6e92878e216ab1c5d85a1e2070381e84ef3ba5bd54d97,1aedec20b872638e6fb4c418d75402422a8d19534a81d821e81f09d43562e8ee,410ef4421c07b7a5e182f66267951bcf2ebe001f7f0659be0250f8785caf5a05,2290ea38ac5f746c70e6e92878e216ab1c5d85a1e2070381e84ef3ba5bd54d97,True,1aedec20b872638e6fb4c418d75402422a8d19534a81d821e81f09d43562e8ee,410ef4421c07b7a5e182f66267951bcf2ebe001f7f0659be0250f8785caf5a05,14,6.818136692047119,False
1,2,0.0,2290ea38ac5f746c70e6e92878e216ab1c5d85a1e2070381e84ef3ba5bd54d97,fa66da86e354936e61c390b3ba284afa6a7703a143d1d445ac2606967599d996,4956ec94aefd24c98c8066db7a2ab72156e4af1929cc7fb290c28ab93a63402c,0.0,True,IRMv1,LINEAR_COMBINATION,LINEAR_COMBINATION,LINEAR_COMBINATION,u002,LINEAR_COMBINATION,LINEAR_COMBINATION,LINEAR_COMBINATION,LINEAR_COMBINATION,True,LINEAR_COMBINATION,LINEAR_COMBINATION,14,0.0,False
5,2,0.0,2290ea38ac5f746c70e6e92878e216ab1c5d85a1e2070381e84ef3ba5bd54d97,7a9e9f4fec06b4a47688cf88928ecfcea9dfe767fde5ea4668bb9739fbd1df0e,cc8c39db65308cf6d711171e2c0af4daadf30c6a443add1f9014b374c5454f88,0.0,True,IRMv1,LINEAR_COMBINATION,LINEAR_COMBINATION,LINEAR_COMBINATION,u002,LINEAR_COMBINATION,LINEAR_COMBINATION,LINEAR_COMBINATION,LINEAR_COMBINATION,True,LINEAR_COMBINATION,LINEAR_COMBINATION,14,0.0,False
20,2,0.0,2290ea38ac5f746c70e6e92878e216ab1c5d85a1e2070381e84ef3ba5bd54d97,b2459f8487fb0a5ee180d37bea7950849ceb7052e631ebab6a4387d07dd2f9c6,356468ea718024b5196674c2a818e25e511618b705c2ce776758e15ed4a67ba3,0.0,True,IRMv1,LINEAR_COMBINATION,LINEAR_COMBINATION,LINEAR_COMBINATION,u002,LINEAR_COMBINATION,LINEAR_COMBINATION,LINEAR_COMBINATION,LINEAR_COMBINATION,True,LINEAR_COMBINATION,LINEAR_COMBINATION,14,0.0,False
1,3,0.6124207377433777,2290ea38ac5f746c70e6e92878e216ab1c5d85a1e2070381e84ef3ba5bd54d97,fa66da86e354936e61c390b3ba284afa6a7703a143d1d445ac2606967599d996,4956ec94aefd24c98c8066db7a2ab72156e4af1929cc7fb290c28ab93a63402c,7.7507452964782715,True,IRMv1,2290ea38ac5f746c70e6e92878e216ab1c5d85a1e2070381e84ef3ba5bd54d97,4eacee6f24fc1c9c420d0891d476742416a2bcb4036ca8b9ab989222a6ac54e7,67bf2844815419cebe70be54b9bfad5327626425149d1d4e44d012a527399481,u003,2290ea38ac5f746c70e6e92878e216ab1c5d85a1e2070381e84ef3ba5bd54d97,422e0f5f0a27fc33588d3fda9483e92b704a96bea3ce9b0dfaf1cac6f53a7dcb,98418304904f5e3476a9fa6a2f29078fd044467adf1dfa19381885eeefd877bb,2290ea38ac5f746c70e6e92878e216ab1c5d85a1e2070381e84ef3ba5bd54d97,True,422e0f5f0a27fc33588d3fda9483e92b704a96bea3ce9b0dfaf1cac6f53a7dcb,98418304904f5e3476a9fa6a2f29078fd044467adf1dfa19381885eeefd877bb,14,6.460347652435303,False
5,3,5.179582118988037,2290ea38ac5f746c70e6e92878e216ab1c5d85a1e2070381e84ef3ba5bd54d97,7a9e9f4fec06b4a47688cf88928ecfcea9dfe767fde5ea4668bb9739fbd1df0e,cc8c39db65308cf6d711171e2c0af4daadf30c6a443add1f9014b374c5454f88,55.97594451904297,True,IRMv1,2290ea38ac5f746c70e6e92878e216ab1c5d85a1e2070381e84ef3ba5bd54d97,e8f6d70c8f19dbfa63f56b20a4b0e9604342ddcb5556de1de618638b72a93454,d1c5b6ddc15b0bea3771133aefaefd716781859410dfeeaa9572f6fc0354b660,u003,2290ea38ac5f746c70e6e92878e216ab1c5d85a1e2070381e84ef3ba5bd54d97,0413edece19814975ffea3febebc65d37ec13193f84d1af91ec1fdabd37628e6,612b40332d7d3e13b2bc4a1a7b14b214fa9439e6ad230b9437990b49b51f34c4,2290ea38ac5f746c70e6e92878e216ab1c5d85a1e2070381e84ef3ba5bd54d97,True,0413edece19814975ffea3febebc65d37ec13193f84d1af91ec1fdabd37628e6,612b40332d7d3e13b2bc4a1a7b14b214fa9439e6ad230b9437990b49b51f34c4,14,46.15104675292969,False
20,3,7.767307758331299,2290ea38ac5f746c70e6e92878e216ab1c5d85a1e2070381e84ef3ba5bd54d97,b2459f8487fb0a5ee180d37bea7950849ceb7052e631ebab6a4387d07dd2f9c6,356468ea718024b5196674c2a818e25e511618b705c2ce776758e15ed4a67ba3,39.89081954956055,True,IRMv1,2290ea38ac5f746c70e6e92878e216ab1c5d85a1e2070381e84ef3ba5bd54d97,959b84f1e01f8a5a064ab50733cdd5e0984985df226cef565c1c6bde588e7f09,588fc402a2f193afad60f2cee55be199c8c00c6f6856d5d3a6caaa6b519ed59a,u003,2290ea38ac5f746c70e6e92878e216ab1c5d85a1e2070381e84ef3ba5bd54d97,8faf970c221ffa2d7c21711174f11ccf30506dd31b02837ab6780d53eca8adbf,721a7112d835365ae4f11fd48cbffd1da5cc8b666cb01a475bb8f6488261ebf0,2290ea38ac5f746c70e6e92878e216ab1c5d85a1e2070381e84ef3ba5bd54d97,True,8faf970c221ffa2d7c21711174f11ccf30506dd31b02837ab6780d53eca8adbf,721a7112d835365ae4f11fd48cbffd1da5cc8b666cb01a475bb8f6488261ebf0,14,32.06291961669922,False
1,4,0.0,2290ea38ac5f746c70e6e92878e216ab1c5d85a1e2070381e84ef3ba5bd54d97,fa66da86e354936e61c390b3ba284afa6a7703a143d1d445ac2606967599d996,4956ec94aefd24c98c8066db7a2ab72156e4af1929cc7fb290c28ab93a63402c,0.0,True,IRMv1,LINEAR_COMBINATION,LINEAR_COMBINATION,LINEAR_COMBINATION,u004,LINEAR_COMBINATION,LINEAR_COMBINATION,LINEAR_COMBINATION,LINEAR_COMBINATION,True,LINEAR_COMBINATION,LINEAR_COMBINATION,14,0.0,False
5,4,0.0,2290ea38ac5f746c70e6e92878e216ab1c5d85a1e2070381e84ef3ba5bd54d97,7a9e9f4fec06b4a47688cf88928ecfcea9dfe767fde5ea4668bb9739fbd1df0e,cc8c39db65308cf6d711171e2c0af4daadf30c6a443add1f9014b374c5454f88,0.0,True,IRMv1,LINEAR_COMBINATION,LINEAR_COMBINATION,LINEAR_COMBINATION,u004,LINEAR_COMBINATION,LINEAR_COMBINATION,LINEAR_COMBINATION,LINEAR_COMBINATION,True,LINEAR_COMBINATION,LINEAR_COMBINATION,14,0.0,False
20,4,0.0,2290ea38ac5f746c70e6e92878e216ab1c5d85a1e2070381e84ef3ba5bd54d97,b2459f8487fb0a5ee180d37bea7950849ceb7052e631ebab6a4387d07dd2f9c6,356468ea718024b5196674c2a818e25e511618b705c2ce776758e15ed4a67ba3,0.0,True,IRMv1,LINEAR_COMBINATION,LINEAR_COMBINATION,LINEAR_COMBINATION,u004,LINEAR_COMBINATION,LINEAR_COMBINATION,LINEAR_COMBINATION,LINEAR_COMBINATION,True,LINEAR_COMBINATION,LINEAR_COMBINATION,14,0.0,False
1,-1,0.02573762647807598,2290ea38ac5f746c70e6e92878e216ab1c5d85a1e2070381e84ef3ba5bd54d97,fa66da86e354936e61c390b3ba284afa6a7703a143d1d445ac2606967599d996,4956ec94aefd24c98c8066db7a2ab72156e4af1929cc7fb290c28ab93a63402c,0.6110159754753113,True,IRMv1,LINEAR_COMBINATION,LINEAR_COMBINATION,LINEAR_COMBINATION,u005,LINEAR_COMBINATION,LINEAR_COMBINATION,LINEAR_COMBINATION,LINEAR_COMBINATION,True,LINEAR_COMBINATION,LINEAR_COMBINATION,14,0.5097932815551758,False
5,-1,1.0760512351989746,2290ea38ac5f746c70e6e92878e216ab1c5d85a1e2070381e84ef3ba5bd54d97,7a9e9f4fec06b4a47688cf88928ecfcea9dfe767fde5ea4668bb9739fbd1df0e,cc8c39db65308cf6d711171e2c0af4daadf30c6a443add1f9014b374c5454f88,3.161604642868042,True,IRMv1,LINEAR_COMBINATION,LINEAR_COMBINATION,LINEAR_COMBINATION,u005,LINEAR_COMBINATION,LINEAR_COMBINATION,LINEAR_COMBINATION,LINEAR_COMBINATION,True,LINEAR_COMBINATION,LINEAR_COMBINATION,14,2.7299911975860596,False
20,-1,3.4128928184509277,2290ea38ac5f746c70e6e92878e216ab1c5d85a1e2070381e84ef3ba5bd54d97,b2459f8487fb0a5ee180d37bea7950849ceb7052e631ebab6a4387d07dd2f9c6,356468ea718024b5196674c2a818e25e511618b705c2ce776758e15ed4a67ba3,14.294805526733398,True,IRMv1,LINEAR_COMBINATION,LINEAR_COMBINATION,LINEAR_COMBINATION,u005,LINEAR_COMBINATION,LINEAR_COMBINATION,LINEAR_COMBINATION,LINEAR_COMBINATION,True,LINEAR_COMBINATION,LINEAR_COMBINATION,14,12.130951881408691,False
1,-1,0.04485324025154114,2290ea38ac5f746c70e6e92878e216ab1c5d85a1e2070381e84ef3ba5bd54d97,fa66da86e354936e61c390b3ba284afa6a7703a143d1d445ac2606967599d996,4956ec94aefd24c98c8066db7a2ab72156e4af1929cc7fb290c28ab93a63402c,0.28615161776542664,True,IRMv1,LINEAR_COMBINATION,LINEAR_COMBINATION,LINEAR_COMBINATION,u006,LINEAR_COMBINATION,LINEAR_COMBINATION,LINEAR_COMBINATION,LINEAR_COMBINATION,True,LINEAR_COMBINATION,LINEAR_COMBINATION,14,0.24380646646022797,False
5,-1,0.3849532902240753,2290ea38ac5f746c70e6e92878e216ab1c5d85a1e2070381e84ef3ba5bd54d97,7a9e9f4fec06b4a47688cf88928ecfcea9dfe767fde5ea4668bb9739fbd1df0e,cc8c39db65308cf6d711171e2c0af4daadf30c6a443add1f9014b374c5454f88,1.4319685697555542,True,IRMv1,LINEAR_COMBINATION,LINEAR_COMBINATION,LINEAR_COMBINATION,u006,LINEAR_COMBINATION,LINEAR_COMBINATION,LINEAR_COMBINATION,LINEAR_COMBINATION,True,LINEAR_COMBINATION,LINEAR_COMBINATION,14,1.2329133749008179,False
20,-1,8.518579483032227,2290ea38ac5f746c70e6e92878e216ab1c5d85a1e2070381e84ef3ba5bd54d97,b2459f8487fb0a5ee180d37bea7950849ceb7052e631ebab6a4387d07dd2f9c6,356468ea718024b5196674c2a818e25e511618b705c2ce776758e15ed4a67ba3,14.950834274291992,True,IRMv1,LINEAR_COMBINATION,LINEAR_COMBINATION,LINEAR_COMBINATION,u006,LINEAR_COMBINATION,LINEAR_COMBINATION,LINEAR_COMBINATION,LINEAR_COMBINATION,True,LINEAR_COMBINATION,LINEAR_COMBINATION,14,13.242114067077637,False
1,-1,0.018199250102043152,2290ea38ac5f746c70e6e92878e216ab1c5d85a1e2070381e84ef3ba5bd54d97,fa66da86e354936e61c390b3ba284afa6a7703a143d1d445ac2606967599d996,4956ec94aefd24c98c8066db7a2ab72156e4af1929cc7fb290c28ab93a63402c,0.4320535659790039,True,IRMv1,LINEAR_COMBINATION,LINEAR_COMBINATION,LINEAR_COMBINATION,u007,LINEAR_COMBINATION,LINEAR_COMBINATION,LINEAR_COMBINATION,LINEAR_COMBINATION,True,LINEAR_COMBINATION,LINEAR_COMBINATION,14,0.3604782819747925,False
5,-1,0.7608831524848938,2290ea38ac5f746c70e6e92878e216ab1c5d85a1e2070381e84ef3ba5bd54d97,7a9e9f4fec06b4a47688cf88928ecfcea9dfe767fde5ea4668bb9739fbd1df0e,cc8c39db65308cf6d711171e2c0af4daadf30c6a443add1f9014b374c5454f88,2.2355921268463135,True,IRMv1,LINEAR_COMBINATION,LINEAR_COMBINATION,LINEAR_COMBINATION,u007,LINEAR_COMBINATION,LINEAR_COMBINATION,LINEAR_COMBINATION,LINEAR_COMBINATION,True,LINEAR_COMBINATION,LINEAR_COMBINATION,14,1.9303953647613525,False
20,-1,2.4132797718048096,2290ea38ac5f746c70e6e92878e216ab1c5d85a1e2070381e84ef3ba5bd54d97,b2459f8487fb0a5ee180d37bea7950849ceb7052e631ebab6a4387d07dd2f9c6,356468ea718024b5196674c2a818e25e511618b705c2ce776758e15ed4a67ba3,10.107954025268555,True,IRMv1,LINEAR_COMBINATION,LINEAR_COMBINATION,LINEAR_COMBINATION,u007,LINEAR_COMBINATION,LINEAR_COMBINATION,LINEAR_COMBINATION,LINEAR_COMBINATION,True,LINEAR_COMBINATION,LINEAR_COMBINATION,14,8.577878952026367,False
1,-1,0.018199250102043152,2290ea38ac5f746c70e6e92878e216ab1c5d85a1e2070381e84ef3ba5bd54d97,fa66da86e354936e61c390b3ba284afa6a7703a143d1d445ac2606967599d996,4956ec94aefd24c98c8066db7a2ab72156e4af1929cc7fb290c28ab93a63402c,0.4320535659790039,True,IRMv1,LINEAR_COMBINATION,LINEAR_COMBINATION,LINEAR_COMBINATION,u008,LINEAR_COMBINATION,LINEAR_COMBINATION,LINEAR_COMBINATION,LINEAR_COMBINATION,True,LINEAR_COMBINATION,LINEAR_COMBINATION,14,0.3604782819747925,False
5,-1,0.7608831524848938,2290ea38ac5f746c70e6e92878e216ab1c5d85a1e2070381e84ef3ba5bd54d97,7a9e9f4fec06b4a47688cf88928ecfcea9dfe767fde5ea4668bb9739fbd1df0e,cc8c39db65308cf6d711171e2c0af4daadf30c6a443add1f9014b374c5454f88,2.2355921268463135,True,IRMv1,LINEAR_COMBINATION,LINEAR_COMBINATION,LINEAR_COMBINATION,u008,LINEAR_COMBINATION,LINEAR_COMBINATION,LINEAR_COMBINATION,LINEAR_COMBINATION,True,LINEAR_COMBINATION,LINEAR_COMBINATION,14,1.9303953647613525,False
20,-1,2.4132797718048096,2290ea38ac5f746c70e6e92878e216ab1c5d85a1e2070381e84ef3ba5bd54d97,b2459f8487fb0a5ee180d37bea7950849ceb7052e631ebab6a4387d07dd2f9c6,356468ea718024b5196674c2a818e25e511618b705c2ce776758e15ed4a67ba3,10.107954025268555,True,IRMv1,LINEAR_COMBINATION,LINEAR_COMBINATION,LINEAR_COMBINATION,u008,LINEAR_COMBINATION,LINEAR_COMBINATION,LINEAR_COMBINATION,LINEAR_COMBINATION,True,LINEAR_COMBINATION,LINEAR_COMBINATION,14,8.577878952026367,False
1,-1,0.4330468475818634,2290ea38ac5f746c70e6e92878e216ab1c5d85a1e2070381e84ef3ba5bd54d97,fa66da86e354936e61c390b3ba284afa6a7703a143d1d445ac2606967599d996,4956ec94aefd24c98c8066db7a2ab72156e4af1929cc7fb290c28ab93a63402c,5.480604648590088,True,IRMv1,LINEAR_COMBINATION,LINEAR_COMBINATION,LINEAR_COMBINATION,u009,LINEAR_COMBINATION,LINEAR_COMBINATION,LINEAR_COMBINATION,LINEAR_COMBINATION,True,LINEAR_COMBINATION,LINEAR_COMBINATION,14,4.568155765533447,False
5,-1,3.662517547607422,2290ea38ac5f746c70e6e92878e216ab1c5d85a1e2070381e84ef3ba5bd54d97,7a9e9f4fec06b4a47688cf88928ecfcea9dfe767fde5ea4668bb9739fbd1df0e,cc8c39db65308cf6d711171e2c0af4daadf30c6a443add1f9014b374c5454f88,39.580970764160156,True,IRMv1,LINEAR_COMBINATION,LINEAR_COMBINATION,LINEAR_COMBINATION,u009,LINEAR_COMBINATION,LINEAR_COMBINATION,LINEAR_COMBINATION,LINEAR_COMBINATION,True,LINEAR_COMBINATION,LINEAR_COMBINATION,14,32.63372039794922,False
20,-1,5.492315769195557,2290ea38ac5f746c70e6e92878e216ab1c5d85a1e2070381e84ef3ba5bd54d97,b2459f8487fb0a5ee180d37bea7950849ceb7052e631ebab6a4387d07dd2f9c6,356468ea718024b5196674c2a818e25e511618b705c2ce776758e15ed4a67ba3,28.20706558227539,True,IRMv1,LINEAR_COMBINATION,LINEAR_COMBINATION,LINEAR_COMBINATION,u009,LINEAR_COMBINATION,LINEAR_COMBINATION,LINEAR_COMBINATION,LINEAR_COMBINATION,True,LINEAR_COMBINATION,LINEAR_COMBINATION,14,22.67190933227539,False
1,-1,0.4330468475818634,2290ea38ac5f746c70e6e92878e216ab1c5d85a1e2070381e84ef3ba5bd54d97,fa66da86e354936e61c390b3ba284afa6a7703a143d1d445ac2606967599d996,4956ec94aefd24c98c8066db7a2ab72156e4af1929cc7fb290c28ab93a63402c,5.480604648590088,True,IRMv1,LINEAR_COMBINATION,LINEAR_COMBINATION,LINEAR_COMBINATION,u010,LINEAR_COMBINATION,LINEAR_COMBINATION,LINEAR_COMBINATION,LINEAR_COMBINATION,True,LINEAR_COMBINATION,LINEAR_COMBINATION,14,4.568155765533447,False
5,-1,3.662517547607422,2290ea38ac5f746c70e6e92878e216ab1c5d85a1e2070381e84ef3ba5bd54d97,7a9e9f4fec06b4a47688cf88928ecfcea9dfe767fde5ea4668bb9739fbd1df0e,cc8c39db65308cf6d711171e2c0af4daadf30c6a443add1f9014b374c5454f88,39.580970764160156,True,IRMv1,LINEAR_COMBINATION,LINEAR_COMBINATION,LINEAR_COMBINATION,u010,LINEAR_COMBINATION,LINEAR_COMBINATION,LINEAR_COMBINATION,LINEAR_COMBINATION,True,LINEAR_COMBINATION,LINEAR_COMBINATION,14,32.63372039794922,False
20,-1,5.492315769195557,2290ea38ac5f746c70e6e92878e216ab1c5d85a1e2070381e84ef3ba5bd54d97,b2459f8487fb0a5ee180d37bea7950849ceb7052e631ebab6a4387d07dd2f9c6,356468ea718024b5196674c2a818e25e511618b705c2ce776758e15ed4a67ba3,28.20706558227539,True,IRMv1,LINEAR_COMBINATION,LINEAR_COMBINATION,LINEAR_COMBINATION,u010,LINEAR_COMBINATION,LINEAR_COMBINATION,LINEAR_COMBINATION,LINEAR_COMBINATION,True,LINEAR_COMBINATION,LINEAR_COMBINATION,14,22.67190933227539,False
1,0,0.03498696908354759,1a993db1d54a35d69e8b041ffb80e8f6b2b88754faf77c301c30fe271983a4ff,719a4ade1798a6ba552421d1d3035f5dc2442459fef7770d3ba3fa87274d9e9c,4e214353f435093124d778de52fec603b07cb8e86b6f9fe594764b2ca16a3b57,0.3667469322681427,True,VREX,1a993db1d54a35d69e8b041ffb80e8f6b2b88754faf77c301c30fe271983a4ff,3309c04abaeb94ed251ba0e6efb32779799ad73512f65bf163f553447a2fb6ad,57574242772bef14bc0beab25d32ce4bc1b3fc430a8d37fe882398b1b076ec54,u000,1a993db1d54a35d69e8b041ffb80e8f6b2b88754faf77c301c30fe271983a4ff,5212a7efc750cdba149223c0ce31cfc3493c80b95a58e5d3cd486c233e477e89,bada64d9c6f4411731d41f628c076c4a94cf77c560499b54c2ba2c9385d24006,1a993db1d54a35d69e8b041ffb80e8f6b2b88754faf77c301c30fe271983a4ff,True,5212a7efc750cdba149223c0ce31cfc3493c80b95a58e5d3cd486c233e477e89,bada64d9c6f4411731d41f628c076c4a94cf77c560499b54c2ba2c9385d24006,14,0.29815879464149475,False
5,0,0.8244905471801758,1a993db1d54a35d69e8b041ffb80e8f6b2b88754faf77c301c30fe271983a4ff,22e2d807b9b07b747574037ea417ca31e87de42e04a7e6528bc522dea2ba906e,30330bbfad1072ba9d97e5bf6cb307766c6f8dbc5e949d6e882d0624e04abdbb,5.855380058288574,True,VREX,1a993db1d54a35d69e8b041ffb80e8f6b2b88754faf77c301c30fe271983a4ff,ff31716fb2c20c6f7842df01780d0020d4abed828af0d0943d3f55d2ab458acc,4527faedefee1077ce8a86fad2c1ba5d4c693f6225570304876835c909f734f2,u000,1a993db1d54a35d69e8b041ffb80e8f6b2b88754faf77c301c30fe271983a4ff,eb8b6bd9fe79662b3c60c6d19a96c22a2573f9e1b2557a0a4ace19c78bd4669c,3aef1fee3a558490a87f414bdce40def1ff77882ba6ba686e9acfa9c4320305d,1a993db1d54a35d69e8b041ffb80e8f6b2b88754faf77c301c30fe271983a4ff,True,eb8b6bd9fe79662b3c60c6d19a96c22a2573f9e1b2557a0a4ace19c78bd4669c,3aef1fee3a558490a87f414bdce40def1ff77882ba6ba686e9acfa9c4320305d,14,4.801637172698975,False
20,0,1.43900465965271,1a993db1d54a35d69e8b041ffb80e8f6b2b88754faf77c301c30fe271983a4ff,ee40ed4446b1fc3ef7c817ff1a2b452700a598f7fa4e7c00d1d56df92a5a6156,0f33f407524ab7448883793f5d0be46fc0aa3d8339dbbcb6ff6f0d722c4aebda,4.694604873657227,True,VREX,1a993db1d54a35d69e8b041ffb80e8f6b2b88754faf77c301c30fe271983a4ff,24f560898ecf8744662b62bf247385166d72a953b345f59a02fc6e01d57ab374,8e9bfea591275024f1daf952a729b89457483ae81967e01c52a032da5887845c,u000,1a993db1d54a35d69e8b041ffb80e8f6b2b88754faf77c301c30fe271983a4ff,4f724f4a9692a6e4e46267d6ad7988bfa453ba6ebcc776564df43b1082390302,d773e2bd858173495e01d13a0aafd64539bb6cbbc73b4eb83f39b1b2d7bddf83,1a993db1d54a35d69e8b041ffb80e8f6b2b88754faf77c301c30fe271983a4ff,True,4f724f4a9692a6e4e46267d6ad7988bfa453ba6ebcc776564df43b1082390302,d773e2bd858173495e01d13a0aafd64539bb6cbbc73b4eb83f39b1b2d7bddf83,14,3.7788636684417725,False
1,1,0.032643239945173264,1a993db1d54a35d69e8b041ffb80e8f6b2b88754faf77c301c30fe271983a4ff,719a4ade1798a6ba552421d1d3035f5dc2442459fef7770d3ba3fa87274d9e9c,4e214353f435093124d778de52fec603b07cb8e86b6f9fe594764b2ca16a3b57,0.34373727440834045,True,VREX,1a993db1d54a35d69e8b041ffb80e8f6b2b88754faf77c301c30fe271983a4ff,e4329248c5bb635fc2b92221ed2e60e2e6e75a0021b7773570e603873fe3099e,54b75125734e40c46bef4629555a982aa0fb6346896d6eb92a3997c5cecec5b1,u001,1a993db1d54a35d69e8b041ffb80e8f6b2b88754faf77c301c30fe271983a4ff,3d5a1ace64837b238e4c973e859e83a45151788113c7915d10bf5649eb28e2c2,82f3da0c8117fa64f21468184ea89647987326aa05a3352459658e8560b2476b,1a993db1d54a35d69e8b041ffb80e8f6b2b88754faf77c301c30fe271983a4ff,True,3d5a1ace64837b238e4c973e859e83a45151788113c7915d10bf5649eb28e2c2,82f3da0c8117fa64f21468184ea89647987326aa05a3352459658e8560b2476b,14,0.2793806195259094,False
5,1,0.7823423147201538,1a993db1d54a35d69e8b041ffb80e8f6b2b88754faf77c301c30fe271983a4ff,22e2d807b9b07b747574037ea417ca31e87de42e04a7e6528bc522dea2ba906e,30330bbfad1072ba9d97e5bf6cb307766c6f8dbc5e949d6e882d0624e04abdbb,5.532821178436279,True,VREX,1a993db1d54a35d69e8b041ffb80e8f6b2b88754faf77c301c30fe271983a4ff,b16a635dbced7bb3f25e6ed5409f4a2970e9a7b91d99e95e46596f52a4abfb77,62ae33e03d6e15382134b624d18c15b229efd13aee5b5dfbbe7dbd970f5a24a7,u001,1a993db1d54a35d69e8b041ffb80e8f6b2b88754faf77c301c30fe271983a4ff,a5c2e541797670c333c1ac39da57fa4d5e484dc3c95b26701ee859e4374abc12,0220ee65240897a609b426cf3cf89552dc65ee5037c51c36a48470efea7b6965,1a993db1d54a35d69e8b041ffb80e8f6b2b88754faf77c301c30fe271983a4ff,True,a5c2e541797670c333c1ac39da57fa4d5e484dc3c95b26701ee859e4374abc12,0220ee65240897a609b426cf3cf89552dc65ee5037c51c36a48470efea7b6965,14,4.536652565002441,False
20,1,1.357540249824524,1a993db1d54a35d69e8b041ffb80e8f6b2b88754faf77c301c30fe271983a4ff,ee40ed4446b1fc3ef7c817ff1a2b452700a598f7fa4e7c00d1d56df92a5a6156,0f33f407524ab7448883793f5d0be46fc0aa3d8339dbbcb6ff6f0d722c4aebda,4.498404026031494,True,VREX,1a993db1d54a35d69e8b041ffb80e8f6b2b88754faf77c301c30fe271983a4ff,f067b64d4dafcf421e3485a572ed42ac7550f06f672499134eae0b54684742e4,88e3f53627d29456cec6776c418dc2b69f7a61dcbd16697a1d5badb91f3a73cf,u001,1a993db1d54a35d69e8b041ffb80e8f6b2b88754faf77c301c30fe271983a4ff,a6594d895874f81868b6ee7dc2c45acad71816e1e9e126635d37aa13e95405a9,fccfea28c504dfa24694bc3f562f37f08ee25c038529366d607facb3794690b0,1a993db1d54a35d69e8b041ffb80e8f6b2b88754faf77c301c30fe271983a4ff,True,a6594d895874f81868b6ee7dc2c45acad71816e1e9e126635d37aa13e95405a9,fccfea28c504dfa24694bc3f562f37f08ee25c038529366d607facb3794690b0,14,3.6316163539886475,False
1,2,0.0,1a993db1d54a35d69e8b041ffb80e8f6b2b88754faf77c301c30fe271983a4ff,719a4ade1798a6ba552421d1d3035f5dc2442459fef7770d3ba3fa87274d9e9c,4e214353f435093124d778de52fec603b07cb8e86b6f9fe594764b2ca16a3b57,0.0,True,VREX,LINEAR_COMBINATION,LINEAR_COMBINATION,LINEAR_COMBINATION,u002,LINEAR_COMBINATION,LINEAR_COMBINATION,LINEAR_COMBINATION,LINEAR_COMBINATION,True,LINEAR_COMBINATION,LINEAR_COMBINATION,14,0.0,False
5,2,0.0,1a993db1d54a35d69e8b041ffb80e8f6b2b88754faf77c301c30fe271983a4ff,22e2d807b9b07b747574037ea417ca31e87de42e04a7e6528bc522dea2ba906e,30330bbfad1072ba9d97e5bf6cb307766c6f8dbc5e949d6e882d0624e04abdbb,0.0,True,VREX,LINEAR_COMBINATION,LINEAR_COMBINATION,LINEAR_COMBINATION,u002,LINEAR_COMBINATION,LINEAR_COMBINATION,LINEAR_COMBINATION,LINEAR_COMBINATION,True,LINEAR_COMBINATION,LINEAR_COMBINATION,14,0.0,False
20,2,0.0,1a993db1d54a35d69e8b041ffb80e8f6b2b88754faf77c301c30fe271983a4ff,ee40ed4446b1fc3ef7c817ff1a2b452700a598f7fa4e7c00d1d56df92a5a6156,0f33f407524ab7448883793f5d0be46fc0aa3d8339dbbcb6ff6f0d722c4aebda,0.0,True,VREX,LINEAR_COMBINATION,LINEAR_COMBINATION,LINEAR_COMBINATION,u002,LINEAR_COMBINATION,LINEAR_COMBINATION,LINEAR_COMBINATION,LINEAR_COMBINATION,True,LINEAR_COMBINATION,LINEAR_COMBINATION,14,0.0,False
1,3,0.028417522087693214,1a993db1d54a35d69e8b041ffb80e8f6b2b88754faf77c301c30fe271983a4ff,719a4ade1798a6ba552421d1d3035f5dc2442459fef7770d3ba3fa87274d9e9c,4e214353f435093124d778de52fec603b07cb8e86b6f9fe594764b2ca16a3b57,0.05243385210633278,True,VREX,1a993db1d54a35d69e8b041ffb80e8f6b2b88754faf77c301c30fe271983a4ff,90e4f6f3aaac9e0930578fbe802d76b560d37ac657b8f8c81d12f5718cc7906c,79cda34a42748261232804ea42ee0c7c3c3069b3c6826bca71424d55bb33fa7c,u003,1a993db1d54a35d69e8b041ffb80e8f6b2b88754faf77c301c30fe271983a4ff,410a1940eae8158187585fcdfeb413dc877c7d27e0bafd2ed67529f902fd4aaa,bf9dc488f62047b43910bbe31d3642e7f71d750f9044612efd59b247f8ed8243,1a993db1d54a35d69e8b041ffb80e8f6b2b88754faf77c301c30fe271983a4ff,True,410a1940eae8158187585fcdfeb413dc877c7d27e0bafd2ed67529f902fd4aaa,bf9dc488f62047b43910bbe31d3642e7f71d750f9044612efd59b247f8ed8243,14,0.04018780589103699,False
5,3,0.04400535300374031,1a993db1d54a35d69e8b041ffb80e8f6b2b88754faf77c301c30fe271983a4ff,22e2d807b9b07b747574037ea417ca31e87de42e04a7e6528bc522dea2ba906e,30330bbfad1072ba9d97e5bf6cb307766c6f8dbc5e949d6e882d0624e04abdbb,0.4024820625782013,True,VREX,1a993db1d54a35d69e8b041ffb80e8f6b2b88754faf77c301c30fe271983a4ff,2b8f70fd9afce55d57d765b33cc729f0418468f55e5918ff7967154060081a89,f8c31bb28b63d78838863952eff08ad413774766edc5b7567df60167f2dba826,u003,1a993db1d54a35d69e8b041ffb80e8f6b2b88754faf77c301c30fe271983a4ff,fd10f75e6405915362f8c10f4ab8b2afbd7a4f0f03b0e171ac8a8537a80dac26,932c207b3b12bc2168e5c4acdea863bc28f8c3aa7b408d26f504411bbcc24753,1a993db1d54a35d69e8b041ffb80e8f6b2b88754faf77c301c30fe271983a4ff,True,fd10f75e6405915362f8c10f4ab8b2afbd7a4f0f03b0e171ac8a8537a80dac26,932c207b3b12bc2168e5c4acdea863bc28f8c3aa7b408d26f504411bbcc24753,14,0.31445324420928955,False
20,3,0.6464250087738037,1a993db1d54a35d69e8b041ffb80e8f6b2b88754faf77c301c30fe271983a4ff,ee40ed4446b1fc3ef7c817ff1a2b452700a598f7fa4e7c00d1d56df92a5a6156,0f33f407524ab7448883793f5d0be46fc0aa3d8339dbbcb6ff6f0d722c4aebda,1.1432124376296997,True,VREX,1a993db1d54a35d69e8b041ffb80e8f6b2b88754faf77c301c30fe271983a4ff,c2572e0b6ed1c59cb11405209a43d8fc8f48bcb9c60cf80bd7e20ecf0ade9da4,0e7f873ab7bb9aa45465d541b3433e109db5ee93802b5c5b40c697dad576475f,u003,1a993db1d54a35d69e8b041ffb80e8f6b2b88754faf77c301c30fe271983a4ff,4a222f6f2ecda986adb010fb96eac58836329400861e87f92b472481b3f928cb,5f904378607c90bdc8c636cdbe344414a31f54dac81c895af39c710724b21570,1a993db1d54a35d69e8b041ffb80e8f6b2b88754faf77c301c30fe271983a4ff,True,4a222f6f2ecda986adb010fb96eac58836329400861e87f92b472481b3f928cb,5f904378607c90bdc8c636cdbe344414a31f54dac81c895af39c710724b21570,14,0.9191840887069702,False
1,4,0.0,1a993db1d54a35d69e8b041ffb80e8f6b2b88754faf77c301c30fe271983a4ff,719a4ade1798a6ba552421d1d3035f5dc2442459fef7770d3ba3fa87274d9e9c,4e214353f435093124d778de52fec603b07cb8e86b6f9fe594764b2ca16a3b57,0.0,True,VREX,LINEAR_COMBINATION,LINEAR_COMBINATION,LINEAR_COMBINATION,u004,LINEAR_COMBINATION,LINEAR_COMBINATION,LINEAR_COMBINATION,LINEAR_COMBINATION,True,LINEAR_COMBINATION,LINEAR_COMBINATION,14,0.0,False
5,4,0.0,1a993db1d54a35d69e8b041ffb80e8f6b2b88754faf77c301c30fe271983a4ff,22e2d807b9b07b747574037ea417ca31e87de42e04a7e6528bc522dea2ba906e,30330bbfad1072ba9d97e5bf6cb307766c6f8dbc5e949d6e882d0624e04abdbb,0.0,True,VREX,LINEAR_COMBINATION,LINEAR_COMBINATION,LINEAR_COMBINATION,u004,LINEAR_COMBINATION,LINEAR_COMBINATION,LINEAR_COMBINATION,LINEAR_COMBINATION,True,LINEAR_COMBINATION,LINEAR_COMBINATION,14,0.0,False
20,4,0.0,1a993db1d54a35d69e8b041ffb80e8f6b2b88754faf77c301c30fe271983a4ff,ee40ed4446b1fc3ef7c817ff1a2b452700a598f7fa4e7c00d1d56df92a5a6156,0f33f407524ab7448883793f5d0be46fc0aa3d8339dbbcb6ff6f0d722c4aebda,0.0,True,VREX,LINEAR_COMBINATION,LINEAR_COMBINATION,LINEAR_COMBINATION,u004,LINEAR_COMBINATION,LINEAR_COMBINATION,LINEAR_COMBINATION,LINEAR_COMBINATION,True,LINEAR_COMBINATION,LINEAR_COMBINATION,14,0.0,False
1,-1,0.0020569665357470512,1a993db1d54a35d69e8b041ffb80e8f6b2b88754faf77c301c30fe271983a4ff,719a4ade1798a6ba552421d1d3035f5dc2442459fef7770d3ba3fa87274d9e9c,4e214353f435093124d778de52fec603b07cb8e86b6f9fe594764b2ca16a3b57,0.01650482788681984,True,VREX,LINEAR_COMBINATION,LINEAR_COMBINATION,LINEAR_COMBINATION,u005,LINEAR_COMBINATION,LINEAR_COMBINATION,LINEAR_COMBINATION,LINEAR_COMBINATION,True,LINEAR_COMBINATION,LINEAR_COMBINATION,14,0.013471309095621109,False
5,-1,0.030566757544875145,1a993db1d54a35d69e8b041ffb80e8f6b2b88754faf77c301c30fe271983a4ff,22e2d807b9b07b747574037ea417ca31e87de42e04a7e6528bc522dea2ba906e,30330bbfad1072ba9d97e5bf6cb307766c6f8dbc5e949d6e882d0624e04abdbb,0.22931155562400818,True,VREX,LINEAR_COMBINATION,LINEAR_COMBINATION,LINEAR_COMBINATION,u005,LINEAR_COMBINATION,LINEAR_COMBINATION,LINEAR_COMBINATION,LINEAR_COMBINATION,True,LINEAR_COMBINATION,LINEAR_COMBINATION,14,0.18836037814617157,False
20,-1,0.07739043235778809,1a993db1d54a35d69e8b041ffb80e8f6b2b88754faf77c301c30fe271983a4ff,ee40ed4446b1fc3ef7c817ff1a2b452700a598f7fa4e7c00d1d56df92a5a6156,0f33f407524ab7448883793f5d0be46fc0aa3d8339dbbcb6ff6f0d722c4aebda,0.19389097392559052,True,VREX,LINEAR_COMBINATION,LINEAR_COMBINATION,LINEAR_COMBINATION,u005,LINEAR_COMBINATION,LINEAR_COMBINATION,LINEAR_COMBINATION,LINEAR_COMBINATION,True,LINEAR_COMBINATION,LINEAR_COMBINATION,14,0.15658901631832123,False
1,-1,0.047806255519390106,1a993db1d54a35d69e8b041ffb80e8f6b2b88754faf77c301c30fe271983a4ff,719a4ade1798a6ba552421d1d3035f5dc2442459fef7770d3ba3fa87274d9e9c,4e214353f435093124d778de52fec603b07cb8e86b6f9fe594764b2ca16a3b57,0.5023804903030396,True,VREX,LINEAR_COMBINATION,LINEAR_COMBINATION,LINEAR_COMBINATION,u006,LINEAR_COMBINATION,LINEAR_COMBINATION,LINEAR_COMBINATION,LINEAR_COMBINATION,True,LINEAR_COMBINATION,LINEAR_COMBINATION,14,0.40837571024894714,False
5,-1,1.1361820697784424,1a993db1d54a35d69e8b041ffb80e8f6b2b88754faf77c301c30fe271983a4ff,22e2d807b9b07b747574037ea417ca31e87de42e04a7e6528bc522dea2ba906e,30330bbfad1072ba9d97e5bf6cb307766c6f8dbc5e949d6e882d0624e04abdbb,8.052638053894043,True,VREX,LINEAR_COMBINATION,LINEAR_COMBINATION,LINEAR_COMBINATION,u006,LINEAR_COMBINATION,LINEAR_COMBINATION,LINEAR_COMBINATION,LINEAR_COMBINATION,True,LINEAR_COMBINATION,LINEAR_COMBINATION,14,6.603139877319336,False
20,-1,1.9767802953720093,1a993db1d54a35d69e8b041ffb80e8f6b2b88754faf77c301c30fe271983a4ff,ee40ed4446b1fc3ef7c817ff1a2b452700a598f7fa4e7c00d1d56df92a5a6156,0f33f407524ab7448883793f5d0be46fc0aa3d8339dbbcb6ff6f0d722c4aebda,6.499026775360107,True,VREX,LINEAR_COMBINATION,LINEAR_COMBINATION,LINEAR_COMBINATION,u006,LINEAR_COMBINATION,LINEAR_COMBINATION,LINEAR_COMBINATION,LINEAR_COMBINATION,True,LINEAR_COMBINATION,LINEAR_COMBINATION,14,5.23869514465332,False
1,-1,0.0014544951263815165,1a993db1d54a35d69e8b041ffb80e8f6b2b88754faf77c301c30fe271983a4ff,719a4ade1798a6ba552421d1d3035f5dc2442459fef7770d3ba3fa87274d9e9c,4e214353f435093124d778de52fec603b07cb8e86b6f9fe594764b2ca16a3b57,0.011670676060020924,True,VREX,LINEAR_COMBINATION,LINEAR_COMBINATION,LINEAR_COMBINATION,u007,LINEAR_COMBINATION,LINEAR_COMBINATION,LINEAR_COMBINATION,LINEAR_COMBINATION,True,LINEAR_COMBINATION,LINEAR_COMBINATION,14,0.009525654837489128,False
5,-1,0.021613962948322296,1a993db1d54a35d69e8b041ffb80e8f6b2b88754faf77c301c30fe271983a4ff,22e2d807b9b07b747574037ea417ca31e87de42e04a7e6528bc522dea2ba906e,30330bbfad1072ba9d97e5bf6cb307766c6f8dbc5e949d6e882d0624e04abdbb,0.16214776039123535,True,VREX,LINEAR_COMBINATION,LINEAR_COMBINATION,LINEAR_COMBINATION,u007,LINEAR_COMBINATION,LINEAR_COMBINATION,LINEAR_COMBINATION,LINEAR_COMBINATION,True,LINEAR_COMBINATION,LINEAR_COMBINATION,14,0.13319088518619537,False
20,-1,0.05472330003976822,1a993db1d54a35d69e8b041ffb80e8f6b2b88754faf77c301c30fe271983a4ff,ee40ed4446b1fc3ef7c817ff1a2b452700a598f7fa4e7c00d1d56df92a5a6156,0f33f407524ab7448883793f5d0be46fc0aa3d8339dbbcb6ff6f0d722c4aebda,0.13710162043571472,True,VREX,LINEAR_COMBINATION,LINEAR_COMBINATION,LINEAR_COMBINATION,u007,LINEAR_COMBINATION,LINEAR_COMBINATION,LINEAR_COMBINATION,LINEAR_COMBINATION,True,LINEAR_COMBINATION,LINEAR_COMBINATION,14,0.11072515696287155,False
1,-1,0.0014544951263815165,1a993db1d54a35d69e8b041ffb80e8f6b2b88754faf77c301c30fe271983a4ff,719a4ade1798a6ba552421d1d3035f5dc2442459fef7770d3ba3fa87274d9e9c,4e214353f435093124d778de52fec603b07cb8e86b6f9fe594764b2ca16a3b57,0.011670676060020924,True,VREX,LINEAR_COMBINATION,LINEAR_COMBINATION,LINEAR_COMBINATION,u008,LINEAR_COMBINATION,LINEAR_COMBINATION,LINEAR_COMBINATION,LINEAR_COMBINATION,True,LINEAR_COMBINATION,LINEAR_COMBINATION,14,0.009525654837489128,False
5,-1,0.021613962948322296,1a993db1d54a35d69e8b041ffb80e8f6b2b88754faf77c301c30fe271983a4ff,22e2d807b9b07b747574037ea417ca31e87de42e04a7e6528bc522dea2ba906e,30330bbfad1072ba9d97e5bf6cb307766c6f8dbc5e949d6e882d0624e04abdbb,0.16214776039123535,True,VREX,LINEAR_COMBINATION,LINEAR_COMBINATION,LINEAR_COMBINATION,u008,LINEAR_COMBINATION,LINEAR_COMBINATION,LINEAR_COMBINATION,LINEAR_COMBINATION,True,LINEAR_COMBINATION,LINEAR_COMBINATION,14,0.13319088518619537,False
20,-1,0.05472330003976822,1a993db1d54a35d69e8b041ffb80e8f6b2b88754faf77c301c30fe271983a4ff,ee40ed4446b1fc3ef7c817ff1a2b452700a598f7fa4e7c00d1d56df92a5a6156,0f33f407524ab7448883793f5d0be46fc0aa3d8339dbbcb6ff6f0d722c4aebda,0.13710162043571472,True,VREX,LINEAR_COMBINATION,LINEAR_COMBINATION,LINEAR_COMBINATION,u008,LINEAR_COMBINATION,LINEAR_COMBINATION,LINEAR_COMBINATION,LINEAR_COMBINATION,True,LINEAR_COMBINATION,LINEAR_COMBINATION,14,0.11072515696287155,False
1,-1,0.020094221457839012,1a993db1d54a35d69e8b041ffb80e8f6b2b88754faf77c301c30fe271983a4ff,719a4ade1798a6ba552421d1d3035f5dc2442459fef7770d3ba3fa87274d9e9c,4e214353f435093124d778de52fec603b07cb8e86b6f9fe594764b2ca16a3b57,0.03707633167505264,True,VREX,LINEAR_COMBINATION,LINEAR_COMBINATION,LINEAR_COMBINATION,u009,LINEAR_COMBINATION,LINEAR_COMBINATION,LINEAR_COMBINATION,LINEAR_COMBINATION,True,LINEAR_COMBINATION,LINEAR_COMBINATION,14,0.02841706946492195,False
5,-1,0.031116481870412827,1a993db1d54a35d69e8b041ffb80e8f6b2b88754faf77c301c30fe271983a4ff,22e2d807b9b07b747574037ea417ca31e87de42e04a7e6528bc522dea2ba906e,30330bbfad1072ba9d97e5bf6cb307766c6f8dbc5e949d6e882d0624e04abdbb,0.284597784280777,True,VREX,LINEAR_COMBINATION,LINEAR_COMBINATION,LINEAR_COMBINATION,u009,LINEAR_COMBINATION,LINEAR_COMBINATION,LINEAR_COMBINATION,LINEAR_COMBINATION,True,LINEAR_COMBINATION,LINEAR_COMBINATION,14,0.2223520278930664,False
20,-1,0.45709148049354553,1a993db1d54a35d69e8b041ffb80e8f6b2b88754faf77c301c30fe271983a4ff,ee40ed4446b1fc3ef7c817ff1a2b452700a598f7fa4e7c00d1d56df92a5a6156,0f33f407524ab7448883793f5d0be46fc0aa3d8339dbbcb6ff6f0d722c4aebda,0.808373212814331,True,VREX,LINEAR_COMBINATION,LINEAR_COMBINATION,LINEAR_COMBINATION,u009,LINEAR_COMBINATION,LINEAR_COMBINATION,LINEAR_COMBINATION,LINEAR_COMBINATION,True,LINEAR_COMBINATION,LINEAR_COMBINATION,14,0.6499612927436829,False
1,-1,0.020094221457839012,1a993db1d54a35d69e8b041ffb80e8f6b2b88754faf77c301c30fe271983a4ff,719a4ade1798a6ba552421d1d3035f5dc2442459fef7770d3ba3fa87274d9e9c,4e214353f435093124d778de52fec603b07cb8e86b6f9fe594764b2ca16a3b57,0.03707633167505264,True,VREX,LINEAR_COMBINATION,LINEAR_COMBINATION,LINEAR_COMBINATION,u010,LINEAR_COMBINATION,LINEAR_COMBINATION,LINEAR_COMBINATION,LINEAR_COMBINATION,True,LINEAR_COMBINATION,LINEAR_COMBINATION,14,0.02841706946492195,False
5,-1,0.031116481870412827,1a993db1d54a35d69e8b041ffb80e8f6b2b88754faf77c301c30fe271983a4ff,22e2d807b9b07b747574037ea417ca31e87de42e04a7e6528bc522dea2ba906e,30330bbfad1072ba9d97e5bf6cb307766c6f8dbc5e949d6e882d0624e04abdbb,0.284597784280777,True,VREX,LINEAR_COMBINATION,LINEAR_COMBINATION,LINEAR_COMBINATION,u010,LINEAR_COMBINATION,LINEAR_COMBINATION,LINEAR_COMBINATION,LINEAR_COMBINATION,True,LINEAR_COMBINATION,LINEAR_COMBINATION,14,0.2223520278930664,False
20,-1,0.45709148049354553,1a993db1d54a35d69e8b041ffb80e8f6b2b88754faf77c301c30fe271983a4ff,ee40ed4446b1fc3ef7c817ff1a2b452700a598f7fa4e7c00d1d56df92a5a6156,0f33f407524ab7448883793f5d0be46fc0aa3d8339dbbcb6ff6f0d722c4aebda,0.808373212814331,True,VREX,LINEAR_COMBINATION,LINEAR_COMBINATION,LINEAR_COMBINATION,u010,LINEAR_COMBINATION,LINEAR_COMBINATION,LINEAR_COMBINATION,LINEAR_COMBINATION,True,LINEAR_COMBINATION,LINEAR_COMBINATION,14,0.6499612927436829,False
1,0,2.9341185092926025,8580550a69b2fe050521725562069aa0b5477b733e32cb332129b0b1d7442f49,f23e17bcdb9ec1b2eab49751b1d332029748a3d4bd487c2dedd05521d4d629a6,7dcdc87ec1e3996b5ae5e6f6a073ec52ef179595df221ff938028222e3c151cb,17.3109130859375,True,CORAL,8580550a69b2fe050521725562069aa0b5477b733e32cb332129b0b1d7442f49,fb8458e69511347c25e5f6026b1e096e36656333379232fb38585b5a333e315e,ffe483d077169b6e70a4e5b51672fd31811624840072b2a65d81d581210e945b,u000,8580550a69b2fe050521725562069aa0b5477b733e32cb332129b0b1d7442f49,cbb505c6393d035de82660e5b37ede668aea7c6e6a12c31b1a4daad0615c7c60,5bc76787c438444d75853a9a4da4257f5bd265e1efde09697dec268051bc0fca,8580550a69b2fe050521725562069aa0b5477b733e32cb332129b0b1d7442f49,True,cbb505c6393d035de82660e5b37ede668aea7c6e6a12c31b1a4daad0615c7c60,5bc76787c438444d75853a9a4da4257f5bd265e1efde09697dec268051bc0fca,14,12.96734619140625,False
5,0,17.07988166809082,8580550a69b2fe050521725562069aa0b5477b733e32cb332129b0b1d7442f49,88643b52addd1646ee5aa56c23f60713bd41c057d5543538f05c58e6a48c2b6e,a644769807678d60ba684d1b2b477856b26f515bb28a081f428f1b46f3bc5cd7,150.64320373535156,True,CORAL,8580550a69b2fe050521725562069aa0b5477b733e32cb332129b0b1d7442f49,f793d1449368748f99d0df706ff3e048f707ec5470c9c47c9cd3c2c9d88161d3,041c253a9366c3cbd182ebada2c4982942695f053a8671be07035e560030ae9c,u000,8580550a69b2fe050521725562069aa0b5477b733e32cb332129b0b1d7442f49,0ed0585087ebe3f772fe8683f27b75ad18ace75a2c694c977265a98c68b7e14f,dbbb51f94e7cd655d49f47966dc96d124794d01c17d74d95941fcd5ad724240e,8580550a69b2fe050521725562069aa0b5477b733e32cb332129b0b1d7442f49,True,0ed0585087ebe3f772fe8683f27b75ad18ace75a2c694c977265a98c68b7e14f,dbbb51f94e7cd655d49f47966dc96d124794d01c17d74d95941fcd5ad724240e,14,111.83394622802734,False
20,0,22.51706886291504,8580550a69b2fe050521725562069aa0b5477b733e32cb332129b0b1d7442f49,9aaf577a1dd976b395da70f992346fcd81ac30c9e356a32b9d54ed12f9d1f839,c66d0ace41fbf938d131c6aa79da26bb3fdd3ecbd0a385fa0b538c6706968456,110.77564239501953,True,CORAL,8580550a69b2fe050521725562069aa0b5477b733e32cb332129b0b1d7442f49,2b7f7169a7603840fc399045850618a34aeae76baf0da3341581e42e69e52250,8bb953886017c26ebf687b6ccce0587c092a4a6b247fb78c8acaafc3ec8675a3,u000,8580550a69b2fe050521725562069aa0b5477b733e32cb332129b0b1d7442f49,31650ef4000b1fd0da792bafa07fb5cc2726fc9c325e9c49155b616496a64f23,29c0ebdd79a907dfb3c789cc23b3eae7da22594afbd47423e846ce112fa075fa,8580550a69b2fe050521725562069aa0b5477b733e32cb332129b0b1d7442f49,True,31650ef4000b1fd0da792bafa07fb5cc2726fc9c325e9c49155b616496a64f23,29c0ebdd79a907dfb3c789cc23b3eae7da22594afbd47423e846ce112fa075fa,14,78.44908905029297,False
1,1,3.2376863956451416,8580550a69b2fe050521725562069aa0b5477b733e32cb332129b0b1d7442f49,f23e17bcdb9ec1b2eab49751b1d332029748a3d4bd487c2dedd05521d4d629a6,7dcdc87ec1e3996b5ae5e6f6a073ec52ef179595df221ff938028222e3c151cb,17.187057495117188,True,CORAL,8580550a69b2fe050521725562069aa0b5477b733e32cb332129b0b1d7442f49,17c7bca8c27e11a9d4046f3ca2726573372536a50023fb30dbde8bfd3b2191ea,7d08b0b7655025e48e6fcc189c78af0629b0c235028ad5214916cdff2ab9152a,u001,8580550a69b2fe050521725562069aa0b5477b733e32cb332129b0b1d7442f49,06bd48e118c6d87782b585ea30c61a7b47eda3797bb2c7d7c8965e21802293ea,c9d5e1e9dc9b1117d8a968761dbf760c071e5a17a5fbb81c158dd710abca64ba,8580550a69b2fe050521725562069aa0b5477b733e32cb332129b0b1d7442f49,True,06bd48e118c6d87782b585ea30c61a7b47eda3797bb2c7d7c8965e21802293ea,c9d5e1e9dc9b1117d8a968761dbf760c071e5a17a5fbb81c158dd710abca64ba,14,12.853256225585938,False
5,1,16.340618133544922,8580550a69b2fe050521725562069aa0b5477b733e32cb332129b0b1d7442f49,88643b52addd1646ee5aa56c23f60713bd41c057d5543538f05c58e6a48c2b6e,a644769807678d60ba684d1b2b477856b26f515bb28a081f428f1b46f3bc5cd7,150.05532836914062,True,CORAL,8580550a69b2fe050521725562069aa0b5477b733e32cb332129b0b1d7442f49,db9d236b446d6e5e7f80a26a660312ede15f61e7092528729bff80e6f7ce6f9d,78bda0264e4c37e38c265eb2909532e14042fe2f4731c7031eee5ad64d81296d,u001,8580550a69b2fe050521725562069aa0b5477b733e32cb332129b0b1d7442f49,4a345173482a201ffb22f82efd453120cb9eb53cd5ab1313b708f64659901e25,b0a911a5d4b661678023b4eb493c0c0c8abfe4b1f5fe8431cbd2c3b9505b438c,8580550a69b2fe050521725562069aa0b5477b733e32cb332129b0b1d7442f49,True,4a345173482a201ffb22f82efd453120cb9eb53cd5ab1313b708f64659901e25,b0a911a5d4b661678023b4eb493c0c0c8abfe4b1f5fe8431cbd2c3b9505b438c,14,111.40660095214844,False
20,1,27.431371688842773,8580550a69b2fe050521725562069aa0b5477b733e32cb332129b0b1d7442f49,9aaf577a1dd976b395da70f992346fcd81ac30c9e356a32b9d54ed12f9d1f839,c66d0ace41fbf938d131c6aa79da26bb3fdd3ecbd0a385fa0b538c6706968456,111.79557037353516,True,CORAL,8580550a69b2fe050521725562069aa0b5477b733e32cb332129b0b1d7442f49,88ba6b5e6f0d546cb3b2409b99233fa1a4bb7c29806fce529fe60e122ae4a7b3,4a4028c0f3b84252059161db262b7a9a83e97851f72ac5f4679ea2cc9db22734,u001,8580550a69b2fe050521725562069aa0b5477b733e32cb332129b0b1d7442f49,87bd63ef70a6c2ab962c65b105fa2a74de521d2a2b4ad7f1ef68f5c141c954c8,f7c70f5a493e55e7c8710a43a40373e03ae8b4baec417226f774668dd5020fca,8580550a69b2fe050521725562069aa0b5477b733e32cb332129b0b1d7442f49,True,87bd63ef70a6c2ab962c65b105fa2a74de521d2a2b4ad7f1ef68f5c141c954c8,f7c70f5a493e55e7c8710a43a40373e03ae8b4baec417226f774668dd5020fca,14,80.23876953125,False
1,2,0.0,8580550a69b2fe050521725562069aa0b5477b733e32cb332129b0b1d7442f49,f23e17bcdb9ec1b2eab49751b1d332029748a3d4bd487c2dedd05521d4d629a6,7dcdc87ec1e3996b5ae5e6f6a073ec52ef179595df221ff938028222e3c151cb,0.0,True,CORAL,LINEAR_COMBINATION,LINEAR_COMBINATION,LINEAR_COMBINATION,u002,LINEAR_COMBINATION,LINEAR_COMBINATION,LINEAR_COMBINATION,LINEAR_COMBINATION,True,LINEAR_COMBINATION,LINEAR_COMBINATION,14,0.0,False
5,2,0.0,8580550a69b2fe050521725562069aa0b5477b733e32cb332129b0b1d7442f49,88643b52addd1646ee5aa56c23f60713bd41c057d5543538f05c58e6a48c2b6e,a644769807678d60ba684d1b2b477856b26f515bb28a081f428f1b46f3bc5cd7,0.0,True,CORAL,LINEAR_COMBINATION,LINEAR_COMBINATION,LINEAR_COMBINATION,u002,LINEAR_COMBINATION,LINEAR_COMBINATION,LINEAR_COMBINATION,LINEAR_COMBINATION,True,LINEAR_COMBINATION,LINEAR_COMBINATION,14,0.0,False
20,2,0.0,8580550a69b2fe050521725562069aa0b5477b733e32cb332129b0b1d7442f49,9aaf577a1dd976b395da70f992346fcd81ac30c9e356a32b9d54ed12f9d1f839,c66d0ace41fbf938d131c6aa79da26bb3fdd3ecbd0a385fa0b538c6706968456,0.0,True,CORAL,LINEAR_COMBINATION,LINEAR_COMBINATION,LINEAR_COMBINATION,u002,LINEAR_COMBINATION,LINEAR_COMBINATION,LINEAR_COMBINATION,LINEAR_COMBINATION,True,LINEAR_COMBINATION,LINEAR_COMBINATION,14,0.0,False
1,3,2.2919535636901855,8580550a69b2fe050521725562069aa0b5477b733e32cb332129b0b1d7442f49,f23e17bcdb9ec1b2eab49751b1d332029748a3d4bd487c2dedd05521d4d629a6,7dcdc87ec1e3996b5ae5e6f6a073ec52ef179595df221ff938028222e3c151cb,5.655611515045166,True,CORAL,8580550a69b2fe050521725562069aa0b5477b733e32cb332129b0b1d7442f49,5464589da17e1576b73a02065f892d30c97ad06c875c047eecf6cd96b99a9e1c,1838b5a0954abef8aa771d91ed02879a2d0e21a9148f6c78198c8dbcf60d78d7,u003,8580550a69b2fe050521725562069aa0b5477b733e32cb332129b0b1d7442f49,b7eb54a4dc27357f3afa534e48df4f82e96b6f264c342a8b034c808a038a1cd5,8002abcf4ee0b719f84486cf31b4ccf7ecd2854a95b656759a24394e6ad990de,8580550a69b2fe050521725562069aa0b5477b733e32cb332129b0b1d7442f49,True,b7eb54a4dc27357f3afa534e48df4f82e96b6f264c342a8b034c808a038a1cd5,8002abcf4ee0b719f84486cf31b4ccf7ecd2854a95b656759a24394e6ad990de,14,3.1873323917388916,False
5,3,19.86464500427246,8580550a69b2fe050521725562069aa0b5477b733e32cb332129b0b1d7442f49,88643b52addd1646ee5aa56c23f60713bd41c057d5543538f05c58e6a48c2b6e,a644769807678d60ba684d1b2b477856b26f515bb28a081f428f1b46f3bc5cd7,48.78770446777344,True,CORAL,8580550a69b2fe050521725562069aa0b5477b733e32cb332129b0b1d7442f49,57d6ae2fe674c3d66aba6c48a7f77c4a6a0adaa7d222dc0a333c4a613330f1bb,a61c5f3f84becbf2c283287f27b543856f881db11c1001c96d7816035e080227,u003,8580550a69b2fe050521725562069aa0b5477b733e32cb332129b0b1d7442f49,9b0d5e1d2079a2aece89281c9d62907d00a09636dbd69e86bc1e6ffbb25063af,151e7b0e00604915a076d3d0d15f0035055574cbf8db19ac0ce590ce8ab0ee35,8580550a69b2fe050521725562069aa0b5477b733e32cb332129b0b1d7442f49,True,9b0d5e1d2079a2aece89281c9d62907d00a09636dbd69e86bc1e6ffbb25063af,151e7b0e00604915a076d3d0d15f0035055574cbf8db19ac0ce590ce8ab0ee35,14,23.4444580078125,False
20,3,77.10479736328125,8580550a69b2fe050521725562069aa0b5477b733e32cb332129b0b1d7442f49,9aaf577a1dd976b395da70f992346fcd81ac30c9e356a32b9d54ed12f9d1f839,c66d0ace41fbf938d131c6aa79da26bb3fdd3ecbd0a385fa0b538c6706968456,122.51087951660156,True,CORAL,8580550a69b2fe050521725562069aa0b5477b733e32cb332129b0b1d7442f49,9466ffaff2765c15db512346b07d769ace4bd898faec5ee15d2674e11e0ef78c,83d097441997c90ac1926288b8c8a6cc92fa058dfdb379d88c030f4b9490e3dd,u003,8580550a69b2fe050521725562069aa0b5477b733e32cb332129b0b1d7442f49,7f2df91ef80a494d9fb21619dd7bf53369ec2c20c7ed16df07f95d3638fd82f4,0eddbcb687501f0294a725bae00eeead4aa148d89854c2aebdb6e478a0ccdff3,8580550a69b2fe050521725562069aa0b5477b733e32cb332129b0b1d7442f49,True,7f2df91ef80a494d9fb21619dd7bf53369ec2c20c7ed16df07f95d3638fd82f4,0eddbcb687501f0294a725bae00eeead4aa148d89854c2aebdb6e478a0ccdff3,14,92.84660339355469,False
1,4,0.0,8580550a69b2fe050521725562069aa0b5477b733e32cb332129b0b1d7442f49,f23e17bcdb9ec1b2eab49751b1d332029748a3d4bd487c2dedd05521d4d629a6,7dcdc87ec1e3996b5ae5e6f6a073ec52ef179595df221ff938028222e3c151cb,0.0,True,CORAL,LINEAR_COMBINATION,LINEAR_COMBINATION,LINEAR_COMBINATION,u004,LINEAR_COMBINATION,LINEAR_COMBINATION,LINEAR_COMBINATION,LINEAR_COMBINATION,True,LINEAR_COMBINATION,LINEAR_COMBINATION,14,0.0,False
5,4,0.0,8580550a69b2fe050521725562069aa0b5477b733e32cb332129b0b1d7442f49,88643b52addd1646ee5aa56c23f60713bd41c057d5543538f05c58e6a48c2b6e,a644769807678d60ba684d1b2b477856b26f515bb28a081f428f1b46f3bc5cd7,0.0,True,CORAL,LINEAR_COMBINATION,LINEAR_COMBINATION,LINEAR_COMBINATION,u004,LINEAR_COMBINATION,LINEAR_COMBINATION,LINEAR_COMBINATION,LINEAR_COMBINATION,True,LINEAR_COMBINATION,LINEAR_COMBINATION,14,0.0,False
20,4,0.0,8580550a69b2fe050521725562069aa0b5477b733e32cb332129b0b1d7442f49,9aaf577a1dd976b395da70f992346fcd81ac30c9e356a32b9d54ed12f9d1f839,c66d0ace41fbf938d131c6aa79da26bb3fdd3ecbd0a385fa0b538c6706968456,0.0,True,CORAL,LINEAR_COMBINATION,LINEAR_COMBINATION,LINEAR_COMBINATION,u004,LINEAR_COMBINATION,LINEAR_COMBINATION,LINEAR_COMBINATION,LINEAR_COMBINATION,True,LINEAR_COMBINATION,LINEAR_COMBINATION,14,0.0,False
1,-1,4.361982822418213,8580550a69b2fe050521725562069aa0b5477b733e32cb332129b0b1d7442f49,f23e17bcdb9ec1b2eab49751b1d332029748a3d4bd487c2dedd05521d4d629a6,7dcdc87ec1e3996b5ae5e6f6a073ec52ef179595df221ff938028222e3c151cb,24.389415740966797,True,CORAL,LINEAR_COMBINATION,LINEAR_COMBINATION,LINEAR_COMBINATION,u005,LINEAR_COMBINATION,LINEAR_COMBINATION,LINEAR_COMBINATION,LINEAR_COMBINATION,True,LINEAR_COMBINATION,LINEAR_COMBINATION,14,18.254961013793945,False
5,-1,23.619585037231445,8580550a69b2fe050521725562069aa0b5477b733e32cb332129b0b1d7442f49,88643b52addd1646ee5aa56c23f60713bd41c057d5543538f05c58e6a48c2b6e,a644769807678d60ba684d1b2b477856b26f515bb28a081f428f1b46f3bc5cd7,212.6068572998047,True,CORAL,LINEAR_COMBINATION,LINEAR_COMBINATION,LINEAR_COMBINATION,u005,LINEAR_COMBINATION,LINEAR_COMBINATION,LINEAR_COMBINATION,LINEAR_COMBINATION,True,LINEAR_COMBINATION,LINEAR_COMBINATION,14,157.84608459472656,False
20,-1,35.222320556640625,8580550a69b2fe050521725562069aa0b5477b733e32cb332129b0b1d7442f49,9aaf577a1dd976b395da70f992346fcd81ac30c9e356a32b9d54ed12f9d1f839,c66d0ace41fbf938d131c6aa79da26bb3fdd3ecbd0a385fa0b538c6706968456,157.27256774902344,True,CORAL,LINEAR_COMBINATION,LINEAR_COMBINATION,LINEAR_COMBINATION,u005,LINEAR_COMBINATION,LINEAR_COMBINATION,LINEAR_COMBINATION,LINEAR_COMBINATION,True,LINEAR_COMBINATION,LINEAR_COMBINATION,14,112.14362335205078,False
1,-1,0.25449612736701965,8580550a69b2fe050521725562069aa0b5477b733e32cb332129b0b1d7442f49,f23e17bcdb9ec1b2eab49751b1d332029748a3d4bd487c2dedd05521d4d629a6,7dcdc87ec1e3996b5ae5e6f6a073ec52ef179595df221ff938028222e3c151cb,0.4680211842060089,True,CORAL,LINEAR_COMBINATION,LINEAR_COMBINATION,LINEAR_COMBINATION,u006,LINEAR_COMBINATION,LINEAR_COMBINATION,LINEAR_COMBINATION,LINEAR_COMBINATION,True,LINEAR_COMBINATION,LINEAR_COMBINATION,14,0.33846887946128845,False
5,-1,0.923766553401947,8580550a69b2fe050521725562069aa0b5477b733e32cb332129b0b1d7442f49,88643b52addd1646ee5aa56c23f60713bd41c057d5543538f05c58e6a48c2b6e,a644769807678d60ba684d1b2b477856b26f515bb28a081f428f1b46f3bc5cd7,2.8792917728424072,True,CORAL,LINEAR_COMBINATION,LINEAR_COMBINATION,LINEAR_COMBINATION,u006,LINEAR_COMBINATION,LINEAR_COMBINATION,LINEAR_COMBINATION,LINEAR_COMBINATION,True,LINEAR_COMBINATION,LINEAR_COMBINATION,14,1.6968411207199097,False
20,-1,4.345896244049072,8580550a69b2fe050521725562069aa0b5477b733e32cb332129b0b1d7442f49,9aaf577a1dd976b395da70f992346fcd81ac30c9e356a32b9d54ed12f9d1f839,c66d0ace41fbf938d131c6aa79da26bb3fdd3ecbd0a385fa0b538c6706968456,5.90184211730957,True,CORAL,LINEAR_COMBINATION,LINEAR_COMBINATION,LINEAR_COMBINATION,u006,LINEAR_COMBINATION,LINEAR_COMBINATION,LINEAR_COMBINATION,LINEAR_COMBINATION,True,LINEAR_COMBINATION,LINEAR_COMBINATION,14,4.04046630859375,False
1,-1,3.08438777923584,8580550a69b2fe050521725562069aa0b5477b733e32cb332129b0b1d7442f49,f23e17bcdb9ec1b2eab49751b1d332029748a3d4bd487c2dedd05521d4d629a6,7dcdc87ec1e3996b5ae5e6f6a073ec52ef179595df221ff938028222e3c151cb,17.245922088623047,True,CORAL,LINEAR_COMBINATION,LINEAR_COMBINATION,LINEAR_COMBINATION,u007,LINEAR_COMBINATION,LINEAR_COMBINATION,LINEAR_COMBINATION,LINEAR_COMBINATION,True,LINEAR_COMBINATION,LINEAR_COMBINATION,14,12.908206939697266,False
5,-1,16.701568603515625,8580550a69b2fe050521725562069aa0b5477b733e32cb332129b0b1d7442f49,88643b52addd1646ee5aa56c23f60713bd41c057d5543538f05c58e6a48c2b6e,a644769807678d60ba684d1b2b477856b26f515bb28a081f428f1b46f3bc5cd7,150.33575439453125,True,CORAL,LINEAR_COMBINATION,LINEAR_COMBINATION,LINEAR_COMBINATION,u007,LINEAR_COMBINATION,LINEAR_COMBINATION,LINEAR_COMBINATION,LINEAR_COMBINATION,True,LINEAR_COMBINATION,LINEAR_COMBINATION,14,111.6140365600586,False
20,-1,24.905941009521484,8580550a69b2fe050521725562069aa0b5477b733e32cb332129b0b1d7442f49,9aaf577a1dd976b395da70f992346fcd81ac30c9e356a32b9d54ed12f9d1f839,c66d0ace41fbf938d131c6aa79da26bb3fdd3ecbd0a385fa0b538c6706968456,111.20850372314453,True,CORAL,LINEAR_COMBINATION,LINEAR_COMBINATION,LINEAR_COMBINATION,u007,LINEAR_COMBINATION,LINEAR_COMBINATION,LINEAR_COMBINATION,LINEAR_COMBINATION,True,LINEAR_COMBINATION,LINEAR_COMBINATION,14,79.29751586914062,False
1,-1,3.08438777923584,8580550a69b2fe050521725562069aa0b5477b733e32cb332129b0b1d7442f49,f23e17bcdb9ec1b2eab49751b1d332029748a3d4bd487c2dedd05521d4d629a6,7dcdc87ec1e3996b5ae5e6f6a073ec52ef179595df221ff938028222e3c151cb,17.245922088623047,True,CORAL,LINEAR_COMBINATION,LINEAR_COMBINATION,LINEAR_COMBINATION,u008,LINEAR_COMBINATION,LINEAR_COMBINATION,LINEAR_COMBINATION,LINEAR_COMBINATION,True,LINEAR_COMBINATION,LINEAR_COMBINATION,14,12.908206939697266,False
5,-1,16.701568603515625,8580550a69b2fe050521725562069aa0b5477b733e32cb332129b0b1d7442f49,88643b52addd1646ee5aa56c23f60713bd41c057d5543538f05c58e6a48c2b6e,a644769807678d60ba684d1b2b477856b26f515bb28a081f428f1b46f3bc5cd7,150.33575439453125,True,CORAL,LINEAR_COMBINATION,LINEAR_COMBINATION,LINEAR_COMBINATION,u008,LINEAR_COMBINATION,LINEAR_COMBINATION,LINEAR_COMBINATION,LINEAR_COMBINATION,True,LINEAR_COMBINATION,LINEAR_COMBINATION,14,111.6140365600586,False
20,-1,24.905941009521484,8580550a69b2fe050521725562069aa0b5477b733e32cb332129b0b1d7442f49,9aaf577a1dd976b395da70f992346fcd81ac30c9e356a32b9d54ed12f9d1f839,c66d0ace41fbf938d131c6aa79da26bb3fdd3ecbd0a385fa0b538c6706968456,111.20850372314453,True,CORAL,LINEAR_COMBINATION,LINEAR_COMBINATION,LINEAR_COMBINATION,u008,LINEAR_COMBINATION,LINEAR_COMBINATION,LINEAR_COMBINATION,LINEAR_COMBINATION,True,LINEAR_COMBINATION,LINEAR_COMBINATION,14,79.29751586914062,False
1,-1,1.62065589427948,8580550a69b2fe050521725562069aa0b5477b733e32cb332129b0b1d7442f49,f23e17bcdb9ec1b2eab49751b1d332029748a3d4bd487c2dedd05521d4d629a6,7dcdc87ec1e3996b5ae5e6f6a073ec52ef179595df221ff938028222e3c151cb,3.9991214275360107,True,CORAL,LINEAR_COMBINATION,LINEAR_COMBINATION,LINEAR_COMBINATION,u009,LINEAR_COMBINATION,LINEAR_COMBINATION,LINEAR_COMBINATION,LINEAR_COMBINATION,True,LINEAR_COMBINATION,LINEAR_COMBINATION,14,2.2537841796875,False
5,-1,14.04642391204834,8580550a69b2fe050521725562069aa0b5477b733e32cb332129b0b1d7442f49,88643b52addd1646ee5aa56c23f60713bd41c057d5543538f05c58e6a48c2b6e,a644769807678d60ba684d1b2b477856b26f515bb28a081f428f1b46f3bc5cd7,34.49811553955078,True,CORAL,LINEAR_COMBINATION,LINEAR_COMBINATION,LINEAR_COMBINATION,u009,LINEAR_COMBINATION,LINEAR_COMBINATION,LINEAR_COMBINATION,LINEAR_COMBINATION,True,LINEAR_COMBINATION,LINEAR_COMBINATION,14,16.577733993530273,False
20,-1,54.521324157714844,8580550a69b2fe050521725562069aa0b5477b733e32cb332129b0b1d7442f49,9aaf577a1dd976b395da70f992346fcd81ac30c9e356a32b9d54ed12f9d1f839,c66d0ace41fbf938d131c6aa79da26bb3fdd3ecbd0a385fa0b538c6706968456,86.6282730102539,True,CORAL,LINEAR_COMBINATION,LINEAR_COMBINATION,LINEAR_COMBINATION,u009,LINEAR_COMBINATION,LINEAR_COMBINATION,LINEAR_COMBINATION,LINEAR_COMBINATION,True,LINEAR_COMBINATION,LINEAR_COMBINATION,14,65.6524658203125,False
1,-1,1.62065589427948,8580550a69b2fe050521725562069aa0b5477b733e32cb332129b0b1d7442f49,f23e17bcdb9ec1b2eab49751b1d332029748a3d4bd487c2dedd05521d4d629a6,7dcdc87ec1e3996b5ae5e6f6a073ec52ef179595df221ff938028222e3c151cb,3.9991214275360107,True,CORAL,LINEAR_COMBINATION,LINEAR_COMBINATION,LINEAR_COMBINATION,u010,LINEAR_COMBINATION,LINEAR_COMBINATION,LINEAR_COMBINATION,LINEAR_COMBINATION,True,LINEAR_COMBINATION,LINEAR_COMBINATION,14,2.2537841796875,False
5,-1,14.04642391204834,8580550a69b2fe050521725562069aa0b5477b733e32cb332129b0b1d7442f49,88643b52addd1646ee5aa56c23f60713bd41c057d5543538f05c58e6a48c2b6e,a644769807678d60ba684d1b2b477856b26f515bb28a081f428f1b46f3bc5cd7,34.49811553955078,True,CORAL,LINEAR_COMBINATION,LINEAR_COMBINATION,LINEAR_COMBINATION,u010,LINEAR_COMBINATION,LINEAR_COMBINATION,LINEAR_COMBINATION,LINEAR_COMBINATION,True,LINEAR_COMBINATION,LINEAR_COMBINATION,14,16.577733993530273,False
20,-1,54.521324157714844,8580550a69b2fe050521725562069aa0b5477b733e32cb332129b0b1d7442f49,9aaf577a1dd976b395da70f992346fcd81ac30c9e356a32b9d54ed12f9d1f839,c66d0ace41fbf938d131c6aa79da26bb3fdd3ecbd0a385fa0b538c6706968456,86.6282730102539,True,CORAL,LINEAR_COMBINATION,LINEAR_COMBINATION,LINEAR_COMBINATION,u010,LINEAR_COMBINATION,LINEAR_COMBINATION,LINEAR_COMBINATION,LINEAR_COMBINATION,True,LINEAR_COMBINATION,LINEAR_COMBINATION,14,65.6524658203125,False
1,0,0.02343609556555748,9028de6a99b4a374e6374a91b4ec23516eae70dde14c55543e3c52bbc9628df1,a61c713abcd5a9d006809c388c974a7dfcc565fddce1d69fad624d223ef0846b,84e5215f80bab87b9ddcaeda6d977f52f958dadd01ea21c43ce076731618a3be,0.2362460196018219,True,FISHR,9028de6a99b4a374e6374a91b4ec23516eae70dde14c55543e3c52bbc9628df1,17be012c11399d0236cc0e0fd5c39a2d0c7681b3440d941a59a52e477ca5bc8f,2b1ed06956acea26f1940a74eb37bef142cff0b7891ddc0ebc7eb59bb55a8765,u000,9028de6a99b4a374e6374a91b4ec23516eae70dde14c55543e3c52bbc9628df1,662125265d779c035eaec1e86a0d6768d47e1f0aafe5bddd7ef4326f233aa69b,ee7f087849a36edb4f70b0e313e3b965e6c53ac8953eff877c0e7cbcb6d1676e,9028de6a99b4a374e6374a91b4ec23516eae70dde14c55543e3c52bbc9628df1,True,662125265d779c035eaec1e86a0d6768d47e1f0aafe5bddd7ef4326f233aa69b,ee7f087849a36edb4f70b0e313e3b965e6c53ac8953eff877c0e7cbcb6d1676e,14,0.19120769202709198,False
5,0,0.24237540364265442,9028de6a99b4a374e6374a91b4ec23516eae70dde14c55543e3c52bbc9628df1,606a204722130b2ca98539d2d0eb52c13f3ab177bb509f299934ebb6d3533ba8,0e2bd4a15b919b3bf6bf19435a48fba5fbead887003bf8bad6fb1c3a1af104e0,2.554393768310547,True,FISHR,9028de6a99b4a374e6374a91b4ec23516eae70dde14c55543e3c52bbc9628df1,7c9dddb18ca0b8cb7c3c8db7cf1d732df4c2f1b0365cb5f8d159fdac5061a187,f86b35b948391f8fad1e3a382b4e23610dd3d0bf697e2667ecc34f2914078422,u000,9028de6a99b4a374e6374a91b4ec23516eae70dde14c55543e3c52bbc9628df1,824a22e157c70bb1b2d5b14d7e3a1c9fa85002291463505f947844b8067764d7,952f595b44e9a979f3766c3e5938e20b95fbf46275d15aa1b436a4f86b73c852,9028de6a99b4a374e6374a91b4ec23516eae70dde14c55543e3c52bbc9628df1,True,824a22e157c70bb1b2d5b14d7e3a1c9fa85002291463505f947844b8067764d7,952f595b44e9a979f3766c3e5938e20b95fbf46275d15aa1b436a4f86b73c852,14,2.0547564029693604,False
20,0,1.50067937374115,9028de6a99b4a374e6374a91b4ec23516eae70dde14c55543e3c52bbc9628df1,2f9854cc69a9523930df0e607545eb849325fad9046bdb235b9fd2ddc5f0acfa,94087ce7e581e3cf546c1cd86b6f22f16175e40968e1c2e6bd5402b219b0c4dc,16.40140724182129,True,FISHR,9028de6a99b4a374e6374a91b4ec23516eae70dde14c55543e3c52bbc9628df1,42beb493cd3f76f81efcb2018be9e633b25030c8b47733aa7a45abf51de219cc,4bd7e68bffd89934c17e2d79fba2825898e2e4d2b1d53c8b42c8c24710067ed2,u000,9028de6a99b4a374e6374a91b4ec23516eae70dde14c55543e3c52bbc9628df1,ca81280ce3f4aa173d755325a2798452080c080234ffd1e0f7658d88fdd60efd,355a734ceadf0a105dffa1b6d6a718a1d8593e477b51c1032419145bcdf54ec3,9028de6a99b4a374e6374a91b4ec23516eae70dde14c55543e3c52bbc9628df1,True,ca81280ce3f4aa173d755325a2798452080c080234ffd1e0f7658d88fdd60efd,355a734ceadf0a105dffa1b6d6a718a1d8593e477b51c1032419145bcdf54ec3,14,13.389019966125488,False
1,1,0.02035134844481945,9028de6a99b4a374e6374a91b4ec23516eae70dde14c55543e3c52bbc9628df1,a61c713abcd5a9d006809c388c974a7dfcc565fddce1d69fad624d223ef0846b,84e5215f80bab87b9ddcaeda6d977f52f958dadd01ea21c43ce076731618a3be,0.19993406534194946,True,FISHR,9028de6a99b4a374e6374a91b4ec23516eae70dde14c55543e3c52bbc9628df1,0cd7bedc0df56255068717d3650b4a0e67158d32d469126bc4276755cec0a1dc,6e4606a3405f0bd3ee6aa9505f53118552fafe5e25d21aaab7b7345adc9543e0,u001,9028de6a99b4a374e6374a91b4ec23516eae70dde14c55543e3c52bbc9628df1,ff5afe327074c467fbe2d49c0e3c79bfcfee1f8b4f49d24d609bc5dbcd3dac5c,807bdbca7b41c5efadee159465c55c42bb25a1314af81b356059f742236af3ed,9028de6a99b4a374e6374a91b4ec23516eae70dde14c55543e3c52bbc9628df1,True,ff5afe327074c467fbe2d49c0e3c79bfcfee1f8b4f49d24d609bc5dbcd3dac5c,807bdbca7b41c5efadee159465c55c42bb25a1314af81b356059f742236af3ed,14,0.16138595342636108,False
5,1,0.2000390589237213,9028de6a99b4a374e6374a91b4ec23516eae70dde14c55543e3c52bbc9628df1,606a204722130b2ca98539d2d0eb52c13f3ab177bb509f299934ebb6d3533ba8,0e2bd4a15b919b3bf6bf19435a48fba5fbead887003bf8bad6fb1c3a1af104e0,2.0869383811950684,True,FISHR,9028de6a99b4a374e6374a91b4ec23516eae70dde14c55543e3c52bbc9628df1,e6a864952626b8b3a5c71f5486040afd3a29ce209e4fc0e1de0b76a967038fca,f257af7c7bdc1803c0c1e4aa65ae12cacc1dd8a6e6cba9b14cc811318551e082,u001,9028de6a99b4a374e6374a91b4ec23516eae70dde14c55543e3c52bbc9628df1,74882922012c0d144389c3d05ae6c3128f091a057019d78a68a711bab6ee43f1,475170166fbd0f55af12fb7e5f8f8c12ffff4e80a73dd79f049c476ed172b142,9028de6a99b4a374e6374a91b4ec23516eae70dde14c55543e3c52bbc9628df1,True,74882922012c0d144389c3d05ae6c3128f091a057019d78a68a711bab6ee43f1,475170166fbd0f55af12fb7e5f8f8c12ffff4e80a73dd79f049c476ed172b142,14,1.6733601093292236,False
20,1,1.3180184364318848,9028de6a99b4a374e6374a91b4ec23516eae70dde14c55543e3c52bbc9628df1,2f9854cc69a9523930df0e607545eb849325fad9046bdb235b9fd2ddc5f0acfa,94087ce7e581e3cf546c1cd86b6f22f16175e40968e1c2e6bd5402b219b0c4dc,14.390690803527832,True,FISHR,9028de6a99b4a374e6374a91b4ec23516eae70dde14c55543e3c52bbc9628df1,01cd3efd46e7b27f0f76275712f7c00ce84214a8957a0f5f5a2b01ac311587be,46a98b4b24b28fd638517f30556e0d7319e79ec60b9fa5e247ec688d4a61b418,u001,9028de6a99b4a374e6374a91b4ec23516eae70dde14c55543e3c52bbc9628df1,d3cc775a4983a542fd5d1afdfb99e80502c22f1fcd9bf2ac025312ab41dcc482,16fb7fa90265fe0fa2c4e1da09a8c5f385e8efa29ff3915e8f8d99c89e86bf0c,9028de6a99b4a374e6374a91b4ec23516eae70dde14c55543e3c52bbc9628df1,True,d3cc775a4983a542fd5d1afdfb99e80502c22f1fcd9bf2ac025312ab41dcc482,16fb7fa90265fe0fa2c4e1da09a8c5f385e8efa29ff3915e8f8d99c89e86bf0c,14,11.74167537689209,False
1,2,0.0,9028de6a99b4a374e6374a91b4ec23516eae70dde14c55543e3c52bbc9628df1,a61c713abcd5a9d006809c388c974a7dfcc565fddce1d69fad624d223ef0846b,84e5215f80bab87b9ddcaeda6d977f52f958dadd01ea21c43ce076731618a3be,0.0,True,FISHR,LINEAR_COMBINATION,LINEAR_COMBINATION,LINEAR_COMBINATION,u002,LINEAR_COMBINATION,LINEAR_COMBINATION,LINEAR_COMBINATION,LINEAR_COMBINATION,True,LINEAR_COMBINATION,LINEAR_COMBINATION,14,0.0,False
5,2,0.0,9028de6a99b4a374e6374a91b4ec23516eae70dde14c55543e3c52bbc9628df1,606a204722130b2ca98539d2d0eb52c13f3ab177bb509f299934ebb6d3533ba8,0e2bd4a15b919b3bf6bf19435a48fba5fbead887003bf8bad6fb1c3a1af104e0,0.0,True,FISHR,LINEAR_COMBINATION,LINEAR_COMBINATION,LINEAR_COMBINATION,u002,LINEAR_COMBINATION,LINEAR_COMBINATION,LINEAR_COMBINATION,LINEAR_COMBINATION,True,LINEAR_COMBINATION,LINEAR_COMBINATION,14,0.0,False
20,2,0.0,9028de6a99b4a374e6374a91b4ec23516eae70dde14c55543e3c52bbc9628df1,2f9854cc69a9523930df0e607545eb849325fad9046bdb235b9fd2ddc5f0acfa,94087ce7e581e3cf546c1cd86b6f22f16175e40968e1c2e6bd5402b219b0c4dc,0.0,True,FISHR,LINEAR_COMBINATION,LINEAR_COMBINATION,LINEAR_COMBINATION,u002,LINEAR_COMBINATION,LINEAR_COMBINATION,LINEAR_COMBINATION,LINEAR_COMBINATION,True,LINEAR_COMBINATION,LINEAR_COMBINATION,14,0.0,False
1,3,0.0062375664710998535,9028de6a99b4a374e6374a91b4ec23516eae70dde14c55543e3c52bbc9628df1,a61c713abcd5a9d006809c388c974a7dfcc565fddce1d69fad624d223ef0846b,84e5215f80bab87b9ddcaeda6d977f52f958dadd01ea21c43ce076731618a3be,0.017705651000142097,True,FISHR,9028de6a99b4a374e6374a91b4ec23516eae70dde14c55543e3c52bbc9628df1,fc5df73a7922083dd35772eca10997af1419dd9151b54746e6cee4e67ff0366c,9e48e2294faab271a5b2b155b31d636689389ea31e2ca86f8d8a9022dda5a287,u003,9028de6a99b4a374e6374a91b4ec23516eae70dde14c55543e3c52bbc9628df1,1deb05be58ebd7bbb900e97da98d084602f563a2eabfb4ecf076f7e1a2fe5ded,c50dd876e579aee5d1c92daa4bd22f3d2cead0875413a4b0e74688938aa97099,9028de6a99b4a374e6374a91b4ec23516eae70dde14c55543e3c52bbc9628df1,True,1deb05be58ebd7bbb900e97da98d084602f563a2eabfb4ecf076f7e1a2fe5ded,c50dd876e579aee5d1c92daa4bd22f3d2cead0875413a4b0e74688938aa97099,14,0.009278473444283009,False
5,3,0.05534230172634125,9028de6a99b4a374e6374a91b4ec23516eae70dde14c55543e3c52bbc9628df1,606a204722130b2ca98539d2d0eb52c13f3ab177bb509f299934ebb6d3533ba8,0e2bd4a15b919b3bf6bf19435a48fba5fbead887003bf8bad6fb1c3a1af104e0,0.1812598705291748,True,FISHR,9028de6a99b4a374e6374a91b4ec23516eae70dde14c55543e3c52bbc9628df1,6d23ab6dc5d5e3e43616500c41e23b4be925213bb897da52acdd66d98baabc64,4286cc5fd0e39d358cc3032368406d25c39789e9977e54687af366e7478882f0,u003,9028de6a99b4a374e6374a91b4ec23516eae70dde14c55543e3c52bbc9628df1,9672329fd4a740ca73076c98d01b1a7bf408d10a871da4a920ac4338c8b536f3,81dfefbc7aabfe9a4848ba18412c9e09831ae299817860d3e3453b3296f4e8f2,9028de6a99b4a374e6374a91b4ec23516eae70dde14c55543e3c52bbc9628df1,True,9672329fd4a740ca73076c98d01b1a7bf408d10a871da4a920ac4338c8b536f3,81dfefbc7aabfe9a4848ba18412c9e09831ae299817860d3e3453b3296f4e8f2,14,0.16564078629016876,False
20,3,0.30803972482681274,9028de6a99b4a374e6374a91b4ec23516eae70dde14c55543e3c52bbc9628df1,2f9854cc69a9523930df0e607545eb849325fad9046bdb235b9fd2ddc5f0acfa,94087ce7e581e3cf546c1cd86b6f22f16175e40968e1c2e6bd5402b219b0c4dc,0.765285313129425,True,FISHR,9028de6a99b4a374e6374a91b4ec23516eae70dde14c55543e3c52bbc9628df1,094e4915a98cc748793e1a64ce0d04dc19a658f5fc08b502de42572e5b9a448e,8c50d0156c6a23cfe9804a1d0437ad6c5eef73072960201fe39a75d49da8648d,u003,9028de6a99b4a374e6374a91b4ec23516eae70dde14c55543e3c52bbc9628df1,42bc1c1511efa647385559b88a5007ccddc317efbbe8227a93b5677e01fa733e,69a9f207a834171855f7734ccf5c42f097ad4b74986e6df3a72217d7a1eb3b96,9028de6a99b4a374e6374a91b4ec23516eae70dde14c55543e3c52bbc9628df1,True,42bc1c1511efa647385559b88a5007ccddc317efbbe8227a93b5677e01fa733e,69a9f207a834171855f7734ccf5c42f097ad4b74986e6df3a72217d7a1eb3b96,14,0.539494514465332,False
1,4,0.0,9028de6a99b4a374e6374a91b4ec23516eae70dde14c55543e3c52bbc9628df1,a61c713abcd5a9d006809c388c974a7dfcc565fddce1d69fad624d223ef0846b,84e5215f80bab87b9ddcaeda6d977f52f958dadd01ea21c43ce076731618a3be,0.0,True,FISHR,LINEAR_COMBINATION,LINEAR_COMBINATION,LINEAR_COMBINATION,u004,LINEAR_COMBINATION,LINEAR_COMBINATION,LINEAR_COMBINATION,LINEAR_COMBINATION,True,LINEAR_COMBINATION,LINEAR_COMBINATION,14,0.0,False
5,4,0.0,9028de6a99b4a374e6374a91b4ec23516eae70dde14c55543e3c52bbc9628df1,606a204722130b2ca98539d2d0eb52c13f3ab177bb509f299934ebb6d3533ba8,0e2bd4a15b919b3bf6bf19435a48fba5fbead887003bf8bad6fb1c3a1af104e0,0.0,True,FISHR,LINEAR_COMBINATION,LINEAR_COMBINATION,LINEAR_COMBINATION,u004,LINEAR_COMBINATION,LINEAR_COMBINATION,LINEAR_COMBINATION,LINEAR_COMBINATION,True,LINEAR_COMBINATION,LINEAR_COMBINATION,14,0.0,False
20,4,0.0,9028de6a99b4a374e6374a91b4ec23516eae70dde14c55543e3c52bbc9628df1,2f9854cc69a9523930df0e607545eb849325fad9046bdb235b9fd2ddc5f0acfa,94087ce7e581e3cf546c1cd86b6f22f16175e40968e1c2e6bd5402b219b0c4dc,0.0,True,FISHR,LINEAR_COMBINATION,LINEAR_COMBINATION,LINEAR_COMBINATION,u004,LINEAR_COMBINATION,LINEAR_COMBINATION,LINEAR_COMBINATION,LINEAR_COMBINATION,True,LINEAR_COMBINATION,LINEAR_COMBINATION,14,0.0,False
1,-1,0.002583729103207588,9028de6a99b4a374e6374a91b4ec23516eae70dde14c55543e3c52bbc9628df1,a61c713abcd5a9d006809c388c974a7dfcc565fddce1d69fad624d223ef0846b,84e5215f80bab87b9ddcaeda6d977f52f958dadd01ea21c43ce076731618a3be,0.02594977430999279,True,FISHR,LINEAR_COMBINATION,LINEAR_COMBINATION,LINEAR_COMBINATION,u005,LINEAR_COMBINATION,LINEAR_COMBINATION,LINEAR_COMBINATION,LINEAR_COMBINATION,True,LINEAR_COMBINATION,LINEAR_COMBINATION,14,0.02134868875145912,False
5,-1,0.03154018148779869,9028de6a99b4a374e6374a91b4ec23516eae70dde14c55543e3c52bbc9628df1,606a204722130b2ca98539d2d0eb52c13f3ab177bb509f299934ebb6d3533ba8,0e2bd4a15b919b3bf6bf19435a48fba5fbead887003bf8bad6fb1c3a1af104e0,0.33130374550819397,True,FISHR,LINEAR_COMBINATION,LINEAR_COMBINATION,LINEAR_COMBINATION,u005,LINEAR_COMBINATION,LINEAR_COMBINATION,LINEAR_COMBINATION,LINEAR_COMBINATION,True,LINEAR_COMBINATION,LINEAR_COMBINATION,14,0.2702731788158417,False
20,-1,0.19074130058288574,9028de6a99b4a374e6374a91b4ec23516eae70dde14c55543e3c52bbc9628df1,2f9854cc69a9523930df0e607545eb849325fad9046bdb235b9fd2ddc5f0acfa,94087ce7e581e3cf546c1cd86b6f22f16175e40968e1c2e6bd5402b219b0c4dc,1.4400603771209717,True,FISHR,LINEAR_COMBINATION,LINEAR_COMBINATION,LINEAR_COMBINATION,u005,LINEAR_COMBINATION,LINEAR_COMBINATION,LINEAR_COMBINATION,LINEAR_COMBINATION,True,LINEAR_COMBINATION,LINEAR_COMBINATION,14,1.1824623346328735,False
1,-1,0.030931413173675537,9028de6a99b4a374e6374a91b4ec23516eae70dde14c55543e3c52bbc9628df1,a61c713abcd5a9d006809c388c974a7dfcc565fddce1d69fad624d223ef0846b,84e5215f80bab87b9ddcaeda6d977f52f958dadd01ea21c43ce076731618a3be,0.308402955532074,True,FISHR,LINEAR_COMBINATION,LINEAR_COMBINATION,LINEAR_COMBINATION,u006,LINEAR_COMBINATION,LINEAR_COMBINATION,LINEAR_COMBINATION,LINEAR_COMBINATION,True,LINEAR_COMBINATION,LINEAR_COMBINATION,14,0.2492990791797638,False
5,-1,0.3126766085624695,9028de6a99b4a374e6374a91b4ec23516eae70dde14c55543e3c52bbc9628df1,606a204722130b2ca98539d2d0eb52c13f3ab177bb509f299934ebb6d3533ba8,0e2bd4a15b919b3bf6bf19435a48fba5fbead887003bf8bad6fb1c3a1af104e0,3.2818403244018555,True,FISHR,LINEAR_COMBINATION,LINEAR_COMBINATION,LINEAR_COMBINATION,u006,LINEAR_COMBINATION,LINEAR_COMBINATION,LINEAR_COMBINATION,LINEAR_COMBINATION,True,LINEAR_COMBINATION,LINEAR_COMBINATION,14,2.6361165046691895,False
20,-1,1.9881722927093506,9028de6a99b4a374e6374a91b4ec23516eae70dde14c55543e3c52bbc9628df1,2f9854cc69a9523930df0e607545eb849325fad9046bdb235b9fd2ddc5f0acfa,94087ce7e581e3cf546c1cd86b6f22f16175e40968e1c2e6bd5402b219b0c4dc,21.772098541259766,True,FISHR,LINEAR_COMBINATION,LINEAR_COMBINATION,LINEAR_COMBINATION,u006,LINEAR_COMBINATION,LINEAR_COMBINATION,LINEAR_COMBINATION,LINEAR_COMBINATION,True,LINEAR_COMBINATION,LINEAR_COMBINATION,14,17.768918991088867,False
1,-1,0.0018269723514094949,9028de6a99b4a374e6374a91b4ec23516eae70dde14c55543e3c52bbc9628df1,a61c713abcd5a9d006809c388c974a7dfcc565fddce1d69fad624d223ef0846b,84e5215f80bab87b9ddcaeda6d977f52f958dadd01ea21c43ce076731618a3be,0.018349263817071915,True,FISHR,LINEAR_COMBINATION,LINEAR_COMBINATION,LINEAR_COMBINATION,u007,LINEAR_COMBINATION,LINEAR_COMBINATION,LINEAR_COMBINATION,LINEAR_COMBINATION,True,LINEAR_COMBINATION,LINEAR_COMBINATION,14,0.015095803886651993,False
5,-1,0.022302277386188507,9028de6a99b4a374e6374a91b4ec23516eae70dde14c55543e3c52bbc9628df1,606a204722130b2ca98539d2d0eb52c13f3ab177bb509f299934ebb6d3533ba8,0e2bd4a15b919b3bf6bf19435a48fba5fbead887003bf8bad6fb1c3a1af104e0,0.23426714539527893,True,FISHR,LINEAR_COMBINATION,LINEAR_COMBINATION,LINEAR_COMBINATION,u007,LINEAR_COMBINATION,LINEAR_COMBINATION,LINEAR_COMBINATION,LINEAR_COMBINATION,True,LINEAR_COMBINATION,LINEAR_COMBINATION,14,0.1911119818687439,False
20,-1,0.13487447798252106,9028de6a99b4a374e6374a91b4ec23516eae70dde14c55543e3c52bbc9628df1,2f9854cc69a9523930df0e607545eb849325fad9046bdb235b9fd2ddc5f0acfa,94087ce7e581e3cf546c1cd86b6f22f16175e40968e1c2e6bd5402b219b0c4dc,1.0182764530181885,True,FISHR,LINEAR_COMBINATION,LINEAR_COMBINATION,LINEAR_COMBINATION,u007,LINEAR_COMBINATION,LINEAR_COMBINATION,LINEAR_COMBINATION,LINEAR_COMBINATION,True,LINEAR_COMBINATION,LINEAR_COMBINATION,14,0.8361272215843201,False
1,-1,0.0018269723514094949,9028de6a99b4a374e6374a91b4ec23516eae70dde14c55543e3c52bbc9628df1,a61c713abcd5a9d006809c388c974a7dfcc565fddce1d69fad624d223ef0846b,84e5215f80bab87b9ddcaeda6d977f52f958dadd01ea21c43ce076731618a3be,0.018349263817071915,True,FISHR,LINEAR_COMBINATION,LINEAR_COMBINATION,LINEAR_COMBINATION,u008,LINEAR_COMBINATION,LINEAR_COMBINATION,LINEAR_COMBINATION,LINEAR_COMBINATION,True,LINEAR_COMBINATION,LINEAR_COMBINATION,14,0.015095803886651993,False
5,-1,0.022302277386188507,9028de6a99b4a374e6374a91b4ec23516eae70dde14c55543e3c52bbc9628df1,606a204722130b2ca98539d2d0eb52c13f3ab177bb509f299934ebb6d3533ba8,0e2bd4a15b919b3bf6bf19435a48fba5fbead887003bf8bad6fb1c3a1af104e0,0.23426714539527893,True,FISHR,LINEAR_COMBINATION,LINEAR_COMBINATION,LINEAR_COMBINATION,u008,LINEAR_COMBINATION,LINEAR_COMBINATION,LINEAR_COMBINATION,LINEAR_COMBINATION,True,LINEAR_COMBINATION,LINEAR_COMBINATION,14,0.1911119818687439,False
20,-1,0.13487447798252106,9028de6a99b4a374e6374a91b4ec23516eae70dde14c55543e3c52bbc9628df1,2f9854cc69a9523930df0e607545eb849325fad9046bdb235b9fd2ddc5f0acfa,94087ce7e581e3cf546c1cd86b6f22f16175e40968e1c2e6bd5402b219b0c4dc,1.0182764530181885,True,FISHR,LINEAR_COMBINATION,LINEAR_COMBINATION,LINEAR_COMBINATION,u008,LINEAR_COMBINATION,LINEAR_COMBINATION,LINEAR_COMBINATION,LINEAR_COMBINATION,True,LINEAR_COMBINATION,LINEAR_COMBINATION,14,0.8361272215843201,False
1,-1,0.00441062543541193,9028de6a99b4a374e6374a91b4ec23516eae70dde14c55543e3c52bbc9628df1,a61c713abcd5a9d006809c388c974a7dfcc565fddce1d69fad624d223ef0846b,84e5215f80bab87b9ddcaeda6d977f52f958dadd01ea21c43ce076731618a3be,0.012519784271717072,True,FISHR,LINEAR_COMBINATION,LINEAR_COMBINATION,LINEAR_COMBINATION,u009,LINEAR_COMBINATION,LINEAR_COMBINATION,LINEAR_COMBINATION,LINEAR_COMBINATION,True,LINEAR_COMBINATION,LINEAR_COMBINATION,14,0.006560871843248606,False
5,-1,0.039132919162511826,9028de6a99b4a374e6374a91b4ec23516eae70dde14c55543e3c52bbc9628df1,606a204722130b2ca98539d2d0eb52c13f3ab177bb509f299934ebb6d3533ba8,0e2bd4a15b919b3bf6bf19435a48fba5fbead887003bf8bad6fb1c3a1af104e0,0.12817007303237915,True,FISHR,LINEAR_COMBINATION,LINEAR_COMBINATION,LINEAR_COMBINATION,u009,LINEAR_COMBINATION,LINEAR_COMBINATION,LINEAR_COMBINATION,LINEAR_COMBINATION,True,LINEAR_COMBINATION,LINEAR_COMBINATION,14,0.11712571978569031,False
20,-1,0.21781696379184723,9028de6a99b4a374e6374a91b4ec23516eae70dde14c55543e3c52bbc9628df1,2f9854cc69a9523930df0e607545eb849325fad9046bdb235b9fd2ddc5f0acfa,94087ce7e581e3cf546c1cd86b6f22f16175e40968e1c2e6bd5402b219b0c4dc,0.5411384701728821,True,FISHR,LINEAR_COMBINATION,LINEAR_COMBINATION,LINEAR_COMBINATION,u009,LINEAR_COMBINATION,LINEAR_COMBINATION,LINEAR_COMBINATION,LINEAR_COMBINATION,True,LINEAR_COMBINATION,LINEAR_COMBINATION,14,0.38148021697998047,False
1,-1,0.00441062543541193,9028de6a99b4a374e6374a91b4ec23516eae70dde14c55543e3c52bbc9628df1,a61c713abcd5a9d006809c388c974a7dfcc565fddce1d69fad624d223ef0846b,84e5215f80bab87b9ddcaeda6d977f52f958dadd01ea21c43ce076731618a3be,0.012519784271717072,True,FISHR,LINEAR_COMBINATION,LINEAR_COMBINATION,LINEAR_COMBINATION,u010,LINEAR_COMBINATION,LINEAR_COMBINATION,LINEAR_COMBINATION,LINEAR_COMBINATION,True,LINEAR_COMBINATION,LINEAR_COMBINATION,14,0.006560871843248606,False
5,-1,0.039132919162511826,9028de6a99b4a374e6374a91b4ec23516eae70dde14c55543e3c52bbc9628df1,606a204722130b2ca98539d2d0eb52c13f3ab177bb509f299934ebb6d3533ba8,0e2bd4a15b919b3bf6bf19435a48fba5fbead887003bf8bad6fb1c3a1af104e0,0.12817007303237915,True,FISHR,LINEAR_COMBINATION,LINEAR_COMBINATION,LINEAR_COMBINATION,u010,LINEAR_COMBINATION,LINEAR_COMBINATION,LINEAR_COMBINATION,LINEAR_COMBINATION,True,LINEAR_COMBINATION,LINEAR_COMBINATION,14,0.11712571978569031,False
20,-1,0.21781696379184723,9028de6a99b4a374e6374a91b4ec23516eae70dde14c55543e3c52bbc9628df1,2f9854cc69a9523930df0e607545eb849325fad9046bdb235b9fd2ddc5f0acfa,94087ce7e581e3cf546c1cd86b6f22f16175e40968e1c2e6bd5402b219b0c4dc,0.5411384701728821,True,FISHR,LINEAR_COMBINATION,LINEAR_COMBINATION,LINEAR_COMBINATION,u010,LINEAR_COMBINATION,LINEAR_COMBINATION,LINEAR_COMBINATION,LINEAR_COMBINATION,True,LINEAR_COMBINATION,LINEAR_COMBINATION,14,0.38148021697998047,False
1,0,2.5577690601348877,6c54f1853a904b76eae23e100bb247978968ee23e1a65cfc5ee0978b2628e158,feb53911bf530c75d61e51b1818638209f08771d58ae778a964bbc52b15b4d43,9858ec6fc7d0fcb41fee48d377dfe314c35b9c1478e547627fafd27bcb5e2658,19.152530670166016,True,MLDG,6c54f1853a904b76eae23e100bb247978968ee23e1a65cfc5ee0978b2628e158,9f14c5dc97283e8e3ea261ac4022ebe4bd409d2d806201425879d7865c06b13d,e759d6d4c7d8290f451aa1dbff1ffded7cfe8b8f58bb5d3ec197e30d6e135aaf,u000,6c54f1853a904b76eae23e100bb247978968ee23e1a65cfc5ee0978b2628e158,1b2e13533be0e749050026cf69e0479a7e53a060e074f62708acf12e60b4be32,457e8e4d9c4aadfab482df76d922bc16ca9f93b0009b281b73d39446ac1644a6,6c54f1853a904b76eae23e100bb247978968ee23e1a65cfc5ee0978b2628e158,True,1b2e13533be0e749050026cf69e0479a7e53a060e074f62708acf12e60b4be32,457e8e4d9c4aadfab482df76d922bc16ca9f93b0009b281b73d39446ac1644a6,14,14.682974815368652,False
5,0,17.411054611206055,58294bb675fa2238ec24e94851e9c739fd494bea43cd25b9589ea26ed1e0ab66,dd47bc10e7cbb98d32b5576d226f0124e55bf4ad9d8e13ac9d413318b52e1695,923d3d2b6b9cb8a1feb2aac52b8521de9b0b74f251f7eb3b084aa16159e62b12,160.80555725097656,True,MLDG,58294bb675fa2238ec24e94851e9c739fd494bea43cd25b9589ea26ed1e0ab66,4670b7bd00552df477f0d73bd794ec23921bafe556b7564a058c26b7f2e021cb,ce73239102faee7dde20368fd5fddc87aa2ddf55e7189b3d3dde2177c6c18910,u000,58294bb675fa2238ec24e94851e9c739fd494bea43cd25b9589ea26ed1e0ab66,13b8c93b83874637ea084b0f0bd61799833b3836ed96badc238bff6e7f36169c,54fcf1606c72b33b4b291a7e1b6118b75aeb6e86031de6394d5117e05c21f7f9,58294bb675fa2238ec24e94851e9c739fd494bea43cd25b9589ea26ed1e0ab66,True,13b8c93b83874637ea084b0f0bd61799833b3836ed96badc238bff6e7f36169c,54fcf1606c72b33b4b291a7e1b6118b75aeb6e86031de6394d5117e05c21f7f9,14,122.92923736572266,False
20,0,26.4215145111084,dc2d9600eb0f416495d858feee49f024ffeccfc5ad534dcac05d0d0dd131e5dc,8e54ebd2d7fe91b71e7ac9bd94c273cf7b40526c4bc48ef5d7a9d0ba78075ac6,4eb12c36604ae964d3e9210a2ba13c6847b5591c12281d4950a83a4003d5e48e,123.96234130859375,True,MLDG,dc2d9600eb0f416495d858feee49f024ffeccfc5ad534dcac05d0d0dd131e5dc,67542fc7368af8131dae91490caf80a0c532b0d93c2c3649c3b0bda5e89acd64,6aba9a1198751dcd11d5c1a5d0cb4e2474089dd0b44c513ac7ef0a9f9beec6a2,u000,dc2d9600eb0f416495d858feee49f024ffeccfc5ad534dcac05d0d0dd131e5dc,7d290e2f8b3484f713b33b64a4cdfcdfc3e51e6c7d604506582d3a99f1172fcd,8ad59f81480fccfa15aee948279f7ca8bb6b9498b9b1b98b531fbc5abf7210ad,dc2d9600eb0f416495d858feee49f024ffeccfc5ad534dcac05d0d0dd131e5dc,True,7d290e2f8b3484f713b33b64a4cdfcdfc3e51e6c7d604506582d3a99f1172fcd,8ad59f81480fccfa15aee948279f7ca8bb6b9498b9b1b98b531fbc5abf7210ad,14,89.74143981933594,False
1,1,2.8986575603485107,6c54f1853a904b76eae23e100bb247978968ee23e1a65cfc5ee0978b2628e158,feb53911bf530c75d61e51b1818638209f08771d58ae778a964bbc52b15b4d43,9858ec6fc7d0fcb41fee48d377dfe314c35b9c1478e547627fafd27bcb5e2658,18.7537899017334,True,MLDG,6c54f1853a904b76eae23e100bb247978968ee23e1a65cfc5ee0978b2628e158,e5880685b762d27f07fdbc35a43813ab9d13c75c1171b9f5cde5059609d271a5,d72904ea56da4d8ae6818d831bba645b3a6e9bc8ed2997a8c52b43010e22325b,u001,6c54f1853a904b76eae23e100bb247978968ee23e1a65cfc5ee0978b2628e158,e793b93079619c961ce13e5e3a4912896c61c78a101ffbc44d567f6b3aa98be6,9f452c160fbb9b49c2d80141580339740bb78c81ad1a8bae0b2241ebbbd23649,6c54f1853a904b76eae23e100bb247978968ee23e1a65cfc5ee0978b2628e158,True,e793b93079619c961ce13e5e3a4912896c61c78a101ffbc44d567f6b3aa98be6,9f452c160fbb9b49c2d80141580339740bb78c81ad1a8bae0b2241ebbbd23649,14,14.342503547668457,False
5,1,16.461132049560547,58294bb675fa2238ec24e94851e9c739fd494bea43cd25b9589ea26ed1e0ab66,dd47bc10e7cbb98d32b5576d226f0124e55bf4ad9d8e13ac9d413318b52e1695,923d3d2b6b9cb8a1feb2aac52b8521de9b0b74f251f7eb3b084aa16159e62b12,160.14035034179688,True,MLDG,58294bb675fa2238ec24e94851e9c739fd494bea43cd25b9589ea26ed1e0ab66,a008246746ba7a42cde16e5f59b75a80edd4d8bde4b60228cfe3c5bc944a8e44,70f203671f2d8123c4e5d951711b86d03b4ed2bce5237d0c33b31fc194c32653,u001,58294bb675fa2238ec24e94851e9c739fd494bea43cd25b9589ea26ed1e0ab66,c498067cc027814c899253240073ca421b4362f1c146f1c70c60ec149f8c0fef,bfef5068dccfeca263cab6ed4cb81b5be4a5fcd6a0922783d065ba707985c53a,58294bb675fa2238ec24e94851e9c739fd494bea43cd25b9589ea26ed1e0ab66,True,c498067cc027814c899253240073ca421b4362f1c146f1c70c60ec149f8c0fef,bfef5068dccfeca263cab6ed4cb81b5be4a5fcd6a0922783d065ba707985c53a,14,122.2086410522461,False
20,1,28.674163818359375,dc2d9600eb0f416495d858feee49f024ffeccfc5ad534dcac05d0d0dd131e5dc,8e54ebd2d7fe91b71e7ac9bd94c273cf7b40526c4bc48ef5d7a9d0ba78075ac6,4eb12c36604ae964d3e9210a2ba13c6847b5591c12281d4950a83a4003d5e48e,123.91864013671875,True,MLDG,dc2d9600eb0f416495d858feee49f024ffeccfc5ad534dcac05d0d0dd131e5dc,3f06d64b88b090fc67930aa6c3b178c0deb75116219657a1012a4ccfde775cde,40931392935d53690e74527b30eb7f03047014c658d169ad008ac08badc754f0,u001,dc2d9600eb0f416495d858feee49f024ffeccfc5ad534dcac05d0d0dd131e5dc,1314921ba0809f050c3e2c46753347256f444412611917c0c3005e08b60f1bef,4637454d68510955d73a7fb29ef5b26ef0e68f1ce6023b5ced916178f282ff2d,dc2d9600eb0f416495d858feee49f024ffeccfc5ad534dcac05d0d0dd131e5dc,True,1314921ba0809f050c3e2c46753347256f444412611917c0c3005e08b60f1bef,4637454d68510955d73a7fb29ef5b26ef0e68f1ce6023b5ced916178f282ff2d,14,90.66686248779297,False
1,2,0.0,6c54f1853a904b76eae23e100bb247978968ee23e1a65cfc5ee0978b2628e158,feb53911bf530c75d61e51b1818638209f08771d58ae778a964bbc52b15b4d43,9858ec6fc7d0fcb41fee48d377dfe314c35b9c1478e547627fafd27bcb5e2658,0.0,True,MLDG,LINEAR_COMBINATION,LINEAR_COMBINATION,LINEAR_COMBINATION,u002,LINEAR_COMBINATION,LINEAR_COMBINATION,LINEAR_COMBINATION,LINEAR_COMBINATION,True,LINEAR_COMBINATION,LINEAR_COMBINATION,14,0.0,False
5,2,0.0,58294bb675fa2238ec24e94851e9c739fd494bea43cd25b9589ea26ed1e0ab66,dd47bc10e7cbb98d32b5576d226f0124e55bf4ad9d8e13ac9d413318b52e1695,923d3d2b6b9cb8a1feb2aac52b8521de9b0b74f251f7eb3b084aa16159e62b12,0.0,True,MLDG,LINEAR_COMBINATION,LINEAR_COMBINATION,LINEAR_COMBINATION,u002,LINEAR_COMBINATION,LINEAR_COMBINATION,LINEAR_COMBINATION,LINEAR_COMBINATION,True,LINEAR_COMBINATION,LINEAR_COMBINATION,14,0.0,False
20,2,0.0,dc2d9600eb0f416495d858feee49f024ffeccfc5ad534dcac05d0d0dd131e5dc,8e54ebd2d7fe91b71e7ac9bd94c273cf7b40526c4bc48ef5d7a9d0ba78075ac6,4eb12c36604ae964d3e9210a2ba13c6847b5591c12281d4950a83a4003d5e48e,0.0,True,MLDG,LINEAR_COMBINATION,LINEAR_COMBINATION,LINEAR_COMBINATION,u002,LINEAR_COMBINATION,LINEAR_COMBINATION,LINEAR_COMBINATION,LINEAR_COMBINATION,True,LINEAR_COMBINATION,LINEAR_COMBINATION,14,0.0,False
1,3,2.6778767108917236,6c54f1853a904b76eae23e100bb247978968ee23e1a65cfc5ee0978b2628e158,feb53911bf530c75d61e51b1818638209f08771d58ae778a964bbc52b15b4d43,9858ec6fc7d0fcb41fee48d377dfe314c35b9c1478e547627fafd27bcb5e2658,6.26369571685791,True,MLDG,6c54f1853a904b76eae23e100bb247978968ee23e1a65cfc5ee0978b2628e158,ea6175f87893ff5e71c94ff916eff3545097e3ad2c9337f6e489883282292463,5727fd7be9a2e9625bcad7c66d3490aacf9c24388b31d207a1ae91ef92fd2e5b,u003,6c54f1853a904b76eae23e100bb247978968ee23e1a65cfc5ee0978b2628e158,c825880c36e7887d61d5ab408172bba868a2dc76f067f99426b29e9bb09f8742,e9ab78b7a775db9d16df0a46807376bc919aa99088d500a6c6c59b3d26743770,6c54f1853a904b76eae23e100bb247978968ee23e1a65cfc5ee0978b2628e158,True,c825880c36e7887d61d5ab408172bba868a2dc76f067f99426b29e9bb09f8742,e9ab78b7a775db9d16df0a46807376bc919aa99088d500a6c6c59b3d26743770,14,3.5513362884521484,False
5,3,23.479318618774414,58294bb675fa2238ec24e94851e9c739fd494bea43cd25b9589ea26ed1e0ab66,dd47bc10e7cbb98d32b5576d226f0124e55bf4ad9d8e13ac9d413318b52e1695,923d3d2b6b9cb8a1feb2aac52b8521de9b0b74f251f7eb3b084aa16159e62b12,53.87270736694336,True,MLDG,58294bb675fa2238ec24e94851e9c739fd494bea43cd25b9589ea26ed1e0ab66,dd1b8cebd98473278b7827736a423c3f20b13f424b4ed2073ffb58a8c82e278f,1e8d328dd5c00b77dd22e59ace83b6ab10ac5cb575e10bf516da6372b57594e7,u003,58294bb675fa2238ec24e94851e9c739fd494bea43cd25b9589ea26ed1e0ab66,9acdeb3f57da456c68fb5c550deda2435725f68e033b26dd685e1fe54f9523ce,9c16c9e9f02af2f332996176954a538e3ac4ec4b7845af9f871c3c7464fa82a1,58294bb675fa2238ec24e94851e9c739fd494bea43cd25b9589ea26ed1e0ab66,True,9acdeb3f57da456c68fb5c550deda2435725f68e033b26dd685e1fe54f9523ce,9c16c9e9f02af2f332996176954a538e3ac4ec4b7845af9f871c3c7464fa82a1,14,26.24872398376465,False
20,3,88.32247161865234,dc2d9600eb0f416495d858feee49f024ffeccfc5ad534dcac05d0d0dd131e5dc,8e54ebd2d7fe91b71e7ac9bd94c273cf7b40526c4bc48ef5d7a9d0ba78075ac6,4eb12c36604ae964d3e9210a2ba13c6847b5591c12281d4950a83a4003d5e48e,131.30381774902344,True,MLDG,dc2d9600eb0f416495d858feee49f024ffeccfc5ad534dcac05d0d0dd131e5dc,b34d784abc6979bb6837fcad74805d269e63f428076243c493cdf889ebe088e8,8e1a6f94a09f006c86501c903af9d490627ce81552cd8284a8c2f14b235d8632,u003,dc2d9600eb0f416495d858feee49f024ffeccfc5ad534dcac05d0d0dd131e5dc,c1c382640bd75252ad5a33491a5526b9f5e883552363f6db671377916c86773d,a00f7809255fe0fe3014b21daca297dfb02cf982bd7ae886bdc8baa2b409b8d0,dc2d9600eb0f416495d858feee49f024ffeccfc5ad534dcac05d0d0dd131e5dc,True,c1c382640bd75252ad5a33491a5526b9f5e883552363f6db671377916c86773d,a00f7809255fe0fe3014b21daca297dfb02cf982bd7ae886bdc8baa2b409b8d0,14,96.71544647216797,False
1,4,0.0,6c54f1853a904b76eae23e100bb247978968ee23e1a65cfc5ee0978b2628e158,feb53911bf530c75d61e51b1818638209f08771d58ae778a964bbc52b15b4d43,9858ec6fc7d0fcb41fee48d377dfe314c35b9c1478e547627fafd27bcb5e2658,0.0,True,MLDG,LINEAR_COMBINATION,LINEAR_COMBINATION,LINEAR_COMBINATION,u004,LINEAR_COMBINATION,LINEAR_COMBINATION,LINEAR_COMBINATION,LINEAR_COMBINATION,True,LINEAR_COMBINATION,LINEAR_COMBINATION,14,0.0,False
5,4,0.0,58294bb675fa2238ec24e94851e9c739fd494bea43cd25b9589ea26ed1e0ab66,dd47bc10e7cbb98d32b5576d226f0124e55bf4ad9d8e13ac9d413318b52e1695,923d3d2b6b9cb8a1feb2aac52b8521de9b0b74f251f7eb3b084aa16159e62b12,0.0,True,MLDG,LINEAR_COMBINATION,LINEAR_COMBINATION,LINEAR_COMBINATION,u004,LINEAR_COMBINATION,LINEAR_COMBINATION,LINEAR_COMBINATION,LINEAR_COMBINATION,True,LINEAR_COMBINATION,LINEAR_COMBINATION,14,0.0,False
20,4,0.0,dc2d9600eb0f416495d858feee49f024ffeccfc5ad534dcac05d0d0dd131e5dc,8e54ebd2d7fe91b71e7ac9bd94c273cf7b40526c4bc48ef5d7a9d0ba78075ac6,4eb12c36604ae964d3e9210a2ba13c6847b5591c12281d4950a83a4003d5e48e,0.0,True,MLDG,LINEAR_COMBINATION,LINEAR_COMBINATION,LINEAR_COMBINATION,u004,LINEAR_COMBINATION,LINEAR_COMBINATION,LINEAR_COMBINATION,LINEAR_COMBINATION,True,LINEAR_COMBINATION,LINEAR_COMBINATION,14,0.0,False
1,-1,3.8517889976501465,6c54f1853a904b76eae23e100bb247978968ee23e1a65cfc5ee0978b2628e158,feb53911bf530c75d61e51b1818638209f08771d58ae778a964bbc52b15b4d43,9858ec6fc7d0fcb41fee48d377dfe314c35b9c1478e547627fafd27bcb5e2658,26.798133850097656,True,MLDG,LINEAR_COMBINATION,LINEAR_COMBINATION,LINEAR_COMBINATION,u005,LINEAR_COMBINATION,LINEAR_COMBINATION,LINEAR_COMBINATION,LINEAR_COMBINATION,True,LINEAR_COMBINATION,LINEAR_COMBINATION,14,20.52031135559082,False
5,-1,23.937820434570312,58294bb675fa2238ec24e94851e9c739fd494bea43cd25b9589ea26ed1e0ab66,dd47bc10e7cbb98d32b5576d226f0124e55bf4ad9d8e13ac9d413318b52e1695,923d3d2b6b9cb8a1feb2aac52b8521de9b0b74f251f7eb3b084aa16159e62b12,226.92031860351562,True,MLDG,LINEAR_COMBINATION,LINEAR_COMBINATION,LINEAR_COMBINATION,u005,LINEAR_COMBINATION,LINEAR_COMBINATION,LINEAR_COMBINATION,LINEAR_COMBINATION,True,LINEAR_COMBINATION,LINEAR_COMBINATION,14,173.32803344726562,False
20,-1,38.89181137084961,dc2d9600eb0f416495d858feee49f024ffeccfc5ad534dcac05d0d0dd131e5dc,8e54ebd2d7fe91b71e7ac9bd94c273cf7b40526c4bc48ef5d7a9d0ba78075ac6,4eb12c36604ae964d3e9210a2ba13c6847b5591c12281d4950a83a4003d5e48e,175.17288208007812,True,MLDG,LINEAR_COMBINATION,LINEAR_COMBINATION,LINEAR_COMBINATION,u005,LINEAR_COMBINATION,LINEAR_COMBINATION,LINEAR_COMBINATION,LINEAR_COMBINATION,True,LINEAR_COMBINATION,LINEAR_COMBINATION,14,127.49300384521484,False
1,-1,0.32881152629852295,6c54f1853a904b76eae23e100bb247978968ee23e1a65cfc5ee0978b2628e158,feb53911bf530c75d61e51b1818638209f08771d58ae778a964bbc52b15b4d43,9858ec6fc7d0fcb41fee48d377dfe314c35b9c1478e547627fafd27bcb5e2658,0.6197625994682312,True,MLDG,LINEAR_COMBINATION,LINEAR_COMBINATION,LINEAR_COMBINATION,u006,LINEAR_COMBINATION,LINEAR_COMBINATION,LINEAR_COMBINATION,LINEAR_COMBINATION,True,LINEAR_COMBINATION,LINEAR_COMBINATION,14,0.4624961316585541,False
5,-1,1.0460764169692993,58294bb675fa2238ec24e94851e9c739fd494bea43cd25b9589ea26ed1e0ab66,dd47bc10e7cbb98d32b5576d226f0124e55bf4ad9d8e13ac9d413318b52e1695,923d3d2b6b9cb8a1feb2aac52b8521de9b0b74f251f7eb3b084aa16159e62b12,3.2461278438568115,True,MLDG,LINEAR_COMBINATION,LINEAR_COMBINATION,LINEAR_COMBINATION,u006,LINEAR_COMBINATION,LINEAR_COMBINATION,LINEAR_COMBINATION,LINEAR_COMBINATION,True,LINEAR_COMBINATION,LINEAR_COMBINATION,14,1.9841171503067017,False
20,-1,2.7804386615753174,dc2d9600eb0f416495d858feee49f024ffeccfc5ad534dcac05d0d0dd131e5dc,8e54ebd2d7fe91b71e7ac9bd94c273cf7b40526c4bc48ef5d7a9d0ba78075ac6,4eb12c36604ae964d3e9210a2ba13c6847b5591c12281d4950a83a4003d5e48e,6.078661918640137,True,MLDG,LINEAR_COMBINATION,LINEAR_COMBINATION,LINEAR_COMBINATION,u006,LINEAR_COMBINATION,LINEAR_COMBINATION,LINEAR_COMBINATION,LINEAR_COMBINATION,True,LINEAR_COMBINATION,LINEAR_COMBINATION,14,4.420377254486084,False
1,-1,2.723626136779785,6c54f1853a904b76eae23e100bb247978968ee23e1a65cfc5ee0978b2628e158,feb53911bf530c75d61e51b1818638209f08771d58ae778a964bbc52b15b4d43,9858ec6fc7d0fcb41fee48d377dfe314c35b9c1478e547627fafd27bcb5e2658,18.949142456054688,True,MLDG,LINEAR_COMBINATION,LINEAR_COMBINATION,LINEAR_COMBINATION,u007,LINEAR_COMBINATION,LINEAR_COMBINATION,LINEAR_COMBINATION,LINEAR_COMBINATION,True,LINEAR_COMBINATION,LINEAR_COMBINATION,14,14.510051727294922,False
5,-1,16.92659568786621,58294bb675fa2238ec24e94851e9c739fd494bea43cd25b9589ea26ed1e0ab66,dd47bc10e7cbb98d32b5576d226f0124e55bf4ad9d8e13ac9d413318b52e1695,923d3d2b6b9cb8a1feb2aac52b8521de9b0b74f251f7eb3b084aa16159e62b12,160.45689392089844,True,MLDG,LINEAR_COMBINATION,LINEAR_COMBINATION,LINEAR_COMBINATION,u007,LINEAR_COMBINATION,LINEAR_COMBINATION,LINEAR_COMBINATION,LINEAR_COMBINATION,True,LINEAR_COMBINATION,LINEAR_COMBINATION,14,122.56143188476562,False
20,-1,27.50066566467285,dc2d9600eb0f416495d858feee49f024ffeccfc5ad534dcac05d0d0dd131e5dc,8e54ebd2d7fe91b71e7ac9bd94c273cf7b40526c4bc48ef5d7a9d0ba78075ac6,4eb12c36604ae964d3e9210a2ba13c6847b5591c12281d4950a83a4003d5e48e,123.86593627929688,True,MLDG,LINEAR_COMBINATION,LINEAR_COMBINATION,LINEAR_COMBINATION,u007,LINEAR_COMBINATION,LINEAR_COMBINATION,LINEAR_COMBINATION,LINEAR_COMBINATION,True,LINEAR_COMBINATION,LINEAR_COMBINATION,14,90.15116882324219,False
1,-1,2.723626136779785,6c54f1853a904b76eae23e100bb247978968ee23e1a65cfc5ee0978b2628e158,feb53911bf530c75d61e51b1818638209f08771d58ae778a964bbc52b15b4d43,9858ec6fc7d0fcb41fee48d377dfe314c35b9c1478e547627fafd27bcb5e2658,18.949142456054688,True,MLDG,LINEAR_COMBINATION,LINEAR_COMBINATION,LINEAR_COMBINATION,u008,LINEAR_COMBINATION,LINEAR_COMBINATION,LINEAR_COMBINATION,LINEAR_COMBINATION,True,LINEAR_COMBINATION,LINEAR_COMBINATION,14,14.510051727294922,False
5,-1,16.92659568786621,58294bb675fa2238ec24e94851e9c739fd494bea43cd25b9589ea26ed1e0ab66,dd47bc10e7cbb98d32b5576d226f0124e55bf4ad9d8e13ac9d413318b52e1695,923d3d2b6b9cb8a1feb2aac52b8521de9b0b74f251f7eb3b084aa16159e62b12,160.45689392089844,True,MLDG,LINEAR_COMBINATION,LINEAR_COMBINATION,LINEAR_COMBINATION,u008,LINEAR_COMBINATION,LINEAR_COMBINATION,LINEAR_COMBINATION,LINEAR_COMBINATION,True,LINEAR_COMBINATION,LINEAR_COMBINATION,14,122.56143188476562,False
20,-1,27.50066566467285,dc2d9600eb0f416495d858feee49f024ffeccfc5ad534dcac05d0d0dd131e5dc,8e54ebd2d7fe91b71e7ac9bd94c273cf7b40526c4bc48ef5d7a9d0ba78075ac6,4eb12c36604ae964d3e9210a2ba13c6847b5591c12281d4950a83a4003d5e48e,123.86593627929688,True,MLDG,LINEAR_COMBINATION,LINEAR_COMBINATION,LINEAR_COMBINATION,u008,LINEAR_COMBINATION,LINEAR_COMBINATION,LINEAR_COMBINATION,LINEAR_COMBINATION,True,LINEAR_COMBINATION,LINEAR_COMBINATION,14,90.15116882324219,False
1,-1,1.8935447931289673,6c54f1853a904b76eae23e100bb247978968ee23e1a65cfc5ee0978b2628e158,feb53911bf530c75d61e51b1818638209f08771d58ae778a964bbc52b15b4d43,9858ec6fc7d0fcb41fee48d377dfe314c35b9c1478e547627fafd27bcb5e2658,4.429101467132568,True,MLDG,LINEAR_COMBINATION,LINEAR_COMBINATION,LINEAR_COMBINATION,u009,LINEAR_COMBINATION,LINEAR_COMBINATION,LINEAR_COMBINATION,LINEAR_COMBINATION,True,LINEAR_COMBINATION,LINEAR_COMBINATION,14,2.511173963546753,False
5,-1,16.602386474609375,58294bb675fa2238ec24e94851e9c739fd494bea43cd25b9589ea26ed1e0ab66,dd47bc10e7cbb98d32b5576d226f0124e55bf4ad9d8e13ac9d413318b52e1695,923d3d2b6b9cb8a1feb2aac52b8521de9b0b74f251f7eb3b084aa16159e62b12,38.093753814697266,True,MLDG,LINEAR_COMBINATION,LINEAR_COMBINATION,LINEAR_COMBINATION,u009,LINEAR_COMBINATION,LINEAR_COMBINATION,LINEAR_COMBINATION,LINEAR_COMBINATION,True,LINEAR_COMBINATION,LINEAR_COMBINATION,14,18.560649871826172,False
20,-1,62.45341491699219,dc2d9600eb0f416495d858feee49f024ffeccfc5ad534dcac05d0d0dd131e5dc,8e54ebd2d7fe91b71e7ac9bd94c273cf7b40526c4bc48ef5d7a9d0ba78075ac6,4eb12c36604ae964d3e9210a2ba13c6847b5591c12281d4950a83a4003d5e48e,92.8458251953125,True,MLDG,LINEAR_COMBINATION,LINEAR_COMBINATION,LINEAR_COMBINATION,u009,LINEAR_COMBINATION,LINEAR_COMBINATION,LINEAR_COMBINATION,LINEAR_COMBINATION,True,LINEAR_COMBINATION,LINEAR_COMBINATION,14,68.38815307617188,False
1,-1,1.8935447931289673,6c54f1853a904b76eae23e100bb247978968ee23e1a65cfc5ee0978b2628e158,feb53911bf530c75d61e51b1818638209f08771d58ae778a964bbc52b15b4d43,9858ec6fc7d0fcb41fee48d377dfe314c35b9c1478e547627fafd27bcb5e2658,4.429101467132568,True,MLDG,LINEAR_COMBINATION,LINEAR_COMBINATION,LINEAR_COMBINATION,u010,LINEAR_COMBINATION,LINEAR_COMBINATION,LINEAR_COMBINATION,LINEAR_COMBINATION,True,LINEAR_COMBINATION,LINEAR_COMBINATION,14,2.511173963546753,False
5,-1,16.602386474609375,58294bb675fa2238ec24e94851e9c739fd494bea43cd25b9589ea26ed1e0ab66,dd47bc10e7cbb98d32b5576d226f0124e55bf4ad9d8e13ac9d413318b52e1695,923d3d2b6b9cb8a1feb2aac52b8521de9b0b74f251f7eb3b084aa16159e62b12,38.093753814697266,True,MLDG,LINEAR_COMBINATION,LINEAR_COMBINATION,LINEAR_COMBINATION,u010,LINEAR_COMBINATION,LINEAR_COMBINATION,LINEAR_COMBINATION,LINEAR_COMBINATION,True,LINEAR_COMBINATION,LINEAR_COMBINATION,14,18.560649871826172,False
20,-1,62.45341491699219,dc2d9600eb0f416495d858feee49f024ffeccfc5ad534dcac05d0d0dd131e5dc,8e54ebd2d7fe91b71e7ac9bd94c273cf7b40526c4bc48ef5d7a9d0ba78075ac6,4eb12c36604ae964d3e9210a2ba13c6847b5591c12281d4950a83a4003d5e48e,92.8458251953125,True,MLDG,LINEAR_COMBINATION,LINEAR_COMBINATION,LINEAR_COMBINATION,u010,LINEAR_COMBINATION,LINEAR_COMBINATION,LINEAR_COMBINATION,LINEAR_COMBINATION,True,LINEAR_COMBINATION,LINEAR_COMBINATION,14,68.38815307617188,False
1,0,3.6634645462036133,4fa05a6817ac9d0dcaef07819a21cb049fced34d0f4366e6c1f3b45434f6b862,09911762591d19ef5f33049e3a0b5706f6775f0ca5e12b557b8a5d57d05dbf2a,9c739f5c67b63ac7ad53d5c6d6d98f764dc7cf53010a8b4fd209bd0f0fde92a1,18.600162506103516,True,WEIGHT_NUCLEAR,4fa05a6817ac9d0dcaef07819a21cb049fced34d0f4366e6c1f3b45434f6b862,1da62429038058de3dd125ef350c62c6925fa5c441432034f9bf31208fc6741f,5df7a8031e17a6ce96a6fce38c61ea4634f5cc5e7f7273abb5b27a5d3f9059b7,u000,4fa05a6817ac9d0dcaef07819a21cb049fced34d0f4366e6c1f3b45434f6b862,c8c6ca93455bad110106d12c49f4bc553c65fd3c3c336e31f75e5876f9c03cb5,ca06d4c2824fae2d4c1e9b66ce9a95203b738054b4bcd3b8a974215ee184e6f5,4fa05a6817ac9d0dcaef07819a21cb049fced34d0f4366e6c1f3b45434f6b862,True,c8c6ca93455bad110106d12c49f4bc553c65fd3c3c336e31f75e5876f9c03cb5,ca06d4c2824fae2d4c1e9b66ce9a95203b738054b4bcd3b8a974215ee184e6f5,14,13.503334045410156,False
5,0,19.615814208984375,4fa05a6817ac9d0dcaef07819a21cb049fced34d0f4366e6c1f3b45434f6b862,1f1ca40cb09bb4c85fecf93915bedd856c3d638a7ec149de1cde33376d9c0bda,7c95e6b1c91e84f5e4b3ffe49094e569c035ec6706c9d827b6569a39fbf7232b,148.166259765625,True,WEIGHT_NUCLEAR,4fa05a6817ac9d0dcaef07819a21cb049fced34d0f4366e6c1f3b45434f6b862,60ca8333a0a94b4eb3ddeed3de5da52159b5b3f0ad9b60f797590b1ea6a26d36,9ddd8d2ed23a97911dc148bc3361388682b2f30a833e45dd72f6dac771f75d4c,u000,4fa05a6817ac9d0dcaef07819a21cb049fced34d0f4366e6c1f3b45434f6b862,d57078d13918b53829ef12eaffcf6cf4651f46dfbbf356caf0f7cc19eed3e835,286703fa8a714e553c3ee72775446fcd69457e4a49a654389d19fbe28172762a,4fa05a6817ac9d0dcaef07819a21cb049fced34d0f4366e6c1f3b45434f6b862,True,d57078d13918b53829ef12eaffcf6cf4651f46dfbbf356caf0f7cc19eed3e835,286703fa8a714e553c3ee72775446fcd69457e4a49a654389d19fbe28172762a,14,104.84593200683594,False
20,0,23.402406692504883,4fa05a6817ac9d0dcaef07819a21cb049fced34d0f4366e6c1f3b45434f6b862,144ae1519129d7cda941208f432d42ecdf4babe570e95cc34902f386638b1d02,94f1f8d1d0046b11230dbfc94e767c78af401e22a76d5e3a4082c605dd2b5168,113.1131591796875,True,WEIGHT_NUCLEAR,4fa05a6817ac9d0dcaef07819a21cb049fced34d0f4366e6c1f3b45434f6b862,a4fbef7b1bedbe2caabf5644aea123b16c072fd0dd9ceb1f0b5b0dca2041e7c0,29c1b5003bc18b9241e352f27db7e705f0d90f2bde67dc9390d25164b7360016,u000,4fa05a6817ac9d0dcaef07819a21cb049fced34d0f4366e6c1f3b45434f6b862,66aa24a112c3169a92ea4d7caab7c24bb10c3ff85e1439a5734e7e657c4d8351,7dc4ffbaaa1467cf4bacb29d0a5552b1001fbf8776ed6d967966af6ab77e32eb,4fa05a6817ac9d0dcaef07819a21cb049fced34d0f4366e6c1f3b45434f6b862,True,66aa24a112c3169a92ea4d7caab7c24bb10c3ff85e1439a5734e7e657c4d8351,7dc4ffbaaa1467cf4bacb29d0a5552b1001fbf8776ed6d967966af6ab77e32eb,14,79.15225219726562,False
1,1,4.010955810546875,4fa05a6817ac9d0dcaef07819a21cb049fced34d0f4366e6c1f3b45434f6b862,09911762591d19ef5f33049e3a0b5706f6775f0ca5e12b557b8a5d57d05dbf2a,9c739f5c67b63ac7ad53d5c6d6d98f764dc7cf53010a8b4fd209bd0f0fde92a1,18.555797576904297,True,WEIGHT_NUCLEAR,4fa05a6817ac9d0dcaef07819a21cb049fced34d0f4366e6c1f3b45434f6b862,5c99d8014c037a4b727593ff64f347b562bc4a253d724878b6a0752d63d7ca7e,6279bc426c6756e41c9c6d47c37262c29d55e57b01fa3a31075c46ae7cbb657e,u001,4fa05a6817ac9d0dcaef07819a21cb049fced34d0f4366e6c1f3b45434f6b862,4c2c39f9f6c446f477e65eb94eeb877a73eac5b138cc0a5182cb23dec29e6904,9d79152c3d362af06ac73c16024bffba47258bed4b471a9aaaf5ed008e6ab6e4,4fa05a6817ac9d0dcaef07819a21cb049fced34d0f4366e6c1f3b45434f6b862,True,4c2c39f9f6c446f477e65eb94eeb877a73eac5b138cc0a5182cb23dec29e6904,9d79152c3d362af06ac73c16024bffba47258bed4b471a9aaaf5ed008e6ab6e4,14,13.461524963378906,False
5,1,18.518613815307617,4fa05a6817ac9d0dcaef07819a21cb049fced34d0f4366e6c1f3b45434f6b862,1f1ca40cb09bb4c85fecf93915bedd856c3d638a7ec149de1cde33376d9c0bda,7c95e6b1c91e84f5e4b3ffe49094e569c035ec6706c9d827b6569a39fbf7232b,147.40093994140625,True,WEIGHT_NUCLEAR,4fa05a6817ac9d0dcaef07819a21cb049fced34d0f4366e6c1f3b45434f6b862,40ccbc93ea5ea5c24e3fec1bad382a8c5ac7b9661196d4becbd1fb01ae4a348d,fff74e795bcfe2fd9fd44bee6199b2bea36e1a8b3ec9571be11ccbfb7c34f1d2,u001,4fa05a6817ac9d0dcaef07819a21cb049fced34d0f4366e6c1f3b45434f6b862,7319f3588d0ab75393c18dd6e9bbd488b8e0302aa637ac258f0bb5e4cf468655,585b5d16075d9783b0dbf01c5ede102a3b51335490d680dcec05a6e717c4a820,4fa05a6817ac9d0dcaef07819a21cb049fced34d0f4366e6c1f3b45434f6b862,True,7319f3588d0ab75393c18dd6e9bbd488b8e0302aa637ac258f0bb5e4cf468655,585b5d16075d9783b0dbf01c5ede102a3b51335490d680dcec05a6e717c4a820,14,104.50298309326172,False
20,1,27.07505226135254,4fa05a6817ac9d0dcaef07819a21cb049fced34d0f4366e6c1f3b45434f6b862,144ae1519129d7cda941208f432d42ecdf4babe570e95cc34902f386638b1d02,94f1f8d1d0046b11230dbfc94e767c78af401e22a76d5e3a4082c605dd2b5168,114.11917114257812,True,WEIGHT_NUCLEAR,4fa05a6817ac9d0dcaef07819a21cb049fced34d0f4366e6c1f3b45434f6b862,369b134e1038e051574ae10edd384c39c0cfed82e4fbb26b6bc8120ee71e7c95,5c3160dd87cdd1277185dc4350597453c5fc7221037a7549b83389a7566a8b62,u001,4fa05a6817ac9d0dcaef07819a21cb049fced34d0f4366e6c1f3b45434f6b862,12e1e7e417c03de862d2cc9292925a21e7dbe53429c887de44d6b5c48e459ce6,e76f816c0c6feca42e4b4132118126665a7f0282c069a0548540e6e35edda495,4fa05a6817ac9d0dcaef07819a21cb049fced34d0f4366e6c1f3b45434f6b862,True,12e1e7e417c03de862d2cc9292925a21e7dbe53429c887de44d6b5c48e459ce6,e76f816c0c6feca42e4b4132118126665a7f0282c069a0548540e6e35edda495,14,80.39386749267578,False
1,2,0.0,4fa05a6817ac9d0dcaef07819a21cb049fced34d0f4366e6c1f3b45434f6b862,09911762591d19ef5f33049e3a0b5706f6775f0ca5e12b557b8a5d57d05dbf2a,9c739f5c67b63ac7ad53d5c6d6d98f764dc7cf53010a8b4fd209bd0f0fde92a1,0.0,True,WEIGHT_NUCLEAR,LINEAR_COMBINATION,LINEAR_COMBINATION,LINEAR_COMBINATION,u002,LINEAR_COMBINATION,LINEAR_COMBINATION,LINEAR_COMBINATION,LINEAR_COMBINATION,True,LINEAR_COMBINATION,LINEAR_COMBINATION,14,0.0,False
5,2,0.0,4fa05a6817ac9d0dcaef07819a21cb049fced34d0f4366e6c1f3b45434f6b862,1f1ca40cb09bb4c85fecf93915bedd856c3d638a7ec149de1cde33376d9c0bda,7c95e6b1c91e84f5e4b3ffe49094e569c035ec6706c9d827b6569a39fbf7232b,0.0,True,WEIGHT_NUCLEAR,LINEAR_COMBINATION,LINEAR_COMBINATION,LINEAR_COMBINATION,u002,LINEAR_COMBINATION,LINEAR_COMBINATION,LINEAR_COMBINATION,LINEAR_COMBINATION,True,LINEAR_COMBINATION,LINEAR_COMBINATION,14,0.0,False
20,2,0.0,4fa05a6817ac9d0dcaef07819a21cb049fced34d0f4366e6c1f3b45434f6b862,144ae1519129d7cda941208f432d42ecdf4babe570e95cc34902f386638b1d02,94f1f8d1d0046b11230dbfc94e767c78af401e22a76d5e3a4082c605dd2b5168,0.0,True,WEIGHT_NUCLEAR,LINEAR_COMBINATION,LINEAR_COMBINATION,LINEAR_COMBINATION,u002,LINEAR_COMBINATION,LINEAR_COMBINATION,LINEAR_COMBINATION,LINEAR_COMBINATION,True,LINEAR_COMBINATION,LINEAR_COMBINATION,14,0.0,False
1,3,2.553412675857544,4fa05a6817ac9d0dcaef07819a21cb049fced34d0f4366e6c1f3b45434f6b862,09911762591d19ef5f33049e3a0b5706f6775f0ca5e12b557b8a5d57d05dbf2a,9c739f5c67b63ac7ad53d5c6d6d98f764dc7cf53010a8b4fd209bd0f0fde92a1,6.367227077484131,True,WEIGHT_NUCLEAR,4fa05a6817ac9d0dcaef07819a21cb049fced34d0f4366e6c1f3b45434f6b862,caa05455dd9253f123d3bd7bb0bfdd8f1ce5ea55a24b7ad53c25d2de02a17eca,a1aa75b8cc1f163f31ac7686460fa44ab4daff010a208f5b3fb6182cdd523476,u003,4fa05a6817ac9d0dcaef07819a21cb049fced34d0f4366e6c1f3b45434f6b862,1418dd6e1a38af09596808418d5426a6cfb71368303a7bb5a32d33142b0490c7,f3a56dd4a25b33ed54420641c166c57530d570422043fb45cbca928e42c731df,4fa05a6817ac9d0dcaef07819a21cb049fced34d0f4366e6c1f3b45434f6b862,True,1418dd6e1a38af09596808418d5426a6cfb71368303a7bb5a32d33142b0490c7,f3a56dd4a25b33ed54420641c166c57530d570422043fb45cbca928e42c731df,14,3.5331380367279053,False
5,3,21.009408950805664,4fa05a6817ac9d0dcaef07819a21cb049fced34d0f4366e6c1f3b45434f6b862,1f1ca40cb09bb4c85fecf93915bedd856c3d638a7ec149de1cde33376d9c0bda,7c95e6b1c91e84f5e4b3ffe49094e569c035ec6706c9d827b6569a39fbf7232b,50.535362243652344,True,WEIGHT_NUCLEAR,4fa05a6817ac9d0dcaef07819a21cb049fced34d0f4366e6c1f3b45434f6b862,3ec982f114c42e21e52f1506668a18c31415d10f2175796a4caf10a6313559f5,76a35fee192aecbb1fbebdcc46810711492e76cd10a89cc9db3a5bd3a9c9067e,u003,4fa05a6817ac9d0dcaef07819a21cb049fced34d0f4366e6c1f3b45434f6b862,4dbcd309a998f892c1b3a4312f8fd88d62931d88da6b18e3b63e5ccc6b871cdf,7d09029dbdbf27786de479166b0c194c85bd5034a989ced35008e00b2d1edf66,4fa05a6817ac9d0dcaef07819a21cb049fced34d0f4366e6c1f3b45434f6b862,True,4dbcd309a998f892c1b3a4312f8fd88d62931d88da6b18e3b63e5ccc6b871cdf,7d09029dbdbf27786de479166b0c194c85bd5034a989ced35008e00b2d1edf66,14,22.389394760131836,False
20,3,70.42707061767578,4fa05a6817ac9d0dcaef07819a21cb049fced34d0f4366e6c1f3b45434f6b862,144ae1519129d7cda941208f432d42ecdf4babe570e95cc34902f386638b1d02,94f1f8d1d0046b11230dbfc94e767c78af401e22a76d5e3a4082c605dd2b5168,114.39517211914062,True,WEIGHT_NUCLEAR,4fa05a6817ac9d0dcaef07819a21cb049fced34d0f4366e6c1f3b45434f6b862,0ab70a67c40d4d58ffc504008e97647f2131dd82427010613c9843a2dfb76070,74b816804807e4d525c249187935890143df32a6165de0205a8ca5ef7721a604,u003,4fa05a6817ac9d0dcaef07819a21cb049fced34d0f4366e6c1f3b45434f6b862,cda2c9c538cb649f352bdd72665a78b7f21d3c5b15624e612570bd60d6162253,6153bf95f6959f75eb8f27687740a80745106475c4d55a2f2be8a834cd5d9532,4fa05a6817ac9d0dcaef07819a21cb049fced34d0f4366e6c1f3b45434f6b862,True,cda2c9c538cb649f352bdd72665a78b7f21d3c5b15624e612570bd60d6162253,6153bf95f6959f75eb8f27687740a80745106475c4d55a2f2be8a834cd5d9532,14,86.54857635498047,False
1,4,0.0,4fa05a6817ac9d0dcaef07819a21cb049fced34d0f4366e6c1f3b45434f6b862,09911762591d19ef5f33049e3a0b5706f6775f0ca5e12b557b8a5d57d05dbf2a,9c739f5c67b63ac7ad53d5c6d6d98f764dc7cf53010a8b4fd209bd0f0fde92a1,0.0,True,WEIGHT_NUCLEAR,LINEAR_COMBINATION,LINEAR_COMBINATION,LINEAR_COMBINATION,u004,LINEAR_COMBINATION,LINEAR_COMBINATION,LINEAR_COMBINATION,LINEAR_COMBINATION,True,LINEAR_COMBINATION,LINEAR_COMBINATION,14,0.0,False
5,4,0.0,4fa05a6817ac9d0dcaef07819a21cb049fced34d0f4366e6c1f3b45434f6b862,1f1ca40cb09bb4c85fecf93915bedd856c3d638a7ec149de1cde33376d9c0bda,7c95e6b1c91e84f5e4b3ffe49094e569c035ec6706c9d827b6569a39fbf7232b,0.0,True,WEIGHT_NUCLEAR,LINEAR_COMBINATION,LINEAR_COMBINATION,LINEAR_COMBINATION,u004,LINEAR_COMBINATION,LINEAR_COMBINATION,LINEAR_COMBINATION,LINEAR_COMBINATION,True,LINEAR_COMBINATION,LINEAR_COMBINATION,14,0.0,False
20,4,0.0,4fa05a6817ac9d0dcaef07819a21cb049fced34d0f4366e6c1f3b45434f6b862,144ae1519129d7cda941208f432d42ecdf4babe570e95cc34902f386638b1d02,94f1f8d1d0046b11230dbfc94e767c78af401e22a76d5e3a4082c605dd2b5168,0.0,True,WEIGHT_NUCLEAR,LINEAR_COMBINATION,LINEAR_COMBINATION,LINEAR_COMBINATION,u004,LINEAR_COMBINATION,LINEAR_COMBINATION,LINEAR_COMBINATION,LINEAR_COMBINATION,True,LINEAR_COMBINATION,LINEAR_COMBINATION,14,0.0,False
1,-1,5.425267696380615,4fa05a6817ac9d0dcaef07819a21cb049fced34d0f4366e6c1f3b45434f6b862,09911762591d19ef5f33049e3a0b5706f6775f0ca5e12b557b8a5d57d05dbf2a,9c739f5c67b63ac7ad53d5c6d6d98f764dc7cf53010a8b4fd209bd0f0fde92a1,26.269115447998047,True,WEIGHT_NUCLEAR,LINEAR_COMBINATION,LINEAR_COMBINATION,LINEAR_COMBINATION,u005,LINEAR_COMBINATION,LINEAR_COMBINATION,LINEAR_COMBINATION,LINEAR_COMBINATION,True,LINEAR_COMBINATION,LINEAR_COMBINATION,14,19.064401626586914,False
5,-1,26.95221519470215,4fa05a6817ac9d0dcaef07819a21cb049fced34d0f4366e6c1f3b45434f6b862,1f1ca40cb09bb4c85fecf93915bedd856c3d638a7ec149de1cde33376d9c0bda,7c95e6b1c91e84f5e4b3ffe49094e569c035ec6706c9d827b6569a39fbf7232b,208.98196411132812,True,WEIGHT_NUCLEAR,LINEAR_COMBINATION,LINEAR_COMBINATION,LINEAR_COMBINATION,u005,LINEAR_COMBINATION,LINEAR_COMBINATION,LINEAR_COMBINATION,LINEAR_COMBINATION,True,LINEAR_COMBINATION,LINEAR_COMBINATION,14,148.02554321289062,False
20,-1,35.646358489990234,4fa05a6817ac9d0dcaef07819a21cb049fced34d0f4366e6c1f3b45434f6b862,144ae1519129d7cda941208f432d42ecdf4babe570e95cc34902f386638b1d02,94f1f8d1d0046b11230dbfc94e767c78af401e22a76d5e3a4082c605dd2b5168,160.58819580078125,True,WEIGHT_NUCLEAR,LINEAR_COMBINATION,LINEAR_COMBINATION,LINEAR_COMBINATION,u005,LINEAR_COMBINATION,LINEAR_COMBINATION,LINEAR_COMBINATION,LINEAR_COMBINATION,True,LINEAR_COMBINATION,LINEAR_COMBINATION,14,112.76138305664062,False
1,-1,0.27423661947250366,4fa05a6817ac9d0dcaef07819a21cb049fced34d0f4366e6c1f3b45434f6b862,09911762591d19ef5f33049e3a0b5706f6775f0ca5e12b557b8a5d57d05dbf2a,9c739f5c67b63ac7ad53d5c6d6d98f764dc7cf53010a8b4fd209bd0f0fde92a1,0.4659716784954071,True,WEIGHT_NUCLEAR,LINEAR_COMBINATION,LINEAR_COMBINATION,LINEAR_COMBINATION,u006,LINEAR_COMBINATION,LINEAR_COMBINATION,LINEAR_COMBINATION,LINEAR_COMBINATION,True,LINEAR_COMBINATION,LINEAR_COMBINATION,14,0.31821051239967346,False
5,-1,1.1389960050582886,4fa05a6817ac9d0dcaef07819a21cb049fced34d0f4366e6c1f3b45434f6b862,1f1ca40cb09bb4c85fecf93915bedd856c3d638a7ec149de1cde33376d9c0bda,7c95e6b1c91e84f5e4b3ffe49094e569c035ec6706c9d827b6569a39fbf7232b,2.609220504760742,True,WEIGHT_NUCLEAR,LINEAR_COMBINATION,LINEAR_COMBINATION,LINEAR_COMBINATION,u006,LINEAR_COMBINATION,LINEAR_COMBINATION,LINEAR_COMBINATION,LINEAR_COMBINATION,True,LINEAR_COMBINATION,LINEAR_COMBINATION,14,1.4072118997573853,False
20,-1,3.173025369644165,4fa05a6817ac9d0dcaef07819a21cb049fced34d0f4366e6c1f3b45434f6b862,144ae1519129d7cda941208f432d42ecdf4babe570e95cc34902f386638b1d02,94f1f8d1d0046b11230dbfc94e767c78af401e22a76d5e3a4082c605dd2b5168,5.403179168701172,True,WEIGHT_NUCLEAR,LINEAR_COMBINATION,LINEAR_COMBINATION,LINEAR_COMBINATION,u006,LINEAR_COMBINATION,LINEAR_COMBINATION,LINEAR_COMBINATION,LINEAR_COMBINATION,True,LINEAR_COMBINATION,LINEAR_COMBINATION,14,3.6226871013641357,False
1,-1,3.8362436294555664,4fa05a6817ac9d0dcaef07819a21cb049fced34d0f4366e6c1f3b45434f6b862,09911762591d19ef5f33049e3a0b5706f6775f0ca5e12b557b8a5d57d05dbf2a,9c739f5c67b63ac7ad53d5c6d6d98f764dc7cf53010a8b4fd209bd0f0fde92a1,18.575069427490234,True,WEIGHT_NUCLEAR,LINEAR_COMBINATION,LINEAR_COMBINATION,LINEAR_COMBINATION,u007,LINEAR_COMBINATION,LINEAR_COMBINATION,LINEAR_COMBINATION,LINEAR_COMBINATION,True,LINEAR_COMBINATION,LINEAR_COMBINATION,14,13.480567932128906,False
5,-1,19.058094024658203,4fa05a6817ac9d0dcaef07819a21cb049fced34d0f4366e6c1f3b45434f6b862,1f1ca40cb09bb4c85fecf93915bedd856c3d638a7ec149de1cde33376d9c0bda,7c95e6b1c91e84f5e4b3ffe49094e569c035ec6706c9d827b6569a39fbf7232b,147.77256774902344,True,WEIGHT_NUCLEAR,LINEAR_COMBINATION,LINEAR_COMBINATION,LINEAR_COMBINATION,u007,LINEAR_COMBINATION,LINEAR_COMBINATION,LINEAR_COMBINATION,LINEAR_COMBINATION,True,LINEAR_COMBINATION,LINEAR_COMBINATION,14,104.66987609863281,False
20,-1,25.20578384399414,4fa05a6817ac9d0dcaef07819a21cb049fced34d0f4366e6c1f3b45434f6b862,144ae1519129d7cda941208f432d42ecdf4babe570e95cc34902f386638b1d02,94f1f8d1d0046b11230dbfc94e767c78af401e22a76d5e3a4082c605dd2b5168,113.55300903320312,True,WEIGHT_NUCLEAR,LINEAR_COMBINATION,LINEAR_COMBINATION,LINEAR_COMBINATION,u007,LINEAR_COMBINATION,LINEAR_COMBINATION,LINEAR_COMBINATION,LINEAR_COMBINATION,True,LINEAR_COMBINATION,LINEAR_COMBINATION,14,79.73433685302734,False
1,-1,3.8362436294555664,4fa05a6817ac9d0dcaef07819a21cb049fced34d0f4366e6c1f3b45434f6b862,09911762591d19ef5f33049e3a0b5706f6775f0ca5e12b557b8a5d57d05dbf2a,9c739f5c67b63ac7ad53d5c6d6d98f764dc7cf53010a8b4fd209bd0f0fde92a1,18.575069427490234,True,WEIGHT_NUCLEAR,LINEAR_COMBINATION,LINEAR_COMBINATION,LINEAR_COMBINATION,u008,LINEAR_COMBINATION,LINEAR_COMBINATION,LINEAR_COMBINATION,LINEAR_COMBINATION,True,LINEAR_COMBINATION,LINEAR_COMBINATION,14,13.480567932128906,False
5,-1,19.058094024658203,4fa05a6817ac9d0dcaef07819a21cb049fced34d0f4366e6c1f3b45434f6b862,1f1ca40cb09bb4c85fecf93915bedd856c3d638a7ec149de1cde33376d9c0bda,7c95e6b1c91e84f5e4b3ffe49094e569c035ec6706c9d827b6569a39fbf7232b,147.77256774902344,True,WEIGHT_NUCLEAR,LINEAR_COMBINATION,LINEAR_COMBINATION,LINEAR_COMBINATION,u008,LINEAR_COMBINATION,LINEAR_COMBINATION,LINEAR_COMBINATION,LINEAR_COMBINATION,True,LINEAR_COMBINATION,LINEAR_COMBINATION,14,104.66987609863281,False
20,-1,25.20578384399414,4fa05a6817ac9d0dcaef07819a21cb049fced34d0f4366e6c1f3b45434f6b862,144ae1519129d7cda941208f432d42ecdf4babe570e95cc34902f386638b1d02,94f1f8d1d0046b11230dbfc94e767c78af401e22a76d5e3a4082c605dd2b5168,113.55300903320312,True,WEIGHT_NUCLEAR,LINEAR_COMBINATION,LINEAR_COMBINATION,LINEAR_COMBINATION,u008,LINEAR_COMBINATION,LINEAR_COMBINATION,LINEAR_COMBINATION,LINEAR_COMBINATION,True,LINEAR_COMBINATION,LINEAR_COMBINATION,14,79.73433685302734,False
1,-1,1.8055354356765747,4fa05a6817ac9d0dcaef07819a21cb049fced34d0f4366e6c1f3b45434f6b862,09911762591d19ef5f33049e3a0b5706f6775f0ca5e12b557b8a5d57d05dbf2a,9c739f5c67b63ac7ad53d5c6d6d98f764dc7cf53010a8b4fd209bd0f0fde92a1,4.502309322357178,True,WEIGHT_NUCLEAR,LINEAR_COMBINATION,LINEAR_COMBINATION,LINEAR_COMBINATION,u009,LINEAR_COMBINATION,LINEAR_COMBINATION,LINEAR_COMBINATION,LINEAR_COMBINATION,True,LINEAR_COMBINATION,LINEAR_COMBINATION,14,2.4983057975769043,False
5,-1,14.85589599609375,4fa05a6817ac9d0dcaef07819a21cb049fced34d0f4366e6c1f3b45434f6b862,1f1ca40cb09bb4c85fecf93915bedd856c3d638a7ec149de1cde33376d9c0bda,7c95e6b1c91e84f5e4b3ffe49094e569c035ec6706c9d827b6569a39fbf7232b,35.7338981628418,True,WEIGHT_NUCLEAR,LINEAR_COMBINATION,LINEAR_COMBINATION,LINEAR_COMBINATION,u009,LINEAR_COMBINATION,LINEAR_COMBINATION,LINEAR_COMBINATION,LINEAR_COMBINATION,True,LINEAR_COMBINATION,LINEAR_COMBINATION,14,15.831692695617676,False
20,-1,49.79945755004883,4fa05a6817ac9d0dcaef07819a21cb049fced34d0f4366e6c1f3b45434f6b862,144ae1519129d7cda941208f432d42ecdf4babe570e95cc34902f386638b1d02,94f1f8d1d0046b11230dbfc94e767c78af401e22a76d5e3a4082c605dd2b5168,80.88960266113281,True,WEIGHT_NUCLEAR,LINEAR_COMBINATION,LINEAR_COMBINATION,LINEAR_COMBINATION,u009,LINEAR_COMBINATION,LINEAR_COMBINATION,LINEAR_COMBINATION,LINEAR_COMBINATION,True,LINEAR_COMBINATION,LINEAR_COMBINATION,14,61.1990852355957,False
1,-1,1.8055354356765747,4fa05a6817ac9d0dcaef07819a21cb049fced34d0f4366e6c1f3b45434f6b862,09911762591d19ef5f33049e3a0b5706f6775f0ca5e12b557b8a5d57d05dbf2a,9c739f5c67b63ac7ad53d5c6d6d98f764dc7cf53010a8b4fd209bd0f0fde92a1,4.502309322357178,True,WEIGHT_NUCLEAR,LINEAR_COMBINATION,LINEAR_COMBINATION,LINEAR_COMBINATION,u010,LINEAR_COMBINATION,LINEAR_COMBINATION,LINEAR_COMBINATION,LINEAR_COMBINATION,True,LINEAR_COMBINATION,LINEAR_COMBINATION,14,2.4983057975769043,False
5,-1,14.85589599609375,4fa05a6817ac9d0dcaef07819a21cb049fced34d0f4366e6c1f3b45434f6b862,1f1ca40cb09bb4c85fecf93915bedd856c3d638a7ec149de1cde33376d9c0bda,7c95e6b1c91e84f5e4b3ffe49094e569c035ec6706c9d827b6569a39fbf7232b,35.7338981628418,True,WEIGHT_NUCLEAR,LINEAR_COMBINATION,LINEAR_COMBINATION,LINEAR_COMBINATION,u010,LINEAR_COMBINATION,LINEAR_COMBINATION,LINEAR_COMBINATION,LINEAR_COMBINATION,True,LINEAR_COMBINATION,LINEAR_COMBINATION,14,15.831692695617676,False
20,-1,49.79945755004883,4fa05a6817ac9d0dcaef07819a21cb049fced34d0f4366e6c1f3b45434f6b862,144ae1519129d7cda941208f432d42ecdf4babe570e95cc34902f386638b1d02,94f1f8d1d0046b11230dbfc94e767c78af401e22a76d5e3a4082c605dd2b5168,80.88960266113281,True,WEIGHT_NUCLEAR,LINEAR_COMBINATION,LINEAR_COMBINATION,LINEAR_COMBINATION,u010,LINEAR_COMBINATION,LINEAR_COMBINATION,LINEAR_COMBINATION,LINEAR_COMBINATION,True,LINEAR_COMBINATION,LINEAR_COMBINATION,14,61.1990852355957,False
1,0,2.7356467247009277,be6976478760fd3b300aa264096a9d98d4d88f17a7f83a50233fb533af1756f0,d4c8e5208b5d83cc06331e792012a6c167af55ca92eb43da6f1e231dd7cc1ca8,997592b78aecceb90defe7f24516b559e6dcf4ed970b01672a56b56f659f4605,16.33898162841797,True,FEATURE_NUCLEAR,be6976478760fd3b300aa264096a9d98d4d88f17a7f83a50233fb533af1756f0,3cce5781acc9e73b0351f9158f10a01ad3501e649618195cc427bf04b93ee5f1,72ff2e7a3281f3a728bb062235c79ff97fc2f3e9230c892bd55746bcc3958a37,u000,be6976478760fd3b300aa264096a9d98d4d88f17a7f83a50233fb533af1756f0,eddbc27979162b7403721489ade921f23e5a5a67906926288e34f4bf4bd32c43,51a534ea8b172d4340ce90200c3f0377e838bc0601869e532ab27f2aec3427f7,be6976478760fd3b300aa264096a9d98d4d88f17a7f83a50233fb533af1756f0,True,eddbc27979162b7403721489ade921f23e5a5a67906926288e34f4bf4bd32c43,51a534ea8b172d4340ce90200c3f0377e838bc0601869e532ab27f2aec3427f7,14,11.79724407196045,False
5,0,19.871492385864258,be6976478760fd3b300aa264096a9d98d4d88f17a7f83a50233fb533af1756f0,244b2d3aab8066667feba9b705750701278b6167243bd1559e251fca2ca21fff,240604953833d7439344a91af0a2281736e6bfa0de1303b4b625215c2ad61893,144.4649200439453,True,FEATURE_NUCLEAR,be6976478760fd3b300aa264096a9d98d4d88f17a7f83a50233fb533af1756f0,7214da8a9b157ef046e6878608f2745d52f318042e16ffc3d90df83a3a80817e,efdd2fec4582c886c8f51036fc51bdffe779217e66dcc59e87bf881c4c20a1e2,u000,be6976478760fd3b300aa264096a9d98d4d88f17a7f83a50233fb533af1756f0,0e6c4e83916427f0d396191e47ab3abb25fbd01da31d23f5274add093b93b672,d7bf44fe8cf0942e7a54fc5ed75ccac72135fae09534eaa2fa0f6476d79a2b28,be6976478760fd3b300aa264096a9d98d4d88f17a7f83a50233fb533af1756f0,True,0e6c4e83916427f0d396191e47ab3abb25fbd01da31d23f5274add093b93b672,d7bf44fe8cf0942e7a54fc5ed75ccac72135fae09534eaa2fa0f6476d79a2b28,14,104.84166717529297,False
20,0,23.66246795654297,be6976478760fd3b300aa264096a9d98d4d88f17a7f83a50233fb533af1756f0,013453074edc4b88cb4548dd64205afae30ca6883006da20a1c4c55d4171892e,323e686b9927482adac728b909dc74dbfc6a310ad2d4af7fcb3bbd81daa188dd,107.84019470214844,True,FEATURE_NUCLEAR,be6976478760fd3b300aa264096a9d98d4d88f17a7f83a50233fb533af1756f0,25bd0af9bf69624f588a24ad233f66f29f0833c387c65857a3379b346644fc2e,dfb9410c9e0edf80ffd67271c68e68b91803da7f7b1ae7bf8cf4258fc7d8f09f,u000,be6976478760fd3b300aa264096a9d98d4d88f17a7f83a50233fb533af1756f0,4a6ab51a4aac850fb7b6f855632ce3599e598591f897010bed13312700670d83,7910156ee4363809a7cf5ad5a02d95fd0dd3740dac5560b21853d2dd50b37874,be6976478760fd3b300aa264096a9d98d4d88f17a7f83a50233fb533af1756f0,True,4a6ab51a4aac850fb7b6f855632ce3599e598591f897010bed13312700670d83,7910156ee4363809a7cf5ad5a02d95fd0dd3740dac5560b21853d2dd50b37874,14,76.2908706665039,False
1,1,2.9545347690582275,be6976478760fd3b300aa264096a9d98d4d88f17a7f83a50233fb533af1756f0,d4c8e5208b5d83cc06331e792012a6c167af55ca92eb43da6f1e231dd7cc1ca8,997592b78aecceb90defe7f24516b559e6dcf4ed970b01672a56b56f659f4605,16.2044734954834,True,FEATURE_NUCLEAR,be6976478760fd3b300aa264096a9d98d4d88f17a7f83a50233fb533af1756f0,881aea741c93bb037c9aafd4572aabc8057dc26e30a76652553f70cb2bfb3cae,729e3ce0f98c05f825fb4f21ee066c12c7d531552162b2cf24ecb0622b8fb1ca,u001,be6976478760fd3b300aa264096a9d98d4d88f17a7f83a50233fb533af1756f0,475ab35115d5b84c8c5fb321feed470ea47ddd245c84aaa4f72cc2b84735c738,a23a79334d4791ff8c37d713b3ae7f5efc230b8c58fcd596f130e2b2afec58d9,be6976478760fd3b300aa264096a9d98d4d88f17a7f83a50233fb533af1756f0,True,475ab35115d5b84c8c5fb321feed470ea47ddd245c84aaa4f72cc2b84735c738,a23a79334d4791ff8c37d713b3ae7f5efc230b8c58fcd596f130e2b2afec58d9,14,11.677312850952148,False
5,1,19.326753616333008,be6976478760fd3b300aa264096a9d98d4d88f17a7f83a50233fb533af1756f0,244b2d3aab8066667feba9b705750701278b6167243bd1559e251fca2ca21fff,240604953833d7439344a91af0a2281736e6bfa0de1303b4b625215c2ad61893,143.6444091796875,True,FEATURE_NUCLEAR,be6976478760fd3b300aa264096a9d98d4d88f17a7f83a50233fb533af1756f0,90987407446d02283c7d69f6cf2170b2875b04de714fe5ca1253ef635aca0b28,dd905d7e6112972917397bbf9871d815cdd09d35179cd5e7998c27716187b4f6,u001,be6976478760fd3b300aa264096a9d98d4d88f17a7f83a50233fb533af1756f0,080583d1a7e7576b47cc5ae48dca88e5a4e4d034fdecad862e6286d7e938ce1e,745ebedf6de5863d76d6a5c71704c907de0f4295bcbb56801b2a6539d61bdb1a,be6976478760fd3b300aa264096a9d98d4d88f17a7f83a50233fb533af1756f0,True,080583d1a7e7576b47cc5ae48dca88e5a4e4d034fdecad862e6286d7e938ce1e,745ebedf6de5863d76d6a5c71704c907de0f4295bcbb56801b2a6539d61bdb1a,14,104.3561019897461,False
20,1,27.593259811401367,be6976478760fd3b300aa264096a9d98d4d88f17a7f83a50233fb533af1756f0,013453074edc4b88cb4548dd64205afae30ca6883006da20a1c4c55d4171892e,323e686b9927482adac728b909dc74dbfc6a310ad2d4af7fcb3bbd81daa188dd,108.64420318603516,True,FEATURE_NUCLEAR,be6976478760fd3b300aa264096a9d98d4d88f17a7f83a50233fb533af1756f0,d0c29e483f5e8514932c2c52f96a4de06bce3f373eb18a0e16d2d12c85330027,b154a14db76adfb634c8f68e1910e024e372849b32252ae8a800353b818df036,u001,be6976478760fd3b300aa264096a9d98d4d88f17a7f83a50233fb533af1756f0,649f23cd2db23d2311289debe0d1e05e4be2b6af43d036a30e750d3d64642610,d6b954e83a450006b30498bd823a751fefc4e296589f8fc4f8b05e83c09ea1df,be6976478760fd3b300aa264096a9d98d4d88f17a7f83a50233fb533af1756f0,True,649f23cd2db23d2311289debe0d1e05e4be2b6af43d036a30e750d3d64642610,d6b954e83a450006b30498bd823a751fefc4e296589f8fc4f8b05e83c09ea1df,14,77.90999603271484,False
1,2,0.0,be6976478760fd3b300aa264096a9d98d4d88f17a7f83a50233fb533af1756f0,d4c8e5208b5d83cc06331e792012a6c167af55ca92eb43da6f1e231dd7cc1ca8,997592b78aecceb90defe7f24516b559e6dcf4ed970b01672a56b56f659f4605,0.0,True,FEATURE_NUCLEAR,LINEAR_COMBINATION,LINEAR_COMBINATION,LINEAR_COMBINATION,u002,LINEAR_COMBINATION,LINEAR_COMBINATION,LINEAR_COMBINATION,LINEAR_COMBINATION,True,LINEAR_COMBINATION,LINEAR_COMBINATION,14,0.0,False
5,2,0.0,be6976478760fd3b300aa264096a9d98d4d88f17a7f83a50233fb533af1756f0,244b2d3aab8066667feba9b705750701278b6167243bd1559e251fca2ca21fff,240604953833d7439344a91af0a2281736e6bfa0de1303b4b625215c2ad61893,0.0,True,FEATURE_NUCLEAR,LINEAR_COMBINATION,LINEAR_COMBINATION,LINEAR_COMBINATION,u002,LINEAR_COMBINATION,LINEAR_COMBINATION,LINEAR_COMBINATION,LINEAR_COMBINATION,True,LINEAR_COMBINATION,LINEAR_COMBINATION,14,0.0,False
20,2,0.0,be6976478760fd3b300aa264096a9d98d4d88f17a7f83a50233fb533af1756f0,013453074edc4b88cb4548dd64205afae30ca6883006da20a1c4c55d4171892e,323e686b9927482adac728b909dc74dbfc6a310ad2d4af7fcb3bbd81daa188dd,0.0,True,FEATURE_NUCLEAR,LINEAR_COMBINATION,LINEAR_COMBINATION,LINEAR_COMBINATION,u002,LINEAR_COMBINATION,LINEAR_COMBINATION,LINEAR_COMBINATION,LINEAR_COMBINATION,True,LINEAR_COMBINATION,LINEAR_COMBINATION,14,0.0,False
1,3,2.0989418029785156,be6976478760fd3b300aa264096a9d98d4d88f17a7f83a50233fb533af1756f0,d4c8e5208b5d83cc06331e792012a6c167af55ca92eb43da6f1e231dd7cc1ca8,997592b78aecceb90defe7f24516b559e6dcf4ed970b01672a56b56f659f4605,6.192105293273926,True,FEATURE_NUCLEAR,be6976478760fd3b300aa264096a9d98d4d88f17a7f83a50233fb533af1756f0,de8061a1ac6793dc29ecb8fb2c6e8d3a3ac2e589bd55efe7da052454071cc39d,c0fa0392bb8674694b0a82a74e49e05d7202fa25e5c0cbd6f83e46f79c5275de,u003,be6976478760fd3b300aa264096a9d98d4d88f17a7f83a50233fb533af1756f0,e32420ec3e0a89ee561fdd20d7a2843af91ca5be4f5c8978269a8c0c5b5c9fbc,38f46f166cd066ba64a04f3115942c48177dde465e59712c37ecb5d11529699f,be6976478760fd3b300aa264096a9d98d4d88f17a7f83a50233fb533af1756f0,True,e32420ec3e0a89ee561fdd20d7a2843af91ca5be4f5c8978269a8c0c5b5c9fbc,38f46f166cd066ba64a04f3115942c48177dde465e59712c37ecb5d11529699f,14,3.0220940113067627,False
5,3,18.676353454589844,be6976478760fd3b300aa264096a9d98d4d88f17a7f83a50233fb533af1756f0,244b2d3aab8066667feba9b705750701278b6167243bd1559e251fca2ca21fff,240604953833d7439344a91af0a2281736e6bfa0de1303b4b625215c2ad61893,52.7734375,True,FEATURE_NUCLEAR,be6976478760fd3b300aa264096a9d98d4d88f17a7f83a50233fb533af1756f0,5ca9e51b2b3a323a69d1f3c8bd93fb17b7b656d1ebcc35c08cdd2bac6a173d0a,aec19c6a0f0885b7551e40c3e0faab91cf136f2f841e2a968bb80ac6a5de32b3,u003,be6976478760fd3b300aa264096a9d98d4d88f17a7f83a50233fb533af1756f0,65f2bb15efe9aa293f3797e60d219c5a7911620f0919869cbc54d27b2921f841,64b47209c90474f643c07e81ed5983523ab1a44d93670da6faa0fa856f1179e2,be6976478760fd3b300aa264096a9d98d4d88f17a7f83a50233fb533af1756f0,True,65f2bb15efe9aa293f3797e60d219c5a7911620f0919869cbc54d27b2921f841,64b47209c90474f643c07e81ed5983523ab1a44d93670da6faa0fa856f1179e2,14,22.17137336730957,False
20,3,67.92723846435547,be6976478760fd3b300aa264096a9d98d4d88f17a7f83a50233fb533af1756f0,013453074edc4b88cb4548dd64205afae30ca6883006da20a1c4c55d4171892e,323e686b9927482adac728b909dc74dbfc6a310ad2d4af7fcb3bbd81daa188dd,121.9333724975586,True,FEATURE_NUCLEAR,be6976478760fd3b300aa264096a9d98d4d88f17a7f83a50233fb533af1756f0,51ab864840f1faabb91353ad114e4495661dfe637e8a864e846b46ada014433e,3e7569acef7e4c29b511c281cd53850f88c2b309b6fb0902535f15a065d4e78f,u003,be6976478760fd3b300aa264096a9d98d4d88f17a7f83a50233fb533af1756f0,dba8ad4c66393b8a05d01c0c8fb37ee0e0ff561d1e62463b5537010830505c97,9f1cf8ca5237f9d262adbb3624a8606c79f5fa4d70410c5727859d1445eafff0,be6976478760fd3b300aa264096a9d98d4d88f17a7f83a50233fb533af1756f0,True,dba8ad4c66393b8a05d01c0c8fb37ee0e0ff561d1e62463b5537010830505c97,9f1cf8ca5237f9d262adbb3624a8606c79f5fa4d70410c5727859d1445eafff0,14,92.65904998779297,False
1,4,0.0,be6976478760fd3b300aa264096a9d98d4d88f17a7f83a50233fb533af1756f0,d4c8e5208b5d83cc06331e792012a6c167af55ca92eb43da6f1e231dd7cc1ca8,997592b78aecceb90defe7f24516b559e6dcf4ed970b01672a56b56f659f4605,0.0,True,FEATURE_NUCLEAR,LINEAR_COMBINATION,LINEAR_COMBINATION,LINEAR_COMBINATION,u004,LINEAR_COMBINATION,LINEAR_COMBINATION,LINEAR_COMBINATION,LINEAR_COMBINATION,True,LINEAR_COMBINATION,LINEAR_COMBINATION,14,0.0,False
5,4,0.0,be6976478760fd3b300aa264096a9d98d4d88f17a7f83a50233fb533af1756f0,244b2d3aab8066667feba9b705750701278b6167243bd1559e251fca2ca21fff,240604953833d7439344a91af0a2281736e6bfa0de1303b4b625215c2ad61893,0.0,True,FEATURE_NUCLEAR,LINEAR_COMBINATION,LINEAR_COMBINATION,LINEAR_COMBINATION,u004,LINEAR_COMBINATION,LINEAR_COMBINATION,LINEAR_COMBINATION,LINEAR_COMBINATION,True,LINEAR_COMBINATION,LINEAR_COMBINATION,14,0.0,False
20,4,0.0,be6976478760fd3b300aa264096a9d98d4d88f17a7f83a50233fb533af1756f0,013453074edc4b88cb4548dd64205afae30ca6883006da20a1c4c55d4171892e,323e686b9927482adac728b909dc74dbfc6a310ad2d4af7fcb3bbd81daa188dd,0.0,True,FEATURE_NUCLEAR,LINEAR_COMBINATION,LINEAR_COMBINATION,LINEAR_COMBINATION,u004,LINEAR_COMBINATION,LINEAR_COMBINATION,LINEAR_COMBINATION,LINEAR_COMBINATION,True,LINEAR_COMBINATION,LINEAR_COMBINATION,14,0.0,False
1,-1,4.020110607147217,be6976478760fd3b300aa264096a9d98d4d88f17a7f83a50233fb533af1756f0,d4c8e5208b5d83cc06331e792012a6c167af55ca92eb43da6f1e231dd7cc1ca8,997592b78aecceb90defe7f24516b559e6dcf4ed970b01672a56b56f659f4605,23.0071964263916,True,FEATURE_NUCLEAR,LINEAR_COMBINATION,LINEAR_COMBINATION,LINEAR_COMBINATION,u005,LINEAR_COMBINATION,LINEAR_COMBINATION,LINEAR_COMBINATION,LINEAR_COMBINATION,True,LINEAR_COMBINATION,LINEAR_COMBINATION,14,16.596019744873047,False
5,-1,27.704301834106445,be6976478760fd3b300aa264096a9d98d4d88f17a7f83a50233fb533af1756f0,244b2d3aab8066667feba9b705750701278b6167243bd1559e251fca2ca21fff,240604953833d7439344a91af0a2281736e6bfa0de1303b4b625215c2ad61893,203.7047119140625,True,FEATURE_NUCLEAR,LINEAR_COMBINATION,LINEAR_COMBINATION,LINEAR_COMBINATION,u005,LINEAR_COMBINATION,LINEAR_COMBINATION,LINEAR_COMBINATION,LINEAR_COMBINATION,True,LINEAR_COMBINATION,LINEAR_COMBINATION,14,147.9175567626953,False
20,-1,36.15947723388672,be6976478760fd3b300aa264096a9d98d4d88f17a7f83a50233fb533af1756f0,013453074edc4b88cb4548dd64205afae30ca6883006da20a1c4c55d4171892e,323e686b9927482adac728b909dc74dbfc6a310ad2d4af7fcb3bbd81daa188dd,152.963134765625,True,FEATURE_NUCLEAR,LINEAR_COMBINATION,LINEAR_COMBINATION,LINEAR_COMBINATION,u005,LINEAR_COMBINATION,LINEAR_COMBINATION,LINEAR_COMBINATION,LINEAR_COMBINATION,True,LINEAR_COMBINATION,LINEAR_COMBINATION,14,108.97081756591797,False
1,-1,0.22748228907585144,be6976478760fd3b300aa264096a9d98d4d88f17a7f83a50233fb533af1756f0,d4c8e5208b5d83cc06331e792012a6c167af55ca92eb43da6f1e231dd7cc1ca8,997592b78aecceb90defe7f24516b559e6dcf4ed970b01672a56b56f659f4605,0.46493834257125854,True,FEATURE_NUCLEAR,LINEAR_COMBINATION,LINEAR_COMBINATION,LINEAR_COMBINATION,u006,LINEAR_COMBINATION,LINEAR_COMBINATION,LINEAR_COMBINATION,LINEAR_COMBINATION,True,LINEAR_COMBINATION,LINEAR_COMBINATION,14,0.32670411467552185,False
5,-1,0.9334214925765991,be6976478760fd3b300aa264096a9d98d4d88f17a7f83a50233fb533af1756f0,244b2d3aab8066667feba9b705750701278b6167243bd1559e251fca2ca21fff,240604953833d7439344a91af0a2281736e6bfa0de1303b4b625215c2ad61893,2.8688039779663086,True,FEATURE_NUCLEAR,LINEAR_COMBINATION,LINEAR_COMBINATION,LINEAR_COMBINATION,u006,LINEAR_COMBINATION,LINEAR_COMBINATION,LINEAR_COMBINATION,LINEAR_COMBINATION,True,LINEAR_COMBINATION,LINEAR_COMBINATION,14,1.5385273694992065,False
20,-1,3.7138497829437256,be6976478760fd3b300aa264096a9d98d4d88f17a7f83a50233fb533af1756f0,013453074edc4b88cb4548dd64205afae30ca6883006da20a1c4c55d4171892e,323e686b9927482adac728b909dc74dbfc6a310ad2d4af7fcb3bbd81daa188dd,5.945160865783691,True,FEATURE_NUCLEAR,LINEAR_COMBINATION,LINEAR_COMBINATION,LINEAR_COMBINATION,u006,LINEAR_COMBINATION,LINEAR_COMBINATION,LINEAR_COMBINATION,LINEAR_COMBINATION,True,LINEAR_COMBINATION,LINEAR_COMBINATION,14,3.95279860496521,False
1,-1,2.8426475524902344,be6976478760fd3b300aa264096a9d98d4d88f17a7f83a50233fb533af1756f0,d4c8e5208b5d83cc06331e792012a6c167af55ca92eb43da6f1e231dd7cc1ca8,997592b78aecceb90defe7f24516b559e6dcf4ed970b01672a56b56f659f4605,16.268545150756836,True,FEATURE_NUCLEAR,LINEAR_COMBINATION,LINEAR_COMBINATION,LINEAR_COMBINATION,u007,LINEAR_COMBINATION,LINEAR_COMBINATION,LINEAR_COMBINATION,LINEAR_COMBINATION,True,LINEAR_COMBINATION,LINEAR_COMBINATION,14,11.73515796661377,False
5,-1,19.589900970458984,be6976478760fd3b300aa264096a9d98d4d88f17a7f83a50233fb533af1756f0,244b2d3aab8066667feba9b705750701278b6167243bd1559e251fca2ca21fff,240604953833d7439344a91af0a2281736e6bfa0de1303b4b625215c2ad61893,144.04098510742188,True,FEATURE_NUCLEAR,LINEAR_COMBINATION,LINEAR_COMBINATION,LINEAR_COMBINATION,u007,LINEAR_COMBINATION,LINEAR_COMBINATION,LINEAR_COMBINATION,LINEAR_COMBINATION,True,LINEAR_COMBINATION,LINEAR_COMBINATION,14,104.593505859375,False
20,-1,25.56861114501953,be6976478760fd3b300aa264096a9d98d4d88f17a7f83a50233fb533af1756f0,013453074edc4b88cb4548dd64205afae30ca6883006da20a1c4c55d4171892e,323e686b9927482adac728b909dc74dbfc6a310ad2d4af7fcb3bbd81daa188dd,108.16126251220703,True,FEATURE_NUCLEAR,LINEAR_COMBINATION,LINEAR_COMBINATION,LINEAR_COMBINATION,u007,LINEAR_COMBINATION,LINEAR_COMBINATION,LINEAR_COMBINATION,LINEAR_COMBINATION,True,LINEAR_COMBINATION,LINEAR_COMBINATION,14,77.05400848388672,False
1,-1,2.8426475524902344,be6976478760fd3b300aa264096a9d98d4d88f17a7f83a50233fb533af1756f0,d4c8e5208b5d83cc06331e792012a6c167af55ca92eb43da6f1e231dd7cc1ca8,997592b78aecceb90defe7f24516b559e6dcf4ed970b01672a56b56f659f4605,16.268545150756836,True,FEATURE_NUCLEAR,LINEAR_COMBINATION,LINEAR_COMBINATION,LINEAR_COMBINATION,u008,LINEAR_COMBINATION,LINEAR_COMBINATION,LINEAR_COMBINATION,LINEAR_COMBINATION,True,LINEAR_COMBINATION,LINEAR_COMBINATION,14,11.73515796661377,False
5,-1,19.589900970458984,be6976478760fd3b300aa264096a9d98d4d88f17a7f83a50233fb533af1756f0,244b2d3aab8066667feba9b705750701278b6167243bd1559e251fca2ca21fff,240604953833d7439344a91af0a2281736e6bfa0de1303b4b625215c2ad61893,144.04098510742188,True,FEATURE_NUCLEAR,LINEAR_COMBINATION,LINEAR_COMBINATION,LINEAR_COMBINATION,u008,LINEAR_COMBINATION,LINEAR_COMBINATION,LINEAR_COMBINATION,LINEAR_COMBINATION,True,LINEAR_COMBINATION,LINEAR_COMBINATION,14,104.593505859375,False
20,-1,25.56861114501953,be6976478760fd3b300aa264096a9d98d4d88f17a7f83a50233fb533af1756f0,013453074edc4b88cb4548dd64205afae30ca6883006da20a1c4c55d4171892e,323e686b9927482adac728b909dc74dbfc6a310ad2d4af7fcb3bbd81daa188dd,108.16126251220703,True,FEATURE_NUCLEAR,LINEAR_COMBINATION,LINEAR_COMBINATION,LINEAR_COMBINATION,u008,LINEAR_COMBINATION,LINEAR_COMBINATION,LINEAR_COMBINATION,LINEAR_COMBINATION,True,LINEAR_COMBINATION,LINEAR_COMBINATION,14,77.05400848388672,False
1,-1,1.4841758012771606,be6976478760fd3b300aa264096a9d98d4d88f17a7f83a50233fb533af1756f0,d4c8e5208b5d83cc06331e792012a6c167af55ca92eb43da6f1e231dd7cc1ca8,997592b78aecceb90defe7f24516b559e6dcf4ed970b01672a56b56f659f4605,4.378479480743408,True,FEATURE_NUCLEAR,LINEAR_COMBINATION,LINEAR_COMBINATION,LINEAR_COMBINATION,u009,LINEAR_COMBINATION,LINEAR_COMBINATION,LINEAR_COMBINATION,LINEAR_COMBINATION,True,LINEAR_COMBINATION,LINEAR_COMBINATION,14,2.1369433403015137,False
5,-1,13.206175804138184,be6976478760fd3b300aa264096a9d98d4d88f17a7f83a50233fb533af1756f0,244b2d3aab8066667feba9b705750701278b6167243bd1559e251fca2ca21fff,240604953833d7439344a91af0a2281736e6bfa0de1303b4b625215c2ad61893,37.31645584106445,True,FEATURE_NUCLEAR,LINEAR_COMBINATION,LINEAR_COMBINATION,LINEAR_COMBINATION,u009,LINEAR_COMBINATION,LINEAR_COMBINATION,LINEAR_COMBINATION,LINEAR_COMBINATION,True,LINEAR_COMBINATION,LINEAR_COMBINATION,14,15.677528381347656,False
20,-1,48.03181076049805,be6976478760fd3b300aa264096a9d98d4d88f17a7f83a50233fb533af1756f0,013453074edc4b88cb4548dd64205afae30ca6883006da20a1c4c55d4171892e,323e686b9927482adac728b909dc74dbfc6a310ad2d4af7fcb3bbd81daa188dd,86.21991729736328,True,FEATURE_NUCLEAR,LINEAR_COMBINATION,LINEAR_COMBINATION,LINEAR_COMBINATION,u009,LINEAR_COMBINATION,LINEAR_COMBINATION,LINEAR_COMBINATION,LINEAR_COMBINATION,True,LINEAR_COMBINATION,LINEAR_COMBINATION,14,65.51984405517578,False
1,-1,1.4841758012771606,be6976478760fd3b300aa264096a9d98d4d88f17a7f83a50233fb533af1756f0,d4c8e5208b5d83cc06331e792012a6c167af55ca92eb43da6f1e231dd7cc1ca8,997592b78aecceb90defe7f24516b559e6dcf4ed970b01672a56b56f659f4605,4.378479480743408,True,FEATURE_NUCLEAR,LINEAR_COMBINATION,LINEAR_COMBINATION,LINEAR_COMBINATION,u010,LINEAR_COMBINATION,LINEAR_COMBINATION,LINEAR_COMBINATION,LINEAR_COMBINATION,True,LINEAR_COMBINATION,LINEAR_COMBINATION,14,2.1369433403015137,False
5,-1,13.206175804138184,be6976478760fd3b300aa264096a9d98d4d88f17a7f83a50233fb533af1756f0,244b2d3aab8066667feba9b705750701278b6167243bd1559e251fca2ca21fff,240604953833d7439344a91af0a2281736e6bfa0de1303b4b625215c2ad61893,37.31645584106445,True,FEATURE_NUCLEAR,LINEAR_COMBINATION,LINEAR_COMBINATION,LINEAR_COMBINATION,u010,LINEAR_COMBINATION,LINEAR_COMBINATION,LINEAR_COMBINATION,LINEAR_COMBINATION,True,LINEAR_COMBINATION,LINEAR_COMBINATION,14,15.677528381347656,False
20,-1,48.03181076049805,be6976478760fd3b300aa264096a9d98d4d88f17a7f83a50233fb533af1756f0,013453074edc4b88cb4548dd64205afae30ca6883006da20a1c4c55d4171892e,323e686b9927482adac728b909dc74dbfc6a310ad2d4af7fcb3bbd81daa188dd,86.21991729736328,True,FEATURE_NUCLEAR,LINEAR_COMBINATION,LINEAR_COMBINATION,LINEAR_COMBINATION,u010,LINEAR_COMBINATION,LINEAR_COMBINATION,LINEAR_COMBINATION,LINEAR_COMBINATION,True,LINEAR_COMBINATION,LINEAR_COMBINATION,14,65.51984405517578,False
