bank,checkpoint,condition_number_eps1e12,cumulative_explained_spectral_mass,effective_rank,frobenius_norm,method,nuclear_norm,numerical_rank_1e2,numerical_rank_1e3,numerical_rank_1e4,seed,singular_values,spectral_norm,stable_rank,top1_spectral_mass,top5_spectral_mass,variant
source_balanced_classifier_grad,500,7175240830648.19,"[0.4711267355573067, 0.7230858271610536, 0.7701881527834759, 0.8041861705821056, 0.8305691627209354, 0.8547547465448481, 0.871849565416399, 0.8858761449657618, 0.8978769142753794, 0.9093615675919923, 0.9180283582576128, 0.9258205374764767, 0.9332086976503335, 0.939755130106067, 0.9454222172955052, 0.9506514401096804, 0.9554493718236028, 0.9597833084212478, 0.9633837620369405, 0.9668141229059114, 0.9697771018809259, 0.9727026623567672, 0.9753613979527201, 0.9774962755775537, 0.9794473024079995, 0.9812643454575359, 0.982981521483127, 0.9845496838392576, 0.9860238837048704, 0.9873630609578422, 0.988531223020374, 0.9896835159575854, 0.9907121243941385, 0.9915785189727913, 0.9924125754985372, 0.9931746036392693, 0.9938885270689956, 0.9945701795265105, 0.9952253390580551, 0.9958335830069777, 0.9963166715363423, 0.9967606791700727, 0.9971821025214017, 0.9975649603425802, 0.9978745904228239, 0.9981767848166916, 0.9984280304877208, 0.9986700664861624, 0.9988925180796518, 0.9990785796930968, 0.9992558166507965, 0.9994026869832361, 0.9995326686756794, 0.9996243067372139, 0.9997103665260947, 0.9997877010450434, 0.9998422913146803, 0.9998889075278014, 0.9999277388474652, 0.999950710674912, 0.9999695573433472, 0.9999819749704604, 0.9999918180215197, 1.0000000000000002, 1.0000000000000002]",6.652216580897126,8.219631396759675,ERM,15.22995892423815,17,41,57,10,"[7.175240830648191, 3.8373266157134234, 0.717366484465581, 0.5177884145786497, 0.40181188657287603, 0.368345448196908, 0.2603533892310115, 0.2136242303843544, 0.18277122364473417, 0.17491079827112904, 0.13199486584236986, 0.11867456943360093, 0.11252137597353049, 0.0997018974011211, 0.08630950511522024, 0.07964084866557658, 0.07307230292433839, 0.0660056763623867, 0.054834760675624906, 0.052244255129740624, 0.04512604808285223, 0.044556165877437104, 0.04049243391677376, 0.032514098534489416, 0.029714058487775977, 0.02767349100801173, 0.02615252033543772, 0.02388304827040403, 0.0224520033994007, 0.020395614555035056, 0.017791060229211966, 0.017549374102419846, 0.015665664237828378, 0.013195153845063912, 0.01270264662760445, 0.01160565728246367, 0.010873024509780702, 0.010381538928559017, 0.009978052754247568, 0.009263530358007465, 0.007357418458993423, 0.0067622180237618, 0.0064182603304558114, 0.005830908890373106, 0.004715653403819948, 0.004602408205739994, 0.003826461249666505, 0.0036861983144524657, 0.003387928631475618, 0.002833710730143198, 0.002699311585623855, 0.00223682913024354, 0.001979615836813293, 0.0013956439130676168, 0.001310687049681832, 0.0011778015470147456, 0.000831407564231794, 0.0007099630110371862, 0.0005913994034547815, 0.00034985998842998787, 0.00028703398612778334, 0.0001891199508690692, 0.00014990926332361938, 0.00012461119617643225, 2.3702832406603136e-20]",7.175240830648191,1.3122957429837225,0.4711267355573067,0.8305691627209355,ERM_CANONICAL
source_balanced_classifier_grad,500,13950621271231.82,"[0.34867522265261736, 0.46246557998661114, 0.530935482984782, 0.5687517939685378, 0.5981179163318143, 0.6247762829983714, 0.6487704065973906, 0.670498769877104, 0.6896719439340265, 0.7074510250031485, 0.7245289604957706, 0.7403507940541525, 0.7544466901051834, 0.7674891855677907, 0.7802489532243708, 0.7929049636997476, 0.8046025487700015, 0.8150822501525345, 0.8246061989683657, 0.8336836065276559, 0.8425550610530232, 0.8512012850659136, 0.8594901266902198, 0.8675744640424994, 0.8752588895899376, 0.8825140305105229, 0.8894074477445885, 0.8958539819840919, 0.9019824593911852, 0.9079719844807869, 0.9137989119250813, 0.9191679157740653, 0.9242408921915665, 0.9291112828172734, 0.9339146999523259, 0.9385181786031063, 0.9427234529927752, 0.9468618955092926, 0.950719831346536, 0.9542277045980538, 0.9575515769922699, 0.9607063275557153, 0.9637924460324928, 0.9667782767096665, 0.9695243765615978, 0.9721178036705512, 0.974464721816051, 0.976800274284788, 0.9790530001781, 0.981174726715477, 0.9832015779262602, 0.9851011199323497, 0.9868108286617683, 0.9883676381282037, 0.9898538812132445, 0.9912792740765716, 0.9926730493763064, 0.9939461749934141, 0.9951709946076277, 0.9963827977307903, 0.9975149815797699, 0.9985892511313285, 0.9994108978087171, 1.0000000000000002, 1.0000000000000002]",17.93198049520271,15.313085864779065,IRMv1,40.0103602576049,40,64,64,10,"[13.950621271231821, 4.552793190774685, 2.7395054857600796, 1.5130442260736894, 1.1749491351236017, 1.066610854208275, 0.9600135292622577, 0.8693596426294469, 0.767125601299236, 0.7113474386247347, 0.6832943515159505, 0.6330372606067185, 0.5639818791554979, 0.5218349421170961, 0.5105229007431058, 0.5063715385438446, 0.46802459280483855, 0.41929662770726817, 0.38105662319639405, 0.36319034665230654, 0.3549500915689037, 0.3459385376236968, 0.3316395395067226, 0.323457249908716, 0.30745663452574584, 0.290280801952308, 0.2758081069409462, 0.25792815733551944, 0.2452025888883897, 0.23964305660692942, 0.23313746624114534, 0.21481577822231418, 0.2029716140425555, 0.1948660835297968, 0.1921864500410018, 0.18418683925591597, 0.16825454331273115, 0.1655805759912489, 0.15435740269883474, 0.1403512725312453, 0.1329893319428928, 0.12622270656633092, 0.1234767120535179, 0.11946416106192781, 0.10987244437912683, 0.1037639529310626, 0.09390104049655826, 0.09344629567470591, 0.09013237455304995, 0.08489104312857286, 0.0810950471319992, 0.07600135998809507, 0.06840606219960894, 0.062288507604529905, 0.05946512126285406, 0.05703048197033815, 0.0557654518605415, 0.05093821459366282, 0.04900547401526794, 0.04848467951902489, 0.04529908367551646, 0.04298191177163431, 0.03287437956678406, 0.023570190901780624, 3.228988719459371e-17]",13.950621271231821,1.204864859142748,0.34867522265261736,0.5981179163318143,IRMv1_CANONICAL
source_balanced_classifier_grad,500,9580718541046.998,"[0.3206583674930767, 0.4320293596802032, 0.4812261402756502, 0.5255804108157778, 0.558213513748033, 0.5860254015689746, 0.6129705993434839, 0.639166688966977, 0.662633249877452, 0.6846223950656524, 0.7041581985092722, 0.7216863745726804, 0.7377778741717156, 0.7528441029719612, 0.7673428071747289, 0.7812858869826661, 0.7944183784219955, 0.8071915545746655, 0.8195324835378203, 0.8310748867697753, 0.8419001553119027, 0.85131920706588, 0.8605376232745475, 0.8696218756569009, 0.8783186564913181, 0.8861545470995517, 0.8936490458560253, 0.9006764082331414, 0.9070389633163232, 0.9133551625866017, 0.9194820916585673, 0.9250415503861821, 0.93032846111352, 0.9354985822832887, 0.9405328487470108, 0.9453224014573459, 0.9498953838427352, 0.9539713576383064, 0.9579477307085761, 0.9616518846702199, 0.9653452040456736, 0.9688332282255285, 0.9720401635949115, 0.9750229605192782, 0.9778826802986901, 0.9806201206989645, 0.9832323152551268, 0.9855814296825116, 0.9878977171780399, 0.9900888597558174, 0.992042655878577, 0.9938650445053971, 0.9952016531815863, 0.9963608720142743, 0.9973931217292912, 0.9982662180300775, 0.9989587483542132, 0.9994083362530354, 0.9997789515283076, 1.0, 1.0, 1.0, 1.0, 1.0, 1.0]",19.53786593251756,10.65315972198466,VREX,29.878273927325022,43,59,60,10,"[9.580718541046998, 3.327573012124939, 1.4699148869732743, 1.3252290450446138, 0.9750207885085141, 0.8309712027501301, 0.8050760001327351, 0.7826939415954846, 0.7011403350154273, 0.6569977033607735, 0.5836960866788534, 0.5237116458688914, 0.480786232921415, 0.450152911145492, 0.43319625576155035, 0.41659515789210233, 0.3923761765725337, 0.3816404560114517, 0.36872565607879776, 0.3448670855439925, 0.3234403388385362, 0.2814250084409878, 0.2754303646586596, 0.27142178110490756, 0.25984480005662897, 0.23412288605735426, 0.22392268679391608, 0.20996545809005182, 0.19010216365299934, 0.18871713197695122, 0.18306206514548035, 0.16610703075133265, 0.1579637669407162, 0.15447429654781322, 0.15041519242623516, 0.14310356786875283, 0.13663282037549418, 0.12178306158467667, 0.11880716383075475, 0.11067372673497958, 0.11035000800090389, 0.10421614191084017, 0.09581769343365179, 0.08912082357580843, 0.08544349092465835, 0.08178999413912724, 0.07804786450048377, 0.07018748434803641, 0.06920667228583204, 0.06546755815266173, 0.05837605575395717, 0.054449826594173314, 0.03993556016081727, 0.03463545782476704, 0.030841839746679475, 0.026086610439828777, 0.02069161072750509, 0.013432910395419941, 0.01107334471623446, 0.006604546788440937, 2.9493487728530644e-17, 2.0444891564500116e-17, 1.5679999911945195e-17, 1.3075211036856365e-17, 2.0863083269196756e-18]",9.580718541046998,1.2364048876720524,0.3206583674930767,0.558213513748033,VREX_LAMBDA10000_ANNEAL100_RESCALE
source_balanced_classifier_grad,500,7057609239125.753,"[0.4690829800504008, 0.7221943723787214, 0.7677638906827114, 0.8027297367060248, 0.8290976364446998, 0.8535752075932087, 0.8704767278758114, 0.8850507301974776, 0.8973967067743631, 0.909052466920565, 0.9175208858644109, 0.9253876996964915, 0.9328321831928668, 0.9392397470703145, 0.9450074443028424, 0.9504093367831764, 0.9552954354418818, 0.9596996952117816, 0.9636982660892498, 0.9668853096593579, 0.9699125778919782, 0.9726571765376117, 0.9753412339898603, 0.9775297107395211, 0.9796367083144794, 0.9814244546939631, 0.9830865769755719, 0.9846010884227383, 0.9860735434830283, 0.9874358830799997, 0.9887202125640717, 0.9898048468470336, 0.9908680044687694, 0.9917371182048205, 0.9925297575224129, 0.9933129101622002, 0.9940116410259279, 0.9946506933454203, 0.9952338294922614, 0.9957871182275, 0.9962836239571569, 0.9967276179964092, 0.9971377909462885, 0.9974902396440504, 0.9978113010432961, 0.9981081783708486, 0.9983880257691395, 0.9986319956470717, 0.9988434078568394, 0.9990445143386469, 0.999215131457445, 0.9993679674410042, 0.9995038399025317, 0.999608988542542, 0.9997029347842772, 0.9997792824994386, 0.9998409756162789, 0.9998886255267095, 0.9999294270184141, 0.9999522962702629, 0.999969309335357, 0.9999820722324693, 0.9999921585020999, 0.9999999999999999, 0.9999999999999999]",6.685944634020116,8.100880851374459,CORAL,15.045545328392528,17,41,58,10,"[7.057609239125753, 3.8081989264082936, 0.6856182532356949, 0.5260802212893534, 0.39671943073274535, 0.3682784062438438, 0.25429258953064426, 0.2192738125467259, 0.18575195021080423, 0.17536726761655028, 0.12741198107945328, 0.11836050410059358, 0.11200631389118358, 0.09640529276271112, 0.08677815015244274, 0.0812744181719669, 0.0735140188485493, 0.0662644900060428, 0.060160679385739504, 0.047950808497623156, 0.045546901415090366, 0.04129398333112531, 0.04038310806181509, 0.03292682613715479, 0.03170092752084747, 0.026897619188192955, 0.025007536129275514, 0.022786650628712147, 0.022153889353615095, 0.020497142158897058, 0.0193234374691955, 0.01631891426903153, 0.015995786189052546, 0.01307629011128459, 0.01192569078190375, 0.011782958540970324, 0.010512786882561465, 0.009614890640138898, 0.008773601329921533, 0.008324530745722562, 0.007470199461359047, 0.00668013244310614, 0.006171275709889332, 0.00530278285810895, 0.0048305438355480445, 0.004466681288663759, 0.004210456716019225, 0.003670659857190624, 0.003180811985036628, 0.003025756687868447, 0.002567027594675616, 0.002299500718449851, 0.0020442752787910544, 0.0015820186294936772, 0.0014134724384596254, 0.001148693009180498, 0.0009282065858712544, 0.0007169188872773794, 0.0006138806929075838, 0.00034408036531680635, 0.00025597084204669626, 0.00019202474702409753, 0.00015175342692206923, 0.00011797961209651834, 7.285820170310092e-19]",7.057609239125753,1.3174958964199521,0.4690829800504008,0.8290976364446998,CORAL_GAMMA1_SOURCE_ONLY
source_balanced_classifier_grad,500,5668482502330.452,"[0.36450974351892074, 0.4113195283255368, 0.4502157745287648, 0.4829205976839102, 0.5132556472180909, 0.5416889788775574, 0.5680065109581833, 0.5928702903056633, 0.6157845785686594, 0.6374722233276596, 0.6581596255307492, 0.6759352697461946, 0.6925863031376638, 0.7088801517770976, 0.7241506880693565, 0.7388931272672925, 0.7526552602677178, 0.765711800285638, 0.7784682369405223, 0.7909710259922814, 0.802423609651547, 0.8134960918766729, 0.8239873440318336, 0.8343614565022238, 0.8440141697320634, 0.8533982153887888, 0.8624637162217083, 0.8711943123830691, 0.8795494018823256, 0.8873128767218686, 0.894670697019491, 0.9016969242252174, 0.9085949945672002, 0.9149331883062655, 0.9210120679890365, 0.9269894029956869, 0.9325765374040873, 0.9377672802208339, 0.9427787588660161, 0.9474979111119961, 0.9521356511287269, 0.9565612238815117, 0.9608267725900601, 0.9646322237902193, 0.9682979652571012, 0.9718205187485978, 0.9752478540867755, 0.9784478573263119, 0.9813767222958775, 0.9841152638531969, 0.9865796075941812, 0.9888980450194379, 0.9910232768991212, 0.992881799803818, 0.9943792327455844, 0.9957884880161106, 0.9970540654189527, 0.9981706520582098, 0.9991423853689322, 0.999484811767522, 0.999717532105008, 0.9999169964614137, 1.0000000000000004, 1.0000000000000004, 1.0000000000000004]",20.372452712757067,5.933223850037428,FISHR,15.550976628519715,45,59,63,10,"[5.668482502330452, 0.7279378695137235, 0.6048746156435472, 0.508591940525536, 0.47173964633103244, 0.44216607610731246, 0.40926332630613077, 0.3866560515293315, 0.35633956123701593, 0.33726405677484994, 0.32170930816503357, 0.276428627751272, 0.25893983111144014, 0.2533852593804727, 0.23747175298587897, 0.22925932741447594, 0.21401460864819274, 0.20304194866801037, 0.19837504828329647, 0.1944305803352182, 0.17809886082140663, 0.1721879123026336, 0.16314921706881133, 0.16132758056867294, 0.15010911783903974, 0.14593107468869804, 0.14097739157855688, 0.13576929685836622, 0.12992980153212755, 0.12072961578583492, 0.1144212914851721, 0.10926469506292072, 0.10727173067005888, 0.0985651027032349, 0.09453251587435504, 0.09295339698925295, 0.0868853966054339, 0.08072112022788347, 0.07793338728555504, 0.07338742628366064, 0.07212138660933154, 0.06882197844636904, 0.0663334482744487, 0.0591784826746483, 0.057005859877676215, 0.05477914701897381, 0.053298411742102515, 0.04976317558921802, 0.0455467106898042, 0.04258699575410483, 0.03832295192068418, 0.03605396621485347, 0.03304943129113883, 0.028901846254508385, 0.023286544680184342, 0.02191529577557276, 0.019680964613178694, 0.017364012730804023, 0.015111402004199113, 0.005325064921458548, 0.003619028529226607, 0.003101865544687594, 0.0012907860886459633, 2.026058241413815e-18, 8.005824415540971e-19]",5.668482502330452,1.0955894633806462,0.36450974351892074,0.5132556472180909,FISHR_COMMON_HARNESS_LAMBDA10000_ANNEAL100
source_balanced_classifier_grad,500,7813261475154.479,"[0.3882909717422824, 0.5879429216705925, 0.6433201225551417, 0.6863095824052291, 0.7233241987824811, 0.7529666516039781, 0.7761349929514756, 0.7966737300971612, 0.8160472533565291, 0.8325128935120452, 0.8479351747896061, 0.8608239354656094, 0.8731573604460857, 0.8843105932731266, 0.8948119992165829, 0.9039498137028689, 0.9121308813957992, 0.9195637737215971, 0.9262276629664379, 0.9325404672585285, 0.9385183269789426, 0.9435793846795305, 0.9482913049035482, 0.9524281712019932, 0.9563846860324944, 0.959818489584605, 0.9629564391903964, 0.965826675637049, 0.9685854001845823, 0.9710315007934438, 0.9733501552410873, 0.9755388813625846, 0.977516566004054, 0.9793697475928146, 0.9810745002621067, 0.9826817675080466, 0.9841918363797939, 0.9855852908188314, 0.9868986357733726, 0.9881416050325631, 0.9893261188347765, 0.9904194865104539, 0.9914369759645596, 0.9923298649117424, 0.9931956293798423, 0.9940354946138495, 0.994787973702295, 0.9954803908597347, 0.9961210441961562, 0.9967129081810667, 0.9972338382249187, 0.9977258381142681, 0.9981730406604042, 0.9985549133443057, 0.9988875907016949, 0.9991576492403499, 0.9994002298396728, 0.9995836047491555, 0.9997422630102992, 0.9998749993752641, 0.9999350575871387, 0.9999801760077125, 0.9999997532173456, 0.9999999999999997, 0.9999999999999997]",10.87531908296056,9.014179901376062,MLDG,20.12218167240911,25,53,62,10,"[7.813261475154478, 4.017432807708183, 1.114310096708394, 0.8650417211021968, 0.7448148352775934, 0.5964708208899795, 0.46619757364273157, 0.41328420016734346, 0.3898375546596435, 0.3313246025618101, 0.3103299456700749, 0.25934998385474195, 0.24817541810017169, 0.2244273771803939, 0.21131119820994676, 0.1838727631818172, 0.1646209303914213, 0.14956600973116158, 0.13409199002949862, 0.1270273948278113, 0.12028757930634947, 0.1018395225057762, 0.09481411477358292, 0.08324277521177749, 0.07961371020892642, 0.06909561890293339, 0.06314239204659851, 0.057755419222313954, 0.05551155652959734, 0.049220880840501975, 0.046656386031022, 0.04404194464791591, 0.039795329646380974, 0.03729005660100477, 0.03430334291802157, 0.03234172351891382, 0.030385880175149156, 0.028039343374538134, 0.02642736577381878, 0.02501125324665264, 0.023835001921613735, 0.022000943004719834, 0.020474107645276286, 0.017966873608497712, 0.01742106991262434, 0.016899920819034832, 0.015141520922389023, 0.013932943835094783, 0.012891342824508907, 0.01190959462972631, 0.010482248981006593, 0.00990011115629348, 0.008998690877715761, 0.007684111521195462, 0.006694194223681528, 0.005434166977002278, 0.004881250889777603, 0.003689903242773163, 0.0031925503545613522, 0.002670945250358644, 0.0012085022502604566, 0.0009078810555565458, 0.0003939361688763942, 4.965805398988608e-06, 6.575756446650355e-19]",7.813261475154478,1.3310296369783852,0.3882909717422824,0.7233241987824811,MLDG_BETA1_INNERLR0P001_ONE_STEP
source_balanced_classifier_grad,500,9283190876645.816,"[0.4999152278844118, 0.6507175509680587, 0.6730909683860764, 0.6929903621183382, 0.7097573176101314, 0.7249505058255609, 0.7389782543231376, 0.7526013915687737, 0.765071451519829, 0.7773627346607731, 0.7893850825816723, 0.8004640701052442, 0.8112318393190346, 0.8217191259628843, 0.8313761074833641, 0.8403883756279996, 0.8491403798040718, 0.8577544754643662, 0.8660664597617929, 0.8742681246802033, 0.8823295473335125, 0.8897100659111269, 0.8968420247894685, 0.9036553437390372, 0.9100945624711277, 0.9161378739346051, 0.9220321400879397, 0.9276757203494201, 0.9327718452668138, 0.9376837842888044, 0.9423785845926019, 0.9468855813554976, 0.9512673686892569, 0.9553787818567738, 0.9592327383777159, 0.9627986811117658, 0.9661585597213389, 0.9694178536683882, 0.9725698126712838, 0.975488084453139, 0.9781823637632037, 0.980772702528473, 0.9832088777018511, 0.9855033068280745, 0.9875922542161838, 0.9895977443572863, 0.9913824869747565, 0.9930906569629494, 0.9947432412871255, 0.9960932567428511, 0.9972365157122252, 0.9982849906013904, 0.9992499698614546, 0.9999092609833645, 0.9999999999999998, 0.9999999999999998, 0.9999999999999998, 0.9999999999999998, 0.9999999999999998, 0.9999999999999998, 0.9999999999999998, 0.9999999999999998, 0.9999999999999998, 0.9999999999999998, 0.9999999999999998]",9.850874808321135,9.761192957913993,SPECTRAL_NORM_REG,18.56953010999744,29,54,55,10,"[9.283190876645817, 2.800328279159344, 0.41546384840741996, 0.369522391081929, 0.3113544848578397, 0.2821303660332759, 0.2604886981012229, 0.2529752572754669, 0.23156315373459443, 0.2282433523762656, 0.22324935171000265, 0.20573159240725591, 0.1999524146329854, 0.1947439851051405, 0.1793256091162383, 0.16735358467118036, 0.16252060507039576, 0.15995970873423576, 0.15434964268489032, 0.15230106365453297, 0.149696830690042, 0.13705276195440502, 0.13243712513462888, 0.1265201313830315, 0.1195732661304136, 0.11222145418513581, 0.10945375281068483, 0.1047986335937495, 0.09463264509784985, 0.0912123995673259, 0.0871802356017943, 0.08369281209425303, 0.08136773182984738, 0.07634701060884584, 0.07156616165825468, 0.06621788097046594, 0.06239136700640316, 0.06052355708706416, 0.05853039760974823, 0.05419093572231382, 0.050031500772989804, 0.04810137369676419, 0.04523862823527141, 0.04260647074466244, 0.03879077142169642, 0.037241009560506244, 0.03314183177370861, 0.031719914028742816, 0.0306877143670991, 0.025069152654058416, 0.021229781855316623, 0.019469686023929633, 0.017919211425284826, 0.012242726339559962, 0.0016849809015600959, 1.9991382459365553e-17, 1.513611222517459e-17, 1.1300097045660661e-17, 9.579044522002576e-18, 6.639855762257308e-18, 4.97205870891725e-18, 2.581174960001192e-18, 2.1052407254109883e-18, 8.593490748989093e-19, 1.5626240498559437e-34]",9.283190876645817,1.1056336175420136,0.4999152278844118,0.7097573176101312,SPECTRAL_NORM_REG[lambda=1]
source_balanced_classifier_grad,500,8706194166585.718,"[0.32934525230309525, 0.5559439324276754, 0.5891706110301735, 0.6162815162225757, 0.6430835039623531, 0.6671643113714983, 0.6878521160255775, 0.70800327148916, 0.7266152485687326, 0.7426193974794015, 0.7572221089997031, 0.7702479262295333, 0.7826749120449205, 0.7942130734231411, 0.8050928476961177, 0.8155423279926753, 0.8252037778381204, 0.8342186822788958, 0.8428704370263758, 0.8513309867653265, 0.8596121843690627, 0.867408251580662, 0.8744858949431009, 0.8815203679838296, 0.8880609384398062, 0.894288384321406, 0.9001539291594534, 0.9057770335382107, 0.9111869326913757, 0.9164157272296407, 0.9213977253920672, 0.9261841642144887, 0.9308488732469365, 0.9351577157805392, 0.9392366239392889, 0.943076435284386, 0.9467820696634046, 0.950365013080545, 0.9537506947411978, 0.9570116911490426, 0.9602105002936505, 0.9632829939896396, 0.9661525926288557, 0.9688648016435504, 0.9715135798681476, 0.9740968926568384, 0.9765636211865275, 0.9789354130297616, 0.9810620795969147, 0.9830298686319724, 0.984946690429893, 0.9867752471816399, 0.9884955912373018, 0.9900592472174953, 0.9915445744285468, 0.9929067382147289, 0.9942568805231187, 0.9955127736640578, 0.9966718899929252, 0.9977274790070398, 0.9986963508229114, 0.9994748213504354, 0.9999999999999999, 0.9999999999999999, 0.9999999999999999]",14.962152589705756,10.780191832359776,SPECTRAL_REG_2024,26.43485553747542,39,63,63,10,"[8.706194166585718, 5.99010337407588, 0.8783424488471657, 0.7166728622513435, 0.7085066740182063, 0.6365726650865199, 0.546879127418093, 0.5326928835930117, 0.49200492536530566, 0.42306736445377774, 0.3860205694946004, 0.3443355967281186, 0.32850557479601655, 0.30500962920134134, 0.2876052611864779, 0.2762305020811994, 0.255399030946905, 0.238307696576045, 0.22870788689530008, 0.2236534101167889, 0.21891226233205555, 0.20608791049907524, 0.18709647983184502, 0.18595527861392788, 0.17289903513642102, 0.1646216322475386, 0.15505483044236562, 0.148645951924596, 0.14300990258622798, 0.13822242825417447, 0.13169840171171238, 0.12652881880967487, 0.12331090939711724, 0.11390362990951587, 0.10782534792717685, 0.10150485819880255, 0.09795790948405823, 0.09471459163105374, 0.08950000559523606, 0.08620396894960565, 0.08456005762966613, 0.08122092699327357, 0.07585742547821323, 0.07169685349089393, 0.0700200697180363, 0.06828950037715556, 0.06520761233249975, 0.06269797474085503, 0.05621812347907074, 0.052018218869977595, 0.05067090731911612, 0.048337633574505115, 0.0454770465861782, 0.04133501994672503, 0.039264410250028116, 0.03600860290610125, 0.035690816877319134, 0.03319935375123057, 0.030641072704739505, 0.027904343095065513, 0.0256119864868965, 0.020578755935277967, 0.013883021732602528, 1.0257116685990792e-17, 2.8465221720329907e-18]",8.706194166585718,1.5331910699681177,0.32934525230309525,0.6430835039623534,SPECTRAL_REG_2024[lambda=1]
source_balanced_classifier_grad,500,337.44410486857504,"[0.26660474862278827, 0.37623011471174717, 0.41357316325337695, 0.4506015543474491, 0.4862773691947085, 0.5174483617937143, 0.5458415804254552, 0.5707695757187509, 0.5942149984427607, 0.6165983254873105, 0.637431599981277, 0.656770354082706, 0.6744913740786059, 0.6912657611205854, 0.7060870615438248, 0.7202797897907145, 0.7341523136592517, 0.746612106217722, 0.7585660472201688, 0.7702520701623154, 0.7812102984709169, 0.7916550546673425, 0.8015341638026187, 0.8112427865876937, 0.8202793026590579, 0.8290812427015006, 0.8375394234833955, 0.8456677540843933, 0.8537113005201246, 0.8614662406171619, 0.8690757327604802, 0.8760767572984798, 0.8828767301772725, 0.8893270622948881, 0.8955410687795429, 0.9015064711818961, 0.9072945668818935, 0.9127713210610636, 0.9180577330886273, 0.9231220050083102, 0.9279846706025773, 0.9328023363283968, 0.9373488103845107, 0.9417370208662492, 0.9460103409280025, 0.9501991624181023, 0.9541391624204996, 0.9580095097184896, 0.9617170130786847, 0.965320568090012, 0.9687364227847418, 0.9719576742014404, 0.9750948765295089, 0.978181176948606, 0.9811451511082333, 0.9838350415026776, 0.9863973493810588, 0.9888112583910129, 0.9911461952183687, 0.9930993014593865, 0.9949999796807909, 0.9965750360488951, 0.998055208321994, 0.9992099291563366, 1.0]",25.829974278296433,16.878419120391083,SVB_ORTHDNN,54.89574263370007,56,65,65,10,"[14.635465665318886, 6.0179658829446385, 2.0499743818990774, 2.032701027640175, 1.9584503501026889, 1.7111547873519926, 1.5586668225504214, 1.3684408139948452, 1.2870538917955474, 1.2287493607235473, 1.1436580748380087, 1.0616152680084594, 0.9728085529015748, 0.9208424338945762, 0.8136262935309019, 0.7791203571113003, 0.7615424999670802, 0.683989565559078, 0.6562204687287551, 0.6415129078435969, 0.6015600809503155, 0.5733726480307256, 0.5423210325403557, 0.5329620577371519, 0.49606626055890524, 0.483189035247197, 0.4643181153522091, 0.44621074471400257, 0.4415564549981166, 0.42571319570672256, 0.4177287222727637, 0.38432644121024223, 0.3732895610703495, 0.3540957718305151, 0.3411225007057522, 0.3274751949860383, 0.31774181188628003, 0.30065048788776694, 0.2902015141208305, 0.2780069679299881, 0.2669396389766347, 0.2644693377797898, 0.24958206967522162, 0.24089407322802325, 0.23458707830143533, 0.22994846645903072, 0.21628922610837537, 0.2124655891734966, 0.20352615027484713, 0.1978198284681993, 0.18751588019600662, 0.17683298872953004, 0.17221905159148995, 0.1694247534970338, 0.1627095626398402, 0.1476635308062774, 0.14065979383991317, 0.1325133277516097, 0.12817809114046688, 0.10721721754319212, 0.10433914247169275, 0.0864638890170169, 0.08125515615757982, 0.0633892577358396, 0.04337152569614155]",14.635465665318886,1.329996332968642,0.26660474862278827,0.48627736919470843,"SVB_ORTHDNN[factor=0.05,frequency=1]"
source_balanced_classifier_grad,500,5425870603651.85,"[0.6715251828945421, 0.983399775394429, 0.9923373543561893, 0.9969119224901458, 0.9978623598798991, 0.9983696120114322, 0.9987796645020699, 0.9991219621404834, 0.9993844224703812, 0.9995091508709166, 0.9995975976561318, 0.999682928856018, 0.999760552973798, 0.9998111761684636, 0.999841641826598, 0.9998683410652895, 0.9998900750684118, 0.9999079965279465, 0.9999227811873194, 0.9999348118685137, 0.9999448339106568, 0.9999538987272694, 0.9999610096852733, 0.9999674702200717, 0.9999728002162387, 0.9999773984984084, 0.9999805922442914, 0.9999827969480535, 0.999984926756519, 0.9999867398099863, 0.9999883904001866, 0.9999898348093094, 0.9999911328917204, 0.9999922050357216, 0.9999931950358157, 0.9999941232274487, 0.99999500877792, 0.9999957189889329, 0.9999963125443501, 0.9999968293708136, 0.9999972886089549, 0.9999977027353202, 0.9999980614455042, 0.9999983912727216, 0.9999986768661863, 0.9999989118007286, 0.9999991270345524, 0.9999993378742607, 0.9999995077058121, 0.9999996278017217, 0.99999973257942, 0.9999998278608829, 0.9999998984236672, 0.9999999584630791, 1.0, 1.0, 1.0, 1.0, 1.0, 1.0, 1.0, 1.0, 1.0, 1.0, 1.0]",2.0591004309735452,5.983039555074551,STABLE_RANK_NORM,8.079921262616208,3,5,13,10,"[5.425870603651849, 2.5199221512096015, 0.07221493428943848, 0.036962150332841795, 0.007679459274253238, 0.004098557283080821, 0.003313191837892505, 0.00276573796676083, 0.0021206588001343473, 0.001007795655538948, 0.0007146430604701382, 0.000689469376325147, 0.0006271967597429325, 0.0004090314269601025, 0.0002461601189390638, 0.00021572774640007164, 0.0001756090339492965, 0.00014480398195177842, 0.00011945888362703513, 9.720695678607848e-05, 8.097731140630948e-05, 7.324300448961498e-05, 5.745598077420434e-05, 5.220061248501893e-05, 4.306594935942702e-05, 3.7153757874395045e-05, 2.5805215267587756e-05, 1.7813832805367843e-05, 1.7208684705902767e-05, 1.4649329261346847e-05, 1.3336638855384212e-05, 1.1670711982906473e-05, 1.0488403673105373e-05, 8.66283911217822e-06, 7.999122810816518e-06, 7.499715311238482e-06, 7.155178081719738e-06, 5.738449064053495e-06, 4.795881035388789e-06, 4.175917131286957e-06, 3.710608022233303e-06, 3.3461084243640176e-06, 2.8983500432394073e-06, 2.664977946633728e-06, 2.30757270788061e-06, 1.8982526039401325e-06, 1.739072348913444e-06, 1.703568241322872e-06, 1.3722255636897729e-06, 9.703654928950885e-07, 8.465955519727078e-07, 7.698667182075981e-07, 5.701417411214724e-07, 4.851137208842543e-07, 3.35615050760287e-07, 4.420356624131269e-20, 1.2272850505004583e-20, 1.015505354064296e-20, 4.772256966759195e-21, 2.0975799462429605e-21, 1.587911138747895e-21, 3.816711498439303e-22, 3.5571820893247626e-22, 1.339427919684946e-23, 9.469843067215432e-37]",5.425870603651849,1.2159196673011572,0.6715251828945421,0.9978623598798991,STABLE_RANK_NORM[target_rank=8]
source_balanced_classifier_grad,500,6598856078954.643,"[0.4034293359125974, 0.6770433980970254, 0.7407171273843991, 0.7811047164079101, 0.8073229188812822, 0.8249987506213043, 0.8418119600618945, 0.8563099420824424, 0.8692254011107564, 0.8817423079297996, 0.8924139313078387, 0.902709970623752, 0.9119508484568994, 0.9193989446420961, 0.926453421406823, 0.9331443882183121, 0.9390892091125784, 0.9444256324404673, 0.9489682239970241, 0.9529281471186366, 0.9567020979297377, 0.9601565900991764, 0.9633252307520501, 0.9663603238679223, 0.9690967167764744, 0.9718072606481235, 0.9741773286744378, 0.9763338708908955, 0.9784169725241244, 0.9804535537933365, 0.9822457340097973, 0.9839492699585326, 0.9855758254283273, 0.9870096174288548, 0.9883065801266141, 0.9895700461550062, 0.9905933783936107, 0.9915644372656768, 0.9924465910206046, 0.9932258226251829, 0.9939517619718928, 0.9946555826365691, 0.9952866998225596, 0.9958645140648983, 0.9964019260595457, 0.9968638724954353, 0.9972989601038661, 0.9976865519399251, 0.9980598223231806, 0.9984025874930403, 0.9987167337535503, 0.9990028283856195, 0.9992283603980304, 0.9993964001510347, 0.9995465753111092, 0.9996643260293984, 0.9997776495679864, 0.9998615662312742, 0.9999311541777368, 0.9999770105692324, 0.9999900552217557, 0.9999960221048925, 0.9999992401241554, 1.0, 1.0]",8.015886134150808,8.109078493885283,SAM,16.356906876956213,19,47,60,10,"[6.598856078954642, 4.475479735376394, 1.0415052604620916, 0.6606160326423492, 0.42884869633812917, 0.28912193374428913, 0.27501210112249463, 0.23714214181388732, 0.2112569605992769, 0.20473787922662673, 0.1745547498205355, 0.16841135629187332, 0.1511521781781213, 0.12182781571187619, 0.11538941950628742, 0.10944352105233283, 0.09723888176769714, 0.08728737943029502, 0.07430274707064709, 0.0647720937401211, 0.06173016197539497, 0.05650480672268386, 0.05182916008559278, 0.049644735459210824, 0.04475892398394995, 0.0443361136944697, 0.03876698199847476, 0.03527436021082278, 0.03407309942996018, 0.033312170167856654, 0.029314524907372647, 0.027864578875011033, 0.02660541634963681, 0.023452402233552442, 0.021214298070133336, 0.020666396168606875, 0.01673855013104171, 0.015883519542425745, 0.014429306820511158, 0.012745818791667212, 0.011874122292453148, 0.011512329070185675, 0.010323125039692621, 0.009451253754113244, 0.008790397951006447, 0.007556014833987674, 0.007116687494419707, 0.006339803568684647, 0.006105548898835807, 0.005606577964060724, 0.005138461128906226, 0.00467962325475323, 0.003689006124777634, 0.0027486105915179387, 0.00245640110857055, 0.0019260375337501402, 0.001853622567652558, 0.0013726170468236743, 0.0011382435600483887, 0.0007500687254057374, 0.00021337016656633708, 9.75997518153106e-05, 5.2636841412650704e-05, 1.2429218429020948e-05, 4.120987443697157e-19]",6.598856078954642,1.5100999583922634,0.4034293359125974,0.8073229188812823,SAM[rho=0.2]
source_balanced_classifier_grad,500,5911752586517.706,"[0.3854140029788674, 0.6347434895072458, 0.6987994914414388, 0.7358542710237831, 0.7609200261236734, 0.7819772790035736, 0.7997575874658968, 0.8162761970948419, 0.831661602972386, 0.8450532773793964, 0.8563848867382168, 0.8670271785590141, 0.8771776248571518, 0.8868573904997434, 0.8956574787869128, 0.90416018671437, 0.9107939281116125, 0.9172201649185724, 0.9235220660822165, 0.9294757000834767, 0.9350237193206855, 0.9403619697680996, 0.9452179869261046, 0.9493180944239057, 0.9529926279752781, 0.9566424109826952, 0.9597118714953796, 0.9627339518988044, 0.9655825645931131, 0.9682178526056424, 0.9705847386783433, 0.9727623074308124, 0.974863811954657, 0.9767828670720692, 0.9785906881280448, 0.9803557941514239, 0.981970027141816, 0.9835515049971898, 0.9850011779973822, 0.9863742807181831, 0.9876948807839446, 0.9889325357923617, 0.9901151614361803, 0.9911346873952014, 0.9920688344114422, 0.9928903001770917, 0.9936788570366397, 0.9943854024459077, 0.9950398707599892, 0.9956738372781213, 0.996274304606403, 0.9968213207003066, 0.9972631079680638, 0.9976767776123687, 0.9980676010745041, 0.9984013900064905, 0.9987243713178268, 0.9990198865124349, 0.9992658443166191, 0.9994607532842128, 0.9996365545584796, 0.9997951844324913, 0.9999442843078538, 0.9999999999999998, 0.9999999999999998]",9.729782057489693,7.181654523680397,ASAM,15.338707314279532,24,55,64,10,"[5.911752586517706, 3.8243920186783975, 0.9825362653915113, 0.56837241860872, 0.38447628108862675, 0.32299103876755897, 0.27272694746118264, 0.2533741183372296, 0.23599223766704572, 0.20541097417725976, 0.17381223935469628, 0.16323899939236186, 0.1556947248764456, 0.14847509206253226, 0.13498197857671132, 0.13042054827807117, 0.10175301769092167, 0.09857016551420818, 0.09666301747265608, 0.09132104940167257, 0.08509944325353817, 0.08188186118320706, 0.07448502589975817, 0.06289034886585403, 0.056362594661000506, 0.05598295331140277, 0.04708155641680507, 0.046354806788351875, 0.043694036369741666, 0.04042191151301627, 0.03630497271540347, 0.03340108975084457, 0.0322343628108869, 0.02943582476595585, 0.02772963805420223, 0.0270744446712829, 0.024760247376679118, 0.024257825947592855, 0.02223610985136526, 0.02106162074680637, 0.020256297887934774, 0.018984027930162375, 0.018139948612893347, 0.015638210284735207, 0.014328607670625389, 0.012600222947997092, 0.012095442869275662, 0.010837493237008907, 0.010038697916167365, 0.009724226868681636, 0.009210392600299273, 0.008390519760588713, 0.0067764455953033195, 0.0063451575987955346, 0.005994726697247537, 0.005119890732485728, 0.0049541158025682725, 0.004532821077016749, 0.003772674770044942, 0.0029896516068469766, 0.0026965642914553484, 0.002433177208766139, 0.002286999348780324, 0.0008546066946394934, 2.5794900242996545e-18]",5.911752586517706,1.475762663756313,0.3854140029788674,0.7609200261236733,ASAM[rho=2]
source_balanced_classifier_grad,500,23795.832247703318,"[0.45419509329476077, 0.7016317065772315, 0.7576414661239026, 0.7917921237925072, 0.823077856385241, 0.8474358713140431, 0.8634500151521384, 0.8792862422371615, 0.8915407631036173, 0.9024485314976283, 0.9125789665339474, 0.9195379340871652, 0.9262072726049612, 0.9322603949530284, 0.9382492143307171, 0.9431854277036006, 0.948097550828224, 0.9525677745596993, 0.9564779732602096, 0.9602288372521562, 0.9637832698559581, 0.9669426993895581, 0.969857059498964, 0.9724135252353086, 0.9747621647930088, 0.9770485503693324, 0.9791583336961893, 0.9810351577536015, 0.9826645241545305, 0.9842215311379898, 0.9856903996287055, 0.9870755467341282, 0.9882484620376771, 0.9893396139281466, 0.9903371519042696, 0.9912085403964207, 0.9920200039502588, 0.9927838253909936, 0.9934942822982551, 0.9941286623084798, 0.9947151201004865, 0.995272503007701, 0.9957937711280993, 0.9962461651718157, 0.9966498017219699, 0.9970476807962417, 0.9974024724568027, 0.9977279994598727, 0.9980100606587525, 0.9982559936876663, 0.998498822242077, 0.9987217883725016, 0.9989265881450708, 0.9991168983309604, 0.9992882525926997, 0.9994282006127923, 0.9995597680587915, 0.9996685446501252, 0.9997692349100942, 0.9998406349712918, 0.9998937713898749, 0.9999288288205422, 0.9999593054000929, 0.9999809128300884, 0.9999999999999998]",7.167106775284669,6.905358818869335,ERM,13.177352347895198,17,43,61,11,"[5.985088779030194, 3.2605594369930024, 0.738060336467371, 0.4500152490115519, 0.41226312183648217, 0.32097414521211687, 0.21102401590445663, 0.2086795441606306, 0.16148213931192287, 0.14373550745711797, 0.13349231191104025, 0.09170076742632063, 0.08788422357638598, 0.07976412598540017, 0.07891678308770575, 0.0650462228788791, 0.06472877718940695, 0.05890571318357341, 0.05152606602690573, 0.04942645643091381, 0.046838010817143054, 0.04163291618259342, 0.038403550030291084, 0.033687449773134634, 0.030948850990021363, 0.030128508342360076, 0.02780135827570934, 0.024731571899526822, 0.02147073516886393, 0.020517229629177017, 0.019355797654882483, 0.018252571461821694, 0.015455918229101896, 0.014378492925788345, 0.013144909391779865, 0.01148259319297581, 0.010692941166399822, 0.01006514425544001, 0.00936194099498066, 0.008359448917192945, 0.007727960962439584, 0.0073448309610597215, 0.006868933690213012, 0.005961355714140168, 0.005318861041869997, 0.005242992753533226, 0.004675214721307254, 0.004289584018207583, 0.0037168198013098007, 0.003240746175981609, 0.003199837421599612, 0.0029381032622521445, 0.0026987187639132787, 0.0025077843748595305, 0.0022579954832524806, 0.0018441443711501597, 0.0017337105934452377, 0.0014333874712070087, 0.0013268310336114525, 0.0009408637640629054, 0.0007001973101746077, 0.00046196411631606766, 0.0004016006270984478, 0.0002847287183830274, 0.00025151836324648205]",5.985088779030194,1.331163212952378,0.45419509329476077,0.823077856385241,ERM_CANONICAL
source_balanced_classifier_grad,500,11978795607904.537,"[0.31308199678138304, 0.43901539999812156, 0.5106638416043985, 0.5513252152557011, 0.5818815454923449, 0.6092191188750007, 0.6353146708961549, 0.6589680362467757, 0.6777786118498734, 0.6960673997559607, 0.712876464394684, 0.7284830241241046, 0.7434175662182897, 0.7571966003362601, 0.7706636679800306, 0.7837032686534587, 0.7954485770848557, 0.8066434480612636, 0.8171355097251429, 0.8269420054087464, 0.8365598991757844, 0.8455767273542247, 0.8539856582955732, 0.8621438688920505, 0.8700542959353228, 0.8776703736817906, 0.884897270838501, 0.8918939733088048, 0.8983123397100802, 0.9043024090957411, 0.9100168133320399, 0.9155723758024849, 0.9208579212216056, 0.9260101737107375, 0.9309619179145349, 0.9355893304700116, 0.9400110366866294, 0.9443151914376384, 0.9482975487345304, 0.9521764008870495, 0.9559247168074726, 0.9594428445562325, 0.9627075017803625, 0.9657555340223175, 0.9687161919306408, 0.9714917743212556, 0.9740438842779315, 0.9765846106089726, 0.9789830005068119, 0.981233293152411, 0.9834110086517912, 0.98545848665158, 0.987386764475973, 0.9892817686479979, 0.9910729504946608, 0.9926410307730418, 0.9941113702027923, 0.9954711074337368, 0.9966197851494388, 0.9975676715988342, 0.9983326288888389, 0.9990443112607281, 0.9995852287984618, 0.9999999999999998, 0.9999999999999998]",19.457975419042025,13.634803539025047,IRMv1,38.26088925920904,43,64,64,11,"[11.978795607904537, 4.81832399451095, 2.7413330898926676, 1.5557403143998088, 1.1691123673520525, 1.0459598678092898, 0.9984390260393085, 0.9049987922877146, 0.719709350052103, 0.699745288759966, 0.6431297606930816, 0.5971208535245927, 0.5714088612026105, 0.5271980984865303, 0.515261983764581, 0.49890671735034303, 0.44938594520893477, 0.4283257186994757, 0.4014356094224798, 0.37520524537126343, 0.3679891683274778, 0.3449918644046184, 0.3217331755352691, 0.31214039218512524, 0.3026599730956947, 0.2913979072471315, 0.2765075118005888, 0.2677000583959306, 0.24557240610422523, 0.2291853814197498, 0.21863818766738255, 0.212560760454313, 0.20222966795549882, 0.1971297619221603, 0.18945813662142463, 0.1770489193417694, 0.16917841189077054, 0.16468078828285473, 0.15236853152698718, 0.14840833266037776, 0.14341390033983947, 0.1346066961950532, 0.12490868852171375, 0.11662042406793979, 0.11327740436476275, 0.10619625047712193, 0.0976459964297032, 0.09721044878992, 0.09176453028163319, 0.08609819771408445, 0.08332133155984771, 0.07833832901058672, 0.07377762430008777, 0.07250454477158601, 0.06853221027827422, 0.05999614588068139, 0.056256494095131, 0.05202475561479329, 0.043949430874996004, 0.03626697847062026, 0.029267946160895435, 0.027229600418584316, 0.02069598600958973, 0.01586951500995336, 7.804062528901089e-18]",11.978795607904537,1.2956015531341754,0.31308199678138304,0.581881545492345,IRMv1_CANONICAL
source_balanced_classifier_grad,500,8834326847974.125,"[0.3074526729330416, 0.4170183919694313, 0.46855816851082077, 0.5121558548138361, 0.5486933293952087, 0.5790055961789103, 0.6056241753379208, 0.6297263626640636, 0.6524912791679419, 0.671936743457061, 0.6907680498831672, 0.7073169508009313, 0.7232417833041691, 0.7381691269887074, 0.7524879990125548, 0.7663990637506851, 0.7792111762096124, 0.7910427414888996, 0.8024005837006584, 0.8134303107065138, 0.8240570853472565, 0.8337549449743374, 0.8431837592171434, 0.8520052982372465, 0.8607539760692965, 0.8692662720575884, 0.8770945051786027, 0.8844314302242763, 0.8915929264194971, 0.8984052037590314, 0.9045179948710506, 0.910350246476356, 0.9158702988395171, 0.9212421601231939, 0.9264268005932358, 0.9312023502039694, 0.9359425624614013, 0.9404787053633769, 0.9449300858128665, 0.9491387086763492, 0.9531543998257782, 0.9570137648041199, 0.9606312018188615, 0.9641708932134972, 0.9676283674751611, 0.9707941828752539, 0.9737343001584265, 0.9764683290005678, 0.97910215168292, 0.9815790922324256, 0.9839502729771373, 0.9861842323819643, 0.9883349368060289, 0.9904186231425627, 0.9923752559552376, 0.9941238350362566, 0.9956282576641913, 0.9969746569714827, 0.9980753353361469, 0.998981301910291, 0.9994588432921815, 0.9998759774450913, 1.0000000000000004, 1.0000000000000004, 1.0000000000000004]",21.03658245392473,9.900669825195358,VREX,28.73394062148259,46,62,63,11,"[8.834326847974125, 3.148254864941665, 1.4809408787847669, 1.2527333294648653, 1.0498656250800902, 0.8709908738654238, 0.7648566729832394, 0.6925508194772356, 0.6541257590754487, 0.5587448162407086, 0.5410976406726788, 0.47551513632183073, 0.4575831915550906, 0.42892140706798676, 0.4114376184998382, 0.39971970816703556, 0.3681424786305762, 0.33996749419423417, 0.32635556370084345, 0.31692752085741427, 0.3053491115249778, 0.2786577226800149, 0.2709269885837764, 0.25347757839373497, 0.25138398934260636, 0.2445918074800642, 0.22493598567034462, 0.21081876860665494, 0.20577800643444857, 0.19574357257125063, 0.17564457684428242, 0.16758357131639154, 0.1586128568305472, 0.15435474315201037, 0.14897515140991807, 0.1372203589497628, 0.13620497753827362, 0.13034126079592542, 0.12790570151926464, 0.12093031945752497, 0.11538663104190608, 0.1108947641243007, 0.103943220383539, 0.10170928235183523, 0.09934686013495553, 0.09096635172484029, 0.08448115543487841, 0.07855942240750594, 0.0756801045622226, 0.07117226267243441, 0.06813336672134924, 0.06419045688910088, 0.06179821321543196, 0.05987251946775701, 0.05622177105744416, 0.0502435674859649, 0.04322799046068949, 0.0386873577485172, 0.03162682677361167, 0.026031989746506085, 0.013721645711542172, 0.01198590798090205, 0.003563656728483238, 1.6213160388447975e-17, 9.634459384496765e-18]",8.834326847974125,1.2559785692669336,0.3074526729330416,0.5486933293952087,VREX_LAMBDA10000_ANNEAL100_RESCALE
source_balanced_classifier_grad,500,37440.78454084472,"[0.4551373834983566, 0.701383730263908, 0.75788559438258, 0.791815994857711, 0.8224844261059091, 0.8458668042470412, 0.8620347867493906, 0.8774558249916646, 0.8902019843990014, 0.9014438199223175, 0.9111683202634943, 0.9180746735032668, 0.9246454647834401, 0.9309477735935155, 0.9368842694361208, 0.9423984072753275, 0.9472192891351678, 0.9518893957172709, 0.9560990956571641, 0.9600448535334585, 0.963399743568091, 0.9665967792873813, 0.9695721565155466, 0.9722391447443383, 0.9746071728188485, 0.976901531217498, 0.9790101654177918, 0.9809970169369877, 0.9828875050984182, 0.9845073072556882, 0.9859938775136944, 0.9872399038821513, 0.9883662106291876, 0.989405163019936, 0.9903533468086743, 0.9912679355999949, 0.9921161590417972, 0.9928929634379151, 0.993587311394115, 0.9941883726164477, 0.9947582148722982, 0.9953037685588383, 0.9957821222691301, 0.9962104934430549, 0.996605995801228, 0.9969762254748674, 0.9973290085057621, 0.9976436460878402, 0.9979276398980268, 0.9981917984210454, 0.9984243816355511, 0.9986456301515935, 0.9988537914549168, 0.9990364137530239, 0.9991938205522864, 0.9993458922809011, 0.9994861508641799, 0.9996103241591379, 0.9997193251894091, 0.9998057482080468, 0.9998868037066316, 0.999934330191974, 0.9999631434728896, 0.9999878438075195, 1.0]",7.1844032989876805,6.884757422482573,CORAL,13.13228886430501,18,43,62,11,"[5.976995593044387, 3.2337781575050406, 0.7419988009781103, 0.44558382032097316, 0.4027466981664155, 0.30706414408375826, 0.21232261657388085, 0.20251352878503653, 0.16738624724762585, 0.14763103145719197, 0.12770494754136563, 0.09069622574362111, 0.08628952915829258, 0.08276373980596488, 0.07795977824683797, 0.07241325094205801, 0.06330921316411124, 0.0613291886632703, 0.05528299564272403, 0.051816832220104914, 0.04405738504277183, 0.04198439657522159, 0.03907351324054167, 0.035023659818192665, 0.03109762871325151, 0.03013017724931018, 0.027691193427411852, 0.02609190808056344, 0.02482643663045378, 0.021271709832295455, 0.01952207004522151, 0.01636317820311824, 0.014790985551895943, 0.013643822911567573, 0.012451823410161867, 0.012010644199677983, 0.011139115259222515, 0.010201219720882908, 0.009118377933157056, 0.007893309596804293, 0.0074833331109163195, 0.007164368602631091, 0.0062818791028636245, 0.005625493997122398, 0.005193851214042246, 0.004861963020370772, 0.004632848668134917, 0.004131911615414982, 0.003729488751045552, 0.003469006030249063, 0.0030543499578779727, 0.0029054994234664787, 0.0027336343656122397, 0.0023982487718056966, 0.002067111557122374, 0.001997049868261571, 0.0018419162313159918, 0.001630679578620307, 0.0014314330160283878, 0.0011349320452748385, 0.0010644442214562773, 0.0006241315342212154, 0.00037838432811257346, 0.0003243719294040477, 0.00015963863114363945]",5.976995593044387,1.3268181832201809,0.4551373834983566,0.822484426105909,CORAL_GAMMA1_SOURCE_ONLY
source_balanced_classifier_grad,500,5620024309922.751,"[0.3670515429913576, 0.41700494939722454, 0.4574307068464427, 0.4911940502057134, 0.5207197830736615, 0.5480077617332015, 0.5725460251170473, 0.5954710241208487, 0.6160685505945618, 0.6355188194397505, 0.6541380783662109, 0.6722380101776313, 0.6888149284685621, 0.7052836406587011, 0.7211319783633678, 0.7356061404669524, 0.749091161410287, 0.7621527226382997, 0.7750168837152461, 0.7871788581484442, 0.7991723604048078, 0.8102112062148837, 0.8201847409627661, 0.8300047580983333, 0.8391815533011725, 0.8479471638421685, 0.8562938571456531, 0.8646037181593199, 0.872848941462424, 0.8805222458982984, 0.8881295643220455, 0.8950997663983886, 0.9018511807005737, 0.9080735240565395, 0.9141276388770124, 0.9199760573607874, 0.9257352412306828, 0.9313775588856855, 0.9364909751596915, 0.9414737772045719, 0.946180683695499, 0.9507467006439929, 0.9547930563496396, 0.9587009566431912, 0.9625466696338965, 0.966159742120576, 0.9696183536479485, 0.9727854947436713, 0.9756762494076697, 0.9784224133012551, 0.981008779609006, 0.9833544816746846, 0.9854800215066332, 0.9875312965584464, 0.9893998305965105, 0.9911893451746164, 0.992860972061898, 0.9944441937944106, 0.9957087781005626, 0.9969312686635525, 0.9979423648883639, 0.9989317674808391, 0.9997250859947779, 0.9999999999999999, 0.9999999999999999]",20.526678222150323,5.877109460881853,FISHR,15.311267360767031,45,63,64,11,"[5.6200243099227505, 0.764849961061281, 0.6189695805664984, 0.5169595771671718, 0.45207638996374033, 0.41781353699112295, 0.3757119112389832, 0.3510107889925209, 0.3153742348094971, 0.29780826652748305, 0.2850844514823821, 0.2771328951763114, 0.2538136279700305, 0.2521568554307423, 0.2426581358198782, 0.22161776579106504, 0.2064727610289395, 0.19998905611113205, 0.1969666096210994, 0.18621524218150895, 0.1836357196391439, 0.16901871955235645, 0.15270745705672664, 0.15035690784998418, 0.14050836486567472, 0.13421260657354828, 0.12779845274797694, 0.12723450371106695, 0.12624481844305324, 0.11748801575823319, 0.11647768628447978, 0.10672262754946317, 0.10337270944406111, 0.09527196273368575, 0.09269617064904226, 0.08954669904272969, 0.08818040401178684, 0.08639103415012243, 0.07829288369820206, 0.0762930143149419, 0.07206870372471501, 0.0699115062721845, 0.061954834045921794, 0.05983490621378881, 0.05888273979346271, 0.05532071883738187, 0.05295572579263146, 0.048492944085883866, 0.044261117534864766, 0.04204724959117182, 0.03960054603085329, 0.035915671476309724, 0.03254470865292292, 0.03140762074878313, 0.028609624229492904, 0.027399736151369793, 0.025594726198615265, 0.02424113123787614, 0.019362388411722994, 0.018717879855953617, 0.015481164625548265, 0.01514900762082403, 0.01214671186916325, 0.004209281835172242, 1.3683769725131232e-17]",5.6200243099227505,1.0935815402685636,0.3670515429913576,0.5207197830736615,FISHR_COMMON_HARNESS_LAMBDA10000_ANNEAL100
source_balanced_classifier_grad,500,13128.70007433365,"[0.36583908039132085, 0.5616831705399428, 0.6240337961884754, 0.6681056189974396, 0.7085566692215899, 0.7398645750377818, 0.7647414305841345, 0.7865430816818161, 0.8065800705476218, 0.825389219326451, 0.840419782209587, 0.8530366110377923, 0.8637927264824777, 0.87429795494923, 0.884100127900433, 0.8921100514311444, 0.899695007804147, 0.9069865176815168, 0.9141009643249286, 0.9205041156872802, 0.9264213299353656, 0.9321539843604998, 0.9369564146530021, 0.9416627004659266, 0.9462035427235406, 0.9502476395919246, 0.9541204865759356, 0.9579551115618955, 0.9613578957550474, 0.9645269609780028, 0.9673901702000806, 0.9700264289671888, 0.9725437123884575, 0.9750284070203605, 0.9772652316594873, 0.9792782969320403, 0.9810985058954039, 0.9828174684070675, 0.9843963413592688, 0.9858884477570885, 0.9871784984773717, 0.9883959006909008, 0.9895018090718904, 0.9905049071302009, 0.991460377885038, 0.9923545734460395, 0.9931955687681229, 0.9939683622225512, 0.9947100755198324, 0.9954028861319667, 0.9960652144786413, 0.9966574462919907, 0.9971628467280778, 0.997644144962488, 0.9980728554153453, 0.998497533629756, 0.9988860348950453, 0.9992305463514948, 0.9994874774290039, 0.9996615118967304, 0.9998005436894001, 0.9998826694628397, 0.9999335620029666, 0.999972134401858, 0.9999999999999994]",11.876513689361808,7.376784155108695,MLDG,17.21016502793992,28,57,64,11,"[6.296150947204411, 3.3705091112045267, 1.0730645570065516, 0.7584833436244003, 0.6961692499111125, 0.5388142257758635, 0.4281347893289518, 0.3752100132726689, 0.34483988504351115, 0.32370855451872566, 0.2586784676815993, 0.2171377062626822, 0.185114521862611, 0.18079671556901983, 0.16869701412261218, 0.13785210582472254, 0.13053835090910001, 0.1254880882923891, 0.1224408008155895, 0.11019929164494932, 0.1018362337152288, 0.09865992870470885, 0.08265061786914145, 0.08099595550908327, 0.07814864461937909, 0.069599574493864, 0.06665233572278836, 0.06599452882863156, 0.058562477518610094, 0.05454013547136912, 0.04927630322147749, 0.04537044843828719, 0.04332286310213174, 0.042762004659087506, 0.03849612117793325, 0.034645185552652134, 0.03132609664482323, 0.02958362850257265, 0.027172664065535427, 0.025679397345721625, 0.0222019857904866, 0.020951693000215137, 0.019032865742614053, 0.017263483122728126, 0.01644380937011681, 0.015389253172087003, 0.014473668280780115, 0.01329990288322409, 0.012765008249626439, 0.011923384967940702, 0.011398780148952485, 0.010192407242540086, 0.008698024910251793, 0.008283222041857038, 0.007378177642877988, 0.007308782153779866, 0.0066861708891931436, 0.005929099019510317, 0.004421826244737982, 0.0029951619101217164, 0.002392760095975899, 0.0014133981139417054, 0.0008758690142748737, 0.0006638373504446772, 0.0004795715426170228]",6.296150947204411,1.3727260945706887,0.36583908039132085,0.70855666922159,MLDG_BETA1_INNERLR0P001_ONE_STEP
source_balanced_classifier_grad,500,9081178735138.143,"[0.4804563645632781, 0.6332839120401522, 0.6558836502451142, 0.6753520003551741, 0.6925999611195269, 0.7087211954077722, 0.7241863271914979, 0.739135771973428, 0.7532912540058243, 0.7658260242633715, 0.777787062966284, 0.7889390958433203, 0.7997412261493766, 0.8101708883638274, 0.820408004493729, 0.8299608792433977, 0.8394082484956287, 0.8482055376276797, 0.8568733801937787, 0.865304077215159, 0.8732365075905566, 0.8808662506514217, 0.8882602800779048, 0.895319453506245, 0.902071681445194, 0.9082709011347659, 0.9143445096094812, 0.9203135956557421, 0.925892536867775, 0.931388772808824, 0.9363113592851975, 0.9411853850821053, 0.9458031969372814, 0.9503718424139552, 0.9548467363259885, 0.9591341454867809, 0.9633618832934566, 0.966826489074844, 0.9701649209648469, 0.9732314227148567, 0.976236688469645, 0.9791042215416041, 0.9818627124757108, 0.9844420080105171, 0.9867740981693885, 0.9888275967015964, 0.9908523290497017, 0.9928303209783923, 0.9945811972629304, 0.9962585773762187, 0.9978432605092784, 0.9989401367410786, 0.9997762302595375, 0.9999073865538097, 0.9999941980912777, 0.9999999999999998, 0.9999999999999998, 0.9999999999999998, 0.9999999999999998, 0.9999999999999998, 0.9999999999999998, 0.9999999999999998, 0.9999999999999998, 0.9999999999999998, 0.9999999999999998]",10.629188189892094,9.603305395891354,SPECTRAL_NORM_REG,18.901151914997918,32,53,55,11,"[9.081178735138142, 2.8886166916569547, 0.42716108505116773, 0.36797424296460796, 0.3260063266309567, 0.304709898339397, 0.29230880522966063, 0.28256172686813286, 0.26755491632434614, 0.2369215968574972, 0.22607740958491682, 0.2107862675699163, 0.20417270592037148, 0.1971326299374487, 0.1934932871427451, 0.1805603368684353, 0.1785661614334973, 0.1662788983250559, 0.16383220911712323, 0.15934988515043036, 0.14993207158053332, 0.14421093266581267, 0.13975567345392373, 0.13342650936337372, 0.12762488603876895, 0.11717239310704454, 0.11479819645281189, 0.11282260215407156, 0.10544841537347623, 0.10388519048244017, 0.09304255480464955, 0.09212470202497297, 0.08728196338956412, 0.0863526622003795, 0.08458064963483979, 0.08103697186989015, 0.07990911454075875, 0.06548504019958436, 0.06310020831081625, 0.05796041542454426, 0.05680298457619226, 0.05419967821438198, 0.052138656201693424, 0.048751656737048545, 0.04407919037230198, 0.0388134877144863, 0.03826977369874963, 0.03738632593082137, 0.03309357863842213, 0.03170441634045868, 0.02995233663509717, 0.020732224289206545, 0.015803130607538227, 0.0024790050426470966, 0.001640838057656339, 0.00010966275815455207, 2.4987549974800043e-17, 1.9840605460621215e-17, 1.5175572743887125e-17, 1.2296095283373343e-17, 1.0360669185972424e-17, 5.50267754889078e-18, 3.948668821682093e-18, 2.6703908232886636e-18, 2.548585178776071e-35]",9.081178735138142,1.1182966740131908,0.4804563645632781,0.6925999611195269,SPECTRAL_NORM_REG[lambda=1]
source_balanced_classifier_grad,500,8537307085402.561,"[0.3267624793343842, 0.5550594485935963, 0.5900185823811396, 0.620302232149359, 0.645767779813428, 0.6701577309475326, 0.6914682768545614, 0.7110951332906875, 0.730079840360775, 0.7475418989830946, 0.7627779541988469, 0.777108735766049, 0.7904686933313138, 0.8036334255560167, 0.8160965943981316, 0.8272434645809685, 0.8377343265869992, 0.8478156272039417, 0.8570795936901779, 0.8658561979137415, 0.8735520493986916, 0.8806865938532503, 0.8877432718598912, 0.894395891541582, 0.9009609854098026, 0.9073922027329848, 0.9132705163660999, 0.9187883653382902, 0.9241014273678468, 0.9290923112095347, 0.9337572140330296, 0.9382668283414712, 0.942566510543405, 0.9466373935358358, 0.9505907637949734, 0.9543745239188892, 0.9577915449707645, 0.9611302900035683, 0.9643959682012785, 0.967509365873639, 0.9704789578756944, 0.9730723370223522, 0.975598304801004, 0.9780551043798763, 0.9802680418972585, 0.9824429763470691, 0.984489081396856, 0.9864988378294813, 0.9882737556853494, 0.989969747118657, 0.9914303500168414, 0.9928441784730127, 0.9941124990075789, 0.9952866701190167, 0.9963367667753632, 0.9972515816830532, 0.9981206792392734, 0.9988762330642444, 0.9993613757719716, 0.9997190739400542, 0.9999703609298481, 1.0, 1.0, 1.0, 1.0]",14.541853787865897,10.639915429108717,SPECTRAL_REG_2024,26.12695038546981,38,60,61,11,"[8.53730708540256, 5.964703588988562, 0.913375553986144, 0.7912194149852131, 0.6653371003579494, 0.6372350431847826, 0.5567795756002171, 0.5127899043294069, 0.4960124997028542, 0.4562303392535102, 0.3980716586922375, 0.3744196189912963, 0.3490549484596534, 0.3439543056728096, 0.32562459398367133, 0.2912337242202512, 0.2740942311323729, 0.26339364103986285, 0.24203919275854963, 0.22930590310195006, 0.2010691299212367, 0.18640388898718535, 0.18436947616574226, 0.1738126643569366, 0.17152588177095182, 0.16802809592095486, 0.15358240864262718, 0.14416456633093114, 0.13881410804114858, 0.13039657451142148, 0.12187968462248713, 0.11782246929426135, 0.11233758356321129, 0.10635975796829203, 0.10328950861588171, 0.09885811302806766, 0.08927633948845151, 0.08723122582179893, 0.08532221224648347, 0.08134358651599986, 0.07758638290279, 0.06775708829543929, 0.06599583482813164, 0.06418868070424202, 0.057817308722787626, 0.05682440446185193, 0.05345848511923977, 0.05250880660208183, 0.04637319075854973, 0.04431108403221179, 0.038161099453737204, 0.03693902592794969, 0.033137347679485, 0.03067751037258766, 0.027435823240312514, 0.02390132370510325, 0.022706868731497472, 0.019740317298572157, 0.012675299454658489, 0.009345562290468597, 0.006565362714859037, 0.0007743785153295533, 8.296223304832194e-18, 5.003862857952837e-19, 1.1263300010842497e-19]",8.53730708540256,1.5532256204213934,0.3267624793343842,0.645767779813428,SPECTRAL_REG_2024[lambda=1]
source_balanced_classifier_grad,500,13701516692583.496,"[0.2673627033169007, 0.38161118947386, 0.421152624858009, 0.4592486076767784, 0.49081911455012667, 0.5206569124560877, 0.5481997140133814, 0.5754470835950243, 0.599155312364941, 0.621841335418682, 0.6421720355183546, 0.6610556663139312, 0.6797456436519842, 0.6969767325968054, 0.7131232996261566, 0.7284981015003555, 0.7425085142317797, 0.7562573092853301, 0.7689005563054586, 0.7811588928545933, 0.7926784383501024, 0.8033620941919253, 0.8136836698538222, 0.8236146538915254, 0.8330413865337616, 0.8416782942753415, 0.8501860276844911, 0.8583859020059249, 0.8662357529730614, 0.8740192784384452, 0.8812831075297007, 0.8881523981139429, 0.894777212504876, 0.9009450528023241, 0.9067545884519529, 0.9123381519697926, 0.9178397558622003, 0.9232180814910904, 0.928549716107614, 0.9334185470232282, 0.9381079531724372, 0.9426571445192381, 0.9471360713400996, 0.9513672827204456, 0.955543018281874, 0.9594289137208275, 0.9632001459238956, 0.9667906408488445, 0.9702057379913663, 0.9734640316157319, 0.9766544539383358, 0.9796655139127758, 0.9824264153951482, 0.984938355444143, 0.9873251626479298, 0.9896072280762239, 0.9917428608973194, 0.9937409963568069, 0.995618697059664, 0.9972504128602592, 0.9986614032822794, 1.0000000000000002, 1.0000000000000002, 1.0000000000000002, 1.0000000000000002]",24.916145946460485,15.885258022977817,SVB_ORTHDNN,51.2469260768332,53,62,62,11,"[13.701516692583496, 5.854883724475796, 2.0263770161033587, 1.952302015337784, 1.6178914319466344, 1.5290954235822711, 1.4114839153555159, 1.3963439347386077, 1.214973847184573, 1.1625889464124004, 1.0418858850981845, 0.9677280314431251, 0.9578038870208877, 0.8830403413785889, 0.8274619269477943, 0.7879113350930261, 0.7179905855532168, 0.7045834837548263, 0.6479275454116703, 0.6282020669584467, 0.5903412964470741, 0.5475045211562243, 0.5289490249416711, 0.5089324048503879, 0.4830910708627443, 0.44261497256517507, 0.43599518510009594, 0.42021835318983947, 0.4022807322270016, 0.3988817541416687, 0.37224891247432457, 0.35203002677094364, 0.33950137336488767, 0.3160828557770377, 0.2977208439772535, 0.2861404668440375, 0.28194028797823534, 0.2756226559208689, 0.27322988506166956, 0.24951261801307806, 0.24031765027275814, 0.23313207265887373, 0.22953123169223494, 0.21683657682404897, 0.21399361163292593, 0.19914019630234833, 0.19326405792920148, 0.18400182799809914, 0.17501323080802028, 0.16697753250447792, 0.16349933692036298, 0.15430756792303496, 0.14148771417255512, 0.12872920600027526, 0.12231653233211562, 0.11694883830628656, 0.10944461730994347, 0.10239830018385533, 0.09622638911373474, 0.08362041901149979, 0.07230892185239107, 0.06859896703973413, 7.25983441411641e-17, 1.7009284569419408e-17, 2.63909201642911e-18]",13.701516692583496,1.3441609012919897,0.2673627033169007,0.49081911455012667,"SVB_ORTHDNN[factor=0.05,frequency=1]"
source_balanced_classifier_grad,500,4996445506554.084,"[0.6731388543357456, 0.9830569444321756, 0.9936729472794873, 0.9966082263853989, 0.997971652748186, 0.9987731380005799, 0.9990860568527329, 0.9993356517977208, 0.9994863493819475, 0.9995680202612597, 0.9996391080864705, 0.9996981834025592, 0.9997448641452582, 0.9997878952833684, 0.9998164376331161, 0.9998416051316363, 0.9998636474627659, 0.9998842640960407, 0.999901322620511, 0.9999162318234716, 0.9999291908872392, 0.9999376738892272, 0.9999456433908954, 0.999952548859462, 0.9999583412411788, 0.9999635135441322, 0.9999675871519512, 0.9999713893633861, 0.9999748051769071, 0.9999779157636907, 0.9999805620929499, 0.9999830163642632, 0.9999850348381767, 0.9999868319886607, 0.9999885709206303, 0.999990037990556, 0.9999913392789196, 0.9999924375194532, 0.9999934416436279, 0.9999943212859781, 0.9999950549503399, 0.9999957433035797, 0.9999964098747054, 0.9999969448194145, 0.9999974205956208, 0.9999978118768252, 0.9999981089628193, 0.9999983900092133, 0.999998666460298, 0.9999989093902905, 0.9999991445619364, 0.9999993399176056, 0.9999995130849191, 0.9999996624757382, 0.9999997803866568, 0.9999998882809956, 0.9999999545667543, 1.0, 1.0, 1.0, 1.0, 1.0, 1.0, 1.0, 1.0]",2.056112789322808,5.501194637228084,STABLE_RANK_NORM,7.422607496761695,3,6,11,11,"[4.996445506554084, 2.3004003389318277, 0.07879842232009955, 0.02178742469662771, 0.010120178741706228, 0.005949110442962569, 0.0023226738178690723, 0.001852645309821193, 0.0011185690184253461, 0.0006062108810496421, 0.0005276570243383258, 0.00043849288407406544, 0.0003464928307118282, 0.00031940324833130854, 0.00021185865921225595, 0.0001868084631905009, 0.00016361157228825902, 0.00015302917670357238, 0.0001266187316171576, 0.0001106651616652874, 9.619004387252589e-05, 6.2965994151313e-05, 5.915448282787821e-05, 5.1256582751009224e-05, 4.299457595442102e-05, 3.839197467694514e-05, 3.0236791936879193e-05, 2.8222323100996582e-05, 2.5354243048317727e-05, 2.308866477902867e-05, 1.9642663398989675e-05, 1.8217092649135554e-05, 1.4982339602041443e-05, 1.3339542654986288e-05, 1.2907409474146104e-05, 1.0889484228239945e-05, 9.658952763537881e-06, 8.151808417997938e-06, 7.453219626739832e-06, 6.52923990273443e-06, 5.4457025924488185e-06, 5.109375917643e-06, 4.947695835148425e-06, 3.970684608061596e-06, 3.5315000357610407e-06, 2.9043268013817086e-06, 2.2051527261408526e-06, 2.086097071286386e-06, 2.051987893817985e-06, 1.8031739828064e-06, 1.745586822026293e-06, 1.4500484545245308e-06, 1.2853529989482114e-06, 1.108869414522163e-06, 8.752064679358252e-07, 8.008573276668004e-07, 4.920131694966214e-07, 3.372331510499705e-07, 4.402978872080821e-21, 1.7575420868783457e-21, 1.3527359926600156e-21, 6.227692736994155e-22, 3.446667987720634e-22, 2.0071062001025136e-22, 5.20814369102708e-24]",4.996445506554084,1.2122486567863044,0.6731388543357456,0.9979716527481862,STABLE_RANK_NORM[target_rank=8]
source_balanced_classifier_grad,500,5531718386526.762,"[0.36648034225129894, 0.6559818311125905, 0.7350926689956236, 0.7612253377851009, 0.7833519572740987, 0.8044346192899114, 0.8213599294107368, 0.837691523317801, 0.8535645348377929, 0.8668498092786011, 0.8786680618649029, 0.8890886343723229, 0.897950485492847, 0.9066764399133025, 0.9152631786664384, 0.921782349977318, 0.9282167210149732, 0.9336907071297256, 0.9383343846311769, 0.9426043565000768, 0.9466581497841048, 0.9504953037473031, 0.9541043701600876, 0.9576336816603966, 0.9609174617663933, 0.9639134638165051, 0.9667624235167126, 0.9694694360444965, 0.9720230824271512, 0.9741973717064961, 0.9762520590757999, 0.9780851913545334, 0.9798836867571712, 0.98150717598205, 0.9831010955317452, 0.9845472234356559, 0.9858942419391421, 0.9871993055748576, 0.9883977162845115, 0.9895929276551201, 0.9906221919408283, 0.9916160139785632, 0.9925517496382263, 0.9933645846104885, 0.9941562863583907, 0.9949083597443255, 0.995615067529808, 0.9962608809692749, 0.9968095629099921, 0.9972998308912338, 0.9977381572121803, 0.9981501137460862, 0.9985119877549548, 0.9988643746781215, 0.9991785045372377, 0.9994372161146029, 0.9996336873928896, 0.9997662058123643, 0.9998603000981805, 0.9999390559711417, 0.999978243290929, 0.9999999999999999, 0.9999999999999999, 0.9999999999999999, 0.9999999999999999]",8.774497274488668,7.203276068257239,SAM,15.094174908660207,22,52,61,11,"[5.531718386526761, 4.369786109189878, 1.1941128241771644, 0.3944510735384554, 0.3339830647043024, 0.3182253880068442, 0.255473591347055, 0.24651193497043677, 0.239590012209937, 0.20053025611911218, 0.17838677165236516, 0.157289944075374, 0.1337623308276973, 0.13171108226735315, 0.12960973663480363, 0.09840151202593696, 0.09712152186958432, 0.08262530386365009, 0.0700924804263165, 0.06445170224423348, 0.061188664872671245, 0.057918673071973154, 0.05447587969154128, 0.053272045092810395, 0.04956595128149088, 0.045222178971093596, 0.04300269602265656, 0.04086012057430584, 0.03854518515465638, 0.032819102684456467, 0.031013810534885947, 0.027669619245913865, 0.02714680417983512, 0.02450523032264568, 0.024058900473432378, 0.021828107521922335, 0.02033213289682256, 0.019698858784421718, 0.01808902086392765, 0.018040729480786603, 0.015535895155718392, 0.015000923665652525, 0.01412415771522567, 0.012269073243201423, 0.011950084658327458, 0.011351927231447052, 0.010667170923385448, 0.009748021013676103, 0.008281901182409275, 0.007400190660977356, 0.00661617415543675, 0.006218143977540871, 0.005462189584759501, 0.005318989853803087, 0.0047415310375324825, 0.0039050377996465028, 0.0029655718389877874, 0.002000256202171195, 0.001420275608014408, 0.0011887549215604198, 0.0005915002590708927, 0.0003283995721523945, 5.51784888249241e-18, 4.808335474585917e-19, 1.3913735852272058e-20]",5.531718386526761,1.6956647579965607,0.36648034225129894,0.7833519572740987,SAM[rho=0.2]
source_balanced_classifier_grad,500,30293.45497207715,"[0.3542329022951564, 0.6117793652173416, 0.6952258974373846, 0.7268098906422888, 0.7520499290389128, 0.7729471567794393, 0.7929096371084904, 0.8110701877350004, 0.8271827177272012, 0.8413677338655374, 0.8546522591441281, 0.8661905369217897, 0.8770334526571218, 0.8869317604411552, 0.8960330650904446, 0.9047051341686311, 0.9120567356034931, 0.9183303662018482, 0.9243352896391493, 0.9299988242502873, 0.934951950998807, 0.9396686576916691, 0.9441767552610643, 0.9482280566080458, 0.9519059017807617, 0.9555308737387243, 0.958910683199361, 0.9618981377184147, 0.9647122952008088, 0.9674494909967953, 0.969960360263235, 0.9723775351206448, 0.9744632874670048, 0.9765059596749105, 0.9784466485472136, 0.9802998790829444, 0.9820297078885973, 0.9837109125033949, 0.9852584289878964, 0.9866729216641212, 0.9879658101723838, 0.9892004987310963, 0.9903464647682575, 0.9913753864543515, 0.9923015183854124, 0.9931560403996416, 0.9939914397200018, 0.9947149570914271, 0.9954055393067505, 0.9960478155110579, 0.9965944691888512, 0.9971069279035679, 0.9975918168170937, 0.9980158412026792, 0.9984198271087598, 0.998759313212991, 0.9989986214620907, 0.9992287197327065, 0.9994237984174662, 0.999588485110638, 0.9997292120227431, 0.9998390627563121, 0.9999425625251059, 0.9999883066192804, 0.9999999999999998]",10.232828959525971,6.186930205863628,ASAM,13.729275939995855,26,55,64,11,"[4.863361262635793, 3.5359264568285913, 1.145660467084726, 0.43362535799708507, 0.34652745188334044, 0.28690380603062465, 0.2740704008842817, 0.2493312107736204, 0.2212133703543841, 0.19475000077651247, 0.1823869132816226, 0.15841219948183735, 0.1488653821244981, 0.13589659890600228, 0.12495432294406046, 0.11906122934512783, 0.10093216470008944, 0.08613240563041814, 0.08244325086925708, 0.07775622947203109, 0.0680028438962007, 0.06475696771432857, 0.06189291549465151, 0.05562143410878566, 0.05049415124079861, 0.04976824028561493, 0.04640233670969028, 0.04101558745027568, 0.03863634461439331, 0.037579716384896156, 0.03447241700820498, 0.03318606061260078, 0.028635869505670288, 0.02804441039729727, 0.02664425304152952, 0.025443513405473628, 0.02374929700176344, 0.02308172206815018, 0.021246280837412656, 0.019419960266994635, 0.01775042308958687, 0.016951379922518727, 0.01573328394204985, 0.014126349749030431, 0.012715120838376177, 0.0117319685301532, 0.011469427789311138, 0.00993336963967865, 0.009481193793427363, 0.00881798723863067, 0.007505159186037977, 0.007035687102201847, 0.006657173694040529, 0.005821547794989974, 0.005546433980450045, 0.004660898402786294, 0.0032855289866063945, 0.003159082650600472, 0.002678289093076038, 0.0022610290542018283, 0.0019320786084740158, 0.0015081710333791196, 0.0014209768854971459, 0.0006280332915466966, 0.00016054165056836778]",4.863361262635793,1.618368330151705,0.3542329022951564,0.7520499290389129,ASAM[rho=2]
source_balanced_classifier_grad,500,118412.66640597887,"[0.4316309036979285, 0.6857548736059194, 0.748133449429883, 0.781566258396815, 0.8131561969132153, 0.8334892169682414, 0.8500426343636838, 0.8647603763830392, 0.8784989732121459, 0.8916910317330761, 0.9018705859341138, 0.9111948505784535, 0.9197107408671237, 0.9274205416987312, 0.9340280477490847, 0.940189577830741, 0.9459413103499243, 0.950987808771597, 0.9554477188101044, 0.9594859872674526, 0.9632881783782824, 0.9664304701240588, 0.9695338679319081, 0.9723419008785242, 0.9749360953175212, 0.9771640266485934, 0.9791345269914532, 0.9809302599039003, 0.9826358683270767, 0.9842859611324634, 0.9857744793921832, 0.9871332151210706, 0.9884089783218316, 0.9895302530580937, 0.9905073896645589, 0.99145479575671, 0.9923142337624075, 0.9930964570397651, 0.9938417512383869, 0.9945520696078349, 0.9951874242470107, 0.9957796611723295, 0.9963466592545557, 0.9968638302191787, 0.9973073762976903, 0.9976776212277673, 0.998042485440432, 0.9983534950240164, 0.9986302735431877, 0.9988676543994169, 0.999079488711731, 0.9992707332097408, 0.9994106603833086, 0.9995475879008304, 0.9996433979578091, 0.9997256360082921, 0.9997982440990805, 0.9998530879175884, 0.9999032844258886, 0.9999417482511328, 0.999960891734807, 0.9999762585232304, 0.9999880854904422, 0.9999963548586752, 1.0]",7.607844416395864,6.748047927250898,ERM,13.266286932693475,19,45,59,12,"[5.726139417474505, 3.3712815012745683, 0.8275320853334788, 0.44352923672124756, 0.4190811885447113, 0.26974367825818685, 0.21960238488457778, 0.19524978863012832, 0.1822601675875218, 0.17500963357154453, 0.13504488687787172, 0.12369837020817871, 0.1129742440568357, 0.10228043002602383, 0.08765707117349728, 0.0817406260076754, 0.07630413395959112, 0.06694829606729459, 0.05916644626483819, 0.05357282806642758, 0.050440958249204075, 0.04168654392570404, 0.04117056578522041, 0.03725217078626607, 0.03441532778693165, 0.029556376304339948, 0.0261412229493493, 0.023822708071003822, 0.022627090736678245, 0.021890604621832583, 0.019747110337997607, 0.01802537804512189, 0.016924640679467463, 0.014875152381632662, 0.012962974593805339, 0.012568561060258703, 0.011401551184444055, 0.01037719844285825, 0.009887286688188213, 0.009423287302660215, 0.008428796947324079, 0.00785678498341596, 0.007521959249099811, 0.006860938409946713, 0.005884209545405588, 0.004911775477776929, 0.004840393336681349, 0.004125942374649209, 0.0036718232521321752, 0.0031491625510662626, 0.0028102547693490206, 0.0025371043848967227, 0.0018563140342314894, 0.001816519736425721, 0.0012710437069162728, 0.0010909935744929805, 0.0009632397660340439, 0.000727573832811152, 0.0006659212821298509, 0.000510272142218549, 0.00025396294731260547, 0.00020386022445818375, 0.0001568999405759683, 0.00010970381173134232, 4.8357490725209963e-05]",5.726139417474505,1.3887768908673668,0.4316309036979285,0.8131561969132153,ERM_CANONICAL
source_balanced_classifier_grad,500,11274728333675.848,"[0.29210043261214297, 0.43366310341295444, 0.49547445501191334, 0.5318663075384661, 0.5646236023386878, 0.5920104180961717, 0.6158662405033948, 0.6389775255643916, 0.6597122620037622, 0.6787219469087299, 0.696542957385568, 0.7138928141777194, 0.7292842259933731, 0.7444351219921903, 0.7585215022878035, 0.7721087120338855, 0.7853242815140974, 0.7978272704683506, 0.8097707030705084, 0.820266142044217, 0.8298532397949083, 0.8391962510920177, 0.847963693164897, 0.8564812236514375, 0.8646133069705173, 0.872374549571705, 0.8798377617070652, 0.886672486331995, 0.8932041829111921, 0.8995523883606513, 0.9058667806669864, 0.911770489022239, 0.9174395714610507, 0.9227204603433683, 0.9278501447397272, 0.9326384184939382, 0.9371437227180863, 0.941546900909349, 0.9458782373019243, 0.949921236044732, 0.9538208993454991, 0.9576343521660806, 0.9613356873954609, 0.9646859759358402, 0.9678394258861243, 0.9708625974055176, 0.9737251514943533, 0.9764325928914219, 0.9789837755168285, 0.9813162873531436, 0.9836152282316536, 0.9857928708051075, 0.9878341444742909, 0.9898108694605011, 0.9916283040841848, 0.9933738752650467, 0.9948860775748901, 0.9962667361627716, 0.9976090788343064, 0.9987507043513156, 0.9997132857127198, 0.9998701738776755, 0.9999999999999999, 0.9999999999999999, 0.9999999999999999]",20.51395613915075,13.220315989605286,IRMv1,38.59880737885338,46,61,63,12,"[11.274728333675847, 5.464150262276554, 2.3858444541947943, 1.4046821058320462, 1.2643925122460724, 1.0570984261432688, 0.9208062939605368, 0.8920680403471877, 0.8003360978745611, 0.7337511659795456, 0.6878697506920032, 0.6696837803709408, 0.5940901399610201, 0.5848065162753878, 0.5437174796956484, 0.5244500918050995, 0.5101052207685525, 0.48260046230515047, 0.4610022544530045, 0.4051114273026913, 0.3700505394011747, 0.3606290933955735, 0.3384128077763206, 0.3287665185934914, 0.31388871762194703, 0.2995747081837964, 0.28807108764029016, 0.2638122192851751, 0.2521156981175418, 0.24503315934506628, 0.2437280123467449, 0.22787610162531896, 0.21881982107053388, 0.20383601275770638, 0.19799969992936617, 0.18482165631601333, 0.1738993699310277, 0.16995742685931653, 0.16718441911003148, 0.1560549297065811, 0.15052235258869243, 0.1471947308699723, 0.14286712556341571, 0.12931714203367856, 0.12171940720987133, 0.11669081515029903, 0.1104911738865201, 0.10450400897498169, 0.09847260674634366, 0.09003217507882148, 0.08873637614497962, 0.08405440623273627, 0.07879072916433624, 0.07629922698369768, 0.07015080896322459, 0.06737696577616582, 0.058369205675502966, 0.05329177488959934, 0.051812826214985314, 0.044065383429823066, 0.037154492555313896, 0.006055696059149237, 0.005011133488342403, 1.4651065061362067e-17, 1.543418588281666e-18]",11.274728333675847,1.374901224771958,0.29210043261214297,0.5646236023386877,IRMv1_CANONICAL
source_balanced_classifier_grad,500,1024.6912313795879,"[0.2897673381604343, 0.42950769886957474, 0.4718155116980983, 0.5099253898413834, 0.5382474163645972, 0.5643369928037801, 0.5895301288740087, 0.6124696158422857, 0.6350771669234662, 0.6551422251935805, 0.6737408409501975, 0.6913389412232708, 0.7082314643413055, 0.7232682002658939, 0.7375012470819918, 0.7514576361828433, 0.7642912638031706, 0.7767978409210636, 0.7887280684969443, 0.8003172078907524, 0.8113844776628991, 0.8219150268890953, 0.8322132414524342, 0.8412855371759163, 0.8499361233095408, 0.8583776613768314, 0.8665169505880398, 0.8743785738045631, 0.8816024859816902, 0.8884627515258156, 0.8950560186697796, 0.9013871593580377, 0.9073987637982339, 0.9132747069266212, 0.9185657645226089, 0.9238043957497665, 0.9289016420480555, 0.9337211251650891, 0.9383644867116467, 0.9428630914970286, 0.9471522733625151, 0.9512053084288278, 0.9551346335130929, 0.9588557814145025, 0.9623630033506383, 0.9657114630786626, 0.9689656799088091, 0.9719922844374291, 0.9748652394589975, 0.9774892892001529, 0.9800207288196762, 0.982370062203973, 0.9846956316893711, 0.9868473662006758, 0.9888726940522763, 0.9906332968814644, 0.9922714045443884, 0.9938714435033593, 0.9952628635149638, 0.996557464873944, 0.9976799826339179, 0.9986887493355362, 0.9993325670610607, 0.999717214972387, 0.9999999999999999]",21.823996057008987,9.361367386212814,VREX,27.760864838161595,48,64,65,12,"[8.044191909185681, 3.8793132660823937, 1.174501473530883, 1.057963176134544, 0.7862439502537658, 0.7242692052130433, 0.6993832452950294, 0.6368199971831073, 0.6276051698864874, 0.5570233706064786, 0.516313658196348, 0.4885384830892012, 0.46895105105528123, 0.4174327936096289, 0.3951216888969222, 0.3874414314575313, 0.35627260175120357, 0.3471933969578726, 0.3311934352225322, 0.32172453230212233, 0.3072369802720345, 0.2923371537400416, 0.2858873425672376, 0.25185477535141654, 0.24014775242642544, 0.23434439731224968, 0.22595370767106288, 0.2182454595224552, 0.2005420495519767, 0.19044690452436044, 0.18303479802547662, 0.17575794091811847, 0.16688733832477945, 0.16312126298388116, 0.14688433477314217, 0.14542893343409594, 0.141503965533622, 0.13379301940177216, 0.12890373228870527, 0.12488515940729451, 0.11907139803406293, 0.11251575866023629, 0.10908146256948245, 0.10330228393383842, 0.09736351412650283, 0.09295613792570993, 0.09033987357576652, 0.08402115923758897, 0.0797557160398767, 0.07284589019282704, 0.07027495312355446, 0.06521952654124674, 0.06455982015589007, 0.05973401093593624, 0.05622485274124378, 0.04887585717477728, 0.045475285420790025, 0.04441846527578436, 0.03862702287526665, 0.03593925334594841, 0.03116206381306899, 0.028004236056862843, 0.017872936858697865, 0.010678158676611527, 0.007850356929819165]",8.044191909185681,1.3542964278827163,0.2897673381604343,0.5382474163645972,VREX_LAMBDA10000_ANNEAL100_RESCALE
source_balanced_classifier_grad,500,51991.974041666086,"[0.4330092291550762, 0.6877139163088059, 0.7478497118008414, 0.7804642203133897, 0.8120932257490332, 0.8328166124079897, 0.8499909361009094, 0.8646348910438699, 0.8785237959552401, 0.8921043651812577, 0.9024276358711038, 0.9115226806113595, 0.9198331203289665, 0.9272394366566052, 0.9336549089664933, 0.9399622233675022, 0.9459242998548759, 0.9513380495181035, 0.9557176264558163, 0.9598294375207627, 0.9634926722816841, 0.9668147017565691, 0.9698341482730879, 0.9725422967363445, 0.9750038156498214, 0.9771171644949823, 0.9789972084208971, 0.9807005828712171, 0.9823262773724464, 0.9839328959700154, 0.9854577376494436, 0.986855412811859, 0.9881685207923994, 0.9893184058919635, 0.9903235487070252, 0.9912834958313035, 0.9921863736737456, 0.9930087340980748, 0.9937755048853754, 0.9945110767069086, 0.9951486704595045, 0.9957490092749843, 0.9962583817557401, 0.9967658538969796, 0.9972411941289695, 0.9976389279917297, 0.9980163664745781, 0.9983388971388725, 0.9986039780787784, 0.998853898430029, 0.999060247819576, 0.9992436738932076, 0.9994101538183495, 0.9995417545677817, 0.9996443499279425, 0.9997298812148655, 0.9998034638164884, 0.9998588458225369, 0.999907885545983, 0.999933094536597, 0.9999520720003188, 0.9999665612295029, 0.9999796275680092, 0.9999916716139917, 1.0]",7.586673210802986,6.654535641493188,CORAL,13.052115744810195,19,45,59,12,"[5.651686577503096, 3.324435057476149, 0.7848993631682826, 0.4256883400658779, 0.41282543983924913, 0.27048404129715536, 0.2241612606788239, 0.1911345948773065, 0.18127959447186684, 0.17725516141838854, 0.13474052390887706, 0.11870957665404619, 0.10846882108447277, 0.09666809795101818, 0.08373548714628369, 0.0823237976008775, 0.07781771239261313, 0.07066088721787371, 0.057162745104328734, 0.05366783394047204, 0.047812964099959596, 0.04335951321387058, 0.03941016541886634, 0.03534706719655511, 0.03212802976673922, 0.027583673736200756, 0.02453855092636678, 0.022232640482328734, 0.021218752795746813, 0.020969771893236625, 0.019902410092406404, 0.018242617993491566, 0.01713883734744747, 0.015008433412743239, 0.013119240362249868, 0.012529340974977035, 0.011784466102979379, 0.01073354344229576, 0.010007981065586364, 0.009600768553273202, 0.008321947457048647, 0.007835691705745393, 0.006648388576044841, 0.006623585124723741, 0.006204195726097192, 0.005191268412376908, 0.004926370764683347, 0.0042097075616197846, 0.003459867109395876, 0.0032619893515068547, 0.0026932961162389342, 0.002394098343654686, 0.0021729152521397605, 0.0017176682136925865, 0.0013390865156987705, 0.0011163642567212537, 0.0009604086331864804, 0.0007228523531252524, 0.0006400721465118522, 0.0003290306633035009, 0.00024769605303943883, 0.00018911509636432972, 0.00017054336254508477, 0.00015720028219993806, 0.00010870305814843392]",5.651686577503096,1.3863707026642966,0.4330092291550762,0.812093225749033,CORAL_GAMMA1_SOURCE_ONLY
source_balanced_classifier_grad,500,3272.1730109653163,"[0.3616183406519669, 0.4101017297931964, 0.444175827513311, 0.4716001860258165, 0.4969695930274714, 0.5221303629862563, 0.5461179748506249, 0.5671352143970484, 0.5875450900827968, 0.6054377443777682, 0.6230015745960971, 0.6401612327530348, 0.6565323004125183, 0.6717032235063267, 0.6866688105413397, 0.7012246460918898, 0.7147224315930537, 0.7275950105900159, 0.7400262381955764, 0.7523824982193623, 0.7641459063074914, 0.7751007762512429, 0.7855264307577429, 0.7954105917359763, 0.8048891254383344, 0.8141622793374109, 0.8229062933812213, 0.8313840431479652, 0.8397714053474167, 0.8479644423540024, 0.8560493418783544, 0.8636163711643071, 0.8709303910438491, 0.8780623559881062, 0.8851081827141204, 0.8918848951111178, 0.8985519728685648, 0.9048873383862156, 0.9108651561848218, 0.9167934410946473, 0.9225369454088749, 0.9278012580989538, 0.9329255899113212, 0.9379122789063984, 0.9426646617724959, 0.9472662593223408, 0.9517122977418956, 0.9559927580070418, 0.9600699343198363, 0.9638743824353295, 0.9675033772880365, 0.9710702337760462, 0.9743959123997311, 0.9775750794582648, 0.9805801865748719, 0.9834508594980234, 0.9860705956096334, 0.9885447393703025, 0.9909301729162423, 0.9932673290530033, 0.9954298610745426, 0.9972295694475012, 0.9987112898005163, 0.9998894867907535, 1.0000000000000002]",22.36976010111706,5.859817413049676,FISHR,15.55125209449329,51,64,65,12,"[5.623617977471088, 0.7539774069306788, 0.5298948835379007, 0.4264831127577364, 0.39452604377053846, 0.391281476520617, 0.3730373992476534, 0.326844390516787, 0.3173991220063426, 0.2782531775807191, 0.2731395514701103, 0.26685416985386734, 0.25459060022863306, 0.23592684953798396, 0.2327336167235669, 0.22636146809259325, 0.20990746504599525, 0.2001847210880372, 0.19332115433809632, 0.19215531457500357, 0.18293572466889668, 0.17036194415766653, 0.16213198148067245, 0.15371107911506046, 0.1474030670915213, 0.1442091539955739, 0.13598036671308586, 0.13183962381666633, 0.13043398397149297, 0.12741198390892675, 0.12573031066184714, 0.11767678003226553, 0.11374216697089147, 0.11091098477723134, 0.10957142763036494, 0.10538636285758402, 0.10368140693964815, 0.09852286627574723, 0.09296255156107405, 0.09219225312067801, 0.08931868349636166, 0.08186665374765667, 0.07968977582995855, 0.0775492576792801, 0.07390550400023221, 0.0715606035350415, 0.06914146428429888, 0.06656651666375019, 0.0634051966739651, 0.05916393172445497, 0.05643541380406526, 0.05546908442991748, 0.051718466662191855, 0.04944002837776736, 0.04673317834131176, 0.044642558308764076, 0.040740176692695, 0.03847603334018268, 0.03709647842757089, 0.03634570426696237, 0.03363008062937181, 0.027987718604449856, 0.02304260674327845, 0.018322438412153332, 0.0017186187767657425]",5.623617977471088,1.0857667721341846,0.3616183406519669,0.49696959302747146,FISHR_COMMON_HARNESS_LAMBDA10000_ANNEAL100
source_balanced_classifier_grad,500,17351.94287594753,"[0.3457252903437108, 0.5580219969611473, 0.6268231950783598, 0.673196213670792, 0.712241113055526, 0.7396348269996761, 0.761651337497382, 0.7826095572344386, 0.8019397328069238, 0.820364004023181, 0.8361274385881491, 0.8504342003416064, 0.8639616873182548, 0.875813372235223, 0.8864154327313667, 0.8962386765683229, 0.905431686503529, 0.9128429650211201, 0.9198332660746168, 0.9262477564686113, 0.9317662162048336, 0.9370171604276126, 0.9422319966203289, 0.9467117234379201, 0.9509271067127189, 0.954899825636815, 0.9586005863119214, 0.962141603848839, 0.9650711878833893, 0.9678118776135395, 0.9705172491542645, 0.9730315316139732, 0.9753697705037386, 0.9775505531709684, 0.9796033787805124, 0.981586339691836, 0.9833646514141016, 0.9850337010774313, 0.9865433684282572, 0.9879336133873272, 0.9891411278194655, 0.9902605427324477, 0.9913396235946138, 0.9923590703219318, 0.9933474974124545, 0.9942468879075149, 0.9950232044256468, 0.9956978938318105, 0.996352292771425, 0.9969286394758025, 0.9974151521645175, 0.9978861054386023, 0.9982880902718885, 0.9986771550321897, 0.998984837555978, 0.9992238063320137, 0.9994327632659216, 0.9995945962758009, 0.9996868409761629, 0.9997731157560094, 0.9998398595935544, 0.9998982395360775, 0.9999459428074583, 0.9999800757014464, 0.9999999999999999]",11.932530991320547,7.6844780125839245,MLDG,18.27361137511305,28,54,63,12,"[6.317649598289095, 3.879427512943425, 1.2572463565361012, 0.8474025200489969, 0.7134913175370198, 0.5005820827364154, 0.4023211566711756, 0.38298236258919527, 0.3532321162242979, 0.3366779720755663, 0.2880548771772517, 0.26143620431901055, 0.24719603989317637, 0.21657308431296496, 0.19373793328196717, 0.17950614031951242, 0.16798949092351026, 0.13543082342318186, 0.1277380448466425, 0.11721590462925305, 0.10084218860893479, 0.09595371407946036, 0.09529388997057069, 0.08186078693133426, 0.07703027576082379, 0.072595921721489, 0.06762626236919422, 0.06470717834209204, 0.05353408013810908, 0.050082299028527934, 0.04943690816049944, 0.045945020555979495, 0.042728068773750176, 0.039850774954539425, 0.037512537409686596, 0.03623585706556755, 0.0324961773164904, 0.03049956491344966, 0.027587074474689777, 0.025404796098255335, 0.022065649462734843, 0.020455753087342387, 0.019718704317546434, 0.018628973312639956, 0.01806213252484541, 0.016435112381203824, 0.014186106356423839, 0.012329012007141605, 0.011958231906801085, 0.010531935693120907, 0.008890343802639216, 0.008606017106463013, 0.007345714622160206, 0.0071096182294952395, 0.005622470866621764, 0.004366822544061634, 0.003818397804367815, 0.002957273530201257, 0.0016856438058281938, 0.0015765517983883299, 0.0012196509489822347, 0.0010668123817695204, 0.0008717110425339754, 0.00062373123984597, 0.0003640888886884438]",6.317649598289095,1.4795092184425915,0.3457252903437108,0.7122411130555261,MLDG_BETA1_INNERLR0P001_ONE_STEP
source_balanced_classifier_grad,500,9250669992021.732,"[0.468755121600898, 0.6145479616140856, 0.6340940898612409, 0.6526436146760377, 0.6695308068664007, 0.6853047917622391, 0.7005989057134724, 0.7153304830217452, 0.7295532277478156, 0.7436660003660955, 0.7567369042607545, 0.7687586281714359, 0.7800398883376034, 0.7910440917491243, 0.8016549012696199, 0.8117351956211576, 0.8211608231895132, 0.8303304039169347, 0.8389613483382539, 0.8473934610888685, 0.8555948403053832, 0.8633106976023716, 0.8708813676120837, 0.8779867156405989, 0.8849211112321382, 0.8913546162791816, 0.8977391350809656, 0.9040305044854766, 0.9098938082824591, 0.9154356756746925, 0.9209066063290229, 0.9262513333855414, 0.9315223869231547, 0.9364498546921991, 0.9410052428867983, 0.9453587694036069, 0.9496139542465438, 0.9535707429343314, 0.9573747715757037, 0.9609887733641272, 0.9645282239841588, 0.9678464351659266, 0.9709414979452691, 0.9739608294551484, 0.9768128250722414, 0.9792932262758021, 0.9816465797815721, 0.9839671688405477, 0.9861475553149104, 0.9880644632192289, 0.9898631380043511, 0.9915363960390815, 0.9930473173023606, 0.9944690248857649, 0.995736212893381, 0.9969354481158427, 0.9980728826610289, 0.9990628755455844, 0.9997854190739731, 0.9999142854328805, 1.0, 1.0, 1.0, 1.0, 1.0]",11.751819346685405,9.767484944446517,SPECTRAL_NORM_REG,19.73454702836896,34,59,61,12,"[9.250669992021733, 2.877155657639724, 0.38573398711601786, 0.36606646981150465, 0.33326108845782343, 0.3112924467517067, 0.30182241102784674, 0.2907210051921628, 0.28067942466912266, 0.2785091749361222, 0.25794836761243706, 0.23724327587741076, 0.2226305592884976, 0.21716296973439697, 0.2093995194912857, 0.1989300429402213, 0.186010490519605, 0.18095752209572363, 0.1703277785817614, 0.16640392562551287, 0.16185050384579786, 0.15226894869159935, 0.14940374334292683, 0.14022082482166398, 0.13684715591454763, 0.1269623079081257, 0.12599558654731266, 0.12415732538616515, 0.11570964452316562, 0.10936624267701464, 0.10796633828682693, 0.10547576745066171, 0.10402185392707956, 0.09724134441897939, 0.08989852255879398, 0.08591487378520954, 0.08397414539734326, 0.07808543244046197, 0.07507078212042444, 0.07132068825425293, 0.0698494547156028, 0.06548339461665513, 0.06107966197468777, 0.059585139675949104, 0.05628284163022478, 0.048949594200890005, 0.04644236543399627, 0.0457957739178728, 0.043028939418329984, 0.03782930918682684, 0.035496032135734865, 0.03302098937698395, 0.02981734672634354, 0.028056755165281274, 0.025007381330083463, 0.023666363895746532, 0.022446755523668798, 0.019537061138010382, 0.014259069241031165, 0.002543119220233973, 0.0016915381558361624, 1.8892807284824063e-17, 1.1399768862247229e-17, 8.403699339401121e-18, 1.4344767181505975e-18]",9.250669992021733,1.1148568958699,0.468755121600898,0.6695308068664008,SPECTRAL_NORM_REG[lambda=1]
source_balanced_classifier_grad,500,7233672621914.924,"[0.31217091719269896, 0.5385640613701349, 0.5716263278566635, 0.6020645817064515, 0.629939623501407, 0.6531704821262991, 0.6744095392147507, 0.6938390992464567, 0.7119842407113139, 0.7291174041044246, 0.7449585148045853, 0.7598596507440574, 0.7728837257973122, 0.7848522941998306, 0.796310939653409, 0.807571383695838, 0.8181419612928588, 0.8282592675486127, 0.8380990567940945, 0.846733596579855, 0.8547895906666811, 0.8625374013908355, 0.8699773406247536, 0.8773514169718504, 0.8844133763492672, 0.8908744938264254, 0.8970798674374789, 0.9031364436756993, 0.9088158293293009, 0.9141893227890671, 0.9191757208917604, 0.9240403656947624, 0.9286102740570227, 0.9330542322881605, 0.9372661968325288, 0.9413664973572479, 0.9452851080390385, 0.9491018074366704, 0.9527452803348202, 0.9563247479500818, 0.9596863738520073, 0.9628619628945133, 0.9659058444061708, 0.9688079282183084, 0.9716745207318082, 0.9743082176289484, 0.9769199046081972, 0.9793772607893068, 0.9816252544734853, 0.9837587548311718, 0.985775377752108, 0.9877010679673548, 0.9895414665905486, 0.9911481221431474, 0.9927394244301291, 0.99426783495979, 0.9956291407717933, 0.996898932667285, 0.9980900486050062, 0.9991699701767047, 0.9998770806414506, 0.9999342768843056, 0.9999813024935292, 0.9999999999999997, 0.9999999999999997]",15.82585648977504,9.142459781551517,SPECTRAL_REG_2024,23.172154174277782,42,61,63,12,"[7.233672621914923, 5.246016840879044, 0.7661239363768958, 0.7053199110030934, 0.6459247660871446, 0.5383090376568518, 0.49215470536988665, 0.45022476059307903, 0.4204620155377537, 0.39701230363825313, 0.3670726594359249, 0.34529141936131913, 0.3017958751113869, 0.27733751226854453, 0.2655214990787072, 0.26092874542199207, 0.2449430537893301, 0.23443978038671548, 0.22800911343870345, 0.20008088713958025, 0.18667473700700565, 0.17953346461322692, 0.17239941897560943, 0.1708732340078221, 0.16364081146598977, 0.14971801031882914, 0.14379187402432778, 0.1403439183603107, 0.13160359998043855, 0.12451541890417483, 0.11554558560993508, 0.11272429937826282, 0.105894621132616, 0.10297608527597608, 0.09760029179869105, 0.09501279591966239, 0.09080265086742609, 0.08844114687879723, 0.08442711572572889, 0.08294397544267766, 0.07789611367566122, 0.07358523888709637, 0.07053329167635965, 0.06724753352153011, 0.0664251236776477, 0.06102843054884987, 0.06051841333810714, 0.056942236289785675, 0.052090856232587725, 0.04943779921919028, 0.04672949723531662, 0.04462239055959605, 0.04264600063877609, 0.037229670169778566, 0.036873901931820365, 0.0354165644348931, 0.03154438815408175, 0.02942381357158276, 0.027600722148312634, 0.025024109155528232, 0.01638527270733705, 0.00132536015762316, 0.0010896846670698508, 0.00043326150260798474, 6.519758972545136e-18]",7.233672621914923,1.5973806434079176,0.31217091719269896,0.6299396235014069,SPECTRAL_REG_2024[lambda=1]
source_balanced_classifier_grad,500,205.88814063754788,"[0.2655350688319602, 0.37048070583227843, 0.4129920151320368, 0.4484801379509938, 0.4826795515849536, 0.5135469983923417, 0.5436897970194018, 0.5728796922094641, 0.5978692902200585, 0.6214703700751208, 0.643239291658014, 0.6646838161498495, 0.6828687689182512, 0.6997802991189053, 0.7155446502886619, 0.7293025846882105, 0.7415999987925813, 0.753508001102703, 0.7651499521122307, 0.7763189590367147, 0.7867574650041055, 0.7970420758573322, 0.8065957638289128, 0.8159246849574522, 0.8248021799353603, 0.8334734856323864, 0.8418334289616026, 0.8497107127651014, 0.8572313854861251, 0.8645217758459892, 0.8714252998523816, 0.8781612731358761, 0.8846753691062839, 0.8909802103744647, 0.8971290652772234, 0.9027771439071789, 0.908348331853137, 0.913856903770499, 0.9192368254406473, 0.9242751138101861, 0.9290596603350183, 0.9337106467085745, 0.9381837558285306, 0.9424361248077576, 0.9465341104999233, 0.950541906137501, 0.9544211150270175, 0.9582104130774771, 0.9618473085460895, 0.9653419717615151, 0.9685782688158542, 0.9717614965940635, 0.9747662594857652, 0.9775889599541925, 0.9803863736054264, 0.9828553218155667, 0.9851982256489825, 0.9874440846972212, 0.9896648591952646, 0.991688009921916, 0.9936262641978764, 0.9954959043437027, 0.997134158437143, 0.998710294492875, 0.9999999999999999]",25.82697850891744,14.949690503892283,SVB_ORTHDNN,48.86460113528249,55,65,65,12,"[12.975265225903517, 5.128126692908693, 2.0772981726713176, 1.7341129665882484, 1.6711407062839896, 1.5083254763075704, 1.4729158320124278, 1.4263525856430972, 1.2211067393187451, 1.1532573534795703, 1.0637296702933146, 1.0478781358293385, 0.8886004636919004, 0.8263751778422422, 0.7703187320666782, 0.6722759768793287, 0.6009082352054783, 0.5818797832021159, 0.5688792925170719, 0.5457690684421187, 0.510073430544817, 0.5025534071745208, 0.4668371521022359, 0.45585400996858266, 0.4337952511759536, 0.4237198942072828, 0.4085052962957145, 0.3849203310873872, 0.36749467278182585, 0.3562420170552677, 0.3373379470002109, 0.32915064775588043, 0.3183087013509254, 0.30808355379092567, 0.3004613422620287, 0.27599110943348965, 0.2722338768289389, 0.269174169566913, 0.26288772655086357, 0.24619395158204616, 0.2337949575491276, 0.22726859402945954, 0.2185766929812494, 0.2077903140499732, 0.20024643630576908, 0.19583933526196104, 0.189555995106667, 0.18516253781841083, 0.177715446444458, 0.17076532412392215, 0.15814036471556445, 0.15554715570495004, 0.14682654020910318, 0.13793013251407038, 0.1366945022779368, 0.12064416951217652, 0.11448506131819004, 0.10974300659824981, 0.10851726005829787, 0.09886045329437924, 0.09471202209356282, 0.0913592199923147, 0.08005263283420481, 0.07701725969827906, 0.06302094518763755]",12.975265225903517,1.327492009347105,0.2655350688319602,0.4826795515849536,"SVB_ORTHDNN[factor=0.05,frequency=1]"
source_balanced_classifier_grad,500,4695438445040.829,"[0.6665626240535147, 0.9888819994173135, 0.9935215027706714, 0.9971926185343155, 0.9982360248999667, 0.9986989935674154, 0.9989846182900497, 0.999173945959525, 0.9993145167392217, 0.9994329874161529, 0.999531514396418, 0.9996237900595066, 0.9996899519324433, 0.9997481902278805, 0.9997922666537415, 0.9998238741661167, 0.999849899734547, 0.9998680314510575, 0.9998836804280787, 0.9998988673572409, 0.9999126689045145, 0.9999236760700733, 0.9999336978920536, 0.9999430405305708, 0.9999498592037791, 0.9999556093220058, 0.9999608975495912, 0.9999653087979729, 0.9999691721718659, 0.9999724873478065, 0.9999757693586422, 0.9999787102978618, 0.9999810722480343, 0.99998335366987, 0.9999853469747636, 0.9999871523024662, 0.999988712512924, 0.9999901146401419, 0.9999913417834052, 0.9999924195761557, 0.999993386178876, 0.9999942994493575, 0.9999951187947604, 0.9999958167655268, 0.9999964628348569, 0.9999970047561021, 0.9999974973786602, 0.9999979469405655, 0.9999983377672951, 0.9999986807916684, 0.9999989828871431, 0.9999992745519084, 0.9999995316932374, 0.9999997265579145, 0.9999998718101804, 1.0000000000000004, 1.0000000000000004, 1.0000000000000004, 1.0000000000000004, 1.0000000000000004, 1.0000000000000004, 1.0000000000000004, 1.0000000000000004, 1.0000000000000004, 1.0000000000000004]",2.0210080723508144,5.215757412063988,STABLE_RANK_NORM,7.044257021923656,2,5,12,12,"[4.695438445040829, 2.2705005232084856, 0.03268185407512974, 0.025860282996344405, 0.007350022617957986, 0.0032612702866062927, 0.002012013958051103, 0.0013336727651459435, 0.00099021670195516, 0.000834537897865315, 0.0006940493725808202, 0.0006500134876653482, 0.0004660612380173961, 0.0004102455215789725, 0.00031048567237267413, 0.00022265144099415114, 0.0001833307931642737, 0.00012772447134863808, 0.00011023541626761823, 0.00010698063239162516, 9.722164629534509e-05, 7.753730327879856e-05, 7.0596289856873e-05, 6.581194697877806e-05, 4.80324866276748e-05, 4.050531069490945e-05, 3.7251634302134254e-05, 3.10739673881167e-05, 2.7214598674005946e-05, 2.335295139878208e-05, 2.3119327875362463e-05, 2.071673174843389e-05, 1.6638184088609623e-05, 1.607092178596701e-05, 1.4041351993569664e-05, 1.2717192345396106e-05, 1.0990523472871185e-05, 9.876944500129876e-06, 8.644312550034846e-06, 7.59224915057979e-06, 6.808998000195528e-06, 6.433312002108792e-06, 5.77167960847685e-06, 4.91668547257909e-06, 4.551078414356307e-06, 3.8174325372661046e-06, 3.4701599141009844e-06, 3.1668296088653582e-06, 2.7530839337254066e-06, 2.416351850662156e-06, 2.128038168150298e-06, 2.0545615712554336e-06, 1.8113696124640286e-06, 1.3726768695800247e-06, 1.0231942936950225e-06, 9.030020397962686e-07, 4.795121741197945e-20, 2.0911270262206994e-21, 1.4312780773818529e-21, 6.164629002737446e-22, 3.0982448241084224e-22, 1.784548573559175e-22, 4.273020320183864e-38, 1.2374901410449927e-38, 2.189658039071276e-39]",4.695438445040829,1.233907104404624,0.6665626240535147,0.9982360248999667,STABLE_RANK_NORM[target_rank=8]
source_balanced_classifier_grad,500,5564623085958.725,"[0.37767524585249057, 0.6502079134520695, 0.714012743475871, 0.756065822695414, 0.7840150426256619, 0.8093348228288518, 0.8318932896958602, 0.8491148606923549, 0.8656289840288246, 0.8773423738763095, 0.8888318993461336, 0.8996626430801509, 0.9089949180885065, 0.9170336415764964, 0.9240899376307092, 0.9303722311324025, 0.9360725540005339, 0.9413659611470631, 0.946087264620508, 0.9505234485649029, 0.9547455328334012, 0.9581695842098119, 0.9613484499707173, 0.9643789010856114, 0.9671022609821411, 0.9696594871548095, 0.9721197908641247, 0.9744260546266476, 0.9765263089354324, 0.9785101539821179, 0.9804538133979779, 0.9823334686149071, 0.9839162892038262, 0.9854517235413652, 0.9868281873977246, 0.9881258002186273, 0.9892266245951431, 0.990302721889654, 0.9913213511839386, 0.9922643648337884, 0.9931736658339337, 0.9940563953031413, 0.9948380361528963, 0.9955921750101724, 0.9962562616030136, 0.9968529014354952, 0.997370350201022, 0.9978518827481607, 0.9982730114820804, 0.9986633665565167, 0.9990237223845156, 0.9992620314760281, 0.9994723749505163, 0.9996439651753696, 0.9997647831525736, 0.9998530544557469, 0.9999143645810145, 0.9999479035363424, 0.9999766868667014, 0.9999912818569546, 0.9999975160402378, 0.9999999999999994, 0.9999999999999994, 0.9999999999999994, 0.9999999999999994]",8.738276221300026,7.005800238883026,SAM,14.733883533717513,21,50,57,12,"[5.564623085958725, 4.015464583545546, 0.9400929344593337, 0.6196051714549426, 0.4118005513105296, 0.37305869261312685, 0.33237382351772654, 0.2537406213299993, 0.2433171699009914, 0.1725837217978729, 0.1692853301300695, 0.15957891676055166, 0.1375006530777352, 0.11844161563180133, 0.1039666442422031, 0.09256258077857855, 0.08398789324363436, 0.07799244439350768, 0.0695631355050734, 0.06536221757086295, 0.062207697881594894, 0.05044957419349942, 0.04683703789050291, 0.04465031378147425, 0.04012566753586623, 0.03767787259747095, 0.036249828310623435, 0.03398022167504541, 0.03094490237682337, 0.029229741866808337, 0.028637651462494647, 0.027694621049780474, 0.02332109421190429, 0.02262291070297105, 0.020280658147970042, 0.019118876175039465, 0.016219418154661564, 0.01585509220827176, 0.01500836538602363, 0.013894253287593703, 0.013397535033233399, 0.013006033191083526, 0.011516605245486408, 0.011111394091355305, 0.00978457451522572, 0.008790821803360627, 0.007624029845937619, 0.007094844467236146, 0.00620486171827467, 0.005751446203540793, 0.0053094408004326, 0.003511218399370355, 0.0030991762551865654, 0.002528190388512495, 0.0017801180049026673, 0.0013005791003251703, 0.0009033362451304706, 0.0004941590616453203, 0.0004240902372205706, 0.0002150408865677828, 9.185373042152634e-05, 3.6598373831346735e-05, 1.1001539314714776e-18, 3.3063998986760394e-20, 2.2847167907792948e-21]",5.564623085958725,1.585053747611573,0.37767524585249057,0.784015042625662,SAM[rho=0.2]
source_balanced_classifier_grad,500,4897134212244.3,"[0.3636251453609027, 0.6066367947853841, 0.6735536204127395, 0.7111479932343394, 0.7419403275565399, 0.7700265064957823, 0.7929585043516708, 0.8126323460721459, 0.8299302187196634, 0.8451480605471908, 0.8592380164579994, 0.8731428432449945, 0.8848848050696744, 0.8940405540290705, 0.9028452111001674, 0.9102771023978597, 0.9174519944486051, 0.9242148509905935, 0.9307603322731566, 0.9363465558350832, 0.9413290226169138, 0.9459348013143504, 0.9502881110524194, 0.9544409434929596, 0.9579100882902356, 0.9612688730447256, 0.9644998735857431, 0.9674060770565375, 0.9701586028856921, 0.9726040816523887, 0.974787786980114, 0.976898998325585, 0.9788863320531515, 0.9807157861785859, 0.982387824843074, 0.9839667755571928, 0.9853617241975451, 0.9866953956589394, 0.9879423042235664, 0.989065128779561, 0.9901457082346358, 0.991126658632324, 0.9920617513243087, 0.992946563725667, 0.9937559730207933, 0.9944321916904472, 0.9950744338464265, 0.9956858255758875, 0.9962640888621735, 0.9967865243890552, 0.9972628540945772, 0.9977133481540708, 0.9981256104141352, 0.9984834919196163, 0.9987815161691664, 0.9990342684510806, 0.9992441465561982, 0.9994444522931538, 0.9995930433191877, 0.9997260939194275, 0.9998180318047171, 0.9999003264730302, 0.9999655943826237, 1.0, 1.0]",10.323512422813533,6.044524466139997,ASAM,13.467534560581147,24,53,63,12,"[4.8971342122443, 3.272767787248034, 0.9012046618207904, 0.5063035152582702, 0.4146968266852048, 0.37825158553891364, 0.30883747366735154, 0.2649581433099002, 0.2329596977049747, 0.20494681074968274, 0.18975696818587906, 0.1872637353127509, 0.1581352766829016, 0.1233053655386721, 0.11857702339906266, 0.10008925290215438, 0.09662810666185184, 0.0910790042074808, 0.08815149538855506, 0.07523265888337997, 0.06710154358125074, 0.06202848378611601, 0.05862834935035886, 0.0559284144172782, 0.04672082745297415, 0.04523454976264735, 0.04351361145140826, 0.03913939568300426, 0.03706973673303308, 0.03293456980765249, 0.029409126971266186, 0.02843281175982195, 0.026764485659410017, 0.024638236661285645, 0.02251823850062042, 0.02126457331185018, 0.018786519024179632, 0.017961266498787987, 0.01679278418800018, 0.015121678513325763, 0.014552741156673496, 0.01321098338308187, 0.012593393146651581, 0.011916241594923884, 0.010900747655769686, 0.009106998304072939, 0.008649418431912722, 0.00823393924657017, 0.007787780793173401, 0.007035918513954694, 0.006414986771347459, 0.006067044315565924, 0.005552156235440385, 0.004819781543659591, 0.004013651880707768, 0.003403950091944617, 0.0028265406341802923, 0.0026976244351325325, 0.0020011547785046585, 0.0017918635570349393, 0.0012381766475644017, 0.0011083062896580823, 0.0008789978281468773, 0.0004633588410953309, 8.30241299304991e-20]",4.8971342122443,1.5234923100657591,0.3636251453609027,0.74194032755654,ASAM[rho=2]
source_balanced_classifier_grad,500,196714.98822823528,"[0.4179750737712163, 0.6889169676817606, 0.7450516951938202, 0.7936824892783765, 0.8247881692601895, 0.8448708674569447, 0.8622148728008286, 0.8777997973571351, 0.8915934013685923, 0.9024869018990764, 0.911976809968778, 0.9200132517739489, 0.927926290181729, 0.9345220905091415, 0.9401812697100222, 0.9454924086862878, 0.9505192488953256, 0.9549051899661767, 0.9589099517397738, 0.9626521930983973, 0.9659728005556233, 0.9688076189788037, 0.9714308509561105, 0.9739716396782211, 0.9763291329037499, 0.9785786048139999, 0.9804002793812748, 0.9820804761928411, 0.9836178930723917, 0.985064934350661, 0.9864574445223975, 0.9877461794938331, 0.9889340282783735, 0.9900668910678635, 0.9910799472697611, 0.9920373499431278, 0.9928594694893389, 0.993636549930492, 0.9943880605298343, 0.9950656803600156, 0.9956479521750701, 0.9961832794282766, 0.9966305405992425, 0.997048958235204, 0.9974124634518036, 0.9977653852981041, 0.9980919019749162, 0.998370549132485, 0.998639150200305, 0.9988640786437523, 0.9990689865118487, 0.9992393016256074, 0.9993893838621809, 0.9995320379436476, 0.999654152918566, 0.9997492085260808, 0.9998277442571071, 0.9998735973640478, 0.9999146935216564, 0.9999507604157659, 0.9999798033985774, 0.9999904569985408, 0.9999944132404626, 0.9999978752250779, 0.9999999999999999]",7.439733303933648,8.014609007450733,ERM,15.830566582122177,18,44,58,13,"[6.616782235002669, 4.289163691437156, 0.8886445414489459, 0.7698530236970416, 0.49242053803427566, 0.31792049095239955, 0.27456543139703693, 0.24671818586595998, 0.2183605667108013, 0.17245028546021185, 0.15023062155562839, 0.12722142708010872, 0.12526788138125308, 0.1044152562454862, 0.08958801313970376, 0.084078339190677, 0.07957772862686119, 0.06943193214737256, 0.06339764790246705, 0.05924180099406127, 0.052567097444706126, 0.04487678179638527, 0.0415272484771062, 0.040222125036476326, 0.03732045347363613, 0.035610414849827327, 0.028838140528203545, 0.02659846749657004, 0.024338180276202992, 0.022907483302721424, 0.022044224989955893, 0.02040140477202149, 0.01880431927315856, 0.017933859817430075, 0.016037253655572795, 0.015156226766632098, 0.013014618214759433, 0.01230162366333907, 0.011896838580059129, 0.010727105839051792, 0.009217692737112523, 0.008474533725109612, 0.007080397746574331, 0.006623788245222946, 0.005754493534327362, 0.005586952786145535, 0.005168943992446362, 0.0044111423808138265, 0.004252107088154501, 0.0035607447002048583, 0.0032438076491022156, 0.0026961847482980176, 0.0023758868388705323, 0.002258294934871395, 0.0019331492411190534, 0.001504784123767935, 0.001243265119086252, 0.0007258806624228884, 0.0006505754592932992, 0.0005709593686104774, 0.00045976687314012364, 0.00016865252356041733, 6.262955115651633e-05, 5.480517795965382e-05, 3.3636390874932506e-05]",6.616782235002669,1.4671381043939031,0.4179750737712163,0.8247881692601896,ERM_CANONICAL
source_balanced_classifier_grad,500,12670557352373.285,"[0.3122199961891778, 0.4666285575895798, 0.545899219726133, 0.5811941199675053, 0.6103551652736671, 0.6361241120700938, 0.6583132235136618, 0.6789104656050255, 0.6979841059604476, 0.7155603142083116, 0.7327254992743052, 0.7485467588814267, 0.7632442652151986, 0.7772793238441412, 0.7907048748793959, 0.8024204866783086, 0.8133050817681916, 0.8239581096133451, 0.8342558096214783, 0.8439173529564653, 0.8526202961760085, 0.8609943610727483, 0.8690064704659501, 0.8760547243242339, 0.8829075895054872, 0.889457531126289, 0.8956064962448776, 0.9014341155861176, 0.9070285159762317, 0.9125108127246543, 0.9177614958979848, 0.9225546944719459, 0.9272723276220816, 0.931706413947774, 0.9360905050618498, 0.9403142891062675, 0.9445049021458387, 0.9484473479553697, 0.9521121801353919, 0.955623515955374, 0.958975699930713, 0.9620951135684608, 0.9649836305040561, 0.9677276675902686, 0.970438987291363, 0.9730035395973625, 0.975410268950869, 0.9777774715281513, 0.9800319391198924, 0.98215506435028, 0.9841940645602048, 0.9860389927205288, 0.9878655294325522, 0.9895458214125213, 0.9911200351414227, 0.992655520138446, 0.9941032329661794, 0.9954395176165188, 0.9966392326143452, 0.9977351100482753, 0.9987370914727972, 0.9995623408015705, 0.9999775594719702, 0.9999999999999999, 0.9999999999999999]",17.908054081110915,14.87950015796717,IRMv1,40.58214562495877,41,63,63,13,"[12.670557352373285, 6.266230724491501, 3.216973554612508, 1.4323427814137637, 1.1834177871906775, 1.0457591514944018, 0.9004817518913186, 0.8358802780242512, 0.7740492505018276, 0.7132802426494164, 0.6966000400275223, 0.6420606613464854, 0.5964563423608839, 0.5695727931345814, 0.5448376672080221, 0.47544466410895736, 0.44172022300634495, 0.43232272735876226, 0.41790276133219895, 0.3920861585822914, 0.3531841091012501, 0.33983752111234783, 0.3251485901580197, 0.28603326447854804, 0.27810397273382803, 0.2658106846903576, 0.2495381978853584, 0.2364972967530297, 0.22703277131593533, 0.22248336500372332, 0.21308398917062088, 0.19451828253783252, 0.1914516755039349, 0.17994473698288893, 0.17791582402451137, 0.17141021917893745, 0.17006406862972942, 0.1599929099608959, 0.1487267532206956, 0.1424975415846471, 0.1360388182488587, 0.12659249851156643, 0.11722221492048954, 0.11135891263296539, 0.11003117094563034, 0.10407503514489413, 0.09767024110386467, 0.09606615971504702, 0.09149113211478857, 0.08616097727961435, 0.08274700344848866, 0.07487114326985567, 0.07412477883667042, 0.06818985382355865, 0.06388497079108066, 0.06231327575414075, 0.058751292798197415, 0.05422929827647321, 0.04868700875023627, 0.04447305761085923, 0.04066255608345046, 0.033490388437177866, 0.016850464548365363, 0.0009106847764035617, 8.38217406087949e-18]",12.670557352373285,1.3790666200188975,0.3122199961891778,0.6103551652736672,IRMv1_CANONICAL
source_balanced_classifier_grad,500,8291968122649.992,"[0.30492287379701516, 0.4310445361858279, 0.48306154542856616, 0.5199286605655375, 0.5554847055132865, 0.585452931734724, 0.6103221883406899, 0.6348403385744247, 0.6573458790651686, 0.6785458462486105, 0.6984743502810358, 0.7173184498107238, 0.7339501421701039, 0.7486131834441541, 0.7629627551864132, 0.7769968647541481, 0.7895851450880793, 0.8017726043507054, 0.8128446076058202, 0.8238451528256837, 0.8339827826152784, 0.8433992740876718, 0.8524873245119471, 0.8611697975733508, 0.869216332755272, 0.8770680730507573, 0.8846311752413601, 0.8917059904186929, 0.8986093514077759, 0.9050054558913413, 0.9111811182310963, 0.9171878778585452, 0.9229698116177517, 0.9286729001679225, 0.9341411711726885, 0.939424816865655, 0.944567454288554, 0.9494123722765724, 0.9537642311648684, 0.9577963507993957, 0.9617078543952153, 0.9655643993923811, 0.9692390812963109, 0.9725858922220093, 0.9757538317170844, 0.9788475714330682, 0.9815348486293659, 0.9840624008071336, 0.9863542319120634, 0.9884279337116786, 0.990170299298207, 0.9917934217980466, 0.9932790600820885, 0.9946755167392796, 0.9957673258843375, 0.9968296707889232, 0.997809676821343, 0.9987166101734398, 0.9991397672308429, 0.9994433605272247, 0.9997197584820332, 0.9999825590831947, 1.0000000000000004, 1.0000000000000004, 1.0000000000000004]",20.204042821745553,9.44178284233185,VREX,27.193657266164596,46,59,62,13,"[8.291968122649992, 3.4297092608402955, 1.4145327213579415, 1.0025516934270273, 0.9668989000494296, 0.8149456727406588, 0.6762860406069341, 0.6667381742565177, 0.6120079546950796, 0.5765046416404541, 0.5419289084851532, 0.5124399840998284, 0.4522765417772723, 0.3987417188861469, 0.3902173358752367, 0.38163876562078214, 0.34232138097132586, 0.33142159013319644, 0.301088261769451, 0.29914505644991385, 0.27567922998949773, 0.2560688417500283, 0.24713732845536351, 0.23610819665451765, 0.21881471991730056, 0.21351753453836225, 0.20566840884023194, 0.19239009915384647, 0.18772763272173212, 0.17393347316465832, 0.16793884505885798, 0.16334576258908118, 0.15723192498352814, 0.15508783539193216, 0.14870228754211137, 0.143681650090379, 0.139847119522466, 0.13175103924884543, 0.11834295907903358, 0.10964807939751028, 0.10636808818008815, 0.10487356288446935, 0.09992804025764138, 0.0910120292480981, 0.08614786086901906, 0.08413009750718445, 0.0730768950552982, 0.06873338764456151, 0.06232326957939633, 0.05639153601096351, 0.04738129259241208, 0.04413863696164023, 0.04039993831772807, 0.03797476372270761, 0.02969028369076759, 0.028889043233758606, 0.02664994816440099, 0.0246628347401733, 0.011507187988775624, 0.008255812050112419, 0.007516271252131674, 0.007146509477326571, 0.00047428231402198243, 3.0419381190098048e-18, 9.451397859143783e-19]",8.291968122649992,1.2965604430138962,0.30492287379701516,0.5554847055132865,VREX_LAMBDA10000_ANNEAL100_RESCALE
source_balanced_classifier_grad,500,155359.48181529983,"[0.4215808702201325, 0.6928509453616774, 0.749051340756149, 0.7952077087970013, 0.8268053876110302, 0.8467205955888505, 0.8637564262616833, 0.8791264806886896, 0.892949261038745, 0.9032628246977619, 0.9127635356995094, 0.9207853242660556, 0.9286384019162193, 0.935522160719395, 0.9410988160387318, 0.9466087814183428, 0.9518075527395837, 0.956425875950037, 0.960467273026041, 0.9641381921411947, 0.9673279257231764, 0.9700536937078108, 0.9725884104701503, 0.9749640696003897, 0.9771798157005828, 0.9792511693281818, 0.9810010116323011, 0.9824965841559327, 0.9839439700853199, 0.9853312283989196, 0.986672006699646, 0.9878900782536332, 0.9890425190221326, 0.9901582126349556, 0.9911559904972974, 0.992040134830458, 0.9928330353632314, 0.9935962791721716, 0.9942971539095696, 0.9949794575769402, 0.9955502547651339, 0.9960950080237136, 0.9965793816860176, 0.9969903050077583, 0.9973925372699796, 0.9977531139140179, 0.9981007578296696, 0.9984044677754801, 0.9986910018781576, 0.9989192912955503, 0.9990956578769854, 0.9992525399017994, 0.9993878100681459, 0.9995181462108664, 0.9996294724208062, 0.999728768570315, 0.9998061906502963, 0.9998699481012776, 0.9999091346640928, 0.9999455417563983, 0.999969344647683, 0.9999849610233525, 0.9999919176769478, 0.9999972864168617, 0.9999999999999999]",7.344100257373856,7.9479954807882995,CORAL,15.608664627352914,18,43,58,13,"[6.580314416573642, 4.234163626321199, 0.8772131236369374, 0.720439269166334, 0.4931975716109911, 0.31084980230977977, 0.26590656762061926, 0.23990602485530232, 0.21575514270157753, 0.16098095626645031, 0.14829341174767896, 0.1252094074467539, 0.12257605533396426, 0.10744628253435877, 0.0870441426218715, 0.08600320171867439, 0.08114587802755005, 0.07208585813268582, 0.06308081158531055, 0.057298145342573714, 0.04978748173175743, 0.042545598324134404, 0.039563543868687205, 0.03708086663281593, 0.03458483777727776, 0.03233106409784427, 0.027312701675752976, 0.023343889947248318, 0.022591761558153615, 0.021653249768486475, 0.020927758835671644, 0.019012470378303944, 0.01798806145839696, 0.017414487429433908, 0.015573980025890555, 0.013800312378478478, 0.012376118498908874, 0.01191321664265137, 0.010939718721829271, 0.010649849118000388, 0.008909381880752354, 0.008502870917828033, 0.007560426049224417, 0.006413964316609063, 0.006278308483313198, 0.005628119909250483, 0.005426257289146419, 0.004740506688147818, 0.004472414712993596, 0.00356329295405707, 0.0027528468210927678, 0.0024487189113814316, 0.002111386660589577, 0.002034373140546935, 0.0017376534751849429, 0.0015498802964694959, 0.0012084552811800042, 0.0009951686698616159, 0.0006116499168807505, 0.0005682660938528114, 0.0003715313472243483, 0.0002437507705216191, 0.00010858407289700685, 8.379886078732316e-05, 4.23554091432713e-05]",6.580314416573642,1.4588879339979666,0.4215808702201325,0.8268053876110303,CORAL_GAMMA1_SOURCE_ONLY
source_balanced_classifier_grad,500,5699573321986.59,"[0.36795558505687476, 0.4137270887682873, 0.4502531103681401, 0.48117018185126237, 0.5099289681619044, 0.535826140082477, 0.5607595369771428, 0.5850522237461802, 0.6050259946830936, 0.6245446494604162, 0.642940831291028, 0.6609979048001784, 0.6778271094091708, 0.6934598364537774, 0.7081438964883598, 0.7221383418195888, 0.7354981910347309, 0.7487531747311691, 0.7609331781206339, 0.7730404814495563, 0.7849329230300798, 0.7963803664518869, 0.8071942080320001, 0.8176587172200347, 0.8276327345351294, 0.8372032009055166, 0.8466704456971148, 0.8556481267560212, 0.864474602659197, 0.8730051400615573, 0.881029006500895, 0.888558671474312, 0.895759929762813, 0.9026524538382297, 0.9093638280309491, 0.9158056633792148, 0.9216360096534757, 0.9271875178993455, 0.9326336834357386, 0.9378346033647995, 0.9429886630542705, 0.9479497575548812, 0.9525607194234484, 0.9566531903372135, 0.9606484435565169, 0.964295700098333, 0.9677558005575088, 0.9709757601247155, 0.973822317442457, 0.9766395869905298, 0.9793738731156805, 0.982020491705162, 0.9844451524081919, 0.986794281817013, 0.9890152726879508, 0.9910682718775975, 0.9927882696204484, 0.9943371295981905, 0.9957549474854668, 0.9971083600457902, 0.9982211952865999, 0.9991801475962545, 0.9999999999999993, 0.9999999999999993, 0.9999999999999993]",20.940140760251673,5.942161761077618,FISHR,15.489840495573965,45,63,63,13,"[5.699573321986589, 0.7089932917323516, 0.5657822485196095, 0.47890050586382227, 0.44546901279814, 0.40114306233612734, 0.3862143409112115, 0.37628984326132925, 0.30939052590792, 0.3023408491889008, 0.28495392228375155, 0.2797011884735945, 0.2606816950606703, 0.2421484484318026, 0.227453747763115, 0.2167717260047659, 0.20694193338747052, 0.20531758322926055, 0.18866630973836063, 0.18754019739653915, 0.18421202318524058, 0.17731907268590047, 0.16750468122035966, 0.16209357818712303, 0.15449593731091077, 0.14824499754555215, 0.1466461117544106, 0.13906284762259621, 0.13672070387821927, 0.13213666370408877, 0.1242884113031308, 0.11663330942334, 0.11154634225631038, 0.10676409854010746, 0.1039581157513349, 0.09978300204338503, 0.09031113382226647, 0.08599197723838678, 0.08436023547122119, 0.08056142013140553, 0.07983556249457399, 0.07684656249792883, 0.07142306387528091, 0.06339172168699762, 0.061885835106437595, 0.05649542207917056, 0.05359640421129509, 0.04987666009823069, 0.04409271881332265, 0.04363905593268589, 0.04235365594784615, 0.040995699803689556, 0.03755760754581816, 0.03638763984610124, 0.034402794332951576, 0.03180062998517098, 0.02664249068950831, 0.023991594005204273, 0.02196177292568085, 0.02096414468411578, 0.017237640377997014, 0.014854018319412564, 0.012699382963920421, 1.5449444749828758e-17, 7.005372575812256e-18]",5.699573321986589,1.0869366942939733,0.36795558505687476,0.5099289681619044,FISHR_COMMON_HARNESS_LAMBDA10000_ANNEAL100
source_balanced_classifier_grad,500,6893972284004.696,"[0.34231252449429417, 0.5639987903099468, 0.6213647192219912, 0.6739823097479202, 0.7157494074630109, 0.7437877712015808, 0.7706018679949189, 0.7934508079871997, 0.8136630804231776, 0.8296561657042605, 0.8444170728088177, 0.858048401365984, 0.8701570437080138, 0.8810211196242576, 0.8905234216896804, 0.8997915480058176, 0.9078304550458793, 0.9157339314003647, 0.9226221333116336, 0.92899120379961, 0.934397222315215, 0.9395297911920978, 0.9440043753649459, 0.9482744578794915, 0.9524149638256367, 0.9562483953561579, 0.9595655607117997, 0.9626598220082963, 0.9655682091240432, 0.9683536708206272, 0.9709611887746453, 0.9734729119177014, 0.9758486425834939, 0.9779132404488076, 0.9798914625285149, 0.9818313174612455, 0.9835189585546502, 0.9851405401930646, 0.9866359446768125, 0.988008065050383, 0.9892992005098631, 0.9905213878995687, 0.9916460913799601, 0.9925631535769162, 0.9934634264924594, 0.994277099197196, 0.9949971254242552, 0.9956600114034247, 0.9962677761238703, 0.996819043919165, 0.9973061029127555, 0.9977773757779418, 0.9981982400137285, 0.998587452183267, 0.9989471864163428, 0.9992404749831375, 0.9994743476598322, 0.9996671739491662, 0.9998165200012408, 0.9999043416420315, 0.9999576103445498, 1.0000000000000004, 1.0000000000000004, 1.0000000000000004, 1.0000000000000004]",11.727039535752473,8.498975024983304,MLDG,20.1394100148375,26,55,62,13,"[6.893972284004696, 4.4646306019196835, 1.1553159632416832, 1.0596872295945126, 0.8411647060139934, 0.564676103476212, 0.540020089498577, 0.4601641709089601, 0.4070632419197563, 0.32209130187799084, 0.2972759603696067, 0.2745269148597357, 0.24386091284916067, 0.21879607930955325, 0.1913707573803861, 0.18665459594999417, 0.16189884495096624, 0.15917135084555423, 0.13872432255603065, 0.12826932197075774, 0.10887402343357261, 0.10336690904093591, 0.09011548530289036, 0.08599694255762326, 0.08338734691829215, 0.07720304935697211, 0.06680575318428375, 0.06231659694318734, 0.05857320060589907, 0.05609755518812953, 0.05251387319702109, 0.05058462222176163, 0.04784581396321871, 0.041579782925310615, 0.0398402255636299, 0.03906753385956738, 0.03398809593796471, 0.03265769748855899, 0.03011656403622337, 0.02763369479304791, 0.026002706403166737, 0.02461413295624517, 0.022650864536716973, 0.018469091593605276, 0.018130965371380026, 0.01638688821856992, 0.014500903408182568, 0.01335013252758286, 0.012240022897605217, 0.011102208157416275, 0.009809080773331915, 0.009491157460855076, 0.008475957405088375, 0.007838503465101523, 0.007244835216287063, 0.0059066586993415035, 0.0047100577272217005, 0.003883407702535704, 0.0030077413768277083, 0.001768676032060092, 0.0010728002409742567, 0.0008537026515075877, 2.1097326216962645e-18, 1.5683946198491983e-19, 8.071378117140881e-20]",6.893972284004696,1.5198265952817855,0.34231252449429417,0.7157494074630109,MLDG_BETA1_INNERLR0P001_ONE_STEP
source_balanced_classifier_grad,500,9095090158134.645,"[0.49528374038967393, 0.6488791628695487, 0.6707939698028542, 0.6882563307428785, 0.7050778125866953, 0.7203177037893216, 0.7347043679042516, 0.7483178143635327, 0.7614542369308643, 0.7741983082668075, 0.7860418549147785, 0.7975588232198135, 0.8086004926345869, 0.8193021305359808, 0.8295906596564253, 0.8394378510962814, 0.848495426584399, 0.8569072685802347, 0.865026827251037, 0.8730528415108694, 0.8805962740138094, 0.8880173219186859, 0.8952546256269988, 0.9020819033781087, 0.9088103595910119, 0.9150043470571226, 0.9210186613972466, 0.9268893907361987, 0.932615435634378, 0.9380823145881081, 0.943307042403751, 0.9482132568393283, 0.9527126623746796, 0.9568032278193818, 0.9607303567079382, 0.9644632782542389, 0.9680395255520212, 0.971462706788164, 0.974629025965394, 0.9776257617056561, 0.9803803506928324, 0.9829817596723676, 0.985402221367255, 0.9877052034155889, 0.9898947623378868, 0.991969734254661, 0.9938142860005553, 0.9954138225100646, 0.9968219635605214, 0.9980214665454502, 0.9991267902465336, 0.9995832236127149, 0.9999999999999998, 0.9999999999999998, 0.9999999999999998, 0.9999999999999998, 0.9999999999999998, 0.9999999999999998, 0.9999999999999998, 0.9999999999999998, 0.9999999999999998, 0.9999999999999998, 0.9999999999999998, 0.9999999999999998, 0.9999999999999998]",9.928353855278546,9.586945011769997,SPECTRAL_NORM_REG,18.363393377256656,31,51,53,13,"[9.095090158134644, 2.8205331639438707, 0.4024302205029205, 0.3206682032373073, 0.3088994882863885, 0.27985611718041853, 0.26418797252892257, 0.24998907255200076, 0.24122929517378144, 0.23402439516974394, 0.21748770607858245, 0.21149061949875528, 0.20276251900510658, 0.19651838656425438, 0.18893230751208423, 0.1808278500712315, 0.16632782173250124, 0.1544699635968581, 0.1491026499216581, 0.14738485710477403, 0.13852301846627113, 0.1362756219487135, 0.13290145498642822, 0.12537198703942315, 0.12355728825918688, 0.11374262841399015, 0.11044322012217336, 0.10780651226257858, 0.10514961496110004, 0.10039044877319059, 0.0959437321677457, 0.09009474567368185, 0.08262435380946108, 0.07511666239648032, 0.07211541262375015, 0.06854910680115832, 0.065672035943527, 0.06286122364093495, 0.058144364609425125, 0.05503023724611647, 0.050583601164177705, 0.04777069642633215, 0.04444789025779955, 0.04229056529431618, 0.040207731812837905, 0.03810352555448546, 0.03387222931456399, 0.029372918145402962, 0.025858248040201332, 0.02202694516944018, 0.020297493932199793, 0.008381665453692448, 0.0076534287500649055, 6.296653275354868e-17, 1.438772203776376e-17, 1.0328594975741472e-17, 8.497271157336288e-18, 7.98401138820723e-18, 4.101776063942943e-18, 3.820896496260245e-18, 1.523538566975193e-18, 1.4167659352439171e-18, 6.934585119953503e-34, 2.0569115670983525e-34, 7.255352608291335e-35]",9.095090158134644,1.1110828796627166,0.49528374038967393,0.7050778125866953,SPECTRAL_NORM_REG[lambda=1]
source_balanced_classifier_grad,500,7802876451131.966,"[0.32114436586186473, 0.5637122552807947, 0.5985097936613732, 0.6285531332980951, 0.6537843766712913, 0.677902418887606, 0.6988807026070109, 0.718820719324945, 0.7375556806785319, 0.7550672812033752, 0.7708639999628936, 0.7850746646070094, 0.7984291439913289, 0.8111938883441235, 0.8237724161319951, 0.8340916396401681, 0.8437838740254984, 0.8532161714768163, 0.8616027710236169, 0.8697394033966096, 0.8775832546003582, 0.8850104110655281, 0.8918445397493454, 0.8984914913564549, 0.9049461518276256, 0.9106680549333008, 0.916278281464246, 0.9217383650829235, 0.9267789708282315, 0.9314454248060811, 0.9360441422640609, 0.9404491499872368, 0.9445338332591514, 0.948339069896982, 0.952038965181481, 0.9553877713686859, 0.9586513617905198, 0.9618119634096294, 0.9648188797393583, 0.9676361108304128, 0.9703318240910038, 0.9729133439483849, 0.9752105000072706, 0.9774570041404643, 0.9796096881812916, 0.9816773392488158, 0.9836754658829953, 0.9854689337000522, 0.9872119650048744, 0.9888062887273845, 0.9902509482059371, 0.9915880348609262, 0.9929042210173427, 0.994070973014365, 0.9951000483022351, 0.9961076934822155, 0.9969720880420095, 0.9978140515486523, 0.9984308893530716, 0.999009662752202, 0.9994917714495888, 0.9999198507021637, 0.9999999999999999, 0.9999999999999999, 0.9999999999999999]",14.172024005549035,9.981323693294014,SPECTRAL_REG_2024,24.297099001538307,37,62,63,13,"[7.802876451131966, 5.893696023805938, 0.8454792350427466, 0.7299659974902724, 0.6130460181704552, 0.5859984594530789, 0.5097114364127383, 0.4844845602879726, 0.4552052107980975, 0.4254810916275056, 0.3838144395994759, 0.34527792573574223, 0.32447510771481386, 0.3101462572691779, 0.305621734955518, 0.2507271951970784, 0.23549317840648304, 0.22917746498662778, 0.20377003947487066, 0.1976965623057233, 0.19058282925081588, 0.18045835593414888, 0.16604950121996165, 0.16150164125637378, 0.1568295244893499, 0.1390256462358008, 0.13631222944342908, 0.13266419223968703, 0.12247209682147105, 0.11338129428593288, 0.1117354933566382, 0.10702890875254675, 0.09924595384763475, 0.09245621131365234, 0.08989672202279779, 0.08136627546748136, 0.07929577957976926, 0.07679345044392845, 0.07305934375276693, 0.06845054272956179, 0.06549801197234047, 0.06272344354922413, 0.05581422818472865, 0.05458353333157233, 0.052303977259011696, 0.05023792268827462, 0.04854868064826761, 0.04357606510710368, 0.04235060417604604, 0.03873744132633063, 0.03510103437390293, 0.032487326829905995, 0.03197950534690494, 0.028348688781894418, 0.025003544149417065, 0.02448285469640725, 0.021002280195708132, 0.02045727067658121, 0.014987369201865696, 0.014062514578130547, 0.0117138427499073, 0.010401083980317732, 0.0019473954244290039, 5.189217122493596e-18, 9.113517096927246e-19]",7.802876451131966,1.6363146511678974,0.32114436586186473,0.6537843766712914,SPECTRAL_REG_2024[lambda=1]
source_balanced_classifier_grad,500,13808830697407.29,"[0.2593609096951296, 0.3790603791418058, 0.42059645316526, 0.45990062544356297, 0.4946882960394486, 0.5272265760772916, 0.5558392067686311, 0.5824141625433515, 0.6074128622399054, 0.6310103989599847, 0.6524749748428423, 0.6734602005176414, 0.6936583834722816, 0.7121048368454008, 0.7287738403453755, 0.7433845687628565, 0.7565811761218538, 0.7687860438032081, 0.7797724973314397, 0.7903333414092295, 0.8002378942653878, 0.8097787777316542, 0.8189408484697926, 0.8280142927686943, 0.8364656634565273, 0.8448279562532192, 0.8527972082410665, 0.8605328498098158, 0.8678435376252752, 0.8749691167328497, 0.8814879642724018, 0.8878876934388202, 0.8941639135642281, 0.9002100223633369, 0.9062132994364526, 0.9119221107590083, 0.9173163494011626, 0.9226315525108288, 0.9277871927247159, 0.9328612216765787, 0.9376950525431869, 0.9423304156120124, 0.9468991190836955, 0.9511268845408013, 0.9552596650564522, 0.9592064747279069, 0.9630575756599719, 0.966607489538099, 0.9701036725485657, 0.973397949699294, 0.9765440295344007, 0.9796280915318906, 0.9825195965614065, 0.9851741527363331, 0.987767917606221, 0.9901224460344443, 0.9923242518279426, 0.994459176654591, 0.9963732213433516, 0.9980953724124629, 0.9995323026239517, 0.9999315969610438, 0.9999999999999999, 0.9999999999999999, 0.9999999999999999]",24.789136119632946,16.309009824993943,SVB_ORTHDNN,53.24175764820969,55,62,63,13,"[13.80883069740729, 6.373010142899216, 2.211453586814847, 2.092623215004888, 1.852156727011893, 1.7323952200644195, 1.5233867489460198, 1.4148973548695587, 1.3309747107642962, 1.2563743311451872, 1.1428117471767145, 1.1172902995706386, 1.0753867618051518, 0.9821215999606141, 0.8874870445828136, 0.7779008614673316, 0.7026105707863176, 0.6498086072191342, 0.5849380961634248, 0.5622779009502148, 0.5273358027814634, 0.5079734052607627, 0.4878047497957197, 0.48308612239665266, 0.4499658299567852, 0.4452231664648387, 0.42429698297448315, 0.41185915365676873, 0.38923386891240647, 0.37937835594862657, 0.3470749008464597, 0.340732829292629, 0.33415699086378375, 0.3219054593968585, 0.31962502302187673, 0.30394714889487096, 0.287198746482188, 0.2829907558158589, 0.27449534678913673, 0.2701502197550785, 0.2573616515123882, 0.24679487712187181, 0.2432458030058861, 0.22509366386069835, 0.22003649862752775, 0.21013508401119946, 0.2050393825037996, 0.18900365437126587, 0.1861429285370545, 0.1753931056851182, 0.16750282012266735, 0.16420088144240766, 0.15394881002006947, 0.1413332365289999, 0.13809660059900905, 0.12535923195128898, 0.11722801044586116, 0.11366715021756041, 0.10190710344683143, 0.09169034985523045, 0.07650469007747425, 0.021259132325761602, 0.003641898022499266, 2.1787457373364763e-17, 1.7904462615415237e-18]",13.80883069740729,1.3948945541096183,0.2593609096951296,0.4946882960394486,"SVB_ORTHDNN[factor=0.05,frequency=1]"
source_balanced_classifier_grad,500,5136179552454.029,"[0.6431474031988215, 0.9768643341043397, 0.9902434679186406, 0.9948041739980833, 0.9975745033779877, 0.9984222346754068, 0.9988219626258267, 0.9990619944964173, 0.9992291689062611, 0.9993508504845552, 0.9994466804140604, 0.999539351489658, 0.9996011261139964, 0.9996523843769235, 0.9996944734984633, 0.9997288536877432, 0.999762568510631, 0.9997892023176358, 0.9998136030184815, 0.9998331437602062, 0.9998523060974336, 0.9998685982277662, 0.9998826688246097, 0.9998954480958201, 0.999907273436226, 0.9999187973504567, 0.9999273138651024, 0.9999352391347582, 0.9999422576491885, 0.9999485771233829, 0.9999540717693239, 0.9999589360433263, 0.9999635971046974, 0.9999672044121906, 0.9999706251148086, 0.9999737831704135, 0.9999764525901842, 0.9999788317932077, 0.9999811062934418, 0.9999831636658344, 0.9999851370669878, 0.9999869269141975, 0.9999884915178217, 0.999989947693081, 0.9999911677355351, 0.9999923744308876, 0.9999934422399687, 0.9999943901583765, 0.9999951928843972, 0.9999958831977083, 0.9999965468637794, 0.9999971277277252, 0.9999976745533188, 0.9999981375910479, 0.99999851747504, 0.9999988637878786, 0.9999991470544263, 0.9999994064538505, 0.999999631100788, 0.9999998323361926, 0.9999999999999997, 0.9999999999999997, 0.9999999999999997, 0.9999999999999997, 0.9999999999999997]",2.1578353325584145,5.78759120981365,STABLE_RANK_NORM,7.986006826597167,3,6,12,13,"[5.1361795524540295, 2.665065688362524, 0.10684585397496435, 0.03642182988453234, 0.02212386933983902, 0.0067699879283087214, 0.0031922301408350935, 0.001916896157137329, 0.0013350559782448319, 0.000971749914927631, 0.0007652984712209782, 0.0007400718423511297, 0.0004933325716770925, 0.00040934883765495275, 0.00033612401194262195, 0.0002745604262892001, 0.0002692468057388762, 0.00021269776455942938, 0.00019486416352794124, 0.0001560524968091194, 0.00015303055591174447, 0.00013010906405622468, 0.00011236788244663897, 0.00010205534712477223, 9.443724920838188e-05, 9.203005771560488e-05, 6.8012944099009e-05, 6.329125757483712e-05, 5.604990415316828e-05, 5.046736405724306e-05, 4.388027999434589e-05, 3.884612538977041e-05, 3.722326792898305e-05, 2.880798226561373e-05, 2.7317754459798952e-05, 2.522025361979813e-05, 2.1318004511569034e-05, 1.9000331587817904e-05, 1.8164174397096595e-05, 1.6430189971556647e-05, 1.575959508246448e-05, 1.4293732036188545e-05, 1.249493522310502e-05, 1.1629025562370109e-05, 9.743267367128201e-06, 9.636677322903485e-06, 8.527530610323596e-06, 7.570082876343463e-06, 6.410575481166715e-06, 5.512846815123352e-06, 5.300041774398751e-06, 4.638783436716672e-06, 4.36695292287422e-06, 3.6978224660504107e-06, 3.03375615378593e-06, 2.765656693633224e-06, 2.262168583035311e-06, 2.0715655728010503e-06, 1.7940319762051332e-06, 1.607067315002017e-06, 1.3389643075274375e-06, 9.181189732465709e-21, 3.1488319112482327e-21, 2.714354241520324e-21, 2.228785641499771e-22]",5.1361795524540295,1.2697414631617647,0.6431474031988215,0.9975745033779877,STABLE_RANK_NORM[target_rank=8]
source_balanced_classifier_grad,500,6271257232321.445,"[0.36816339722416, 0.6747308250621331, 0.7507752423947968, 0.7808445902772233, 0.801977658808558, 0.8221189288161068, 0.8411089374421187, 0.8575529202977841, 0.870465361339493, 0.8819797828261261, 0.8929733789850317, 0.9014472919233447, 0.9097050427776338, 0.9173629862825121, 0.9240955387210595, 0.9299864083387821, 0.9354525891964537, 0.9401702473803041, 0.9446693088171121, 0.9488945830369746, 0.952448107886847, 0.9556905393321803, 0.958826712880478, 0.9617396292786834, 0.9644660261109779, 0.9669238424970988, 0.9693548035003854, 0.9715896366158674, 0.9736952767187836, 0.9757190516079904, 0.9776653458881688, 0.9795574881795371, 0.9812948567963661, 0.9829599591784994, 0.9844015305422499, 0.9857633936836221, 0.9870324756219103, 0.9881896138927849, 0.989305018187474, 0.9903572655014011, 0.9913160152767934, 0.9922423818245264, 0.9931164981735028, 0.9939626755565633, 0.994717190301374, 0.9954164954978014, 0.9960195577292731, 0.9966204568213723, 0.9971404485950817, 0.997602663001143, 0.9980279214049637, 0.9983935537888151, 0.9987174918155866, 0.9990049260435283, 0.999259820778358, 0.9994685101132372, 0.9996611535520871, 0.9997797815812255, 0.9998572486374975, 0.9999311388270902, 0.9999694938083045, 0.9999975422021599, 0.9999999999999999, 0.9999999999999999, 0.9999999999999999]",8.164996793055716,8.32032412196278,SAM,17.033896578543157,20,51,61,13,"[6.271257232321445, 5.222037860142027, 1.295332740220168, 0.5121981620134903, 0.3599785037500195, 0.3430843102690996, 0.32347384296112863, 0.2801051033027415, 0.2199491852810065, 0.19613546476506227, 0.18726377999706767, 0.14434375660680282, 0.14066167402333513, 0.1304446176664243, 0.11468160194783526, 0.10034446382596728, 0.0931103594091899, 0.08036010159662545, 0.07663654721509992, 0.07197288407712273, 0.060530374782008595, 0.05523124190282367, 0.053421255874067694, 0.049618316668972325, 0.04644116167337128, 0.04186619013023371, 0.041408738316454766, 0.03806791615942301, 0.035867255744709094, 0.034472772161001995, 0.03315297547996721, 0.03223055610305613, 0.0295941573378707, 0.028363181769946275, 0.024555577520715126, 0.023197835904263324, 0.02161741048649968, 0.01971057363315309, 0.018999681398996125, 0.017923871920486015, 0.016331244518733582, 0.015779631967906212, 0.014889607486076931, 0.01441369803015445, 0.012852326130090443, 0.011911892392783181, 0.010272499681314346, 0.010235652988958866, 0.008857486095057618, 0.007873312389961648, 0.007243807669838517, 0.006228144212291072, 0.005517926845882326, 0.00489612491189321, 0.00434185055150335, 0.0035547925473781803, 0.0032814684139025473, 0.0020206975796607765, 0.0013195658247810045, 0.0012586378476905787, 0.000653334783276368, 0.00047777344012613787, 4.186587421749173e-05, 1.5435453749006749e-18, 9.995147843058158e-20]",6.271257232321445,1.7602374627217643,0.36816339722416,0.8019776588085581,SAM[rho=0.2]
source_balanced_classifier_grad,500,81408.84364371937,"[0.3516408601994343, 0.6196025096531319, 0.7027838936856157, 0.7350935483179017, 0.7625113790430593, 0.7868446406170423, 0.8087341093223058, 0.8252407926269871, 0.8401270619825054, 0.8538709374982036, 0.8656997776694345, 0.876905548624413, 0.8871825194466183, 0.8957993696446993, 0.9038248695037238, 0.9115992855945619, 0.9187755095576168, 0.9247802120190984, 0.9303935271114518, 0.9357881666451692, 0.9406798748746991, 0.9453191554547054, 0.9494871814936092, 0.9533043597762058, 0.9568716462376685, 0.9601541487117339, 0.963158395338933, 0.9660512323493449, 0.9688237261138836, 0.9713455910140174, 0.9736719829687008, 0.975788850049987, 0.977858429374637, 0.979791750472468, 0.9816207523891876, 0.9832567440687577, 0.9848386791226972, 0.9863535472161156, 0.9877130434126082, 0.9889921702460237, 0.9901879671256991, 0.9913357732667439, 0.9923718433915365, 0.9932706231347441, 0.9941137161295089, 0.9948527900374625, 0.9955476858209481, 0.9961421065170659, 0.9966965351255821, 0.9971836114696986, 0.997596405704758, 0.9979736229019917, 0.9983038375528578, 0.9986122889052194, 0.9988960472854159, 0.9991598416033126, 0.9993765204079608, 0.9995673841817716, 0.999715111226535, 0.9998444788421893, 0.9999397665642296, 0.9999745017293511, 0.9999855687363756, 0.9999956805569955, 1.0000000000000002]",9.808762348359354,7.014337496890471,ASAM,15.423960512638395,25,52,61,13,"[5.423694742346273, 4.133029900075283, 1.2829863827036398, 0.49834283722536526, 0.4228915384470337, 0.37531526566081397, 0.3376223009526191, 0.25459843148603195, 0.22960523072001243, 0.21198499324474668, 0.18244756371137605, 0.17283736872325836, 0.15851159215123184, 0.132905957198522, 0.12378499291977858, 0.11991228679390864, 0.11068579503600699, 0.09261629365603595, 0.08657955032945544, 0.08320670714797367, 0.075449514571617, 0.07155608047306798, 0.06428746903970156, 0.05887600710047027, 0.05502168551887131, 0.050629188542621203, 0.04633738134814627, 0.04461900381809173, 0.04276283434578172, 0.03889714463787235, 0.03588217764595608, 0.0326504742722622, 0.03192110978117281, 0.029819468271197323, 0.028210453341021128, 0.025233471064694903, 0.024399703805520728, 0.023365265654740713, 0.0209688156517854, 0.019729201769256355, 0.01844392385324905, 0.01770371659563947, 0.015980304693124406, 0.013862743268793436, 0.013003833059733889, 0.011399446772198122, 0.010718045124880638, 0.009168321344815608, 0.008551484964830599, 0.0075126462982933375, 0.006366921981401245, 0.005818183154819743, 0.005093217735653354, 0.004757541478894412, 0.004376678051281429, 0.004068753142697324, 0.0033420453268193846, 0.0029438753105506953, 0.002278536105079349, 0.00199536099546614, 0.001469714062088039, 0.00053575381523487, 0.00017069707933878962, 0.00015596432195340252, 6.662291834143632e-05]",5.423694742346273,1.672564364618322,0.3516408601994343,0.7625113790430593,ASAM[rho=2]
source_balanced_classifier_grad,500,401948.0802010416,"[0.4573770499360581, 0.6909718676220657, 0.757316823255359, 0.8072325513120973, 0.8336832314493139, 0.8594669058956057, 0.8792914475000149, 0.8910179991601941, 0.90259289962022, 0.9125961406834384, 0.920463415869547, 0.9275520665589073, 0.9339980146378613, 0.9396253996938297, 0.944971067008399, 0.9499617946349026, 0.9544033755716076, 0.9582544317580715, 0.9618820178060801, 0.9651618279567591, 0.9683132007080747, 0.9712704672074957, 0.9738264440758757, 0.97614208143014, 0.9781473145661465, 0.9800233308808111, 0.9817125507835334, 0.983335950955856, 0.9848264406065983, 0.9861899136841484, 0.9874548344952319, 0.9886526508123875, 0.9896780273873628, 0.9906513240557718, 0.9915623199406078, 0.9924210186551023, 0.9932267179579536, 0.9939732640725715, 0.9946459491012789, 0.9952317426384637, 0.9957921294276904, 0.9962414485990801, 0.9966320102016817, 0.9969990786371694, 0.9973427258902616, 0.9976660386092973, 0.9979572441269922, 0.9982002186087853, 0.9984345817189278, 0.9986470513349844, 0.9988487673071349, 0.9990242015537104, 0.9991689753231933, 0.9993046509935253, 0.9994270640182185, 0.9995367091876185, 0.999637997662985, 0.9997225760576798, 0.9997954237847277, 0.9998618216978934, 0.9999088220400667, 0.9999482212001495, 0.9999807994870715, 0.9999988620991804, 1.0000000000000002]",7.030656792779945,9.103418454054037,ERM,17.418621153623167,16,41,61,14,"[7.966877557197981, 4.068899632722241, 1.1556376476302714, 0.8694631566276033, 0.4607343765658422, 0.44911605712831076, 0.3453161797514439, 0.2042603608070532, 0.20161880600409113, 0.1742426663885665, 0.13703708597812642, 0.12347452084833535, 0.11227952756322411, 0.09802128837547644, 0.09311415376578791, 0.08693159380698855, 0.0773662156596194, 0.06708008875333123, 0.06318754707243185, 0.05712977047048511, 0.0548925680690178, 0.051511504803714636, 0.04452159274773588, 0.04033520980310779, 0.034928396320788355, 0.032677617463159614, 0.029423881530679093, 0.028277392582414275, 0.025962274559676778, 0.02374982099100981, 0.022033176397596207, 0.020864308640161512, 0.01786064609929351, 0.016953485937100565, 0.01586829219046867, 0.014957347592882737, 0.014034170920104602, 0.013003803944237393, 0.0117172456707691, 0.010203715698462158, 0.0097611651810345, 0.00782652042349851, 0.006803044592868122, 0.006393826015213462, 0.0059858613120971965, 0.00563166176702888, 0.00507239859057151, 0.004232280448352399, 0.004082282227957728, 0.0037009277487447512, 0.003513614099524343, 0.0030558226784706296, 0.0025217594436041995, 0.002363283101277697, 0.0021322661014003806, 0.0019098676671049648, 0.001764305579637155, 0.0014732390149690448, 0.0012689069593507126, 0.0011565600948231622, 0.0008186811544068017, 0.0006862790432520456, 0.0005674688377294826, 0.0003146257973692014, 1.9820663288684458e-05]",7.966877557197981,1.3056679011292773,0.4573770499360581,0.8336832314493139,ERM_CANONICAL
source_balanced_classifier_grad,500,13512488654663.785,"[0.3509721572138855, 0.48064034919653476, 0.5682433013366168, 0.6108727296279488, 0.6424859262162822, 0.6660508158541767, 0.6879498634214134, 0.7068412896299138, 0.7254775285948764, 0.7424093926604322, 0.7581248884466021, 0.7724385753909024, 0.7846778859836053, 0.7965459980687136, 0.8077683867367484, 0.8188060160481834, 0.8291963064427522, 0.8385770666234394, 0.8473680765924109, 0.8556642750382968, 0.8639164091580822, 0.8717378681175684, 0.8794397814162215, 0.8864535383211044, 0.8930986758323685, 0.8994528993013856, 0.9056194004153864, 0.9114689918614317, 0.9171932830044155, 0.9226762636564652, 0.9275493782064255, 0.9320269469356979, 0.9363883289160628, 0.9406600834642217, 0.9446161294086287, 0.9485425993815423, 0.9522988604961363, 0.9558907628192349, 0.9593368241025927, 0.9624864913680046, 0.9655851335869928, 0.9683731615298731, 0.9711076601177471, 0.9737771086823571, 0.9762239975201985, 0.9785459759817661, 0.9808432866905559, 0.9831040495506774, 0.98514824830528, 0.9870786284198609, 0.9889021098674279, 0.9906040138680088, 0.992226078305633, 0.9936819650838677, 0.9949775755877, 0.9962011723148618, 0.9972844353604527, 0.9982264034070012, 0.9988977680627579, 0.9994497430998615, 0.9996710571206862, 0.9997949497713527, 0.9999078188566213, 1.0, 1.0]",16.0215832711974,15.135091795614992,IRMv1,38.500172668765735,38,60,64,14,"[13.512488654663786, 4.9922477809786585, 3.3727287836867816, 1.6412403499870505, 1.2171135272624714, 0.9072523199793465, 0.8431171126201272, 0.7273231709865117, 0.7174984180474374, 0.6518796901279661, 0.605049301342803, 0.5510794188822196, 0.4712155711657161, 0.4569243645289351, 0.4320639014753391, 0.4249506343440725, 0.40002797426951775, 0.3611608867207406, 0.33845540173824074, 0.3194050726609541, 0.31770858849755085, 0.30112752046188107, 0.2965249918780066, 0.2700308518947409, 0.255838941591359, 0.2446387007330844, 0.2374113576511662, 0.22521028071448143, 0.22038619741116114, 0.2110957018434138, 0.18761575160814864, 0.17238716921325348, 0.1679139593184946, 0.1644632877027028, 0.15230845194524173, 0.1511697719358948, 0.144616701500839, 0.13828885964863724, 0.1326739544364244, 0.12126273356751749, 0.11929826046977587, 0.10733955720623253, 0.10527866779564393, 0.10277423066787654, 0.09420564275816766, 0.08939657170350705, 0.08844685896221359, 0.08703976047781184, 0.07870200502147465, 0.07431996772771696, 0.070204350589617, 0.06552359788802894, 0.062449760928396936, 0.056051892348210765, 0.049881228109007456, 0.047108685272670134, 0.0417058143009418, 0.03626593244057583, 0.025847655170337772, 0.02125113423733772, 0.008520628015769766, 0.004769888443055429, 0.004345479271802121, 0.003548989936884411, 2.9147652251717298e-18]",13.512488654663786,1.2545831028836838,0.3509721572138855,0.6424859262162821,IRMv1_CANONICAL
source_balanced_classifier_grad,500,8971414665730.79,"[0.36593356529328613, 0.48425396247811764, 0.5430433107927414, 0.5786942652300334, 0.6119185769314427, 0.6426919433718608, 0.6695572516912929, 0.6930497950700315, 0.7131789095413278, 0.7327327290821921, 0.7500656632808621, 0.7661462424230567, 0.7812878562161595, 0.795492425068933, 0.8087388622784913, 0.821684277631756, 0.8335935062649361, 0.8448226761957487, 0.8553318297306551, 0.8650495925125836, 0.8739665617176865, 0.8824565321626887, 0.8904057068275006, 0.8978972536264128, 0.9050625733310049, 0.912040833225405, 0.9185775908649981, 0.9246937620079976, 0.9305102655374333, 0.9358834822993484, 0.9408780805919709, 0.9456740311005196, 0.9503714086003687, 0.9546173307931664, 0.9586330210832749, 0.9625126838805682, 0.9661781407754286, 0.9697902736008275, 0.9730850825013496, 0.9761503523043898, 0.9789250614364584, 0.9816222394880275, 0.9839870183839565, 0.9860989437687793, 0.9879006429792369, 0.9896550759683369, 0.9913183378430399, 0.9927465567313076, 0.9940480069857224, 0.99520185911305, 0.9963362365821541, 0.9973582814652475, 0.9979476625044683, 0.9984602975776479, 0.9988259451885934, 0.9991513384458653, 0.9994343890941242, 0.999687758400505, 0.9998503734243037, 0.9999999999999999, 0.9999999999999999, 0.9999999999999999, 0.9999999999999999, 0.9999999999999999, 0.9999999999999999]",15.843331432497395,9.784346123554059,VREX,24.516512057428884,37,54,60,14,"[8.971414665730789, 2.900803444221696, 1.4413097668038597, 0.8740370543207182, 0.8145442384273751, 0.7544556093841872, 0.6586436553399034, 0.5759552230045157, 0.49349567764090246, 0.479391452542389, 0.42494309027231514, 0.39423971243005346, 0.3712195571275348, 0.34824648354960025, 0.3247564375661113, 0.31737643159673873, 0.2919727473800378, 0.2753000800036837, 0.25764778935190435, 0.23824564841438253, 0.21861298303262655, 0.20814446278211038, 0.19488603651646888, 0.1836665974243242, 0.1756686469329644, 0.17108259284093139, 0.16025849748757737, 0.14994718357264444, 0.14260037891149047, 0.13173253353067016, 0.1224501292630941, 0.11757997846966713, 0.11516331211334457, 0.1040952026346274, 0.09845071941634662, 0.09511579974860002, 0.08986421815883196, 0.08855689796692662, 0.08077722213657618, 0.07514972408550863, 0.0680261898922173, 0.06612539822232653, 0.057976130315198215, 0.051777044161396946, 0.04417138041704303, 0.04301257753122171, 0.0407773798058169, 0.035014945594862096, 0.03190702085450352, 0.028288429592119527, 0.027810978898966113, 0.025056975699592466, 0.014449567354476021, 0.012568023952666757, 0.00896440406251433, 0.007977507715313628, 0.006939414630901423, 0.006211731654868751, 0.003986753191679568, 0.0036683217471681247, 1.938121999397161e-17, 1.5154591130073266e-17, 8.846474349919237e-18, 5.766001008738544e-18, 5.907916644286186e-21]",8.971414665730789,1.1894378489325854,0.36593356529328613,0.6119185769314427,VREX_LAMBDA10000_ANNEAL100_RESCALE
source_balanced_classifier_grad,500,357141.2263358709,"[0.45205685517004446, 0.6855174217231573, 0.7596334274911751, 0.8067530673458831, 0.8324501418163077, 0.8570055726981026, 0.8780023279261043, 0.889798221496541, 0.9011874189473994, 0.9115218452302946, 0.920065526744633, 0.9270541717229445, 0.9337897397688111, 0.9395433102606339, 0.9442898789771824, 0.9488857563691118, 0.9533186621690694, 0.9572902058019073, 0.9610544817778346, 0.9645990169796622, 0.9679022380414423, 0.9709129172030015, 0.9736605953398865, 0.9761164937144843, 0.9781796853286214, 0.9801271329593904, 0.9818645837596992, 0.9833834851112611, 0.9847801519702502, 0.9861326326201985, 0.9874077970640117, 0.9885258900879456, 0.9896395272289058, 0.9906794981896342, 0.9915827281399048, 0.9924215146952285, 0.9931967253686916, 0.9939322966657265, 0.9945662641634601, 0.995182069989855, 0.9956979665809628, 0.9961705157417023, 0.9965752965907173, 0.9969506829527335, 0.9972924171381341, 0.9975793234326472, 0.9978569641622035, 0.9981175410295907, 0.9983666655097476, 0.9985917060465426, 0.9987935537511554, 0.9989601070399027, 0.9991169308296969, 0.9992574609071933, 0.9993832560037902, 0.9995025099055115, 0.9996066911494305, 0.9997036257667187, 0.9997876406099842, 0.9998629804125979, 0.9999053234833587, 0.9999416498079178, 0.9999747485738509, 0.9999987342350253, 0.9999999999999996]",7.11557491468406,8.847566832927914,CORAL,17.058154539970573,16,42,60,14,"[7.711255696343714, 3.9824064232520846, 1.264282280276198, 0.8037740985093665, 0.43834466754163537, 0.41887033477722263, 0.35816589551718797, 0.20121617546155418, 0.19427869020298233, 0.17628624061556017, 0.1457394396118758, 0.11921338606502475, 0.11489636064087952, 0.09814529460612671, 0.08096770270147556, 0.07839718679828749, 0.07561719219680917, 0.06774720505118605, 0.06421160132846615, 0.06046322924514224, 0.056346855351529654, 0.05135663040814709, 0.04687031828508204, 0.04189309400835244, 0.03519424139952311, 0.033219862644155065, 0.029637704257264592, 0.025909653985912263, 0.02382455912149172, 0.02307082393913852, 0.021751952146442412, 0.019072603592326123, 0.01899659445195051, 0.01773998536518652, 0.015407436076844876, 0.014308150686762952, 0.013223663468968567, 0.012547488859986342, 0.010814315549657092, 0.010504510953260628, 0.008800243777760093, 0.008060816611629915, 0.006904814277317317, 0.006403398575469214, 0.005829354546154583, 0.004894091910295308, 0.0047360384713614374, 0.00444496047343334, 0.004249603882206932, 0.003838776254406282, 0.003443149338824838, 0.0028410917385918934, 0.0026751244418527103, 0.002397183779447767, 0.0021458321981203976, 0.002034251485056754, 0.0017771397589362607, 0.0016535256819756902, 0.0014331381800741267, 0.0012851579959962237, 0.0007222946447349186, 0.0006196600581974092, 0.0005646038643695923, 0.0004091511150557694, 2.159161454267875e-05]",7.711255696343714,1.316429165943083,0.45205685517004446,0.8324501418163078,CORAL_GAMMA1_SOURCE_ONLY
source_balanced_classifier_grad,500,5723180274093.793,"[0.3877757695760888, 0.4301739643633029, 0.47054888228037806, 0.5063009895143727, 0.5353580581447259, 0.5607094800251072, 0.5838090671462784, 0.6045142059106655, 0.6243027068674312, 0.6432108288909737, 0.6607240882168761, 0.6780909618253849, 0.6949044280468326, 0.7107454829796197, 0.7263215642940972, 0.740820593806169, 0.7551069190945593, 0.7676021980212557, 0.7796800372270759, 0.7915554381560946, 0.8025084530538796, 0.8129347869944878, 0.8231090702350133, 0.8325661355221399, 0.8414245935053676, 0.8495983298556741, 0.8575444317703697, 0.8653849334181187, 0.8727927137852182, 0.8799994869128847, 0.8869875684702744, 0.893607255842686, 0.8997193351348517, 0.9057591334199996, 0.9116723274130462, 0.9174495190194885, 0.922924294510201, 0.9282421151151583, 0.9333404735885847, 0.9381996983884969, 0.9429055293547564, 0.947353501685666, 0.9516154359080589, 0.955751316781476, 0.9598582707719915, 0.9635611624478805, 0.9671915127411638, 0.970579675896881, 0.9737546713987143, 0.9767651324877649, 0.9796864407657773, 0.9825385524398624, 0.9850860639729182, 0.9874734791594982, 0.9897376661316626, 0.9918810079116727, 0.9938359919804506, 0.9956506079182063, 0.9971599074117783, 0.9982012130431458, 0.9989476378468581, 0.9995880465285015, 1.0, 1.0, 1.0]",19.373385248731402,5.937797100871285,FISHR,14.758994045322368,45,63,63,14,"[5.723180274093793, 0.6257547043969114, 0.5958931731184912, 0.5276651377742547, 0.42885310288990586, 0.3741614845730024, 0.3409266687707706, 0.3055870197311616, 0.2920583677867611, 0.27906486035369255, 0.2584780901051807, 0.25631758417384737, 0.24814984784357527, 0.23379803542462857, 0.2298872913698303, 0.21399109023162208, 0.21085178986088965, 0.18441774727375565, 0.1782567569190603, 0.17526897159720237, 0.16165548165473673, 0.15388220054397905, 0.15016218576233842, 0.13957677025892606, 0.1307419286251966, 0.12063612612220866, 0.11727647084251654, 0.11571791713146842, 0.10933138632707717, 0.10636472167721907, 0.10313705409374277, 0.09769992651131795, 0.09020814187761275, 0.08914134692544669, 0.08727279493220973, 0.08526553651816868, 0.08080217886690365, 0.07848568264265793, 0.07524664235021888, 0.07171726988678705, 0.06945333120931696, 0.06564759714565395, 0.06290186180985172, 0.0610414411829255, 0.06061450949043092, 0.05465095619491955, 0.053580318361002764, 0.0500058798398112, 0.046859739705483114, 0.04443137728697191, 0.0431155714797363, 0.04209429921441783, 0.03759870754676002, 0.0352358465224461, 0.033417122039670046, 0.031633568568259225, 0.028853598229793366, 0.026781905819882455, 0.02227574223823846, 0.015368623612713005, 0.011016479233270609, 0.00945178791894695, 0.006080018832796117, 9.228310375871988e-18, 7.864031121333136e-19]",5.723180274093793,1.0764053677084504,0.3877757695760888,0.5353580581447259,FISHR_COMMON_HARNESS_LAMBDA10000_ANNEAL100
source_balanced_classifier_grad,500,360443.8626797286,"[0.38737122141349195, 0.5704196476048586, 0.6392988879291975, 0.6835922848594491, 0.721257569075175, 0.7541908879837147, 0.7789773259202001, 0.8010161892410375, 0.8179549000453951, 0.8345454580613755, 0.8482928049324663, 0.8606441714894927, 0.8713084569600128, 0.8813315511112357, 0.8906238186311238, 0.8988735097398795, 0.9067701887513296, 0.9140937852077522, 0.9207492368320063, 0.9270021980552674, 0.9326597162455522, 0.9376709646543097, 0.9423643560576818, 0.9469245126555352, 0.9510670271550026, 0.9547819215563264, 0.9583794179940573, 0.9617863015469116, 0.9649373351370056, 0.9678373590152655, 0.9704545903464239, 0.9729304447755153, 0.975288407292334, 0.9774752847088343, 0.9794478380449241, 0.9813396603030901, 0.9830930602627779, 0.9845745526508363, 0.9860247959778431, 0.9873786981153911, 0.9886102613972438, 0.9897884078903907, 0.9908126993971273, 0.9917605954396135, 0.9926462116857627, 0.9934989592043595, 0.9942625557679873, 0.9949797287996661, 0.9955966991686142, 0.9961361483119973, 0.9966415106662371, 0.9971344325563571, 0.9975794465577931, 0.9979936308953645, 0.9983581431291301, 0.9986964551550142, 0.9989959134511633, 0.9992414368197072, 0.999472955950141, 0.9996772244804014, 0.999783594301367, 0.9998742348706255, 0.9999446383401618, 0.9999989252938899, 0.9999999999999996]",11.212266078852538,10.156105403892381,MLDG,22.965638293838275,25,54,64,14,"[8.896227356424596, 4.20382394616728, 1.581855719243126, 1.0172261327055634, 0.865007293532977, 0.7563346898691481, 0.5692363682419949, 0.506136563433691, 0.389008305496808, 0.38101275448794564, 0.3157165957413997, 0.28365701678327826, 0.24491212277819965, 0.23018675486207146, 0.213402854791332, 0.18945942203957586, 0.1813522738995104, 0.16819106722823626, 0.15284669468475823, 0.14360324571881047, 0.1299285163988905, 0.11508651835609507, 0.1077867293412544, 0.10472690698956304, 0.09513548962174807, 0.08531492112060769, 0.08261880195230119, 0.07824125538407596, 0.07236549768183459, 0.06660089943160931, 0.060106388082685584, 0.05685957728670892, 0.05415211427168841, 0.05022303574030775, 0.04530094643194169, 0.04344690569727173, 0.04026794925862006, 0.03402341831922452, 0.0333057636860927, 0.031093226776182946, 0.028283636867002367, 0.027056886218765668, 0.023523508251165736, 0.021769037651898398, 0.02033874237621102, 0.01958389106806071, 0.017536482482694564, 0.016470336439632877, 0.014169118331277434, 0.012388793904857807, 0.0116059690347952, 0.011320265835612402, 0.010220030592672374, 0.009512007683639379, 0.008371256114339198, 0.0077695516169105465, 0.0068772509134502335, 0.00563860087466362, 0.00531698460764603, 0.004691157180774671, 0.0024428508336755083, 0.0020816185283385464, 0.0016168606160013844, 0.0012467345433928776, 2.468131178676585e-05]",8.896227356424596,1.303294768987839,0.38737122141349195,0.721257569075175,MLDG_BETA1_INNERLR0P001_ONE_STEP
source_balanced_classifier_grad,500,9259424367116.738,"[0.4948075250513722, 0.6456726295809105, 0.6664272860207102, 0.6846451495135453, 0.7009307512774039, 0.7163466430691315, 0.7316713720296834, 0.7460828722513005, 0.7601036846230299, 0.773725419575695, 0.7854258172009927, 0.7969540460499904, 0.8079497736329363, 0.8188587771411735, 0.8287743145513212, 0.8384599179025879, 0.8479734714247542, 0.8571563121077921, 0.8661515949773193, 0.8746094973981403, 0.8826588148993865, 0.8904352976885874, 0.8976964628460417, 0.9046670850720906, 0.9115221730998271, 0.9178564825554621, 0.9239489256279847, 0.9297460754187239, 0.9351786121765863, 0.9404092437682616, 0.9454582525602611, 0.9500862425550124, 0.9544372350060065, 0.9586033180164792, 0.9625636378452812, 0.9664118965387994, 0.969858955101328, 0.9731355153595941, 0.9762466612164715, 0.9790470875750865, 0.9816529867096785, 0.9840038272873164, 0.9862683685851491, 0.9884895674752879, 0.9904440921730747, 0.9920477581499464, 0.9935441628800726, 0.9949372133650769, 0.9961452179386026, 0.9972050089088516, 0.9981797050854921, 0.9989510858275987, 0.9996753396897168, 1.0000000000000004, 1.0000000000000004, 1.0000000000000004, 1.0000000000000004, 1.0000000000000004, 1.0000000000000004, 1.0000000000000004, 1.0000000000000004, 1.0000000000000004, 1.0000000000000004, 1.0000000000000004, 1.0000000000000004]",10.003086333924498,9.747879112271194,SPECTRAL_NORM_REG,18.713184214721473,31,53,54,14,"[9.259424367116738, 2.8231664926344604, 0.3883857092712269, 0.3409142355400706, 0.3047554658546802, 0.288480422932813, 0.28677447607948264, 0.2696850584576221, 0.26237404475221693, 0.25490603549333135, 0.21895169614768625, 0.21572987012076186, 0.20576507583456036, 0.20414219224868493, 0.18555127814405573, 0.18124847974297711, 0.17802887959691163, 0.1718401893161275, 0.16833038540099055, 0.15827428607096303, 0.15062836120360013, 0.14552275497692838, 0.13587952120495714, 0.1304425378072867, 0.12828052507116378, 0.11853509971635019, 0.11400900953381776, 0.10848313195443683, 0.10166006110312482, 0.09788177253436234, 0.09448303162643457, 0.08660442931566877, 0.08142092325231548, 0.07796067882879676, 0.07411019450558515, 0.07201317383771029, 0.06450544187953085, 0.061314875703568056, 0.05821944553861521, 0.05240489432852452, 0.04876467055060248, 0.043991712788780606, 0.0423767784681872, 0.0415657040087023, 0.036575380721907316, 0.030009696844080044, 0.028002497374632274, 0.02606841034629126, 0.022605612116612685, 0.01983206365536802, 0.018239669106859608, 0.014434989926728455, 0.01355309594003775, 0.00607542819354537, 2.6499545854098178e-17, 1.6612773343769393e-17, 1.429951464662185e-17, 9.04488793455662e-18, 7.848289239556218e-18, 4.711739356306943e-18, 2.180017698140487e-18, 1.1806432651795028e-18, 2.911487842590417e-19, 1.1633751123831656e-33, 3.668540841133168e-36]",9.259424367116738,1.1082871352685477,0.4948075250513722,0.7009307512774038,SPECTRAL_NORM_REG[lambda=1]
source_balanced_classifier_grad,500,9344105370292.39,"[0.33005478214788114, 0.5527393866328189, 0.5943065752277332, 0.6226450634140506, 0.648311404875495, 0.6705071627341725, 0.6911474382878181, 0.7108404405599293, 0.7296049820144409, 0.745991100218653, 0.7620274132165495, 0.7759216272983502, 0.7885363075969503, 0.8000915315200025, 0.8110934652749996, 0.8219374694534578, 0.8316625938769331, 0.8411236018485398, 0.8503371135236174, 0.8591539114576159, 0.8670608441991627, 0.8743543906613198, 0.8814690026415193, 0.8880948334851467, 0.8944675035310193, 0.9007019582028246, 0.9066330859644562, 0.9122868901563702, 0.9177980224252569, 0.9228216929173123, 0.9277676561520117, 0.9325294203379392, 0.9371058040701056, 0.9413400793031053, 0.9453743639009026, 0.9493171192993548, 0.9531213738609695, 0.9567346538506176, 0.9601015978396806, 0.9632786279763406, 0.9662751851520671, 0.9691121298309444, 0.9718413297938648, 0.9744128892064605, 0.9768781293370452, 0.979133012153821, 0.9811974950889057, 0.9832174424147903, 0.9851134052303756, 0.9869147512616793, 0.9886770879456306, 0.9903378698002235, 0.9919388048929463, 0.993458230376922, 0.9948632027539533, 0.9961323585531137, 0.9973704674056525, 0.998298635901767, 0.9990070874401752, 0.9995497418964625, 0.9998911350438817, 1.0000000000000002, 1.0000000000000002, 1.0000000000000002, 1.0000000000000002]",14.738819678917336,11.52161069605216,SPECTRAL_REG_2024,28.31077104680689,39,61,62,14,"[9.34410537029239, 6.304372853221819, 1.1767991593700622, 0.8022844508554734, 0.7266339167241186, 0.628379018947384, 0.5843421155422635, 0.5575240785499892, 0.5312386369169924, 0.4639036408253628, 0.4540003857183811, 0.39335591374518003, 0.35713132576232937, 0.3271372988801149, 0.31147322760986046, 0.3070021195269473, 0.2753257709547199, 0.267848430556174, 0.26084161957020285, 0.2496103476753917, 0.22385136252843538, 0.20648592400937774, 0.20142015085829654, 0.18758238000880725, 0.1804152026255446, 0.17650221881517633, 0.16791480010891446, 0.16006355602075326, 0.15602440387311847, 0.1422239851151808, 0.1400240327434993, 0.134809215646677, 0.12956095206369564, 0.11987559667061827, 0.1142137075859002, 0.11162244537914338, 0.10770137989764611, 0.10229474251493662, 0.09532078040178593, 0.08994417280778355, 0.08483484413066104, 0.08031609127615144, 0.07726575529119531, 0.07280282976325898, 0.06979284891238437, 0.06383747116311773, 0.05844710370522334, 0.057186266269724895, 0.053676169185296364, 0.050997495068313366, 0.04989311036673459, 0.04701801484407106, 0.04532370687087156, 0.04301610699952217, 0.03977585129322094, 0.03593077925275514, 0.03505181625525136, 0.02627716578635835, 0.02005680930163208, 0.015362966069480424, 0.00966510323353336, 0.003082050847689324, 6.617625870986988e-18, 2.9784977582677545e-18, 5.589504720596064e-19]",9.34410537029239,1.520375768011234,0.33005478214788114,0.648311404875495,SPECTRAL_REG_2024[lambda=1]
source_balanced_classifier_grad,500,16253622387341.959,"[0.26379970390852797, 0.3783743379582992, 0.42335045852578645, 0.46095427971323494, 0.4936432172821635, 0.5242944869663972, 0.5510825042718669, 0.5765972492918543, 0.6008052428637961, 0.6228715679967098, 0.6439325841556903, 0.6636359896367451, 0.6830563580192756, 0.7011421829252816, 0.7178014099197955, 0.7334378965924835, 0.7486363066690841, 0.7632423995188349, 0.7769502170162998, 0.789687892366088, 0.8016294117457821, 0.8135110407163844, 0.8249300662155087, 0.8358829821255193, 0.8459580592798722, 0.8554709216135392, 0.864534667476554, 0.8726050186004689, 0.8800057273968853, 0.8870295520824237, 0.8940120724847255, 0.9005353896233547, 0.906719370125447, 0.9127396591613808, 0.9185937996734238, 0.9238526508916638, 0.9290825368937061, 0.9341395196229819, 0.9391042856115652, 0.9437340932283361, 0.948182736462749, 0.952369594653328, 0.9563365486225935, 0.960240915398393, 0.964012561383529, 0.9674758739470408, 0.9708620697229864, 0.9741806869808208, 0.9773038203639792, 0.9803146740532042, 0.983173494878227, 0.9856762281243469, 0.988007510516137, 0.9903155563648672, 0.9924910628780486, 0.9943616928549852, 0.996001031662123, 0.9974959049406238, 0.9988704164455606, 0.9994296769275223, 0.9997823777106599, 1.0000000000000002, 1.0000000000000002, 1.0000000000000002, 1.0000000000000002]",24.4609116618034,18.984306826510142,SVB_ORTHDNN,61.61349746236968,51,61,62,14,"[16.25362238734196, 7.059343924277514, 2.771136090452109, 2.316902941308259, 2.01407977195074, 1.888531926907945, 1.6505034362724702, 1.5720526775420038, 1.4915391505138995, 1.359583467580603, 1.2976428656662689, 1.2139957236070082, 1.1965568180553228, 1.1143309269510657, 1.0264332401515162, 0.963418631928038, 0.9364272006866864, 0.8999324647332584, 0.8445865785946833, 0.7848127278406629, 0.7357587739976118, 0.7320687164290239, 0.7035660986130307, 0.6748474566269822, 0.6207607406829053, 0.5861207192552631, 0.55844908273043, 0.49724255849375876, 0.4559835526477386, 0.4327624044385512, 0.4302175030881602, 0.4019243839671636, 0.3810166669730075, 0.3709310632382348, 0.3606940715831211, 0.3240162161900108, 0.32223156791531615, 0.3115783925574845, 0.3058965966388348, 0.2852586398471714, 0.27409646863448694, 0.2579669765005472, 0.24441790831867646, 0.24056169243287606, 0.2323843003341367, 0.21338679984332892, 0.2086353648483117, 0.20447161599415878, 0.19242717077787466, 0.18550922614062781, 0.17614194964791574, 0.154202148508793, 0.14363846173062605, 0.14220677704377344, 0.13404056502926456, 0.11525605533702069, 0.10100539743354574, 0.09210437095147624, 0.08468846112142238, 0.034457994286145044, 0.02173112880682539, 0.01340847037202618, 8.612989385947406e-17, 5.4290484215363934e-18, 1.2511385550655838e-18]",16.25362238734196,1.3642349053587748,0.26379970390852797,0.4936432172821635,"SVB_ORTHDNN[factor=0.05,frequency=1]"
source_balanced_classifier_grad,500,6238194320424.017,"[0.6579613781997357, 0.973708581618147, 0.987385294750725, 0.9947673423797105, 0.9969079862669251, 0.9978099678583252, 0.9983953637532988, 0.9989108545633482, 0.9992008742328353, 0.9993911890644649, 0.9995288673554826, 0.9996195645409314, 0.999686597892715, 0.9997401119085585, 0.9997908427961681, 0.9998218990611923, 0.9998468309886465, 0.9998700111390333, 0.9998876544782249, 0.9999026848148324, 0.9999158091017039, 0.9999273799515299, 0.9999376172878515, 0.9999454227002342, 0.9999530065857523, 0.9999590766087103, 0.9999634227690795, 0.9999676027115079, 0.9999716790989427, 0.999975320465418, 0.9999784166518187, 0.9999813809085968, 0.9999837142516993, 0.9999859439723373, 0.9999878589582668, 0.9999895525069462, 0.9999909272441717, 0.9999922066104173, 0.9999934257778937, 0.9999944747081798, 0.9999952968533581, 0.9999960366925663, 0.9999966774132333, 0.9999972157143501, 0.9999976524485699, 0.9999980845786509, 0.9999984388125448, 0.9999987451565489, 0.9999989762854883, 0.9999992034969937, 0.9999994213762438, 0.9999995786851025, 0.9999996876092077, 0.9999997856926738, 0.9999998652764616, 0.9999999236297008, 0.9999999659683518, 0.9999999999999998, 0.9999999999999998, 0.9999999999999998, 0.9999999999999998, 0.9999999999999998, 0.9999999999999998, 0.9999999999999998, 0.9999999999999998]",2.1645593009811055,6.92092128694687,STABLE_RANK_NORM,9.481094980821661,4,6,13,14,"[6.238194320424016, 2.993629225538775, 0.12967021623542307, 0.06998989472336131, 0.02029564801479689, 0.008551773139017282, 0.005550194081627953, 0.004887417331817783, 0.002749704032714229, 0.0018043929949393598, 0.0013053409539367066, 0.0008599086297322669, 0.0006355495751436324, 0.0005073714670180384, 0.00048098436388890523, 0.0002944473984439918, 0.00023638197224785248, 0.00021977320748755718, 0.00016727817465514466, 0.00014250404896864994, 0.0001244326103844981, 0.00010970432620928118, 9.706115801539829e-05, 7.400385616515058e-05, 7.190353892057657e-05, 5.7550464201406524e-05, 4.120635926194973e-05, 3.96304311783867e-05, 3.864861644824846e-05, 3.4524141412495825e-05, 2.9355237343024194e-05, 2.8104400060593737e-05, 2.212264757796681e-05, 2.1140193149810495e-05, 1.8156163484803928e-05, 1.605669588393667e-05, 1.3034014208702045e-05, 1.2129792890204582e-05, 1.1559042641187848e-05, 9.945007670828527e-06, 7.794836523463968e-06, 7.014485803495978e-06, 6.0747334992221294e-06, 5.103684016904348e-06, 4.140718618993983e-06, 4.097066342493882e-06, 3.3585251929639366e-06, 2.904476599393444e-06, 2.191355427541968e-06, 2.1542138634411907e-06, 2.0657338646975664e-06, 1.4914602305281782e-06, 1.0327197870583584e-06, 9.299386584434948e-07, 7.545414508788056e-07, 5.532526034880529e-07, 4.0141677209407433e-07, 3.226572862845094e-07, 5.019994283404824e-21, 2.705875897430107e-21, 1.861345610093093e-21, 1.1870973657825311e-21, 6.526638489935984e-22, 6.450975205986273e-23, 3.14829845529574e-39]",6.238194320424016,1.2308638646901744,0.6579613781997357,0.9969079862669251,STABLE_RANK_NORM[target_rank=8]
source_balanced_classifier_grad,500,8658454024631.403,"[0.42425334448038, 0.683869494832237, 0.7678596285583524, 0.8238935407016533, 0.8430046682739213, 0.8581001975463314, 0.8698815515042077, 0.8809520486242903, 0.8913523157107529, 0.9002219448582021, 0.90880370962866, 0.9169606613228346, 0.923542812489253, 0.9295736309865557, 0.935390235669614, 0.941008066527295, 0.9459191125285575, 0.9504824862835595, 0.9549068200317966, 0.9587396469730494, 0.9624216999038747, 0.965495830521002, 0.9683324383211734, 0.9709628748579201, 0.973347671506759, 0.9755358519041316, 0.977511285197817, 0.9794497344944344, 0.9812825275562213, 0.9830342481241098, 0.9847269924236931, 0.9862152401054589, 0.98759861115063, 0.9889327294333521, 0.9901371573967397, 0.9912599157644051, 0.992226654949139, 0.9930695732056191, 0.9938923528071567, 0.9946479103441733, 0.9952897929452887, 0.9959114094180415, 0.9964489593620905, 0.9969365977384755, 0.9974153269762073, 0.9978438488208595, 0.998228791935584, 0.9985657016546289, 0.9988472310518823, 0.9991143043881792, 0.999333389566221, 0.9994846679313986, 0.9995894005307981, 0.9996642647528909, 0.9997280163817286, 0.9997854835009454, 0.9998354202824761, 0.9998808927909538, 0.9999196811995231, 0.9999475551772373, 0.9999707326202427, 0.9999904215149302, 0.9999960295778068, 0.9999999999999999, 0.9999999999999999]",7.236180410122804,10.387812274239097,SAM,20.4086877269905,19,46,58,14,"[8.658454024631403, 5.298424941414466, 1.714128411364463, 1.1435786150542482, 0.39003303473309486, 0.3080799429942625, 0.24044197392744054, 0.22593431870631533, 0.21225580324491178, 0.18101749152450386, 0.17514255734676368, 0.16647267993055523, 0.13433306772727854, 0.12308109144960926, 0.11870926860788798, 0.11465255567746305, 0.1002280042526537, 0.09313246994737918, 0.09029484586775678, 0.07822296815562475, 0.07514586845946473, 0.06273897179693054, 0.05789144279764546, 0.05368375786412894, 0.04867057009852782, 0.04465789042029772, 0.04031600121632724, 0.039561206369267854, 0.037404901266203466, 0.03575031805498291, 0.034546689811838525, 0.030373182197574854, 0.02823278767145681, 0.027227603422944835, 0.02458079419443232, 0.02291402491854833, 0.019729878134678813, 0.017202855475881847, 0.016791851955919517, 0.015419937832746332, 0.01309998156355333, 0.012686376478363797, 0.010970688945759356, 0.009952059347337795, 0.009770235518647882, 0.00874556851170218, 0.007856183821067548, 0.006875885248175659, 0.005745645554512531, 0.005450616320688053, 0.004471240984268044, 0.0030873929147593997, 0.0021374549159814595, 0.0015278805306167943, 0.0013010870850348895, 0.0011728284906658473, 0.0010191441803493284, 0.0009280342256844365, 0.0007916205179167258, 0.000568871306877134, 0.00047302119660750974, 0.00040182450336777336, 0.0001144532040011257, 8.103110668352316e-05, 1.4785427296076238e-18]",8.658454024631403,1.4393535214985314,0.42425334448038,0.8430046682739213,SAM[rho=0.2]
source_balanced_classifier_grad,500,29042.482842967787,"[0.38616166049638384, 0.6377865853672688, 0.7269153188326786, 0.768012092088681, 0.7958282868957395, 0.8135429076277627, 0.829150187907265, 0.8431829926368882, 0.8553297902173379, 0.8660384916032188, 0.8762440460126453, 0.8862369103876347, 0.8954409833560077, 0.9035900063926217, 0.9110593304426946, 0.9174303827172429, 0.9233463708135758, 0.9289046306205571, 0.9343519424325651, 0.9396424236498861, 0.9441483531197945, 0.9486258944286317, 0.9526833716087146, 0.9565753406661839, 0.9603707359141717, 0.9636621088550612, 0.9666559930239198, 0.9692676319828526, 0.9716774809701186, 0.9738302657909431, 0.9759295086224522, 0.9779268264139828, 0.9796880602847455, 0.981309040804173, 0.9828421456124565, 0.9842784463681821, 0.9856455735378801, 0.9869423332977765, 0.9880938911865326, 0.9891689432821519, 0.9901666032333942, 0.9911266386614312, 0.9920737288287035, 0.9929464266267843, 0.9937160473331377, 0.9944020149653389, 0.9950436686320812, 0.9956393667996746, 0.9961564094191833, 0.996629359229455, 0.9970965994781391, 0.9975096301941823, 0.9978788779460341, 0.9982336315277703, 0.9985261661404409, 0.9987850513077652, 0.9990337885008008, 0.9992655682481094, 0.9994751907606126, 0.9996463155548473, 0.9997705322509364, 0.9998650957001401, 0.9999565328997765, 0.9999867035589699, 1.0000000000000002]",8.952653915365586,8.398800353828516,ASAM,17.722416853208493,24,52,63,14,"[6.84371792004409, 4.459401809219093, 1.5795765680725045, 0.7283341469646664, 0.4929701996407433, 0.3139458930094044, 0.2765987270582008, 0.24869521503805794, 0.215270610152273, 0.1897840699171127, 0.18086708946195632, 0.17709770801113997, 0.1631184178928548, 0.14442038320127015, 0.1323744744270891, 0.11291044420312592, 0.10484560714183173, 0.09850579727775607, 0.09653953066181403, 0.09376011348743314, 0.07985596037687238, 0.07935285355267309, 0.07190830195781245, 0.06897509801625976, 0.06726357670752645, 0.05833108327781543, 0.05305886325073347, 0.046284554300285864, 0.04270834830561099, 0.03815254998991086, 0.037203656536114446, 0.035397298489833695, 0.031213320833647206, 0.0287276924762241, 0.027170322492059473, 0.02545472071954593, 0.024228797592736055, 0.02298171702335139, 0.020408388935135798, 0.01905252137748031, 0.017680945533667763, 0.017014148049520755, 0.016784726741972737, 0.01546631416446646, 0.013639538976854888, 0.012157004325676934, 0.011371653757396029, 0.010557211244782306, 0.009163244833808487, 0.008381813688280658, 0.008280626457777865, 0.00731990252289505, 0.006543962580429096, 0.006287090855696939, 0.005184420349738286, 0.004588070852433984, 0.004408224221873942, 0.004107697299933235, 0.0037150175483981513, 0.003032744937346779, 0.0022014200682181836, 0.0016758928658664064, 0.0016204881678458574, 0.0005346969989625624, 0.00023564507060391346]",6.84371792004409,1.5060878819330241,0.38616166049638384,0.7958282868957395,ASAM[rho=2]
