K,basis_index,clean_task_bank_response_norm,control_parameter_hash,counterfactual_bank_response_norm,finite,method,minus_optimizer_hash,minus_parameter_hash,opaque_direction_id,plus_optimizer_hash,plus_parameter_hash,replay_match,replay_optimizer_hash,replay_parameter_hash,seed,source_bank_response_norm,target_only_learner_update
1,0,1.0384327173233032,9b135606262040333812ddeeada81f5ac94441f7931f1061471f77d52438ad37,19.07464027404785,True,ERM,869308d85dbe4513759c9c33e5c287cbb71366f1bd930ee9a25d30249331e38f,4b4096ea71f7f33539cfa7a8a8c86401d819682c6be2172b898a64f768fd4722,u000,38f465fb398a2cb1552d019619af7b2ec957ab59910e3ebfa11dcda4cd41e5c5,7fb05f1417a990ff9f393218b30db93fdabbb375174d496eedfd8797d017121d,True,38f465fb398a2cb1552d019619af7b2ec957ab59910e3ebfa11dcda4cd41e5c5,7fb05f1417a990ff9f393218b30db93fdabbb375174d496eedfd8797d017121d,10,13.37802505493164,False
5,0,19.203725814819336,9100854edaf262fdc099cd0c57e1cb8a0195e34b332dacfd9d9c92d0ac1743c7,170.94540405273438,True,ERM,4bebad816dde1f7a9dc00d5b405adadfd3749a0d6428e870522c0f6411ac5843,cda490a83de83724c38e7e54ef9895727a1cb512eda4f525e03409d475ef2a91,u000,8a9a742fb457529a41b282105c1db118fd8e6e125e96979e19490f0716ab7137,d3c63939e1cdff3261b2dcdc93b147e3d8f2fa42c7a33baec1a43ab4a5788976,True,8a9a742fb457529a41b282105c1db118fd8e6e125e96979e19490f0716ab7137,d3c63939e1cdff3261b2dcdc93b147e3d8f2fa42c7a33baec1a43ab4a5788976,10,120.3270034790039,False
20,0,23.374814987182617,689d292fb6623c8e99b108241a525180a8a2ef6cdef967e105eb02c499eb8c78,158.2881317138672,True,ERM,5e467dd72168861dfbe54c6718cd56fea367fee9ef35fda9a03aef46e6dceea9,eea30097ea68d0c519aae2fe1bb5456f832e8d492de040afede68113fcf6353d,u000,2f87c5d67e467428ae74a6c21e48254eb5e338ce0aa17368cd374364fb0458da,dda4da9aa8e093a86fae0faee9294d90216bb4310639f21eac9b8888709fa031,True,2f87c5d67e467428ae74a6c21e48254eb5e338ce0aa17368cd374364fb0458da,dda4da9aa8e093a86fae0faee9294d90216bb4310639f21eac9b8888709fa031,10,110.41726684570312,False
1,1,1.7587318420410156,9b135606262040333812ddeeada81f5ac94441f7931f1061471f77d52438ad37,18.963726043701172,True,ERM,927a3d24f367199138b697d9b1741ed6e66c691397df72491040aaaa4ea604d1,71c3ff5fdd5e2907dab3994c566b2d0c0e5434ccbe5a9c92eca3e0394f0119df,u001,555591da0cded8cf5d5415fe5f134b9574fa61a28ca46ca6bd699cbd2feee13d,253c22d14176a096b4c751edbcedc59bc89ddbe301ea3d0954374633ef21bdf4,True,555591da0cded8cf5d5415fe5f134b9574fa61a28ca46ca6bd699cbd2feee13d,253c22d14176a096b4c751edbcedc59bc89ddbe301ea3d0954374633ef21bdf4,10,13.260422706604004,False
5,1,18.960933685302734,9100854edaf262fdc099cd0c57e1cb8a0195e34b332dacfd9d9c92d0ac1743c7,170.36000061035156,True,ERM,040094478cb55e25933c09bf443fe44a5a206b0e6acdfb8e2e2364fa14a962ee,c3873ea89299b787c27dd48ac7b70f7813c9582705772fed96351ce8de66b950,u001,1efe03aac979aff0469a63fb2e7747dd6f874ff93840c599b212926c4e513ce0,d6dca1394577e3fb273651abfb82f09c5716878c3ce194c2bab649fec2542bc8,True,1efe03aac979aff0469a63fb2e7747dd6f874ff93840c599b212926c4e513ce0,d6dca1394577e3fb273651abfb82f09c5716878c3ce194c2bab649fec2542bc8,10,119.9331283569336,False
20,1,22.834274291992188,689d292fb6623c8e99b108241a525180a8a2ef6cdef967e105eb02c499eb8c78,157.42437744140625,True,ERM,4cdaeb4d7b3ee94aaeaa8a8e97299857599121aef16785041e53b27aea73b0b3,b500ccae2ad38396e253d18c355d60905dd61ec9eef3d3de3d7b3ade22f7f208,u001,3abb7b20563500e73e3cbd4e49c1d2ccb1184490674860ce4386e45c497abc1d,fa6b46928bea04757d0174bd7fbd4a4fb35391493a6412a47e3e8a743c11105d,True,3abb7b20563500e73e3cbd4e49c1d2ccb1184490674860ce4386e45c497abc1d,fa6b46928bea04757d0174bd7fbd4a4fb35391493a6412a47e3e8a743c11105d,10,109.54381561279297,False
1,2,0.0,9b135606262040333812ddeeada81f5ac94441f7931f1061471f77d52438ad37,0.0,True,ERM,LINEAR_COMBINATION,LINEAR_COMBINATION,u002,LINEAR_COMBINATION,LINEAR_COMBINATION,True,LINEAR_COMBINATION,LINEAR_COMBINATION,10,0.0,False
5,2,0.0,9100854edaf262fdc099cd0c57e1cb8a0195e34b332dacfd9d9c92d0ac1743c7,0.0,True,ERM,LINEAR_COMBINATION,LINEAR_COMBINATION,u002,LINEAR_COMBINATION,LINEAR_COMBINATION,True,LINEAR_COMBINATION,LINEAR_COMBINATION,10,0.0,False
20,2,0.0,689d292fb6623c8e99b108241a525180a8a2ef6cdef967e105eb02c499eb8c78,0.0,True,ERM,LINEAR_COMBINATION,LINEAR_COMBINATION,u002,LINEAR_COMBINATION,LINEAR_COMBINATION,True,LINEAR_COMBINATION,LINEAR_COMBINATION,10,0.0,False
1,3,1.4494361877441406,9b135606262040333812ddeeada81f5ac94441f7931f1061471f77d52438ad37,6.336584091186523,True,ERM,e41df6565ce09e7c721b4b6a8ab250ddd7df95f3218d52fbf491d9194b975611,723ffc62ac52bc104ea4239c998399e3f8fa63b80842dff05cc4d085f6dd4d5d,u003,57ff9e7926cf18948c92d0602291f698859915dd44cfd74e2efeeb019e515433,b093c29a0ff273f8e4fb0106b518779835154c41544e80863a0f699ab274f811,True,57ff9e7926cf18948c92d0602291f698859915dd44cfd74e2efeeb019e515433,b093c29a0ff273f8e4fb0106b518779835154c41544e80863a0f699ab274f811,10,3.3838844299316406,False
5,3,15.763236045837402,9100854edaf262fdc099cd0c57e1cb8a0195e34b332dacfd9d9c92d0ac1743c7,57.076446533203125,True,ERM,3329512ed39d001a59551b2f31a1b8bb04b6f9c5478ca0c1e6aad9a95aeb711f,bf5c7005f645d3d755a60df14ae8f98ad5936e1de780e030a776910491d0bb4e,u003,c7dc9b263391790c4d4b27a7d018e9cc507bce4ac7b6e0b28b4eb44220099ea2,524a0488d6d972eaeb880f210c68e2a9b85d71df9cc8c34c997ce60e7c93bb58,True,c7dc9b263391790c4d4b27a7d018e9cc507bce4ac7b6e0b28b4eb44220099ea2,524a0488d6d972eaeb880f210c68e2a9b85d71df9cc8c34c997ce60e7c93bb58,10,25.77175521850586,False
20,3,78.20361328125,689d292fb6623c8e99b108241a525180a8a2ef6cdef967e105eb02c499eb8c78,134.0062255859375,True,ERM,8a9eed893d3bbfb26c27bcfcf57624cb891f047f12065e6ff25c04dee90d0198,c8ce11198907614237f05fa990a9feab7f8dc16e7eaedba412515970bd0bb583,u003,3b9f761ee70b4cffac16be53838e787b16a11d53be90d7cde26d2880ca5cdaa7,b15269b9c598f99a851095ec648534fe4978a37cf3013fd38468f5adb7a4af53,True,3b9f761ee70b4cffac16be53838e787b16a11d53be90d7cde26d2880ca5cdaa7,b15269b9c598f99a851095ec648534fe4978a37cf3013fd38468f5adb7a4af53,10,79.86832427978516,False
1,4,0.0,9b135606262040333812ddeeada81f5ac94441f7931f1061471f77d52438ad37,0.0,True,ERM,LINEAR_COMBINATION,LINEAR_COMBINATION,u004,LINEAR_COMBINATION,LINEAR_COMBINATION,True,LINEAR_COMBINATION,LINEAR_COMBINATION,10,0.0,False
5,4,0.0,9100854edaf262fdc099cd0c57e1cb8a0195e34b332dacfd9d9c92d0ac1743c7,0.0,True,ERM,LINEAR_COMBINATION,LINEAR_COMBINATION,u004,LINEAR_COMBINATION,LINEAR_COMBINATION,True,LINEAR_COMBINATION,LINEAR_COMBINATION,10,0.0,False
20,4,0.0,689d292fb6623c8e99b108241a525180a8a2ef6cdef967e105eb02c499eb8c78,0.0,True,ERM,LINEAR_COMBINATION,LINEAR_COMBINATION,u004,LINEAR_COMBINATION,LINEAR_COMBINATION,True,LINEAR_COMBINATION,LINEAR_COMBINATION,10,0.0,False
1,-1,1.948786735534668,9b135606262040333812ddeeada81f5ac94441f7931f1061471f77d52438ad37,26.886276245117188,True,ERM,LINEAR_COMBINATION,LINEAR_COMBINATION,u005,LINEAR_COMBINATION,LINEAR_COMBINATION,True,LINEAR_COMBINATION,LINEAR_COMBINATION,10,18.830059051513672,False
5,-1,26.975759506225586,9100854edaf262fdc099cd0c57e1cb8a0195e34b332dacfd9d9c92d0ac1743c7,241.3296356201172,True,ERM,LINEAR_COMBINATION,LINEAR_COMBINATION,u005,LINEAR_COMBINATION,LINEAR_COMBINATION,True,LINEAR_COMBINATION,LINEAR_COMBINATION,10,169.88507080078125,False
20,-1,32.559913635253906,689d292fb6623c8e99b108241a525180a8a2ef6cdef967e105eb02c499eb8c78,223.13209533691406,True,ERM,LINEAR_COMBINATION,LINEAR_COMBINATION,u005,LINEAR_COMBINATION,LINEAR_COMBINATION,True,LINEAR_COMBINATION,LINEAR_COMBINATION,10,155.46661376953125,False
1,-1,0.6113183498382568,9b135606262040333812ddeeada81f5ac94441f7931f1061471f77d52438ad37,0.7700359225273132,True,ERM,LINEAR_COMBINATION,LINEAR_COMBINATION,u006,LINEAR_COMBINATION,LINEAR_COMBINATION,True,LINEAR_COMBINATION,LINEAR_COMBINATION,10,0.48910340666770935,False
5,-1,0.7799303531646729,9100854edaf262fdc099cd0c57e1cb8a0195e34b332dacfd9d9c92d0ac1743c7,2.2062220573425293,True,ERM,LINEAR_COMBINATION,LINEAR_COMBINATION,u006,LINEAR_COMBINATION,LINEAR_COMBINATION,True,LINEAR_COMBINATION,LINEAR_COMBINATION,10,1.266158103942871,False
20,-1,2.7637124061584473,689d292fb6623c8e99b108241a525180a8a2ef6cdef967e105eb02c499eb8c78,7.044811725616455,True,ERM,LINEAR_COMBINATION,LINEAR_COMBINATION,u006,LINEAR_COMBINATION,LINEAR_COMBINATION,True,LINEAR_COMBINATION,LINEAR_COMBINATION,10,4.684876918792725,False
1,-1,1.378000259399414,9b135606262040333812ddeeada81f5ac94441f7931f1061471f77d52438ad37,19.0114688873291,True,ERM,LINEAR_COMBINATION,LINEAR_COMBINATION,u007,LINEAR_COMBINATION,LINEAR_COMBINATION,True,LINEAR_COMBINATION,LINEAR_COMBINATION,10,13.314862251281738,False
5,-1,19.074745178222656,9100854edaf262fdc099cd0c57e1cb8a0195e34b332dacfd9d9c92d0ac1743c7,170.6458282470703,True,ERM,LINEAR_COMBINATION,LINEAR_COMBINATION,u007,LINEAR_COMBINATION,LINEAR_COMBINATION,True,LINEAR_COMBINATION,LINEAR_COMBINATION,10,120.12689208984375,False
20,-1,23.02333641052246,689d292fb6623c8e99b108241a525180a8a2ef6cdef967e105eb02c499eb8c78,157.77821350097656,True,ERM,LINEAR_COMBINATION,LINEAR_COMBINATION,u007,LINEAR_COMBINATION,LINEAR_COMBINATION,True,LINEAR_COMBINATION,LINEAR_COMBINATION,10,109.93150329589844,False
1,-1,1.378000259399414,9b135606262040333812ddeeada81f5ac94441f7931f1061471f77d52438ad37,19.0114688873291,True,ERM,LINEAR_COMBINATION,LINEAR_COMBINATION,u008,LINEAR_COMBINATION,LINEAR_COMBINATION,True,LINEAR_COMBINATION,LINEAR_COMBINATION,10,13.314862251281738,False
5,-1,19.074745178222656,9100854edaf262fdc099cd0c57e1cb8a0195e34b332dacfd9d9c92d0ac1743c7,170.6458282470703,True,ERM,LINEAR_COMBINATION,LINEAR_COMBINATION,u008,LINEAR_COMBINATION,LINEAR_COMBINATION,True,LINEAR_COMBINATION,LINEAR_COMBINATION,10,120.12689208984375,False
20,-1,23.02333641052246,689d292fb6623c8e99b108241a525180a8a2ef6cdef967e105eb02c499eb8c78,157.77821350097656,True,ERM,LINEAR_COMBINATION,LINEAR_COMBINATION,u008,LINEAR_COMBINATION,LINEAR_COMBINATION,True,LINEAR_COMBINATION,LINEAR_COMBINATION,10,109.93150329589844,False
1,-1,1.0249061584472656,9b135606262040333812ddeeada81f5ac94441f7931f1061471f77d52438ad37,4.4806413650512695,True,ERM,LINEAR_COMBINATION,LINEAR_COMBINATION,u009,LINEAR_COMBINATION,LINEAR_COMBINATION,True,LINEAR_COMBINATION,LINEAR_COMBINATION,10,2.3927674293518066,False
5,-1,11.14629077911377,9100854edaf262fdc099cd0c57e1cb8a0195e34b332dacfd9d9c92d0ac1743c7,40.3591423034668,True,ERM,LINEAR_COMBINATION,LINEAR_COMBINATION,u009,LINEAR_COMBINATION,LINEAR_COMBINATION,True,LINEAR_COMBINATION,LINEAR_COMBINATION,10,18.2233829498291,False
20,-1,55.298309326171875,689d292fb6623c8e99b108241a525180a8a2ef6cdef967e105eb02c499eb8c78,94.75670623779297,True,ERM,LINEAR_COMBINATION,LINEAR_COMBINATION,u009,LINEAR_COMBINATION,LINEAR_COMBINATION,True,LINEAR_COMBINATION,LINEAR_COMBINATION,10,56.47543716430664,False
1,-1,1.0249061584472656,9b135606262040333812ddeeada81f5ac94441f7931f1061471f77d52438ad37,4.4806413650512695,True,ERM,LINEAR_COMBINATION,LINEAR_COMBINATION,u010,LINEAR_COMBINATION,LINEAR_COMBINATION,True,LINEAR_COMBINATION,LINEAR_COMBINATION,10,2.3927674293518066,False
5,-1,11.14629077911377,9100854edaf262fdc099cd0c57e1cb8a0195e34b332dacfd9d9c92d0ac1743c7,40.3591423034668,True,ERM,LINEAR_COMBINATION,LINEAR_COMBINATION,u010,LINEAR_COMBINATION,LINEAR_COMBINATION,True,LINEAR_COMBINATION,LINEAR_COMBINATION,10,18.2233829498291,False
20,-1,55.298309326171875,689d292fb6623c8e99b108241a525180a8a2ef6cdef967e105eb02c499eb8c78,94.75670623779297,True,ERM,LINEAR_COMBINATION,LINEAR_COMBINATION,u010,LINEAR_COMBINATION,LINEAR_COMBINATION,True,LINEAR_COMBINATION,LINEAR_COMBINATION,10,56.47543716430664,False
1,0,0.026532387360930443,ae0285455f8afc14fe1b388fd150ffdb65807742a3b079f9f9cc19cf8e46b2b8,0.6751010417938232,True,IRMv1,726626241a07208129f37afadedd9f0d89961a39754f20628fd1be9f7be79c09,e4872e60b9e7b38d93bc5c2d4a5a5b35d0f46397c4a3d562171b188e9143c25c,u000,5961312e05d1cdea90b30807ec64121176d6fa34c78d2c81822424d18018dca0,de52ca1295d5b4c5783954662be2d22e38bdef9c46b8ce8884038dd5ef11f3fc,True,5961312e05d1cdea90b30807ec64121176d6fa34c78d2c81822424d18018dca0,de52ca1295d5b4c5783954662be2d22e38bdef9c46b8ce8884038dd5ef11f3fc,10,0.5534514784812927,False
5,0,0.184317484498024,e58031ceb0402bf2a6c06d578868d85fa01774bd5320f639e5e806c67558eb3f,4.056650638580322,True,IRMv1,7ac6dc05d82ba8dc3c46381ff00bd596f50c1012f2da2aff369db3f000e8876f,f88511eb3e8c702bcbfbc66a5f0d8ee0d2f9202dc95a5c825bf0b84285920109,u000,cc3448dfa6327c71b10ec1f2d8e87b0227b0c3732394fcd7c248cfa0b4123f6c,379e4be0ea442139bdf4f7ca013e6cbe53fabcfa7bc1762ebcbc32be4a4c2005,True,cc3448dfa6327c71b10ec1f2d8e87b0227b0c3732394fcd7c248cfa0b4123f6c,379e4be0ea442139bdf4f7ca013e6cbe53fabcfa7bc1762ebcbc32be4a4c2005,10,3.3541924953460693,False
20,0,0.6696602702140808,a09e23ffd85027d5c2e167bd4e4b0bb7414d60259c434824dbdd27a1f5103e0a,5.181441307067871,True,IRMv1,84db121d0891af7ed45823aff7c7119995664ce71f6d6f03289947ea5291f824,a0e6f789124fe83e85d1503bbd2f2c21d03823519ae7e08e240fa3b3c5488f62,u000,3b54d765f8c4bc1ca80fb60099f31c1fd229f7024a7feeb80200e7c7b2e9ff53,452bd4840df8b48adf6babbafb76cea717d6d0a86a220d8a171122c26dc08c04,True,3b54d765f8c4bc1ca80fb60099f31c1fd229f7024a7feeb80200e7c7b2e9ff53,452bd4840df8b48adf6babbafb76cea717d6d0a86a220d8a171122c26dc08c04,10,4.371805667877197,False
1,1,0.033658068627119064,ae0285455f8afc14fe1b388fd150ffdb65807742a3b079f9f9cc19cf8e46b2b8,0.726741373538971,True,IRMv1,30a3253a1ddef08f1cd001519ec9d2828d9072ef66b6cfb6a44b645b53c18db9,bade190ac5faef1869b631a827814b423850679b1175f54dd3ab929f0ac83165,u001,9191ecbcf6c3f2b930fce5c456b79341dd0d523aa229ea78c0c7b051af1bd8ff,29234cf12b6a463d943841d0749f1a5f284fcaa7fa9e83fc94f89a7c5282ab5f,True,9191ecbcf6c3f2b930fce5c456b79341dd0d523aa229ea78c0c7b051af1bd8ff,29234cf12b6a463d943841d0749f1a5f284fcaa7fa9e83fc94f89a7c5282ab5f,10,0.595761775970459,False
5,1,0.2006455659866333,e58031ceb0402bf2a6c06d578868d85fa01774bd5320f639e5e806c67558eb3f,4.07938814163208,True,IRMv1,293d536158ab412ac137aabffb496938eb7ff70407d6c29690669d30ad9c9524,3ca9d1d02dd3588ffde0c95cc3b28d5026fa6e000a58e83e1fd27ac6bd7fdb8b,u001,a3536d09929b4a4efb046241c5b0616a1348deec951b19569285b12c688185d5,42ddbd141cf56cbf27e7d17515f5e1d69a8e7826a629c5098c379eba8f7e493b,True,a3536d09929b4a4efb046241c5b0616a1348deec951b19569285b12c688185d5,42ddbd141cf56cbf27e7d17515f5e1d69a8e7826a629c5098c379eba8f7e493b,10,3.3877875804901123,False
20,1,0.4199088513851166,a09e23ffd85027d5c2e167bd4e4b0bb7414d60259c434824dbdd27a1f5103e0a,5.083302021026611,True,IRMv1,29ce85795c04011bfcb526e7ce139c1755fabb905c74c43cc0cb3169011b3958,1516f79f89c76ee6200529ab564237b23b45794665c5d0aea5916ea76fbbce68,u001,6057af277786e8dc4c9c94fd7eea29eb59b88f2548d19c5837f703efd1e1b2eb,c026b5ea0fc4784c8d60eb41ecb020bc83198699f173b4f4fdc0fb8510d6ad83,True,6057af277786e8dc4c9c94fd7eea29eb59b88f2548d19c5837f703efd1e1b2eb,c026b5ea0fc4784c8d60eb41ecb020bc83198699f173b4f4fdc0fb8510d6ad83,10,4.2830400466918945,False
1,2,0.0,ae0285455f8afc14fe1b388fd150ffdb65807742a3b079f9f9cc19cf8e46b2b8,0.0,True,IRMv1,LINEAR_COMBINATION,LINEAR_COMBINATION,u002,LINEAR_COMBINATION,LINEAR_COMBINATION,True,LINEAR_COMBINATION,LINEAR_COMBINATION,10,0.0,False
5,2,0.0,e58031ceb0402bf2a6c06d578868d85fa01774bd5320f639e5e806c67558eb3f,0.0,True,IRMv1,LINEAR_COMBINATION,LINEAR_COMBINATION,u002,LINEAR_COMBINATION,LINEAR_COMBINATION,True,LINEAR_COMBINATION,LINEAR_COMBINATION,10,0.0,False
20,2,0.0,a09e23ffd85027d5c2e167bd4e4b0bb7414d60259c434824dbdd27a1f5103e0a,0.0,True,IRMv1,LINEAR_COMBINATION,LINEAR_COMBINATION,u002,LINEAR_COMBINATION,LINEAR_COMBINATION,True,LINEAR_COMBINATION,LINEAR_COMBINATION,10,0.0,False
1,3,0.22482585906982422,ae0285455f8afc14fe1b388fd150ffdb65807742a3b079f9f9cc19cf8e46b2b8,5.1729350090026855,True,IRMv1,547ea09fe6dec41ed944dffcd548ec4ee398b949447906d0674b9058312f8cee,bcf0d6c4028c3b4e39f9250f5ee8d40b9b67ea2de3ef7701a8741620f17b9734,u003,62edceb65145af7b808ebdd111becd556d8443c9ce9f7246cce1b2cdb960a218,f8a178d9c5b28520fe71cf11cb91110b94d146dd6d11a02efc4aea7446fe2ea8,True,62edceb65145af7b808ebdd111becd556d8443c9ce9f7246cce1b2cdb960a218,f8a178d9c5b28520fe71cf11cb91110b94d146dd6d11a02efc4aea7446fe2ea8,10,4.218096733093262,False
5,3,2.374716281890869,e58031ceb0402bf2a6c06d578868d85fa01774bd5320f639e5e806c67558eb3f,43.847251892089844,True,IRMv1,49cd6446a0a1a323554970b1fe792e606a9817d82a9766389c3d4aae4d04638a,690e3b68fd2a50242d03334a6478308727172d4c4e74553069a92c7a19bd63eb,u003,288f327d4aaf631bf3f91808f8887d9c8cf572f20a5c7dcd18835623bd3f9377,4b4afd65d0cc8036123e170d01d1d7ec0f6400cd3cc6ea8311b0afd2bdbd5e0d,True,288f327d4aaf631bf3f91808f8887d9c8cf572f20a5c7dcd18835623bd3f9377,4b4afd65d0cc8036123e170d01d1d7ec0f6400cd3cc6ea8311b0afd2bdbd5e0d,10,35.81367492675781,False
20,3,1.4765598773956299,a09e23ffd85027d5c2e167bd4e4b0bb7414d60259c434824dbdd27a1f5103e0a,40.313446044921875,True,IRMv1,f50b146ceb9dfb84a9e2aefbb6efebad379ea5fdc0e9efa09343922ce2ee2f16,ca28aa86fb5da0accada5853bd3516b18917b554d490b0611781a4c2f6d66ff3,u003,16398f930eba893c5b6bd60c00d0447009392fa8882f541190827e741eed8fee,1d81e1ca14f95e87ba0741859ae4cc1b5ac201f178bb63a58cf1d034bd28d912,True,16398f930eba893c5b6bd60c00d0447009392fa8882f541190827e741eed8fee,1d81e1ca14f95e87ba0741859ae4cc1b5ac201f178bb63a58cf1d034bd28d912,10,33.07709884643555,False
1,4,0.0,ae0285455f8afc14fe1b388fd150ffdb65807742a3b079f9f9cc19cf8e46b2b8,0.0,True,IRMv1,LINEAR_COMBINATION,LINEAR_COMBINATION,u004,LINEAR_COMBINATION,LINEAR_COMBINATION,True,LINEAR_COMBINATION,LINEAR_COMBINATION,10,0.0,False
5,4,0.0,e58031ceb0402bf2a6c06d578868d85fa01774bd5320f639e5e806c67558eb3f,0.0,True,IRMv1,LINEAR_COMBINATION,LINEAR_COMBINATION,u004,LINEAR_COMBINATION,LINEAR_COMBINATION,True,LINEAR_COMBINATION,LINEAR_COMBINATION,10,0.0,False
20,4,0.0,a09e23ffd85027d5c2e167bd4e4b0bb7414d60259c434824dbdd27a1f5103e0a,0.0,True,IRMv1,LINEAR_COMBINATION,LINEAR_COMBINATION,u004,LINEAR_COMBINATION,LINEAR_COMBINATION,True,LINEAR_COMBINATION,LINEAR_COMBINATION,10,0.0,False
1,-1,0.040439724922180176,ae0285455f8afc14fe1b388fd150ffdb65807742a3b079f9f9cc19cf8e46b2b8,0.9909480214118958,True,IRMv1,LINEAR_COMBINATION,LINEAR_COMBINATION,u005,LINEAR_COMBINATION,LINEAR_COMBINATION,True,LINEAR_COMBINATION,LINEAR_COMBINATION,10,0.8123865723609924,False
5,-1,0.26532286405563354,e58031ceb0402bf2a6c06d578868d85fa01774bd5320f639e5e806c67558eb3f,5.751960754394531,True,IRMv1,LINEAR_COMBINATION,LINEAR_COMBINATION,u005,LINEAR_COMBINATION,LINEAR_COMBINATION,True,LINEAR_COMBINATION,LINEAR_COMBINATION,10,4.766535758972168,False
20,-1,0.7349644899368286,a09e23ffd85027d5c2e167bd4e4b0bb7414d60259c434824dbdd27a1f5103e0a,7.246158123016357,True,IRMv1,LINEAR_COMBINATION,LINEAR_COMBINATION,u005,LINEAR_COMBINATION,LINEAR_COMBINATION,True,LINEAR_COMBINATION,LINEAR_COMBINATION,10,6.111048221588135,False
1,-1,0.014193731360137463,ae0285455f8afc14fe1b388fd150ffdb65807742a3b079f9f9cc19cf8e46b2b8,0.044006504118442535,True,IRMv1,LINEAR_COMBINATION,LINEAR_COMBINATION,u006,LINEAR_COMBINATION,LINEAR_COMBINATION,True,LINEAR_COMBINATION,LINEAR_COMBINATION,10,0.035617928951978683,False
5,-1,0.06193021684885025,e58031ceb0402bf2a6c06d578868d85fa01774bd5320f639e5e806c67558eb3f,0.11297988891601562,True,IRMv1,LINEAR_COMBINATION,LINEAR_COMBINATION,u006,LINEAR_COMBINATION,LINEAR_COMBINATION,True,LINEAR_COMBINATION,LINEAR_COMBINATION,10,0.08858025074005127,False
20,-1,0.2908531725406647,a09e23ffd85027d5c2e167bd4e4b0bb7414d60259c434824dbdd27a1f5103e0a,0.42483237385749817,True,IRMv1,LINEAR_COMBINATION,LINEAR_COMBINATION,u006,LINEAR_COMBINATION,LINEAR_COMBINATION,True,LINEAR_COMBINATION,LINEAR_COMBINATION,10,0.3349652588367462,False
1,-1,0.028595203533768654,ae0285455f8afc14fe1b388fd150ffdb65807742a3b079f9f9cc19cf8e46b2b8,0.7007060647010803,True,IRMv1,LINEAR_COMBINATION,LINEAR_COMBINATION,u007,LINEAR_COMBINATION,LINEAR_COMBINATION,True,LINEAR_COMBINATION,LINEAR_COMBINATION,10,0.574444055557251,False
5,-1,0.18761157989501953,e58031ceb0402bf2a6c06d578868d85fa01774bd5320f639e5e806c67558eb3f,4.0672502517700195,True,IRMv1,LINEAR_COMBINATION,LINEAR_COMBINATION,u007,LINEAR_COMBINATION,LINEAR_COMBINATION,True,LINEAR_COMBINATION,LINEAR_COMBINATION,10,3.3704497814178467,False
20,-1,0.5196983814239502,a09e23ffd85027d5c2e167bd4e4b0bb7414d60259c434824dbdd27a1f5103e0a,5.123807907104492,True,IRMv1,LINEAR_COMBINATION,LINEAR_COMBINATION,u007,LINEAR_COMBINATION,LINEAR_COMBINATION,True,LINEAR_COMBINATION,LINEAR_COMBINATION,10,4.321163654327393,False
1,-1,0.028595203533768654,ae0285455f8afc14fe1b388fd150ffdb65807742a3b079f9f9cc19cf8e46b2b8,0.7007060647010803,True,IRMv1,LINEAR_COMBINATION,LINEAR_COMBINATION,u008,LINEAR_COMBINATION,LINEAR_COMBINATION,True,LINEAR_COMBINATION,LINEAR_COMBINATION,10,0.574444055557251,False
5,-1,0.18761157989501953,e58031ceb0402bf2a6c06d578868d85fa01774bd5320f639e5e806c67558eb3f,4.0672502517700195,True,IRMv1,LINEAR_COMBINATION,LINEAR_COMBINATION,u008,LINEAR_COMBINATION,LINEAR_COMBINATION,True,LINEAR_COMBINATION,LINEAR_COMBINATION,10,3.3704497814178467,False
20,-1,0.5196983814239502,a09e23ffd85027d5c2e167bd4e4b0bb7414d60259c434824dbdd27a1f5103e0a,5.123807907104492,True,IRMv1,LINEAR_COMBINATION,LINEAR_COMBINATION,u008,LINEAR_COMBINATION,LINEAR_COMBINATION,True,LINEAR_COMBINATION,LINEAR_COMBINATION,10,4.321163654327393,False
1,-1,0.15897588431835175,ae0285455f8afc14fe1b388fd150ffdb65807742a3b079f9f9cc19cf8e46b2b8,3.6578176021575928,True,IRMv1,LINEAR_COMBINATION,LINEAR_COMBINATION,u009,LINEAR_COMBINATION,LINEAR_COMBINATION,True,LINEAR_COMBINATION,LINEAR_COMBINATION,10,2.982644557952881,False
5,-1,1.6791781187057495,e58031ceb0402bf2a6c06d578868d85fa01774bd5320f639e5e806c67558eb3f,31.004688262939453,True,IRMv1,LINEAR_COMBINATION,LINEAR_COMBINATION,u009,LINEAR_COMBINATION,LINEAR_COMBINATION,True,LINEAR_COMBINATION,LINEAR_COMBINATION,10,25.3240909576416,False
20,-1,1.0440855026245117,a09e23ffd85027d5c2e167bd4e4b0bb7414d60259c434824dbdd27a1f5103e0a,28.505910873413086,True,IRMv1,LINEAR_COMBINATION,LINEAR_COMBINATION,u009,LINEAR_COMBINATION,LINEAR_COMBINATION,True,LINEAR_COMBINATION,LINEAR_COMBINATION,10,23.389041900634766,False
1,-1,0.15897588431835175,ae0285455f8afc14fe1b388fd150ffdb65807742a3b079f9f9cc19cf8e46b2b8,3.6578176021575928,True,IRMv1,LINEAR_COMBINATION,LINEAR_COMBINATION,u010,LINEAR_COMBINATION,LINEAR_COMBINATION,True,LINEAR_COMBINATION,LINEAR_COMBINATION,10,2.982644557952881,False
5,-1,1.6791781187057495,e58031ceb0402bf2a6c06d578868d85fa01774bd5320f639e5e806c67558eb3f,31.004688262939453,True,IRMv1,LINEAR_COMBINATION,LINEAR_COMBINATION,u010,LINEAR_COMBINATION,LINEAR_COMBINATION,True,LINEAR_COMBINATION,LINEAR_COMBINATION,10,25.3240909576416,False
20,-1,1.0440855026245117,a09e23ffd85027d5c2e167bd4e4b0bb7414d60259c434824dbdd27a1f5103e0a,28.505910873413086,True,IRMv1,LINEAR_COMBINATION,LINEAR_COMBINATION,u010,LINEAR_COMBINATION,LINEAR_COMBINATION,True,LINEAR_COMBINATION,LINEAR_COMBINATION,10,23.389041900634766,False
1,0,0.1401016116142273,e5bdbb5dc2c519a2bd0141c56bc4498b50e7c5d2dac1659feacf3547464379eb,0.8709268569946289,True,VREX,ee229f454a095ac52ba7b92673ac44c43f42d86a1e074e69675be467e00dfa14,e8cc89c201fc6845afc19235d1ff3d9e0588abc854052a2360b4cde5370859ac,u000,16c9bf1c7d455df25522f3019f3360db63927ffe385e62048b483da97c992662,0ade733e6fe9bc8e19953f78592c78f96319338a849d2ecbbff42d0860dcd1f9,True,16c9bf1c7d455df25522f3019f3360db63927ffe385e62048b483da97c992662,0ade733e6fe9bc8e19953f78592c78f96319338a849d2ecbbff42d0860dcd1f9,10,0.6747755408287048,False
5,0,0.9425122737884521,255be05e7444491de1140879918518602116cd0fe698dc35c661cf83c6e022d8,7.311567783355713,True,VREX,a43f75abf4db1e6e5050e345bae4969db92832dd6f0fc101e978ca8d83b3724c,2604314104999eee84a1e984e23b4c6a57fc8b2b3114f4cb7d558d0b5e3f261a,u000,db5070ef0b69059dcc8bce80f07757f2b361af3c8bb61a842fce759db8a3765d,bb4c0a1ae684eec7b6f9dcab7a598f51fc8419afc3dce465249a7a19f703aa95,True,db5070ef0b69059dcc8bce80f07757f2b361af3c8bb61a842fce759db8a3765d,bb4c0a1ae684eec7b6f9dcab7a598f51fc8419afc3dce465249a7a19f703aa95,10,5.6919264793396,False
20,0,2.5268523693084717,aed9914ebb76c2e0ba46e6287c3657eea1bc81d586a45c773c11feaebbb350eb,6.457100868225098,True,VREX,776c299626789162b7751e14bc43caf852684e092997e8fb8b2a950c20844986,20eeebc5605c2d400e22518b80b118f75bcae7342c5c7084739c36f7eac62d7c,u000,0af6f0af1a6b1cf06b375ceeae5bb97f34fca1b23d5a4a3216370b772f011dc5,2927fe186c1dfd20292a06f8a36d59e9ef45491fc51c2529d4e26f3f4ee15e9b,True,0af6f0af1a6b1cf06b375ceeae5bb97f34fca1b23d5a4a3216370b772f011dc5,2927fe186c1dfd20292a06f8a36d59e9ef45491fc51c2529d4e26f3f4ee15e9b,10,5.254523754119873,False
1,1,0.1370161473751068,e5bdbb5dc2c519a2bd0141c56bc4498b50e7c5d2dac1659feacf3547464379eb,0.8668590784072876,True,VREX,07cb2bb8e735b41daeb160413d69a71c7d4fe53f26d922d7d82f966bc4c52abf,91652ac8a698d9c47bf77bc743d608d434144facf8ffa081d3217bd8b807fb65,u001,6f1a242e5b83270b744f2132a50d9b21ef372f6722542015b7b8acf2a1d85a24,02a7d41a2c979b63f017432bf1f2b87bcb089bef804791c60c1d533127e928eb,True,6f1a242e5b83270b744f2132a50d9b21ef372f6722542015b7b8acf2a1d85a24,02a7d41a2c979b63f017432bf1f2b87bcb089bef804791c60c1d533127e928eb,10,0.6695235371589661,False
5,1,0.9459086656570435,255be05e7444491de1140879918518602116cd0fe698dc35c661cf83c6e022d8,7.458396911621094,True,VREX,9aa2214d9a4b64b8d2fc4e74bf7c018b2938e5a2cbab1aae0caab8b5e328d0e3,7e6c0c5ef618259ad7a4ed0d0b8d902d0035e111a0894f0fc989d3fe2fb39253,u001,8b87f8d20e0f9c11abb76bfae00f29b7c6e295e9d2c1d3e2c0ff2bcf0372b431,6836dcfe7693b87f3e0128bda0ae7e5b087148fe6ceed5edcc70c318eee075ae,True,8b87f8d20e0f9c11abb76bfae00f29b7c6e295e9d2c1d3e2c0ff2bcf0372b431,6836dcfe7693b87f3e0128bda0ae7e5b087148fe6ceed5edcc70c318eee075ae,10,5.7967448234558105,False
20,1,3.239980697631836,aed9914ebb76c2e0ba46e6287c3657eea1bc81d586a45c773c11feaebbb350eb,7.346183776855469,True,VREX,8d7df47fb2fbaddcd4867ad70a4d019f1d6d7ab8b9adb595159beeef5cf22b6f,4aa4f23f069d0849b3ee72d1d2419602b46d778f46143d75a9e9a8a13847a8aa,u001,96dd141fec3dcf70265cd2a4e59d05adfe3be8d89db0de1025e864340b1b73f7,d45739dc26f4ee2da4f8647b529658cfd691bde5b02fe99c77fc404e489e1e35,True,96dd141fec3dcf70265cd2a4e59d05adfe3be8d89db0de1025e864340b1b73f7,d45739dc26f4ee2da4f8647b529658cfd691bde5b02fe99c77fc404e489e1e35,10,6.067718982696533,False
1,2,0.0,e5bdbb5dc2c519a2bd0141c56bc4498b50e7c5d2dac1659feacf3547464379eb,0.0,True,VREX,LINEAR_COMBINATION,LINEAR_COMBINATION,u002,LINEAR_COMBINATION,LINEAR_COMBINATION,True,LINEAR_COMBINATION,LINEAR_COMBINATION,10,0.0,False
5,2,0.0,255be05e7444491de1140879918518602116cd0fe698dc35c661cf83c6e022d8,0.0,True,VREX,LINEAR_COMBINATION,LINEAR_COMBINATION,u002,LINEAR_COMBINATION,LINEAR_COMBINATION,True,LINEAR_COMBINATION,LINEAR_COMBINATION,10,0.0,False
20,2,0.0,aed9914ebb76c2e0ba46e6287c3657eea1bc81d586a45c773c11feaebbb350eb,0.0,True,VREX,LINEAR_COMBINATION,LINEAR_COMBINATION,u002,LINEAR_COMBINATION,LINEAR_COMBINATION,True,LINEAR_COMBINATION,LINEAR_COMBINATION,10,0.0,False
1,3,0.14543989300727844,e5bdbb5dc2c519a2bd0141c56bc4498b50e7c5d2dac1659feacf3547464379eb,0.298562228679657,True,VREX,15b7ec9dba58ff25ee64f7422ea5980769606d73d7271058139fa92bbae5732c,90b5bd3e4877e84ffa26673a6fcd710dd4ba5f89416faad6859419773f776c16,u003,d59cb97c6a3da8a1fe8430e1aebb893d411e6f3bb8a2bfb0651b72ff4f7e976a,a64d6f3e84512e154e6f88ce3cb548a89d1096e7cb966cf08fe2e3ef75a37dc4,True,d59cb97c6a3da8a1fe8430e1aebb893d411e6f3bb8a2bfb0651b72ff4f7e976a,a64d6f3e84512e154e6f88ce3cb548a89d1096e7cb966cf08fe2e3ef75a37dc4,10,0.2248908132314682,False
5,3,0.6064197421073914,255be05e7444491de1140879918518602116cd0fe698dc35c661cf83c6e022d8,1.1353479623794556,True,VREX,3acb77cfca1a5dd71073e61b0067952320e43fb85462a8d5553a3059c7f8ca08,b33354bb93a1b828b7795f7ad0a499b23438969faeefa0b299f3c785c39ab199,u003,9342b5ac02181b9f8526b58529ee725d38d1c7ef06234f5dd2ce7d2fb1e7d364,16f2b283e413332780e7bf7adc067ac96b0285134403cdb839ee202d595b65b3,True,9342b5ac02181b9f8526b58529ee725d38d1c7ef06234f5dd2ce7d2fb1e7d364,16f2b283e413332780e7bf7adc067ac96b0285134403cdb839ee202d595b65b3,10,0.8637057542800903,False
20,3,5.679808139801025,aed9914ebb76c2e0ba46e6287c3657eea1bc81d586a45c773c11feaebbb350eb,9.242228507995605,True,VREX,d56808dca010c77fb46327a2186025e7b9f11db9f843c6bc6dc753f83f3e8e21,c8bfb3074572880515605ad57a5561f2c346fe74e7fcfede4369495d7fe833bd,u003,31572e86bd44153f20a3b892bec7d8213fa7d71c5383ec7a49528b667fce60ab,6ac8c19a52f13ce471ac37a00ee72e726ed1b348b810c9b04dd2accbd99f2fcb,True,31572e86bd44153f20a3b892bec7d8213fa7d71c5383ec7a49528b667fce60ab,6ac8c19a52f13ce471ac37a00ee72e726ed1b348b810c9b04dd2accbd99f2fcb,10,7.366037845611572,False
1,4,0.0,e5bdbb5dc2c519a2bd0141c56bc4498b50e7c5d2dac1659feacf3547464379eb,0.0,True,VREX,LINEAR_COMBINATION,LINEAR_COMBINATION,u004,LINEAR_COMBINATION,LINEAR_COMBINATION,True,LINEAR_COMBINATION,LINEAR_COMBINATION,10,0.0,False
5,4,0.0,255be05e7444491de1140879918518602116cd0fe698dc35c661cf83c6e022d8,0.0,True,VREX,LINEAR_COMBINATION,LINEAR_COMBINATION,u004,LINEAR_COMBINATION,LINEAR_COMBINATION,True,LINEAR_COMBINATION,LINEAR_COMBINATION,10,0.0,False
20,4,0.0,aed9914ebb76c2e0ba46e6287c3657eea1bc81d586a45c773c11feaebbb350eb,0.0,True,VREX,LINEAR_COMBINATION,LINEAR_COMBINATION,u004,LINEAR_COMBINATION,LINEAR_COMBINATION,True,LINEAR_COMBINATION,LINEAR_COMBINATION,10,0.0,False
1,-1,0.003421045606955886,e5bdbb5dc2c519a2bd0141c56bc4498b50e7c5d2dac1659feacf3547464379eb,0.009273489005863667,True,VREX,LINEAR_COMBINATION,LINEAR_COMBINATION,u005,LINEAR_COMBINATION,LINEAR_COMBINATION,True,LINEAR_COMBINATION,LINEAR_COMBINATION,10,0.008096057921648026,False
5,-1,0.022923849523067474,255be05e7444491de1140879918518602116cd0fe698dc35c661cf83c6e022d8,0.11438007652759552,True,VREX,LINEAR_COMBINATION,LINEAR_COMBINATION,u005,LINEAR_COMBINATION,LINEAR_COMBINATION,True,LINEAR_COMBINATION,LINEAR_COMBINATION,10,0.08320162445306778,False
20,-1,0.5571182370185852,aed9914ebb76c2e0ba46e6287c3657eea1bc81d586a45c773c11feaebbb350eb,1.1576547622680664,True,VREX,LINEAR_COMBINATION,LINEAR_COMBINATION,u005,LINEAR_COMBINATION,LINEAR_COMBINATION,True,LINEAR_COMBINATION,LINEAR_COMBINATION,10,1.010061264038086,False
1,-1,0.19593413174152374,e5bdbb5dc2c519a2bd0141c56bc4498b50e7c5d2dac1659feacf3547464379eb,1.2287684679031372,True,VREX,LINEAR_COMBINATION,LINEAR_COMBINATION,u006,LINEAR_COMBINATION,LINEAR_COMBINATION,True,LINEAR_COMBINATION,LINEAR_COMBINATION,10,0.950535774230957,False
5,-1,1.3351205587387085,255be05e7444491de1140879918518602116cd0fe698dc35c661cf83c6e022d8,10.443833351135254,True,VREX,LINEAR_COMBINATION,LINEAR_COMBINATION,u006,LINEAR_COMBINATION,LINEAR_COMBINATION,True,LINEAR_COMBINATION,LINEAR_COMBINATION,10,8.123628616333008,False
20,-1,4.0708818435668945,aed9914ebb76c2e0ba46e6287c3657eea1bc81d586a45c773c11feaebbb350eb,9.711869239807129,True,VREX,LINEAR_COMBINATION,LINEAR_COMBINATION,u006,LINEAR_COMBINATION,LINEAR_COMBINATION,True,LINEAR_COMBINATION,LINEAR_COMBINATION,10,7.962850570678711,False
1,-1,0.002419044729322195,e5bdbb5dc2c519a2bd0141c56bc4498b50e7c5d2dac1659feacf3547464379eb,0.006557348649948835,True,VREX,LINEAR_COMBINATION,LINEAR_COMBINATION,u007,LINEAR_COMBINATION,LINEAR_COMBINATION,True,LINEAR_COMBINATION,LINEAR_COMBINATION,10,0.0057247779332101345,False
5,-1,0.01620960794389248,255be05e7444491de1140879918518602116cd0fe698dc35c661cf83c6e022d8,0.08087893575429916,True,VREX,LINEAR_COMBINATION,LINEAR_COMBINATION,u007,LINEAR_COMBINATION,LINEAR_COMBINATION,True,LINEAR_COMBINATION,LINEAR_COMBINATION,10,0.05883243307471275,False
20,-1,0.39394205808639526,aed9914ebb76c2e0ba46e6287c3657eea1bc81d586a45c773c11feaebbb350eb,0.8185855746269226,True,VREX,LINEAR_COMBINATION,LINEAR_COMBINATION,u007,LINEAR_COMBINATION,LINEAR_COMBINATION,True,LINEAR_COMBINATION,LINEAR_COMBINATION,10,0.714221179485321,False
1,-1,0.002419044729322195,e5bdbb5dc2c519a2bd0141c56bc4498b50e7c5d2dac1659feacf3547464379eb,0.006557348649948835,True,VREX,LINEAR_COMBINATION,LINEAR_COMBINATION,u008,LINEAR_COMBINATION,LINEAR_COMBINATION,True,LINEAR_COMBINATION,LINEAR_COMBINATION,10,0.0057247779332101345,False
5,-1,0.01620960794389248,255be05e7444491de1140879918518602116cd0fe698dc35c661cf83c6e022d8,0.08087893575429916,True,VREX,LINEAR_COMBINATION,LINEAR_COMBINATION,u008,LINEAR_COMBINATION,LINEAR_COMBINATION,True,LINEAR_COMBINATION,LINEAR_COMBINATION,10,0.05883243307471275,False
20,-1,0.39394205808639526,aed9914ebb76c2e0ba46e6287c3657eea1bc81d586a45c773c11feaebbb350eb,0.8185855746269226,True,VREX,LINEAR_COMBINATION,LINEAR_COMBINATION,u008,LINEAR_COMBINATION,LINEAR_COMBINATION,True,LINEAR_COMBINATION,LINEAR_COMBINATION,10,0.714221179485321,False
1,-1,0.10284153372049332,e5bdbb5dc2c519a2bd0141c56bc4498b50e7c5d2dac1659feacf3547464379eb,0.21111537516117096,True,VREX,LINEAR_COMBINATION,LINEAR_COMBINATION,u009,LINEAR_COMBINATION,LINEAR_COMBINATION,True,LINEAR_COMBINATION,LINEAR_COMBINATION,10,0.15902180969715118,False
5,-1,0.42880353331565857,255be05e7444491de1140879918518602116cd0fe698dc35c661cf83c6e022d8,0.8028122186660767,True,VREX,LINEAR_COMBINATION,LINEAR_COMBINATION,u009,LINEAR_COMBINATION,LINEAR_COMBINATION,True,LINEAR_COMBINATION,LINEAR_COMBINATION,10,0.6107321977615356,False
20,-1,4.016230583190918,aed9914ebb76c2e0ba46e6287c3657eea1bc81d586a45c773c11feaebbb350eb,6.535242557525635,True,VREX,LINEAR_COMBINATION,LINEAR_COMBINATION,u009,LINEAR_COMBINATION,LINEAR_COMBINATION,True,LINEAR_COMBINATION,LINEAR_COMBINATION,10,5.208575248718262,False
1,-1,0.10284153372049332,e5bdbb5dc2c519a2bd0141c56bc4498b50e7c5d2dac1659feacf3547464379eb,0.21111537516117096,True,VREX,LINEAR_COMBINATION,LINEAR_COMBINATION,u010,LINEAR_COMBINATION,LINEAR_COMBINATION,True,LINEAR_COMBINATION,LINEAR_COMBINATION,10,0.15902180969715118,False
5,-1,0.42880353331565857,255be05e7444491de1140879918518602116cd0fe698dc35c661cf83c6e022d8,0.8028122186660767,True,VREX,LINEAR_COMBINATION,LINEAR_COMBINATION,u010,LINEAR_COMBINATION,LINEAR_COMBINATION,True,LINEAR_COMBINATION,LINEAR_COMBINATION,10,0.6107321977615356,False
20,-1,4.016230583190918,aed9914ebb76c2e0ba46e6287c3657eea1bc81d586a45c773c11feaebbb350eb,6.535242557525635,True,VREX,LINEAR_COMBINATION,LINEAR_COMBINATION,u010,LINEAR_COMBINATION,LINEAR_COMBINATION,True,LINEAR_COMBINATION,LINEAR_COMBINATION,10,5.208575248718262,False
1,0,0.9765692353248596,a77d5848289b942386b0bbdcdea4eb0f770ca1107b07edb733eba331dee56f73,18.67323875427246,True,CORAL,593aa87db8c385ad1c73297b90b52d94c7780c7a158d9d989fb37375a56a57f9,b294da5a9210bab522c957d967e8c0724fc9ed9058be118c74a34634eff07797,u000,5bed55c37cd3cced75f9706138a44d46473f9b8b3ab1cba2d6dde7bb4d1faf70,69556d4dc44fe553b2753b120ebf032037a29726af7816545d13a05061852b2f,True,5bed55c37cd3cced75f9706138a44d46473f9b8b3ab1cba2d6dde7bb4d1faf70,69556d4dc44fe553b2753b120ebf032037a29726af7816545d13a05061852b2f,10,13.244790077209473,False
5,0,19.960561752319336,5c7b72a0c4ac1fdb333d8176b3ed214370c98ca9f9ec99ee28f31ff63f06c983,168.65304565429688,True,CORAL,bb7a3509dde7658bbe59591fdf74ec07ace83b65878cc808e6a79bcdceae069c,c9c3367633cacb3138b292701dd02ec02607b1006b73fc3687b18cbc578d12df,u000,c5bddc4d1728f77f00000d674868167c70fbd3f2b9e39b2a5a47f95f4c1c87e4,682ce5ed02aa1b19961b5b06dec2db07863440cf8cb77b1d08ce739fbf8a9992,True,c5bddc4d1728f77f00000d674868167c70fbd3f2b9e39b2a5a47f95f4c1c87e4,682ce5ed02aa1b19961b5b06dec2db07863440cf8cb77b1d08ce739fbf8a9992,10,119.50859069824219,False
20,0,25.98021697998047,759fbfe08170afaba57dbbf525f1d8e7d6a79b000c822d50fd24d2d17bcaf730,155.83543395996094,True,CORAL,811dacab4f18fba1332639811922b36e83ab060ad76a80460c011f040b0732ff,a9fdc11594a3bea1736145146bbc862380226113abda71223022a84871639095,u000,94f804ebc5ef539864256603c185e2500163189d386bdbc3d110ef533adc89ba,2c7954b96b7d687919324344d4a6d764a5a8e264d934c78e9d1f5d5ecdbe48a3,True,94f804ebc5ef539864256603c185e2500163189d386bdbc3d110ef533adc89ba,2c7954b96b7d687919324344d4a6d764a5a8e264d934c78e9d1f5d5ecdbe48a3,10,109.5615005493164,False
1,1,1.5894410610198975,a77d5848289b942386b0bbdcdea4eb0f770ca1107b07edb733eba331dee56f73,18.625905990600586,True,CORAL,1030f73b563fbe88b6653738b3ec1096a1527f53d795379c65c131f987cabae3,9af79bcb4355ca37ff284eaf5f41f11e25a11905e27bc7a49a103f27b52c58fb,u001,134a019fe2d23a05abb2825d0d5cfe4a4dbc6c570effbc4e5cd2084613f6c624,fa4f1364dfb9ebffbb6ccbfd59a0ae977998b4e17425cd14b0daf91c5e7e73de,True,134a019fe2d23a05abb2825d0d5cfe4a4dbc6c570effbc4e5cd2084613f6c624,fa4f1364dfb9ebffbb6ccbfd59a0ae977998b4e17425cd14b0daf91c5e7e73de,10,13.13197135925293,False
5,1,19.305587768554688,5c7b72a0c4ac1fdb333d8176b3ed214370c98ca9f9ec99ee28f31ff63f06c983,168.4021759033203,True,CORAL,5ef6adb919f1fe8e16ceaf6c3764d4c6d6985d3dbe85995c833f4e8f588b0fbb,38658601d2392403483a9d51105f58d7205196b9679da4ac7d30a79795e41b84,u001,45b3b5e3690f1efb55a7f014a87594eb0b0505af4122181648850ab2b8e57589,a80bedd29b4cd69f9b9f31759c515b10b50ab33d104a53d8db2c2e5875bc43b7,True,45b3b5e3690f1efb55a7f014a87594eb0b0505af4122181648850ab2b8e57589,a80bedd29b4cd69f9b9f31759c515b10b50ab33d104a53d8db2c2e5875bc43b7,10,119.1904296875,False
20,1,26.610280990600586,759fbfe08170afaba57dbbf525f1d8e7d6a79b000c822d50fd24d2d17bcaf730,155.21676635742188,True,CORAL,dc34389fff4a3914e2f6fdad60eb80632b549c88a2e8fa4691404ee9cc4df391,79848609ea357ae4923548ce70a3218bbd7154245948f5ac7ac24052d9d91bc1,u001,0832fafbd696eaa48fc7450cc9198ab94fa55218fbddc01d8a46393174ea06f5,c7e533479ee391590a32ebd3268294747458c32d716b3fb4d9fb3b9f63d92a82,True,0832fafbd696eaa48fc7450cc9198ab94fa55218fbddc01d8a46393174ea06f5,c7e533479ee391590a32ebd3268294747458c32d716b3fb4d9fb3b9f63d92a82,10,108.8719253540039,False
1,2,0.0,a77d5848289b942386b0bbdcdea4eb0f770ca1107b07edb733eba331dee56f73,0.0,True,CORAL,LINEAR_COMBINATION,LINEAR_COMBINATION,u002,LINEAR_COMBINATION,LINEAR_COMBINATION,True,LINEAR_COMBINATION,LINEAR_COMBINATION,10,0.0,False
5,2,0.0,5c7b72a0c4ac1fdb333d8176b3ed214370c98ca9f9ec99ee28f31ff63f06c983,0.0,True,CORAL,LINEAR_COMBINATION,LINEAR_COMBINATION,u002,LINEAR_COMBINATION,LINEAR_COMBINATION,True,LINEAR_COMBINATION,LINEAR_COMBINATION,10,0.0,False
20,2,0.0,759fbfe08170afaba57dbbf525f1d8e7d6a79b000c822d50fd24d2d17bcaf730,0.0,True,CORAL,LINEAR_COMBINATION,LINEAR_COMBINATION,u002,LINEAR_COMBINATION,LINEAR_COMBINATION,True,LINEAR_COMBINATION,LINEAR_COMBINATION,10,0.0,False
1,3,1.3754281997680664,a77d5848289b942386b0bbdcdea4eb0f770ca1107b07edb733eba331dee56f73,6.087560176849365,True,CORAL,f5d9f67e71d085a80e01a628564139a21bee88dbc685fde2d27534b5a053f933,26d07a634d5e9d5d60a891fd84d9617516e555200b8a35ad7da459c5a1acd39a,u003,baa52591af4cbb24e719c0cdd97934c6dfd921ab463c3fa0695246ac06202942,b3b0f6fc8ebfbb1312a39b20b159be27e3a65e8ae3b6c3f94f06fdeae4971f8a,True,baa52591af4cbb24e719c0cdd97934c6dfd921ab463c3fa0695246ac06202942,b3b0f6fc8ebfbb1312a39b20b159be27e3a65e8ae3b6c3f94f06fdeae4971f8a,10,3.3208372592926025,False
5,3,15.933269500732422,5c7b72a0c4ac1fdb333d8176b3ed214370c98ca9f9ec99ee28f31ff63f06c983,55.19892883300781,True,CORAL,8f4716562070eb3474909b4e36eb1dc228b9d88d4d56e2d98f9b250b2e3758e0,c5e91eaaba132715da92d1d79e2342f148fdb2fc0adf74aafecda9093e77a1d1,u003,83c58d2deb0371d05532ac0396628b0098b6f0baf875d1e4cca38c7a872a6523,6aefb70a966a06b3c523bf5c53269c39d16e519051188075d192600559fdad21,True,83c58d2deb0371d05532ac0396628b0098b6f0baf875d1e4cca38c7a872a6523,6aefb70a966a06b3c523bf5c53269c39d16e519051188075d192600559fdad21,10,25.265796661376953,False
20,3,75.92706298828125,759fbfe08170afaba57dbbf525f1d8e7d6a79b000c822d50fd24d2d17bcaf730,128.40914916992188,True,CORAL,e7a89bff27f56c77d757357d6d0f2cc3113b0fe74bd8fd4f8ba94bf442bdb97a,27f7df594147d084b20bf6a40e25a47f7aa4dd276dfc4e44ac4a948ad8307046,u003,1f21eb2bce75300fa8fb09df325112f79dc574994f2a52409ce8dfc8bce87365,32192398400857c943229d5844eaa47cf5d1c460a0183b811b9fd4d49f699bf6,True,1f21eb2bce75300fa8fb09df325112f79dc574994f2a52409ce8dfc8bce87365,32192398400857c943229d5844eaa47cf5d1c460a0183b811b9fd4d49f699bf6,10,78.24031829833984,False
1,4,0.0,a77d5848289b942386b0bbdcdea4eb0f770ca1107b07edb733eba331dee56f73,0.0,True,CORAL,LINEAR_COMBINATION,LINEAR_COMBINATION,u004,LINEAR_COMBINATION,LINEAR_COMBINATION,True,LINEAR_COMBINATION,LINEAR_COMBINATION,10,0.0,False
5,4,0.0,5c7b72a0c4ac1fdb333d8176b3ed214370c98ca9f9ec99ee28f31ff63f06c983,0.0,True,CORAL,LINEAR_COMBINATION,LINEAR_COMBINATION,u004,LINEAR_COMBINATION,LINEAR_COMBINATION,True,LINEAR_COMBINATION,LINEAR_COMBINATION,10,0.0,False
20,4,0.0,759fbfe08170afaba57dbbf525f1d8e7d6a79b000c822d50fd24d2d17bcaf730,0.0,True,CORAL,LINEAR_COMBINATION,LINEAR_COMBINATION,u004,LINEAR_COMBINATION,LINEAR_COMBINATION,True,LINEAR_COMBINATION,LINEAR_COMBINATION,10,0.0,False
1,-1,1.7638331651687622,a77d5848289b942386b0bbdcdea4eb0f770ca1107b07edb733eba331dee56f73,26.36370086669922,True,CORAL,LINEAR_COMBINATION,LINEAR_COMBINATION,u005,LINEAR_COMBINATION,LINEAR_COMBINATION,True,LINEAR_COMBINATION,LINEAR_COMBINATION,10,18.644729614257812,False
5,-1,27.756303787231445,5c7b72a0c4ac1fdb333d8176b3ed214370c98ca9f9ec99ee28f31ff63f06c983,238.32582092285156,True,CORAL,LINEAR_COMBINATION,LINEAR_COMBINATION,u005,LINEAR_COMBINATION,LINEAR_COMBINATION,True,LINEAR_COMBINATION,LINEAR_COMBINATION,10,168.78236389160156,False
20,-1,37.10874557495117,759fbfe08170afaba57dbbf525f1d8e7d6a79b000c822d50fd24d2d17bcaf730,219.8387451171875,True,CORAL,LINEAR_COMBINATION,LINEAR_COMBINATION,u005,LINEAR_COMBINATION,LINEAR_COMBINATION,True,LINEAR_COMBINATION,LINEAR_COMBINATION,10,154.38990783691406,False
1,-1,0.6073732376098633,a77d5848289b942386b0bbdcdea4eb0f770ca1107b07edb733eba331dee56f73,0.7547281384468079,True,CORAL,LINEAR_COMBINATION,LINEAR_COMBINATION,u006,LINEAR_COMBINATION,LINEAR_COMBINATION,True,LINEAR_COMBINATION,LINEAR_COMBINATION,10,0.49723348021507263,False
5,-1,0.8468472361564636,5c7b72a0c4ac1fdb333d8176b3ed214370c98ca9f9ec99ee28f31ff63f06c983,1.9842443466186523,True,CORAL,LINEAR_COMBINATION,LINEAR_COMBINATION,u006,LINEAR_COMBINATION,LINEAR_COMBINATION,True,LINEAR_COMBINATION,LINEAR_COMBINATION,10,1.0824534893035889,False
20,-1,2.453462600708008,759fbfe08170afaba57dbbf525f1d8e7d6a79b000c822d50fd24d2d17bcaf730,6.9172844886779785,True,CORAL,LINEAR_COMBINATION,LINEAR_COMBINATION,u006,LINEAR_COMBINATION,LINEAR_COMBINATION,True,LINEAR_COMBINATION,LINEAR_COMBINATION,10,4.536458969116211,False
1,-1,1.247218370437622,a77d5848289b942386b0bbdcdea4eb0f770ca1107b07edb733eba331dee56f73,18.641952514648438,True,CORAL,LINEAR_COMBINATION,LINEAR_COMBINATION,u007,LINEAR_COMBINATION,LINEAR_COMBINATION,True,LINEAR_COMBINATION,LINEAR_COMBINATION,10,13.183815002441406,False
5,-1,19.626670837402344,5c7b72a0c4ac1fdb333d8176b3ed214370c98ca9f9ec99ee28f31ff63f06c983,168.5218048095703,True,CORAL,LINEAR_COMBINATION,LINEAR_COMBINATION,u007,LINEAR_COMBINATION,LINEAR_COMBINATION,True,LINEAR_COMBINATION,LINEAR_COMBINATION,10,119.34715270996094,False
20,-1,26.23984718322754,759fbfe08170afaba57dbbf525f1d8e7d6a79b000c822d50fd24d2d17bcaf730,155.44947814941406,True,CORAL,LINEAR_COMBINATION,LINEAR_COMBINATION,u007,LINEAR_COMBINATION,LINEAR_COMBINATION,True,LINEAR_COMBINATION,LINEAR_COMBINATION,10,109.17015075683594,False
1,-1,1.247218370437622,a77d5848289b942386b0bbdcdea4eb0f770ca1107b07edb733eba331dee56f73,18.641952514648438,True,CORAL,LINEAR_COMBINATION,LINEAR_COMBINATION,u008,LINEAR_COMBINATION,LINEAR_COMBINATION,True,LINEAR_COMBINATION,LINEAR_COMBINATION,10,13.183815002441406,False
5,-1,19.626670837402344,5c7b72a0c4ac1fdb333d8176b3ed214370c98ca9f9ec99ee28f31ff63f06c983,168.5218048095703,True,CORAL,LINEAR_COMBINATION,LINEAR_COMBINATION,u008,LINEAR_COMBINATION,LINEAR_COMBINATION,True,LINEAR_COMBINATION,LINEAR_COMBINATION,10,119.34715270996094,False
20,-1,26.23984718322754,759fbfe08170afaba57dbbf525f1d8e7d6a79b000c822d50fd24d2d17bcaf730,155.44947814941406,True,CORAL,LINEAR_COMBINATION,LINEAR_COMBINATION,u008,LINEAR_COMBINATION,LINEAR_COMBINATION,True,LINEAR_COMBINATION,LINEAR_COMBINATION,10,109.17015075683594,False
1,-1,0.9725745916366577,a77d5848289b942386b0bbdcdea4eb0f770ca1107b07edb733eba331dee56f73,4.3045549392700195,True,CORAL,LINEAR_COMBINATION,LINEAR_COMBINATION,u009,LINEAR_COMBINATION,LINEAR_COMBINATION,True,LINEAR_COMBINATION,LINEAR_COMBINATION,10,2.348186492919922,False
5,-1,11.266522407531738,5c7b72a0c4ac1fdb333d8176b3ed214370c98ca9f9ec99ee28f31ff63f06c983,39.03153610229492,True,CORAL,LINEAR_COMBINATION,LINEAR_COMBINATION,u009,LINEAR_COMBINATION,LINEAR_COMBINATION,True,LINEAR_COMBINATION,LINEAR_COMBINATION,10,17.865615844726562,False
20,-1,53.68853759765625,759fbfe08170afaba57dbbf525f1d8e7d6a79b000c822d50fd24d2d17bcaf730,90.79898071289062,True,CORAL,LINEAR_COMBINATION,LINEAR_COMBINATION,u009,LINEAR_COMBINATION,LINEAR_COMBINATION,True,LINEAR_COMBINATION,LINEAR_COMBINATION,10,55.32426071166992,False
1,-1,0.9725745916366577,a77d5848289b942386b0bbdcdea4eb0f770ca1107b07edb733eba331dee56f73,4.3045549392700195,True,CORAL,LINEAR_COMBINATION,LINEAR_COMBINATION,u010,LINEAR_COMBINATION,LINEAR_COMBINATION,True,LINEAR_COMBINATION,LINEAR_COMBINATION,10,2.348186492919922,False
5,-1,11.266522407531738,5c7b72a0c4ac1fdb333d8176b3ed214370c98ca9f9ec99ee28f31ff63f06c983,39.03153610229492,True,CORAL,LINEAR_COMBINATION,LINEAR_COMBINATION,u010,LINEAR_COMBINATION,LINEAR_COMBINATION,True,LINEAR_COMBINATION,LINEAR_COMBINATION,10,17.865615844726562,False
20,-1,53.68853759765625,759fbfe08170afaba57dbbf525f1d8e7d6a79b000c822d50fd24d2d17bcaf730,90.79898071289062,True,CORAL,LINEAR_COMBINATION,LINEAR_COMBINATION,u010,LINEAR_COMBINATION,LINEAR_COMBINATION,True,LINEAR_COMBINATION,LINEAR_COMBINATION,10,55.32426071166992,False
1,0,0.8602547645568848,12e948bc7477991215667a9da0edcc8ffd00f557e380aaa6cea4e9d315154a6d,17.599197387695312,True,ERM,4f81ffd1f330aafe6d8bdb919c63bf134f85a16a4f0bb0d956b374a0685b008d,675ca99421adfbf906891b36faa43a7699aa682715423d8db13ecb9423336310,u000,a1c829e4c14eb989d50d42305cbd26e6433be11fb996a2ebe721e72432cf8f0a,8113b9df0c2580c1f7af2e65940d84dd32acbf91ef9a021a20d5d390d483cdbf,True,a1c829e4c14eb989d50d42305cbd26e6433be11fb996a2ebe721e72432cf8f0a,8113b9df0c2580c1f7af2e65940d84dd32acbf91ef9a021a20d5d390d483cdbf,11,12.243035316467285,False
5,0,8.354479789733887,d48bd1e28f53732758c807fcf192946ac091ad0e23a2a3fc1d41417753500eba,155.77719116210938,True,ERM,527b2852a93dc7a779421f9612c74efea56fc7f57ee6462e2b1ffff601f49d69,5eafdc6d1f1aee86f0226f47c248f559c55a7da8067aee837c118a25f5b686c4,u000,9653f8071cda1d502fe1d6e39bca60016ccfb9ab17fd854b7792fac44edc8cf2,a7d69b9b0892e5d1808a7912b1aa9b3742aadcaac5ccdf8f499a0262ab5622de,True,9653f8071cda1d502fe1d6e39bca60016ccfb9ab17fd854b7792fac44edc8cf2,a7d69b9b0892e5d1808a7912b1aa9b3742aadcaac5ccdf8f499a0262ab5622de,11,109.22747039794922,False
20,0,11.755237579345703,e5e3befc60db32efe8a882ae064ec6b50deabf75e5ef8453c41f48bb648a1a2d,122.83686828613281,True,ERM,be34b2ccb79161e6b01b5ef4ff34e65540cd3027e3f5b4065eab2f87141d9684,dc6fd11ea42632272665d852c9af9e0a32acce65760b259c40308847703cad65,u000,4ff682e0e852bf091f469e6f66c99aad874cc6354fc7f6a98866d237ebd2ffaa,8867ae6cbeea4a3435c1fe4a608c46e58b743a781965662a6b696dfab01d3541,True,4ff682e0e852bf091f469e6f66c99aad874cc6354fc7f6a98866d237ebd2ffaa,8867ae6cbeea4a3435c1fe4a608c46e58b743a781965662a6b696dfab01d3541,11,89.87531280517578,False
1,1,0.8313707113265991,12e948bc7477991215667a9da0edcc8ffd00f557e380aaa6cea4e9d315154a6d,17.15793228149414,True,ERM,fdc72221dee37382113b9cccde54c94db7cf8a559b4f3089fba0f0598f4b3fcf,9861fa97db9c5b554e8b063793729f6fe2d93138e555e600256ce30c627cf03d,u001,dd61299000c43a1f2af53dac8ebf1389ad03657b9df3a93f1afd86ea66371288,967337cb92eca2e6ecd4f38a51bd2e1683f9841db6f2c9ecc33fbeef724e7e36,True,dd61299000c43a1f2af53dac8ebf1389ad03657b9df3a93f1afd86ea66371288,967337cb92eca2e6ecd4f38a51bd2e1683f9841db6f2c9ecc33fbeef724e7e36,11,12.079285621643066,False
5,1,7.412307262420654,d48bd1e28f53732758c807fcf192946ac091ad0e23a2a3fc1d41417753500eba,154.45184326171875,True,ERM,cd739274b9896cfe30a34ef6f1aa2c016211d2b1fdc74692f6744f3940704099,5f59f814e59ab18c364974c5320561fc8855594126b9d2e179cb4f40de10c556,u001,79ef0ad2ce8d517840015cbf7e54c464c1d7a108df8fc4c5a61c87489feb1721,fbbc413a57764c1b27cca00a1a98fbb5dd280f3aab7aef4a7a83ddc3ef4f6242,True,79ef0ad2ce8d517840015cbf7e54c464c1d7a108df8fc4c5a61c87489feb1721,fbbc413a57764c1b27cca00a1a98fbb5dd280f3aab7aef4a7a83ddc3ef4f6242,11,109.20325469970703,False
20,1,17.26946449279785,e5e3befc60db32efe8a882ae064ec6b50deabf75e5ef8453c41f48bb648a1a2d,121.30683898925781,True,ERM,4337984fe6ba0d8aea8aeefc45ec28b4ea3ef79c8359a28627507df3a6623c8d,97fe936c852b0f0fd871b620e7bf02a91fecd9cc696e4356c37a6297a7757507,u001,2f94ae8e1819a17b5c30c2bcafe17c5423869bfc65fe66cf3c4c98e28ba1997c,757604ee46623dcb3dc1954ce068670fa11ffb5aee4b5d76bdd9b45f83dc413c,True,2f94ae8e1819a17b5c30c2bcafe17c5423869bfc65fe66cf3c4c98e28ba1997c,757604ee46623dcb3dc1954ce068670fa11ffb5aee4b5d76bdd9b45f83dc413c,11,91.06040954589844,False
1,2,0.0,12e948bc7477991215667a9da0edcc8ffd00f557e380aaa6cea4e9d315154a6d,0.0,True,ERM,LINEAR_COMBINATION,LINEAR_COMBINATION,u002,LINEAR_COMBINATION,LINEAR_COMBINATION,True,LINEAR_COMBINATION,LINEAR_COMBINATION,11,0.0,False
5,2,0.0,d48bd1e28f53732758c807fcf192946ac091ad0e23a2a3fc1d41417753500eba,0.0,True,ERM,LINEAR_COMBINATION,LINEAR_COMBINATION,u002,LINEAR_COMBINATION,LINEAR_COMBINATION,True,LINEAR_COMBINATION,LINEAR_COMBINATION,11,0.0,False
20,2,0.0,e5e3befc60db32efe8a882ae064ec6b50deabf75e5ef8453c41f48bb648a1a2d,0.0,True,ERM,LINEAR_COMBINATION,LINEAR_COMBINATION,u002,LINEAR_COMBINATION,LINEAR_COMBINATION,True,LINEAR_COMBINATION,LINEAR_COMBINATION,11,0.0,False
1,3,1.2748134136199951,12e948bc7477991215667a9da0edcc8ffd00f557e380aaa6cea4e9d315154a6d,5.600222110748291,True,ERM,b83582c6bbd7cce443cd3b236f68abe06bd997143a2fef0eee528841a68b1435,6f6971a9b6acd1e6dedca762d9a40491e1da9c9d5d9a80ddea10ba0be30c93e6,u003,75875dcc77ab8fbb3052036cb1becdc8710eb85652ec1a04044a80e3e224a93a,7f1e2f87676ad2f21162cc38ea5b71e72d136ca798f89ca50b6badedc5a86481,True,75875dcc77ab8fbb3052036cb1becdc8710eb85652ec1a04044a80e3e224a93a,7f1e2f87676ad2f21162cc38ea5b71e72d136ca798f89ca50b6badedc5a86481,11,2.8055341243743896,False
5,3,16.055938720703125,d48bd1e28f53732758c807fcf192946ac091ad0e23a2a3fc1d41417753500eba,52.38932800292969,True,ERM,87d83c522169cd24d1e27508a80be21da17def5ceeb8131936024ffc5ebe8f08,2aa7dda77da9d37e12fc1ee9010d7f3ceae182e9ebd25941cda297d849b8facc,u003,1e76d9b46c2efb5e1b370dc2f351c030f12208cd2d51586ac698271db5ecb095,675769e6d53528bdbbb44ccab304690f387bd8945c0cc50e90ed0429b2046e0c,True,1e76d9b46c2efb5e1b370dc2f351c030f12208cd2d51586ac698271db5ecb095,675769e6d53528bdbbb44ccab304690f387bd8945c0cc50e90ed0429b2046e0c,11,24.48585319519043,False
20,3,80.35657501220703,e5e3befc60db32efe8a882ae064ec6b50deabf75e5ef8453c41f48bb648a1a2d,129.6600799560547,True,ERM,351148b69d3c6c10c6e5471e5eddb4830af900a490120c655b1338fdea29e88e,57ba2cce3e43079ed3d0864301670489449647ae250a03d19296ca7c75df0bb7,u003,01a3087e386c73d6120ee0bfe89db2a7b986538cc7eb7b5516244616b631276b,3163bf0cc0690f8332f7db3904e025718ebbab968e4c732f3ada54b96e54d9d7,True,01a3087e386c73d6120ee0bfe89db2a7b986538cc7eb7b5516244616b631276b,3163bf0cc0690f8332f7db3904e025718ebbab968e4c732f3ada54b96e54d9d7,11,98.85243225097656,False
1,4,0.0,12e948bc7477991215667a9da0edcc8ffd00f557e380aaa6cea4e9d315154a6d,0.0,True,ERM,LINEAR_COMBINATION,LINEAR_COMBINATION,u004,LINEAR_COMBINATION,LINEAR_COMBINATION,True,LINEAR_COMBINATION,LINEAR_COMBINATION,11,0.0,False
5,4,0.0,d48bd1e28f53732758c807fcf192946ac091ad0e23a2a3fc1d41417753500eba,0.0,True,ERM,LINEAR_COMBINATION,LINEAR_COMBINATION,u004,LINEAR_COMBINATION,LINEAR_COMBINATION,True,LINEAR_COMBINATION,LINEAR_COMBINATION,11,0.0,False
20,4,0.0,e5e3befc60db32efe8a882ae064ec6b50deabf75e5ef8453c41f48bb648a1a2d,0.0,True,ERM,LINEAR_COMBINATION,LINEAR_COMBINATION,u004,LINEAR_COMBINATION,LINEAR_COMBINATION,True,LINEAR_COMBINATION,LINEAR_COMBINATION,11,0.0,False
1,-1,1.1923006772994995,12e948bc7477991215667a9da0edcc8ffd00f557e380aaa6cea4e9d315154a6d,24.574113845825195,True,ERM,LINEAR_COMBINATION,LINEAR_COMBINATION,u005,LINEAR_COMBINATION,LINEAR_COMBINATION,True,LINEAR_COMBINATION,LINEAR_COMBINATION,11,17.19671630859375,False
5,-1,11.050817489624023,d48bd1e28f53732758c807fcf192946ac091ad0e23a2a3fc1d41417753500eba,219.34571838378906,True,ERM,LINEAR_COMBINATION,LINEAR_COMBINATION,u005,LINEAR_COMBINATION,LINEAR_COMBINATION,True,LINEAR_COMBINATION,LINEAR_COMBINATION,11,154.44351196289062,False
20,-1,20.319805145263672,e5e3befc60db32efe8a882ae064ec6b50deabf75e5ef8453c41f48bb648a1a2d,172.44345092773438,True,ERM,LINEAR_COMBINATION,LINEAR_COMBINATION,u005,LINEAR_COMBINATION,LINEAR_COMBINATION,True,LINEAR_COMBINATION,LINEAR_COMBINATION,11,127.8327407836914,False
1,-1,0.09815653413534164,12e948bc7477991215667a9da0edcc8ffd00f557e380aaa6cea4e9d315154a6d,0.4892861247062683,True,ERM,LINEAR_COMBINATION,LINEAR_COMBINATION,u006,LINEAR_COMBINATION,LINEAR_COMBINATION,True,LINEAR_COMBINATION,LINEAR_COMBINATION,11,0.2721607983112335,False
5,-1,1.618349313735962,d48bd1e28f53732758c807fcf192946ac091ad0e23a2a3fc1d41417753500eba,3.0597050189971924,True,ERM,LINEAR_COMBINATION,LINEAR_COMBINATION,u006,LINEAR_COMBINATION,LINEAR_COMBINATION,True,LINEAR_COMBINATION,LINEAR_COMBINATION,11,1.786373496055603,False
20,-1,4.850310802459717,e5e3befc60db32efe8a882ae064ec6b50deabf75e5ef8453c41f48bb648a1a2d,8.216316223144531,True,ERM,LINEAR_COMBINATION,LINEAR_COMBINATION,u006,LINEAR_COMBINATION,LINEAR_COMBINATION,True,LINEAR_COMBINATION,LINEAR_COMBINATION,11,5.3257293701171875,False
1,-1,0.843083918094635,12e948bc7477991215667a9da0edcc8ffd00f557e380aaa6cea4e9d315154a6d,17.376522064208984,True,ERM,LINEAR_COMBINATION,LINEAR_COMBINATION,u007,LINEAR_COMBINATION,LINEAR_COMBINATION,True,LINEAR_COMBINATION,LINEAR_COMBINATION,11,12.159914016723633,False
5,-1,7.814108371734619,d48bd1e28f53732758c807fcf192946ac091ad0e23a2a3fc1d41417753500eba,155.10086059570312,True,ERM,LINEAR_COMBINATION,LINEAR_COMBINATION,u007,LINEAR_COMBINATION,LINEAR_COMBINATION,True,LINEAR_COMBINATION,LINEAR_COMBINATION,11,109.20805358886719,False
20,-1,14.36827278137207,e5e3befc60db32efe8a882ae064ec6b50deabf75e5ef8453c41f48bb648a1a2d,121.93592834472656,True,ERM,LINEAR_COMBINATION,LINEAR_COMBINATION,u007,LINEAR_COMBINATION,LINEAR_COMBINATION,True,LINEAR_COMBINATION,LINEAR_COMBINATION,11,90.39139556884766,False
1,-1,0.843083918094635,12e948bc7477991215667a9da0edcc8ffd00f557e380aaa6cea4e9d315154a6d,17.376522064208984,True,ERM,LINEAR_COMBINATION,LINEAR_COMBINATION,u008,LINEAR_COMBINATION,LINEAR_COMBINATION,True,LINEAR_COMBINATION,LINEAR_COMBINATION,11,12.159914016723633,False
5,-1,7.814108371734619,d48bd1e28f53732758c807fcf192946ac091ad0e23a2a3fc1d41417753500eba,155.10086059570312,True,ERM,LINEAR_COMBINATION,LINEAR_COMBINATION,u008,LINEAR_COMBINATION,LINEAR_COMBINATION,True,LINEAR_COMBINATION,LINEAR_COMBINATION,11,109.20805358886719,False
20,-1,14.36827278137207,e5e3befc60db32efe8a882ae064ec6b50deabf75e5ef8453c41f48bb648a1a2d,121.93592834472656,True,ERM,LINEAR_COMBINATION,LINEAR_COMBINATION,u008,LINEAR_COMBINATION,LINEAR_COMBINATION,True,LINEAR_COMBINATION,LINEAR_COMBINATION,11,90.39139556884766,False
1,-1,0.9014291167259216,12e948bc7477991215667a9da0edcc8ffd00f557e380aaa6cea4e9d315154a6d,3.9599547386169434,True,ERM,LINEAR_COMBINATION,LINEAR_COMBINATION,u009,LINEAR_COMBINATION,LINEAR_COMBINATION,True,LINEAR_COMBINATION,LINEAR_COMBINATION,11,1.9838120937347412,False
5,-1,11.353262901306152,d48bd1e28f53732758c807fcf192946ac091ad0e23a2a3fc1d41417753500eba,37.04484939575195,True,ERM,LINEAR_COMBINATION,LINEAR_COMBINATION,u009,LINEAR_COMBINATION,LINEAR_COMBINATION,True,LINEAR_COMBINATION,LINEAR_COMBINATION,11,17.314111709594727,False
20,-1,56.8206787109375,e5e3befc60db32efe8a882ae064ec6b50deabf75e5ef8453c41f48bb648a1a2d,91.68352508544922,True,ERM,LINEAR_COMBINATION,LINEAR_COMBINATION,u009,LINEAR_COMBINATION,LINEAR_COMBINATION,True,LINEAR_COMBINATION,LINEAR_COMBINATION,11,69.89922332763672,False
1,-1,0.9014291167259216,12e948bc7477991215667a9da0edcc8ffd00f557e380aaa6cea4e9d315154a6d,3.9599547386169434,True,ERM,LINEAR_COMBINATION,LINEAR_COMBINATION,u010,LINEAR_COMBINATION,LINEAR_COMBINATION,True,LINEAR_COMBINATION,LINEAR_COMBINATION,11,1.9838120937347412,False
5,-1,11.353262901306152,d48bd1e28f53732758c807fcf192946ac091ad0e23a2a3fc1d41417753500eba,37.04484939575195,True,ERM,LINEAR_COMBINATION,LINEAR_COMBINATION,u010,LINEAR_COMBINATION,LINEAR_COMBINATION,True,LINEAR_COMBINATION,LINEAR_COMBINATION,11,17.314111709594727,False
20,-1,56.8206787109375,e5e3befc60db32efe8a882ae064ec6b50deabf75e5ef8453c41f48bb648a1a2d,91.68352508544922,True,ERM,LINEAR_COMBINATION,LINEAR_COMBINATION,u010,LINEAR_COMBINATION,LINEAR_COMBINATION,True,LINEAR_COMBINATION,LINEAR_COMBINATION,11,69.89922332763672,False
1,0,0.003454664722084999,c95e07f0c66dbcd64a6e1cf461dfb43e5b9218e54a70b206b183eacb190514f7,0.06718500703573227,True,IRMv1,49c382406898f95b7ca0b5196c1f3913594b981038c1d9a58fb8a13116d86df9,0aa7b179e3a243e21e8aefd8909a799dc319fc84a33d28b2580eeff78d1a74a0,u000,29b4c5257da9023cdaa2b4ca0687d3add8ca67b260a7f3468599fc94226316e0,725ec812e277b5645e2fe1baa408df4a5c1edca23b2af8b0acdd08f7db28c9ff,True,29b4c5257da9023cdaa2b4ca0687d3add8ca67b260a7f3468599fc94226316e0,725ec812e277b5645e2fe1baa408df4a5c1edca23b2af8b0acdd08f7db28c9ff,11,0.05542659014463425,False
5,0,0.05222507193684578,7c309a12da4208b9ba567ad6160c67443f4f7824fb8286045fabf477f4c9a608,1.0284614562988281,True,IRMv1,bae979609a5e9f9415e9fdca0532761c832a03a199325ffbd838c9a6cbd45a11,60baf9e8f67b89d556a08e7816534d33e6200f3521b69423db795a7d4a6e6a62,u000,824692dedb1959f9017dc4f19880e4f485f36875b2ab933bb4151f45feebcc81,09394f46ec03ea5fdb631bfcc451f5c0409a41d3a1b4513fcb1d9c2a5231a229,True,824692dedb1959f9017dc4f19880e4f485f36875b2ab933bb4151f45feebcc81,09394f46ec03ea5fdb631bfcc451f5c0409a41d3a1b4513fcb1d9c2a5231a229,11,0.8192648887634277,False
20,0,0.2615344822406769,7d071ded0c22ce82406177ffb19036f87c89aca0423875214aebeac9f861853e,3.3422439098358154,True,IRMv1,495774eeb14d3b11784f7bfef2d6fcdcee9d80949a7b4da4686ae97a6c02283e,0402aef1af44a87ea2ce0f5de0380c7b6edd072aa1dcc38f1a2403fd2e6d26aa,u000,9c6eaed41c63e0208241a6ddcca974b8c3f2419ad3cbf47de5700274fdb6e76c,31099a2e085d0d588a8d05a41af3d798238cd630e499d834310b5c5c70d5299c,True,9c6eaed41c63e0208241a6ddcca974b8c3f2419ad3cbf47de5700274fdb6e76c,31099a2e085d0d588a8d05a41af3d798238cd630e499d834310b5c5c70d5299c,11,2.6193504333496094,False
1,1,0.014368362724781036,c95e07f0c66dbcd64a6e1cf461dfb43e5b9218e54a70b206b183eacb190514f7,0.346456378698349,True,IRMv1,49d6db2a8fd78fa91e31e872962cce19baade92ac8a6e2f2d13e4586d79a426e,429b631f3aec0342abf72d371f49c0f9f4922fba94c894b3b9c97721a163c754,u001,a50be79f1cda54e0766be4d41cc694daa51936c2cd47a8ae3bae4e4d73d5605e,a5d343e4946511878cd669a74cac6e6fdfedc7388ed5df76d96ef0a04ad74cd3,True,a50be79f1cda54e0766be4d41cc694daa51936c2cd47a8ae3bae4e4d73d5605e,a5d343e4946511878cd669a74cac6e6fdfedc7388ed5df76d96ef0a04ad74cd3,11,0.2812493145465851,False
5,1,0.058489833027124405,7c309a12da4208b9ba567ad6160c67443f4f7824fb8286045fabf477f4c9a608,1.5002529621124268,True,IRMv1,5d9ff39edd6dc03f45c659e8d4bf99159d43cf151d8311852b65689d733ba7e2,2231cb8560ee23e70d4a8a6ef0d783524e7e0f95454da0b3fa65056d664a5e8d,u001,a38b96830bf566303f59dfea16d3ac56650aadd3350d7db5a85bf2505b71d519,a0e49c9d7f8b8e3501963797c90e834f704447753b9a07460d371c9f2a5f167c,True,a38b96830bf566303f59dfea16d3ac56650aadd3350d7db5a85bf2505b71d519,a0e49c9d7f8b8e3501963797c90e834f704447753b9a07460d371c9f2a5f167c,11,1.2248008251190186,False
20,1,0.2876236140727997,7d071ded0c22ce82406177ffb19036f87c89aca0423875214aebeac9f861853e,4.779513835906982,True,IRMv1,6a7a334dbf73292194deb465515e9fd05a66916a9e092e694ff2610c1111dcfe,42f6aa76f549d760c3715c0bee3b7c0b26c17c75754cf83089db6acb7c5fd201,u001,12d21a8fd23d7f351e8af992498884f49d12672167ae0a51f1b28f6665522895,6c70a5237b807f9d933d7d98cef55893678bbc2d53aac85adc8f7b6ce3dcdf31,True,12d21a8fd23d7f351e8af992498884f49d12672167ae0a51f1b28f6665522895,6c70a5237b807f9d933d7d98cef55893678bbc2d53aac85adc8f7b6ce3dcdf31,11,3.9536025524139404,False
1,2,0.0,c95e07f0c66dbcd64a6e1cf461dfb43e5b9218e54a70b206b183eacb190514f7,0.0,True,IRMv1,LINEAR_COMBINATION,LINEAR_COMBINATION,u002,LINEAR_COMBINATION,LINEAR_COMBINATION,True,LINEAR_COMBINATION,LINEAR_COMBINATION,11,0.0,False
5,2,0.0,7c309a12da4208b9ba567ad6160c67443f4f7824fb8286045fabf477f4c9a608,0.0,True,IRMv1,LINEAR_COMBINATION,LINEAR_COMBINATION,u002,LINEAR_COMBINATION,LINEAR_COMBINATION,True,LINEAR_COMBINATION,LINEAR_COMBINATION,11,0.0,False
20,2,0.0,7d071ded0c22ce82406177ffb19036f87c89aca0423875214aebeac9f861853e,0.0,True,IRMv1,LINEAR_COMBINATION,LINEAR_COMBINATION,u002,LINEAR_COMBINATION,LINEAR_COMBINATION,True,LINEAR_COMBINATION,LINEAR_COMBINATION,11,0.0,False
1,3,0.5185750722885132,c95e07f0c66dbcd64a6e1cf461dfb43e5b9218e54a70b206b183eacb190514f7,8.237354278564453,True,IRMv1,f7027dd44b7551057fa74607c812874f83f0039d337e3896f8425dff20636c6e,0a25fa2522c785ba61a372be56de6a82b5761cfef99806b6e207df1f3be64286,u003,a2e463be3b075a5cd455f1d6ac6f589cd5320e42d8c60d46bcf89fb3abb85a0e,4ee5749af59f4f9912c6366ee613886ffbe19e11429578defe4b7dae7e353885,True,a2e463be3b075a5cd455f1d6ac6f589cd5320e42d8c60d46bcf89fb3abb85a0e,4ee5749af59f4f9912c6366ee613886ffbe19e11429578defe4b7dae7e353885,11,6.573832988739014,False
5,3,4.07630729675293,7c309a12da4208b9ba567ad6160c67443f4f7824fb8286045fabf477f4c9a608,63.44992446899414,True,IRMv1,d6a612411b578a909eb79b231861ed407a042fbc1e9672aeca4fc8977b5bcfa1,14f8027f3fb290408342f4e85e8e3e5337b25b6f26e053917c500b64638da7c0,u003,d3b416100108a59d2c7fb9bf223f602cfc42f611f3aa7f600ebc7cfec1930363,1ad8c6a0e178d17c259795ac7e964d01ae91989dbccab48f13b9bae90fca8e2e,True,d3b416100108a59d2c7fb9bf223f602cfc42f611f3aa7f600ebc7cfec1930363,1ad8c6a0e178d17c259795ac7e964d01ae91989dbccab48f13b9bae90fca8e2e,11,50.56330871582031,False
20,3,3.7954254150390625,7d071ded0c22ce82406177ffb19036f87c89aca0423875214aebeac9f861853e,58.04319381713867,True,IRMv1,4b855ae225a5dc282047e190f6953a2d848569dfa6f599ec656e659133af21e0,b85e0758723befc49ab10d25efd90e737503e6ea5dac0da773708e7edd176ed2,u003,1a0d936cc56cba04ec65ca79eb1d2c0cf0bd07d2586ca8f3b35d095726b67502,504c78383cd560f6f5a742006c775a675dc1f4ef5e31fca48e801df94089925b,True,1a0d936cc56cba04ec65ca79eb1d2c0cf0bd07d2586ca8f3b35d095726b67502,504c78383cd560f6f5a742006c775a675dc1f4ef5e31fca48e801df94089925b,11,46.01137161254883,False
1,4,0.0,c95e07f0c66dbcd64a6e1cf461dfb43e5b9218e54a70b206b183eacb190514f7,0.0,True,IRMv1,LINEAR_COMBINATION,LINEAR_COMBINATION,u004,LINEAR_COMBINATION,LINEAR_COMBINATION,True,LINEAR_COMBINATION,LINEAR_COMBINATION,11,0.0,False
5,4,0.0,7c309a12da4208b9ba567ad6160c67443f4f7824fb8286045fabf477f4c9a608,0.0,True,IRMv1,LINEAR_COMBINATION,LINEAR_COMBINATION,u004,LINEAR_COMBINATION,LINEAR_COMBINATION,True,LINEAR_COMBINATION,LINEAR_COMBINATION,11,0.0,False
20,4,0.0,7d071ded0c22ce82406177ffb19036f87c89aca0423875214aebeac9f861853e,0.0,True,IRMv1,LINEAR_COMBINATION,LINEAR_COMBINATION,u004,LINEAR_COMBINATION,LINEAR_COMBINATION,True,LINEAR_COMBINATION,LINEAR_COMBINATION,11,0.0,False
1,-1,0.011246991343796253,c95e07f0c66dbcd64a6e1cf461dfb43e5b9218e54a70b206b183eacb190514f7,0.292310893535614,True,IRMv1,LINEAR_COMBINATION,LINEAR_COMBINATION,u005,LINEAR_COMBINATION,LINEAR_COMBINATION,True,LINEAR_COMBINATION,LINEAR_COMBINATION,11,0.23790958523750305,False
5,-1,0.07420351356267929,7c309a12da4208b9ba567ad6160c67443f4f7824fb8286045fabf477f4c9a608,1.7872912883758545,True,IRMv1,LINEAR_COMBINATION,LINEAR_COMBINATION,u005,LINEAR_COMBINATION,LINEAR_COMBINATION,True,LINEAR_COMBINATION,LINEAR_COMBINATION,11,1.444846272468567,False
20,-1,0.25326529145240784,7d071ded0c22ce82406177ffb19036f87c89aca0423875214aebeac9f861853e,5.723419189453125,True,IRMv1,LINEAR_COMBINATION,LINEAR_COMBINATION,u005,LINEAR_COMBINATION,LINEAR_COMBINATION,True,LINEAR_COMBINATION,LINEAR_COMBINATION,11,4.635691165924072,False
1,-1,0.009585915133357048,c95e07f0c66dbcd64a6e1cf461dfb43e5b9218e54a70b206b183eacb190514f7,0.19773763418197632,True,IRMv1,LINEAR_COMBINATION,LINEAR_COMBINATION,u006,LINEAR_COMBINATION,LINEAR_COMBINATION,True,LINEAR_COMBINATION,LINEAR_COMBINATION,11,0.15991345047950745,False
5,-1,0.025344783440232277,7c309a12da4208b9ba567ad6160c67443f4f7824fb8286045fabf477f4c9a608,0.33776041865348816,True,IRMv1,LINEAR_COMBINATION,LINEAR_COMBINATION,u006,LINEAR_COMBINATION,LINEAR_COMBINATION,True,LINEAR_COMBINATION,LINEAR_COMBINATION,11,0.2893983721733093,False
20,-1,0.2949310839176178,7d071ded0c22ce82406177ffb19036f87c89aca0423875214aebeac9f861853e,1.1210778951644897,True,IRMv1,LINEAR_COMBINATION,LINEAR_COMBINATION,u006,LINEAR_COMBINATION,LINEAR_COMBINATION,True,LINEAR_COMBINATION,LINEAR_COMBINATION,11,1.0011670589447021,False
1,-1,0.007952824234962463,c95e07f0c66dbcd64a6e1cf461dfb43e5b9218e54a70b206b183eacb190514f7,0.20669502019882202,True,IRMv1,LINEAR_COMBINATION,LINEAR_COMBINATION,u007,LINEAR_COMBINATION,LINEAR_COMBINATION,True,LINEAR_COMBINATION,LINEAR_COMBINATION,11,0.16822749376296997,False
5,-1,0.05246981233358383,7c309a12da4208b9ba567ad6160c67443f4f7824fb8286045fabf477f4c9a608,1.2638057470321655,True,IRMv1,LINEAR_COMBINATION,LINEAR_COMBINATION,u007,LINEAR_COMBINATION,LINEAR_COMBINATION,True,LINEAR_COMBINATION,LINEAR_COMBINATION,11,1.021660566329956,False
20,-1,0.1790855973958969,7d071ded0c22ce82406177ffb19036f87c89aca0423875214aebeac9f861853e,4.0470685958862305,True,IRMv1,LINEAR_COMBINATION,LINEAR_COMBINATION,u007,LINEAR_COMBINATION,LINEAR_COMBINATION,True,LINEAR_COMBINATION,LINEAR_COMBINATION,11,3.2779288291931152,False
1,-1,0.007952824234962463,c95e07f0c66dbcd64a6e1cf461dfb43e5b9218e54a70b206b183eacb190514f7,0.20669502019882202,True,IRMv1,LINEAR_COMBINATION,LINEAR_COMBINATION,u008,LINEAR_COMBINATION,LINEAR_COMBINATION,True,LINEAR_COMBINATION,LINEAR_COMBINATION,11,0.16822749376296997,False
5,-1,0.05246981233358383,7c309a12da4208b9ba567ad6160c67443f4f7824fb8286045fabf477f4c9a608,1.2638057470321655,True,IRMv1,LINEAR_COMBINATION,LINEAR_COMBINATION,u008,LINEAR_COMBINATION,LINEAR_COMBINATION,True,LINEAR_COMBINATION,LINEAR_COMBINATION,11,1.021660566329956,False
20,-1,0.1790855973958969,7d071ded0c22ce82406177ffb19036f87c89aca0423875214aebeac9f861853e,4.0470685958862305,True,IRMv1,LINEAR_COMBINATION,LINEAR_COMBINATION,u008,LINEAR_COMBINATION,LINEAR_COMBINATION,True,LINEAR_COMBINATION,LINEAR_COMBINATION,11,3.2779288291931152,False
1,-1,0.36668795347213745,c95e07f0c66dbcd64a6e1cf461dfb43e5b9218e54a70b206b183eacb190514f7,5.8246893882751465,True,IRMv1,LINEAR_COMBINATION,LINEAR_COMBINATION,u009,LINEAR_COMBINATION,LINEAR_COMBINATION,True,LINEAR_COMBINATION,LINEAR_COMBINATION,11,4.648401737213135,False
5,-1,2.8823843002319336,7c309a12da4208b9ba567ad6160c67443f4f7824fb8286045fabf477f4c9a608,44.86587142944336,True,IRMv1,LINEAR_COMBINATION,LINEAR_COMBINATION,u009,LINEAR_COMBINATION,LINEAR_COMBINATION,True,LINEAR_COMBINATION,LINEAR_COMBINATION,11,35.753658294677734,False
20,-1,2.6837711334228516,7d071ded0c22ce82406177ffb19036f87c89aca0423875214aebeac9f861853e,41.0427360534668,True,IRMv1,LINEAR_COMBINATION,LINEAR_COMBINATION,u009,LINEAR_COMBINATION,LINEAR_COMBINATION,True,LINEAR_COMBINATION,LINEAR_COMBINATION,11,32.53495407104492,False
1,-1,0.36668795347213745,c95e07f0c66dbcd64a6e1cf461dfb43e5b9218e54a70b206b183eacb190514f7,5.8246893882751465,True,IRMv1,LINEAR_COMBINATION,LINEAR_COMBINATION,u010,LINEAR_COMBINATION,LINEAR_COMBINATION,True,LINEAR_COMBINATION,LINEAR_COMBINATION,11,4.648401737213135,False
5,-1,2.8823843002319336,7c309a12da4208b9ba567ad6160c67443f4f7824fb8286045fabf477f4c9a608,44.86587142944336,True,IRMv1,LINEAR_COMBINATION,LINEAR_COMBINATION,u010,LINEAR_COMBINATION,LINEAR_COMBINATION,True,LINEAR_COMBINATION,LINEAR_COMBINATION,11,35.753658294677734,False
20,-1,2.6837711334228516,7d071ded0c22ce82406177ffb19036f87c89aca0423875214aebeac9f861853e,41.0427360534668,True,IRMv1,LINEAR_COMBINATION,LINEAR_COMBINATION,u010,LINEAR_COMBINATION,LINEAR_COMBINATION,True,LINEAR_COMBINATION,LINEAR_COMBINATION,11,32.53495407104492,False
1,0,0.14978817105293274,2bbc3ee389b7cdc2a09b87190d043f424c4f958b9140ec03fe645798d4fc1736,0.7505341172218323,True,VREX,9ed6035d8ccf28c8e740bc0264ba9d4503e352d4260e6583d10f0fcef9b7db8a,cd04d87b82d915559c3008ded7639463aa7c37108e94883b0074dd7107b336ca,u000,e09cd82119e5e63681da6531891a1148cb6a1e82c8a5ce4dd21e590fc33de77b,a7226e585275c4e35a2436399f01e0e5af3907b1db118948506cd778704dcf9d,True,e09cd82119e5e63681da6531891a1148cb6a1e82c8a5ce4dd21e590fc33de77b,a7226e585275c4e35a2436399f01e0e5af3907b1db118948506cd778704dcf9d,11,0.5932307839393616,False
5,0,1.1521077156066895,018a644ac91d3c2d26facafd21230a28c7a22bd8b32acbe7dd64f25e5ba8e1d8,7.893647193908691,True,VREX,1ea6877bf07e1ea21081304a6875344de8bfb9439f17545ffeb3175869239da9,bce2eca78bc59c14dcc3e765a9ddf467bdfd849d913ff5ff51bab30e0c1297f2,u000,2c814906cfa5cc696349f95184cd6433af381d02601e7c9c6d230e16a619a183,0f0876cf4cbafe1693afc9644a7c59ad44b37da44e6639e1f97fc2286f941f15,True,2c814906cfa5cc696349f95184cd6433af381d02601e7c9c6d230e16a619a183,0f0876cf4cbafe1693afc9644a7c59ad44b37da44e6639e1f97fc2286f941f15,11,6.194843292236328,False
20,0,3.0854732990264893,d8f9fd2797bf13a2777dab0cf3976e5d70db5e93db80f59cb2a14eaa76d860a3,7.592601776123047,True,VREX,8047fc122765c43fe1a50c2d35a1625a11aded33029cec1727319726e50a630a,bb9dd5c3c472fb56cced0256aef8adadebd397c0543f1d0b7422872a89058992,u000,678224bb3b0290a149803ad753e0bea78f1df865c5d27b68e460dfa63c1a85c0,bb8c943d12a8bcda4d24839c9b60fc8fe7c02f4328ed4d8a60b44b91519125b8,True,678224bb3b0290a149803ad753e0bea78f1df865c5d27b68e460dfa63c1a85c0,bb8c943d12a8bcda4d24839c9b60fc8fe7c02f4328ed4d8a60b44b91519125b8,11,5.951205253601074,False
1,1,0.15913565456867218,2bbc3ee389b7cdc2a09b87190d043f424c4f958b9140ec03fe645798d4fc1736,0.7523558139801025,True,VREX,8968fb96de612789d790ae9b26fd17fedf7cddb1441b4ec3d744beb9943dd043,622936c65398b80e143cbb6af9b4a0af6e08543c36b3cf02cf5533f6f62089ab,u001,13414fbc184fddd45aed38850515ca6250a5fde7169dbb5b7dd268905f4601a7,0ebd78d7f249e5c4f17305e8fcfd76e12946f65dc861aef71d621fc2438bfc5b,True,13414fbc184fddd45aed38850515ca6250a5fde7169dbb5b7dd268905f4601a7,0ebd78d7f249e5c4f17305e8fcfd76e12946f65dc861aef71d621fc2438bfc5b,11,0.5990119576454163,False
5,1,1.1580866575241089,018a644ac91d3c2d26facafd21230a28c7a22bd8b32acbe7dd64f25e5ba8e1d8,7.615879535675049,True,VREX,5de3f48bda6031a996f4891c885ea14406f9c0b5259b0743769bacca499f5aca,3b9f8da78c9d0194dffc01c293dc035c1cfda307688527cf3431b0eb214ad30b,u001,29a3a29748a647af3c35e7d2a5ba2b1c6dbbbe327da2e8921e937d4314a96563,3ffde533bd76ad6421f9beaad78ad316480a0139fc5a256f36c3c8f72be8419e,True,29a3a29748a647af3c35e7d2a5ba2b1c6dbbbe327da2e8921e937d4314a96563,3ffde533bd76ad6421f9beaad78ad316480a0139fc5a256f36c3c8f72be8419e,11,6.00800895690918,False
20,1,2.8656725883483887,d8f9fd2797bf13a2777dab0cf3976e5d70db5e93db80f59cb2a14eaa76d860a3,7.832616329193115,True,VREX,fc825c5420d85a46857c0957bce028cf0bff5aa56924d56b8b8e725eb2f8eacc,1575a74af256e2d4231bcd69d68babe3d9164a65e11d79a40294bacf6dc1cb1a,u001,c3b46bdd5c57ab6812345d59af638a39badadaa2a6f9fca3e794f7c9e402282c,923f51139f69791d5e21bf0292ff67f22a1cad2275fa2eb4b5e8768e192b0b06,True,c3b46bdd5c57ab6812345d59af638a39badadaa2a6f9fca3e794f7c9e402282c,923f51139f69791d5e21bf0292ff67f22a1cad2275fa2eb4b5e8768e192b0b06,11,6.044538497924805,False
1,2,0.0,2bbc3ee389b7cdc2a09b87190d043f424c4f958b9140ec03fe645798d4fc1736,0.0,True,VREX,LINEAR_COMBINATION,LINEAR_COMBINATION,u002,LINEAR_COMBINATION,LINEAR_COMBINATION,True,LINEAR_COMBINATION,LINEAR_COMBINATION,11,0.0,False
5,2,0.0,018a644ac91d3c2d26facafd21230a28c7a22bd8b32acbe7dd64f25e5ba8e1d8,0.0,True,VREX,LINEAR_COMBINATION,LINEAR_COMBINATION,u002,LINEAR_COMBINATION,LINEAR_COMBINATION,True,LINEAR_COMBINATION,LINEAR_COMBINATION,11,0.0,False
20,2,0.0,d8f9fd2797bf13a2777dab0cf3976e5d70db5e93db80f59cb2a14eaa76d860a3,0.0,True,VREX,LINEAR_COMBINATION,LINEAR_COMBINATION,u002,LINEAR_COMBINATION,LINEAR_COMBINATION,True,LINEAR_COMBINATION,LINEAR_COMBINATION,11,0.0,False
1,3,0.02656850405037403,2bbc3ee389b7cdc2a09b87190d043f424c4f958b9140ec03fe645798d4fc1736,0.03987710550427437,True,VREX,7169d6c728990f4b6e640187f09575acb38a802405cd30a8b66b65be18c75396,092777719887725c0feeef81e2b1f7c1f8ca9fa11cbbd0568f61e0cf17834dec,u003,f999e939d16396fabf8a8142e913798c1da681a630969def7b6fb9394d5a456b,1f33bdfea3f6c2267eca51a18af2b154d5e47b0e954dcfe7a29420a97df4043b,True,f999e939d16396fabf8a8142e913798c1da681a630969def7b6fb9394d5a456b,1f33bdfea3f6c2267eca51a18af2b154d5e47b0e954dcfe7a29420a97df4043b,11,0.03210948035120964,False
5,3,0.07222925871610641,018a644ac91d3c2d26facafd21230a28c7a22bd8b32acbe7dd64f25e5ba8e1d8,0.2862471044063568,True,VREX,dec45227fec6f1c912caacdd8d53e086fb35f6467b9dba9357c241fba0989333,c0706d0b105cfc229a817dc4d7ace45f80eae6e585700c20446b530ee67e24e3,u003,b9aaa69f0494ec330a509a3393af7241eea4e3ae289f48d3ed372fcaecc853ec,ad66eaa9a0427d3abf527a908caeaa558041f249695bdb40cd79e23e34401c05,True,b9aaa69f0494ec330a509a3393af7241eea4e3ae289f48d3ed372fcaecc853ec,ad66eaa9a0427d3abf527a908caeaa558041f249695bdb40cd79e23e34401c05,11,0.22508780658245087,False
20,3,1.0100919008255005,d8f9fd2797bf13a2777dab0cf3976e5d70db5e93db80f59cb2a14eaa76d860a3,1.7249571084976196,True,VREX,1a32a5c90530cfcb373619c85fd0da4e59796b72955071b486f6274e3402d57a,fc3005a3bb269617c7fe1d0ba0b9fa15bcf7d2ca33d7304fa82854df39cbb110,u003,fba150487434ef6d9163a8e460ce176a3c9b18940d9b1670caac6969a3fd904b,682aff158a68c5f9b3fd0178eca768a07255025c7b65d8de7c9445ac74a380c0,True,fba150487434ef6d9163a8e460ce176a3c9b18940d9b1670caac6969a3fd904b,682aff158a68c5f9b3fd0178eca768a07255025c7b65d8de7c9445ac74a380c0,11,1.3106653690338135,False
1,4,0.0,2bbc3ee389b7cdc2a09b87190d043f424c4f958b9140ec03fe645798d4fc1736,0.0,True,VREX,LINEAR_COMBINATION,LINEAR_COMBINATION,u004,LINEAR_COMBINATION,LINEAR_COMBINATION,True,LINEAR_COMBINATION,LINEAR_COMBINATION,11,0.0,False
5,4,0.0,018a644ac91d3c2d26facafd21230a28c7a22bd8b32acbe7dd64f25e5ba8e1d8,0.0,True,VREX,LINEAR_COMBINATION,LINEAR_COMBINATION,u004,LINEAR_COMBINATION,LINEAR_COMBINATION,True,LINEAR_COMBINATION,LINEAR_COMBINATION,11,0.0,False
20,4,0.0,d8f9fd2797bf13a2777dab0cf3976e5d70db5e93db80f59cb2a14eaa76d860a3,0.0,True,VREX,LINEAR_COMBINATION,LINEAR_COMBINATION,u004,LINEAR_COMBINATION,LINEAR_COMBINATION,True,LINEAR_COMBINATION,LINEAR_COMBINATION,11,0.0,False
1,-1,0.007764301262795925,2bbc3ee389b7cdc2a09b87190d043f424c4f958b9140ec03fe645798d4fc1736,0.012763035483658314,True,VREX,LINEAR_COMBINATION,LINEAR_COMBINATION,u005,LINEAR_COMBINATION,LINEAR_COMBINATION,True,LINEAR_COMBINATION,LINEAR_COMBINATION,11,0.0106259286403656,False
5,-1,0.03268980234861374,018a644ac91d3c2d26facafd21230a28c7a22bd8b32acbe7dd64f25e5ba8e1d8,0.21295863389968872,True,VREX,LINEAR_COMBINATION,LINEAR_COMBINATION,u005,LINEAR_COMBINATION,LINEAR_COMBINATION,True,LINEAR_COMBINATION,LINEAR_COMBINATION,11,0.1443948596715927,False
20,-1,0.18898987770080566,d8f9fd2797bf13a2777dab0cf3976e5d70db5e93db80f59cb2a14eaa76d860a3,0.48676779866218567,True,VREX,LINEAR_COMBINATION,LINEAR_COMBINATION,u005,LINEAR_COMBINATION,LINEAR_COMBINATION,True,LINEAR_COMBINATION,LINEAR_COMBINATION,11,0.3071804642677307,False
1,-1,0.218404158949852,2bbc3ee389b7cdc2a09b87190d043f424c4f958b9140ec03fe645798d4fc1736,1.0626277923583984,True,VREX,LINEAR_COMBINATION,LINEAR_COMBINATION,u006,LINEAR_COMBINATION,LINEAR_COMBINATION,True,LINEAR_COMBINATION,LINEAR_COMBINATION,11,0.8429858684539795,False
5,-1,1.6332323551177979,018a644ac91d3c2d26facafd21230a28c7a22bd8b32acbe7dd64f25e5ba8e1d8,10.966582298278809,True,VREX,LINEAR_COMBINATION,LINEAR_COMBINATION,u006,LINEAR_COMBINATION,LINEAR_COMBINATION,True,LINEAR_COMBINATION,LINEAR_COMBINATION,11,8.628522872924805,False
20,-1,4.206722259521484,d8f9fd2797bf13a2777dab0cf3976e5d70db5e93db80f59cb2a14eaa76d860a3,10.897729873657227,True,VREX,LINEAR_COMBINATION,LINEAR_COMBINATION,u006,LINEAR_COMBINATION,LINEAR_COMBINATION,True,LINEAR_COMBINATION,LINEAR_COMBINATION,11,8.47696590423584,False
1,-1,0.0054901898838579655,2bbc3ee389b7cdc2a09b87190d043f424c4f958b9140ec03fe645798d4fc1736,0.009024829603731632,True,VREX,LINEAR_COMBINATION,LINEAR_COMBINATION,u007,LINEAR_COMBINATION,LINEAR_COMBINATION,True,LINEAR_COMBINATION,LINEAR_COMBINATION,11,0.007513666991144419,False
5,-1,0.023115182295441628,018a644ac91d3c2d26facafd21230a28c7a22bd8b32acbe7dd64f25e5ba8e1d8,0.15058450400829315,True,VREX,LINEAR_COMBINATION,LINEAR_COMBINATION,u007,LINEAR_COMBINATION,LINEAR_COMBINATION,True,LINEAR_COMBINATION,LINEAR_COMBINATION,11,0.10210257768630981,False
20,-1,0.13363602757453918,d8f9fd2797bf13a2777dab0cf3976e5d70db5e93db80f59cb2a14eaa76d860a3,0.3441968560218811,True,VREX,LINEAR_COMBINATION,LINEAR_COMBINATION,u007,LINEAR_COMBINATION,LINEAR_COMBINATION,True,LINEAR_COMBINATION,LINEAR_COMBINATION,11,0.21720939874649048,False
1,-1,0.0054901898838579655,2bbc3ee389b7cdc2a09b87190d043f424c4f958b9140ec03fe645798d4fc1736,0.009024829603731632,True,VREX,LINEAR_COMBINATION,LINEAR_COMBINATION,u008,LINEAR_COMBINATION,LINEAR_COMBINATION,True,LINEAR_COMBINATION,LINEAR_COMBINATION,11,0.007513666991144419,False
5,-1,0.023115182295441628,018a644ac91d3c2d26facafd21230a28c7a22bd8b32acbe7dd64f25e5ba8e1d8,0.15058450400829315,True,VREX,LINEAR_COMBINATION,LINEAR_COMBINATION,u008,LINEAR_COMBINATION,LINEAR_COMBINATION,True,LINEAR_COMBINATION,LINEAR_COMBINATION,11,0.10210257768630981,False
20,-1,0.13363602757453918,d8f9fd2797bf13a2777dab0cf3976e5d70db5e93db80f59cb2a14eaa76d860a3,0.3441968560218811,True,VREX,LINEAR_COMBINATION,LINEAR_COMBINATION,u008,LINEAR_COMBINATION,LINEAR_COMBINATION,True,LINEAR_COMBINATION,LINEAR_COMBINATION,11,0.21720939874649048,False
1,-1,0.01878676936030388,2bbc3ee389b7cdc2a09b87190d043f424c4f958b9140ec03fe645798d4fc1736,0.02819737046957016,True,VREX,LINEAR_COMBINATION,LINEAR_COMBINATION,u009,LINEAR_COMBINATION,LINEAR_COMBINATION,True,LINEAR_COMBINATION,LINEAR_COMBINATION,11,0.0227048322558403,False
5,-1,0.051073797047138214,018a644ac91d3c2d26facafd21230a28c7a22bd8b32acbe7dd64f25e5ba8e1d8,0.20240727066993713,True,VREX,LINEAR_COMBINATION,LINEAR_COMBINATION,u009,LINEAR_COMBINATION,LINEAR_COMBINATION,True,LINEAR_COMBINATION,LINEAR_COMBINATION,11,0.15916110575199127,False
20,-1,0.7142428159713745,d8f9fd2797bf13a2777dab0cf3976e5d70db5e93db80f59cb2a14eaa76d860a3,1.2197288274765015,True,VREX,LINEAR_COMBINATION,LINEAR_COMBINATION,u009,LINEAR_COMBINATION,LINEAR_COMBINATION,True,LINEAR_COMBINATION,LINEAR_COMBINATION,11,0.9267802834510803,False
1,-1,0.01878676936030388,2bbc3ee389b7cdc2a09b87190d043f424c4f958b9140ec03fe645798d4fc1736,0.02819737046957016,True,VREX,LINEAR_COMBINATION,LINEAR_COMBINATION,u010,LINEAR_COMBINATION,LINEAR_COMBINATION,True,LINEAR_COMBINATION,LINEAR_COMBINATION,11,0.0227048322558403,False
5,-1,0.051073797047138214,018a644ac91d3c2d26facafd21230a28c7a22bd8b32acbe7dd64f25e5ba8e1d8,0.20240727066993713,True,VREX,LINEAR_COMBINATION,LINEAR_COMBINATION,u010,LINEAR_COMBINATION,LINEAR_COMBINATION,True,LINEAR_COMBINATION,LINEAR_COMBINATION,11,0.15916110575199127,False
20,-1,0.7142428159713745,d8f9fd2797bf13a2777dab0cf3976e5d70db5e93db80f59cb2a14eaa76d860a3,1.2197288274765015,True,VREX,LINEAR_COMBINATION,LINEAR_COMBINATION,u010,LINEAR_COMBINATION,LINEAR_COMBINATION,True,LINEAR_COMBINATION,LINEAR_COMBINATION,11,0.9267802834510803,False
1,0,0.8305765986442566,63bc8d41673411b7a71672279afe3a6cb194e855b890e171ff14bca502b21bf5,17.628360748291016,True,CORAL,50b1cd46b1cea2c4f62d3158c573dae9af04d69aea8f4ad9f6adae785bff5959,be7d128b180fb1d3b2ffbaa3007ac830c466a5bd1fa4f4e978c80eb52bde3564,u000,78f84c687fe7db630770855a5c4ebfd4f82146b917be07182ec7f7c0bddc00b8,75bb765d47cb8bb9dbc6c74568a3623c849c4b17ace75952ca0444079c5547a1,True,78f84c687fe7db630770855a5c4ebfd4f82146b917be07182ec7f7c0bddc00b8,75bb765d47cb8bb9dbc6c74568a3623c849c4b17ace75952ca0444079c5547a1,11,12.269916534423828,False
5,0,8.35427474975586,3e96c772cff4e27e87a8cbd71890082b286e2d25d801ca25f5f8f85531acba00,155.82521057128906,True,CORAL,133eacc20e9bb6e6d6a22ed8b90fd59aef258f8ab56771f1895f4b438546152d,f787f2d292ea7fb4d28dac6115178b8eeb389a675cda3ed006315cce9e1a6905,u000,48b26498d0b91b75201b960d4a990ff26bf1c1307979ab8110142af41bf5a923,5d0bb429cfc1fd3238b22a6ab47379eb1603ebe80e748a4819a1e63e24b41fb3,True,48b26498d0b91b75201b960d4a990ff26bf1c1307979ab8110142af41bf5a923,5d0bb429cfc1fd3238b22a6ab47379eb1603ebe80e748a4819a1e63e24b41fb3,11,109.46016693115234,False
20,0,10.404264450073242,dd4b9b45daedfb54c63de41bb40e7c0c3a76fc517168eb96524c5add43f6eaa8,126.83175659179688,True,CORAL,0b1686a320d52b4ddaec1d8afae95d9a501060bfb625ded93537a969c00ba9f0,721a249138551db3743d4625032017e00b6e6ee3e8edbfae2a40ae6773025429,u000,277982bad08965a18e6223e6001b32265aa6c8ea53e6a8f3286f277e9cdffa11,c8b76e005a6091bde75a171ba8a0c56e3e585ea08d61dac34b05db1f09057863,True,277982bad08965a18e6223e6001b32265aa6c8ea53e6a8f3286f277e9cdffa11,c8b76e005a6091bde75a171ba8a0c56e3e585ea08d61dac34b05db1f09057863,11,91.95195770263672,False
1,1,0.8164926767349243,63bc8d41673411b7a71672279afe3a6cb194e855b890e171ff14bca502b21bf5,17.160730361938477,True,CORAL,eb4fbd6f3bef2bdd1d01784d4d67e950a4302df6c3e1b929dd43e432be4a0095,427e6326c941c6a4f9c9dd49b22ec82305de70ed6a6f62cf9bc1e6f43c528efb,u001,abfff413e4d6c494135e5e10d5fd1273bd8a44a585b5081966bbfa3209c3433b,6d3e17767e562e9905a16408ce986b7a4da4fbd2b35bfbed708509a9f3e0bdd3,True,abfff413e4d6c494135e5e10d5fd1273bd8a44a585b5081966bbfa3209c3433b,6d3e17767e562e9905a16408ce986b7a4da4fbd2b35bfbed708509a9f3e0bdd3,11,12.089544296264648,False
5,1,7.571282863616943,3e96c772cff4e27e87a8cbd71890082b286e2d25d801ca25f5f8f85531acba00,154.27464294433594,True,CORAL,9cd1c2304ad229d8ce8d52e157ec460044754f88d278cdbb18786f674a9e5de0,a4b2458fa4a3f88a5cab01d4568a41e326995d6c88d932aa7502e3582f4fcf5d,u001,f62e0f6afb955447df5c784645bfa51dcb8f684b364235aeacdd5ce863a43504,f38e30bd86cf7d3d3221f80dea1e1c32e8065f3f948b161e3754c7a30cecb470,True,f62e0f6afb955447df5c784645bfa51dcb8f684b364235aeacdd5ce863a43504,f38e30bd86cf7d3d3221f80dea1e1c32e8065f3f948b161e3754c7a30cecb470,11,109.26702880859375,False
20,1,15.10230541229248,dd4b9b45daedfb54c63de41bb40e7c0c3a76fc517168eb96524c5add43f6eaa8,124.63105773925781,True,CORAL,1028eda7ff5e0c38d063b8870640362b6f4eb9576734f3e06e63be441b69eb59,4aa1dbb9144c2c9c033d1c9fb44423771f57142298811fb50892aabd1ff28448,u001,ecfaf19479b425910e8bec8f682715aef7a2b52f39b535e2d1fd0a06eb9a483c,51253bbe26a13c626ea554c81859830fb41512841dc7a02719c9337a291058ad,True,ecfaf19479b425910e8bec8f682715aef7a2b52f39b535e2d1fd0a06eb9a483c,51253bbe26a13c626ea554c81859830fb41512841dc7a02719c9337a291058ad,11,92.58796691894531,False
1,2,0.0,63bc8d41673411b7a71672279afe3a6cb194e855b890e171ff14bca502b21bf5,0.0,True,CORAL,LINEAR_COMBINATION,LINEAR_COMBINATION,u002,LINEAR_COMBINATION,LINEAR_COMBINATION,True,LINEAR_COMBINATION,LINEAR_COMBINATION,11,0.0,False
5,2,0.0,3e96c772cff4e27e87a8cbd71890082b286e2d25d801ca25f5f8f85531acba00,0.0,True,CORAL,LINEAR_COMBINATION,LINEAR_COMBINATION,u002,LINEAR_COMBINATION,LINEAR_COMBINATION,True,LINEAR_COMBINATION,LINEAR_COMBINATION,11,0.0,False
20,2,0.0,dd4b9b45daedfb54c63de41bb40e7c0c3a76fc517168eb96524c5add43f6eaa8,0.0,True,CORAL,LINEAR_COMBINATION,LINEAR_COMBINATION,u002,LINEAR_COMBINATION,LINEAR_COMBINATION,True,LINEAR_COMBINATION,LINEAR_COMBINATION,11,0.0,False
1,3,1.3424201011657715,63bc8d41673411b7a71672279afe3a6cb194e855b890e171ff14bca502b21bf5,5.612217426300049,True,CORAL,9797d04953813059f3bb617b9b60b6bbbd683eb6226c8ddaf477893a14b0260a,187eac7952f9fa3d36da238b4db5e25c3400456117901584d13c40677f261481,u003,4ab19a967511818c0e1415d713e5fa7151aea7d0f81d3c5873404cb7d9fd2486,6cf0a1a55851320b33cb3869347cd591fad8cc3de5ae9f76ea7549d85f277037,True,4ab19a967511818c0e1415d713e5fa7151aea7d0f81d3c5873404cb7d9fd2486,6cf0a1a55851320b33cb3869347cd591fad8cc3de5ae9f76ea7549d85f277037,11,2.835827112197876,False
5,3,15.952160835266113,3e96c772cff4e27e87a8cbd71890082b286e2d25d801ca25f5f8f85531acba00,51.77397918701172,True,CORAL,a4c6ab585a822e90de16d1c356fbacc6559d62b40276a06be4fa7661c50a05e2,25d8bbc5dfdcb0daa2d41ff766446c618cb437ba0fa2114d9a47368069eddb05,u003,fc10793c23b36b57a0f3aed4c26b27a5bd0517e149f26fdc8dcbd7f17cc93709,81bdc4cf37665b45d7a68f1770728c4ea0d64becf7577aab3e7ef53e95be39c7,True,fc10793c23b36b57a0f3aed4c26b27a5bd0517e149f26fdc8dcbd7f17cc93709,81bdc4cf37665b45d7a68f1770728c4ea0d64becf7577aab3e7ef53e95be39c7,11,24.386003494262695,False
20,3,79.48987579345703,dd4b9b45daedfb54c63de41bb40e7c0c3a76fc517168eb96524c5add43f6eaa8,128.25387573242188,True,CORAL,aa0b3b1d1a4009c65033c0e512c14425a300924495cc515e1e8287b522d9a990,64d0945ccb0e382127e8a6ca9172510dc15da425a17fa9152bd2e2b4d3ccc081,u003,7a4e65ba8691a15e5563c60618aa6021fcf33d9bb44b41781ddfb4fedacdd06c,9e4baf63faf09bc0788782dee291afa2987b3567f5898a82f295d305503cf1e1,True,7a4e65ba8691a15e5563c60618aa6021fcf33d9bb44b41781ddfb4fedacdd06c,9e4baf63faf09bc0788782dee291afa2987b3567f5898a82f295d305503cf1e1,11,98.89720916748047,False
1,4,0.0,63bc8d41673411b7a71672279afe3a6cb194e855b890e171ff14bca502b21bf5,0.0,True,CORAL,LINEAR_COMBINATION,LINEAR_COMBINATION,u004,LINEAR_COMBINATION,LINEAR_COMBINATION,True,LINEAR_COMBINATION,LINEAR_COMBINATION,11,0.0,False
5,4,0.0,3e96c772cff4e27e87a8cbd71890082b286e2d25d801ca25f5f8f85531acba00,0.0,True,CORAL,LINEAR_COMBINATION,LINEAR_COMBINATION,u004,LINEAR_COMBINATION,LINEAR_COMBINATION,True,LINEAR_COMBINATION,LINEAR_COMBINATION,11,0.0,False
20,4,0.0,dd4b9b45daedfb54c63de41bb40e7c0c3a76fc517168eb96524c5add43f6eaa8,0.0,True,CORAL,LINEAR_COMBINATION,LINEAR_COMBINATION,u004,LINEAR_COMBINATION,LINEAR_COMBINATION,True,LINEAR_COMBINATION,LINEAR_COMBINATION,11,0.0,False
1,-1,1.1613423824310303,63bc8d41673411b7a71672279afe3a6cb194e855b890e171ff14bca502b21bf5,24.596885681152344,True,CORAL,LINEAR_COMBINATION,LINEAR_COMBINATION,u005,LINEAR_COMBINATION,LINEAR_COMBINATION,True,LINEAR_COMBINATION,LINEAR_COMBINATION,11,17.22304344177246,False
5,-1,11.17431640625,3e96c772cff4e27e87a8cbd71890082b286e2d25d801ca25f5f8f85531acba00,219.25498962402344,True,CORAL,LINEAR_COMBINATION,LINEAR_COMBINATION,u005,LINEAR_COMBINATION,LINEAR_COMBINATION,True,LINEAR_COMBINATION,LINEAR_COMBINATION,11,154.6536865234375,False
20,-1,17.80770492553711,dd4b9b45daedfb54c63de41bb40e7c0c3a76fc517168eb96524c5add43f6eaa8,177.65394592285156,True,CORAL,LINEAR_COMBINATION,LINEAR_COMBINATION,u005,LINEAR_COMBINATION,LINEAR_COMBINATION,True,LINEAR_COMBINATION,LINEAR_COMBINATION,11,130.39871215820312,False
1,-1,0.088327556848526,63bc8d41673411b7a71672279afe3a6cb194e855b890e171ff14bca502b21bf5,0.49295932054519653,True,CORAL,LINEAR_COMBINATION,LINEAR_COMBINATION,u006,LINEAR_COMBINATION,LINEAR_COMBINATION,True,LINEAR_COMBINATION,LINEAR_COMBINATION,11,0.27338168025016785,False
5,-1,1.5009609460830688,3e96c772cff4e27e87a8cbd71890082b286e2d25d801ca25f5f8f85531acba00,3.0693650245666504,True,CORAL,LINEAR_COMBINATION,LINEAR_COMBINATION,u006,LINEAR_COMBINATION,LINEAR_COMBINATION,True,LINEAR_COMBINATION,LINEAR_COMBINATION,11,1.7457753419876099,False
20,-1,4.383369445800781,dd4b9b45daedfb54c63de41bb40e7c0c3a76fc517168eb96524c5add43f6eaa8,7.6337995529174805,True,CORAL,LINEAR_COMBINATION,LINEAR_COMBINATION,u006,LINEAR_COMBINATION,LINEAR_COMBINATION,True,LINEAR_COMBINATION,LINEAR_COMBINATION,11,4.885375022888184,False
1,-1,0.8211930394172668,63bc8d41673411b7a71672279afe3a6cb194e855b890e171ff14bca502b21bf5,17.39262580871582,True,CORAL,LINEAR_COMBINATION,LINEAR_COMBINATION,u007,LINEAR_COMBINATION,LINEAR_COMBINATION,True,LINEAR_COMBINATION,LINEAR_COMBINATION,11,12.1785306930542,False
5,-1,7.901435375213623,3e96c772cff4e27e87a8cbd71890082b286e2d25d801ca25f5f8f85531acba00,155.0366973876953,True,CORAL,LINEAR_COMBINATION,LINEAR_COMBINATION,u007,LINEAR_COMBINATION,LINEAR_COMBINATION,True,LINEAR_COMBINATION,LINEAR_COMBINATION,11,109.35667419433594,False
20,-1,12.591949462890625,dd4b9b45daedfb54c63de41bb40e7c0c3a76fc517168eb96524c5add43f6eaa8,125.62030792236328,True,CORAL,LINEAR_COMBINATION,LINEAR_COMBINATION,u007,LINEAR_COMBINATION,LINEAR_COMBINATION,True,LINEAR_COMBINATION,LINEAR_COMBINATION,11,92.205810546875,False
1,-1,0.8211930394172668,63bc8d41673411b7a71672279afe3a6cb194e855b890e171ff14bca502b21bf5,17.39262580871582,True,CORAL,LINEAR_COMBINATION,LINEAR_COMBINATION,u008,LINEAR_COMBINATION,LINEAR_COMBINATION,True,LINEAR_COMBINATION,LINEAR_COMBINATION,11,12.1785306930542,False
5,-1,7.901435375213623,3e96c772cff4e27e87a8cbd71890082b286e2d25d801ca25f5f8f85531acba00,155.0366973876953,True,CORAL,LINEAR_COMBINATION,LINEAR_COMBINATION,u008,LINEAR_COMBINATION,LINEAR_COMBINATION,True,LINEAR_COMBINATION,LINEAR_COMBINATION,11,109.35667419433594,False
20,-1,12.591949462890625,dd4b9b45daedfb54c63de41bb40e7c0c3a76fc517168eb96524c5add43f6eaa8,125.62030792236328,True,CORAL,LINEAR_COMBINATION,LINEAR_COMBINATION,u008,LINEAR_COMBINATION,LINEAR_COMBINATION,True,LINEAR_COMBINATION,LINEAR_COMBINATION,11,92.205810546875,False
1,-1,0.9492343664169312,63bc8d41673411b7a71672279afe3a6cb194e855b890e171ff14bca502b21bf5,3.9684369564056396,True,CORAL,LINEAR_COMBINATION,LINEAR_COMBINATION,u009,LINEAR_COMBINATION,LINEAR_COMBINATION,True,LINEAR_COMBINATION,LINEAR_COMBINATION,11,2.005232572555542,False
5,-1,11.279881477355957,3e96c772cff4e27e87a8cbd71890082b286e2d25d801ca25f5f8f85531acba00,36.60973358154297,True,CORAL,LINEAR_COMBINATION,LINEAR_COMBINATION,u009,LINEAR_COMBINATION,LINEAR_COMBINATION,True,LINEAR_COMBINATION,LINEAR_COMBINATION,11,17.24350929260254,False
20,-1,56.20783233642578,dd4b9b45daedfb54c63de41bb40e7c0c3a76fc517168eb96524c5add43f6eaa8,90.6891860961914,True,CORAL,LINEAR_COMBINATION,LINEAR_COMBINATION,u009,LINEAR_COMBINATION,LINEAR_COMBINATION,True,LINEAR_COMBINATION,LINEAR_COMBINATION,11,69.9308853149414,False
1,-1,0.9492343664169312,63bc8d41673411b7a71672279afe3a6cb194e855b890e171ff14bca502b21bf5,3.9684369564056396,True,CORAL,LINEAR_COMBINATION,LINEAR_COMBINATION,u010,LINEAR_COMBINATION,LINEAR_COMBINATION,True,LINEAR_COMBINATION,LINEAR_COMBINATION,11,2.005232572555542,False
5,-1,11.279881477355957,3e96c772cff4e27e87a8cbd71890082b286e2d25d801ca25f5f8f85531acba00,36.60973358154297,True,CORAL,LINEAR_COMBINATION,LINEAR_COMBINATION,u010,LINEAR_COMBINATION,LINEAR_COMBINATION,True,LINEAR_COMBINATION,LINEAR_COMBINATION,11,17.24350929260254,False
20,-1,56.20783233642578,dd4b9b45daedfb54c63de41bb40e7c0c3a76fc517168eb96524c5add43f6eaa8,90.6891860961914,True,CORAL,LINEAR_COMBINATION,LINEAR_COMBINATION,u010,LINEAR_COMBINATION,LINEAR_COMBINATION,True,LINEAR_COMBINATION,LINEAR_COMBINATION,11,69.9308853149414,False
1,0,1.5164623260498047,0de2fded83bcaabeff026cf283bcfcc0c8237f872136d8ba9719fa131ffb3ba2,21.26199722290039,True,ERM,54703dcc008af56c52d85c9347b9c9dfee7050114bd6dc81c4c1913968d8e315,e6ca48b868d3a4a37ab093a969df8c75c44ac48a9f792e01e5a278eacbd7fd0e,u000,fe81cdfc84a2f25c19b11eeca280506d9fa8c6d4aa636b52b8b49d273b84b116,24b8087d74b293c59176d2b7b9f56ef30d6ba778bf363dc9e49b554b05a736d3,True,fe81cdfc84a2f25c19b11eeca280506d9fa8c6d4aa636b52b8b49d273b84b116,24b8087d74b293c59176d2b7b9f56ef30d6ba778bf363dc9e49b554b05a736d3,12,14.965797424316406,False
5,0,8.134818077087402,7b851a706b3f8205f6b9349c15f6201e0d0c669cdc9791d8813a3481e180101d,171.3791961669922,True,ERM,d10451478e4c2068641f86f2def981e58ff847ecaddbe19173b211ca596ea175,9213da2fef5db44915170e99abba0386ea539626cb2681e1a2165bb8dba55380,u000,6d04fdecb48e249d27338f41e090bc6b360aa79e908c43b82edfc92da10e69d6,1462a9777fbf2737cf2e3dff0a597e0f8d0485b78c5e283f90f1c92a003e153a,True,6d04fdecb48e249d27338f41e090bc6b360aa79e908c43b82edfc92da10e69d6,1462a9777fbf2737cf2e3dff0a597e0f8d0485b78c5e283f90f1c92a003e153a,12,123.18453216552734,False
20,0,18.25908088684082,2dfb421defb5e6367d918b9d7f4476ece9a049fc94ae1b0b6ed7e1ee3f237210,144.87367248535156,True,ERM,f4bd8d312e3aea9e18760f6ff10beb02018954d6d9a228689d65cda0c2691ec9,b4f059f911aa92cc385359b84cbaf600b1cf7089c02b1fabfbc640bf74b65778,u000,3dbcc2e9fb13824a7b9420677658b6b3d12d5b92f405f4009078e6106d6c7fa6,8c965b60ce38a50b7fd6e13e8272325f76d05503b0b1f4e4c16c2ee06ee80c3d,True,3dbcc2e9fb13824a7b9420677658b6b3d12d5b92f405f4009078e6106d6c7fa6,8c965b60ce38a50b7fd6e13e8272325f76d05503b0b1f4e4c16c2ee06ee80c3d,12,104.94661712646484,False
1,1,1.2754055261611938,0de2fded83bcaabeff026cf283bcfcc0c8237f872136d8ba9719fa131ffb3ba2,21.644603729248047,True,ERM,a95099ef3a583d1cec835291baf12d83ce87345467435b99fb38d492758ddc41,acc4ea4899196a30f8f662e5d17a8359bef5215dc507ab09475646a5d799bfcf,u001,a5b218a9448990d6fc46c194cc30ed9a1f4d8e82537260516e519ffe8dc917ec,bd6743052e3ade37bdeeb661695dc282dd42875773c501a5a91b1ae1e18f0158,True,a5b218a9448990d6fc46c194cc30ed9a1f4d8e82537260516e519ffe8dc917ec,bd6743052e3ade37bdeeb661695dc282dd42875773c501a5a91b1ae1e18f0158,12,15.233912467956543,False
5,1,7.479624271392822,7b851a706b3f8205f6b9349c15f6201e0d0c669cdc9791d8813a3481e180101d,172.20437622070312,True,ERM,14a4352be2aa7e723c2b022214fe8a7db142ca7cfdc87e80bc623d36b200815e,871db9e6011f75e64b180ebc8d1a3dde3378e0cc920b24ca37ab2a31c021c9cc,u001,df3b3444d767caa2af16ec68973d7a0b2e3065fd01ef403da30b4085385cee9c,2257862125d622e35d00acadbd651e2147d25d0e899c2653022afa1d23ad85ea,True,df3b3444d767caa2af16ec68973d7a0b2e3065fd01ef403da30b4085385cee9c,2257862125d622e35d00acadbd651e2147d25d0e899c2653022afa1d23ad85ea,12,123.71558380126953,False
20,1,18.876300811767578,2dfb421defb5e6367d918b9d7f4476ece9a049fc94ae1b0b6ed7e1ee3f237210,144.18064880371094,True,ERM,72c937782c8b415a02c4a20d7e44031e2068b563b022e00ab8dff30524a18c84,2309f6ce05ac1e97efe9fe685981b3759146f12dcbabd328f9725c1b262a6bf4,u001,68a591d8462a30bcd3ba7a88dd6922f2167ec713db2cc62fd5739974c6f4bcc1,853aa07c6d7d6426ad3ce71952d28fb9e4c35457606c542814b83eeaece00e4a,True,68a591d8462a30bcd3ba7a88dd6922f2167ec713db2cc62fd5739974c6f4bcc1,853aa07c6d7d6426ad3ce71952d28fb9e4c35457606c542814b83eeaece00e4a,12,105.615478515625,False
1,2,0.0,0de2fded83bcaabeff026cf283bcfcc0c8237f872136d8ba9719fa131ffb3ba2,0.0,True,ERM,LINEAR_COMBINATION,LINEAR_COMBINATION,u002,LINEAR_COMBINATION,LINEAR_COMBINATION,True,LINEAR_COMBINATION,LINEAR_COMBINATION,12,0.0,False
5,2,0.0,7b851a706b3f8205f6b9349c15f6201e0d0c669cdc9791d8813a3481e180101d,0.0,True,ERM,LINEAR_COMBINATION,LINEAR_COMBINATION,u002,LINEAR_COMBINATION,LINEAR_COMBINATION,True,LINEAR_COMBINATION,LINEAR_COMBINATION,12,0.0,False
20,2,0.0,2dfb421defb5e6367d918b9d7f4476ece9a049fc94ae1b0b6ed7e1ee3f237210,0.0,True,ERM,LINEAR_COMBINATION,LINEAR_COMBINATION,u002,LINEAR_COMBINATION,LINEAR_COMBINATION,True,LINEAR_COMBINATION,LINEAR_COMBINATION,12,0.0,False
1,3,2.2740702629089355,0de2fded83bcaabeff026cf283bcfcc0c8237f872136d8ba9719fa131ffb3ba2,7.400051593780518,True,ERM,17e37b07a0a614430bb0ffb024a5cd78036122d7df8e269efbc64032010a915a,762ddbbc30e0e462a1fde142a7190d9fa249ded5d4eda186e62fe0f3db3661c9,u003,c858a5e98d32b786640067fbf5bfa5ba129b61046616540afa44755790e8a1b6,2342bedbc28834078994201176e5f53970dae6a3686f9d64407d0b7fbc3ef67e,True,c858a5e98d32b786640067fbf5bfa5ba129b61046616540afa44755790e8a1b6,2342bedbc28834078994201176e5f53970dae6a3686f9d64407d0b7fbc3ef67e,12,3.7686471939086914,False
5,3,16.94861602783203,7b851a706b3f8205f6b9349c15f6201e0d0c669cdc9791d8813a3481e180101d,57.7922477722168,True,ERM,b33aacecd55ce2cad0aaa0e69eb69f20724d9aa4d533d096b3fcbec5a16877ca,08f86296f3f530c53bfdd6d8cdf2e1c23ff7e5e6cf80a67451342e659d4b47c1,u003,f26bab7ed34ffea889cb6678725cdfa858111f58ec00800b9394e0d87f0dc73d,85a06b56b47aecb1c40da550000bac03016922d472f8d0863b0eb92fef09ef96,True,f26bab7ed34ffea889cb6678725cdfa858111f58ec00800b9394e0d87f0dc73d,85a06b56b47aecb1c40da550000bac03016922d472f8d0863b0eb92fef09ef96,12,24.007112503051758,False
20,3,70.74108123779297,2dfb421defb5e6367d918b9d7f4476ece9a049fc94ae1b0b6ed7e1ee3f237210,127.57211303710938,True,ERM,30a0a0e1566ce6f0eeb045c74327055ae75d2bda03fad3ec84b7badd3b61c5dc,a286b73cae62f48986d06e3f510791410321522ef993a00142a22a0fee1ff1a6,u003,69888620c2bb54979e9a1318e4c74ea297ca5770ab2ea8c9c84304df097d6118,a3555471357c346075cac4aefc3a15468030cbbb81ba4f94e1633082a125d0d8,True,69888620c2bb54979e9a1318e4c74ea297ca5770ab2ea8c9c84304df097d6118,a3555471357c346075cac4aefc3a15468030cbbb81ba4f94e1633082a125d0d8,12,79.3870849609375,False
1,4,0.0,0de2fded83bcaabeff026cf283bcfcc0c8237f872136d8ba9719fa131ffb3ba2,0.0,True,ERM,LINEAR_COMBINATION,LINEAR_COMBINATION,u004,LINEAR_COMBINATION,LINEAR_COMBINATION,True,LINEAR_COMBINATION,LINEAR_COMBINATION,12,0.0,False
5,4,0.0,7b851a706b3f8205f6b9349c15f6201e0d0c669cdc9791d8813a3481e180101d,0.0,True,ERM,LINEAR_COMBINATION,LINEAR_COMBINATION,u004,LINEAR_COMBINATION,LINEAR_COMBINATION,True,LINEAR_COMBINATION,LINEAR_COMBINATION,12,0.0,False
20,4,0.0,2dfb421defb5e6367d918b9d7f4476ece9a049fc94ae1b0b6ed7e1ee3f237210,0.0,True,ERM,LINEAR_COMBINATION,LINEAR_COMBINATION,u004,LINEAR_COMBINATION,LINEAR_COMBINATION,True,LINEAR_COMBINATION,LINEAR_COMBINATION,12,0.0,False
1,-1,1.9683221578598022,0de2fded83bcaabeff026cf283bcfcc0c8237f872136d8ba9719fa131ffb3ba2,30.335481643676758,True,ERM,LINEAR_COMBINATION,LINEAR_COMBINATION,u005,LINEAR_COMBINATION,LINEAR_COMBINATION,True,LINEAR_COMBINATION,LINEAR_COMBINATION,12,21.352170944213867,False
5,-1,10.968314170837402,7b851a706b3f8205f6b9349c15f6201e0d0c669cdc9791d8813a3481e180101d,242.9298858642578,True,ERM,LINEAR_COMBINATION,LINEAR_COMBINATION,u005,LINEAR_COMBINATION,LINEAR_COMBINATION,True,LINEAR_COMBINATION,LINEAR_COMBINATION,12,174.57606506347656,False
20,-1,26.16503143310547,2dfb421defb5e6367d918b9d7f4476ece9a049fc94ae1b0b6ed7e1ee3f237210,204.2924041748047,True,ERM,LINEAR_COMBINATION,LINEAR_COMBINATION,u005,LINEAR_COMBINATION,LINEAR_COMBINATION,True,LINEAR_COMBINATION,LINEAR_COMBINATION,12,148.8387451171875,False
1,-1,0.22809065878391266,0de2fded83bcaabeff026cf283bcfcc0c8237f872136d8ba9719fa131ffb3ba2,0.5653674602508545,True,ERM,LINEAR_COMBINATION,LINEAR_COMBINATION,u006,LINEAR_COMBINATION,LINEAR_COMBINATION,True,LINEAR_COMBINATION,LINEAR_COMBINATION,12,0.3632371425628662,False
5,-1,1.3476417064666748,7b851a706b3f8205f6b9349c15f6201e0d0c669cdc9791d8813a3481e180101d,3.19992995262146,True,ERM,LINEAR_COMBINATION,LINEAR_COMBINATION,u006,LINEAR_COMBINATION,LINEAR_COMBINATION,True,LINEAR_COMBINATION,LINEAR_COMBINATION,12,1.7806673049926758,False
20,-1,2.258293628692627,2dfb421defb5e6367d918b9d7f4476ece9a049fc94ae1b0b6ed7e1ee3f237210,6.406745910644531,True,ERM,LINEAR_COMBINATION,LINEAR_COMBINATION,u006,LINEAR_COMBINATION,LINEAR_COMBINATION,True,LINEAR_COMBINATION,LINEAR_COMBINATION,12,3.930910348892212,False
1,-1,1.3918139934539795,0de2fded83bcaabeff026cf283bcfcc0c8237f872136d8ba9719fa131ffb3ba2,21.450424194335938,True,ERM,LINEAR_COMBINATION,LINEAR_COMBINATION,u007,LINEAR_COMBINATION,LINEAR_COMBINATION,True,LINEAR_COMBINATION,LINEAR_COMBINATION,12,15.098264694213867,False
5,-1,7.755768775939941,7b851a706b3f8205f6b9349c15f6201e0d0c669cdc9791d8813a3481e180101d,171.77737426757812,True,ERM,LINEAR_COMBINATION,LINEAR_COMBINATION,u007,LINEAR_COMBINATION,LINEAR_COMBINATION,True,LINEAR_COMBINATION,LINEAR_COMBINATION,12,123.44392395019531,False
20,-1,18.50147247314453,2dfb421defb5e6367d918b9d7f4476ece9a049fc94ae1b0b6ed7e1ee3f237210,144.45655822753906,True,ERM,LINEAR_COMBINATION,LINEAR_COMBINATION,u007,LINEAR_COMBINATION,LINEAR_COMBINATION,True,LINEAR_COMBINATION,LINEAR_COMBINATION,12,105.24488830566406,False
1,-1,1.3918139934539795,0de2fded83bcaabeff026cf283bcfcc0c8237f872136d8ba9719fa131ffb3ba2,21.450424194335938,True,ERM,LINEAR_COMBINATION,LINEAR_COMBINATION,u008,LINEAR_COMBINATION,LINEAR_COMBINATION,True,LINEAR_COMBINATION,LINEAR_COMBINATION,12,15.098264694213867,False
5,-1,7.755768775939941,7b851a706b3f8205f6b9349c15f6201e0d0c669cdc9791d8813a3481e180101d,171.77737426757812,True,ERM,LINEAR_COMBINATION,LINEAR_COMBINATION,u008,LINEAR_COMBINATION,LINEAR_COMBINATION,True,LINEAR_COMBINATION,LINEAR_COMBINATION,12,123.44392395019531,False
20,-1,18.50147247314453,2dfb421defb5e6367d918b9d7f4476ece9a049fc94ae1b0b6ed7e1ee3f237210,144.45655822753906,True,ERM,LINEAR_COMBINATION,LINEAR_COMBINATION,u008,LINEAR_COMBINATION,LINEAR_COMBINATION,True,LINEAR_COMBINATION,LINEAR_COMBINATION,12,105.24488830566406,False
1,-1,1.6080104112625122,0de2fded83bcaabeff026cf283bcfcc0c8237f872136d8ba9719fa131ffb3ba2,5.232626438140869,True,ERM,LINEAR_COMBINATION,LINEAR_COMBINATION,u009,LINEAR_COMBINATION,LINEAR_COMBINATION,True,LINEAR_COMBINATION,LINEAR_COMBINATION,12,2.6648356914520264,False
5,-1,11.984481811523438,7b851a706b3f8205f6b9349c15f6201e0d0c669cdc9791d8813a3481e180101d,40.865291595458984,True,ERM,LINEAR_COMBINATION,LINEAR_COMBINATION,u009,LINEAR_COMBINATION,LINEAR_COMBINATION,True,LINEAR_COMBINATION,LINEAR_COMBINATION,12,16.9755916595459,False
20,-1,50.02149963378906,2dfb421defb5e6367d918b9d7f4476ece9a049fc94ae1b0b6ed7e1ee3f237210,90.20710754394531,True,ERM,LINEAR_COMBINATION,LINEAR_COMBINATION,u009,LINEAR_COMBINATION,LINEAR_COMBINATION,True,LINEAR_COMBINATION,LINEAR_COMBINATION,12,56.13514709472656,False
1,-1,1.6080104112625122,0de2fded83bcaabeff026cf283bcfcc0c8237f872136d8ba9719fa131ffb3ba2,5.232626438140869,True,ERM,LINEAR_COMBINATION,LINEAR_COMBINATION,u010,LINEAR_COMBINATION,LINEAR_COMBINATION,True,LINEAR_COMBINATION,LINEAR_COMBINATION,12,2.6648356914520264,False
5,-1,11.984481811523438,7b851a706b3f8205f6b9349c15f6201e0d0c669cdc9791d8813a3481e180101d,40.865291595458984,True,ERM,LINEAR_COMBINATION,LINEAR_COMBINATION,u010,LINEAR_COMBINATION,LINEAR_COMBINATION,True,LINEAR_COMBINATION,LINEAR_COMBINATION,12,16.9755916595459,False
20,-1,50.02149963378906,2dfb421defb5e6367d918b9d7f4476ece9a049fc94ae1b0b6ed7e1ee3f237210,90.20710754394531,True,ERM,LINEAR_COMBINATION,LINEAR_COMBINATION,u010,LINEAR_COMBINATION,LINEAR_COMBINATION,True,LINEAR_COMBINATION,LINEAR_COMBINATION,12,56.13514709472656,False
1,0,0.03847506642341614,d211fb61630ec53d2b25b6da8247985f20cf24eeba78dbcf4aa76ee0707e4d27,0.7386223673820496,True,IRMv1,3aabba5c7eea35e675c2648e8ffeac7f666efe04f2190521530d3ea27c9ecebd,2bbaf8cf602fb024af22ea6b64c0d639c78fdb0b21be770797f77c46bfe4e773,u000,2e1563e8cdf08705da33f3bd1575ef62c22a94f72ff1da135a4abddc873050fa,5c48bdf4d5a87479c8057491c7bc5d76ca33b8ef38b5f4e57aabb9d36dd8c07d,True,2e1563e8cdf08705da33f3bd1575ef62c22a94f72ff1da135a4abddc873050fa,5c48bdf4d5a87479c8057491c7bc5d76ca33b8ef38b5f4e57aabb9d36dd8c07d,12,0.593949556350708,False
5,0,0.2019178867340088,472b3a4b924486529a1cf7fff9701827542e0951bd3179ecf6b2b701375a3957,3.938776969909668,True,IRMv1,34f6a8f5d53240e60aef1f0acf11b719d012de4c4c18b29d7fa85c2786ac2906,2c0fd20ddba492b805c7fa613384f28d39e78c87d9513fa6f1bdae243144400d,u000,3cb7b6d0270dcfea5d729a11006dd07d3754e4562d0a1f2e431881510ca6f2b7,1a7bc8a81a3618639923302430da9976c021c750765c82f0a54c18884c2ae352,True,3cb7b6d0270dcfea5d729a11006dd07d3754e4562d0a1f2e431881510ca6f2b7,1a7bc8a81a3618639923302430da9976c021c750765c82f0a54c18884c2ae352,12,3.2477996349334717,False
20,0,0.9271457195281982,16a4a0984eeb942aa871504a920a8dbdf8139a0532775149f494e51a186fafaf,3.804877281188965,True,IRMv1,f84acf410079e6fa3e1a9da8fd91c1db731401b1dae78fc3ab9ccd828d859994,402d8f9631332e643068d34e2fbd0fa93325de9eb626dcd6daec4ff76aadd849,u000,2ba889d1769e356bdd98edbcc0a6bc7d8d201dd88d057322c2e7e8c61402e89e,144821f312c09e126553502a481d079ef54a9eae2d3d62d659a60cf3191c0955,True,2ba889d1769e356bdd98edbcc0a6bc7d8d201dd88d057322c2e7e8c61402e89e,144821f312c09e126553502a481d079ef54a9eae2d3d62d659a60cf3191c0955,12,3.1258769035339355,False
1,1,0.0635635033249855,d211fb61630ec53d2b25b6da8247985f20cf24eeba78dbcf4aa76ee0707e4d27,1.1120613813400269,True,IRMv1,bdcc28eab9516bd8d0d661ab0ba5551df2d7d7ed8c10f843e43b30570517206b,37634f76742f3bae80056ea96ed3b94719952125bb94f8d5d130985f8b56ba07,u001,5a734902f187754efc0034e69651d935ab5899d7bdfcac8f406a1c7bcfd8788d,d353f6135c1272b5ab0b60fb12f14f1d335b8ab28eee7d52a4f17047540a4f03,True,5a734902f187754efc0034e69651d935ab5899d7bdfcac8f406a1c7bcfd8788d,d353f6135c1272b5ab0b60fb12f14f1d335b8ab28eee7d52a4f17047540a4f03,12,0.8976328372955322,False
5,1,0.241095632314682,472b3a4b924486529a1cf7fff9701827542e0951bd3179ecf6b2b701375a3957,5.111291885375977,True,IRMv1,1fc36e756722128b388484eff350049ee615efc061393dad737a0acfd7ca5fb1,cdf2c0069a03f924c4f595788c021909a90c550752fc80a450f53286e07593dc,u001,06f2e88b6ec4bd7d483b89d9e9a8f3f1bbf23ab6d0c64c28f72cf43f202687bf,c878ba2490be053c2570f0777faef9fdeae9e8f2e677a6c123a11e2f1d319eaf,True,06f2e88b6ec4bd7d483b89d9e9a8f3f1bbf23ab6d0c64c28f72cf43f202687bf,c878ba2490be053c2570f0777faef9fdeae9e8f2e677a6c123a11e2f1d319eaf,12,4.226962089538574,False
20,1,1.2755930423736572,16a4a0984eeb942aa871504a920a8dbdf8139a0532775149f494e51a186fafaf,3.658223867416382,True,IRMv1,5ed6546103bab61e07c64ae6d507e198ce79b46e1538c2d40be30ebe093c3479,f7254ab3b6eda04042554517086fbb10e2601de9297bd342e074b2f83b947611,u001,af7e572c2f27e808d33684138331c5c60ef04a3624960bb52f1eba5826c98336,d1a01e39259a16f64ade03c44c86e12aa1998c936756d84851e759060cf3bb5c,True,af7e572c2f27e808d33684138331c5c60ef04a3624960bb52f1eba5826c98336,d1a01e39259a16f64ade03c44c86e12aa1998c936756d84851e759060cf3bb5c,12,3.0715560913085938,False
1,2,0.0,d211fb61630ec53d2b25b6da8247985f20cf24eeba78dbcf4aa76ee0707e4d27,0.0,True,IRMv1,LINEAR_COMBINATION,LINEAR_COMBINATION,u002,LINEAR_COMBINATION,LINEAR_COMBINATION,True,LINEAR_COMBINATION,LINEAR_COMBINATION,12,0.0,False
5,2,0.0,472b3a4b924486529a1cf7fff9701827542e0951bd3179ecf6b2b701375a3957,0.0,True,IRMv1,LINEAR_COMBINATION,LINEAR_COMBINATION,u002,LINEAR_COMBINATION,LINEAR_COMBINATION,True,LINEAR_COMBINATION,LINEAR_COMBINATION,12,0.0,False
20,2,0.0,16a4a0984eeb942aa871504a920a8dbdf8139a0532775149f494e51a186fafaf,0.0,True,IRMv1,LINEAR_COMBINATION,LINEAR_COMBINATION,u002,LINEAR_COMBINATION,LINEAR_COMBINATION,True,LINEAR_COMBINATION,LINEAR_COMBINATION,12,0.0,False
1,3,1.0779476165771484,d211fb61630ec53d2b25b6da8247985f20cf24eeba78dbcf4aa76ee0707e4d27,9.522950172424316,True,IRMv1,3a340fcd585b3d0606a3807cc0814032af6a8e36de2c25ce50f94934752ca654,26a68b3db40863280b37fecd42a761e1f707246fa833a040e442c5d55fa9691f,u003,328daa5df14a0bebb155a7f71857b324a75b7cdabb1ff21111eeb7ee9aa094a3,b15af77ab248a6c923b4390edd6e69e332274894c1a3b425394bc52637a40198,True,328daa5df14a0bebb155a7f71857b324a75b7cdabb1ff21111eeb7ee9aa094a3,b15af77ab248a6c923b4390edd6e69e332274894c1a3b425394bc52637a40198,12,7.54559326171875,False
5,3,6.087843418121338,472b3a4b924486529a1cf7fff9701827542e0951bd3179ecf6b2b701375a3957,57.44612503051758,True,IRMv1,57b73f0d60d19e135f940ac32d5aeea382c918cea74951efd724aaf2b7d99b08,160ab7a99cd4afb0375c45a42ccbb299b66b67128c1818e2aac3b97a9e2bf3b7,u003,8120cf9c0d6f86556bf2aa1cff629c2fb70e845e2a6dbf754e38ecaaeca161d2,688dfb2ae253bbf76c86b342b0be887e1630887bf712957d573cff7312a28ca5,True,8120cf9c0d6f86556bf2aa1cff629c2fb70e845e2a6dbf754e38ecaaeca161d2,688dfb2ae253bbf76c86b342b0be887e1630887bf712957d573cff7312a28ca5,12,45.22710037231445,False
20,3,5.655282497406006,16a4a0984eeb942aa871504a920a8dbdf8139a0532775149f494e51a186fafaf,43.699012756347656,True,IRMv1,e3d09b9ea81819b3b8bd351dd4dcbc74c3564785a6282992b50e32c781651bee,92f68816f866f6366066c2ab9e5481d0862cdc59169f629e77c406d401217a44,u003,9556c718879faa580b7171949f7a5c421346b41adaf609cc2f7be5bdaf40fb14,e78fa15a1d6e1cfd09ebe47a679523e182d473bee51ce4b2ea5cd404c997907e,True,9556c718879faa580b7171949f7a5c421346b41adaf609cc2f7be5bdaf40fb14,e78fa15a1d6e1cfd09ebe47a679523e182d473bee51ce4b2ea5cd404c997907e,12,34.32080841064453,False
1,4,0.0,d211fb61630ec53d2b25b6da8247985f20cf24eeba78dbcf4aa76ee0707e4d27,0.0,True,IRMv1,LINEAR_COMBINATION,LINEAR_COMBINATION,u004,LINEAR_COMBINATION,LINEAR_COMBINATION,True,LINEAR_COMBINATION,LINEAR_COMBINATION,12,0.0,False
5,4,0.0,472b3a4b924486529a1cf7fff9701827542e0951bd3179ecf6b2b701375a3957,0.0,True,IRMv1,LINEAR_COMBINATION,LINEAR_COMBINATION,u004,LINEAR_COMBINATION,LINEAR_COMBINATION,True,LINEAR_COMBINATION,LINEAR_COMBINATION,12,0.0,False
20,4,0.0,16a4a0984eeb942aa871504a920a8dbdf8139a0532775149f494e51a186fafaf,0.0,True,IRMv1,LINEAR_COMBINATION,LINEAR_COMBINATION,u004,LINEAR_COMBINATION,LINEAR_COMBINATION,True,LINEAR_COMBINATION,LINEAR_COMBINATION,12,0.0,False
1,-1,0.07196233421564102,d211fb61630ec53d2b25b6da8247985f20cf24eeba78dbcf4aa76ee0707e4d27,1.3085473775863647,True,IRMv1,LINEAR_COMBINATION,LINEAR_COMBINATION,u005,LINEAR_COMBINATION,LINEAR_COMBINATION,True,LINEAR_COMBINATION,LINEAR_COMBINATION,12,1.0546607971191406,False
5,-1,0.299736887216568,472b3a4b924486529a1cf7fff9701827542e0951bd3179ecf6b2b701375a3957,6.397756576538086,True,IRMv1,LINEAR_COMBINATION,LINEAR_COMBINATION,u005,LINEAR_COMBINATION,LINEAR_COMBINATION,True,LINEAR_COMBINATION,LINEAR_COMBINATION,12,5.284542560577393,False
20,-1,1.5547690391540527,16a4a0984eeb942aa871504a920a8dbdf8139a0532775149f494e51a186fafaf,5.255224227905273,True,IRMv1,LINEAR_COMBINATION,LINEAR_COMBINATION,u005,LINEAR_COMBINATION,LINEAR_COMBINATION,True,LINEAR_COMBINATION,LINEAR_COMBINATION,12,4.362030506134033,False
1,-1,0.018495166674256325,d211fb61630ec53d2b25b6da8247985f20cf24eeba78dbcf4aa76ee0707e4d27,0.2644748091697693,True,IRMv1,LINEAR_COMBINATION,LINEAR_COMBINATION,u006,LINEAR_COMBINATION,LINEAR_COMBINATION,True,LINEAR_COMBINATION,LINEAR_COMBINATION,12,0.21496814489364624,False
5,-1,0.09516159445047379,472b3a4b924486529a1cf7fff9701827542e0951bd3179ecf6b2b701375a3957,0.8414127230644226,True,IRMv1,LINEAR_COMBINATION,LINEAR_COMBINATION,u006,LINEAR_COMBINATION,LINEAR_COMBINATION,True,LINEAR_COMBINATION,LINEAR_COMBINATION,12,0.699306070804596,False
20,-1,0.26349514722824097,16a4a0984eeb942aa871504a920a8dbdf8139a0532775149f494e51a186fafaf,0.49224603176116943,True,IRMv1,LINEAR_COMBINATION,LINEAR_COMBINATION,u006,LINEAR_COMBINATION,LINEAR_COMBINATION,True,LINEAR_COMBINATION,LINEAR_COMBINATION,12,0.42220455408096313,False
1,-1,0.05088505148887634,d211fb61630ec53d2b25b6da8247985f20cf24eeba78dbcf4aa76ee0707e4d27,0.9252827763557434,True,IRMv1,LINEAR_COMBINATION,LINEAR_COMBINATION,u007,LINEAR_COMBINATION,LINEAR_COMBINATION,True,LINEAR_COMBINATION,LINEAR_COMBINATION,12,0.7457578182220459,False
5,-1,0.21194598078727722,472b3a4b924486529a1cf7fff9701827542e0951bd3179ecf6b2b701375a3957,4.523897171020508,True,IRMv1,LINEAR_COMBINATION,LINEAR_COMBINATION,u007,LINEAR_COMBINATION,LINEAR_COMBINATION,True,LINEAR_COMBINATION,LINEAR_COMBINATION,12,3.7367358207702637,False
20,-1,1.099387764930725,16a4a0984eeb942aa871504a920a8dbdf8139a0532775149f494e51a186fafaf,3.7160048484802246,True,IRMv1,LINEAR_COMBINATION,LINEAR_COMBINATION,u007,LINEAR_COMBINATION,LINEAR_COMBINATION,True,LINEAR_COMBINATION,LINEAR_COMBINATION,12,3.084421396255493,False
1,-1,0.05088505148887634,d211fb61630ec53d2b25b6da8247985f20cf24eeba78dbcf4aa76ee0707e4d27,0.9252827763557434,True,IRMv1,LINEAR_COMBINATION,LINEAR_COMBINATION,u008,LINEAR_COMBINATION,LINEAR_COMBINATION,True,LINEAR_COMBINATION,LINEAR_COMBINATION,12,0.7457578182220459,False
5,-1,0.21194598078727722,472b3a4b924486529a1cf7fff9701827542e0951bd3179ecf6b2b701375a3957,4.523897171020508,True,IRMv1,LINEAR_COMBINATION,LINEAR_COMBINATION,u008,LINEAR_COMBINATION,LINEAR_COMBINATION,True,LINEAR_COMBINATION,LINEAR_COMBINATION,12,3.7367358207702637,False
20,-1,1.099387764930725,16a4a0984eeb942aa871504a920a8dbdf8139a0532775149f494e51a186fafaf,3.7160048484802246,True,IRMv1,LINEAR_COMBINATION,LINEAR_COMBINATION,u008,LINEAR_COMBINATION,LINEAR_COMBINATION,True,LINEAR_COMBINATION,LINEAR_COMBINATION,12,3.084421396255493,False
1,-1,0.7622240781784058,d211fb61630ec53d2b25b6da8247985f20cf24eeba78dbcf4aa76ee0707e4d27,6.733742713928223,True,IRMv1,LINEAR_COMBINATION,LINEAR_COMBINATION,u009,LINEAR_COMBINATION,LINEAR_COMBINATION,True,LINEAR_COMBINATION,LINEAR_COMBINATION,12,5.335539817810059,False
5,-1,4.304755210876465,472b3a4b924486529a1cf7fff9701827542e0951bd3179ecf6b2b701375a3957,40.620540618896484,True,IRMv1,LINEAR_COMBINATION,LINEAR_COMBINATION,u009,LINEAR_COMBINATION,LINEAR_COMBINATION,True,LINEAR_COMBINATION,LINEAR_COMBINATION,12,31.980388641357422,False
20,-1,3.9988882541656494,16a4a0984eeb942aa871504a920a8dbdf8139a0532775149f494e51a186fafaf,30.899866104125977,True,IRMv1,LINEAR_COMBINATION,LINEAR_COMBINATION,u009,LINEAR_COMBINATION,LINEAR_COMBINATION,True,LINEAR_COMBINATION,LINEAR_COMBINATION,12,24.268476486206055,False
1,-1,0.7622240781784058,d211fb61630ec53d2b25b6da8247985f20cf24eeba78dbcf4aa76ee0707e4d27,6.733742713928223,True,IRMv1,LINEAR_COMBINATION,LINEAR_COMBINATION,u010,LINEAR_COMBINATION,LINEAR_COMBINATION,True,LINEAR_COMBINATION,LINEAR_COMBINATION,12,5.335539817810059,False
5,-1,4.304755210876465,472b3a4b924486529a1cf7fff9701827542e0951bd3179ecf6b2b701375a3957,40.620540618896484,True,IRMv1,LINEAR_COMBINATION,LINEAR_COMBINATION,u010,LINEAR_COMBINATION,LINEAR_COMBINATION,True,LINEAR_COMBINATION,LINEAR_COMBINATION,12,31.980388641357422,False
20,-1,3.9988882541656494,16a4a0984eeb942aa871504a920a8dbdf8139a0532775149f494e51a186fafaf,30.899866104125977,True,IRMv1,LINEAR_COMBINATION,LINEAR_COMBINATION,u010,LINEAR_COMBINATION,LINEAR_COMBINATION,True,LINEAR_COMBINATION,LINEAR_COMBINATION,12,24.268476486206055,False
1,0,0.013428687117993832,89586de86c1c56a8bfeb51c3ba0efe42a1848919a17a676b316c1666e237f2fa,0.10269804298877716,True,VREX,f82111962789f827287691edbd3ff055e81064c893a31fc5f7b00f9069573918,71644e0558a47eb8cd3ed05df8ef9f9d85622516240643986e9d41505cee67a3,u000,203b079008aedfc10ac6433276e00b0254853f21ce33e3b8f70f9cef79b123a8,4b0733a014605be59ff31faea3859ecc22fb196c880e0416b4e8c0fb93d67fb7,True,203b079008aedfc10ac6433276e00b0254853f21ce33e3b8f70f9cef79b123a8,4b0733a014605be59ff31faea3859ecc22fb196c880e0416b4e8c0fb93d67fb7,12,0.08026641607284546,False
5,0,0.14923198521137238,09af556eff0bcec6d4837d9ad93b7ae1bec527f630f43e6bf9218880e074ccca,1.2174311876296997,True,VREX,01c53ba57d304b70bdd929e63ae65e2a00953edf76f2003bcbdaf6cc902f746c,b12e7f492772a31a077f7dbc249513b5a9a86cd2ef73bb7db35a44be5fc84d38,u000,0fecdcb6c6e74ea849ab7341b930ef1dabe418f73b74e01de795254fd621ec40,6f058afa70005f4713844daf4c23904957e6aa40b34a0d205d421edc8a92d356,True,0fecdcb6c6e74ea849ab7341b930ef1dabe418f73b74e01de795254fd621ec40,6f058afa70005f4713844daf4c23904957e6aa40b34a0d205d421edc8a92d356,12,0.9542534351348877,False
20,0,0.8223709464073181,f63e497297404b82acf930ca92e5b8ceb48d7913ef6fe270ed6fc3617703c3e8,4.6356377601623535,True,VREX,7d2d926df370b152644f60e7adee4a45cb69f6c7c9314619ebf15cea98c04029,2e02f6e142c9556ee0967c5bd7c741f3704bcb40ccaf1c9b45c481aa899170f1,u000,5e693f871ccfc9604090787609ac85b28e33ed925c2ba6cea07ec056fb805596,36ec719f6815cf10c48896b1d4f1361fc2578fe511b54de69b46fd7da815a418,True,5e693f871ccfc9604090787609ac85b28e33ed925c2ba6cea07ec056fb805596,36ec719f6815cf10c48896b1d4f1361fc2578fe511b54de69b46fd7da815a418,12,3.619643449783325,False
1,1,0.015056191012263298,89586de86c1c56a8bfeb51c3ba0efe42a1848919a17a676b316c1666e237f2fa,0.11359750479459763,True,VREX,0506b3846f7c83f31f9ccbbe8af5111895241e11ee265afe120acb104e72c6e0,f4a4fc5192dc0f404889fd8a1018e2b6adae25a3024b6879a0c68c55e3af63db,u001,a3f93c37fdbfc40dac575eb3055a9c66e4782ffcbd36cbd33d6fe7942b32ba81,c32625e32f5ef383d00520864aced8be01dd79deab735ff8da5d164a308813cf,True,a3f93c37fdbfc40dac575eb3055a9c66e4782ffcbd36cbd33d6fe7942b32ba81,c32625e32f5ef383d00520864aced8be01dd79deab735ff8da5d164a308813cf,12,0.08888176083564758,False
5,1,0.17187196016311646,09af556eff0bcec6d4837d9ad93b7ae1bec527f630f43e6bf9218880e074ccca,1.3952199220657349,True,VREX,c4c00d62fbb70f39e292fa233369a9835c7bfc315acd34608fa97d8ceaa3b2a6,36bc36ea44f5e585ac25aab373d3eda033a428cf6a79d12be32c903062409c4d,u001,d1691df308676fa661d332af291d84069b9528e4831f8345f05def8256a3681a,5e4385645b4bca2fa0464f2bb120bfd6c2c12eb53cfe1b03222a98553b3481aa,True,d1691df308676fa661d332af291d84069b9528e4831f8345f05def8256a3681a,5e4385645b4bca2fa0464f2bb120bfd6c2c12eb53cfe1b03222a98553b3481aa,12,1.0894131660461426,False
20,1,0.8045804500579834,f63e497297404b82acf930ca92e5b8ceb48d7913ef6fe270ed6fc3617703c3e8,4.868053436279297,True,VREX,3a757dbe03262db94d22bbf03e07c42c7d6814fb094b7a8c8f251583c26d8c82,fba4b9aacab631cb6c8080f60f2c5ea765655546483a15ccd148e511904dd2e1,u001,07d7307cd0691bbc5fb1fc1d636890dc88b1e7c245913e2c128da1607ecbab6e,c2d00bb849464dfb9076eaab141498efe31262cce2113bd6c51c3fe8a7a3aea8,True,07d7307cd0691bbc5fb1fc1d636890dc88b1e7c245913e2c128da1607ecbab6e,c2d00bb849464dfb9076eaab141498efe31262cce2113bd6c51c3fe8a7a3aea8,12,3.8091881275177,False
1,2,0.0,89586de86c1c56a8bfeb51c3ba0efe42a1848919a17a676b316c1666e237f2fa,0.0,True,VREX,LINEAR_COMBINATION,LINEAR_COMBINATION,u002,LINEAR_COMBINATION,LINEAR_COMBINATION,True,LINEAR_COMBINATION,LINEAR_COMBINATION,12,0.0,False
5,2,0.0,09af556eff0bcec6d4837d9ad93b7ae1bec527f630f43e6bf9218880e074ccca,0.0,True,VREX,LINEAR_COMBINATION,LINEAR_COMBINATION,u002,LINEAR_COMBINATION,LINEAR_COMBINATION,True,LINEAR_COMBINATION,LINEAR_COMBINATION,12,0.0,False
20,2,0.0,f63e497297404b82acf930ca92e5b8ceb48d7913ef6fe270ed6fc3617703c3e8,0.0,True,VREX,LINEAR_COMBINATION,LINEAR_COMBINATION,u002,LINEAR_COMBINATION,LINEAR_COMBINATION,True,LINEAR_COMBINATION,LINEAR_COMBINATION,12,0.0,False
1,3,0.002524572191759944,89586de86c1c56a8bfeb51c3ba0efe42a1848919a17a676b316c1666e237f2fa,0.01505549531430006,True,VREX,b4ef7aa41bb54b9ee4133648d7c455bca29985d612f35258ea755014e084dfb4,44040ad81542000d07634d61cbccb98f18b0417f48ad889bb0a8dea39174140b,u003,bd0ac2d1d9dd0f30ac65c71083a3251e82c71600fa693f3c2169f6362d2bae99,871fbb4af2a5f4d422aff28dd868f0d906ac21e445ef5a7e6df5db11fc7868c5,True,bd0ac2d1d9dd0f30ac65c71083a3251e82c71600fa693f3c2169f6362d2bae99,871fbb4af2a5f4d422aff28dd868f0d906ac21e445ef5a7e6df5db11fc7868c5,12,0.0119966184720397,False
5,3,0.06442137807607651,09af556eff0bcec6d4837d9ad93b7ae1bec527f630f43e6bf9218880e074ccca,0.180212140083313,True,VREX,0d0a4b1b6d846678939c6da54336193fe89bbf1999726142e5a889b69b93ad19,f5f863ebc3f2d4ba2febdea517aa1a5b37292fb0c2e511055eb572a3267c9987,u003,d77915b3e71effd91f2c36c578c0ffec819d1d1a3eb334777abc9c2b250902e9,912962670f839ad7d1ec63d2c8e9628191ded0c81deee9004a7818cfccf5e447,True,d77915b3e71effd91f2c36c578c0ffec819d1d1a3eb334777abc9c2b250902e9,912962670f839ad7d1ec63d2c8e9628191ded0c81deee9004a7818cfccf5e447,12,0.138589009642601,False
20,3,0.27749261260032654,f63e497297404b82acf930ca92e5b8ceb48d7913ef6fe270ed6fc3617703c3e8,0.830384373664856,True,VREX,3c6a56d81843451544dcade18a5ea172466164bd16558b76b0bebc21c83a32cb,ff373381e3aaa5a9afaf33c41fdfa8cacdc5b07a4403930a50ecaf33b971c271,u003,433c345f1c0a0ac6ba25063d6d1eba2c3644984a51318ce45c85d59f011a9ccc,24907474207201ce3a931d0436bfb7e2b44d45a92e84886508c1dd9f81922492,True,433c345f1c0a0ac6ba25063d6d1eba2c3644984a51318ce45c85d59f011a9ccc,24907474207201ce3a931d0436bfb7e2b44d45a92e84886508c1dd9f81922492,12,0.6226053237915039,False
1,4,0.0,89586de86c1c56a8bfeb51c3ba0efe42a1848919a17a676b316c1666e237f2fa,0.0,True,VREX,LINEAR_COMBINATION,LINEAR_COMBINATION,u004,LINEAR_COMBINATION,LINEAR_COMBINATION,True,LINEAR_COMBINATION,LINEAR_COMBINATION,12,0.0,False
5,4,0.0,09af556eff0bcec6d4837d9ad93b7ae1bec527f630f43e6bf9218880e074ccca,0.0,True,VREX,LINEAR_COMBINATION,LINEAR_COMBINATION,u004,LINEAR_COMBINATION,LINEAR_COMBINATION,True,LINEAR_COMBINATION,LINEAR_COMBINATION,12,0.0,False
20,4,0.0,f63e497297404b82acf930ca92e5b8ceb48d7913ef6fe270ed6fc3617703c3e8,0.0,True,VREX,LINEAR_COMBINATION,LINEAR_COMBINATION,u004,LINEAR_COMBINATION,LINEAR_COMBINATION,True,LINEAR_COMBINATION,LINEAR_COMBINATION,12,0.0,False
1,-1,0.0012295468477532268,89586de86c1c56a8bfeb51c3ba0efe42a1848919a17a676b316c1666e237f2fa,0.007865356281399727,True,VREX,LINEAR_COMBINATION,LINEAR_COMBINATION,u005,LINEAR_COMBINATION,LINEAR_COMBINATION,True,LINEAR_COMBINATION,LINEAR_COMBINATION,12,0.006250080652534962,False
5,-1,0.020102830603718758,09af556eff0bcec6d4837d9ad93b7ae1bec527f630f43e6bf9218880e074ccca,0.1284198760986328,True,VREX,LINEAR_COMBINATION,LINEAR_COMBINATION,u005,LINEAR_COMBINATION,LINEAR_COMBINATION,True,LINEAR_COMBINATION,LINEAR_COMBINATION,12,0.09770600497722626,False
20,-1,0.06063615158200264,f63e497297404b82acf930ca92e5b8ceb48d7913ef6fe270ed6fc3617703c3e8,0.2753877341747284,True,VREX,LINEAR_COMBINATION,LINEAR_COMBINATION,u005,LINEAR_COMBINATION,LINEAR_COMBINATION,True,LINEAR_COMBINATION,LINEAR_COMBINATION,12,0.23214247822761536,False
1,-1,0.02013719454407692,89586de86c1c56a8bfeb51c3ba0efe42a1848919a17a676b316c1666e237f2fa,0.15293598175048828,True,VREX,LINEAR_COMBINATION,LINEAR_COMBINATION,u006,LINEAR_COMBINATION,LINEAR_COMBINATION,True,LINEAR_COMBINATION,LINEAR_COMBINATION,12,0.1195976659655571,False
5,-1,0.22672899067401886,09af556eff0bcec6d4837d9ad93b7ae1bec527f630f43e6bf9218880e074ccca,1.847237467765808,True,VREX,LINEAR_COMBINATION,LINEAR_COMBINATION,u006,LINEAR_COMBINATION,LINEAR_COMBINATION,True,LINEAR_COMBINATION,LINEAR_COMBINATION,12,1.4449477195739746,False
20,-1,1.1488981246948242,f63e497297404b82acf930ca92e5b8ceb48d7913ef6fe270ed6fc3617703c3e8,6.716490268707275,True,VREX,LINEAR_COMBINATION,LINEAR_COMBINATION,u006,LINEAR_COMBINATION,LINEAR_COMBINATION,True,LINEAR_COMBINATION,LINEAR_COMBINATION,12,5.249556541442871,False
1,-1,0.0008694209973327816,89586de86c1c56a8bfeb51c3ba0efe42a1848919a17a676b316c1666e237f2fa,0.005561646539717913,True,VREX,LINEAR_COMBINATION,LINEAR_COMBINATION,u007,LINEAR_COMBINATION,LINEAR_COMBINATION,True,LINEAR_COMBINATION,LINEAR_COMBINATION,12,0.004419474862515926,False
5,-1,0.014214848168194294,09af556eff0bcec6d4837d9ad93b7ae1bec527f630f43e6bf9218880e074ccca,0.09080657362937927,True,VREX,LINEAR_COMBINATION,LINEAR_COMBINATION,u007,LINEAR_COMBINATION,LINEAR_COMBINATION,True,LINEAR_COMBINATION,LINEAR_COMBINATION,12,0.06908857822418213,False
20,-1,0.042876236140728,f63e497297404b82acf930ca92e5b8ceb48d7913ef6fe270ed6fc3617703c3e8,0.19472850859165192,True,VREX,LINEAR_COMBINATION,LINEAR_COMBINATION,u007,LINEAR_COMBINATION,LINEAR_COMBINATION,True,LINEAR_COMBINATION,LINEAR_COMBINATION,12,0.16414952278137207,False
1,-1,0.0008694209973327816,89586de86c1c56a8bfeb51c3ba0efe42a1848919a17a676b316c1666e237f2fa,0.005561646539717913,True,VREX,LINEAR_COMBINATION,LINEAR_COMBINATION,u008,LINEAR_COMBINATION,LINEAR_COMBINATION,True,LINEAR_COMBINATION,LINEAR_COMBINATION,12,0.004419474862515926,False
5,-1,0.014214848168194294,09af556eff0bcec6d4837d9ad93b7ae1bec527f630f43e6bf9218880e074ccca,0.09080657362937927,True,VREX,LINEAR_COMBINATION,LINEAR_COMBINATION,u008,LINEAR_COMBINATION,LINEAR_COMBINATION,True,LINEAR_COMBINATION,LINEAR_COMBINATION,12,0.06908857822418213,False
20,-1,0.042876236140728,f63e497297404b82acf930ca92e5b8ceb48d7913ef6fe270ed6fc3617703c3e8,0.19472850859165192,True,VREX,LINEAR_COMBINATION,LINEAR_COMBINATION,u008,LINEAR_COMBINATION,LINEAR_COMBINATION,True,LINEAR_COMBINATION,LINEAR_COMBINATION,12,0.16414952278137207,False
1,-1,0.0017851419979706407,89586de86c1c56a8bfeb51c3ba0efe42a1848919a17a676b316c1666e237f2fa,0.010645842179656029,True,VREX,LINEAR_COMBINATION,LINEAR_COMBINATION,u009,LINEAR_COMBINATION,LINEAR_COMBINATION,True,LINEAR_COMBINATION,LINEAR_COMBINATION,12,0.008482890203595161,False
5,-1,0.04555279389023781,09af556eff0bcec6d4837d9ad93b7ae1bec527f630f43e6bf9218880e074ccca,0.12742921710014343,True,VREX,LINEAR_COMBINATION,LINEAR_COMBINATION,u009,LINEAR_COMBINATION,LINEAR_COMBINATION,True,LINEAR_COMBINATION,LINEAR_COMBINATION,12,0.09799721837043762,False
20,-1,0.1962169110774994,f63e497297404b82acf930ca92e5b8ceb48d7913ef6fe270ed6fc3617703c3e8,0.587170422077179,True,VREX,LINEAR_COMBINATION,LINEAR_COMBINATION,u009,LINEAR_COMBINATION,LINEAR_COMBINATION,True,LINEAR_COMBINATION,LINEAR_COMBINATION,12,0.44024842977523804,False
1,-1,0.0017851419979706407,89586de86c1c56a8bfeb51c3ba0efe42a1848919a17a676b316c1666e237f2fa,0.010645842179656029,True,VREX,LINEAR_COMBINATION,LINEAR_COMBINATION,u010,LINEAR_COMBINATION,LINEAR_COMBINATION,True,LINEAR_COMBINATION,LINEAR_COMBINATION,12,0.008482890203595161,False
5,-1,0.04555279389023781,09af556eff0bcec6d4837d9ad93b7ae1bec527f630f43e6bf9218880e074ccca,0.12742921710014343,True,VREX,LINEAR_COMBINATION,LINEAR_COMBINATION,u010,LINEAR_COMBINATION,LINEAR_COMBINATION,True,LINEAR_COMBINATION,LINEAR_COMBINATION,12,0.09799721837043762,False
20,-1,0.1962169110774994,f63e497297404b82acf930ca92e5b8ceb48d7913ef6fe270ed6fc3617703c3e8,0.587170422077179,True,VREX,LINEAR_COMBINATION,LINEAR_COMBINATION,u010,LINEAR_COMBINATION,LINEAR_COMBINATION,True,LINEAR_COMBINATION,LINEAR_COMBINATION,12,0.44024842977523804,False
1,0,1.3785415887832642,64ab6c29330b70def9cbd5fda5ad20d973ee62e2631ad2f0a586bc402b14feea,20.573427200317383,True,CORAL,d392da3e75f071e39daf29ada6629c222c3794ea0f43096d490681d6918f1efc,b6249b3a9464b0bf11b7b23235f27ce888c97b8ac691c200aab449f601db52ed,u000,117be932637feacf83ccc6543b905f4ee68735c6c91c979249bd292703f53dbc,3410be18893f8f8743ea530ddb9da028ee91246b230e84534d6e929053e7fe80,True,117be932637feacf83ccc6543b905f4ee68735c6c91c979249bd292703f53dbc,3410be18893f8f8743ea530ddb9da028ee91246b230e84534d6e929053e7fe80,12,14.345952987670898,False
5,0,7.994613170623779,e2c30c5ee7af3006f7f2c0d4a3844ec105ea3443de9e5cb72b1363c534820e8c,167.5125732421875,True,CORAL,d6a1e7bc481385ef533939dee9ddaff9e2d3ae5b354d215653d167f326bd2a08,912f3e15a5cdc2693a57c67092492751f240f2299eeb47be6281053f0f5b12c7,u000,383a23f21237725457b900131fe70153ca822ed653949c0cb291177d71c9106b,165b66057abe8fe3e68fe47ef3f64d911345eaf0216ebf8fbb02102484d7338d,True,383a23f21237725457b900131fe70153ca822ed653949c0cb291177d71c9106b,165b66057abe8fe3e68fe47ef3f64d911345eaf0216ebf8fbb02102484d7338d,12,120.19847869873047,False
20,0,13.68979549407959,a14726f6eee7f177a3be74c8c373fff6f99b1f92265309827daaa1d2f00ec132,140.5777587890625,True,CORAL,79ccc9b77d5f1370746730a2662b260026ec11786cb5cd890bc97bec297f836e,a4d0fa5d14e16959fbc81c41781e64b62c1e96cf6efe8936b16ccf125dfae43b,u000,22393a8e252af20a94450da1a1e248493bc3e8296fe95584b65c4250d3a77452,ac40c2439d4f3b9882603bffd6f65642b0f77668e6b425f91003c65026f15845,True,22393a8e252af20a94450da1a1e248493bc3e8296fe95584b65c4250d3a77452,ac40c2439d4f3b9882603bffd6f65642b0f77668e6b425f91003c65026f15845,12,101.37921142578125,False
1,1,1.1699974536895752,64ab6c29330b70def9cbd5fda5ad20d973ee62e2631ad2f0a586bc402b14feea,20.95867919921875,True,CORAL,61bf777f1deaa5db798fe554681c33105060d86915867f88f16bd274195de459,4606a7173ac23f4491f81292f1205d10586968e6da3d0532d54fae3287650f3d,u001,e1a461fbe6c384841891ed675f221f687102ac96e406e7475bc42fca085fd7aa,17ff61879a368865f03e82a2dbb6894b31f26616da22645b6afa35dea3ecf91d,True,e1a461fbe6c384841891ed675f221f687102ac96e406e7475bc42fca085fd7aa,17ff61879a368865f03e82a2dbb6894b31f26616da22645b6afa35dea3ecf91d,12,14.630451202392578,False
5,1,7.40916109085083,e2c30c5ee7af3006f7f2c0d4a3844ec105ea3443de9e5cb72b1363c534820e8c,168.4414520263672,True,CORAL,095819dda7949c569df378d773aaceedd8d8225872b4acdf424832cf46d137e8,e615aa173549a31f27c9d41673b9ebeff31240538c66d118c1b3ac4421f234de,u001,9e6eac65ee39ee0acab50e8a45cea3fc4566ee492eb446f275663a78fddcf5da,351880b97b640debdbeee0ab42f3d7432dcb640ab3939cebe9342ade2c586b19,True,9e6eac65ee39ee0acab50e8a45cea3fc4566ee492eb446f275663a78fddcf5da,351880b97b640debdbeee0ab42f3d7432dcb640ab3939cebe9342ade2c586b19,12,120.81966400146484,False
20,1,15.56109619140625,a14726f6eee7f177a3be74c8c373fff6f99b1f92265309827daaa1d2f00ec132,139.70095825195312,True,CORAL,6ecfa81c0b5d2feb75add09365e2a32d4c967007d1830e265454c29728efd1cb,8033a1fdf689ee3fd0e562cab51b4d8007d5d0fa6670345aab1cf9dec3835308,u001,9b5e3dc33e49f07e6647af202e46b0253a2367930faba2b48a73871c27f6ec9f,4d1e5c1d8b9be5a2be0ed060f765535eaa8fa639329e52e89079d4993fa5e79a,True,9b5e3dc33e49f07e6647af202e46b0253a2367930faba2b48a73871c27f6ec9f,4d1e5c1d8b9be5a2be0ed060f765535eaa8fa639329e52e89079d4993fa5e79a,12,101.98014068603516,False
1,2,0.0,64ab6c29330b70def9cbd5fda5ad20d973ee62e2631ad2f0a586bc402b14feea,0.0,True,CORAL,LINEAR_COMBINATION,LINEAR_COMBINATION,u002,LINEAR_COMBINATION,LINEAR_COMBINATION,True,LINEAR_COMBINATION,LINEAR_COMBINATION,12,0.0,False
5,2,0.0,e2c30c5ee7af3006f7f2c0d4a3844ec105ea3443de9e5cb72b1363c534820e8c,0.0,True,CORAL,LINEAR_COMBINATION,LINEAR_COMBINATION,u002,LINEAR_COMBINATION,LINEAR_COMBINATION,True,LINEAR_COMBINATION,LINEAR_COMBINATION,12,0.0,False
20,2,0.0,a14726f6eee7f177a3be74c8c373fff6f99b1f92265309827daaa1d2f00ec132,0.0,True,CORAL,LINEAR_COMBINATION,LINEAR_COMBINATION,u002,LINEAR_COMBINATION,LINEAR_COMBINATION,True,LINEAR_COMBINATION,LINEAR_COMBINATION,12,0.0,False
1,3,2.3001039028167725,64ab6c29330b70def9cbd5fda5ad20d973ee62e2631ad2f0a586bc402b14feea,7.42359733581543,True,CORAL,f07b9267c9a03bf50cd7f9bc4e336407edda57c938b139ca8e799023031fc5d4,44398e42f02d21dac9030fbeb66b42d13f974cb4cdda942955122b422eddbe6f,u003,e7be7567da038975825fc032df22ff90183d493aaf36133b03c2d5b92d67ff7d,8b3dd419a51eedd929e9d7a2128773477c871ae067131ab2587041d1d6fce1a2,True,e7be7567da038975825fc032df22ff90183d493aaf36133b03c2d5b92d67ff7d,8b3dd419a51eedd929e9d7a2128773477c871ae067131ab2587041d1d6fce1a2,12,3.6582112312316895,False
5,3,16.43488883972168,e2c30c5ee7af3006f7f2c0d4a3844ec105ea3443de9e5cb72b1363c534820e8c,57.64011001586914,True,CORAL,27dae5c0a07647d20a43ec0aba5b853bc68d53a13f130f9c50bd0a982b05b2d6,e5f0bd35355c955052a11861a7a5452948da29e793360c4e4ed9322d3466a1ca,u003,baa3b6415c00397b03e36696616f2d5b5794046a5520e701f371e5d6e413de84,f33c0d448438cd0482996c5f363db43e23e3a9bc07d5681d53351a09a18dead9,True,baa3b6415c00397b03e36696616f2d5b5794046a5520e701f371e5d6e413de84,f33c0d448438cd0482996c5f363db43e23e3a9bc07d5681d53351a09a18dead9,12,23.37186050415039,False
20,3,71.67610931396484,a14726f6eee7f177a3be74c8c373fff6f99b1f92265309827daaa1d2f00ec132,128.0378875732422,True,CORAL,9804e831009f8650359e70566529d8d343874bf288372759ad00cdb77f8efdda,41bd474956b29f1d26342f234ff36d0cfd9c3922783918817f919139cf337c7e,u003,13c080684305c3d2e1749f8a4020e852b4be0841152a910d9baca21497b5a7e4,2fd63fa55dd6a2d683ef19d0af1ab7438e7293f8cf7169b024daa96c28763cc7,True,13c080684305c3d2e1749f8a4020e852b4be0841152a910d9baca21497b5a7e4,2fd63fa55dd6a2d683ef19d0af1ab7438e7293f8cf7169b024daa96c28763cc7,12,81.98786926269531,False
1,4,0.0,64ab6c29330b70def9cbd5fda5ad20d973ee62e2631ad2f0a586bc402b14feea,0.0,True,CORAL,LINEAR_COMBINATION,LINEAR_COMBINATION,u004,LINEAR_COMBINATION,LINEAR_COMBINATION,True,LINEAR_COMBINATION,LINEAR_COMBINATION,12,0.0,False
5,4,0.0,e2c30c5ee7af3006f7f2c0d4a3844ec105ea3443de9e5cb72b1363c534820e8c,0.0,True,CORAL,LINEAR_COMBINATION,LINEAR_COMBINATION,u004,LINEAR_COMBINATION,LINEAR_COMBINATION,True,LINEAR_COMBINATION,LINEAR_COMBINATION,12,0.0,False
20,4,0.0,a14726f6eee7f177a3be74c8c373fff6f99b1f92265309827daaa1d2f00ec132,0.0,True,CORAL,LINEAR_COMBINATION,LINEAR_COMBINATION,u004,LINEAR_COMBINATION,LINEAR_COMBINATION,True,LINEAR_COMBINATION,LINEAR_COMBINATION,12,0.0,False
1,-1,1.7951544523239136,64ab6c29330b70def9cbd5fda5ad20d973ee62e2631ad2f0a586bc402b14feea,29.363880157470703,True,CORAL,LINEAR_COMBINATION,LINEAR_COMBINATION,u005,LINEAR_COMBINATION,LINEAR_COMBINATION,True,LINEAR_COMBINATION,LINEAR_COMBINATION,12,20.487369537353516,False
5,-1,10.824576377868652,e2c30c5ee7af3006f7f2c0d4a3844ec105ea3443de9e5cb72b1363c534820e8c,237.5340576171875,True,CORAL,LINEAR_COMBINATION,LINEAR_COMBINATION,u005,LINEAR_COMBINATION,LINEAR_COMBINATION,True,LINEAR_COMBINATION,LINEAR_COMBINATION,12,170.4170684814453,False
20,-1,20.58113670349121,a14726f6eee7f177a3be74c8c373fff6f99b1f92265309827daaa1d2f00ec132,198.0926971435547,True,CORAL,LINEAR_COMBINATION,LINEAR_COMBINATION,u005,LINEAR_COMBINATION,LINEAR_COMBINATION,True,LINEAR_COMBINATION,LINEAR_COMBINATION,12,143.7519989013672,False
1,-1,0.21608342230319977,64ab6c29330b70def9cbd5fda5ad20d973ee62e2631ad2f0a586bc402b14feea,0.542880117893219,True,CORAL,LINEAR_COMBINATION,LINEAR_COMBINATION,u006,LINEAR_COMBINATION,LINEAR_COMBINATION,True,LINEAR_COMBINATION,LINEAR_COMBINATION,12,0.3524504005908966,False
5,-1,1.279866337776184,e2c30c5ee7af3006f7f2c0d4a3844ec105ea3443de9e5cb72b1363c534820e8c,3.2477922439575195,True,CORAL,LINEAR_COMBINATION,LINEAR_COMBINATION,u006,LINEAR_COMBINATION,LINEAR_COMBINATION,True,LINEAR_COMBINATION,LINEAR_COMBINATION,12,1.7569687366485596,False
20,-1,2.4443740844726562,a14726f6eee7f177a3be74c8c373fff6f99b1f92265309827daaa1d2f00ec132,6.144111156463623,True,CORAL,LINEAR_COMBINATION,LINEAR_COMBINATION,u006,LINEAR_COMBINATION,LINEAR_COMBINATION,True,LINEAR_COMBINATION,LINEAR_COMBINATION,12,3.6132218837738037,False
1,-1,1.269365906715393,64ab6c29330b70def9cbd5fda5ad20d973ee62e2631ad2f0a586bc402b14feea,20.763399124145508,True,CORAL,LINEAR_COMBINATION,LINEAR_COMBINATION,u007,LINEAR_COMBINATION,LINEAR_COMBINATION,True,LINEAR_COMBINATION,LINEAR_COMBINATION,12,14.486757278442383,False
5,-1,7.654131889343262,e2c30c5ee7af3006f7f2c0d4a3844ec105ea3443de9e5cb72b1363c534820e8c,167.96194458007812,True,CORAL,LINEAR_COMBINATION,LINEAR_COMBINATION,u007,LINEAR_COMBINATION,LINEAR_COMBINATION,True,LINEAR_COMBINATION,LINEAR_COMBINATION,12,120.50306701660156,False
20,-1,14.553062438964844,a14726f6eee7f177a3be74c8c373fff6f99b1f92265309827daaa1d2f00ec132,140.07269287109375,True,CORAL,LINEAR_COMBINATION,LINEAR_COMBINATION,u007,LINEAR_COMBINATION,LINEAR_COMBINATION,True,LINEAR_COMBINATION,LINEAR_COMBINATION,12,101.64801788330078,False
1,-1,1.269365906715393,64ab6c29330b70def9cbd5fda5ad20d973ee62e2631ad2f0a586bc402b14feea,20.763399124145508,True,CORAL,LINEAR_COMBINATION,LINEAR_COMBINATION,u008,LINEAR_COMBINATION,LINEAR_COMBINATION,True,LINEAR_COMBINATION,LINEAR_COMBINATION,12,14.486757278442383,False
5,-1,7.654131889343262,e2c30c5ee7af3006f7f2c0d4a3844ec105ea3443de9e5cb72b1363c534820e8c,167.96194458007812,True,CORAL,LINEAR_COMBINATION,LINEAR_COMBINATION,u008,LINEAR_COMBINATION,LINEAR_COMBINATION,True,LINEAR_COMBINATION,LINEAR_COMBINATION,12,120.50306701660156,False
20,-1,14.553062438964844,a14726f6eee7f177a3be74c8c373fff6f99b1f92265309827daaa1d2f00ec132,140.07269287109375,True,CORAL,LINEAR_COMBINATION,LINEAR_COMBINATION,u008,LINEAR_COMBINATION,LINEAR_COMBINATION,True,LINEAR_COMBINATION,LINEAR_COMBINATION,12,101.64801788330078,False
1,-1,1.626418948173523,64ab6c29330b70def9cbd5fda5ad20d973ee62e2631ad2f0a586bc402b14feea,5.249276161193848,True,CORAL,LINEAR_COMBINATION,LINEAR_COMBINATION,u009,LINEAR_COMBINATION,LINEAR_COMBINATION,True,LINEAR_COMBINATION,LINEAR_COMBINATION,12,2.5867459774017334,False
5,-1,11.621221542358398,e2c30c5ee7af3006f7f2c0d4a3844ec105ea3443de9e5cb72b1363c534820e8c,40.75770950317383,True,CORAL,LINEAR_COMBINATION,LINEAR_COMBINATION,u009,LINEAR_COMBINATION,LINEAR_COMBINATION,True,LINEAR_COMBINATION,LINEAR_COMBINATION,12,16.52640151977539,False
20,-1,50.68266296386719,a14726f6eee7f177a3be74c8c373fff6f99b1f92265309827daaa1d2f00ec132,90.53645324707031,True,CORAL,LINEAR_COMBINATION,LINEAR_COMBINATION,u009,LINEAR_COMBINATION,LINEAR_COMBINATION,True,LINEAR_COMBINATION,LINEAR_COMBINATION,12,57.974178314208984,False
1,-1,1.626418948173523,64ab6c29330b70def9cbd5fda5ad20d973ee62e2631ad2f0a586bc402b14feea,5.249276161193848,True,CORAL,LINEAR_COMBINATION,LINEAR_COMBINATION,u010,LINEAR_COMBINATION,LINEAR_COMBINATION,True,LINEAR_COMBINATION,LINEAR_COMBINATION,12,2.5867459774017334,False
5,-1,11.621221542358398,e2c30c5ee7af3006f7f2c0d4a3844ec105ea3443de9e5cb72b1363c534820e8c,40.75770950317383,True,CORAL,LINEAR_COMBINATION,LINEAR_COMBINATION,u010,LINEAR_COMBINATION,LINEAR_COMBINATION,True,LINEAR_COMBINATION,LINEAR_COMBINATION,12,16.52640151977539,False
20,-1,50.68266296386719,a14726f6eee7f177a3be74c8c373fff6f99b1f92265309827daaa1d2f00ec132,90.53645324707031,True,CORAL,LINEAR_COMBINATION,LINEAR_COMBINATION,u010,LINEAR_COMBINATION,LINEAR_COMBINATION,True,LINEAR_COMBINATION,LINEAR_COMBINATION,12,57.974178314208984,False
1,0,1.5496002435684204,72e80fa46ee7a2763269dfe1b2d9bcdb2b54fc8de3d190fb86e27d770563ee48,20.49396324157715,True,ERM,f0f829f5177d670c7ecfa4293970a3a62305802dc4759d943560aa96c688bda7,6bbcaef9e3d8f5ad626e3728deb079d30436f78f3cff3c0fe39d14610d522055,u000,51a02922776c5b36f895894e8619483104fd83c4646902225360878dd1c38157,c0318faa3b6d2bfdc5e5084322a034ba5ca4e9827880a8ea226e9feed8e04fce,True,51a02922776c5b36f895894e8619483104fd83c4646902225360878dd1c38157,c0318faa3b6d2bfdc5e5084322a034ba5ca4e9827880a8ea226e9feed8e04fce,13,14.463955879211426,False
5,0,6.5516252517700195,69f27fe512ea2ddaa429cf865ce4a22dd6a1de883155577fdae871390c5debcf,173.02005004882812,True,ERM,79482c018827c9bc39da5b7347f3201ba497f8326b713a75d5a253bff85774dd,f36e2f17caeb4d45244682799530f51c31f6c6c0bffe4127452623f5c1430f33,u000,8b26dd6071121b2cc9ca5263940e8e6f3009811ae6612b6df41134f9aac8d321,5e78c2446de13d55994cc282b0c14fcb372d76d8a997ffe1651641a8ea4cdb13,True,8b26dd6071121b2cc9ca5263940e8e6f3009811ae6612b6df41134f9aac8d321,5e78c2446de13d55994cc282b0c14fcb372d76d8a997ffe1651641a8ea4cdb13,13,123.84717559814453,False
20,0,8.299971580505371,191332f8fe5e34dea681221d0197c862ff3e5031c7f229fd40d10b1f4be5210e,145.36129760742188,True,ERM,0909ac042789ae6664cc067054abab652c41618173a324afd8c181c076c62820,eade351ee7e18667c946ba6cf266375c7dd6d2b4105c24fef5fce89e7fd2449b,u000,2172fd9cd517d7c481ba453ea528aef74abe7b99d7a5f95a3cbf2f0181697a51,f1e0da1f729aa6003f74d01a1ffe721f5d9299fb996c549ef50d18df116dcc7e,True,2172fd9cd517d7c481ba453ea528aef74abe7b99d7a5f95a3cbf2f0181697a51,f1e0da1f729aa6003f74d01a1ffe721f5d9299fb996c549ef50d18df116dcc7e,13,105.83635711669922,False
1,1,1.594623327255249,72e80fa46ee7a2763269dfe1b2d9bcdb2b54fc8de3d190fb86e27d770563ee48,21.230722427368164,True,ERM,33b132a26ce82e56d1787a7b44745fff473ea791116c0167b60fd3a2dd5b38c7,1038d616215b602ff38e01144f7cf4af3e9df322e3eaa86b831615c89d71eb7d,u001,951f5971eee4013a8ccc9350fd0104587ea3af698703604b6c036183e919a524,b4725fbadb094c6b4bbd22789554da3712f0cd5efe9a87c4a2472ad9dbd32f28,True,951f5971eee4013a8ccc9350fd0104587ea3af698703604b6c036183e919a524,b4725fbadb094c6b4bbd22789554da3712f0cd5efe9a87c4a2472ad9dbd32f28,13,15.001311302185059,False
5,1,7.179577827453613,69f27fe512ea2ddaa429cf865ce4a22dd6a1de883155577fdae871390c5debcf,175.85862731933594,True,ERM,286e99386b03edc4c2842387f15858a3bd16302675d4595d6aa15d5c5863d72e,a44e1c8813afd0fcecbf47be4ac63fa7474d0b9762775c740d09a0d7a85fb755,u001,5fdca6191af24b9dd7c6cc227d8542916b98a48a27fbcca23d2dd9c1a684c6ae,33b25a34d452743a462e4072220b589d688575824089a0553cdeb8c213d92da8,True,5fdca6191af24b9dd7c6cc227d8542916b98a48a27fbcca23d2dd9c1a684c6ae,33b25a34d452743a462e4072220b589d688575824089a0553cdeb8c213d92da8,13,125.90516662597656,False
20,1,10.380959510803223,191332f8fe5e34dea681221d0197c862ff3e5031c7f229fd40d10b1f4be5210e,148.70448303222656,True,ERM,886cabef3d8e386f3876040953fc6fa8283f499fa4a5937ccd617efebdfce1e7,720683bc77c8ac9756f4f0e0f71c025ba230432025dd331d95c01f3e6e29366f,u001,c1afddbb7885b76ff17a47304b51cdb19d2b600ba21cead01993d106cf9ba392,1f8f42eddeb35a879939a76d181bf387ab597a80dc643112e34d816e71c52c4e,True,c1afddbb7885b76ff17a47304b51cdb19d2b600ba21cead01993d106cf9ba392,1f8f42eddeb35a879939a76d181bf387ab597a80dc643112e34d816e71c52c4e,13,107.7486343383789,False
1,2,0.0,72e80fa46ee7a2763269dfe1b2d9bcdb2b54fc8de3d190fb86e27d770563ee48,0.0,True,ERM,LINEAR_COMBINATION,LINEAR_COMBINATION,u002,LINEAR_COMBINATION,LINEAR_COMBINATION,True,LINEAR_COMBINATION,LINEAR_COMBINATION,13,0.0,False
5,2,0.0,69f27fe512ea2ddaa429cf865ce4a22dd6a1de883155577fdae871390c5debcf,0.0,True,ERM,LINEAR_COMBINATION,LINEAR_COMBINATION,u002,LINEAR_COMBINATION,LINEAR_COMBINATION,True,LINEAR_COMBINATION,LINEAR_COMBINATION,13,0.0,False
20,2,0.0,191332f8fe5e34dea681221d0197c862ff3e5031c7f229fd40d10b1f4be5210e,0.0,True,ERM,LINEAR_COMBINATION,LINEAR_COMBINATION,u002,LINEAR_COMBINATION,LINEAR_COMBINATION,True,LINEAR_COMBINATION,LINEAR_COMBINATION,13,0.0,False
1,3,1.8265564441680908,72e80fa46ee7a2763269dfe1b2d9bcdb2b54fc8de3d190fb86e27d770563ee48,7.416531562805176,True,ERM,5115e2a7f5192b9805c9e1c72984a34ec7775af40b522e1187cfe40622316114,06ee23b8ba5f39006eab712632ec4d1250d3cac39b29bb72f73c33a382177c30,u003,9bd48e72338eda4e596e932f01d6d784207ec58a4fd48a30f912d723b6388cc2,b6290f49f7ee88def3a2699f10a4e5686fa83f31a60c8649796f281c0b51e117,True,9bd48e72338eda4e596e932f01d6d784207ec58a4fd48a30f912d723b6388cc2,b6290f49f7ee88def3a2699f10a4e5686fa83f31a60c8649796f281c0b51e117,13,4.027482509613037,False
5,3,16.161415100097656,69f27fe512ea2ddaa429cf865ce4a22dd6a1de883155577fdae871390c5debcf,59.91891098022461,True,ERM,58c559150fc740678be82a644a7c16feb581ad4634712dc6c6f67e2895de337a,ca77a8ce5a9f4c4f91e1e11f357b151a448a5331ab78c731fb4ec9e56690d601,u003,4f8f6baa7b3cc56729fb58cc97ea53adf0f5c0e0e8b6a122059e2d32ab139ef7,ce3075de3b18d192a4e3f888fd51b3b42d1684e4daa384364d8179fa2571caa3,True,4f8f6baa7b3cc56729fb58cc97ea53adf0f5c0e0e8b6a122059e2d32ab139ef7,ce3075de3b18d192a4e3f888fd51b3b42d1684e4daa384364d8179fa2571caa3,13,27.344345092773438,False
20,3,77.23704528808594,191332f8fe5e34dea681221d0197c862ff3e5031c7f229fd40d10b1f4be5210e,123.1296615600586,True,ERM,d7ee2f7e925abfb4c9e7d5842e33f8181e8062be6975531a2ebe3f7624c9ac88,3faa5a4dce2407ae44b421f5741520f83b5c0d3cf8a3c4ec99ce62074356b2e1,u003,3e99374b3f68490f888cc163abcd236ff4e2e3a8206cb11668e2ef8a1687e37e,bb227e3dd658510503285f9037ff16e92e12fd665c405f02f859ab94d9fb278e,True,3e99374b3f68490f888cc163abcd236ff4e2e3a8206cb11668e2ef8a1687e37e,bb227e3dd658510503285f9037ff16e92e12fd665c405f02f859ab94d9fb278e,13,81.01508331298828,False
1,4,0.0,72e80fa46ee7a2763269dfe1b2d9bcdb2b54fc8de3d190fb86e27d770563ee48,0.0,True,ERM,LINEAR_COMBINATION,LINEAR_COMBINATION,u004,LINEAR_COMBINATION,LINEAR_COMBINATION,True,LINEAR_COMBINATION,LINEAR_COMBINATION,13,0.0,False
5,4,0.0,69f27fe512ea2ddaa429cf865ce4a22dd6a1de883155577fdae871390c5debcf,0.0,True,ERM,LINEAR_COMBINATION,LINEAR_COMBINATION,u004,LINEAR_COMBINATION,LINEAR_COMBINATION,True,LINEAR_COMBINATION,LINEAR_COMBINATION,13,0.0,False
20,4,0.0,191332f8fe5e34dea681221d0197c862ff3e5031c7f229fd40d10b1f4be5210e,0.0,True,ERM,LINEAR_COMBINATION,LINEAR_COMBINATION,u004,LINEAR_COMBINATION,LINEAR_COMBINATION,True,LINEAR_COMBINATION,LINEAR_COMBINATION,13,0.0,False
1,-1,2.218888998031616,72e80fa46ee7a2763269dfe1b2d9bcdb2b54fc8de3d190fb86e27d770563ee48,29.500831604003906,True,ERM,LINEAR_COMBINATION,LINEAR_COMBINATION,u005,LINEAR_COMBINATION,LINEAR_COMBINATION,True,LINEAR_COMBINATION,LINEAR_COMBINATION,13,20.833547592163086,False
5,-1,9.610188484191895,69f27fe512ea2ddaa429cf865ce4a22dd6a1de883155577fdae871390c5debcf,246.67767333984375,True,ERM,LINEAR_COMBINATION,LINEAR_COMBINATION,u005,LINEAR_COMBINATION,LINEAR_COMBINATION,True,LINEAR_COMBINATION,LINEAR_COMBINATION,13,176.59490966796875,False
20,-1,12.864218711853027,191332f8fe5e34dea681221d0197c862ff3e5031c7f229fd40d10b1f4be5210e,207.8525848388672,True,ERM,LINEAR_COMBINATION,LINEAR_COMBINATION,u005,LINEAR_COMBINATION,LINEAR_COMBINATION,True,LINEAR_COMBINATION,LINEAR_COMBINATION,13,150.98336791992188,False
1,-1,0.1435842663049698,72e80fa46ee7a2763269dfe1b2d9bcdb2b54fc8de3d190fb86e27d770563ee48,0.6687561869621277,True,ERM,LINEAR_COMBINATION,LINEAR_COMBINATION,u006,LINEAR_COMBINATION,LINEAR_COMBINATION,True,LINEAR_COMBINATION,LINEAR_COMBINATION,13,0.45669975876808167,False
5,-1,1.4541071653366089,69f27fe512ea2ddaa429cf865ce4a22dd6a1de883155577fdae871390c5debcf,3.508882761001587,True,ERM,LINEAR_COMBINATION,LINEAR_COMBINATION,u006,LINEAR_COMBINATION,LINEAR_COMBINATION,True,LINEAR_COMBINATION,LINEAR_COMBINATION,13,2.1157381534576416,False
20,-1,3.341515302658081,191332f8fe5e34dea681221d0197c862ff3e5031c7f229fd40d10b1f4be5210e,6.343931674957275,True,ERM,LINEAR_COMBINATION,LINEAR_COMBINATION,u006,LINEAR_COMBINATION,LINEAR_COMBINATION,True,LINEAR_COMBINATION,LINEAR_COMBINATION,13,3.8894100189208984,False
1,-1,1.5689914226531982,72e80fa46ee7a2763269dfe1b2d9bcdb2b54fc8de3d190fb86e27d770563ee48,20.86023712158203,True,ERM,LINEAR_COMBINATION,LINEAR_COMBINATION,u007,LINEAR_COMBINATION,LINEAR_COMBINATION,True,LINEAR_COMBINATION,LINEAR_COMBINATION,13,14.731544494628906,False
5,-1,6.795429229736328,69f27fe512ea2ddaa429cf865ce4a22dd6a1de883155577fdae871390c5debcf,174.42745971679688,True,ERM,LINEAR_COMBINATION,LINEAR_COMBINATION,u007,LINEAR_COMBINATION,LINEAR_COMBINATION,True,LINEAR_COMBINATION,LINEAR_COMBINATION,13,124.8714599609375,False
20,-1,9.096376419067383,191332f8fe5e34dea681221d0197c862ff3e5031c7f229fd40d10b1f4be5210e,146.97396850585938,True,ERM,LINEAR_COMBINATION,LINEAR_COMBINATION,u007,LINEAR_COMBINATION,LINEAR_COMBINATION,True,LINEAR_COMBINATION,LINEAR_COMBINATION,13,106.76136016845703,False
1,-1,1.5689914226531982,72e80fa46ee7a2763269dfe1b2d9bcdb2b54fc8de3d190fb86e27d770563ee48,20.86023712158203,True,ERM,LINEAR_COMBINATION,LINEAR_COMBINATION,u008,LINEAR_COMBINATION,LINEAR_COMBINATION,True,LINEAR_COMBINATION,LINEAR_COMBINATION,13,14.731544494628906,False
5,-1,6.795429229736328,69f27fe512ea2ddaa429cf865ce4a22dd6a1de883155577fdae871390c5debcf,174.42745971679688,True,ERM,LINEAR_COMBINATION,LINEAR_COMBINATION,u008,LINEAR_COMBINATION,LINEAR_COMBINATION,True,LINEAR_COMBINATION,LINEAR_COMBINATION,13,124.8714599609375,False
20,-1,9.096376419067383,191332f8fe5e34dea681221d0197c862ff3e5031c7f229fd40d10b1f4be5210e,146.97396850585938,True,ERM,LINEAR_COMBINATION,LINEAR_COMBINATION,u008,LINEAR_COMBINATION,LINEAR_COMBINATION,True,LINEAR_COMBINATION,LINEAR_COMBINATION,13,106.76136016845703,False
1,-1,1.2915704250335693,72e80fa46ee7a2763269dfe1b2d9bcdb2b54fc8de3d190fb86e27d770563ee48,5.244279861450195,True,ERM,LINEAR_COMBINATION,LINEAR_COMBINATION,u009,LINEAR_COMBINATION,LINEAR_COMBINATION,True,LINEAR_COMBINATION,LINEAR_COMBINATION,13,2.847860097885132,False
5,-1,11.42784595489502,69f27fe512ea2ddaa429cf865ce4a22dd6a1de883155577fdae871390c5debcf,42.36906814575195,True,ERM,LINEAR_COMBINATION,LINEAR_COMBINATION,u009,LINEAR_COMBINATION,LINEAR_COMBINATION,True,LINEAR_COMBINATION,LINEAR_COMBINATION,13,19.335372924804688,False
20,-1,54.61484146118164,191332f8fe5e34dea681221d0197c862ff3e5031c7f229fd40d10b1f4be5210e,87.0658187866211,True,ERM,LINEAR_COMBINATION,LINEAR_COMBINATION,u009,LINEAR_COMBINATION,LINEAR_COMBINATION,True,LINEAR_COMBINATION,LINEAR_COMBINATION,13,57.286312103271484,False
1,-1,1.2915704250335693,72e80fa46ee7a2763269dfe1b2d9bcdb2b54fc8de3d190fb86e27d770563ee48,5.244279861450195,True,ERM,LINEAR_COMBINATION,LINEAR_COMBINATION,u010,LINEAR_COMBINATION,LINEAR_COMBINATION,True,LINEAR_COMBINATION,LINEAR_COMBINATION,13,2.847860097885132,False
5,-1,11.42784595489502,69f27fe512ea2ddaa429cf865ce4a22dd6a1de883155577fdae871390c5debcf,42.36906814575195,True,ERM,LINEAR_COMBINATION,LINEAR_COMBINATION,u010,LINEAR_COMBINATION,LINEAR_COMBINATION,True,LINEAR_COMBINATION,LINEAR_COMBINATION,13,19.335372924804688,False
20,-1,54.61484146118164,191332f8fe5e34dea681221d0197c862ff3e5031c7f229fd40d10b1f4be5210e,87.0658187866211,True,ERM,LINEAR_COMBINATION,LINEAR_COMBINATION,u010,LINEAR_COMBINATION,LINEAR_COMBINATION,True,LINEAR_COMBINATION,LINEAR_COMBINATION,13,57.286312103271484,False
1,0,0.028327157720923424,730a180fd66132f091711b165087f1b2da92bd25c276a772da771b32ea3f1152,0.1148214116692543,True,IRMv1,fd76a311f5b5f52dce7af681ea0c901b4926121e5d76fe702112dd5b9babd617,a1d59dd5fa45f95053d73188c76fe6a8a5f276002539a87768ebb4124aebd457,u000,66b663a665101658787d9effcb42ec5a74080eb1b3897c9e85c3019dd8abc741,d5b4e7f2f73ba90b726e4cd9fc7316c0f3a838d248d85ec5e24ce2d9648d5d33,True,66b663a665101658787d9effcb42ec5a74080eb1b3897c9e85c3019dd8abc741,d5b4e7f2f73ba90b726e4cd9fc7316c0f3a838d248d85ec5e24ce2d9648d5d33,13,0.09087932109832764,False
5,0,0.3096601665019989,bf5c2442768534cc9668a23f88f20798ad12282177ed1c22f95b519472c70902,1.2931519746780396,True,IRMv1,6dd755aeddb715a5d115b8e95e3e90aab9225713b09cc0f36d776c9a7479028c,e50b17a8ee30d5fd9dce3e55afd9918159e1dac8c2725cd657c0e9157413215c,u000,1234dc5a9c1875a9648a455b75ca9f75eefd5db10fe4fea2b451cbaa905c90b3,3722c4a7b1e9841434911bbe87a75e93561a005542e83d507ca256292fdc3611,True,1234dc5a9c1875a9648a455b75ca9f75eefd5db10fe4fea2b451cbaa905c90b3,3722c4a7b1e9841434911bbe87a75e93561a005542e83d507ca256292fdc3611,13,1.0217477083206177,False
20,0,1.2636789083480835,993af8398e82a1b04b639ed5247296cf255b2f4b36b510d84b6dceb02d3bad23,2.1699323654174805,True,IRMv1,7e56aaa5fae0e708abe2d7d0311f62bdfc4ce8969c452797b166efc903a54c8a,b9788f173d13289fcc0faf643086d3b729b771d10cb0d216387923a90e1fbcce,u000,cb590b103c788a828ea339435cf98d4a0735a82b73c23b63ac145df8cc2055e8,c816ffed29aaad9bc6fa4d2bccb4e1f4f7300d53b330bffb651b77d36f0c7167,True,cb590b103c788a828ea339435cf98d4a0735a82b73c23b63ac145df8cc2055e8,c816ffed29aaad9bc6fa4d2bccb4e1f4f7300d53b330bffb651b77d36f0c7167,13,1.9388601779937744,False
1,1,0.04564546421170235,730a180fd66132f091711b165087f1b2da92bd25c276a772da771b32ea3f1152,0.5488823056221008,True,IRMv1,444a5dd6b1b3539460a0f1ffb1bb4e645ba0138f4727a2abf10c938c128ec0d9,6d6c97a69a888fada1f72618ea6e5337a675c15af47866da4548fe121709c3db,u001,c55ec7671a14dc346f6d22dbbc31bca4bda9e5317ee3fb7306296f17d33dd333,968768682755461f7613d37cbc91498b701a9047182fcd0514afc98ab37d7fa2,True,c55ec7671a14dc346f6d22dbbc31bca4bda9e5317ee3fb7306296f17d33dd333,968768682755461f7613d37cbc91498b701a9047182fcd0514afc98ab37d7fa2,13,0.445071280002594,False
5,1,0.2839714288711548,bf5c2442768534cc9668a23f88f20798ad12282177ed1c22f95b519472c70902,5.30640172958374,True,IRMv1,600cfcb057a49aab2da3dcfefdf1240e441e2ed9bd748681e88badca8e1f2b5f,d1f87b310fedea3fd7055cc98512dc249c29ba3c9a03a1e7f42639a549358540,u001,495e1fa3d05b6a3135218254060500d85e15ba541e9f2ab388fcbd045c70108b,7419812933193edc4a22724e4d0960f3486bcad4a1aab481a119e1c7a5f7cf33,True,495e1fa3d05b6a3135218254060500d85e15ba541e9f2ab388fcbd045c70108b,7419812933193edc4a22724e4d0960f3486bcad4a1aab481a119e1c7a5f7cf33,13,4.335371494293213,False
20,1,1.5387076139450073,993af8398e82a1b04b639ed5247296cf255b2f4b36b510d84b6dceb02d3bad23,3.312870740890503,True,IRMv1,8707ac2e4541fcc31fbdcfe51ec45d3b4c9d5778b7349529e5ea23f2cefbd228,ba02a35b515978ed94deabbe30d49006393894901a78f6f47107bad67d3bbdc4,u001,72954c1ac03525359b310ddc5dbf07f7319559862e28f9985e38837796c56c36,878629583ed6117adb23e8c4621060c3521a3718c73226e642aacd7dff3b0d68,True,72954c1ac03525359b310ddc5dbf07f7319559862e28f9985e38837796c56c36,878629583ed6117adb23e8c4621060c3521a3718c73226e642aacd7dff3b0d68,13,2.873849391937256,False
1,2,0.0,730a180fd66132f091711b165087f1b2da92bd25c276a772da771b32ea3f1152,0.0,True,IRMv1,LINEAR_COMBINATION,LINEAR_COMBINATION,u002,LINEAR_COMBINATION,LINEAR_COMBINATION,True,LINEAR_COMBINATION,LINEAR_COMBINATION,13,0.0,False
5,2,0.0,bf5c2442768534cc9668a23f88f20798ad12282177ed1c22f95b519472c70902,0.0,True,IRMv1,LINEAR_COMBINATION,LINEAR_COMBINATION,u002,LINEAR_COMBINATION,LINEAR_COMBINATION,True,LINEAR_COMBINATION,LINEAR_COMBINATION,13,0.0,False
20,2,0.0,993af8398e82a1b04b639ed5247296cf255b2f4b36b510d84b6dceb02d3bad23,0.0,True,IRMv1,LINEAR_COMBINATION,LINEAR_COMBINATION,u002,LINEAR_COMBINATION,LINEAR_COMBINATION,True,LINEAR_COMBINATION,LINEAR_COMBINATION,13,0.0,False
1,3,0.9105949997901917,730a180fd66132f091711b165087f1b2da92bd25c276a772da771b32ea3f1152,6.299530506134033,True,IRMv1,1a3d9fe8a0386a33d2e79a9570e72c5958e2bf16d1d687af20758d468a2a7b1c,f329a95b5e3ee00bb20e4a3498564d4e1e0a0c31d7b71a0473b65a031180f852,u003,80fd80cb9c31e71ad0b02fd7d81537473179f60fa19f0e2b92c2471e80a7e29b,0fd22c2c5179fe701e2ad75b8262b656c28493b39ec01803833daf2175970849,True,80fd80cb9c31e71ad0b02fd7d81537473179f60fa19f0e2b92c2471e80a7e29b,0fd22c2c5179fe701e2ad75b8262b656c28493b39ec01803833daf2175970849,13,5.044781684875488,False
5,3,6.429250717163086,bf5c2442768534cc9668a23f88f20798ad12282177ed1c22f95b519472c70902,47.58388137817383,True,IRMv1,a71a4439092e611564b4ff6c3db8e99ab64d759da0241cc8c962c99e8bf9f3e2,19514466e473953bc52a04ed5b34b6dbb3da1c8e631e7a7c1b79bb32dce7cbb4,u003,eb9a37aa508940ef6ef78d403e8a208140899a3be95a239758c1d40c76e7fcd2,0ccdec12cb20597a3cb561c6c088f1444733d5a8ba9fe0cb0abd1cc6ca6ddff2,True,eb9a37aa508940ef6ef78d403e8a208140899a3be95a239758c1d40c76e7fcd2,0ccdec12cb20597a3cb561c6c088f1444733d5a8ba9fe0cb0abd1cc6ca6ddff2,13,38.07600021362305,False
20,3,6.230396747589111,993af8398e82a1b04b639ed5247296cf255b2f4b36b510d84b6dceb02d3bad23,38.07307052612305,True,IRMv1,fa3e19818fcd3605d374097557ab24c0e551f284aad2cd7cc7deddd8227ec9f9,e85b638598c946119c077d54c101e6e3f31662a6e504bce328a25909055a1f65,u003,48f1d7bf7b949f43e2b72de13fe7ad262640f2b5f703033005b7034f33519e04,2aca7b9f9e95617d6d75efe5f0ebed8e926026b0e0be35cf6e124a33aab282f6,True,48f1d7bf7b949f43e2b72de13fe7ad262640f2b5f703033005b7034f33519e04,2aca7b9f9e95617d6d75efe5f0ebed8e926026b0e0be35cf6e124a33aab282f6,13,30.27153205871582,False
1,4,0.0,730a180fd66132f091711b165087f1b2da92bd25c276a772da771b32ea3f1152,0.0,True,IRMv1,LINEAR_COMBINATION,LINEAR_COMBINATION,u004,LINEAR_COMBINATION,LINEAR_COMBINATION,True,LINEAR_COMBINATION,LINEAR_COMBINATION,13,0.0,False
5,4,0.0,bf5c2442768534cc9668a23f88f20798ad12282177ed1c22f95b519472c70902,0.0,True,IRMv1,LINEAR_COMBINATION,LINEAR_COMBINATION,u004,LINEAR_COMBINATION,LINEAR_COMBINATION,True,LINEAR_COMBINATION,LINEAR_COMBINATION,13,0.0,False
20,4,0.0,993af8398e82a1b04b639ed5247296cf255b2f4b36b510d84b6dceb02d3bad23,0.0,True,IRMv1,LINEAR_COMBINATION,LINEAR_COMBINATION,u004,LINEAR_COMBINATION,LINEAR_COMBINATION,True,LINEAR_COMBINATION,LINEAR_COMBINATION,13,0.0,False
1,-1,0.05147576332092285,730a180fd66132f091711b165087f1b2da92bd25c276a772da771b32ea3f1152,0.4674000144004822,True,IRMv1,LINEAR_COMBINATION,LINEAR_COMBINATION,u005,LINEAR_COMBINATION,LINEAR_COMBINATION,True,LINEAR_COMBINATION,LINEAR_COMBINATION,13,0.3771759569644928,False
5,-1,0.39347487688064575,bf5c2442768534cc9668a23f88f20798ad12282177ed1c22f95b519472c70902,4.634350299835205,True,IRMv1,LINEAR_COMBINATION,LINEAR_COMBINATION,u005,LINEAR_COMBINATION,LINEAR_COMBINATION,True,LINEAR_COMBINATION,LINEAR_COMBINATION,13,3.7581729888916016,False
20,-1,0.21411585807800293,993af8398e82a1b04b639ed5247296cf255b2f4b36b510d84b6dceb02d3bad23,1.0793781280517578,True,IRMv1,LINEAR_COMBINATION,LINEAR_COMBINATION,u005,LINEAR_COMBINATION,LINEAR_COMBINATION,True,LINEAR_COMBINATION,LINEAR_COMBINATION,13,0.8335033059120178,False
1,-1,0.015368213877081871,730a180fd66132f091711b165087f1b2da92bd25c276a772da771b32ea3f1152,0.30982744693756104,True,IRMv1,LINEAR_COMBINATION,LINEAR_COMBINATION,u006,LINEAR_COMBINATION,LINEAR_COMBINATION,True,LINEAR_COMBINATION,LINEAR_COMBINATION,13,0.25315165519714355,False
5,-1,0.14733202755451202,bf5c2442768534cc9668a23f88f20798ad12282177ed1c22f95b519472c70902,2.8901453018188477,True,IRMv1,LINEAR_COMBINATION,LINEAR_COMBINATION,u006,LINEAR_COMBINATION,LINEAR_COMBINATION,True,LINEAR_COMBINATION,LINEAR_COMBINATION,13,2.390721321105957,False
20,-1,1.9795606136322021,993af8398e82a1b04b639ed5247296cf255b2f4b36b510d84b6dceb02d3bad23,3.810335874557495,True,IRMv1,LINEAR_COMBINATION,LINEAR_COMBINATION,u006,LINEAR_COMBINATION,LINEAR_COMBINATION,True,LINEAR_COMBINATION,LINEAR_COMBINATION,13,3.365035057067871,False
1,-1,0.03639886528253555,730a180fd66132f091711b165087f1b2da92bd25c276a772da771b32ea3f1152,0.3305017054080963,True,IRMv1,LINEAR_COMBINATION,LINEAR_COMBINATION,u007,LINEAR_COMBINATION,LINEAR_COMBINATION,True,LINEAR_COMBINATION,LINEAR_COMBINATION,13,0.26670369505882263,False
5,-1,0.2782287299633026,bf5c2442768534cc9668a23f88f20798ad12282177ed1c22f95b519472c70902,3.2769806385040283,True,IRMv1,LINEAR_COMBINATION,LINEAR_COMBINATION,u007,LINEAR_COMBINATION,LINEAR_COMBINATION,True,LINEAR_COMBINATION,LINEAR_COMBINATION,13,2.6574296951293945,False
20,-1,0.1514027714729309,993af8398e82a1b04b639ed5247296cf255b2f4b36b510d84b6dceb02d3bad23,0.7632356286048889,True,IRMv1,LINEAR_COMBINATION,LINEAR_COMBINATION,u007,LINEAR_COMBINATION,LINEAR_COMBINATION,True,LINEAR_COMBINATION,LINEAR_COMBINATION,13,0.5893758535385132,False
1,-1,0.03639886528253555,730a180fd66132f091711b165087f1b2da92bd25c276a772da771b32ea3f1152,0.3305017054080963,True,IRMv1,LINEAR_COMBINATION,LINEAR_COMBINATION,u008,LINEAR_COMBINATION,LINEAR_COMBINATION,True,LINEAR_COMBINATION,LINEAR_COMBINATION,13,0.26670369505882263,False
5,-1,0.2782287299633026,bf5c2442768534cc9668a23f88f20798ad12282177ed1c22f95b519472c70902,3.2769806385040283,True,IRMv1,LINEAR_COMBINATION,LINEAR_COMBINATION,u008,LINEAR_COMBINATION,LINEAR_COMBINATION,True,LINEAR_COMBINATION,LINEAR_COMBINATION,13,2.6574296951293945,False
20,-1,0.1514027714729309,993af8398e82a1b04b639ed5247296cf255b2f4b36b510d84b6dceb02d3bad23,0.7632356286048889,True,IRMv1,LINEAR_COMBINATION,LINEAR_COMBINATION,u008,LINEAR_COMBINATION,LINEAR_COMBINATION,True,LINEAR_COMBINATION,LINEAR_COMBINATION,13,0.5893758535385132,False
1,-1,0.6438878774642944,730a180fd66132f091711b165087f1b2da92bd25c276a772da771b32ea3f1152,4.454440593719482,True,IRMv1,LINEAR_COMBINATION,LINEAR_COMBINATION,u009,LINEAR_COMBINATION,LINEAR_COMBINATION,True,LINEAR_COMBINATION,LINEAR_COMBINATION,13,3.567199230194092,False
5,-1,4.546166896820068,bf5c2442768534cc9668a23f88f20798ad12282177ed1c22f95b519472c70902,33.646881103515625,True,IRMv1,LINEAR_COMBINATION,LINEAR_COMBINATION,u009,LINEAR_COMBINATION,LINEAR_COMBINATION,True,LINEAR_COMBINATION,LINEAR_COMBINATION,13,26.923795700073242,False
20,-1,4.405555725097656,993af8398e82a1b04b639ed5247296cf255b2f4b36b510d84b6dceb02d3bad23,26.92172622680664,True,IRMv1,LINEAR_COMBINATION,LINEAR_COMBINATION,u009,LINEAR_COMBINATION,LINEAR_COMBINATION,True,LINEAR_COMBINATION,LINEAR_COMBINATION,13,21.40520477294922,False
1,-1,0.6438878774642944,730a180fd66132f091711b165087f1b2da92bd25c276a772da771b32ea3f1152,4.454440593719482,True,IRMv1,LINEAR_COMBINATION,LINEAR_COMBINATION,u010,LINEAR_COMBINATION,LINEAR_COMBINATION,True,LINEAR_COMBINATION,LINEAR_COMBINATION,13,3.567199230194092,False
5,-1,4.546166896820068,bf5c2442768534cc9668a23f88f20798ad12282177ed1c22f95b519472c70902,33.646881103515625,True,IRMv1,LINEAR_COMBINATION,LINEAR_COMBINATION,u010,LINEAR_COMBINATION,LINEAR_COMBINATION,True,LINEAR_COMBINATION,LINEAR_COMBINATION,13,26.923795700073242,False
20,-1,4.405555725097656,993af8398e82a1b04b639ed5247296cf255b2f4b36b510d84b6dceb02d3bad23,26.92172622680664,True,IRMv1,LINEAR_COMBINATION,LINEAR_COMBINATION,u010,LINEAR_COMBINATION,LINEAR_COMBINATION,True,LINEAR_COMBINATION,LINEAR_COMBINATION,13,21.40520477294922,False
1,0,0.11395598202943802,183e4b8670a54d92b750c4740b1a542bb2148f6e0080f68bbe507f8e7f7ee62b,0.7461327314376831,True,VREX,f383e678f42b6ac9d1362f1cd4fa60f8818c669a0c0201d5d2f6c8b1261cc6f7,16c97bcb564ac2aa6d91f65121244ea6a8a3815722982d4222837ca7ceea48c4,u000,7a30b146b2f46d950cf0fbac15f1634b82ffff4b4c4d717b5a97d4fa3c14bf4e,089de89d834cd376b94f5da70fa3a862b0037266af73be09d92f8931cd8b5f00,True,7a30b146b2f46d950cf0fbac15f1634b82ffff4b4c4d717b5a97d4fa3c14bf4e,089de89d834cd376b94f5da70fa3a862b0037266af73be09d92f8931cd8b5f00,13,0.5935503244400024,False
5,0,0.765678882598877,e3e5bbf957be26256acf13c72b8e37aaa0a8f8f6c56e98bf5689ce53f4cd2360,5.892617702484131,True,VREX,452dcb81848281432cca0487e6703f21fb94e7c067a988e13a5b47f8b31158e5,cac81245691f516378ec5181e08a7ee7b176e7d2375e4c787af95aa3e1c2f5cd,u000,18448e2120c64e0486a0ead14af04fe603d7167428404c8ef6136dda4a734ca4,46ab966488f2571a603bb8bb22f0415369931b83a1f0a6e9c43b8cfeaba0491b,True,18448e2120c64e0486a0ead14af04fe603d7167428404c8ef6136dda4a734ca4,46ab966488f2571a603bb8bb22f0415369931b83a1f0a6e9c43b8cfeaba0491b,13,4.677167892456055,False
20,0,1.5250945091247559,3faef855a63a379cb962a6b1b89d6cd3efcb402f44cdd5f03691220dee91d5f3,5.045873641967773,True,VREX,496ba0d8559e51f186ac36fe008ec2cfa3eba809376d6a282f13841fd5ec8ad0,6b92487ec12b9ff462e82d442af0a689db9ea153863add376ca0805d4fa3f70b,u000,60be2a61297d112c69e167d473c1744768bf7ca5f8b53001c0b1252b1b414e71,9a44f338823ef8ba586da7dc2d0f14f6db77380860876264019a4a94e908ab1e,True,60be2a61297d112c69e167d473c1744768bf7ca5f8b53001c0b1252b1b414e71,9a44f338823ef8ba586da7dc2d0f14f6db77380860876264019a4a94e908ab1e,13,4.228163719177246,False
1,1,0.11802622675895691,183e4b8670a54d92b750c4740b1a542bb2148f6e0080f68bbe507f8e7f7ee62b,0.7835013270378113,True,VREX,098ab34b0bbaac3ef1854d9b54fa2c63edb792b8c52df6cea98e0c3c4a0373a5,ec9be18204872c37ecb6486025efa26d605ca54d6e76aa9e10d926193df6207d,u001,b722cf479ef5fa55ab2df546586ffc80cc5f5d0fcbf5292eab7f43b34d3dd002,797b2dc1bcfa21074a4a27b4e14292648cf384ac6dd31166ac41bdd98052bda8,True,b722cf479ef5fa55ab2df546586ffc80cc5f5d0fcbf5292eab7f43b34d3dd002,797b2dc1bcfa21074a4a27b4e14292648cf384ac6dd31166ac41bdd98052bda8,13,0.6216875314712524,False
5,1,0.7561798095703125,e3e5bbf957be26256acf13c72b8e37aaa0a8f8f6c56e98bf5689ce53f4cd2360,5.868139266967773,True,VREX,3e64cca8c6547e6b5018ac6df786fce20717332a793ccdcacbec7a58fc755059,d44993bf86f8611df796193709f6d4f8e8f1364cd73329fe6a19d93ec9543373,u001,a9ab84987924a8b22a1c9a42653153b11666ac1e59963291a16eb388a43c504d,2c26a825afb219a3b3dd7152f6c53f1e0aba3f0377a4c11de7445f7efb2e918a,True,a9ab84987924a8b22a1c9a42653153b11666ac1e59963291a16eb388a43c504d,2c26a825afb219a3b3dd7152f6c53f1e0aba3f0377a4c11de7445f7efb2e918a,13,4.651448726654053,False
20,1,1.518471598625183,3faef855a63a379cb962a6b1b89d6cd3efcb402f44cdd5f03691220dee91d5f3,5.063623905181885,True,VREX,040e1bdf2eef6721d25c4fe279b518dd1eb63855237b06e385d284a2739b750c,edef760db0341f88b052658cfb46d8b37aaa4bca4c5aab3cc8d5cd3efb8f052d,u001,ff196c4b0ab51be5bd383b34215abd5b672d4d4daf05ea406967c805aa568770,9e055383b7db46bb13bb2619f344a0b2a307c235d407be0b4615c9bd7933c98f,True,ff196c4b0ab51be5bd383b34215abd5b672d4d4daf05ea406967c805aa568770,9e055383b7db46bb13bb2619f344a0b2a307c235d407be0b4615c9bd7933c98f,13,4.257523059844971,False
1,2,0.0,183e4b8670a54d92b750c4740b1a542bb2148f6e0080f68bbe507f8e7f7ee62b,0.0,True,VREX,LINEAR_COMBINATION,LINEAR_COMBINATION,u002,LINEAR_COMBINATION,LINEAR_COMBINATION,True,LINEAR_COMBINATION,LINEAR_COMBINATION,13,0.0,False
5,2,0.0,e3e5bbf957be26256acf13c72b8e37aaa0a8f8f6c56e98bf5689ce53f4cd2360,0.0,True,VREX,LINEAR_COMBINATION,LINEAR_COMBINATION,u002,LINEAR_COMBINATION,LINEAR_COMBINATION,True,LINEAR_COMBINATION,LINEAR_COMBINATION,13,0.0,False
20,2,0.0,3faef855a63a379cb962a6b1b89d6cd3efcb402f44cdd5f03691220dee91d5f3,0.0,True,VREX,LINEAR_COMBINATION,LINEAR_COMBINATION,u002,LINEAR_COMBINATION,LINEAR_COMBINATION,True,LINEAR_COMBINATION,LINEAR_COMBINATION,13,0.0,False
1,3,0.008287562057375908,183e4b8670a54d92b750c4740b1a542bb2148f6e0080f68bbe507f8e7f7ee62b,0.014062531292438507,True,VREX,bea765530a0542137a9bfa5ee58a83b2f3299fcbd4b0f4df799694013ed1ebbd,d5492ca4472a4a19fbe133ef4bb043ce1367fa0a73b6b80be6a22f5f0cc48404,u003,75a9cacac3b95206818be100a6676cad5f5e6063bc50f0939ab7069f9b6d59a9,fde3e205141c5a793063791617e03b35ad93624a02d0e3206ae9e3ea216e01f5,True,75a9cacac3b95206818be100a6676cad5f5e6063bc50f0939ab7069f9b6d59a9,fde3e205141c5a793063791617e03b35ad93624a02d0e3206ae9e3ea216e01f5,13,0.010935653001070023,False
5,3,0.037546418607234955,e3e5bbf957be26256acf13c72b8e37aaa0a8f8f6c56e98bf5689ce53f4cd2360,0.21783994138240814,True,VREX,60e5e3ac0cbe3e066e179680fdefbc35827cb5d90d471bcb7906f0fa2e6d29a2,15986a930a03bc8c6dccde540998605b9147bd5ebca2aab89abbaf05236318b4,u003,bd0cc05911c83fdb914985f38659d7c463e72d9f463bc7350cd1d13349980955,c973228645c1465dcfda190c30bb3280e232e7c9cca65b711dd080a6f22217f1,True,bd0cc05911c83fdb914985f38659d7c463e72d9f463bc7350cd1d13349980955,c973228645c1465dcfda190c30bb3280e232e7c9cca65b711dd080a6f22217f1,13,0.18278606235980988,False
20,3,0.062481433153152466,3faef855a63a379cb962a6b1b89d6cd3efcb402f44cdd5f03691220dee91d5f3,0.19662944972515106,True,VREX,046dff84cfa3993628f0d2a4c49bcb572871a0d32ef36bae7b0b0f8ccbac92fc,bac8fde1928846edbe6e5acbe248c6db7d0e895ef3ed79dc4544bb69d95ab5e0,u003,ebf7bfef625cc173e9cbad5585e7eb46098513304997c67ac74f4ba8aef2d035,55ef03f0afb000a29ffc22389f682efa2f7b4c7760dc536de1948a4ee95e83e3,True,ebf7bfef625cc173e9cbad5585e7eb46098513304997c67ac74f4ba8aef2d035,55ef03f0afb000a29ffc22389f682efa2f7b4c7760dc536de1948a4ee95e83e3,13,0.1587596833705902,False
1,4,0.0,183e4b8670a54d92b750c4740b1a542bb2148f6e0080f68bbe507f8e7f7ee62b,0.0,True,VREX,LINEAR_COMBINATION,LINEAR_COMBINATION,u004,LINEAR_COMBINATION,LINEAR_COMBINATION,True,LINEAR_COMBINATION,LINEAR_COMBINATION,13,0.0,False
5,4,0.0,e3e5bbf957be26256acf13c72b8e37aaa0a8f8f6c56e98bf5689ce53f4cd2360,0.0,True,VREX,LINEAR_COMBINATION,LINEAR_COMBINATION,u004,LINEAR_COMBINATION,LINEAR_COMBINATION,True,LINEAR_COMBINATION,LINEAR_COMBINATION,13,0.0,False
20,4,0.0,3faef855a63a379cb962a6b1b89d6cd3efcb402f44cdd5f03691220dee91d5f3,0.0,True,VREX,LINEAR_COMBINATION,LINEAR_COMBINATION,u004,LINEAR_COMBINATION,LINEAR_COMBINATION,True,LINEAR_COMBINATION,LINEAR_COMBINATION,13,0.0,False
1,-1,0.0037564984522759914,183e4b8670a54d92b750c4740b1a542bb2148f6e0080f68bbe507f8e7f7ee62b,0.02712574601173401,True,VREX,LINEAR_COMBINATION,LINEAR_COMBINATION,u005,LINEAR_COMBINATION,LINEAR_COMBINATION,True,LINEAR_COMBINATION,LINEAR_COMBINATION,13,0.020417386665940285,False
5,-1,0.013744175434112549,e3e5bbf957be26256acf13c72b8e37aaa0a8f8f6c56e98bf5689ce53f4cd2360,0.041931744664907455,True,VREX,LINEAR_COMBINATION,LINEAR_COMBINATION,u005,LINEAR_COMBINATION,LINEAR_COMBINATION,True,LINEAR_COMBINATION,LINEAR_COMBINATION,13,0.03532256558537483,False
20,-1,0.0484832227230072,3faef855a63a379cb962a6b1b89d6cd3efcb402f44cdd5f03691220dee91d5f3,0.15104524791240692,True,VREX,LINEAR_COMBINATION,LINEAR_COMBINATION,u005,LINEAR_COMBINATION,LINEAR_COMBINATION,True,LINEAR_COMBINATION,LINEAR_COMBINATION,13,0.12671953439712524,False
1,-1,0.1640184074640274,183e4b8670a54d92b750c4740b1a542bb2148f6e0080f68bbe507f8e7f7ee62b,1.0815973281860352,True,VREX,LINEAR_COMBINATION,LINEAR_COMBINATION,u006,LINEAR_COMBINATION,LINEAR_COMBINATION,True,LINEAR_COMBINATION,LINEAR_COMBINATION,13,0.8592907190322876,False
5,-1,1.0760498046875,e3e5bbf957be26256acf13c72b8e37aaa0a8f8f6c56e98bf5689ce53f4cd2360,8.316022872924805,True,VREX,LINEAR_COMBINATION,LINEAR_COMBINATION,u006,LINEAR_COMBINATION,LINEAR_COMBINATION,True,LINEAR_COMBINATION,LINEAR_COMBINATION,13,6.596258163452148,False
20,-1,2.151585102081299,3faef855a63a379cb962a6b1b89d6cd3efcb402f44cdd5f03691220dee91d5f3,7.146909713745117,True,VREX,LINEAR_COMBINATION,LINEAR_COMBINATION,u006,LINEAR_COMBINATION,LINEAR_COMBINATION,True,LINEAR_COMBINATION,LINEAR_COMBINATION,13,5.998985290527344,False
1,-1,0.002656245371326804,183e4b8670a54d92b750c4740b1a542bb2148f6e0080f68bbe507f8e7f7ee62b,0.019180798903107643,True,VREX,LINEAR_COMBINATION,LINEAR_COMBINATION,u007,LINEAR_COMBINATION,LINEAR_COMBINATION,True,LINEAR_COMBINATION,LINEAR_COMBINATION,13,0.014437271282076836,False
5,-1,0.00971859972923994,e3e5bbf957be26256acf13c72b8e37aaa0a8f8f6c56e98bf5689ce53f4cd2360,0.029650220647454262,True,VREX,LINEAR_COMBINATION,LINEAR_COMBINATION,u007,LINEAR_COMBINATION,LINEAR_COMBINATION,True,LINEAR_COMBINATION,LINEAR_COMBINATION,13,0.024976821616292,False
20,-1,0.03428281471133232,3faef855a63a379cb962a6b1b89d6cd3efcb402f44cdd5f03691220dee91d5f3,0.10680513083934784,True,VREX,LINEAR_COMBINATION,LINEAR_COMBINATION,u007,LINEAR_COMBINATION,LINEAR_COMBINATION,True,LINEAR_COMBINATION,LINEAR_COMBINATION,13,0.08960425108671188,False
1,-1,0.002656245371326804,183e4b8670a54d92b750c4740b1a542bb2148f6e0080f68bbe507f8e7f7ee62b,0.019180798903107643,True,VREX,LINEAR_COMBINATION,LINEAR_COMBINATION,u008,LINEAR_COMBINATION,LINEAR_COMBINATION,True,LINEAR_COMBINATION,LINEAR_COMBINATION,13,0.014437271282076836,False
5,-1,0.00971859972923994,e3e5bbf957be26256acf13c72b8e37aaa0a8f8f6c56e98bf5689ce53f4cd2360,0.029650220647454262,True,VREX,LINEAR_COMBINATION,LINEAR_COMBINATION,u008,LINEAR_COMBINATION,LINEAR_COMBINATION,True,LINEAR_COMBINATION,LINEAR_COMBINATION,13,0.024976821616292,False
20,-1,0.03428281471133232,3faef855a63a379cb962a6b1b89d6cd3efcb402f44cdd5f03691220dee91d5f3,0.10680513083934784,True,VREX,LINEAR_COMBINATION,LINEAR_COMBINATION,u008,LINEAR_COMBINATION,LINEAR_COMBINATION,True,LINEAR_COMBINATION,LINEAR_COMBINATION,13,0.08960425108671188,False
1,-1,0.0058601913042366505,183e4b8670a54d92b750c4740b1a542bb2148f6e0080f68bbe507f8e7f7ee62b,0.009943711571395397,True,VREX,LINEAR_COMBINATION,LINEAR_COMBINATION,u009,LINEAR_COMBINATION,LINEAR_COMBINATION,True,LINEAR_COMBINATION,LINEAR_COMBINATION,13,0.007732674013823271,False
5,-1,0.0265493243932724,e3e5bbf957be26256acf13c72b8e37aaa0a8f8f6c56e98bf5689ce53f4cd2360,0.15403608977794647,True,VREX,LINEAR_COMBINATION,LINEAR_COMBINATION,u009,LINEAR_COMBINATION,LINEAR_COMBINATION,True,LINEAR_COMBINATION,LINEAR_COMBINATION,13,0.12924927473068237,False
20,-1,0.04418104514479637,3faef855a63a379cb962a6b1b89d6cd3efcb402f44cdd5f03691220dee91d5f3,0.13903802633285522,True,VREX,LINEAR_COMBINATION,LINEAR_COMBINATION,u009,LINEAR_COMBINATION,LINEAR_COMBINATION,True,LINEAR_COMBINATION,LINEAR_COMBINATION,13,0.11226003617048264,False
1,-1,0.0058601913042366505,183e4b8670a54d92b750c4740b1a542bb2148f6e0080f68bbe507f8e7f7ee62b,0.009943711571395397,True,VREX,LINEAR_COMBINATION,LINEAR_COMBINATION,u010,LINEAR_COMBINATION,LINEAR_COMBINATION,True,LINEAR_COMBINATION,LINEAR_COMBINATION,13,0.007732674013823271,False
5,-1,0.0265493243932724,e3e5bbf957be26256acf13c72b8e37aaa0a8f8f6c56e98bf5689ce53f4cd2360,0.15403608977794647,True,VREX,LINEAR_COMBINATION,LINEAR_COMBINATION,u010,LINEAR_COMBINATION,LINEAR_COMBINATION,True,LINEAR_COMBINATION,LINEAR_COMBINATION,13,0.12924927473068237,False
20,-1,0.04418104514479637,3faef855a63a379cb962a6b1b89d6cd3efcb402f44cdd5f03691220dee91d5f3,0.13903802633285522,True,VREX,LINEAR_COMBINATION,LINEAR_COMBINATION,u010,LINEAR_COMBINATION,LINEAR_COMBINATION,True,LINEAR_COMBINATION,LINEAR_COMBINATION,13,0.11226003617048264,False
1,0,1.6872694492340088,715e9d501a5684661c54ecf91dd420c0ec10285b255ac484d76ffcc17cc2b512,20.602985382080078,True,CORAL,f21aeeabe7d7580c8ab4f5e27112ebb57d33484ae54736d214843368786f0d88,e6a2110b25f3ada9ce9659c12331479eec9cb4ced64f9d0be4d501f73665a55b,u000,6c2d6b082cd7635c15e2c4e6d53a99a5fd867fcc1851c5a5ccd9e340eb7a5eb6,dd0ee5681725d969f8bf6d9535bacb17e45961b562b974bbe8f3e67d0aa66db5,True,6c2d6b082cd7635c15e2c4e6d53a99a5fd867fcc1851c5a5ccd9e340eb7a5eb6,dd0ee5681725d969f8bf6d9535bacb17e45961b562b974bbe8f3e67d0aa66db5,13,14.52707290649414,False
5,0,6.7471795082092285,c6a43b3a06765cbe864b8588dabc1a2439dd61e331cd5db7d259061916505853,173.02731323242188,True,CORAL,3e7d443a21a78f12c335a8f01db7551a236be1e987b51046c2194ff181f4195e,d3ab8d59f302a327f0a583ea392b02cb56a115d8a665d5ee682005e4709c3a78,u000,0192255f117db23abd1ef6aa63c5da644322e8c45b25546f8395dc30e72cf051,e95af494bacdc8b4b92940ccafd3757d1458eba874875c4344f091798f7b97b6,True,0192255f117db23abd1ef6aa63c5da644322e8c45b25546f8395dc30e72cf051,e95af494bacdc8b4b92940ccafd3757d1458eba874875c4344f091798f7b97b6,13,123.7094497680664,False
20,0,10.665538787841797,f5d0332ce93562d09bd9117b8c758c16eef410d58c60ced17a2bbdc15a486a1e,144.9583740234375,True,CORAL,9f615a6c7866f41aceae3bdf74cb0890d346b5a3940e3fcfc492ab5722f90a94,f8b2c5db896cd003b88c681d068e7296da0a4f2233425b55270796a8e36d8adb,u000,bbbd678ad889a01f118970704db7ebaed1c61403b9a6530ec9622bf8afaf4be0,216d398094f7a3be4ba9ddb9f1e00e54859ac80e806800c998bdd4ed5c47f828,True,bbbd678ad889a01f118970704db7ebaed1c61403b9a6530ec9622bf8afaf4be0,216d398094f7a3be4ba9ddb9f1e00e54859ac80e806800c998bdd4ed5c47f828,13,106.15986633300781,False
1,1,1.8413890600204468,715e9d501a5684661c54ecf91dd420c0ec10285b255ac484d76ffcc17cc2b512,21.32862091064453,True,CORAL,bfef5d15a88d7426a5ef623defed7e7782ff3fe8985cd3e0c1ac4655be99782a,dac617f85afa1a4b4bf73763affe7bb802f0ffa9a897f8065876f8cbc03ba59d,u001,f850e96a7b5aa138ba5202cd006558fb6e1285f3d0221d470eda7bc86283e0b2,05bad8af3340929f73bd8ce4beee42a1f436fdd01ad434be98073d00040f45c9,True,f850e96a7b5aa138ba5202cd006558fb6e1285f3d0221d470eda7bc86283e0b2,05bad8af3340929f73bd8ce4beee42a1f436fdd01ad434be98073d00040f45c9,13,15.038968086242676,False
5,1,7.233989238739014,c6a43b3a06765cbe864b8588dabc1a2439dd61e331cd5db7d259061916505853,175.54495239257812,True,CORAL,0910f4b7c6f5f91f0030492810a2f50925c589a3f2bf7058d18148dcbcdcee8c,540770a4a598a841fac508ef1bcd34126c54d1533828c4bcc539382781a28ec4,u001,48b5dfa1bc4304f97abd1edbf3c1e77eca958ddd1b0891da7fe3377dfcf624f4,ab92df76f7e0c8845fda8ac947db2ed959a6e88444d58957c0caf429d828b9ef,True,48b5dfa1bc4304f97abd1edbf3c1e77eca958ddd1b0891da7fe3377dfcf624f4,ab92df76f7e0c8845fda8ac947db2ed959a6e88444d58957c0caf429d828b9ef,13,125.51016998291016,False
20,1,12.773259162902832,f5d0332ce93562d09bd9117b8c758c16eef410d58c60ced17a2bbdc15a486a1e,147.90798950195312,True,CORAL,8c98c996a9f8c18c4dab7eb42aa51f6192c7f42f4060fb6eed3052b81ece2a4a,2a7e4ed4bbcfedb5b6df72e7c30babe3b9043772a7adc22f9c746dd17ae7c66d,u001,d26cb8b74d16b53a2ce353732db667a8e021e5c80930724c209373016d7e0106,8e2dcf86eace3356b8177122dd809130e6acb499cce2317f40046eebecbb9085,True,d26cb8b74d16b53a2ce353732db667a8e021e5c80930724c209373016d7e0106,8e2dcf86eace3356b8177122dd809130e6acb499cce2317f40046eebecbb9085,13,107.529541015625,False
1,2,0.0,715e9d501a5684661c54ecf91dd420c0ec10285b255ac484d76ffcc17cc2b512,0.0,True,CORAL,LINEAR_COMBINATION,LINEAR_COMBINATION,u002,LINEAR_COMBINATION,LINEAR_COMBINATION,True,LINEAR_COMBINATION,LINEAR_COMBINATION,13,0.0,False
5,2,0.0,c6a43b3a06765cbe864b8588dabc1a2439dd61e331cd5db7d259061916505853,0.0,True,CORAL,LINEAR_COMBINATION,LINEAR_COMBINATION,u002,LINEAR_COMBINATION,LINEAR_COMBINATION,True,LINEAR_COMBINATION,LINEAR_COMBINATION,13,0.0,False
20,2,0.0,f5d0332ce93562d09bd9117b8c758c16eef410d58c60ced17a2bbdc15a486a1e,0.0,True,CORAL,LINEAR_COMBINATION,LINEAR_COMBINATION,u002,LINEAR_COMBINATION,LINEAR_COMBINATION,True,LINEAR_COMBINATION,LINEAR_COMBINATION,13,0.0,False
1,3,1.9029395580291748,715e9d501a5684661c54ecf91dd420c0ec10285b255ac484d76ffcc17cc2b512,7.553001880645752,True,CORAL,f7e5135cd36a3c648b44c6f509d4ee42336ed10bd7a2c31b2f9b62ccd04f73ef,f7b916672a4d36f6a34cb8acfcdb51082542b71fa7cdb4ce532d704938142ec0,u003,a342b88918ec6f3737ed7be62c8720bbdbc09c5fd9d2a352f21eadd0812410ab,a5193b4d806d8886e08df345b4f309d37272cd4bfcd58cc89ba7e6289dd7162d,True,a342b88918ec6f3737ed7be62c8720bbdbc09c5fd9d2a352f21eadd0812410ab,a5193b4d806d8886e08df345b4f309d37272cd4bfcd58cc89ba7e6289dd7162d,13,4.096568584442139,False
5,3,16.550294876098633,c6a43b3a06765cbe864b8588dabc1a2439dd61e331cd5db7d259061916505853,59.719993591308594,True,CORAL,972cfd49365d761ee8e2a533d44a457a6078bf194a0e50ca32166ce8cbbbb1f6,f7f59f53daad2dce87caa474f2ce325c9383ff21c9131c2a6785f89e89e80362,u003,3e3846344ed67a92b628a8cb738132ef695989e89df7098a0e9f6bd3acde8541,bd1bab13bbce805e6029b65f844bdcca0661a5a75a0810d63a2a5458df3d526b,True,3e3846344ed67a92b628a8cb738132ef695989e89df7098a0e9f6bd3acde8541,bd1bab13bbce805e6029b65f844bdcca0661a5a75a0810d63a2a5458df3d526b,13,26.87751007080078,False
20,3,77.1826400756836,f5d0332ce93562d09bd9117b8c758c16eef410d58c60ced17a2bbdc15a486a1e,120.44864654541016,True,CORAL,2ecba10396821bbe97525a0dc693e201ddd23297f0c9ddbb6545fdb4624495a4,853052c609d83f2da7ff7faea462b1b0fabf5a740d4bac73bc9803d2e8cc0fbc,u003,0d5c98591ed76df9a8902d6414a6e5d8b16c843b58e1a69c279569cf9c9e5c95,d0586a2fa1a72f95936df2b2f2cfea76998b1b7f81dc237e90bbf411def27374,True,0d5c98591ed76df9a8902d6414a6e5d8b16c843b58e1a69c279569cf9c9e5c95,d0586a2fa1a72f95936df2b2f2cfea76998b1b7f81dc237e90bbf411def27374,13,79.72784423828125,False
1,4,0.0,715e9d501a5684661c54ecf91dd420c0ec10285b255ac484d76ffcc17cc2b512,0.0,True,CORAL,LINEAR_COMBINATION,LINEAR_COMBINATION,u004,LINEAR_COMBINATION,LINEAR_COMBINATION,True,LINEAR_COMBINATION,LINEAR_COMBINATION,13,0.0,False
5,4,0.0,c6a43b3a06765cbe864b8588dabc1a2439dd61e331cd5db7d259061916505853,0.0,True,CORAL,LINEAR_COMBINATION,LINEAR_COMBINATION,u004,LINEAR_COMBINATION,LINEAR_COMBINATION,True,LINEAR_COMBINATION,LINEAR_COMBINATION,13,0.0,False
20,4,0.0,f5d0332ce93562d09bd9117b8c758c16eef410d58c60ced17a2bbdc15a486a1e,0.0,True,CORAL,LINEAR_COMBINATION,LINEAR_COMBINATION,u004,LINEAR_COMBINATION,LINEAR_COMBINATION,True,LINEAR_COMBINATION,LINEAR_COMBINATION,13,0.0,False
1,-1,2.492453098297119,715e9d501a5684661c54ecf91dd420c0ec10285b255ac484d76ffcc17cc2b512,29.647382736206055,True,CORAL,LINEAR_COMBINATION,LINEAR_COMBINATION,u005,LINEAR_COMBINATION,LINEAR_COMBINATION,True,LINEAR_COMBINATION,LINEAR_COMBINATION,13,20.904979705810547,False
5,-1,9.666754722595215,c6a43b3a06765cbe864b8588dabc1a2439dd61e331cd5db7d259061916505853,246.45803833007812,True,CORAL,LINEAR_COMBINATION,LINEAR_COMBINATION,u005,LINEAR_COMBINATION,LINEAR_COMBINATION,True,LINEAR_COMBINATION,LINEAR_COMBINATION,13,176.21742248535156,False
20,-1,16.339542388916016,f5d0332ce93562d09bd9117b8c758c16eef410d58c60ced17a2bbdc15a486a1e,207.008544921875,True,CORAL,LINEAR_COMBINATION,LINEAR_COMBINATION,u005,LINEAR_COMBINATION,LINEAR_COMBINATION,True,LINEAR_COMBINATION,LINEAR_COMBINATION,13,151.05825805664062,False
1,-1,0.15896311402320862,715e9d501a5684661c54ecf91dd420c0ec10285b255ac484d76ffcc17cc2b512,0.6526296734809875,True,CORAL,LINEAR_COMBINATION,LINEAR_COMBINATION,u006,LINEAR_COMBINATION,LINEAR_COMBINATION,True,LINEAR_COMBINATION,LINEAR_COMBINATION,13,0.43372753262519836,False
5,-1,2.0997273921966553,c6a43b3a06765cbe864b8588dabc1a2439dd61e331cd5db7d259061916505853,3.5928502082824707,True,CORAL,LINEAR_COMBINATION,LINEAR_COMBINATION,u006,LINEAR_COMBINATION,LINEAR_COMBINATION,True,LINEAR_COMBINATION,LINEAR_COMBINATION,13,2.0596964359283447,False
20,-1,3.1510634422302246,f5d0332ce93562d09bd9117b8c758c16eef410d58c60ced17a2bbdc15a486a1e,6.095742225646973,True,CORAL,LINEAR_COMBINATION,LINEAR_COMBINATION,u006,LINEAR_COMBINATION,LINEAR_COMBINATION,True,LINEAR_COMBINATION,LINEAR_COMBINATION,13,3.731300115585327,False
1,-1,1.7624304294586182,715e9d501a5684661c54ecf91dd420c0ec10285b255ac484d76ffcc17cc2b512,20.963865280151367,True,CORAL,LINEAR_COMBINATION,LINEAR_COMBINATION,u007,LINEAR_COMBINATION,LINEAR_COMBINATION,True,LINEAR_COMBINATION,LINEAR_COMBINATION,13,14.782052993774414,False
5,-1,6.835427761077881,c6a43b3a06765cbe864b8588dabc1a2439dd61e331cd5db7d259061916505853,174.27215576171875,True,CORAL,LINEAR_COMBINATION,LINEAR_COMBINATION,u007,LINEAR_COMBINATION,LINEAR_COMBINATION,True,LINEAR_COMBINATION,LINEAR_COMBINATION,13,124.60453796386719,False
20,-1,11.553801536560059,f5d0332ce93562d09bd9117b8c758c16eef410d58c60ced17a2bbdc15a486a1e,146.3771514892578,True,CORAL,LINEAR_COMBINATION,LINEAR_COMBINATION,u007,LINEAR_COMBINATION,LINEAR_COMBINATION,True,LINEAR_COMBINATION,LINEAR_COMBINATION,13,106.81432342529297,False
1,-1,1.7624304294586182,715e9d501a5684661c54ecf91dd420c0ec10285b255ac484d76ffcc17cc2b512,20.963865280151367,True,CORAL,LINEAR_COMBINATION,LINEAR_COMBINATION,u008,LINEAR_COMBINATION,LINEAR_COMBINATION,True,LINEAR_COMBINATION,LINEAR_COMBINATION,13,14.782052993774414,False
5,-1,6.835427761077881,c6a43b3a06765cbe864b8588dabc1a2439dd61e331cd5db7d259061916505853,174.27215576171875,True,CORAL,LINEAR_COMBINATION,LINEAR_COMBINATION,u008,LINEAR_COMBINATION,LINEAR_COMBINATION,True,LINEAR_COMBINATION,LINEAR_COMBINATION,13,124.60453796386719,False
20,-1,11.553801536560059,f5d0332ce93562d09bd9117b8c758c16eef410d58c60ced17a2bbdc15a486a1e,146.3771514892578,True,CORAL,LINEAR_COMBINATION,LINEAR_COMBINATION,u008,LINEAR_COMBINATION,LINEAR_COMBINATION,True,LINEAR_COMBINATION,LINEAR_COMBINATION,13,106.81432342529297,False
1,-1,1.3455814123153687,715e9d501a5684661c54ecf91dd420c0ec10285b255ac484d76ffcc17cc2b512,5.340778827667236,True,CORAL,LINEAR_COMBINATION,LINEAR_COMBINATION,u009,LINEAR_COMBINATION,LINEAR_COMBINATION,True,LINEAR_COMBINATION,LINEAR_COMBINATION,13,2.896711587905884,False
5,-1,11.702824592590332,c6a43b3a06765cbe864b8588dabc1a2439dd61e331cd5db7d259061916505853,42.22840881347656,True,CORAL,LINEAR_COMBINATION,LINEAR_COMBINATION,u009,LINEAR_COMBINATION,LINEAR_COMBINATION,True,LINEAR_COMBINATION,LINEAR_COMBINATION,13,19.005268096923828,False
20,-1,54.57637023925781,f5d0332ce93562d09bd9117b8c758c16eef410d58c60ced17a2bbdc15a486a1e,85.17005920410156,True,CORAL,LINEAR_COMBINATION,LINEAR_COMBINATION,u009,LINEAR_COMBINATION,LINEAR_COMBINATION,True,LINEAR_COMBINATION,LINEAR_COMBINATION,13,56.3760986328125,False
1,-1,1.3455814123153687,715e9d501a5684661c54ecf91dd420c0ec10285b255ac484d76ffcc17cc2b512,5.340778827667236,True,CORAL,LINEAR_COMBINATION,LINEAR_COMBINATION,u010,LINEAR_COMBINATION,LINEAR_COMBINATION,True,LINEAR_COMBINATION,LINEAR_COMBINATION,13,2.896711587905884,False
5,-1,11.702824592590332,c6a43b3a06765cbe864b8588dabc1a2439dd61e331cd5db7d259061916505853,42.22840881347656,True,CORAL,LINEAR_COMBINATION,LINEAR_COMBINATION,u010,LINEAR_COMBINATION,LINEAR_COMBINATION,True,LINEAR_COMBINATION,LINEAR_COMBINATION,13,19.005268096923828,False
20,-1,54.57637023925781,f5d0332ce93562d09bd9117b8c758c16eef410d58c60ced17a2bbdc15a486a1e,85.17005920410156,True,CORAL,LINEAR_COMBINATION,LINEAR_COMBINATION,u010,LINEAR_COMBINATION,LINEAR_COMBINATION,True,LINEAR_COMBINATION,LINEAR_COMBINATION,13,56.3760986328125,False
1,0,3.191075086593628,c121b0c6a45778f16895b18c8c858d53cb5650bcb4b576f1e29c8329e344c80e,18.34286880493164,True,ERM,7390468c732912c639eaba7e6c35a8e12aabbb29d2b8c099e0e7b9375416d14e,07eda9e738a9f294dfa2992f5568a57aefaffd77bf62c470379af7f9c92ad22e,u000,8ec05e7cb66516dc50a54b9acf48076b1b21a645b8630c928f1818d1af9cf571,dc4188821e148fee5fb84f61f8b5e71b8f7be95b30dee96709de6441d3d08bb1,True,8ec05e7cb66516dc50a54b9acf48076b1b21a645b8630c928f1818d1af9cf571,dc4188821e148fee5fb84f61f8b5e71b8f7be95b30dee96709de6441d3d08bb1,14,13.676323890686035,False
5,0,15.851609230041504,e3a567de87d70180ed0ecf5aed5c0d7080641091268e1eda35e98b81631e0592,151.2068634033203,True,ERM,87f7308371ba6b030dd9dd9590cf58d61c9ae7cd32426954741151cc99293606,93dab4729553d72fe84a227ebc7bf85f029e274a2916a7492eab6b8f00bc80f4,u000,de67a6ece417302daa4f99452a5c5dc9627a70e7a4e15178ef157e729b1d0837,f49ca38934df7b725cbd26cb5b5cdae4fddee521a39a9b0155b9fc4ae1ce6a93,True,de67a6ece417302daa4f99452a5c5dc9627a70e7a4e15178ef157e729b1d0837,f49ca38934df7b725cbd26cb5b5cdae4fddee521a39a9b0155b9fc4ae1ce6a93,14,112.0301284790039,False
20,0,22.55376434326172,2ddfbfb4f6be9200ef55b8bf483380c7a748d13ef8aec180ce2d41a9fc4a9a73,111.78414154052734,True,ERM,864443a81c0cea167e5797b86cb69c43dbe41a6cb12851a46ce35c8f2d830409,7613140ec981cba093f5754ebb7cab1b98a3c179cd8c0c4ab8c504099d87cf6e,u000,dfed58eadc359d500a43ac576fb1c6eb072c5537e92bfc3d06cb9d17a0a14997,c38030df8d0b1127f70e96114e74d8a8471377ceb4f829bfc063dbb294ec5ad4,True,dfed58eadc359d500a43ac576fb1c6eb072c5537e92bfc3d06cb9d17a0a14997,c38030df8d0b1127f70e96114e74d8a8471377ceb4f829bfc063dbb294ec5ad4,14,79.7341079711914,False
1,1,3.5751872062683105,c121b0c6a45778f16895b18c8c858d53cb5650bcb4b576f1e29c8329e344c80e,18.203468322753906,True,ERM,effbd8c6524de947fb66c67076adc11cbcfe8670d98f3fb395f34bd3d8732ec1,e4d5fd6df650ca582e054b6d3bb76e024b15cbe5a78a3bdcc329571eeb35a65c,u001,e967a645211c1d81b523a1c5b9340d79d7e8ab984adf99bd769c2c02b361472c,e49daefc3fa3f111db22732be4256ee7ff1c5172b7467574a71af63d963bc4e0,True,e967a645211c1d81b523a1c5b9340d79d7e8ab984adf99bd769c2c02b361472c,e49daefc3fa3f111db22732be4256ee7ff1c5172b7467574a71af63d963bc4e0,14,13.547866821289062,False
5,1,15.230493545532227,e3a567de87d70180ed0ecf5aed5c0d7080641091268e1eda35e98b81631e0592,150.96864318847656,True,ERM,b99957bd08d699335d118b8832aa8cd85f433df9ca376aa6361b7bbeb8387945,08e21b08ba55cac9746129efd801e604ac3a24f383ba1b0cd89a551db1b1f947,u001,63288c49e41143ed4cde317b42b0dd4ff8920b086eeca187fa470fbb6a526dc2,586a33cfdb6dd26d2897e6faf8af50977fcc2e71abd16f244f26f6bd71d6b511,True,63288c49e41143ed4cde317b42b0dd4ff8920b086eeca187fa470fbb6a526dc2,586a33cfdb6dd26d2897e6faf8af50977fcc2e71abd16f244f26f6bd71d6b511,14,111.73701477050781,False
20,1,27.072277069091797,2ddfbfb4f6be9200ef55b8bf483380c7a748d13ef8aec180ce2d41a9fc4a9a73,112.81575775146484,True,ERM,4a322b9158af4ff0cb995827bbfde1d05f1f8734a63bd0246638b736f9b622b3,f3f2a5f0b9c696c3dee73fc372d6f02777105322acb876882aa35ecb97d59538,u001,1a1ebebdd50bf3898877cc130417b06080aa94b2a1f7d848be2823758e2b86dd,34a981d9ff0aab0a0b6e51876ed03531783c0036432b98e13dc022a40bdb1e47,True,1a1ebebdd50bf3898877cc130417b06080aa94b2a1f7d848be2823758e2b86dd,34a981d9ff0aab0a0b6e51876ed03531783c0036432b98e13dc022a40bdb1e47,14,81.60267639160156,False
1,2,0.0,c121b0c6a45778f16895b18c8c858d53cb5650bcb4b576f1e29c8329e344c80e,0.0,True,ERM,LINEAR_COMBINATION,LINEAR_COMBINATION,u002,LINEAR_COMBINATION,LINEAR_COMBINATION,True,LINEAR_COMBINATION,LINEAR_COMBINATION,14,0.0,False
5,2,0.0,e3a567de87d70180ed0ecf5aed5c0d7080641091268e1eda35e98b81631e0592,0.0,True,ERM,LINEAR_COMBINATION,LINEAR_COMBINATION,u002,LINEAR_COMBINATION,LINEAR_COMBINATION,True,LINEAR_COMBINATION,LINEAR_COMBINATION,14,0.0,False
20,2,0.0,2ddfbfb4f6be9200ef55b8bf483380c7a748d13ef8aec180ce2d41a9fc4a9a73,0.0,True,ERM,LINEAR_COMBINATION,LINEAR_COMBINATION,u002,LINEAR_COMBINATION,LINEAR_COMBINATION,True,LINEAR_COMBINATION,LINEAR_COMBINATION,14,0.0,False
1,3,2.5572779178619385,c121b0c6a45778f16895b18c8c858d53cb5650bcb4b576f1e29c8329e344c80e,6.409071922302246,True,ERM,fa13a3ffcf444b32f4675d0c8d698f7595fd0fdfe68f1d74c479d5e744ac2a9c,f3d128b40f2aaa9b3f398e146b935844830cba14ed7454dec24a805c7aa2b92e,u003,a31dead316c3960eaff902696f58f931444adacfea3d7ded06d6f131c09ebd95,799982bb96ec533cb9516c097db170e214544ceae527b84001021c3e8693266e,True,a31dead316c3960eaff902696f58f931444adacfea3d7ded06d6f131c09ebd95,799982bb96ec533cb9516c097db170e214544ceae527b84001021c3e8693266e,14,3.683612585067749,False
5,3,19.657461166381836,e3a567de87d70180ed0ecf5aed5c0d7080641091268e1eda35e98b81631e0592,51.03007125854492,True,ERM,51ae25263fb43d2b41409cdf6b7e25e50293a3ab8b00416fcebcb2d1af5881b5,786e258818a61454975f7e3f19b249c1a816a5a84586706381139d466b27d19b,u003,42f33d1eebe61d48af3421f0e5a8941edad80b511c71ee21be6ef999444dc379,f3c950b4544dc5ed408dde2cb0b3cb3d2c58d8a92496b2d175bdf107e20f7c98,True,42f33d1eebe61d48af3421f0e5a8941edad80b511c71ee21be6ef999444dc379,f3c950b4544dc5ed408dde2cb0b3cb3d2c58d8a92496b2d175bdf107e20f7c98,14,24.55339813232422,False
20,3,76.35335540771484,2ddfbfb4f6be9200ef55b8bf483380c7a748d13ef8aec180ce2d41a9fc4a9a73,125.73409271240234,True,ERM,6b6f35f78a94b1598f6f52178335e0832e6f1ddd1321fc51b0aafdeea1188c42,511db5241aea89e3d053a93ade6839931a5ab5f0e702e060d8454b11d22b6343,u003,faedc6c2c148dd8e14c0d51c607596a00454346a2af36641204ac1d6d07bf53d,9e2d061626b0974491ebeafc91d2bc23a39f447ce49d0b07158dafbc25a84be5,True,faedc6c2c148dd8e14c0d51c607596a00454346a2af36641204ac1d6d07bf53d,9e2d061626b0974491ebeafc91d2bc23a39f447ce49d0b07158dafbc25a84be5,14,96.36397552490234,False
1,4,0.0,c121b0c6a45778f16895b18c8c858d53cb5650bcb4b576f1e29c8329e344c80e,0.0,True,ERM,LINEAR_COMBINATION,LINEAR_COMBINATION,u004,LINEAR_COMBINATION,LINEAR_COMBINATION,True,LINEAR_COMBINATION,LINEAR_COMBINATION,14,0.0,False
5,4,0.0,e3a567de87d70180ed0ecf5aed5c0d7080641091268e1eda35e98b81631e0592,0.0,True,ERM,LINEAR_COMBINATION,LINEAR_COMBINATION,u004,LINEAR_COMBINATION,LINEAR_COMBINATION,True,LINEAR_COMBINATION,LINEAR_COMBINATION,14,0.0,False
20,4,0.0,2ddfbfb4f6be9200ef55b8bf483380c7a748d13ef8aec180ce2d41a9fc4a9a73,0.0,True,ERM,LINEAR_COMBINATION,LINEAR_COMBINATION,u004,LINEAR_COMBINATION,LINEAR_COMBINATION,True,LINEAR_COMBINATION,LINEAR_COMBINATION,14,0.0,False
1,-1,4.78253173828125,c121b0c6a45778f16895b18c8c858d53cb5650bcb4b576f1e29c8329e344c80e,25.8372859954834,True,ERM,LINEAR_COMBINATION,LINEAR_COMBINATION,u005,LINEAR_COMBINATION,LINEAR_COMBINATION,True,LINEAR_COMBINATION,LINEAR_COMBINATION,14,19.247093200683594,False
5,-1,21.966360092163086,e3a567de87d70180ed0ecf5aed5c0d7080641091268e1eda35e98b81631e0592,213.65194702148438,True,ERM,LINEAR_COMBINATION,LINEAR_COMBINATION,u005,LINEAR_COMBINATION,LINEAR_COMBINATION,True,LINEAR_COMBINATION,LINEAR_COMBINATION,14,158.2185516357422,False
20,-1,35.02853012084961,2ddfbfb4f6be9200ef55b8bf483380c7a748d13ef8aec180ce2d41a9fc4a9a73,158.70794677734375,True,ERM,LINEAR_COMBINATION,LINEAR_COMBINATION,u005,LINEAR_COMBINATION,LINEAR_COMBINATION,True,LINEAR_COMBINATION,LINEAR_COMBINATION,14,114.01347351074219,False
1,-1,0.30383235216140747,c121b0c6a45778f16895b18c8c858d53cb5650bcb4b576f1e29c8329e344c80e,0.5117291808128357,True,ERM,LINEAR_COMBINATION,LINEAR_COMBINATION,u006,LINEAR_COMBINATION,LINEAR_COMBINATION,True,LINEAR_COMBINATION,LINEAR_COMBINATION,14,0.36866918206214905,False
5,-1,0.8488460183143616,e3a567de87d70180ed0ecf5aed5c0d7080641091268e1eda35e98b81631e0592,2.810288906097412,True,ERM,LINEAR_COMBINATION,LINEAR_COMBINATION,u006,LINEAR_COMBINATION,LINEAR_COMBINATION,True,LINEAR_COMBINATION,LINEAR_COMBINATION,14,1.673367977142334,False
20,-1,3.8186898231506348,2ddfbfb4f6be9200ef55b8bf483380c7a748d13ef8aec180ce2d41a9fc4a9a73,5.905448913574219,True,ERM,LINEAR_COMBINATION,LINEAR_COMBINATION,u006,LINEAR_COMBINATION,LINEAR_COMBINATION,True,LINEAR_COMBINATION,LINEAR_COMBINATION,14,4.177664756774902,False
1,-1,3.381760835647583,c121b0c6a45778f16895b18c8c858d53cb5650bcb4b576f1e29c8329e344c80e,18.26972007751465,True,ERM,LINEAR_COMBINATION,LINEAR_COMBINATION,u007,LINEAR_COMBINATION,LINEAR_COMBINATION,True,LINEAR_COMBINATION,LINEAR_COMBINATION,14,13.609750747680664,False
5,-1,15.532561302185059,e3a567de87d70180ed0ecf5aed5c0d7080641091268e1eda35e98b81631e0592,151.07473754882812,True,ERM,LINEAR_COMBINATION,LINEAR_COMBINATION,u007,LINEAR_COMBINATION,LINEAR_COMBINATION,True,LINEAR_COMBINATION,LINEAR_COMBINATION,14,111.87740325927734,False
20,-1,24.768909454345703,2ddfbfb4f6be9200ef55b8bf483380c7a748d13ef8aec180ce2d41a9fc4a9a73,112.22345733642578,True,ERM,LINEAR_COMBINATION,LINEAR_COMBINATION,u007,LINEAR_COMBINATION,LINEAR_COMBINATION,True,LINEAR_COMBINATION,LINEAR_COMBINATION,14,80.61969757080078,False
1,-1,3.381760835647583,c121b0c6a45778f16895b18c8c858d53cb5650bcb4b576f1e29c8329e344c80e,18.26972007751465,True,ERM,LINEAR_COMBINATION,LINEAR_COMBINATION,u008,LINEAR_COMBINATION,LINEAR_COMBINATION,True,LINEAR_COMBINATION,LINEAR_COMBINATION,14,13.609750747680664,False
5,-1,15.532561302185059,e3a567de87d70180ed0ecf5aed5c0d7080641091268e1eda35e98b81631e0592,151.07473754882812,True,ERM,LINEAR_COMBINATION,LINEAR_COMBINATION,u008,LINEAR_COMBINATION,LINEAR_COMBINATION,True,LINEAR_COMBINATION,LINEAR_COMBINATION,14,111.87740325927734,False
20,-1,24.768909454345703,2ddfbfb4f6be9200ef55b8bf483380c7a748d13ef8aec180ce2d41a9fc4a9a73,112.22345733642578,True,ERM,LINEAR_COMBINATION,LINEAR_COMBINATION,u008,LINEAR_COMBINATION,LINEAR_COMBINATION,True,LINEAR_COMBINATION,LINEAR_COMBINATION,14,80.61969757080078,False
1,-1,1.808268666267395,c121b0c6a45778f16895b18c8c858d53cb5650bcb4b576f1e29c8329e344c80e,4.53189754486084,True,ERM,LINEAR_COMBINATION,LINEAR_COMBINATION,u009,LINEAR_COMBINATION,LINEAR_COMBINATION,True,LINEAR_COMBINATION,LINEAR_COMBINATION,14,2.6047074794769287,False
5,-1,13.899924278259277,e3a567de87d70180ed0ecf5aed5c0d7080641091268e1eda35e98b81631e0592,36.083709716796875,True,ERM,LINEAR_COMBINATION,LINEAR_COMBINATION,u009,LINEAR_COMBINATION,LINEAR_COMBINATION,True,LINEAR_COMBINATION,LINEAR_COMBINATION,14,17.361873626708984,False
20,-1,53.98997497558594,2ddfbfb4f6be9200ef55b8bf483380c7a748d13ef8aec180ce2d41a9fc4a9a73,88.90742492675781,True,ERM,LINEAR_COMBINATION,LINEAR_COMBINATION,u009,LINEAR_COMBINATION,LINEAR_COMBINATION,True,LINEAR_COMBINATION,LINEAR_COMBINATION,14,68.13961791992188,False
1,-1,1.808268666267395,c121b0c6a45778f16895b18c8c858d53cb5650bcb4b576f1e29c8329e344c80e,4.53189754486084,True,ERM,LINEAR_COMBINATION,LINEAR_COMBINATION,u010,LINEAR_COMBINATION,LINEAR_COMBINATION,True,LINEAR_COMBINATION,LINEAR_COMBINATION,14,2.6047074794769287,False
5,-1,13.899924278259277,e3a567de87d70180ed0ecf5aed5c0d7080641091268e1eda35e98b81631e0592,36.083709716796875,True,ERM,LINEAR_COMBINATION,LINEAR_COMBINATION,u010,LINEAR_COMBINATION,LINEAR_COMBINATION,True,LINEAR_COMBINATION,LINEAR_COMBINATION,14,17.361873626708984,False
20,-1,53.98997497558594,2ddfbfb4f6be9200ef55b8bf483380c7a748d13ef8aec180ce2d41a9fc4a9a73,88.90742492675781,True,ERM,LINEAR_COMBINATION,LINEAR_COMBINATION,u010,LINEAR_COMBINATION,LINEAR_COMBINATION,True,LINEAR_COMBINATION,LINEAR_COMBINATION,14,68.13961791992188,False
1,0,0.02193300798535347,4956ec94aefd24c98c8066db7a2ab72156e4af1929cc7fb290c28ab93a63402c,0.23907417058944702,True,IRMv1,1210f3e0e122478dd06692a2abefe8f44a9c050941da04ed70552a4922a7b5d0,2aad41efcbe9af354a6c925d484e9f097c8cc71968abb63e1d4155ea6f4113c2,u000,9c9f413a29864d6ed5420b8a36a81cc95903b58017d8f48f33968b6599b44930,ccccf351c0ba3449d6ee98ed9bbfd7e87375b46d1d1bd7546014ea474c62a59b,True,9c9f413a29864d6ed5420b8a36a81cc95903b58017d8f48f33968b6599b44930,ccccf351c0ba3449d6ee98ed9bbfd7e87375b46d1d1bd7546014ea474c62a59b,14,0.19713103771209717,False
5,0,1.0328125953674316,cc8c39db65308cf6d711171e2c0af4daadf30c6a443add1f9014b374c5454f88,3.242079019546509,True,IRMv1,06ec27358b0c3218880bc46e59ebc6b0801f93dac9de3f2624b1e0c98ea71ff0,075f5e6f8dce4c5f0d3ccdce63042bb92040dfc6e7c520c8bc952bbe7e4e62a3,u000,ef7fc3afc460cd6ba0164809c9e243f3b4a3dc691fb45fa8946d90b6350f47d3,a2c9ea33e77e4594a0bf0457ea6f875f198d01c8c4c45f06c6e30bd2243d7ef1,True,ef7fc3afc460cd6ba0164809c9e243f3b4a3dc691fb45fa8946d90b6350f47d3,a2c9ea33e77e4594a0bf0457ea6f875f198d01c8c4c45f06c6e30bd2243d7ef1,14,2.796213388442993,False
20,0,8.423318862915039,356468ea718024b5196674c2a818e25e511618b705c2ce776758e15ed4a67ba3,19.079914093017578,True,IRMv1,e3e4b23e2393feec390565e16b294b327dfdea6ea481d7494ba7a93fc454a5d7,e5213a207429e612c95d930b233132358fbea80d233fc7accb3b98fb43d4f8a5,u000,fa2f9e50fa19e608d73775a1ff94bb121f8e5633e82b45c8a1830fdf8c0b5bc0,5f3c9becf2e023e15723b377caec748556737532465a30ff1822add58126966d,True,fa2f9e50fa19e608d73775a1ff94bb121f8e5633e82b45c8a1830fdf8c0b5bc0,5f3c9becf2e023e15723b377caec748556737532465a30ff1822add58126966d,14,16.61404800415039,False
1,1,0.04683142155408859,4956ec94aefd24c98c8066db7a2ab72156e4af1929cc7fb290c28ab93a63402c,0.6309252977371216,True,IRMv1,d4841d84d893de7ea15b4b678fbf6f7ec036e859624a38e56576cdfb0eabe427,d6bcef42ca0926155c64c3ac5036cc2d784254535e744a468a0537c4a4500eb1,u001,774bddbc22e18eaeabf45f940918a57701aac3bafb5292ac40059424ad9f2bcb,1d7d9579c3c4598e8e211cf4a8640b03a3170f75da36214c78303513a65c3cdd,True,774bddbc22e18eaeabf45f940918a57701aac3bafb5292ac40059424ad9f2bcb,1d7d9579c3c4598e8e211cf4a8640b03a3170f75da36214c78303513a65c3cdd,14,0.5295943021774292,False
5,1,0.48925790190696716,cc8c39db65308cf6d711171e2c0af4daadf30c6a443add1f9014b374c5454f88,1.2390316724777222,True,IRMv1,3b04a424bbc6ad37b448449200dae5af497664e48ea9c47c01cc4490e0f224fe,317deab250a25639652a6269b216e705711ff553870cb9a6a137e595f3ab3a8b,u001,2db243064e53be46a87c6f9ac7a5d1a0dc51e85ef3b9de3073161ab5a24bf664,770e57cf567710ec71c29fe04f7b66ebd2bd1bd71792e6ac5e820f84864cb5ba,True,2db243064e53be46a87c6f9ac7a5d1a0dc51e85ef3b9de3073161ab5a24bf664,770e57cf567710ec71c29fe04f7b66ebd2bd1bd71792e6ac5e820f84864cb5ba,14,1.0742982625961304,False
20,1,3.641664505004883,356468ea718024b5196674c2a818e25e511618b705c2ce776758e15ed4a67ba3,7.989100933074951,True,IRMv1,887ea21533b8184b8fac840bac7d7f87f4dbc1e5238465a40482cfd62f834466,e668e25ffa407dd275eee99490f640c7b0d102a5e6f2a46b0c8b5a43f20a844d,u001,1aedec20b872638e6fb4c418d75402422a8d19534a81d821e81f09d43562e8ee,410ef4421c07b7a5e182f66267951bcf2ebe001f7f0659be0250f8785caf5a05,True,1aedec20b872638e6fb4c418d75402422a8d19534a81d821e81f09d43562e8ee,410ef4421c07b7a5e182f66267951bcf2ebe001f7f0659be0250f8785caf5a05,14,6.818136692047119,False
1,2,0.0,4956ec94aefd24c98c8066db7a2ab72156e4af1929cc7fb290c28ab93a63402c,0.0,True,IRMv1,LINEAR_COMBINATION,LINEAR_COMBINATION,u002,LINEAR_COMBINATION,LINEAR_COMBINATION,True,LINEAR_COMBINATION,LINEAR_COMBINATION,14,0.0,False
5,2,0.0,cc8c39db65308cf6d711171e2c0af4daadf30c6a443add1f9014b374c5454f88,0.0,True,IRMv1,LINEAR_COMBINATION,LINEAR_COMBINATION,u002,LINEAR_COMBINATION,LINEAR_COMBINATION,True,LINEAR_COMBINATION,LINEAR_COMBINATION,14,0.0,False
20,2,0.0,356468ea718024b5196674c2a818e25e511618b705c2ce776758e15ed4a67ba3,0.0,True,IRMv1,LINEAR_COMBINATION,LINEAR_COMBINATION,u002,LINEAR_COMBINATION,LINEAR_COMBINATION,True,LINEAR_COMBINATION,LINEAR_COMBINATION,14,0.0,False
1,3,0.6124207377433777,4956ec94aefd24c98c8066db7a2ab72156e4af1929cc7fb290c28ab93a63402c,7.7507452964782715,True,IRMv1,4eacee6f24fc1c9c420d0891d476742416a2bcb4036ca8b9ab989222a6ac54e7,67bf2844815419cebe70be54b9bfad5327626425149d1d4e44d012a527399481,u003,422e0f5f0a27fc33588d3fda9483e92b704a96bea3ce9b0dfaf1cac6f53a7dcb,98418304904f5e3476a9fa6a2f29078fd044467adf1dfa19381885eeefd877bb,True,422e0f5f0a27fc33588d3fda9483e92b704a96bea3ce9b0dfaf1cac6f53a7dcb,98418304904f5e3476a9fa6a2f29078fd044467adf1dfa19381885eeefd877bb,14,6.460347652435303,False
5,3,5.179582118988037,cc8c39db65308cf6d711171e2c0af4daadf30c6a443add1f9014b374c5454f88,55.97594451904297,True,IRMv1,e8f6d70c8f19dbfa63f56b20a4b0e9604342ddcb5556de1de618638b72a93454,d1c5b6ddc15b0bea3771133aefaefd716781859410dfeeaa9572f6fc0354b660,u003,0413edece19814975ffea3febebc65d37ec13193f84d1af91ec1fdabd37628e6,612b40332d7d3e13b2bc4a1a7b14b214fa9439e6ad230b9437990b49b51f34c4,True,0413edece19814975ffea3febebc65d37ec13193f84d1af91ec1fdabd37628e6,612b40332d7d3e13b2bc4a1a7b14b214fa9439e6ad230b9437990b49b51f34c4,14,46.15104675292969,False
20,3,7.767307758331299,356468ea718024b5196674c2a818e25e511618b705c2ce776758e15ed4a67ba3,39.89081954956055,True,IRMv1,959b84f1e01f8a5a064ab50733cdd5e0984985df226cef565c1c6bde588e7f09,588fc402a2f193afad60f2cee55be199c8c00c6f6856d5d3a6caaa6b519ed59a,u003,8faf970c221ffa2d7c21711174f11ccf30506dd31b02837ab6780d53eca8adbf,721a7112d835365ae4f11fd48cbffd1da5cc8b666cb01a475bb8f6488261ebf0,True,8faf970c221ffa2d7c21711174f11ccf30506dd31b02837ab6780d53eca8adbf,721a7112d835365ae4f11fd48cbffd1da5cc8b666cb01a475bb8f6488261ebf0,14,32.06291961669922,False
1,4,0.0,4956ec94aefd24c98c8066db7a2ab72156e4af1929cc7fb290c28ab93a63402c,0.0,True,IRMv1,LINEAR_COMBINATION,LINEAR_COMBINATION,u004,LINEAR_COMBINATION,LINEAR_COMBINATION,True,LINEAR_COMBINATION,LINEAR_COMBINATION,14,0.0,False
5,4,0.0,cc8c39db65308cf6d711171e2c0af4daadf30c6a443add1f9014b374c5454f88,0.0,True,IRMv1,LINEAR_COMBINATION,LINEAR_COMBINATION,u004,LINEAR_COMBINATION,LINEAR_COMBINATION,True,LINEAR_COMBINATION,LINEAR_COMBINATION,14,0.0,False
20,4,0.0,356468ea718024b5196674c2a818e25e511618b705c2ce776758e15ed4a67ba3,0.0,True,IRMv1,LINEAR_COMBINATION,LINEAR_COMBINATION,u004,LINEAR_COMBINATION,LINEAR_COMBINATION,True,LINEAR_COMBINATION,LINEAR_COMBINATION,14,0.0,False
1,-1,0.02573762647807598,4956ec94aefd24c98c8066db7a2ab72156e4af1929cc7fb290c28ab93a63402c,0.6110159754753113,True,IRMv1,LINEAR_COMBINATION,LINEAR_COMBINATION,u005,LINEAR_COMBINATION,LINEAR_COMBINATION,True,LINEAR_COMBINATION,LINEAR_COMBINATION,14,0.5097932815551758,False
5,-1,1.0760512351989746,cc8c39db65308cf6d711171e2c0af4daadf30c6a443add1f9014b374c5454f88,3.161604642868042,True,IRMv1,LINEAR_COMBINATION,LINEAR_COMBINATION,u005,LINEAR_COMBINATION,LINEAR_COMBINATION,True,LINEAR_COMBINATION,LINEAR_COMBINATION,14,2.7299911975860596,False
20,-1,3.4128928184509277,356468ea718024b5196674c2a818e25e511618b705c2ce776758e15ed4a67ba3,14.294805526733398,True,IRMv1,LINEAR_COMBINATION,LINEAR_COMBINATION,u005,LINEAR_COMBINATION,LINEAR_COMBINATION,True,LINEAR_COMBINATION,LINEAR_COMBINATION,14,12.130951881408691,False
1,-1,0.04485324025154114,4956ec94aefd24c98c8066db7a2ab72156e4af1929cc7fb290c28ab93a63402c,0.28615161776542664,True,IRMv1,LINEAR_COMBINATION,LINEAR_COMBINATION,u006,LINEAR_COMBINATION,LINEAR_COMBINATION,True,LINEAR_COMBINATION,LINEAR_COMBINATION,14,0.24380646646022797,False
5,-1,0.3849532902240753,cc8c39db65308cf6d711171e2c0af4daadf30c6a443add1f9014b374c5454f88,1.4319685697555542,True,IRMv1,LINEAR_COMBINATION,LINEAR_COMBINATION,u006,LINEAR_COMBINATION,LINEAR_COMBINATION,True,LINEAR_COMBINATION,LINEAR_COMBINATION,14,1.2329133749008179,False
20,-1,8.518579483032227,356468ea718024b5196674c2a818e25e511618b705c2ce776758e15ed4a67ba3,14.950834274291992,True,IRMv1,LINEAR_COMBINATION,LINEAR_COMBINATION,u006,LINEAR_COMBINATION,LINEAR_COMBINATION,True,LINEAR_COMBINATION,LINEAR_COMBINATION,14,13.242114067077637,False
1,-1,0.018199250102043152,4956ec94aefd24c98c8066db7a2ab72156e4af1929cc7fb290c28ab93a63402c,0.4320535659790039,True,IRMv1,LINEAR_COMBINATION,LINEAR_COMBINATION,u007,LINEAR_COMBINATION,LINEAR_COMBINATION,True,LINEAR_COMBINATION,LINEAR_COMBINATION,14,0.3604782819747925,False
5,-1,0.7608831524848938,cc8c39db65308cf6d711171e2c0af4daadf30c6a443add1f9014b374c5454f88,2.2355921268463135,True,IRMv1,LINEAR_COMBINATION,LINEAR_COMBINATION,u007,LINEAR_COMBINATION,LINEAR_COMBINATION,True,LINEAR_COMBINATION,LINEAR_COMBINATION,14,1.9303953647613525,False
20,-1,2.4132797718048096,356468ea718024b5196674c2a818e25e511618b705c2ce776758e15ed4a67ba3,10.107954025268555,True,IRMv1,LINEAR_COMBINATION,LINEAR_COMBINATION,u007,LINEAR_COMBINATION,LINEAR_COMBINATION,True,LINEAR_COMBINATION,LINEAR_COMBINATION,14,8.577878952026367,False
1,-1,0.018199250102043152,4956ec94aefd24c98c8066db7a2ab72156e4af1929cc7fb290c28ab93a63402c,0.4320535659790039,True,IRMv1,LINEAR_COMBINATION,LINEAR_COMBINATION,u008,LINEAR_COMBINATION,LINEAR_COMBINATION,True,LINEAR_COMBINATION,LINEAR_COMBINATION,14,0.3604782819747925,False
5,-1,0.7608831524848938,cc8c39db65308cf6d711171e2c0af4daadf30c6a443add1f9014b374c5454f88,2.2355921268463135,True,IRMv1,LINEAR_COMBINATION,LINEAR_COMBINATION,u008,LINEAR_COMBINATION,LINEAR_COMBINATION,True,LINEAR_COMBINATION,LINEAR_COMBINATION,14,1.9303953647613525,False
20,-1,2.4132797718048096,356468ea718024b5196674c2a818e25e511618b705c2ce776758e15ed4a67ba3,10.107954025268555,True,IRMv1,LINEAR_COMBINATION,LINEAR_COMBINATION,u008,LINEAR_COMBINATION,LINEAR_COMBINATION,True,LINEAR_COMBINATION,LINEAR_COMBINATION,14,8.577878952026367,False
1,-1,0.4330468475818634,4956ec94aefd24c98c8066db7a2ab72156e4af1929cc7fb290c28ab93a63402c,5.480604648590088,True,IRMv1,LINEAR_COMBINATION,LINEAR_COMBINATION,u009,LINEAR_COMBINATION,LINEAR_COMBINATION,True,LINEAR_COMBINATION,LINEAR_COMBINATION,14,4.568155765533447,False
5,-1,3.662517547607422,cc8c39db65308cf6d711171e2c0af4daadf30c6a443add1f9014b374c5454f88,39.580970764160156,True,IRMv1,LINEAR_COMBINATION,LINEAR_COMBINATION,u009,LINEAR_COMBINATION,LINEAR_COMBINATION,True,LINEAR_COMBINATION,LINEAR_COMBINATION,14,32.63372039794922,False
20,-1,5.492315769195557,356468ea718024b5196674c2a818e25e511618b705c2ce776758e15ed4a67ba3,28.20706558227539,True,IRMv1,LINEAR_COMBINATION,LINEAR_COMBINATION,u009,LINEAR_COMBINATION,LINEAR_COMBINATION,True,LINEAR_COMBINATION,LINEAR_COMBINATION,14,22.67190933227539,False
1,-1,0.4330468475818634,4956ec94aefd24c98c8066db7a2ab72156e4af1929cc7fb290c28ab93a63402c,5.480604648590088,True,IRMv1,LINEAR_COMBINATION,LINEAR_COMBINATION,u010,LINEAR_COMBINATION,LINEAR_COMBINATION,True,LINEAR_COMBINATION,LINEAR_COMBINATION,14,4.568155765533447,False
5,-1,3.662517547607422,cc8c39db65308cf6d711171e2c0af4daadf30c6a443add1f9014b374c5454f88,39.580970764160156,True,IRMv1,LINEAR_COMBINATION,LINEAR_COMBINATION,u010,LINEAR_COMBINATION,LINEAR_COMBINATION,True,LINEAR_COMBINATION,LINEAR_COMBINATION,14,32.63372039794922,False
20,-1,5.492315769195557,356468ea718024b5196674c2a818e25e511618b705c2ce776758e15ed4a67ba3,28.20706558227539,True,IRMv1,LINEAR_COMBINATION,LINEAR_COMBINATION,u010,LINEAR_COMBINATION,LINEAR_COMBINATION,True,LINEAR_COMBINATION,LINEAR_COMBINATION,14,22.67190933227539,False
1,0,0.03498696908354759,4e214353f435093124d778de52fec603b07cb8e86b6f9fe594764b2ca16a3b57,0.3667469322681427,True,VREX,3309c04abaeb94ed251ba0e6efb32779799ad73512f65bf163f553447a2fb6ad,57574242772bef14bc0beab25d32ce4bc1b3fc430a8d37fe882398b1b076ec54,u000,5212a7efc750cdba149223c0ce31cfc3493c80b95a58e5d3cd486c233e477e89,bada64d9c6f4411731d41f628c076c4a94cf77c560499b54c2ba2c9385d24006,True,5212a7efc750cdba149223c0ce31cfc3493c80b95a58e5d3cd486c233e477e89,bada64d9c6f4411731d41f628c076c4a94cf77c560499b54c2ba2c9385d24006,14,0.29815879464149475,False
5,0,0.8244905471801758,30330bbfad1072ba9d97e5bf6cb307766c6f8dbc5e949d6e882d0624e04abdbb,5.855380058288574,True,VREX,ff31716fb2c20c6f7842df01780d0020d4abed828af0d0943d3f55d2ab458acc,4527faedefee1077ce8a86fad2c1ba5d4c693f6225570304876835c909f734f2,u000,eb8b6bd9fe79662b3c60c6d19a96c22a2573f9e1b2557a0a4ace19c78bd4669c,3aef1fee3a558490a87f414bdce40def1ff77882ba6ba686e9acfa9c4320305d,True,eb8b6bd9fe79662b3c60c6d19a96c22a2573f9e1b2557a0a4ace19c78bd4669c,3aef1fee3a558490a87f414bdce40def1ff77882ba6ba686e9acfa9c4320305d,14,4.801637172698975,False
20,0,1.43900465965271,0f33f407524ab7448883793f5d0be46fc0aa3d8339dbbcb6ff6f0d722c4aebda,4.694604873657227,True,VREX,24f560898ecf8744662b62bf247385166d72a953b345f59a02fc6e01d57ab374,8e9bfea591275024f1daf952a729b89457483ae81967e01c52a032da5887845c,u000,4f724f4a9692a6e4e46267d6ad7988bfa453ba6ebcc776564df43b1082390302,d773e2bd858173495e01d13a0aafd64539bb6cbbc73b4eb83f39b1b2d7bddf83,True,4f724f4a9692a6e4e46267d6ad7988bfa453ba6ebcc776564df43b1082390302,d773e2bd858173495e01d13a0aafd64539bb6cbbc73b4eb83f39b1b2d7bddf83,14,3.7788636684417725,False
1,1,0.032643239945173264,4e214353f435093124d778de52fec603b07cb8e86b6f9fe594764b2ca16a3b57,0.34373727440834045,True,VREX,e4329248c5bb635fc2b92221ed2e60e2e6e75a0021b7773570e603873fe3099e,54b75125734e40c46bef4629555a982aa0fb6346896d6eb92a3997c5cecec5b1,u001,3d5a1ace64837b238e4c973e859e83a45151788113c7915d10bf5649eb28e2c2,82f3da0c8117fa64f21468184ea89647987326aa05a3352459658e8560b2476b,True,3d5a1ace64837b238e4c973e859e83a45151788113c7915d10bf5649eb28e2c2,82f3da0c8117fa64f21468184ea89647987326aa05a3352459658e8560b2476b,14,0.2793806195259094,False
5,1,0.7823423147201538,30330bbfad1072ba9d97e5bf6cb307766c6f8dbc5e949d6e882d0624e04abdbb,5.532821178436279,True,VREX,b16a635dbced7bb3f25e6ed5409f4a2970e9a7b91d99e95e46596f52a4abfb77,62ae33e03d6e15382134b624d18c15b229efd13aee5b5dfbbe7dbd970f5a24a7,u001,a5c2e541797670c333c1ac39da57fa4d5e484dc3c95b26701ee859e4374abc12,0220ee65240897a609b426cf3cf89552dc65ee5037c51c36a48470efea7b6965,True,a5c2e541797670c333c1ac39da57fa4d5e484dc3c95b26701ee859e4374abc12,0220ee65240897a609b426cf3cf89552dc65ee5037c51c36a48470efea7b6965,14,4.536652565002441,False
20,1,1.357540249824524,0f33f407524ab7448883793f5d0be46fc0aa3d8339dbbcb6ff6f0d722c4aebda,4.498404026031494,True,VREX,f067b64d4dafcf421e3485a572ed42ac7550f06f672499134eae0b54684742e4,88e3f53627d29456cec6776c418dc2b69f7a61dcbd16697a1d5badb91f3a73cf,u001,a6594d895874f81868b6ee7dc2c45acad71816e1e9e126635d37aa13e95405a9,fccfea28c504dfa24694bc3f562f37f08ee25c038529366d607facb3794690b0,True,a6594d895874f81868b6ee7dc2c45acad71816e1e9e126635d37aa13e95405a9,fccfea28c504dfa24694bc3f562f37f08ee25c038529366d607facb3794690b0,14,3.6316163539886475,False
1,2,0.0,4e214353f435093124d778de52fec603b07cb8e86b6f9fe594764b2ca16a3b57,0.0,True,VREX,LINEAR_COMBINATION,LINEAR_COMBINATION,u002,LINEAR_COMBINATION,LINEAR_COMBINATION,True,LINEAR_COMBINATION,LINEAR_COMBINATION,14,0.0,False
5,2,0.0,30330bbfad1072ba9d97e5bf6cb307766c6f8dbc5e949d6e882d0624e04abdbb,0.0,True,VREX,LINEAR_COMBINATION,LINEAR_COMBINATION,u002,LINEAR_COMBINATION,LINEAR_COMBINATION,True,LINEAR_COMBINATION,LINEAR_COMBINATION,14,0.0,False
20,2,0.0,0f33f407524ab7448883793f5d0be46fc0aa3d8339dbbcb6ff6f0d722c4aebda,0.0,True,VREX,LINEAR_COMBINATION,LINEAR_COMBINATION,u002,LINEAR_COMBINATION,LINEAR_COMBINATION,True,LINEAR_COMBINATION,LINEAR_COMBINATION,14,0.0,False
1,3,0.028417522087693214,4e214353f435093124d778de52fec603b07cb8e86b6f9fe594764b2ca16a3b57,0.05243385210633278,True,VREX,90e4f6f3aaac9e0930578fbe802d76b560d37ac657b8f8c81d12f5718cc7906c,79cda34a42748261232804ea42ee0c7c3c3069b3c6826bca71424d55bb33fa7c,u003,410a1940eae8158187585fcdfeb413dc877c7d27e0bafd2ed67529f902fd4aaa,bf9dc488f62047b43910bbe31d3642e7f71d750f9044612efd59b247f8ed8243,True,410a1940eae8158187585fcdfeb413dc877c7d27e0bafd2ed67529f902fd4aaa,bf9dc488f62047b43910bbe31d3642e7f71d750f9044612efd59b247f8ed8243,14,0.04018780589103699,False
5,3,0.04400535300374031,30330bbfad1072ba9d97e5bf6cb307766c6f8dbc5e949d6e882d0624e04abdbb,0.4024820625782013,True,VREX,2b8f70fd9afce55d57d765b33cc729f0418468f55e5918ff7967154060081a89,f8c31bb28b63d78838863952eff08ad413774766edc5b7567df60167f2dba826,u003,fd10f75e6405915362f8c10f4ab8b2afbd7a4f0f03b0e171ac8a8537a80dac26,932c207b3b12bc2168e5c4acdea863bc28f8c3aa7b408d26f504411bbcc24753,True,fd10f75e6405915362f8c10f4ab8b2afbd7a4f0f03b0e171ac8a8537a80dac26,932c207b3b12bc2168e5c4acdea863bc28f8c3aa7b408d26f504411bbcc24753,14,0.31445324420928955,False
20,3,0.6464250087738037,0f33f407524ab7448883793f5d0be46fc0aa3d8339dbbcb6ff6f0d722c4aebda,1.1432124376296997,True,VREX,c2572e0b6ed1c59cb11405209a43d8fc8f48bcb9c60cf80bd7e20ecf0ade9da4,0e7f873ab7bb9aa45465d541b3433e109db5ee93802b5c5b40c697dad576475f,u003,4a222f6f2ecda986adb010fb96eac58836329400861e87f92b472481b3f928cb,5f904378607c90bdc8c636cdbe344414a31f54dac81c895af39c710724b21570,True,4a222f6f2ecda986adb010fb96eac58836329400861e87f92b472481b3f928cb,5f904378607c90bdc8c636cdbe344414a31f54dac81c895af39c710724b21570,14,0.9191840887069702,False
1,4,0.0,4e214353f435093124d778de52fec603b07cb8e86b6f9fe594764b2ca16a3b57,0.0,True,VREX,LINEAR_COMBINATION,LINEAR_COMBINATION,u004,LINEAR_COMBINATION,LINEAR_COMBINATION,True,LINEAR_COMBINATION,LINEAR_COMBINATION,14,0.0,False
5,4,0.0,30330bbfad1072ba9d97e5bf6cb307766c6f8dbc5e949d6e882d0624e04abdbb,0.0,True,VREX,LINEAR_COMBINATION,LINEAR_COMBINATION,u004,LINEAR_COMBINATION,LINEAR_COMBINATION,True,LINEAR_COMBINATION,LINEAR_COMBINATION,14,0.0,False
20,4,0.0,0f33f407524ab7448883793f5d0be46fc0aa3d8339dbbcb6ff6f0d722c4aebda,0.0,True,VREX,LINEAR_COMBINATION,LINEAR_COMBINATION,u004,LINEAR_COMBINATION,LINEAR_COMBINATION,True,LINEAR_COMBINATION,LINEAR_COMBINATION,14,0.0,False
1,-1,0.0020569665357470512,4e214353f435093124d778de52fec603b07cb8e86b6f9fe594764b2ca16a3b57,0.01650482788681984,True,VREX,LINEAR_COMBINATION,LINEAR_COMBINATION,u005,LINEAR_COMBINATION,LINEAR_COMBINATION,True,LINEAR_COMBINATION,LINEAR_COMBINATION,14,0.013471309095621109,False
5,-1,0.030566757544875145,30330bbfad1072ba9d97e5bf6cb307766c6f8dbc5e949d6e882d0624e04abdbb,0.22931155562400818,True,VREX,LINEAR_COMBINATION,LINEAR_COMBINATION,u005,LINEAR_COMBINATION,LINEAR_COMBINATION,True,LINEAR_COMBINATION,LINEAR_COMBINATION,14,0.18836037814617157,False
20,-1,0.07739043235778809,0f33f407524ab7448883793f5d0be46fc0aa3d8339dbbcb6ff6f0d722c4aebda,0.19389097392559052,True,VREX,LINEAR_COMBINATION,LINEAR_COMBINATION,u005,LINEAR_COMBINATION,LINEAR_COMBINATION,True,LINEAR_COMBINATION,LINEAR_COMBINATION,14,0.15658901631832123,False
1,-1,0.047806255519390106,4e214353f435093124d778de52fec603b07cb8e86b6f9fe594764b2ca16a3b57,0.5023804903030396,True,VREX,LINEAR_COMBINATION,LINEAR_COMBINATION,u006,LINEAR_COMBINATION,LINEAR_COMBINATION,True,LINEAR_COMBINATION,LINEAR_COMBINATION,14,0.40837571024894714,False
5,-1,1.1361820697784424,30330bbfad1072ba9d97e5bf6cb307766c6f8dbc5e949d6e882d0624e04abdbb,8.052638053894043,True,VREX,LINEAR_COMBINATION,LINEAR_COMBINATION,u006,LINEAR_COMBINATION,LINEAR_COMBINATION,True,LINEAR_COMBINATION,LINEAR_COMBINATION,14,6.603139877319336,False
20,-1,1.9767802953720093,0f33f407524ab7448883793f5d0be46fc0aa3d8339dbbcb6ff6f0d722c4aebda,6.499026775360107,True,VREX,LINEAR_COMBINATION,LINEAR_COMBINATION,u006,LINEAR_COMBINATION,LINEAR_COMBINATION,True,LINEAR_COMBINATION,LINEAR_COMBINATION,14,5.23869514465332,False
1,-1,0.0014544951263815165,4e214353f435093124d778de52fec603b07cb8e86b6f9fe594764b2ca16a3b57,0.011670676060020924,True,VREX,LINEAR_COMBINATION,LINEAR_COMBINATION,u007,LINEAR_COMBINATION,LINEAR_COMBINATION,True,LINEAR_COMBINATION,LINEAR_COMBINATION,14,0.009525654837489128,False
5,-1,0.021613962948322296,30330bbfad1072ba9d97e5bf6cb307766c6f8dbc5e949d6e882d0624e04abdbb,0.16214776039123535,True,VREX,LINEAR_COMBINATION,LINEAR_COMBINATION,u007,LINEAR_COMBINATION,LINEAR_COMBINATION,True,LINEAR_COMBINATION,LINEAR_COMBINATION,14,0.13319088518619537,False
20,-1,0.05472330003976822,0f33f407524ab7448883793f5d0be46fc0aa3d8339dbbcb6ff6f0d722c4aebda,0.13710162043571472,True,VREX,LINEAR_COMBINATION,LINEAR_COMBINATION,u007,LINEAR_COMBINATION,LINEAR_COMBINATION,True,LINEAR_COMBINATION,LINEAR_COMBINATION,14,0.11072515696287155,False
1,-1,0.0014544951263815165,4e214353f435093124d778de52fec603b07cb8e86b6f9fe594764b2ca16a3b57,0.011670676060020924,True,VREX,LINEAR_COMBINATION,LINEAR_COMBINATION,u008,LINEAR_COMBINATION,LINEAR_COMBINATION,True,LINEAR_COMBINATION,LINEAR_COMBINATION,14,0.009525654837489128,False
5,-1,0.021613962948322296,30330bbfad1072ba9d97e5bf6cb307766c6f8dbc5e949d6e882d0624e04abdbb,0.16214776039123535,True,VREX,LINEAR_COMBINATION,LINEAR_COMBINATION,u008,LINEAR_COMBINATION,LINEAR_COMBINATION,True,LINEAR_COMBINATION,LINEAR_COMBINATION,14,0.13319088518619537,False
20,-1,0.05472330003976822,0f33f407524ab7448883793f5d0be46fc0aa3d8339dbbcb6ff6f0d722c4aebda,0.13710162043571472,True,VREX,LINEAR_COMBINATION,LINEAR_COMBINATION,u008,LINEAR_COMBINATION,LINEAR_COMBINATION,True,LINEAR_COMBINATION,LINEAR_COMBINATION,14,0.11072515696287155,False
1,-1,0.020094221457839012,4e214353f435093124d778de52fec603b07cb8e86b6f9fe594764b2ca16a3b57,0.03707633167505264,True,VREX,LINEAR_COMBINATION,LINEAR_COMBINATION,u009,LINEAR_COMBINATION,LINEAR_COMBINATION,True,LINEAR_COMBINATION,LINEAR_COMBINATION,14,0.02841706946492195,False
5,-1,0.031116481870412827,30330bbfad1072ba9d97e5bf6cb307766c6f8dbc5e949d6e882d0624e04abdbb,0.284597784280777,True,VREX,LINEAR_COMBINATION,LINEAR_COMBINATION,u009,LINEAR_COMBINATION,LINEAR_COMBINATION,True,LINEAR_COMBINATION,LINEAR_COMBINATION,14,0.2223520278930664,False
20,-1,0.45709148049354553,0f33f407524ab7448883793f5d0be46fc0aa3d8339dbbcb6ff6f0d722c4aebda,0.808373212814331,True,VREX,LINEAR_COMBINATION,LINEAR_COMBINATION,u009,LINEAR_COMBINATION,LINEAR_COMBINATION,True,LINEAR_COMBINATION,LINEAR_COMBINATION,14,0.6499612927436829,False
1,-1,0.020094221457839012,4e214353f435093124d778de52fec603b07cb8e86b6f9fe594764b2ca16a3b57,0.03707633167505264,True,VREX,LINEAR_COMBINATION,LINEAR_COMBINATION,u010,LINEAR_COMBINATION,LINEAR_COMBINATION,True,LINEAR_COMBINATION,LINEAR_COMBINATION,14,0.02841706946492195,False
5,-1,0.031116481870412827,30330bbfad1072ba9d97e5bf6cb307766c6f8dbc5e949d6e882d0624e04abdbb,0.284597784280777,True,VREX,LINEAR_COMBINATION,LINEAR_COMBINATION,u010,LINEAR_COMBINATION,LINEAR_COMBINATION,True,LINEAR_COMBINATION,LINEAR_COMBINATION,14,0.2223520278930664,False
20,-1,0.45709148049354553,0f33f407524ab7448883793f5d0be46fc0aa3d8339dbbcb6ff6f0d722c4aebda,0.808373212814331,True,VREX,LINEAR_COMBINATION,LINEAR_COMBINATION,u010,LINEAR_COMBINATION,LINEAR_COMBINATION,True,LINEAR_COMBINATION,LINEAR_COMBINATION,14,0.6499612927436829,False
1,0,2.9341185092926025,7dcdc87ec1e3996b5ae5e6f6a073ec52ef179595df221ff938028222e3c151cb,17.3109130859375,True,CORAL,fb8458e69511347c25e5f6026b1e096e36656333379232fb38585b5a333e315e,ffe483d077169b6e70a4e5b51672fd31811624840072b2a65d81d581210e945b,u000,cbb505c6393d035de82660e5b37ede668aea7c6e6a12c31b1a4daad0615c7c60,5bc76787c438444d75853a9a4da4257f5bd265e1efde09697dec268051bc0fca,True,cbb505c6393d035de82660e5b37ede668aea7c6e6a12c31b1a4daad0615c7c60,5bc76787c438444d75853a9a4da4257f5bd265e1efde09697dec268051bc0fca,14,12.96734619140625,False
5,0,17.07988166809082,a644769807678d60ba684d1b2b477856b26f515bb28a081f428f1b46f3bc5cd7,150.64320373535156,True,CORAL,f793d1449368748f99d0df706ff3e048f707ec5470c9c47c9cd3c2c9d88161d3,041c253a9366c3cbd182ebada2c4982942695f053a8671be07035e560030ae9c,u000,0ed0585087ebe3f772fe8683f27b75ad18ace75a2c694c977265a98c68b7e14f,dbbb51f94e7cd655d49f47966dc96d124794d01c17d74d95941fcd5ad724240e,True,0ed0585087ebe3f772fe8683f27b75ad18ace75a2c694c977265a98c68b7e14f,dbbb51f94e7cd655d49f47966dc96d124794d01c17d74d95941fcd5ad724240e,14,111.83394622802734,False
20,0,22.51706886291504,c66d0ace41fbf938d131c6aa79da26bb3fdd3ecbd0a385fa0b538c6706968456,110.77564239501953,True,CORAL,2b7f7169a7603840fc399045850618a34aeae76baf0da3341581e42e69e52250,8bb953886017c26ebf687b6ccce0587c092a4a6b247fb78c8acaafc3ec8675a3,u000,31650ef4000b1fd0da792bafa07fb5cc2726fc9c325e9c49155b616496a64f23,29c0ebdd79a907dfb3c789cc23b3eae7da22594afbd47423e846ce112fa075fa,True,31650ef4000b1fd0da792bafa07fb5cc2726fc9c325e9c49155b616496a64f23,29c0ebdd79a907dfb3c789cc23b3eae7da22594afbd47423e846ce112fa075fa,14,78.44908905029297,False
1,1,3.2376863956451416,7dcdc87ec1e3996b5ae5e6f6a073ec52ef179595df221ff938028222e3c151cb,17.187057495117188,True,CORAL,17c7bca8c27e11a9d4046f3ca2726573372536a50023fb30dbde8bfd3b2191ea,7d08b0b7655025e48e6fcc189c78af0629b0c235028ad5214916cdff2ab9152a,u001,06bd48e118c6d87782b585ea30c61a7b47eda3797bb2c7d7c8965e21802293ea,c9d5e1e9dc9b1117d8a968761dbf760c071e5a17a5fbb81c158dd710abca64ba,True,06bd48e118c6d87782b585ea30c61a7b47eda3797bb2c7d7c8965e21802293ea,c9d5e1e9dc9b1117d8a968761dbf760c071e5a17a5fbb81c158dd710abca64ba,14,12.853256225585938,False
5,1,16.340618133544922,a644769807678d60ba684d1b2b477856b26f515bb28a081f428f1b46f3bc5cd7,150.05532836914062,True,CORAL,db9d236b446d6e5e7f80a26a660312ede15f61e7092528729bff80e6f7ce6f9d,78bda0264e4c37e38c265eb2909532e14042fe2f4731c7031eee5ad64d81296d,u001,4a345173482a201ffb22f82efd453120cb9eb53cd5ab1313b708f64659901e25,b0a911a5d4b661678023b4eb493c0c0c8abfe4b1f5fe8431cbd2c3b9505b438c,True,4a345173482a201ffb22f82efd453120cb9eb53cd5ab1313b708f64659901e25,b0a911a5d4b661678023b4eb493c0c0c8abfe4b1f5fe8431cbd2c3b9505b438c,14,111.40660095214844,False
20,1,27.431371688842773,c66d0ace41fbf938d131c6aa79da26bb3fdd3ecbd0a385fa0b538c6706968456,111.79557037353516,True,CORAL,88ba6b5e6f0d546cb3b2409b99233fa1a4bb7c29806fce529fe60e122ae4a7b3,4a4028c0f3b84252059161db262b7a9a83e97851f72ac5f4679ea2cc9db22734,u001,87bd63ef70a6c2ab962c65b105fa2a74de521d2a2b4ad7f1ef68f5c141c954c8,f7c70f5a493e55e7c8710a43a40373e03ae8b4baec417226f774668dd5020fca,True,87bd63ef70a6c2ab962c65b105fa2a74de521d2a2b4ad7f1ef68f5c141c954c8,f7c70f5a493e55e7c8710a43a40373e03ae8b4baec417226f774668dd5020fca,14,80.23876953125,False
1,2,0.0,7dcdc87ec1e3996b5ae5e6f6a073ec52ef179595df221ff938028222e3c151cb,0.0,True,CORAL,LINEAR_COMBINATION,LINEAR_COMBINATION,u002,LINEAR_COMBINATION,LINEAR_COMBINATION,True,LINEAR_COMBINATION,LINEAR_COMBINATION,14,0.0,False
5,2,0.0,a644769807678d60ba684d1b2b477856b26f515bb28a081f428f1b46f3bc5cd7,0.0,True,CORAL,LINEAR_COMBINATION,LINEAR_COMBINATION,u002,LINEAR_COMBINATION,LINEAR_COMBINATION,True,LINEAR_COMBINATION,LINEAR_COMBINATION,14,0.0,False
20,2,0.0,c66d0ace41fbf938d131c6aa79da26bb3fdd3ecbd0a385fa0b538c6706968456,0.0,True,CORAL,LINEAR_COMBINATION,LINEAR_COMBINATION,u002,LINEAR_COMBINATION,LINEAR_COMBINATION,True,LINEAR_COMBINATION,LINEAR_COMBINATION,14,0.0,False
1,3,2.2919535636901855,7dcdc87ec1e3996b5ae5e6f6a073ec52ef179595df221ff938028222e3c151cb,5.655611515045166,True,CORAL,5464589da17e1576b73a02065f892d30c97ad06c875c047eecf6cd96b99a9e1c,1838b5a0954abef8aa771d91ed02879a2d0e21a9148f6c78198c8dbcf60d78d7,u003,b7eb54a4dc27357f3afa534e48df4f82e96b6f264c342a8b034c808a038a1cd5,8002abcf4ee0b719f84486cf31b4ccf7ecd2854a95b656759a24394e6ad990de,True,b7eb54a4dc27357f3afa534e48df4f82e96b6f264c342a8b034c808a038a1cd5,8002abcf4ee0b719f84486cf31b4ccf7ecd2854a95b656759a24394e6ad990de,14,3.1873323917388916,False
5,3,19.86464500427246,a644769807678d60ba684d1b2b477856b26f515bb28a081f428f1b46f3bc5cd7,48.78770446777344,True,CORAL,57d6ae2fe674c3d66aba6c48a7f77c4a6a0adaa7d222dc0a333c4a613330f1bb,a61c5f3f84becbf2c283287f27b543856f881db11c1001c96d7816035e080227,u003,9b0d5e1d2079a2aece89281c9d62907d00a09636dbd69e86bc1e6ffbb25063af,151e7b0e00604915a076d3d0d15f0035055574cbf8db19ac0ce590ce8ab0ee35,True,9b0d5e1d2079a2aece89281c9d62907d00a09636dbd69e86bc1e6ffbb25063af,151e7b0e00604915a076d3d0d15f0035055574cbf8db19ac0ce590ce8ab0ee35,14,23.4444580078125,False
20,3,77.10479736328125,c66d0ace41fbf938d131c6aa79da26bb3fdd3ecbd0a385fa0b538c6706968456,122.51087951660156,True,CORAL,9466ffaff2765c15db512346b07d769ace4bd898faec5ee15d2674e11e0ef78c,83d097441997c90ac1926288b8c8a6cc92fa058dfdb379d88c030f4b9490e3dd,u003,7f2df91ef80a494d9fb21619dd7bf53369ec2c20c7ed16df07f95d3638fd82f4,0eddbcb687501f0294a725bae00eeead4aa148d89854c2aebdb6e478a0ccdff3,True,7f2df91ef80a494d9fb21619dd7bf53369ec2c20c7ed16df07f95d3638fd82f4,0eddbcb687501f0294a725bae00eeead4aa148d89854c2aebdb6e478a0ccdff3,14,92.84660339355469,False
1,4,0.0,7dcdc87ec1e3996b5ae5e6f6a073ec52ef179595df221ff938028222e3c151cb,0.0,True,CORAL,LINEAR_COMBINATION,LINEAR_COMBINATION,u004,LINEAR_COMBINATION,LINEAR_COMBINATION,True,LINEAR_COMBINATION,LINEAR_COMBINATION,14,0.0,False
5,4,0.0,a644769807678d60ba684d1b2b477856b26f515bb28a081f428f1b46f3bc5cd7,0.0,True,CORAL,LINEAR_COMBINATION,LINEAR_COMBINATION,u004,LINEAR_COMBINATION,LINEAR_COMBINATION,True,LINEAR_COMBINATION,LINEAR_COMBINATION,14,0.0,False
20,4,0.0,c66d0ace41fbf938d131c6aa79da26bb3fdd3ecbd0a385fa0b538c6706968456,0.0,True,CORAL,LINEAR_COMBINATION,LINEAR_COMBINATION,u004,LINEAR_COMBINATION,LINEAR_COMBINATION,True,LINEAR_COMBINATION,LINEAR_COMBINATION,14,0.0,False
1,-1,4.361982822418213,7dcdc87ec1e3996b5ae5e6f6a073ec52ef179595df221ff938028222e3c151cb,24.389415740966797,True,CORAL,LINEAR_COMBINATION,LINEAR_COMBINATION,u005,LINEAR_COMBINATION,LINEAR_COMBINATION,True,LINEAR_COMBINATION,LINEAR_COMBINATION,14,18.254961013793945,False
5,-1,23.619585037231445,a644769807678d60ba684d1b2b477856b26f515bb28a081f428f1b46f3bc5cd7,212.6068572998047,True,CORAL,LINEAR_COMBINATION,LINEAR_COMBINATION,u005,LINEAR_COMBINATION,LINEAR_COMBINATION,True,LINEAR_COMBINATION,LINEAR_COMBINATION,14,157.84608459472656,False
20,-1,35.222320556640625,c66d0ace41fbf938d131c6aa79da26bb3fdd3ecbd0a385fa0b538c6706968456,157.27256774902344,True,CORAL,LINEAR_COMBINATION,LINEAR_COMBINATION,u005,LINEAR_COMBINATION,LINEAR_COMBINATION,True,LINEAR_COMBINATION,LINEAR_COMBINATION,14,112.14362335205078,False
1,-1,0.25449612736701965,7dcdc87ec1e3996b5ae5e6f6a073ec52ef179595df221ff938028222e3c151cb,0.4680211842060089,True,CORAL,LINEAR_COMBINATION,LINEAR_COMBINATION,u006,LINEAR_COMBINATION,LINEAR_COMBINATION,True,LINEAR_COMBINATION,LINEAR_COMBINATION,14,0.33846887946128845,False
5,-1,0.923766553401947,a644769807678d60ba684d1b2b477856b26f515bb28a081f428f1b46f3bc5cd7,2.8792917728424072,True,CORAL,LINEAR_COMBINATION,LINEAR_COMBINATION,u006,LINEAR_COMBINATION,LINEAR_COMBINATION,True,LINEAR_COMBINATION,LINEAR_COMBINATION,14,1.6968411207199097,False
20,-1,4.345896244049072,c66d0ace41fbf938d131c6aa79da26bb3fdd3ecbd0a385fa0b538c6706968456,5.90184211730957,True,CORAL,LINEAR_COMBINATION,LINEAR_COMBINATION,u006,LINEAR_COMBINATION,LINEAR_COMBINATION,True,LINEAR_COMBINATION,LINEAR_COMBINATION,14,4.04046630859375,False
1,-1,3.08438777923584,7dcdc87ec1e3996b5ae5e6f6a073ec52ef179595df221ff938028222e3c151cb,17.245922088623047,True,CORAL,LINEAR_COMBINATION,LINEAR_COMBINATION,u007,LINEAR_COMBINATION,LINEAR_COMBINATION,True,LINEAR_COMBINATION,LINEAR_COMBINATION,14,12.908206939697266,False
5,-1,16.701568603515625,a644769807678d60ba684d1b2b477856b26f515bb28a081f428f1b46f3bc5cd7,150.33575439453125,True,CORAL,LINEAR_COMBINATION,LINEAR_COMBINATION,u007,LINEAR_COMBINATION,LINEAR_COMBINATION,True,LINEAR_COMBINATION,LINEAR_COMBINATION,14,111.6140365600586,False
20,-1,24.905941009521484,c66d0ace41fbf938d131c6aa79da26bb3fdd3ecbd0a385fa0b538c6706968456,111.20850372314453,True,CORAL,LINEAR_COMBINATION,LINEAR_COMBINATION,u007,LINEAR_COMBINATION,LINEAR_COMBINATION,True,LINEAR_COMBINATION,LINEAR_COMBINATION,14,79.29751586914062,False
1,-1,3.08438777923584,7dcdc87ec1e3996b5ae5e6f6a073ec52ef179595df221ff938028222e3c151cb,17.245922088623047,True,CORAL,LINEAR_COMBINATION,LINEAR_COMBINATION,u008,LINEAR_COMBINATION,LINEAR_COMBINATION,True,LINEAR_COMBINATION,LINEAR_COMBINATION,14,12.908206939697266,False
5,-1,16.701568603515625,a644769807678d60ba684d1b2b477856b26f515bb28a081f428f1b46f3bc5cd7,150.33575439453125,True,CORAL,LINEAR_COMBINATION,LINEAR_COMBINATION,u008,LINEAR_COMBINATION,LINEAR_COMBINATION,True,LINEAR_COMBINATION,LINEAR_COMBINATION,14,111.6140365600586,False
20,-1,24.905941009521484,c66d0ace41fbf938d131c6aa79da26bb3fdd3ecbd0a385fa0b538c6706968456,111.20850372314453,True,CORAL,LINEAR_COMBINATION,LINEAR_COMBINATION,u008,LINEAR_COMBINATION,LINEAR_COMBINATION,True,LINEAR_COMBINATION,LINEAR_COMBINATION,14,79.29751586914062,False
1,-1,1.62065589427948,7dcdc87ec1e3996b5ae5e6f6a073ec52ef179595df221ff938028222e3c151cb,3.9991214275360107,True,CORAL,LINEAR_COMBINATION,LINEAR_COMBINATION,u009,LINEAR_COMBINATION,LINEAR_COMBINATION,True,LINEAR_COMBINATION,LINEAR_COMBINATION,14,2.2537841796875,False
5,-1,14.04642391204834,a644769807678d60ba684d1b2b477856b26f515bb28a081f428f1b46f3bc5cd7,34.49811553955078,True,CORAL,LINEAR_COMBINATION,LINEAR_COMBINATION,u009,LINEAR_COMBINATION,LINEAR_COMBINATION,True,LINEAR_COMBINATION,LINEAR_COMBINATION,14,16.577733993530273,False
20,-1,54.521324157714844,c66d0ace41fbf938d131c6aa79da26bb3fdd3ecbd0a385fa0b538c6706968456,86.6282730102539,True,CORAL,LINEAR_COMBINATION,LINEAR_COMBINATION,u009,LINEAR_COMBINATION,LINEAR_COMBINATION,True,LINEAR_COMBINATION,LINEAR_COMBINATION,14,65.6524658203125,False
1,-1,1.62065589427948,7dcdc87ec1e3996b5ae5e6f6a073ec52ef179595df221ff938028222e3c151cb,3.9991214275360107,True,CORAL,LINEAR_COMBINATION,LINEAR_COMBINATION,u010,LINEAR_COMBINATION,LINEAR_COMBINATION,True,LINEAR_COMBINATION,LINEAR_COMBINATION,14,2.2537841796875,False
5,-1,14.04642391204834,a644769807678d60ba684d1b2b477856b26f515bb28a081f428f1b46f3bc5cd7,34.49811553955078,True,CORAL,LINEAR_COMBINATION,LINEAR_COMBINATION,u010,LINEAR_COMBINATION,LINEAR_COMBINATION,True,LINEAR_COMBINATION,LINEAR_COMBINATION,14,16.577733993530273,False
20,-1,54.521324157714844,c66d0ace41fbf938d131c6aa79da26bb3fdd3ecbd0a385fa0b538c6706968456,86.6282730102539,True,CORAL,LINEAR_COMBINATION,LINEAR_COMBINATION,u010,LINEAR_COMBINATION,LINEAR_COMBINATION,True,LINEAR_COMBINATION,LINEAR_COMBINATION,14,65.6524658203125,False
