method,shift_id,lambda,relevance_squared,control_score_c,curvature_ratio,blind_fraction,steering,steering_class,local_vulnerability,actual_target_risk_change,exposure_posthoc,intervention_family_posthoc
L2,S1-relation--1-0.25,0.0,0.0006917238640540102,0.5883393018106385,1.0,0.0,0.0,neutral,0.00037194727154638734,0.0,S1,relation
L2,S1-mean--1-0.25,0.0,0.0023513876484882934,0.5238226477125492,1.0,0.0,0.0,neutral,0.0006857678395037626,0.0,S1,mean
L2,S1-relation-+1-0.25,0.0,0.000607596385055951,0.5089655861320902,1.0,0.0,0.0,neutral,0.0003485961517446659,0.0,S1,relation
L2,S1-mean-+1-0.25,0.0,0.002351387648488293,0.4840782484542645,1.0,0.0,0.0,neutral,0.0006857678395037625,0.0,S1,mean
L2,S1-variance-0.25,0.0,0.002455110819924973,0.8630695322344472,1.0,0.0,0.0,neutral,0.0007007297367637506,0.0,S1,variance
L2,S1-relation--1-0.5,0.0,0.0029678852251444803,0.6238688454353158,1.0,0.0,0.0,neutral,0.0007704395141923185,0.0,S1,relation
L2,S1-mean--1-0.5,0.0,0.009712567316798997,0.553790362349973,1.0,0.0,0.0,neutral,0.0013937408164216897,0.0,S1,mean
L2,S1-relation-+1-0.5,0.0,0.002294865393160023,0.4661666223263419,1.0,0.0,0.0,neutral,0.0006774755188433041,0.0,S1,relation
L2,S1-mean-+1-0.5,0.0,0.009712567316799004,0.47681422496897224,1.0,0.0,0.0,neutral,0.0013937408164216899,0.0,S1,mean
L2,S1-variance-0.5,0.0,0.009820443279699921,0.8630695322344473,1.0,0.0,0.0,neutral,0.0014014594735275035,0.0,S1,variance
L2,S1-relation--1-1.0,0.0,0.013741337539464145,0.6856600483769424,1.0,0.0,0.0,neutral,0.0016577899468547964,0.0,S1,relation
L2,S1-mean--1-1.0,0.0,0.04376253683272921,0.6226742544936366,1.0,0.0,0.0,neutral,0.0029584636834928085,0.0,S1,mean
L2,S1-relation-+1-1.0,0.0,0.008357178883588494,0.37903153301099995,1.0,0.0,0.0,neutral,0.0012928401976724335,0.0,S1,relation
L2,S1-mean-+1-1.0,0.0,0.043762536832729265,0.4860028510130237,1.0,0.0,0.0,neutral,0.0029584636834928102,0.0,S1,mean
L2,S1-variance-1.0,0.0,0.03928177311879963,0.8630695322344473,1.0,0.0,0.0,neutral,0.0028029189470550045,0.0,S1,variance
L2,S2-relation--1-0.25,0.0,0.0005652361647570547,0.7211412494579069,1.0,0.0,0.0,neutral,0.000336224973717615,0.0,S2,relation
L2,S2-mean--1-0.25,0.0,0.0008779851951268903,0.5071493165991059,1.0,0.0,0.0,neutral,0.0004190430037900382,0.0,S2,mean
L2,S2-relation-+1-0.25,0.0,0.0004927389512466441,0.6965890713945313,1.0,0.0,0.0,neutral,0.0003139232234947405,0.0,S2,relation
L2,S2-mean-+1-0.25,0.0,0.000877985195126891,0.4989096574808727,1.0,0.0,0.0,neutral,0.0004190430037900382,0.0,S2,mean
L2,S2-variance-0.25,0.0,0.0009003570023965495,0.7834861591082698,1.0,0.0,0.0,neutral,0.00042434820664085515,0.0,S2,variance
L2,S2-relation--1-0.5,0.0,0.00241794384608098,0.7314574793652026,1.0,0.0,0.0,neutral,0.0006954054710858954,0.0,S2,relation
L2,S2-mean--1-0.5,0.0,0.0036245322994010055,0.5197252239152748,1.0,0.0,0.0,neutral,0.0008514143878747884,0.0,S2,mean
L2,S2-relation-+1-0.5,0.0,0.0018379661379977136,0.6820554090531951,1.0,0.0,0.0,neutral,0.0006062946706013031,0.0,S2,relation
L2,S2-mean-+1-0.5,0.0,0.003624532299401007,0.5037578148900681,1.0,0.0,0.0,neutral,0.0008514143878747884,0.0,S2,mean
L2,S2-variance-0.5,0.0,0.003601428009586209,0.7834861591082698,1.0,0.0,0.0,neutral,0.0008486964132817115,0.0,S2,variance
L2,S2-relation--1-1.0,0.0,0.011023806961001728,0.7488373313963753,1.0,0.0,0.0,neutral,0.0014848438948927747,0.0,S2,relation
L2,S2-mean--1-1.0,0.0,0.01629959349989912,0.5559779493953934,1.0,0.0,0.0,neutral,0.0018055244944280933,0.0,S2,mean
L2,S2-relation-+1-1.0,0.0,0.006383985296335569,0.6476849610374783,1.0,0.0,0.0,neutral,0.0011299544500850969,0.0,S2,relation
L2,S2-mean-+1-1.0,0.0,0.016299593499899127,0.5275726325388882,1.0,0.0,0.0,neutral,0.0018055244944280935,0.0,S2,mean
L2,S2-variance-1.0,0.0,0.014405712038344811,0.7834861591082699,1.0,0.0,0.0,neutral,0.0016973928265634217,0.0,S2,variance
L2,U-emergent-0.25,0.0,0.006397681385761115,0.6944444444444444,1.0,0.0,0.0,neutral,0.0011311658928522476,0.0,U,emergent
L2,U-emergent-0.5,0.0,0.02559072554304446,0.6944444444444444,1.0,0.0,0.0,neutral,0.002262331785704495,0.0,U,emergent
L2,U-emergent-1.0,0.0,0.10236290217217783,0.6944444444444444,1.0,0.0,0.0,neutral,0.00452466357140899,0.0,U,emergent
L2,S1-relation--1-0.25,1e-05,0.0006917238640540102,0.5883393018106385,0.999994116654556,0.0,1.455569069513457e-08,harmful,0.0003719463189224827,1.4548369509093106e-08,S1,relation
L2,S1-mean--1-0.25,1e-05,0.0023513876484882934,0.5238226477125492,0.9999947618028414,0.0,-4.062540757644866e-08,helpful,0.0006857629366841873,-4.059882685591987e-08,S1,mean
L2,S1-relation-+1-0.25,1e-05,0.000607596385055951,0.5089655861320902,0.9999949103828477,0.0,-2.1220569041008286e-08,helpful,0.00034859519288561795,-2.1206213118851736e-08,S1,relation
L2,S1-mean-+1-0.25,1e-05,0.002351387648488293,0.4840782484542645,0.9999951592415927,0.0,2.021421764221088e-08,harmful,0.000685763268143477,2.019138301001533e-08,S1,mean
L2,S1-variance-0.25,1e-05,0.002455110819924973,0.8630695322344472,0.9999913693831619,0.0,-9.997317518810318e-08,helpful,0.0007007236381119895,-9.999277850170074e-08,S1,variance
L2,S1-relation--1-0.5,1e-05,0.0029678852251444803,0.6238688454353158,0.9999937613630905,0.0,2.244650304439565e-08,harmful,0.0007704375485273106,2.2425951207161177e-08,S1,relation
L2,S1-mean--1-0.5,1e-05,0.009712567316798997,0.553790362349973,0.9999944621297869,0.0,-1.0166200508713483e-07,helpful,0.0013937304573914844,-1.0161804153696608e-07,S1,mean
L2,S1-relation-+1-0.5,1e-05,0.002294865393160023,0.4661666223263419,0.9999953383677085,0.0,-4.9106016427889905e-08,helpful,0.0006774735204600863,-4.908321316055009e-08,S1,relation
L2,S1-mean-+1-0.5,1e-05,0.009712567316799004,0.47681422496897224,0.9999952318810096,0.0,2.001724535018389e-08,harmful,0.001393731762105425,1.9962378194904318e-08,S1,mean
L2,S1-variance-0.5,1e-05,0.009820443279699921,0.8630695322344473,0.9999913693831618,0.0,-1.9994635037620662e-07,helpful,0.0014014472762239806,-1.9998987177416438e-07,S1,variance
L2,S1-relation--1-1.0,1e-05,0.013741337539464145,0.6856600483769424,0.9999931434579707,0.0,1.8233492705297402e-08,harmful,0.0016577855491178668,1.8181696148644733e-08,S1,relation
L2,S1-mean--1-1.0,1e-05,0.04376253683272921,0.6226742544936366,0.9999937733004307,0.0,-2.849687699112207e-07,helpful,0.0029584400432986725,-2.849046906172603e-07,S1,mean
L2,S1-relation-+1-1.0,1e-05,0.008357178883588494,0.37903153301099995,0.9999962097088845,0.0,-1.2487154623927413e-07,helpful,0.0012928355521157817,-1.248366325867778e-07,S1,relation
L2,S1-mean-+1-1.0,1e-05,0.043762536832729265,0.4860028510130237,0.9999951399964421,0.0,-4.1610269036583164e-08,helpful,0.002958444960535786,-4.1743851042497226e-08,S1,mean
L2,S1-variance-1.0,1e-05,0.03928177311879963,0.8630695322344473,0.9999913693831618,0.0,-3.99892700752413e-07,helpful,0.002802894552447959,-3.9998405798602477e-07,S1,variance
L2,S2-relation--1-0.25,1e-05,0.0005652361647570547,0.7211412494579069,0.9999927886456429,0.0,2.3481347022702007e-08,harmful,0.00033622506863670125,2.3501962154170997e-08,S2,relation
L2,S2-mean--1-0.25,1e-05,0.0008779851951268903,0.5071493165991059,0.9999949285336478,0.0,-2.0523376104435363e-08,helpful,0.00041904091266984635,-2.050176961532202e-08,S2,mean
L2,S2-relation-+1-0.25,1e-05,0.0004927389512466441,0.6965890713945313,0.9999930341649796,0.0,-2.474392523008421e-08,helpful,0.0003139234027060156,-2.4754452598862997e-08,S2,relation
L2,S2-mean-+1-0.25,1e-05,0.000877985195126891,0.4989096574808727,0.9999950109296675,0.0,1.6656730344327504e-08,harmful,0.00041904112161634415,1.664821880353884e-08,S2,mean
L2,S2-variance-0.25,1e-05,0.0009003570023965495,0.7834861591082698,0.9999921652019641,0.0,-1.8938673110732644e-08,helpful,0.0004243455997920256,-1.891248646579413e-08,S2,variance
L2,S2-relation--1-0.5,1e-05,0.00241794384608098,0.7314574793652026,0.9999926854843666,0.0,4.570011583802183e-08,harmful,0.0006954055634325788,4.5738489107272073e-08,S2,relation
L2,S2-mean--1-0.5,1e-05,0.0036245322994010055,0.5197252239152748,0.9999948027759926,0.0,-4.4913397968978716e-08,helpful,0.000851409902953625,-4.487003413267132e-08,S2,mean
L2,S2-relation-+1-0.5,1e-05,0.0018379661379977136,0.6820554090531951,0.9999931795001512,0.0,-5.075042866755046e-08,helpful,0.0006062950977429524,-5.077434017675131e-08,S2,relation
L2,S2-mean-+1-0.5,1e-05,0.003624532299401007,0.5037578148900681,0.9999949624489759,0.0,2.9446814928547142e-08,harmful,0.0008514107256559249,2.942994248300579e-08,S2,mean
L2,S2-variance-0.5,1e-05,0.003601428009586209,0.7834861591082698,0.9999921652019641,0.0,-3.787734622146536e-08,helpful,0.0008486911995840525,-3.7829287591328864e-08,S2,variance
L2,S2-relation--1-1.0,1e-05,0.011023806961001728,0.7488373313963753,0.9999925116875631,0.0,8.634991884651496e-08,harmful,0.0014848436466320955,8.642818360993232e-08,S2,relation
L2,S2-mean--1-1.0,1e-05,0.01629959349989912,0.5559779493953934,0.9999944402531341,0.0,-1.0529337897838909e-07,helpful,0.0018055140329954619,-1.0519310400525228e-07,S2,mean
L2,S2-relation-+1-1.0,1e-05,0.006383985296335569,0.6476849610374783,0.9999935232011856,0.0,-1.0655117016462967e-07,helpful,0.0011299555027065999,-1.0659747540220366e-07,S2,relation
L2,S2-mean-+1-1.0,1e-05,0.016299593499899127,0.5275726325388882,0.9999947243043333,0.0,4.3427046816662525e-08,harmful,0.001805517136628483,4.340684967019115e-08,S2,mean
L2,S2-variance-1.0,1e-05,0.014405712038344811,0.7834861591082699,0.9999921652019641,0.0,-7.575469244293064e-08,helpful,0.0016973823991681036,-7.566288995342063e-08,S2,variance
L2,U-emergent-0.25,1e-05,0.006397681385761115,0.6944444444444444,0.9999930556037807,0.0,0.0,neutral,0.0011311689571917665,4.314659740600746e-12,U,emergent
L2,U-emergent-0.5,1e-05,0.02559072554304446,0.6944444444444444,0.9999930556037807,0.0,0.0,neutral,0.002262337914383533,4.314659740600746e-12,U,emergent
L2,U-emergent-1.0,1e-05,0.10236290217217783,0.6944444444444444,0.9999930556037807,0.0,0.0,neutral,0.004524675828767066,4.314659740600746e-12,U,emergent
L2,S1-relation--1-0.25,0.0001,0.0006917238640540102,0.5883393018106385,0.9999411708268423,0.0,1.4557212511571728e-07,harmful,0.0003719377462750356,1.4586341157141192e-07,S1,relation
L2,S1-mean--1-0.25,0.0001,0.0023513876484882934,0.5238226477125492,0.9999476206669277,0.0,-4.0622306369246446e-07,helpful,0.0006857188149174106,-4.055549998049912e-07,S1,mean
L2,S1-relation-+1-0.25,0.0001,0.000607596385055951,0.5089655861320902,0.9999491073119693,0.0,-2.1221661403188426e-07,helpful,0.0003485865642308248,-2.1165968200342888e-07,S1,relation
L2,S1-mean-+1-0.25,0.0001,0.002351387648488293,0.4840782484542645,0.9999515945827729,0.0,2.0212431638670791e-07,harmful,0.0006857221290615532,2.0227427288688204e-07,S1,mean
L2,S1-variance-0.25,0.0001,0.002455110819924973,0.8630695322344472,0.9999137008945241,0.0,-9.996673337424787e-07,helpful,0.0007006687553088834,-9.994555226766622e-07,S1,variance
L2,S1-relation--1-0.5,0.0001,0.0029678852251444803,0.6238688454353158,0.9999376182695207,0.0,2.244997613152698e-07,harmful,0.0007704198594463243,2.2463626303537154e-07,S1,relation
L2,S1-mean--1-0.5,0.0001,0.009712567316798997,0.553790362349973,0.9999446243046184,0.0,-1.016544874690683e-06,helpful,0.0013936372339760103,-1.0156850154263708e-06,S1,mean
L2,S1-relation-+1-0.5,0.0001,0.002294865393160023,0.4661666223263419,0.999953386730695,0.0,-4.910777169799315e-07,helpful,0.0006774555373558342,-4.904099240032878e-07,S1,relation
L2,S1-mean-+1-0.5,0.0001,0.009712567316799004,0.47681422496897224,0.9999523209033288,0.0,2.0014988546765855e-07,harmful,0.0013936502793556493,1.9997353017942032e-07,S1,mean
L2,S1-variance-0.5,0.0001,0.009820443279699921,0.8630695322344473,0.9999137008945239,0.0,-1.999334667484961e-06,helpful,0.0014013375106177689,-1.999342474912069e-06,S1,variance
L2,S1-relation--1-1.0,0.0001,0.013741337539464145,0.6856600483769424,0.9999314398401327,0.0,1.8242156696588123e-07,harmful,0.0016577459734379379,1.8220457564943615e-07,S1,relation
L2,S1-mean--1-1.0,0.0001,0.04376253683272921,0.6226742544936366,0.9999377368718414,0.0,-2.8494847386043914e-06,helpful,0.0029582273003443175,-2.8483758046649044e-06,S1,mean
L2,S1-relation-+1-1.0,0.0001,0.008357178883588494,0.37903153301099995,0.9999620992679527,0.0,-1.2487333896245258e-06,helpful,0.0012927937478840175,-1.2478877982058378e-06,S1,relation
L2,S1-mean-+1-1.0,0.0001,0.043762536832729265,0.4860028510130237,0.9999514022100037,0.0,-4.1609521828770807e-07,helpful,0.0029582764661695545,-4.1705871356434443e-07,S1,mean
L2,S1-variance-1.0,0.0001,0.03928177311879963,0.8630695322344473,0.9999137008945241,0.0,-3.998669334969919e-06,helpful,0.002802675021235536,-3.999116379382883e-06,S1,variance
L2,S2-relation--1-0.25,0.0001,0.0005652361647570547,0.7211412494579069,0.9999278916883666,0.0,2.348062281280374e-07,harmful,0.00033622592283525494,2.3539332549837866e-07,S2,relation
L2,S2-mean--1-0.25,0.0001,0.0008779851951268903,0.5071493165991059,0.9999492877495969,0.0,-2.0521855462457992e-07,helpful,0.0004190220935477133,-2.0461029537344189e-07,S2,mean
L2,S2-relation-+1-0.25,0.0001,0.0004927389512466441,0.6965890713945313,0.9999303466617997,0.0,-2.474318318240023e-07,helpful,0.00031392501552214656,-2.4714134949643807e-07,S2,relation
L2,S2-mean-+1-0.25,0.0001,0.000877985195126891,0.4989096574808727,0.9999501116583759,0.0,1.665526433056887e-07,harmful,0.00041902418275663046,1.6685232318014442e-07,S2,mean
L2,S2-variance-0.25,0.0001,0.0009003570023965495,0.7834861591082698,0.9999216577391388,0.0,-1.8938405543946982e-07,helpful,0.0004243221395394986,-1.8873182572320957e-07,S2,variance
L2,S2-relation--1-0.5,0.0001,0.00241794384608098,0.7314574793652026,0.9999268601676643,0.0,4.5698685256011015e-07,harmful,0.0006954063944333046,4.577443373232626e-07,S2,relation
L2,S2-mean--1-0.5,0.0001,0.0036245322994010055,0.5197252239152748,0.9999480303006663,0.0,-4.491030205680522e-07,helpful,0.0008513695408848132,-4.4827285139437123e-07,S2,mean
L2,S2-relation-+1-0.5,0.0001,0.0018379661379977136,0.6820554090531951,0.9999317998828626,0.0,-5.07489267343968e-07,helpful,0.0006062989418529621,-5.073250126663709e-07,S2,relation
L2,S2-mean-+1-0.5,0.0001,0.003624532299401007,0.5037578148900681,0.9999496269308523,0.0,2.9443937529248613e-07,harmful,0.0008513777669028273,2.946523853797345e-07,S2,mean
L2,S2-variance-0.5,0.0001,0.003601428009586209,0.7834861591082698,0.999921657739139,0.0,-3.7876811087894017e-07,helpful,0.0008486442790789985,-3.77895081005164e-07,S2,variance
L2,S2-relation--1-1.0,0.0001,0.011023806961001728,0.7488373313963753,0.9999251223541217,0.0,8.634712903363616e-07,harmful,0.0014848414122021196,8.646137104051377e-07,S2,relation
L2,S2-mean--1-1.0,0.0001,0.01629959349989912,0.5559779493953934,0.9999444054677209,0.0,-1.0528696864116716e-06,helpful,0.0018054198858430297,-1.0514604578126807e-06,S2,mean
L2,S2-relation-+1-1.0,0.0001,0.006383985296335569,0.6476849610374783,0.9999352365831192,0.0,-1.0654809494717946e-06,helpful,0.0011299649760840918,-1.0655249899071961e-06,S2,relation
L2,S2-mean-+1-1.0,0.0001,0.016299593499899127,0.5275726325388882,0.9999472458024473,0.0,4.3421510530940426e-07,harmful,0.0018054509184238922,4.343900160685976e-07,S2,mean
L2,S2-variance-1.0,0.0001,0.014405712038344811,0.7834861591082699,0.9999216577391389,0.0,-7.575362217578798e-07,helpful,0.0016972885581579957,-7.562215917911175e-07,S2,variance
L2,U-emergent-0.25,0.0001,0.006397681385761115,0.6944444444444444,0.9999305603777515,0.0,0.0,neutral,0.0011311965341875133,4.3142966976716934e-10,U,emergent
L2,U-emergent-0.5,0.0001,0.02559072554304446,0.6944444444444444,0.9999305603777515,0.0,0.0,neutral,0.0022623930683750267,4.3142966976716934e-10,U,emergent
L2,U-emergent-1.0,0.0001,0.10236290217217783,0.6944444444444444,0.9999305603777515,0.0,0.0,neutral,0.004524786136750053,4.3142966976716934e-10,U,emergent
L2,S1-relation--1-0.25,0.001,0.0006917238640540102,0.5883393018106385,0.9994121360170495,0.0,1.4572411229646597e-06,harmful,0.0003718521155103181,1.4977197944077147e-06,S1,relation
L2,S1-mean--1-0.25,0.001,0.0023513876484882934,0.5238226477125492,0.9994764703613971,0.0,-4.059131893303505e-06,helpful,0.0006852779542553255,-4.014466638113667e-06,S1,mean
L2,S1-relation-+1-0.25,0.001,0.000607596385055951,0.5089655861320902,0.9994914211652096,0.0,-2.123256927277198e-06,helpful,0.00034850038416367793,-2.0773722128053507e-06,S1,relation
L2,S1-mean-+1-0.25,0.001,0.002351387648488293,0.4840782484542645,0.9995161624021316,0.0,2.019458492596401e-06,harmful,0.000685311050873046,2.061457771818098e-06,S1,mean
L2,S1-variance-0.25,0.001,0.002455110819924973,0.8630695322344472,0.9991377145912963,0.0,-9.990237064687834e-06,helpful,0.0007001204280073433,-9.9449382062744e-06,S1,variance
L2,S1-relation--1-0.5,0.001,0.0029678852251444803,0.6238688454353158,0.9993766461431767,0.0,2.248466441616801e-06,harmful,0.0007702431569632444,2.28646110878028e-06,S1,relation
L2,S1-mean--1-0.5,0.001,0.009712567316798997,0.553790362349973,0.9994465435227396,0.0,-1.0157937187314088e-05,helpful,0.0013927057768826085,-1.011126820427144e-05,S1,mean
L2,S1-relation-+1-0.5,0.001,0.002294865393160023,0.4661666223263419,0.9995341724048094,0.0,-4.912529658866897e-06,helpful,0.0006772759382043371,-4.8637229055348286e-06,S1,relation
L2,S1-mean-+1-0.5,0.001,0.009712567316799004,0.47681422496897224,0.9995234182532062,0.0,1.9992435844856895e-06,harmful,0.001392836054905613,2.040580615814136e-06,S1,mean
L2,S1-variance-0.5,0.001,0.009820443279699921,0.8630695322344473,0.9991377145912963,0.0,-1.99804741293757e-05,helpful,0.0014002408560146887,-1.9932985099613276e-05,S1,variance
L2,S1-relation--1-1.0,0.001,0.013741337539464145,0.6856600483769424,0.9993149239711494,0.0,1.8328696659835385e-06,harmful,0.0016573506075691733,1.8663343583913417e-06,S1,relation
L2,S1-mean--1-1.0,0.001,0.04376253683272921,0.6226742544936366,0.9993777551811506,0.0,-2.8474567977456587e-05,helpful,0.0029561017295340513,-2.8422550058970764e-05,S1,mean
L2,S1-relation-+1-1.0,0.001,0.008357178883588494,0.37903153301099995,0.9996212104105755,0.0,-1.24891225349839e-05,helpful,0.0012923762770125395,-1.2434033669794786e-05,S1,relation
L2,S1-mean-+1-1.0,0.001,0.043762536832729265,0.4860028510130237,0.9995142465362968,0.0,-4.160206433857027e-06,helpful,0.0029565927339450975,-4.118852418577568e-06,S1,mean
L2,S1-variance-1.0,0.001,0.03928177311879963,0.8630695322344473,0.9991377145912963,0.0,-3.9960948258751364e-05,helpful,0.002800481712029375,-3.990907888629103e-05,S1,variance
L2,S2-relation--1-0.25,0.001,0.0005652361647570547,0.7211412494579069,0.9992794396443617,0.0,2.3473386449122837e-06,harmful,0.0003362344575813096,2.3896160328273908e-06,S2,relation
L2,S2-mean--1-0.25,0.001,0.0008779851951268903,0.5071493165991059,0.9994931186745843,0.0,-2.0506660414616013e-06,helpful,0.0004188339972727696,-2.0071223179041198e-06,S2,mean
L2,S2-relation-+1-0.25,0.001,0.0004927389512466441,0.6965890713945313,0.999303967403675,0.0,-2.4735768292875355e-06,helpful,0.00031394113524237533,-2.4296227932874004e-06,S2,relation
L2,S2-mean-+1-0.25,0.001,0.000877985195126891,0.4989096574808727,0.9995013526214545,0.0,1.6640616018124071e-06,harmful,0.0004188548637823465,1.7067782767110629e-06,S2,mean
L2,S2-variance-0.25,0.001,0.0009003570023965495,0.7834861591082698,0.9992171488749634,0.0,-1.8935727656287324e-06,helpful,0.0004240876742435382,-1.8502533480901917e-06,S2,variance
L2,S2-relation--1-0.5,0.001,0.00241794384608098,0.7314574793652026,0.9992691336355686,0.0,4.56843910544932e-06,harmful,0.0006954146926364944,4.609899242113968e-06,S2,relation
L2,S2-mean--1-0.5,0.001,0.0036245322994010055,0.5197252239152748,0.999480556936394,0.0,-4.487936522572408e-06,helpful,0.0008509661400063675,-4.443914738527788e-06,S2,mean
L2,S2-relation-+1-0.5,0.001,0.0018379661379977136,0.6820554090531951,0.9993184865599604,0.0,-5.073391842950306e-06,helpful,0.0006063373666474012,-5.028578410115614e-06,S2,relation
L2,S2-mean-+1-0.5,0.001,0.003624532299401007,0.5037578148900681,0.9994965132758109,0.0,2.9415187639756194e-06,harmful,0.0008510482997917744,2.9838864505915552e-06,S2,mean
L2,S2-variance-0.5,0.001,0.003601428009586209,0.7834861591082698,0.9992171488749635,0.0,-3.7871455312574707e-06,helpful,0.0008481753484870777,-3.743615383466903e-06,S2,variance
L2,S2-relation--1-1.0,0.001,0.011023806961001728,0.7488373313963753,0.9992517709366764,0.0,8.63192547339764e-06,harmful,0.0014848190596334558,8.671793254144688e-06,S2,relation
L2,S2-mean--1-1.0,0.001,0.01629959349989912,0.5559779493953934,0.9994443481343276,0.0,-1.0522290803741615e-05,helpful,0.0018044789823253335,-1.04771838265183e-05,S2,mean
L2,S2-relation-+1-1.0,0.001,0.006383985296335569,0.6476849610374783,0.9993528225798628,0.0,-1.065173642340161e-05,helpful,0.0011300596884750544,-1.0605162050425498e-05,S2,relation
L2,S2-mean-+1-1.0,0.001,0.016299593499899127,0.5275726325388882,0.999472733758839,0.0,4.336619769354431e-06,harmful,0.0018047889335827988,4.3784185520534535e-06,S2,mean
L2,S2-variance-1.0,0.001,0.014405712038344811,0.7834861591082699,0.9992171488749635,0.0,-7.574291062514936e-06,helpful,0.0016963506969741539,-7.530339454331347e-06,S2,variance
L2,U-emergent-0.25,0.001,0.006397681385761115,0.6944444444444444,0.9993060374739763,0.0,0.0,neutral,0.0011314721003543439,4.31086872865194e-08,U,emergent
L2,U-emergent-0.5,0.001,0.02559072554304446,0.6944444444444444,0.9993060374739763,0.0,0.0,neutral,0.0022629442007086878,4.31086872865194e-08,U,emergent
L2,U-emergent-1.0,0.001,0.10236290217217783,0.6944444444444444,0.9993060374739763,0.0,0.0,neutral,0.0045258884014173755,4.31086872865194e-08,U,emergent
L2,S1-relation--1-0.25,0.01,0.0006917238640540102,0.5883393018106385,0.9941637588606691,0.0,1.4722472819864047e-05,harmful,0.00037100528782644653,1.8738400872964078e-05,S1,relation
L2,S1-mean--1-0.25,0.01,0.0023513876484882934,0.5238226477125492,0.9947909147274845,0.0,-4.028388804569598e-05,helpful,0.0006809047264725764,-3.585396671901275e-05,S1,mean
L2,S1-relation-+1-0.25,0.01,0.000607596385055951,0.5089655861320902,0.9949487151427066,0.0,-2.13400884506811e-05,helpful,0.0003476491263640867,-1.6788199233119805e-05,S1,relation
L2,S1-mean-+1-0.25,0.01,0.002351387648488293,0.4840782484542645,0.9951831718967945,0.0,2.001744017631921e-05,harmful,0.0006812312617115013,2.4185048514535623e-05,S1,mean
L2,S1-variance-0.25,0.01,0.002455110819924973,0.8630695322344472,0.9914470717474758,0.0,-9.926423446225334e-05,helpful,0.0006946867508856023,-9.477143869385252e-05,S1,variance
L2,S1-relation--1-0.5,0.01,0.0029678852251444803,0.6238688454353158,0.9938123964060284,0.0,2.2827330008911247e-05,harmful,0.0007684947888821965,2.6596886493313043e-05,S1,relation
L2,S1-mean--1-0.5,0.01,0.009712567316798997,0.553790362349973,0.9944952860903105,0.0,-0.00010083422396076849,helpful,0.0013834682000108778,-9.620696853529509e-05,S1,mean
L2,S1-relation-+1-0.5,0.01,0.002294865393160023,0.4661666223263419,0.995371973235947,0.0,-4.929779253217888e-05,helpful,0.0006755029032293802,-4.445631371807757e-05,S1,relation
L2,S1-mean-+1-0.5,0.01,0.009712567316799004,0.47681422496897224,0.9952550017311804,0.0,1.9768432483261576e-05,harmful,0.0013847536039469765,2.3871061932023707e-05,S1,mean
L2,S1-variance-0.5,0.01,0.009820443279699921,0.8630695322344473,0.9914470717474757,0.0,-0.00019852846892450698,helpful,0.0013893735017712066,-0.00019381958301867286,S1,variance
L2,S1-relation--1-1.0,0.01,0.013741337539464145,0.6856600483769424,0.993201328301948,0.0,1.9184197494555186e-05,harmful,0.0016534356849162645,2.2504228868958087e-05,S1,relation
L2,S1-mean--1-1.0,0.01,0.04376253683272921,0.6226742544936366,0.993815909957023,0.0,-0.00028273423939904397,helpful,0.0029350301526798583,-0.00027757996056676504,S1,mean
L2,S1-relation-+1-1.0,0.01,0.008357178883588494,0.37903153301099995,0.9962336989010135,0.0,-0.00012506604758762545,helpful,0.0012882581332995164,-0.00011960217155360109,S1,relation
L2,S1-mean-+1-1.0,0.01,0.043762536832729265,0.4860028510130237,0.9951647877575546,0.0,-4.1528926510983826e-05,helpful,0.0029398755522576756,-3.742389963234949e-05,S1,mean
L2,S1-variance-1.0,0.01,0.03928177311879963,0.8630695322344473,0.9914470717474758,0.0,-0.0003970569378490137,helpful,0.002778747003542412,-0.0003919158716680915,S1,variance
L2,S2-relation--1-0.25,0.01,0.0005652361647570547,0.7211412494579069,0.9928462431287417,0.0,2.3401590113770832e-05,harmful,0.0003363190904920525,2.759551345432598e-05,S2,relation
L2,S2-mean--1-0.25,0.01,0.0008779851951268903,0.5071493165991059,0.9949551722347133,0.0,-2.035583843404532e-05,helpful,0.0004169624762008206,-1.6036164131261188e-05,S2,mean
L2,S2-relation-+1-0.25,0.01,0.0004927389512466441,0.6965890713945313,0.9930893414436094,0.0,-2.466217220791999e-05,helpful,0.0003141014962929374,-2.0301281154933015e-05,S2,relation
L2,S2-mean-+1-0.25,0.01,0.000877985195126891,0.4989096574808727,0.9950369986627353,0.0,1.649530577071366e-05,harmful,0.0004171686095448005,2.073333982122172e-05,S2,mean
L2,S2-variance-0.25,0.01,0.0009003570023965495,0.7834861591082698,0.9922281747802418,0.0,-1.8908731412236945e-05,helpful,0.00042175666703186563,-1.4610978802620522e-05,S2,variance
L2,S2-relation--1-0.5,0.01,0.00241794384608098,0.7314574793652026,0.992744095272809,0.0,4.554259813339254e-05,harmful,0.0006954965130360415,4.965514231558554e-05,S2,relation
L2,S2-mean--1-0.5,0.01,0.0036245322994010055,0.5197252239152748,0.9948308192057062,0.0,-4.457220953142241e-05,helpful,0.0008469539787179519,-4.0205269465132254e-05,S2,mean
L2,S2-relation-+1-0.5,0.01,0.0018379661379977136,0.6820554090531951,0.99323323844677,0.0,-5.058492650998897e-05,helpful,0.0006067199967017588,-4.613844690304347e-05,S2,relation
L2,S2-mean-+1-0.5,0.01,0.003624532299401007,0.5037578148900681,0.9949893883924347,0.0,2.9130078878095662e-05,harmful,0.0008477656397297236,3.3333738439611516e-05,S2,mean
L2,S2-variance-0.5,0.01,0.003601428009586209,0.7834861591082698,0.992228174780242,0.0,-3.781746282447396e-05,helpful,0.0008435133340637326,-3.3498663236430914e-05,S2,variance
L2,S2-relation--1-1.0,0.01,0.011023806961001728,0.7488373313963753,0.9925719992614401,0.0,8.604286789018852e-05,harmful,0.0014845947400314908,8.999686315147581e-05,S2,relation
L2,S2-mean--1-1.0,0.01,0.01629959349989912,0.5559779493953934,0.994472647739525,0.0,-0.00010458654971617166,helpful,0.0017951263736000489,-0.00010011218684902179,S2,mean
L2,S2-relation-+1-1.0,0.01,0.006383985296335569,0.6476849610374783,0.9935735263051672,0.0,-0.0001062121813965745,helpful,0.0011310046773329815,-0.0001015903152856712,S2,relation
L2,S2-mean-+1-1.0,0.01,0.016299593499899127,0.5275726325388882,0.994754735333423,0.0,4.2818027102864375e-05,harmful,0.0017981888109750578,4.696582896090984e-05,S2,mean
L2,S2-variance-1.0,0.01,0.014405712038344811,0.7834861591082699,0.992228174780242,0.0,-7.563492564894786e-05,helpful,0.001687026668127464,-7.127403210382965e-05,S2,variance
L2,U-emergent-0.25,0.01,0.006397681385761115,0.6944444444444444,0.9931034482758622,0.0,0.0,neutral,0.0011342075233814416,4.276705630967825e-06,U,emergent
L2,U-emergent-0.5,0.01,0.02559072554304446,0.6944444444444444,0.9931034482758622,0.0,0.0,neutral,0.0022684150467628833,4.276705630967825e-06,U,emergent
L2,U-emergent-1.0,0.01,0.10236290217217783,0.6944444444444444,0.9931034482758622,0.0,0.0,neutral,0.0045368300935257665,4.276705630967825e-06,U,emergent
L2,S1-relation--1-0.25,0.1,0.0006917238640540102,0.5883393018106385,0.9455329723243501,0.0,0.000160479251518683,harmful,0.0003634017029143588,0.0005331409802965537,S1,relation
L2,S1-mean--1-0.25,0.1,0.0023513876484882934,0.5238226477125492,0.9503820425045507,0.0,-0.0003743539380919133,helpful,0.000640416421927572,3.5673342232644956e-05,S1,mean
L2,S1-relation-+1-0.25,0.1,0.000607596385055951,0.5089655861320902,0.9526616989549649,0.0,-0.00022273669979421502,helpful,0.0003400947286972946,0.00019915099763356814,S1,relation
L2,S1-mean-+1-0.25,0.1,0.002351387648488293,0.4840782484542645,0.9538825004268148,0.0,0.00018369050274810085,harmful,0.0006432850942027124,0.0005708442480971687,S1,mean
L2,S1-variance-0.25,0.1,0.002455110819924973,0.8630695322344472,0.9208786822569309,0.0,-0.0009338617241329569,helpful,0.0006448748898615689,-0.0005180860693181355,S1,variance
L2,S1-relation--1-0.5,0.1,0.0029678852251444803,0.6238688454353158,0.9423422052065976,0.0,0.00025870105476183576,harmful,0.0007527156072682964,0.0006086636897363329,S1,relation
L2,S1-mean--1-0.5,0.1,0.009712567316798997,0.553790362349973,0.9477545300056712,0.0,-0.0009393713115276366,helpful,0.001298141883043133,-0.0005120459739920147,S1,mean
L2,S1-relation-+1-0.5,0.1,0.002294865393160023,0.4661666223263419,0.9565058501828545,0.0,-0.0005077308478639583,helpful,0.0006598558932663458,-5.9316275588638945e-05,S1,relation
L2,S1-mean-+1-0.5,0.1,0.009712567316799004,0.47681422496897224,0.9545341451199818,0.0,0.00017671757015238847,harmful,0.0013094397657402205,0.0005582958377372549,S1,mean
L2,S1-variance-0.5,0.1,0.009820443279699921,0.8630695322344473,0.9208786822569308,0.0,-0.0018677234482659163,helpful,0.0012897497797231395,-0.001432808888231829,S1,variance
L2,S1-relation--1-1.0,0.1,0.013741337539464145,0.6856600483769424,0.9367933285396618,0.0,0.0002683723164215524,harmful,0.0016178327125584199,0.0005767645448332415,S1,relation
L2,S1-mean--1-1.0,0.1,0.04376253683272921,0.6226742544936366,0.941728455864682,0.0,-0.0026413963644305225,helpful,0.0027411389769635194,-0.0021677523330261295,S1,mean
L2,S1-relation-+1-1.0,0.1,0.008357178883588494,0.37903153301099995,0.9643329134217608,0.0,-0.00126449148883004,helpful,0.0012522039775725502,-0.0007591953858163691,S1,relation
L2,S1-mean-+1-1.0,0.1,0.043762536832729265,0.4860028510130237,0.9537656864176386,0.0,-0.0004092186010704721,helpful,0.002783796706614344,-2.7068709567590332e-05,S1,mean
L2,S1-variance-1.0,0.1,0.03928177311879963,0.8630695322344473,0.9208786822569309,0.0,-0.0037354468965318305,helpful,0.002579499559446277,-0.003262254526059216,S1,variance
L2,S2-relation--1-0.25,0.1,0.0005652361647570547,0.7211412494579069,0.9332513215369158,0.0,0.0002273474949344829,harmful,0.0003371021130467902,0.0006160212885516492,S2,relation
L2,S2-mean--1-0.25,0.1,0.0008779851951268903,0.5071493165991059,0.9518252983953874,0.0,-0.00018952415464949392,helpful,0.00039914143048811975,0.00021105225614048706,S2,mean
L2,S2-relation-+1-0.25,0.1,0.0004927389512466441,0.6965890713945313,0.9354812187847773,0.0,-0.00023976155986174422,helpful,0.00031562842387830836,0.00016497398424963894,S2,relation
L2,S2-mean-+1-0.25,0.1,0.000877985195126891,0.4989096574808727,0.9525935344148427,0.0,0.00015150608080975758,harmful,0.0004009735107884038,0.0005446191747308093,S2,mean
L2,S2-variance-0.25,0.1,0.0009003570023965495,0.7834861591082698,0.9275235167908866,0.0,-0.00018621097390891512,helpful,0.00039973752938674863,0.0002124633537423648,S2,variance
L2,S2-relation--1-0.5,0.1,0.00241794384608098,0.7314574793652026,0.9323140477504477,0.0,0.00044228092494170485,harmful,0.000696214721453941,0.0008231276011171351,S2,relation
L2,S2-mean--1-0.5,0.1,0.0036245322994010055,0.5197252239152748,0.950698208368839,0.0,-0.00041706638313872524,helpful,0.0008088917482799119,-1.2134305634625697e-05,S2,mean
L2,S2-relation-+1-0.5,0.1,0.0018379661379977136,0.6820554090531951,0.936800778913435,0.0,-0.0004919371846507482,helpful,0.0006103955087347433,-7.89670074866633e-05,S2,relation
L2,S2-mean-+1-0.5,0.1,0.003624532299401007,0.5037578148900681,0.9521869518440871,0.0,0.0002649940877797788,harmful,0.0008161083622965379,0.0006549995315456858,S2,mean
L2,S2-variance-0.5,0.1,0.003601428009586209,0.7834861591082698,0.9275235167908865,0.0,-0.000372421947817831,helpful,0.0007994750587734983,2.8289957888949502e-05,S2,variance
L2,S2-relation--1-1.0,0.1,0.011023806961001728,0.7488373313963753,0.9307344603401397,0.0,0.0008349055901743655,harmful,0.0014822998445299192,0.0012005055470777348,S2,relation
L2,S2-mean--1-1.0,0.1,0.01629959349989912,0.5559779493953934,0.947474791955551,0.0,-0.000986205061636398,helpful,0.001706892728850322,-0.0005713136341453096,S2,mean
L2,S2-relation-+1-1.0,0.1,0.006383985296335569,0.6476849610374783,0.9399203642815288,0.0,-0.0010335306290105404,helpful,0.0011402432805363409,-0.000603683670129862,S2,relation
L2,S2-mean-+1-1.0,0.1,0.016299593499899127,0.5275726325388882,0.9501232009783122,0.0,0.0003779158802006093,harmful,0.001734156502857264,0.0007629540402157575,S2,mean
L2,S2-variance-1.0,0.1,0.014405712038344811,0.7834861591082699,0.9275235167908866,0.0,-0.0007448438956356611,helpful,0.0015989501175469956,-0.00034005683381765905,S2,variance
L2,U-emergent-0.25,0.1,0.006397681385761115,0.6944444444444444,0.9350649350649349,0.0,0.0,neutral,0.0011596682625766917,0.0003966367495957801,U,emergent
L2,U-emergent-0.5,0.1,0.02559072554304446,0.6944444444444444,0.9350649350649349,0.0,0.0,neutral,0.0023193365251533834,0.0003966367495957801,U,emergent
L2,U-emergent-1.0,0.1,0.10236290217217783,0.6944444444444444,0.9350649350649349,0.0,0.0,neutral,0.004638673050306767,0.0003966367495957801,U,emergent
L2,S1-relation--1-0.25,1.0,0.0006917238640540102,0.5883393018106385,0.6648522940785508,0.0,0.002069315155986337,harmful,0.0003305414757048612,0.02437403560367213,S1,relation
L2,S1-mean--1-0.25,1.0,0.0023513876484882934,0.5238226477125492,0.6607774116257177,0.0,-0.0021446128402573313,helpful,0.0004082741672557539,0.021950015474306972,S1,mean
L2,S1-relation-+1-0.25,1.0,0.000607596385055951,0.5089655861320902,0.6994838298176774,0.0,-0.0024764383384296715,helpful,0.00031108123032024324,0.022480075806212696,S1,relation
L2,S1-mean-+1-0.25,1.0,0.002351387648488293,0.4840782484542645,0.6756871830522089,0.0,0.0008977980940246507,harmful,0.0004192757871683327,0.024176939683175136,S1,mean
L2,S1-variance-0.25,1.0,0.002455110819924973,0.8630695322344472,0.5457544230782166,0.0,-0.0061068477366498525,helpful,0.0003789105899750898,0.018314926900173,S1,variance
L2,S1-relation--1-0.5,1.0,0.0029678852251444803,0.6238688454353158,0.6493588923296817,0.0,0.003731507129529351,harmful,0.0006811147106430556,0.024792174591563243,S1,relation
L2,S1-mean--1-0.5,1.0,0.009712567316798997,0.553790362349973,0.6499222708266933,0.0,-0.0055360404267473275,helpful,0.0008163923901232184,0.01921697808043088,S1,mean
L2,S1-relation-+1-0.5,1.0,0.002294865393160023,0.4661666223263419,0.718168418684035,0.0,-0.00535999985930265,helpful,0.0006033474675720838,0.021004254996645266,S1,relation
L2,S1-mean-+1-0.5,1.0,0.009712567316799004,0.47681422496897224,0.6787992103468115,0.0,0.0005487814418166149,harmful,0.000859843971374497,0.02367082649816732,S1,mean
L2,S1-variance-0.5,1.0,0.009820443279699921,0.8630695322344473,0.5457544230782166,0.0,-0.012213695473299719,helpful,0.0007578211799501808,0.01302651779179087,S1,variance
L2,S1-relation--1-1.0,1.0,0.013741337539464145,0.6856600483769424,0.6224269605696993,0.0,0.005834521529285423,harmful,0.001444325488910516,0.02457077074566949,S1,relation
L2,S1-mean--1-1.0,1.0,0.04376253683272921,0.6226742544936366,0.6254118366635483,0.0,-0.016059339838425373,helpful,0.001675584080982413,0.010511752713794564,S1,mean
L2,S1-relation-+1-1.0,1.0,0.008357178883588494,0.37903153301099995,0.7562356330983852,0.0,-0.0123484924483786,helpful,0.0011344441187148841,0.016994931555833537,S1,relation
L2,S1-mean-+1-1.0,1.0,0.043762536832729265,0.4860028510130237,0.6766829446551718,0.0,-0.0038896961012974867,helpful,0.0018412666770746175,0.01941944954926733,S1,mean
L2,S1-variance-1.0,1.0,0.03928177311879963,0.8630695322344473,0.5457544230782165,0.0,-0.024427390946599424,helpful,0.0015156423599003606,0.0024496995750268313,S1,variance
L2,S2-relation--1-0.25,1.0,0.0005652361647570547,0.7211412494579069,0.5967195826591623,0.0,0.001854747133481108,harmful,0.0003415867767765435,0.024909279016583463,S2,relation
L2,S2-mean--1-0.25,1.0,0.0008779851951268903,0.5071493165991059,0.6663354390701786,0.0,-0.001088690117409323,helpful,0.00027886483893990955,0.022699440928380388,S2,mean
L2,S2-relation-+1-0.25,1.0,0.0004927389512466441,0.6965890713945313,0.6081540602780954,0.0,-0.0019586205479638786,helpful,0.00032597792682880503,0.02220303009617164,S2,relation
L2,S2-mean-+1-0.25,1.0,0.000877985195126891,0.4989096574808727,0.6706055619396698,0.0,0.0007705777855558481,harmful,0.00028631965231675345,0.0242182446941408,S2,mean
L2,S2-variance-0.25,1.0,0.0009003570023965495,0.7834861591082698,0.5657948162493268,0.0,-0.0015581012172415272,helpful,0.0002607423326358223,0.022187892443220947,S2,variance
L2,S2-relation--1-0.5,1.0,0.00241794384608098,0.7314574793652026,0.5919057117999724,0.0,0.0036056208524794476,harmful,0.000698908024258338,0.026120859120255635,S2,relation
L2,S2-mean--1-0.5,1.0,0.0036245322994010055,0.5197252239152748,0.6611435331355633,0.0,-0.0024954925666721287,helpful,0.0005577970645734339,0.02150655945361668,S2,mean
L2,S2-relation-+1-0.5,1.0,0.0018379661379977136,0.6820554090531951,0.6149103588486879,0.0,-0.004021114510410516,helpful,0.0006364849472382178,0.020708361279432097,S2,relation
L2,S2-mean-+1-0.5,1.0,0.003624532299401007,0.5037578148900681,0.6694184869251171,0.0,0.0012230432392582218,harmful,0.0005872344714789644,0.024544166985137283,S2,mean
L2,S2-variance-0.5,1.0,0.003601428009586209,0.7834861591082698,0.5657948162493269,0.0,-0.003116202434483059,helpful,0.0005214846652716455,0.020772448877886873,S2,variance
L2,S2-relation--1-1.0,1.0,0.011023806961001728,0.7488373313963753,0.5837797707828598,0.0,0.006795748047027821,harmful,0.0014612023071568637,0.02826093061453372,S2,relation
L2,S2-mean--1-1.0,1.0,0.01629959349989912,0.5559779493953934,0.646925204051822,0.0,-0.006263434460758172,helpful,0.0011459347826210892,0.01825383732032182,S2,mean
L2,S2-relation-+1-1.0,1.0,0.006383985296335569,0.6476849610374783,0.6308586983193228,0.0,-0.008457722678752107,helpful,0.0012117084946247116,0.017435934932886754,S2,relation
L2,S2-mean-+1-1.0,1.0,0.016299593499899127,0.5275726325388882,0.6616459821063051,0.0,0.0011736371511025224,harmful,0.0012581019831445926,0.02432905238336358,S2,mean
L2,S2-variance-1.0,1.0,0.014405712038344811,0.7834861591082699,0.565794816249327,0.0,-0.006232404868966112,helpful,0.0010429693305432904,0.017941561747218504,S2,variance
L2,U-emergent-0.25,1.0,0.006397681385761115,0.6944444444444444,0.5901639344262293,0.0,0.0,neutral,0.0012999077058630266,0.02360333600855513,U,emergent
L2,U-emergent-0.5,1.0,0.02559072554304446,0.6944444444444444,0.5901639344262293,0.0,0.0,neutral,0.002599815411726053,0.02360333600855513,U,emergent
L2,U-emergent-1.0,1.0,0.10236290217217783,0.6944444444444444,0.5901639344262293,0.0,0.0,neutral,0.005199630823452106,0.02360333600855513,U,emergent
CORAL,S1-relation--1-0.25,0.0,0.0006917238640540102,0.0,1.0,1.0,0.0,neutral,0.00037194727154638734,0.0,S1,relation
CORAL,S1-mean--1-0.25,0.0,0.0023513876484882934,0.0,1.0,1.0,0.0,neutral,0.0006857678395037626,0.0,S1,mean
CORAL,S1-relation-+1-0.25,0.0,0.000607596385055951,0.0,1.0,1.0,0.0,neutral,0.0003485961517446659,0.0,S1,relation
CORAL,S1-mean-+1-0.25,0.0,0.002351387648488293,0.0,1.0,1.0,0.0,neutral,0.0006857678395037625,0.0,S1,mean
CORAL,S1-variance-0.25,0.0,0.002455110819924973,0.0,1.0,1.0,0.0,neutral,0.0007007297367637506,0.0,S1,variance
CORAL,S1-relation--1-0.5,0.0,0.0029678852251444803,0.0,1.0,1.0,0.0,neutral,0.0007704395141923185,0.0,S1,relation
CORAL,S1-mean--1-0.5,0.0,0.009712567316798997,0.0,1.0,1.0,0.0,neutral,0.0013937408164216897,0.0,S1,mean
CORAL,S1-relation-+1-0.5,0.0,0.002294865393160023,0.0,1.0,1.0,0.0,neutral,0.0006774755188433041,0.0,S1,relation
CORAL,S1-mean-+1-0.5,0.0,0.009712567316799004,0.0,1.0,1.0,0.0,neutral,0.0013937408164216899,0.0,S1,mean
CORAL,S1-variance-0.5,0.0,0.009820443279699921,0.0,1.0,1.0,0.0,neutral,0.0014014594735275035,0.0,S1,variance
CORAL,S1-relation--1-1.0,0.0,0.013741337539464145,0.0,1.0,1.0,0.0,neutral,0.0016577899468547964,0.0,S1,relation
CORAL,S1-mean--1-1.0,0.0,0.04376253683272921,0.0,1.0,1.0,0.0,neutral,0.0029584636834928085,0.0,S1,mean
CORAL,S1-relation-+1-1.0,0.0,0.008357178883588494,0.0,1.0,1.0,0.0,neutral,0.0012928401976724335,0.0,S1,relation
CORAL,S1-mean-+1-1.0,0.0,0.043762536832729265,0.0,1.0,1.0,0.0,neutral,0.0029584636834928102,0.0,S1,mean
CORAL,S1-variance-1.0,0.0,0.03928177311879963,0.0,1.0,1.0,0.0,neutral,0.0028029189470550045,0.0,S1,variance
CORAL,S2-relation--1-0.25,0.0,0.0005652361647570547,0.0,1.0,1.0,0.0,neutral,0.000336224973717615,0.0,S2,relation
CORAL,S2-mean--1-0.25,0.0,0.0008779851951268903,0.0,1.0,1.0,0.0,neutral,0.0004190430037900382,0.0,S2,mean
CORAL,S2-relation-+1-0.25,0.0,0.0004927389512466441,0.0,1.0,1.0,0.0,neutral,0.0003139232234947405,0.0,S2,relation
CORAL,S2-mean-+1-0.25,0.0,0.000877985195126891,0.0,1.0,1.0,0.0,neutral,0.0004190430037900382,0.0,S2,mean
CORAL,S2-variance-0.25,0.0,0.0009003570023965495,0.0,1.0,1.0,0.0,neutral,0.00042434820664085515,0.0,S2,variance
CORAL,S2-relation--1-0.5,0.0,0.00241794384608098,0.0,1.0,1.0,0.0,neutral,0.0006954054710858954,0.0,S2,relation
CORAL,S2-mean--1-0.5,0.0,0.0036245322994010055,0.0,1.0,1.0,0.0,neutral,0.0008514143878747884,0.0,S2,mean
CORAL,S2-relation-+1-0.5,0.0,0.0018379661379977136,0.0,1.0,0.9999999999999999,0.0,neutral,0.0006062946706013031,0.0,S2,relation
CORAL,S2-mean-+1-0.5,0.0,0.003624532299401007,0.0,1.0,1.0,0.0,neutral,0.0008514143878747884,0.0,S2,mean
CORAL,S2-variance-0.5,0.0,0.003601428009586209,0.0,1.0,1.0,0.0,neutral,0.0008486964132817115,0.0,S2,variance
CORAL,S2-relation--1-1.0,0.0,0.011023806961001728,0.0,1.0,1.0,0.0,neutral,0.0014848438948927747,0.0,S2,relation
CORAL,S2-mean--1-1.0,0.0,0.01629959349989912,0.0,1.0,1.0,0.0,neutral,0.0018055244944280933,0.0,S2,mean
CORAL,S2-relation-+1-1.0,0.0,0.006383985296335569,0.0,1.0,1.0,0.0,neutral,0.0011299544500850969,0.0,S2,relation
CORAL,S2-mean-+1-1.0,0.0,0.016299593499899127,0.0,1.0,1.0,0.0,neutral,0.0018055244944280935,0.0,S2,mean
CORAL,S2-variance-1.0,0.0,0.014405712038344811,0.0,1.0,1.0,0.0,neutral,0.0016973928265634217,0.0,S2,variance
CORAL,U-emergent-0.25,0.0,0.006397681385761115,0.0,1.0,1.0,0.0,neutral,0.0011311658928522476,0.0,U,emergent
CORAL,U-emergent-0.5,0.0,0.02559072554304446,0.0,1.0,1.0,0.0,neutral,0.002262331785704495,0.0,U,emergent
CORAL,U-emergent-1.0,0.0,0.10236290217217783,0.0,1.0,1.0,0.0,neutral,0.00452466357140899,0.0,U,emergent
CORAL,S1-relation--1-0.25,1e-05,0.0006917238640540102,0.0,1.0,1.0,0.0,neutral,0.00037194727154638734,0.0,S1,relation
CORAL,S1-mean--1-0.25,1e-05,0.0023513876484882934,0.0,1.0,1.0,0.0,neutral,0.0006857678395037626,0.0,S1,mean
CORAL,S1-relation-+1-0.25,1e-05,0.000607596385055951,0.0,1.0,1.0,0.0,neutral,0.0003485961517446659,0.0,S1,relation
CORAL,S1-mean-+1-0.25,1e-05,0.002351387648488293,0.0,1.0,1.0,0.0,neutral,0.0006857678395037625,0.0,S1,mean
CORAL,S1-variance-0.25,1e-05,0.002455110819924973,0.0,1.0,1.0,0.0,neutral,0.0007007297367637506,0.0,S1,variance
CORAL,S1-relation--1-0.5,1e-05,0.0029678852251444803,0.0,1.0,1.0,0.0,neutral,0.0007704395141923185,0.0,S1,relation
CORAL,S1-mean--1-0.5,1e-05,0.009712567316798997,0.0,1.0,1.0,0.0,neutral,0.0013937408164216897,0.0,S1,mean
CORAL,S1-relation-+1-0.5,1e-05,0.002294865393160023,0.0,1.0,1.0,0.0,neutral,0.0006774755188433041,0.0,S1,relation
CORAL,S1-mean-+1-0.5,1e-05,0.009712567316799004,0.0,1.0,1.0,0.0,neutral,0.0013937408164216899,0.0,S1,mean
CORAL,S1-variance-0.5,1e-05,0.009820443279699921,0.0,1.0,1.0,0.0,neutral,0.0014014594735275035,0.0,S1,variance
CORAL,S1-relation--1-1.0,1e-05,0.013741337539464145,0.0,1.0,1.0,0.0,neutral,0.0016577899468547964,0.0,S1,relation
CORAL,S1-mean--1-1.0,1e-05,0.04376253683272921,0.0,1.0,1.0,0.0,neutral,0.0029584636834928085,0.0,S1,mean
CORAL,S1-relation-+1-1.0,1e-05,0.008357178883588494,0.0,1.0,1.0,0.0,neutral,0.0012928401976724335,0.0,S1,relation
CORAL,S1-mean-+1-1.0,1e-05,0.043762536832729265,0.0,1.0,1.0,0.0,neutral,0.0029584636834928102,0.0,S1,mean
CORAL,S1-variance-1.0,1e-05,0.03928177311879963,0.0,1.0,1.0,0.0,neutral,0.0028029189470550045,0.0,S1,variance
CORAL,S2-relation--1-0.25,1e-05,0.0005652361647570547,0.0,1.0,1.0,0.0,neutral,0.000336224973717615,0.0,S2,relation
CORAL,S2-mean--1-0.25,1e-05,0.0008779851951268903,0.0,1.0,1.0,0.0,neutral,0.0004190430037900382,0.0,S2,mean
CORAL,S2-relation-+1-0.25,1e-05,0.0004927389512466441,0.0,1.0,1.0,0.0,neutral,0.0003139232234947405,0.0,S2,relation
CORAL,S2-mean-+1-0.25,1e-05,0.000877985195126891,0.0,1.0,1.0,0.0,neutral,0.0004190430037900382,0.0,S2,mean
CORAL,S2-variance-0.25,1e-05,0.0009003570023965495,0.0,1.0,1.0,0.0,neutral,0.00042434820664085515,0.0,S2,variance
CORAL,S2-relation--1-0.5,1e-05,0.00241794384608098,0.0,1.0,1.0,0.0,neutral,0.0006954054710858954,0.0,S2,relation
CORAL,S2-mean--1-0.5,1e-05,0.0036245322994010055,0.0,1.0,1.0,0.0,neutral,0.0008514143878747884,0.0,S2,mean
CORAL,S2-relation-+1-0.5,1e-05,0.0018379661379977136,0.0,1.0,0.9999999999999999,0.0,neutral,0.0006062946706013031,0.0,S2,relation
CORAL,S2-mean-+1-0.5,1e-05,0.003624532299401007,0.0,1.0,1.0,0.0,neutral,0.0008514143878747884,0.0,S2,mean
CORAL,S2-variance-0.5,1e-05,0.003601428009586209,0.0,1.0,1.0,0.0,neutral,0.0008486964132817115,0.0,S2,variance
CORAL,S2-relation--1-1.0,1e-05,0.011023806961001728,0.0,1.0,1.0,0.0,neutral,0.0014848438948927747,0.0,S2,relation
CORAL,S2-mean--1-1.0,1e-05,0.01629959349989912,0.0,1.0,1.0,0.0,neutral,0.0018055244944280933,0.0,S2,mean
CORAL,S2-relation-+1-1.0,1e-05,0.006383985296335569,0.0,1.0,1.0,0.0,neutral,0.0011299544500850969,0.0,S2,relation
CORAL,S2-mean-+1-1.0,1e-05,0.016299593499899127,0.0,1.0,1.0,0.0,neutral,0.0018055244944280935,0.0,S2,mean
CORAL,S2-variance-1.0,1e-05,0.014405712038344811,0.0,1.0,1.0,0.0,neutral,0.0016973928265634217,0.0,S2,variance
CORAL,U-emergent-0.25,1e-05,0.006397681385761115,0.0,1.0,1.0,0.0,neutral,0.0011311658928522476,0.0,U,emergent
CORAL,U-emergent-0.5,1e-05,0.02559072554304446,0.0,1.0,1.0,0.0,neutral,0.002262331785704495,0.0,U,emergent
CORAL,U-emergent-1.0,1e-05,0.10236290217217783,0.0,1.0,1.0,0.0,neutral,0.00452466357140899,0.0,U,emergent
CORAL,S1-relation--1-0.25,0.0001,0.0006917238640540102,0.0,1.0,1.0,0.0,neutral,0.00037194727154638734,0.0,S1,relation
CORAL,S1-mean--1-0.25,0.0001,0.0023513876484882934,0.0,1.0,1.0,0.0,neutral,0.0006857678395037626,0.0,S1,mean
CORAL,S1-relation-+1-0.25,0.0001,0.000607596385055951,0.0,1.0,1.0,0.0,neutral,0.0003485961517446659,0.0,S1,relation
CORAL,S1-mean-+1-0.25,0.0001,0.002351387648488293,0.0,1.0,1.0,0.0,neutral,0.0006857678395037625,0.0,S1,mean
CORAL,S1-variance-0.25,0.0001,0.002455110819924973,0.0,1.0,1.0,0.0,neutral,0.0007007297367637506,0.0,S1,variance
CORAL,S1-relation--1-0.5,0.0001,0.0029678852251444803,0.0,1.0,1.0,0.0,neutral,0.0007704395141923185,0.0,S1,relation
CORAL,S1-mean--1-0.5,0.0001,0.009712567316798997,0.0,1.0,1.0,0.0,neutral,0.0013937408164216897,0.0,S1,mean
CORAL,S1-relation-+1-0.5,0.0001,0.002294865393160023,0.0,1.0,1.0,0.0,neutral,0.0006774755188433041,0.0,S1,relation
CORAL,S1-mean-+1-0.5,0.0001,0.009712567316799004,0.0,1.0,1.0,0.0,neutral,0.0013937408164216899,0.0,S1,mean
CORAL,S1-variance-0.5,0.0001,0.009820443279699921,0.0,1.0,1.0,0.0,neutral,0.0014014594735275035,0.0,S1,variance
CORAL,S1-relation--1-1.0,0.0001,0.013741337539464145,0.0,1.0,1.0,0.0,neutral,0.0016577899468547964,0.0,S1,relation
CORAL,S1-mean--1-1.0,0.0001,0.04376253683272921,0.0,1.0,1.0,0.0,neutral,0.0029584636834928085,0.0,S1,mean
CORAL,S1-relation-+1-1.0,0.0001,0.008357178883588494,0.0,1.0,1.0,0.0,neutral,0.0012928401976724335,0.0,S1,relation
CORAL,S1-mean-+1-1.0,0.0001,0.043762536832729265,0.0,1.0,1.0,0.0,neutral,0.0029584636834928102,0.0,S1,mean
CORAL,S1-variance-1.0,0.0001,0.03928177311879963,0.0,1.0,1.0,0.0,neutral,0.0028029189470550045,0.0,S1,variance
CORAL,S2-relation--1-0.25,0.0001,0.0005652361647570547,0.0,1.0,1.0,0.0,neutral,0.000336224973717615,0.0,S2,relation
CORAL,S2-mean--1-0.25,0.0001,0.0008779851951268903,0.0,1.0,1.0,0.0,neutral,0.0004190430037900382,0.0,S2,mean
CORAL,S2-relation-+1-0.25,0.0001,0.0004927389512466441,0.0,1.0,1.0,0.0,neutral,0.0003139232234947405,0.0,S2,relation
CORAL,S2-mean-+1-0.25,0.0001,0.000877985195126891,0.0,1.0,1.0,0.0,neutral,0.0004190430037900382,0.0,S2,mean
CORAL,S2-variance-0.25,0.0001,0.0009003570023965495,0.0,1.0,1.0,0.0,neutral,0.00042434820664085515,0.0,S2,variance
CORAL,S2-relation--1-0.5,0.0001,0.00241794384608098,0.0,1.0,1.0,0.0,neutral,0.0006954054710858954,0.0,S2,relation
CORAL,S2-mean--1-0.5,0.0001,0.0036245322994010055,0.0,1.0,1.0,0.0,neutral,0.0008514143878747884,0.0,S2,mean
CORAL,S2-relation-+1-0.5,0.0001,0.0018379661379977136,0.0,1.0,0.9999999999999999,0.0,neutral,0.0006062946706013031,0.0,S2,relation
CORAL,S2-mean-+1-0.5,0.0001,0.003624532299401007,0.0,1.0,1.0,0.0,neutral,0.0008514143878747884,0.0,S2,mean
CORAL,S2-variance-0.5,0.0001,0.003601428009586209,0.0,1.0,1.0,0.0,neutral,0.0008486964132817115,0.0,S2,variance
CORAL,S2-relation--1-1.0,0.0001,0.011023806961001728,0.0,1.0,1.0,0.0,neutral,0.0014848438948927747,0.0,S2,relation
CORAL,S2-mean--1-1.0,0.0001,0.01629959349989912,0.0,1.0,1.0,0.0,neutral,0.0018055244944280933,0.0,S2,mean
CORAL,S2-relation-+1-1.0,0.0001,0.006383985296335569,0.0,1.0,1.0,0.0,neutral,0.0011299544500850969,0.0,S2,relation
CORAL,S2-mean-+1-1.0,0.0001,0.016299593499899127,0.0,1.0,1.0,0.0,neutral,0.0018055244944280935,0.0,S2,mean
CORAL,S2-variance-1.0,0.0001,0.014405712038344811,0.0,1.0,1.0,0.0,neutral,0.0016973928265634217,0.0,S2,variance
CORAL,U-emergent-0.25,0.0001,0.006397681385761115,0.0,1.0,1.0,0.0,neutral,0.0011311658928522476,0.0,U,emergent
CORAL,U-emergent-0.5,0.0001,0.02559072554304446,0.0,1.0,1.0,0.0,neutral,0.002262331785704495,0.0,U,emergent
CORAL,U-emergent-1.0,0.0001,0.10236290217217783,0.0,1.0,1.0,0.0,neutral,0.00452466357140899,0.0,U,emergent
CORAL,S1-relation--1-0.25,0.001,0.0006917238640540102,0.0,1.0,1.0,0.0,neutral,0.00037194727154638734,0.0,S1,relation
CORAL,S1-mean--1-0.25,0.001,0.0023513876484882934,0.0,1.0,1.0,0.0,neutral,0.0006857678395037626,0.0,S1,mean
CORAL,S1-relation-+1-0.25,0.001,0.000607596385055951,0.0,1.0,1.0,0.0,neutral,0.0003485961517446659,0.0,S1,relation
CORAL,S1-mean-+1-0.25,0.001,0.002351387648488293,0.0,1.0,1.0,0.0,neutral,0.0006857678395037625,0.0,S1,mean
CORAL,S1-variance-0.25,0.001,0.002455110819924973,0.0,1.0,1.0,0.0,neutral,0.0007007297367637506,0.0,S1,variance
CORAL,S1-relation--1-0.5,0.001,0.0029678852251444803,0.0,1.0,1.0,0.0,neutral,0.0007704395141923185,0.0,S1,relation
CORAL,S1-mean--1-0.5,0.001,0.009712567316798997,0.0,1.0,1.0,0.0,neutral,0.0013937408164216897,0.0,S1,mean
CORAL,S1-relation-+1-0.5,0.001,0.002294865393160023,0.0,1.0,1.0,0.0,neutral,0.0006774755188433041,0.0,S1,relation
CORAL,S1-mean-+1-0.5,0.001,0.009712567316799004,0.0,1.0,1.0,0.0,neutral,0.0013937408164216899,0.0,S1,mean
CORAL,S1-variance-0.5,0.001,0.009820443279699921,0.0,1.0,1.0,0.0,neutral,0.0014014594735275035,0.0,S1,variance
CORAL,S1-relation--1-1.0,0.001,0.013741337539464145,0.0,1.0,1.0,0.0,neutral,0.0016577899468547964,0.0,S1,relation
CORAL,S1-mean--1-1.0,0.001,0.04376253683272921,0.0,1.0,1.0,0.0,neutral,0.0029584636834928085,0.0,S1,mean
CORAL,S1-relation-+1-1.0,0.001,0.008357178883588494,0.0,1.0,1.0,0.0,neutral,0.0012928401976724335,0.0,S1,relation
CORAL,S1-mean-+1-1.0,0.001,0.043762536832729265,0.0,1.0,1.0,0.0,neutral,0.0029584636834928102,0.0,S1,mean
CORAL,S1-variance-1.0,0.001,0.03928177311879963,0.0,1.0,1.0,0.0,neutral,0.0028029189470550045,0.0,S1,variance
CORAL,S2-relation--1-0.25,0.001,0.0005652361647570547,0.0,1.0,1.0,0.0,neutral,0.000336224973717615,0.0,S2,relation
CORAL,S2-mean--1-0.25,0.001,0.0008779851951268903,0.0,1.0,1.0,0.0,neutral,0.0004190430037900382,0.0,S2,mean
CORAL,S2-relation-+1-0.25,0.001,0.0004927389512466441,0.0,1.0,1.0,0.0,neutral,0.0003139232234947405,0.0,S2,relation
CORAL,S2-mean-+1-0.25,0.001,0.000877985195126891,0.0,1.0,1.0,0.0,neutral,0.0004190430037900382,0.0,S2,mean
CORAL,S2-variance-0.25,0.001,0.0009003570023965495,0.0,1.0,1.0,0.0,neutral,0.00042434820664085515,0.0,S2,variance
CORAL,S2-relation--1-0.5,0.001,0.00241794384608098,0.0,1.0,1.0,0.0,neutral,0.0006954054710858954,0.0,S2,relation
CORAL,S2-mean--1-0.5,0.001,0.0036245322994010055,0.0,1.0,1.0,0.0,neutral,0.0008514143878747884,0.0,S2,mean
CORAL,S2-relation-+1-0.5,0.001,0.0018379661379977136,0.0,1.0,0.9999999999999999,0.0,neutral,0.0006062946706013031,0.0,S2,relation
CORAL,S2-mean-+1-0.5,0.001,0.003624532299401007,0.0,1.0,1.0,0.0,neutral,0.0008514143878747884,0.0,S2,mean
CORAL,S2-variance-0.5,0.001,0.003601428009586209,0.0,1.0,1.0,0.0,neutral,0.0008486964132817115,0.0,S2,variance
CORAL,S2-relation--1-1.0,0.001,0.011023806961001728,0.0,1.0,1.0,0.0,neutral,0.0014848438948927747,0.0,S2,relation
CORAL,S2-mean--1-1.0,0.001,0.01629959349989912,0.0,1.0,1.0,0.0,neutral,0.0018055244944280933,0.0,S2,mean
CORAL,S2-relation-+1-1.0,0.001,0.006383985296335569,0.0,1.0,1.0,0.0,neutral,0.0011299544500850969,0.0,S2,relation
CORAL,S2-mean-+1-1.0,0.001,0.016299593499899127,0.0,1.0,1.0,0.0,neutral,0.0018055244944280935,0.0,S2,mean
CORAL,S2-variance-1.0,0.001,0.014405712038344811,0.0,1.0,1.0,0.0,neutral,0.0016973928265634217,0.0,S2,variance
CORAL,U-emergent-0.25,0.001,0.006397681385761115,0.0,1.0,1.0,0.0,neutral,0.0011311658928522476,0.0,U,emergent
CORAL,U-emergent-0.5,0.001,0.02559072554304446,0.0,1.0,1.0,0.0,neutral,0.002262331785704495,0.0,U,emergent
CORAL,U-emergent-1.0,0.001,0.10236290217217783,0.0,1.0,1.0,0.0,neutral,0.00452466357140899,0.0,U,emergent
CORAL,S1-relation--1-0.25,0.01,0.0006917238640540102,0.0,1.0,1.0,0.0,neutral,0.00037194727154638734,0.0,S1,relation
CORAL,S1-mean--1-0.25,0.01,0.0023513876484882934,0.0,1.0,1.0,0.0,neutral,0.0006857678395037626,0.0,S1,mean
CORAL,S1-relation-+1-0.25,0.01,0.000607596385055951,0.0,1.0,1.0,0.0,neutral,0.0003485961517446659,0.0,S1,relation
CORAL,S1-mean-+1-0.25,0.01,0.002351387648488293,0.0,1.0,1.0,0.0,neutral,0.0006857678395037625,0.0,S1,mean
CORAL,S1-variance-0.25,0.01,0.002455110819924973,0.0,1.0,1.0,0.0,neutral,0.0007007297367637506,0.0,S1,variance
CORAL,S1-relation--1-0.5,0.01,0.0029678852251444803,0.0,1.0,1.0,0.0,neutral,0.0007704395141923185,0.0,S1,relation
CORAL,S1-mean--1-0.5,0.01,0.009712567316798997,0.0,1.0,1.0,0.0,neutral,0.0013937408164216897,0.0,S1,mean
CORAL,S1-relation-+1-0.5,0.01,0.002294865393160023,0.0,1.0,1.0,0.0,neutral,0.0006774755188433041,0.0,S1,relation
CORAL,S1-mean-+1-0.5,0.01,0.009712567316799004,0.0,1.0,1.0,0.0,neutral,0.0013937408164216899,0.0,S1,mean
CORAL,S1-variance-0.5,0.01,0.009820443279699921,0.0,1.0,1.0,0.0,neutral,0.0014014594735275035,0.0,S1,variance
CORAL,S1-relation--1-1.0,0.01,0.013741337539464145,0.0,1.0,1.0,0.0,neutral,0.0016577899468547964,0.0,S1,relation
CORAL,S1-mean--1-1.0,0.01,0.04376253683272921,0.0,1.0,1.0,0.0,neutral,0.0029584636834928085,0.0,S1,mean
CORAL,S1-relation-+1-1.0,0.01,0.008357178883588494,0.0,1.0,1.0,0.0,neutral,0.0012928401976724335,0.0,S1,relation
CORAL,S1-mean-+1-1.0,0.01,0.043762536832729265,0.0,1.0,1.0,0.0,neutral,0.0029584636834928102,0.0,S1,mean
CORAL,S1-variance-1.0,0.01,0.03928177311879963,0.0,1.0,1.0,0.0,neutral,0.0028029189470550045,0.0,S1,variance
CORAL,S2-relation--1-0.25,0.01,0.0005652361647570547,0.0,1.0,1.0,0.0,neutral,0.000336224973717615,0.0,S2,relation
CORAL,S2-mean--1-0.25,0.01,0.0008779851951268903,0.0,1.0,1.0,0.0,neutral,0.0004190430037900382,0.0,S2,mean
CORAL,S2-relation-+1-0.25,0.01,0.0004927389512466441,0.0,1.0,1.0,0.0,neutral,0.0003139232234947405,0.0,S2,relation
CORAL,S2-mean-+1-0.25,0.01,0.000877985195126891,0.0,1.0,1.0,0.0,neutral,0.0004190430037900382,0.0,S2,mean
CORAL,S2-variance-0.25,0.01,0.0009003570023965495,0.0,1.0,1.0,0.0,neutral,0.00042434820664085515,0.0,S2,variance
CORAL,S2-relation--1-0.5,0.01,0.00241794384608098,0.0,1.0,1.0,0.0,neutral,0.0006954054710858954,0.0,S2,relation
CORAL,S2-mean--1-0.5,0.01,0.0036245322994010055,0.0,1.0,1.0,0.0,neutral,0.0008514143878747884,0.0,S2,mean
CORAL,S2-relation-+1-0.5,0.01,0.0018379661379977136,0.0,1.0,0.9999999999999999,0.0,neutral,0.0006062946706013031,0.0,S2,relation
CORAL,S2-mean-+1-0.5,0.01,0.003624532299401007,0.0,1.0,1.0,0.0,neutral,0.0008514143878747884,0.0,S2,mean
CORAL,S2-variance-0.5,0.01,0.003601428009586209,0.0,1.0,1.0,0.0,neutral,0.0008486964132817115,0.0,S2,variance
CORAL,S2-relation--1-1.0,0.01,0.011023806961001728,0.0,1.0,1.0,0.0,neutral,0.0014848438948927747,0.0,S2,relation
CORAL,S2-mean--1-1.0,0.01,0.01629959349989912,0.0,1.0,1.0,0.0,neutral,0.0018055244944280933,0.0,S2,mean
CORAL,S2-relation-+1-1.0,0.01,0.006383985296335569,0.0,1.0,1.0,0.0,neutral,0.0011299544500850969,0.0,S2,relation
CORAL,S2-mean-+1-1.0,0.01,0.016299593499899127,0.0,1.0,1.0,0.0,neutral,0.0018055244944280935,0.0,S2,mean
CORAL,S2-variance-1.0,0.01,0.014405712038344811,0.0,1.0,1.0,0.0,neutral,0.0016973928265634217,0.0,S2,variance
CORAL,U-emergent-0.25,0.01,0.006397681385761115,0.0,1.0,1.0,0.0,neutral,0.0011311658928522476,0.0,U,emergent
CORAL,U-emergent-0.5,0.01,0.02559072554304446,0.0,1.0,1.0,0.0,neutral,0.002262331785704495,0.0,U,emergent
CORAL,U-emergent-1.0,0.01,0.10236290217217783,0.0,1.0,1.0,0.0,neutral,0.00452466357140899,0.0,U,emergent
CORAL,S1-relation--1-0.25,0.1,0.0006917238640540102,0.0,1.0,1.0,0.0,neutral,0.00037194727154638734,0.0,S1,relation
CORAL,S1-mean--1-0.25,0.1,0.0023513876484882934,0.0,1.0,1.0,0.0,neutral,0.0006857678395037626,0.0,S1,mean
CORAL,S1-relation-+1-0.25,0.1,0.000607596385055951,0.0,1.0,1.0,0.0,neutral,0.0003485961517446659,0.0,S1,relation
CORAL,S1-mean-+1-0.25,0.1,0.002351387648488293,0.0,1.0,1.0,0.0,neutral,0.0006857678395037625,0.0,S1,mean
CORAL,S1-variance-0.25,0.1,0.002455110819924973,0.0,1.0,1.0,0.0,neutral,0.0007007297367637506,0.0,S1,variance
CORAL,S1-relation--1-0.5,0.1,0.0029678852251444803,0.0,1.0,1.0,0.0,neutral,0.0007704395141923185,0.0,S1,relation
CORAL,S1-mean--1-0.5,0.1,0.009712567316798997,0.0,1.0,1.0,0.0,neutral,0.0013937408164216897,0.0,S1,mean
CORAL,S1-relation-+1-0.5,0.1,0.002294865393160023,0.0,1.0,1.0,0.0,neutral,0.0006774755188433041,0.0,S1,relation
CORAL,S1-mean-+1-0.5,0.1,0.009712567316799004,0.0,1.0,1.0,0.0,neutral,0.0013937408164216899,0.0,S1,mean
CORAL,S1-variance-0.5,0.1,0.009820443279699921,0.0,1.0,1.0,0.0,neutral,0.0014014594735275035,0.0,S1,variance
CORAL,S1-relation--1-1.0,0.1,0.013741337539464145,0.0,1.0,1.0,0.0,neutral,0.0016577899468547964,0.0,S1,relation
CORAL,S1-mean--1-1.0,0.1,0.04376253683272921,0.0,1.0,1.0,0.0,neutral,0.0029584636834928085,0.0,S1,mean
CORAL,S1-relation-+1-1.0,0.1,0.008357178883588494,0.0,1.0,1.0,0.0,neutral,0.0012928401976724335,0.0,S1,relation
CORAL,S1-mean-+1-1.0,0.1,0.043762536832729265,0.0,1.0,1.0,0.0,neutral,0.0029584636834928102,0.0,S1,mean
CORAL,S1-variance-1.0,0.1,0.03928177311879963,0.0,1.0,1.0,0.0,neutral,0.0028029189470550045,0.0,S1,variance
CORAL,S2-relation--1-0.25,0.1,0.0005652361647570547,0.0,1.0,1.0,0.0,neutral,0.000336224973717615,0.0,S2,relation
CORAL,S2-mean--1-0.25,0.1,0.0008779851951268903,0.0,1.0,1.0,0.0,neutral,0.0004190430037900382,0.0,S2,mean
CORAL,S2-relation-+1-0.25,0.1,0.0004927389512466441,0.0,1.0,1.0,0.0,neutral,0.0003139232234947405,0.0,S2,relation
CORAL,S2-mean-+1-0.25,0.1,0.000877985195126891,0.0,1.0,1.0,0.0,neutral,0.0004190430037900382,0.0,S2,mean
CORAL,S2-variance-0.25,0.1,0.0009003570023965495,0.0,1.0,1.0,0.0,neutral,0.00042434820664085515,0.0,S2,variance
CORAL,S2-relation--1-0.5,0.1,0.00241794384608098,0.0,1.0,1.0,0.0,neutral,0.0006954054710858954,0.0,S2,relation
CORAL,S2-mean--1-0.5,0.1,0.0036245322994010055,0.0,1.0,1.0,0.0,neutral,0.0008514143878747884,0.0,S2,mean
CORAL,S2-relation-+1-0.5,0.1,0.0018379661379977136,0.0,1.0,0.9999999999999999,0.0,neutral,0.0006062946706013031,0.0,S2,relation
CORAL,S2-mean-+1-0.5,0.1,0.003624532299401007,0.0,1.0,1.0,0.0,neutral,0.0008514143878747884,0.0,S2,mean
CORAL,S2-variance-0.5,0.1,0.003601428009586209,0.0,1.0,1.0,0.0,neutral,0.0008486964132817115,0.0,S2,variance
CORAL,S2-relation--1-1.0,0.1,0.011023806961001728,0.0,1.0,1.0,0.0,neutral,0.0014848438948927747,0.0,S2,relation
CORAL,S2-mean--1-1.0,0.1,0.01629959349989912,0.0,1.0,1.0,0.0,neutral,0.0018055244944280933,0.0,S2,mean
CORAL,S2-relation-+1-1.0,0.1,0.006383985296335569,0.0,1.0,1.0,0.0,neutral,0.0011299544500850969,0.0,S2,relation
CORAL,S2-mean-+1-1.0,0.1,0.016299593499899127,0.0,1.0,1.0,0.0,neutral,0.0018055244944280935,0.0,S2,mean
CORAL,S2-variance-1.0,0.1,0.014405712038344811,0.0,1.0,1.0,0.0,neutral,0.0016973928265634217,0.0,S2,variance
CORAL,U-emergent-0.25,0.1,0.006397681385761115,0.0,1.0,1.0,0.0,neutral,0.0011311658928522476,0.0,U,emergent
CORAL,U-emergent-0.5,0.1,0.02559072554304446,0.0,1.0,1.0,0.0,neutral,0.002262331785704495,0.0,U,emergent
CORAL,U-emergent-1.0,0.1,0.10236290217217783,0.0,1.0,1.0,0.0,neutral,0.00452466357140899,0.0,U,emergent
CORAL,S1-relation--1-0.25,1.0,0.0006917238640540102,0.0,1.0,1.0,0.0,neutral,0.00037194727154638734,0.0,S1,relation
CORAL,S1-mean--1-0.25,1.0,0.0023513876484882934,0.0,1.0,1.0,0.0,neutral,0.0006857678395037626,0.0,S1,mean
CORAL,S1-relation-+1-0.25,1.0,0.000607596385055951,0.0,1.0,1.0,0.0,neutral,0.0003485961517446659,0.0,S1,relation
CORAL,S1-mean-+1-0.25,1.0,0.002351387648488293,0.0,1.0,1.0,0.0,neutral,0.0006857678395037625,0.0,S1,mean
CORAL,S1-variance-0.25,1.0,0.002455110819924973,0.0,1.0,1.0,0.0,neutral,0.0007007297367637506,0.0,S1,variance
CORAL,S1-relation--1-0.5,1.0,0.0029678852251444803,0.0,1.0,1.0,0.0,neutral,0.0007704395141923185,0.0,S1,relation
CORAL,S1-mean--1-0.5,1.0,0.009712567316798997,0.0,1.0,1.0,0.0,neutral,0.0013937408164216897,0.0,S1,mean
CORAL,S1-relation-+1-0.5,1.0,0.002294865393160023,0.0,1.0,1.0,0.0,neutral,0.0006774755188433041,0.0,S1,relation
CORAL,S1-mean-+1-0.5,1.0,0.009712567316799004,0.0,1.0,1.0,0.0,neutral,0.0013937408164216899,0.0,S1,mean
CORAL,S1-variance-0.5,1.0,0.009820443279699921,0.0,1.0,1.0,0.0,neutral,0.0014014594735275035,0.0,S1,variance
CORAL,S1-relation--1-1.0,1.0,0.013741337539464145,0.0,1.0,1.0,0.0,neutral,0.0016577899468547964,0.0,S1,relation
CORAL,S1-mean--1-1.0,1.0,0.04376253683272921,0.0,1.0,1.0,0.0,neutral,0.0029584636834928085,0.0,S1,mean
CORAL,S1-relation-+1-1.0,1.0,0.008357178883588494,0.0,1.0,1.0,0.0,neutral,0.0012928401976724335,0.0,S1,relation
CORAL,S1-mean-+1-1.0,1.0,0.043762536832729265,0.0,1.0,1.0,0.0,neutral,0.0029584636834928102,0.0,S1,mean
CORAL,S1-variance-1.0,1.0,0.03928177311879963,0.0,1.0,1.0,0.0,neutral,0.0028029189470550045,0.0,S1,variance
CORAL,S2-relation--1-0.25,1.0,0.0005652361647570547,0.0,1.0,1.0,0.0,neutral,0.000336224973717615,0.0,S2,relation
CORAL,S2-mean--1-0.25,1.0,0.0008779851951268903,0.0,1.0,1.0,0.0,neutral,0.0004190430037900382,0.0,S2,mean
CORAL,S2-relation-+1-0.25,1.0,0.0004927389512466441,0.0,1.0,1.0,0.0,neutral,0.0003139232234947405,0.0,S2,relation
CORAL,S2-mean-+1-0.25,1.0,0.000877985195126891,0.0,1.0,1.0,0.0,neutral,0.0004190430037900382,0.0,S2,mean
CORAL,S2-variance-0.25,1.0,0.0009003570023965495,0.0,1.0,1.0,0.0,neutral,0.00042434820664085515,0.0,S2,variance
CORAL,S2-relation--1-0.5,1.0,0.00241794384608098,0.0,1.0,1.0,0.0,neutral,0.0006954054710858954,0.0,S2,relation
CORAL,S2-mean--1-0.5,1.0,0.0036245322994010055,0.0,1.0,1.0,0.0,neutral,0.0008514143878747884,0.0,S2,mean
CORAL,S2-relation-+1-0.5,1.0,0.0018379661379977136,0.0,1.0,0.9999999999999999,0.0,neutral,0.0006062946706013031,0.0,S2,relation
CORAL,S2-mean-+1-0.5,1.0,0.003624532299401007,0.0,1.0,1.0,0.0,neutral,0.0008514143878747884,0.0,S2,mean
CORAL,S2-variance-0.5,1.0,0.003601428009586209,0.0,1.0,1.0,0.0,neutral,0.0008486964132817115,0.0,S2,variance
CORAL,S2-relation--1-1.0,1.0,0.011023806961001728,0.0,1.0,1.0,0.0,neutral,0.0014848438948927747,0.0,S2,relation
CORAL,S2-mean--1-1.0,1.0,0.01629959349989912,0.0,1.0,1.0,0.0,neutral,0.0018055244944280933,0.0,S2,mean
CORAL,S2-relation-+1-1.0,1.0,0.006383985296335569,0.0,1.0,1.0,0.0,neutral,0.0011299544500850969,0.0,S2,relation
CORAL,S2-mean-+1-1.0,1.0,0.016299593499899127,0.0,1.0,1.0,0.0,neutral,0.0018055244944280935,0.0,S2,mean
CORAL,S2-variance-1.0,1.0,0.014405712038344811,0.0,1.0,1.0,0.0,neutral,0.0016973928265634217,0.0,S2,variance
CORAL,U-emergent-0.25,1.0,0.006397681385761115,0.0,1.0,1.0,0.0,neutral,0.0011311658928522476,0.0,U,emergent
CORAL,U-emergent-0.5,1.0,0.02559072554304446,0.0,1.0,1.0,0.0,neutral,0.002262331785704495,0.0,U,emergent
CORAL,U-emergent-1.0,1.0,0.10236290217217783,0.0,1.0,1.0,0.0,neutral,0.00452466357140899,0.0,U,emergent
IRMV1,S1-relation--1-0.25,0.0,0.0006917238640540102,0.9655542471919096,1.0,1.6120897643007807e-30,0.0,neutral,0.00037194727154638734,0.0,S1,relation
IRMV1,S1-mean--1-0.25,0.0,0.0023513876484882934,0.004707872975857558,1.0,0.9891193070949961,0.0,neutral,0.0006857678395037626,0.0,S1,mean
IRMV1,S1-relation-+1-0.25,0.0,0.000607596385055951,1.2902186760300827,1.0,1.3509378103040718e-30,0.0,neutral,0.0003485961517446659,0.0,S1,relation
IRMV1,S1-mean-+1-0.25,0.0,0.002351387648488293,0.004707872975857506,1.0,0.9891193070949967,0.0,neutral,0.0006857678395037625,0.0,S1,mean
IRMV1,S1-variance-0.25,0.0,0.002455110819924973,0.43268135742464636,1.0,2.100667474336656e-30,0.0,neutral,0.0007007297367637506,0.0,S1,variance
IRMV1,S1-relation--1-0.5,0.0,0.0029678852251444803,0.8267438388769845,1.0,1.7357589906687993e-30,0.0,neutral,0.0007704395141923185,0.0,S1,relation
IRMV1,S1-mean--1-0.5,0.0,0.009712567316798997,0.018236223655405708,1.0,0.9578529942589865,0.0,neutral,0.0013937408164216897,0.0,S1,mean
IRMV1,S1-relation-+1-0.5,0.0,0.002294865393160023,1.4737087167691745,1.0,1.2198402900518295e-30,0.0,neutral,0.0006774755188433041,0.0,S1,relation
IRMV1,S1-mean-+1-0.5,0.0,0.009712567316799004,0.018236223655405916,1.0,0.9578529942589871,0.0,neutral,0.0013937408164216899,0.0,S1,mean
IRMV1,S1-variance-0.5,0.0,0.009820443279699921,0.4326813574246465,1.0,2.106221120226652e-30,0.0,neutral,0.0014014594735275035,0.0,S1,variance
IRMV1,S1-relation--1-1.0,0.0,0.013741337539464145,0.5956318687486916,1.0,1.9273159838268845e-30,0.0,neutral,0.0016577899468547964,0.0,S1,relation
IRMV1,S1-mean--1-1.0,0.0,0.04376253683272921,0.06475695886984897,1.0,0.8503356852366183,0.0,neutral,0.0029584636834928085,0.0,S1,mean
IRMV1,S1-relation-+1-1.0,0.0,0.008357178883588494,1.867979284616106,1.0,8.968311596373925e-31,0.0,neutral,0.0012928401976724335,0.0,S1,relation
IRMV1,S1-mean-+1-1.0,0.0,0.043762536832729265,0.06475695886984928,1.0,0.8503356852366198,0.0,neutral,0.0029584636834928102,0.0,S1,mean
IRMV1,S1-variance-1.0,0.0,0.03928177311879963,0.4326813574246466,1.0,2.076949175785209e-30,0.0,neutral,0.0028029189470550045,0.0,S1,variance
IRMV1,S2-relation--1-0.25,0.0,0.0005652361647570547,0.45902343615116686,1.0,4.891860710841424e-30,0.0,neutral,0.000336224973717615,0.0,S2,relation
IRMV1,S2-mean--1-0.25,0.0,0.0008779851951268903,0.0017757568527043664,1.0,0.9893134569619969,0.0,neutral,0.0004190430037900382,0.0,S2,mean
IRMV1,S2-relation-+1-0.25,0.0,0.0004927389512466441,0.5798343639366993,1.0,4.6606682457927444e-30,0.0,neutral,0.0003139232234947405,0.0,S2,relation
IRMV1,S2-mean-+1-0.25,0.0,0.000877985195126891,0.0017757568527044713,1.0,0.9893134569619952,0.0,neutral,0.0004190430037900382,0.0,S2,mean
IRMV1,S2-variance-0.25,0.0,0.0009003570023965495,0.16616756666673768,1.0,5.4484232276975914e-30,0.0,neutral,0.00042434820664085515,0.0,S2,variance
IRMV1,S2-relation--1-0.5,0.0,0.00241794384608098,0.40833071045031005,1.0,5.0183592913835286e-30,0.0,neutral,0.0006954054710858954,0.0,S2,relation
IRMV1,S2-mean--1-0.5,0.0,0.0036245322994010055,0.006882380833862683,1.0,0.9585816837068707,0.0,neutral,0.0008514143878747884,0.0,S2,mean
IRMV1,S2-relation-+1-0.5,0.0,0.0018379661379977136,0.6514392959369281,1.0,4.534268394325602e-30,0.0,neutral,0.0006062946706013031,0.0,S2,relation
IRMV1,S2-mean-+1-0.5,0.0,0.003624532299401007,0.0068823808338627415,1.0,0.958581683706869,0.0,neutral,0.0008514143878747884,0.0,S2,mean
IRMV1,S2-variance-0.5,0.0,0.003601428009586209,0.16616756666673768,1.0,5.414739084440524e-30,0.0,neutral,0.0008486964132817115,0.0,S2,variance
IRMV1,S2-relation--1-1.0,0.0,0.011023806961001728,0.3230457933465263,1.0,5.1797896921310764e-30,0.0,neutral,0.0014848438948927747,0.0,S2,relation
IRMV1,S2-mean--1-1.0,0.0,0.01629959349989912,0.024486904294164925,1.0,0.8526372818392699,0.0,neutral,0.0018055244944280933,0.0,S2,mean
IRMV1,S2-relation-+1-1.0,0.0,0.006383985296335569,0.8209943051679331,1.0,4.209516833801005e-30,0.0,neutral,0.0011299544500850969,0.0,S2,relation
IRMV1,S2-mean-+1-1.0,0.0,0.016299593499899127,0.024486904294165127,1.0,0.8526372818392662,0.0,neutral,0.0018055244944280935,0.0,S2,mean
IRMV1,S2-variance-1.0,0.0,0.014405712038344811,0.16616756666673765,1.0,5.448423227697584e-30,0.0,neutral,0.0016973928265634217,0.0,S2,variance
IRMV1,U-emergent-0.25,0.0,0.006397681385761115,-1.9274705288631195e-18,1.0,1.0,0.0,neutral,0.0011311658928522476,0.0,U,emergent
IRMV1,U-emergent-0.5,0.0,0.02559072554304446,-1.9274705288631195e-18,1.0,1.0,0.0,neutral,0.002262331785704495,0.0,U,emergent
IRMV1,U-emergent-1.0,0.0,0.10236290217217783,-1.9274705288631195e-18,1.0,1.0,0.0,neutral,0.00452466357140899,0.0,U,emergent
IRMV1,S1-relation--1-0.25,1e-05,0.0006917238640540102,0.9655542471919096,0.9999903447456631,1.6120897643007807e-30,2.599353224231152e-10,harmful,0.00037194547910010306,2.6041024892009546e-10,S1,relation
IRMV1,S1-mean--1-0.25,1e-05,0.0023513876484882934,0.004707872975857558,0.9999999529226691,0.9891193070949961,-1.1776317897276195e-10,helpful,0.0006857677886389847,-1.5501877559387367e-10,S1,mean
IRMV1,S1-relation-+1-0.25,1e-05,0.000607596385055951,1.2902186760300827,0.9999870981986124,1.3509378103040718e-30,-3.3684188828287995e-10,helpful,0.0003485939034226975,-3.3753011496884255e-10,S1,relation
IRMV1,S1-mean-+1-0.25,1e-05,0.002351387648488293,0.004707872975857506,0.9999999529226687,0.9891193070949967,-1.1776317897276182e-10,helpful,0.0006857677886389844,-8.11639644382467e-11,S1,mean
IRMV1,S1-variance-0.25,1e-05,0.002455110819924973,0.43268135742464636,0.9999956733149634,2.100667474336656e-30,-1.1535984878964414e-09,helpful,0.0007007281853634644,-1.1568181967902547e-09,S1,variance
IRMV1,S1-relation--1-0.5,1e-05,0.0029678852251444803,0.8267438388769845,0.9999917328081722,1.7357589906687993e-30,4.4296407898646807e-10,harmful,0.0007704363378812812,4.436983003230921e-10,S1,relation
IRMV1,S1-mean--1-0.5,1e-05,0.009712567316798997,0.018236223655405708,0.9999998176431809,0.9578529942589865,-4.710527158910451e-10,helpful,0.0013937406187728616,-5.462220675767071e-10,S1,mean
IRMV1,S1-relation-+1-0.5,1e-05,0.002294865393160023,1.4737087167691745,0.9999852633531602,1.2198402900518295e-30,-7.505903424255198e-10,helpful,0.0006774705243563481,-7.521817613209691e-10,S1,relation
IRMV1,S1-mean-+1-0.5,1e-05,0.009712567316799004,0.018236223655405916,0.9999998176431808,0.9578529942589871,-4.710527158910489e-10,helpful,0.0013937406187728618,-3.985120011762433e-10,S1,mean
IRMV1,S1-variance-0.5,1e-05,0.009820443279699921,0.4326813574246465,0.9999956733149632,2.106221120226652e-30,-2.307196975792886e-09,helpful,0.001401456370726931,-2.313636837669719e-09,S1,variance
IRMV1,S1-relation--1-1.0,1e-05,0.013741337539464145,0.5956318687486916,0.9999940438586549,1.9273159838268845e-30,5.783018945338881e-10,harmful,0.0016577850321358241,5.789105861353505e-10,S1,relation
IRMV1,S1-mean--1-1.0,1e-05,0.04376253683272921,0.06475695886984897,0.9999993524496488,0.8503356852366183,-1.8842108635641853e-09,helpful,0.0029584625758186955,-2.0371800912855065e-09,S1,mean
IRMV1,S1-relation-+1-1.0,1e-05,0.008357178883588494,1.867979284616106,0.999981320765567,8.968311596373925e-31,-1.8088069482900923e-09,helpful,0.0012928281006860665,-1.8128489820412597e-09,S1,relation
IRMV1,S1-mean-+1-1.0,1e-05,0.043762536832729265,0.06475695886984928,0.9999993524496489,0.8503356852366198,-1.8842108635641924e-09,helpful,0.0029584625758186964,-1.7417600695068813e-09,S1,mean
IRMV1,S1-variance-1.0,1e-05,0.03928177311879963,0.4326813574246466,0.9999956733149632,2.076949175785209e-30,-4.61439395158577e-09,helpful,0.00280291274145386,-4.627274119428648e-09,S1,variance
IRMV1,S2-relation--1-0.25,1e-05,0.0005652361647570547,0.45902343615116686,0.9999954099020165,4.891860710841424e-30,2.3141406813129791e-10,harmful,0.00033622421802657616,2.380027286363884e-10,S2,relation
IRMV1,S2-mean--1-0.25,1e-05,0.0008779851951268903,0.0017757568527043664,0.9999999822429517,0.9893134569619969,-3.5344883477165417e-11,helpful,0.0004190429830179979,-5.7180149504176825e-11,S2,mean
IRMV1,S2-relation-+1-0.25,1e-05,0.0004927389512466441,0.5798343639366993,0.9999942018289242,4.6606682457927444e-30,-2.544964410143459e-10,helpful,0.00031392232905764925,-2.606062032839418e-10,S2,relation
IRMV1,S2-mean-+1-0.25,1e-05,0.000877985195126891,0.0017757568527044713,0.9999999822429513,0.9893134569619952,-3.5344883477166787e-11,helpful,0.00041904298301799795,-1.2046141861787873e-11,S2,mean
IRMV1,S2-variance-0.25,1e-05,0.0009003570023965495,0.16616756666673768,0.9999983383729935,5.4484232276975914e-30,-3.462355932457117e-10,helpful,0.00042434783681906846,-3.3907143759392966e-10,S2,variance
IRMV1,S2-relation--1-0.5,1e-05,0.00241794384608098,0.40833071045031005,0.99999591681409,5.0183592913835286e-30,4.3974576337954874e-10,harmful,0.0006954040833824907,4.5339987320147657e-10,S2,relation
IRMV1,S2-mean--1-0.5,1e-05,0.0036245322994010055,0.006882380833862683,0.999999931178207,0.9585816837068707,-1.4137953390866443e-10,helpful,0.000851414323931389,-1.835879226419479e-10,S2,mean
IRMV1,S2-relation-+1-0.5,1e-05,0.0018379661379977136,0.6514392959369281,0.9999934858010514,4.534268394325602e-30,-5.320752549117374e-10,helpful,0.0006062927266034261,-5.438181016614863e-10,S2,relation
IRMV1,S2-mean-+1-0.5,1e-05,0.003624532299401007,0.0068823808338627415,0.9999999311782071,0.958581683706869,-1.4137953390866554e-10,helpful,0.000851414323931389,-9.332001837947246e-11,S2,mean
IRMV1,S2-variance-0.5,1e-05,0.003601428009586209,0.16616756666673768,0.9999983383729937,5.414739084440524e-30,-6.924711864914246e-10,helpful,0.0008486956736381382,-6.781435413216741e-10,S2,variance
IRMV1,S2-relation--1-1.0,1e-05,0.011023806961001728,0.3230457933465263,0.9999967696377163,5.1797896921310764e-30,7.871620352269075e-10,harmful,0.0014848415604332781,8.163800746530114e-10,S2,relation
IRMV1,S2-mean--1-1.0,1e-05,0.01629959349989912,0.024486904294164925,0.9999997551381276,0.8526372818392699,-5.655181356346603e-10,helpful,0.0018055241999062393,-6.440852295952482e-10,S2,mean
IRMV1,S2-relation-+1-1.0,1e-05,0.006383985296335569,0.8209943051679331,0.9999917903017448,4.209516833801005e-30,-1.1564800013556652e-09,helpful,0.0011299498700240314,-1.1780555420060068e-09,S2,relation
IRMV1,S2-mean-+1-1.0,1e-05,0.016299593499899127,0.024486904294165127,0.9999997551381278,0.8526372818392662,-5.655181356346638e-10,helpful,0.0018055241999062398,-4.635490880033899e-10,S2,mean
IRMV1,S2-variance-1.0,1e-05,0.014405712038344811,0.16616756666673765,0.9999983383729936,5.448423227697584e-30,-1.3849423729828478e-09,helpful,0.0016973913472762751,-1.356287748777163e-09,S2,variance
IRMV1,U-emergent-0.25,1e-05,0.006397681385761115,-1.9274705288631195e-18,1.0,1.0,0.0,neutral,0.0011311659839633357,5.551115123125783e-16,U,emergent
IRMV1,U-emergent-0.5,1e-05,0.02559072554304446,-1.9274705288631195e-18,1.0,1.0,0.0,neutral,0.0022623319679266713,5.551115123125783e-16,U,emergent
IRMV1,U-emergent-1.0,1e-05,0.10236290217217783,-1.9274705288631195e-18,1.0,1.0,0.0,neutral,0.004524663935853343,5.551115123125783e-16,U,emergent
IRMV1,S1-relation--1-0.25,0.0001,0.0006917238640540102,0.9655542471919096,0.9999034733810279,1.6120897643007807e-30,2.5979944938610297e-09,harmful,0.0003719293515349044,2.591539094431994e-09,S1,relation
IRMV1,S1-mean--1-0.25,0.0001,0.0023513876484882934,0.004707872975857558,0.9999995293525227,0.9891193070949961,-1.1774570601847062e-09,helpful,0.0006857673309507049,-8.448445276698635e-10,S1,mean
IRMV1,S1-relation-+1-0.25,0.0001,0.000607596385055951,1.2902186760300827,0.9998710166592956,1.3509378103040718e-30,-3.3669460433694276e-09,helpful,0.0003485736739496417,-3.3589808712264357e-09,S1,relation
IRMV1,S1-mean-+1-0.25,0.0001,0.002351387648488293,0.004707872975857506,0.9999995293525225,0.9891193070949967,-1.1774570601847052e-09,helpful,0.0006857673309507047,-1.5057224356240795e-09,S1,mean
IRMV1,S1-variance-0.25,0.0001,0.002455110819924973,0.43268135742464636,0.9999567447145521,2.100667474336656e-30,-1.1534273242625674e-08,helpful,0.0007007142267248883,-1.1513570985499655e-08,S1,variance
IRMV1,S1-relation--1-0.5,0.0001,0.0029678852251444803,0.8267438388769845,0.999917350265576,1.7357589906687993e-30,4.427037438213685e-09,harmful,0.0007704077590631281,4.415435017612879e-09,S1,relation
IRMV1,S1-mean--1-0.5,0.0001,0.009712567316798997,0.018236223655405708,0.9999981769192358,0.9578529942589865,-4.7098282407387985e-09,helpful,0.001393738840377845,-4.0404573020680346e-09,S1,mean
IRMV1,S1-relation-+1-0.5,0.0001,0.002294865393160023,1.4737087167691745,0.9998526731493065,1.2198402900518295e-30,-7.502843636247206e-09,helpful,0.0006774255858212676,-7.485604136547863e-09,S1,relation
IRMV1,S1-mean-+1-0.5,0.0001,0.009712567316799004,0.018236223655405916,0.9999981769192359,0.9578529942589871,-4.709828240738836e-09,helpful,0.001393738840377845,-5.362212784909559e-09,S1,mean
IRMV1,S1-variance-0.5,0.0001,0.009820443279699921,0.4326813574246465,0.9999567447145519,2.106221120226652e-30,-2.3068546485251385e-08,helpful,0.0014014284534497787,-2.3027208806425392e-08,S1,variance
IRMV1,S1-relation--1-1.0,0.0001,0.013741337539464145,0.5956318687486916,0.9999404545425961,1.9273159838268845e-30,5.778268678393889e-09,harmful,0.00165774081224162,5.7604996328564084e-09,S1,relation
IRMV1,S1-mean--1-1.0,0.0001,0.04376253683272921,0.06475695886984897,0.9999935262273435,0.8503356852366183,-1.883931296295524e-08,helpful,0.002958452609524679,-1.748378608557033e-08,S1,mean
IRMV1,S1-relation-+1-1.0,0.0001,0.008357178883588494,1.867979284616106,0.999813257897825,8.968311596373925e-31,-1.808149347052794e-08,helpful,0.0012927192554365557,-1.8041578786487378e-08,S1,relation
IRMV1,S1-mean-+1-1.0,0.0001,0.043762536832729265,0.06475695886984928,0.9999935262273436,0.8503356852366198,-1.8839312962955316e-08,helpful,0.0029584526095246806,-2.012729705125338e-08,S1,mean
IRMV1,S1-variance-1.0,0.0001,0.03928177311879963,0.4326813574246466,0.9999567447145519,2.076949175785209e-30,-4.6137092970502744e-08,helpful,0.0028028569068995553,-4.605448444827687e-08,S1,variance
IRMV1,S2-relation--1-0.25,0.0001,0.0005652361647570547,0.45902343615116686,0.9999541112905243,4.891860710841424e-30,2.313295307069118e-09,harmful,0.00033621741876210126,2.3278088345790593e-09,S2,relation
IRMV1,S2-mean--1-0.25,0.0001,0.0008779851951268903,0.0017757568527043664,0.999999822476302,0.9893134569619969,-3.5338378012052405e-10,helpful,0.0004190427961108351,-1.4806156301006013e-10,S2,mean
IRMV1,S2-relation-+1-0.25,0.0001,0.0004927389512466441,0.5798343639366993,0.999942033815328,4.6606682457927444e-30,-2.5440765512294715e-09,helpful,0.0003139142814180906,-2.5562884031771205e-09,S2,relation
IRMV1,S2-mean-+1-0.25,0.0001,0.000877985195126891,0.0017757568527044713,0.999999822476302,0.9893134569619952,-3.5338378012053765e-10,helpful,0.00041904279611083514,-5.519349421945208e-10,S2,mean
IRMV1,S2-variance-0.25,0.0001,0.0009003570023965495,0.16616756666673768,0.9999833881080604,5.4484232276975914e-30,-3.4617186624052313e-09,helpful,0.000424344509371812,-3.4291445238920915e-09,S2,variance
IRMV1,S2-relation--1-0.5,0.0001,0.00241794384608098,0.40833071045031005,0.9999591790451424,5.0183592913835286e-30,4.395809369977892e-09,harmful,0.0006953915976529191,4.426936039969576e-09,S2,relation
IRMV1,S2-mean--1-0.5,0.0001,0.0036245322994010055,0.006882380833862683,0.9999993119634054,0.9585816837068707,-1.4135351204821235e-09,helpful,0.0008514137485818181,-9.963209146590657e-10,S2,mean
IRMV1,S2-relation-+1-0.5,0.0001,0.0018379661379977136,0.6514392959369281,0.9999348754662772,4.534268394325602e-30,-5.318934346619274e-09,helpful,0.0006062752355818033,-5.3412583245204814e-09,S2,relation
IRMV1,S2-mean-+1-0.5,0.0001,0.003624532299401007,0.0068823808338627415,0.9999993119634056,0.958581683706869,-1.4135351204821353e-09,helpful,0.0008514137485818183,-1.8040677840502894e-09,S2,mean
IRMV1,S2-variance-0.5,0.0001,0.003601428009586209,0.16616756666673768,0.9999833881080604,5.414739084440524e-30,-6.923437324810474e-09,helpful,0.0008486890187436253,-6.85835610525487e-09,S2,variance
IRMV1,S2-relation--1-1.0,0.0001,0.011023806961001728,0.3230457933465263,0.9999677049830658,5.1797896921310764e-30,7.868493763314384e-09,harmful,0.0014848205563816085,7.939348289909276e-09,S2,relation
IRMV1,S2-mean--1-1.0,0.0001,0.01629959349989912,0.024486904294164925,0.9999975520264499,0.8526372818392699,-5.654140481928521e-09,helpful,0.00180552154992681,-4.793231811461851e-09,S2,mean
IRMV1,S2-relation-+1-1.0,0.0001,0.006383985296335569,0.8209943051679331,0.9999179250425348,4.209516833801005e-30,-1.1560993669879948e-08,helpful,0.0011299086609993388,-1.1597039661914721e-08,S2,relation
IRMV1,S2-mean-+1-1.0,0.0001,0.016299593499899127,0.024486904294165127,0.9999975520264499,0.8526372818392662,-5.654140481928556e-09,helpful,0.0018055215499268103,-6.408725328199694e-09,S2,mean
IRMV1,S2-variance-1.0,0.0001,0.014405712038344811,0.16616756666673765,0.9999833881080604,5.448423227697584e-30,-1.3846874649620935e-08,helpful,0.0016973780374872492,-1.3716779267980428e-08,S2,variance
IRMV1,U-emergent-0.25,0.0001,0.006397681385761115,-1.9274705288631195e-18,1.0,1.0,0.0,neutral,0.001131166803717602,6.705747068735946e-14,U,emergent
IRMV1,U-emergent-0.5,0.0001,0.02559072554304446,-1.9274705288631195e-18,1.0,1.0,0.0,neutral,0.002262333607435204,6.705747068735946e-14,U,emergent
IRMV1,U-emergent-1.0,0.0001,0.10236290217217783,-1.9274705288631195e-18,1.0,1.0,0.0,neutral,0.004524667214870408,6.705747068735946e-14,U,emergent
IRMV1,S1-relation--1-0.25,0.001,0.0006917238640540102,0.9655542471919096,0.999037318594889,1.6120897643007807e-30,2.5844473283770902e-08,harmful,0.00037176851534152853,2.5849466345206906e-08,S1,relation
IRMV1,S1-mean--1-0.25,0.001,0.0023513876484882934,0.004707872975857558,0.999995306071502,0.9891193070949961,-1.1757149205819345e-08,helpful,0.0006857627634174566,-1.1751443929064465e-08,S1,mean
IRMV1,S1-relation-+1-0.25,0.001,0.000607596385055951,1.2902186760300827,0.9987136236716274,1.3509378103040718e-30,-3.35226115406327e-08,helpful,0.0003483719148009573,-3.351436494991589e-08,S1,relation
IRMV1,S1-mean-+1-0.25,0.001,0.002351387648488293,0.004707872975857506,0.9999953060715017,0.9891193070949967,-1.1757149205819327e-08,helpful,0.0006857627634174564,-1.1749988759746088e-08,S1,mean
IRMV1,S1-variance-0.25,0.001,0.002455110819924973,0.43268135742464636,0.9995686002224916,2.100667474336656e-30,-1.1517207385292395e-07,helpful,0.0007005750316431548,-1.1516808195999317e-07,S1,variance
IRMV1,S1-relation--1-0.5,0.001,0.0029678852251444803,0.8267438388769845,0.9991757144906003,1.7357589906687993e-30,4.401080831068025e-08,harmful,0.0007701227587972257,4.4013902411599304e-08,S1,relation
IRMV1,S1-mean--1-0.5,0.001,0.009712567316798997,0.018236223655405708,0.9999818177911007,0.9578529942589865,-4.7028596823277095e-08,helpful,0.0013937211002958798,-4.70244516659335e-08,S1,mean
IRMV1,S1-relation-+1-0.5,0.001,0.002294865393160023,1.4737087167691745,0.9985306815645677,1.2198402900518295e-30,-7.472336133812672e-08,helpful,0.0006769773702275301,-7.471375895740096e-08,S1,relation
IRMV1,S1-mean-+1-0.5,0.001,0.009712567316799004,0.018236223655405916,0.9999818177911007,0.9578529942589871,-4.702859682327747e-08,helpful,0.0013937211002958798,-4.702154121627444e-08,S1,mean
IRMV1,S1-variance-0.5,0.001,0.009820443279699921,0.4326813574246465,0.9995686002224916,2.106221120226652e-30,-2.3034414770584824e-07,helpful,0.0014011500632863118,-2.303428743299918e-07,S1,variance
IRMV1,S1-relation--1-1.0,0.001,0.013741337539464145,0.5956318687486916,0.9994061363190526,1.9273159838268845e-30,5.7309063593914427e-08,harmful,0.001657299854812897,5.730781615920222e-08,S1,relation
IRMV1,S1-mean--1-1.0,0.001,0.04376253683272921,0.06475695886984897,0.99993543484791,0.8503356852366183,-1.8811438729310886e-07,helpful,0.0029583532202971607,-1.8811502755511356e-07,S1,mean
IRMV1,S1-relation-+1-1.0,0.001,0.008357178883588494,1.867979284616106,0.9981375883579867,8.968311596373925e-31,-1.8015927570369997e-07,helpful,0.0012916335309307789,-1.801475068008429e-07,S1,relation
IRMV1,S1-mean-+1-1.0,0.001,0.043762536832729265,0.06475695886984928,0.9999354348479101,0.8503356852366198,-1.8811438729310962e-07,helpful,0.002958353220297162,-1.8810920676681775e-07,S1,mean
IRMV1,S1-variance-1.0,0.001,0.03928177311879963,0.4326813574246466,0.9995686002224916,2.076949175785209e-30,-4.606882954116961e-07,helpful,0.0028023001265726215,-4.606924589589667e-07,S1,variance
IRMV1,S2-relation--1-0.25,0.001,0.0005652361647570547,0.45902343615116686,0.9995423363178565,4.891860710841424e-30,2.3048665266642576e-08,harmful,0.0003361496190899102,2.3057091791400808e-08,S2,relation
IRMV1,S2-mean--1-0.25,0.001,0.0008779851951268903,0.0017757568527043664,0.9999982294279037,0.9893134569619969,-3.5273515465595063e-09,helpful,0.0004190409311057955,-3.520826297176427e-09,S2,mean
IRMV1,S2-relation-+1-0.25,0.001,0.0004927389512466441,0.5798343639366993,0.9994218861771997,4.6606682457927444e-30,-2.5352241786844813e-08,helpful,0.0003138340315035479,-2.534707765899924e-08,S2,relation
IRMV1,S2-mean-+1-0.25,0.001,0.000877985195126891,0.0017757568527044713,0.9999982294279038,0.9893134569619952,-3.5273515465596374e-09,helpful,0.0004190409311057956,-3.5199368975114e-09,S2,mean
IRMV1,S2-variance-0.25,0.001,0.0009003570023965495,0.16616756666673768,0.9998343176001862,5.4484232276975914e-30,-3.455364780303285e-08,helpful,0.00042431132855597764,-3.4544394678093227e-08,S2,variance
IRMV1,S2-relation--1-0.5,0.001,0.00241794384608098,0.40833071045031005,0.9995928776558595,5.0183592913835286e-30,4.3793754013083e-08,harmful,0.0006952670958272707,4.380406593007535e-08,S2,relation
IRMV1,S2-mean--1-0.5,0.001,0.0036245322994010055,0.006882380833862683,0.9999931377139605,0.9585816837068707,-1.4109406186238297e-08,helpful,0.0008514080090059007,-1.4102546797012394e-08,S2,mean
IRMV1,S2-relation-+1-0.5,0.001,0.0018379661379977136,0.6514392959369281,0.9993504950845552,4.534268394325602e-30,-5.300806009389165e-08,helpful,0.0006061008149342121,-5.300427285970244e-08,S2,relation
IRMV1,S2-mean-+1-0.5,0.001,0.003624532299401007,0.0068823808338627415,0.9999931377139604,0.958581683706869,-1.4109406186238403e-08,helpful,0.0008514080090059007,-1.4100768219726945e-08,S2,mean
IRMV1,S2-variance-0.5,0.001,0.003601428009586209,0.16616756666673768,0.9998343176001862,5.414739084440524e-30,-6.91072956060658e-08,helpful,0.0008486226571119566,-6.909549965516959e-08,S2,variance
IRMV1,S2-relation--1-1.0,0.001,0.011023806961001728,0.3230457933465263,0.9996779078797937,5.1797896921310764e-30,7.837320194535719e-08,harmful,0.0014846111163987555,7.83877933674404e-08,S2,relation
IRMV1,S2-mean--1-1.0,0.001,0.01629959349989912,0.024486904294164925,0.9999755845912122,0.8526372818392699,-5.643762474495344e-08,helpful,0.0018054951209291769,-5.6428539840780445e-08,S2,mean
IRMV1,S2-relation-+1-1.0,0.001,0.006383985296335569,0.8209943051679331,0.9991814464304467,4.209516833801005e-30,-1.1523042626859207e-07,helpful,0.0011294977085082494,-1.152288845451821e-07,S2,relation
IRMV1,S2-mean-+1-1.0,0.001,0.016299593499899127,0.024486904294165127,0.9999755845912124,0.8526372818392662,-5.643762474495378e-08,helpful,0.0018054951209291769,-5.642498246416494e-08,S2,mean
IRMV1,S2-variance-1.0,0.001,0.014405712038344811,0.16616756666673765,0.9998343176001863,5.448423227697584e-30,-1.382145912121315e-07,helpful,0.0016972453142239119,-1.3819770972034462e-07,S2,variance
IRMV1,U-emergent-0.25,0.001,0.006397681385761115,-1.9274705288631195e-18,1.0,1.0,0.0,neutral,0.0011311749770256565,6.710410005439371e-12,U,emergent
IRMV1,U-emergent-0.5,0.001,0.02559072554304446,-1.9274705288631195e-18,1.0,1.0,0.0,neutral,0.002262349954051313,6.710410005439371e-12,U,emergent
IRMV1,U-emergent-1.0,0.001,0.10236290217217783,-1.9274705288631195e-18,1.0,1.0,0.0,neutral,0.004524699908102626,6.710410005439371e-12,U,emergent
IRMV1,S1-relation--1-0.25,0.01,0.0006917238640540102,0.9655542471919096,0.990624231491292,1.6120897643007807e-30,2.452873022338316e-07,harmful,0.000370202907908266,2.458918669789867e-07,S1,relation
IRMV1,S1-mean--1-0.25,0.01,0.0023513876484882934,0.004707872975857558,0.9999542792642581,0.9891193070949961,-1.1587941460498142e-07,helpful,0.0006857179959136252,-1.1523508136601635e-07,S1,mean
IRMV1,S1-relation-+1-0.25,0.01,0.000607596385055951,1.2902186760300827,0.9874720032463524,1.3509378103040718e-30,-3.209636546289233e-07,helpful,0.0003464064626687528,-3.2028312979548446e-07,S1,relation
IRMV1,S1-mean-+1-0.25,0.01,0.002351387648488293,0.004707872975857506,0.9999542792642577,0.9891193070949967,-1.1587941460498129e-07,helpful,0.0006857179959136251,-1.152351016830977e-07,S1,mean
IRMV1,S1-variance-0.25,0.01,0.002455110819924973,0.43268135742464636,0.9957979941037478,2.100667474336656e-30,-1.1351452859263466e-06,helpful,0.0006992211123671556,-1.1344777348654134e-06,S1,variance
IRMV1,S1-relation--1-0.5,0.01,0.0029678852251444803,0.8267438388769845,0.9919719679468775,1.7357589906687993e-30,4.1489825207257373e-07,harmful,0.0007673493895035414,4.154674230205657e-07,S1,relation
IRMV1,S1-mean--1-0.5,0.01,0.009712567316798997,0.018236223655405708,0.9998228980333668,0.9578529942589865,-4.6351765841992303e-07,helpful,0.0013935479590770207,-4.628653929028559e-07,S1,mean
IRMV1,S1-relation-+1-0.5,0.01,0.002294865393160023,1.4737087167691745,0.9856904637802099,1.2198402900518295e-30,-7.176036616529337e-07,helpful,0.0006726091289976642,-7.168825695291758e-07,S1,relation
IRMV1,S1-mean-+1-0.5,0.01,0.009712567316799004,0.018236223655405916,0.9998228980333671,0.9578529942589871,-4.6351765841992673e-07,helpful,0.001393547959077021,-4.628654330929294e-07,S1,mean
IRMV1,S1-variance-0.5,0.01,0.009820443279699921,0.4326813574246465,0.9957979941037479,2.106221120226652e-30,-2.270290571852696e-06,helpful,0.0013984422247343134,-2.2695971521047298e-06,S1,variance
IRMV1,S1-relation--1-1.0,0.01,0.013741337539464145,0.5956318687486916,0.9942158776722205,1.9273159838268845e-30,5.270910945647915e-07,harmful,0.0016530109701962477,5.275946527438791e-07,S1,relation
IRMV1,S1-mean--1-1.0,0.01,0.04376253683272921,0.06475695886984897,0.9993711096669058,0.8503356852366183,-1.8540706336796968e-06,helpful,0.0029573859082114213,-1.853386658812184e-06,S1,mean
IRMV1,S1-relation-+1-1.0,0.01,0.008357178883588494,1.867979284616106,0.9818624163307826,8.968311596373925e-31,-1.7379127328862278e-06,helpful,0.001281042117303508,-1.7371053325776487e-06,S1,relation
IRMV1,S1-mean-+1-1.0,0.01,0.043762536832729265,0.06475695886984928,0.9993711096669058,0.8503356852366198,-1.8540706336797042e-06,helpful,0.0029573859082114226,-1.8533867394143755e-06,S1,mean
IRMV1,S1-variance-1.0,0.01,0.03928177311879963,0.4326813574246466,0.9957979941037479,2.076949175785209e-30,-4.54058114370539e-06,helpful,0.0027968844494686246,-4.539835986250296e-06,S1,variance
IRMV1,S2-relation--1-0.25,0.01,0.0005652361647570547,0.45902343615116686,0.9955421863629793,4.891860710841424e-30,2.2230024913079155e-07,harmful,0.0003354903759504306,2.22923760451188e-07,S2,relation
IRMV1,S2-mean--1-0.25,0.01,0.0008779851951268903,0.0017757568527043664,0.9999827473533687,0.9893134569619969,-3.464354301962353e-08,helpful,0.00041902267591141745,-3.4001241266956583e-08,S2,mean
IRMV1,S2-relation-+1-0.25,0.01,0.0004927389512466441,0.5798343639366993,0.9943692126160071,4.6606682457927444e-30,-2.4492460375585294e-07,helpful,0.00031305354840050647,-2.4426434919178064e-07,S2,relation
IRMV1,S2-mean-+1-0.25,0.01,0.000877985195126891,0.0017757568527044713,0.9999827473533687,0.9893134569619952,-3.4643543019624866e-08,helpful,0.0004190226759114175,-3.4001253590432157e-08,S2,mean
IRMV1,S2-variance-0.25,0.01,0.0009003570023965495,0.16616756666673768,0.9983855727179611,5.4484232276975914e-30,-3.393653193759134e-07,helpful,0.0004239886174836159,-3.3871762949999606e-07,S2,variance
IRMV1,S2-relation--1-0.5,0.01,0.00241794384608098,0.40833071045031005,0.9960343706130992,5.0183592913835286e-30,4.2197614363652266e-07,harmful,0.0006940566190424312,4.225818838188289e-07,S2,relation
IRMV1,S2-mean--1-0.5,0.01,0.0036245322994010055,0.006882380833862683,0.9999331331402002,0.9585816837068707,-1.3857417207849676e-07,helpful,0.0008513519648253184,-1.3793002440198876e-07,S2,mean
IRMV1,S2-relation-+1-0.5,0.01,0.0018379661379977136,0.6514392959369281,0.9936739882054179,4.534268394325602e-30,-5.124735621367651e-07,helpful,0.0006044042065728117,-5.117943354671084e-07,S2,relation
IRMV1,S2-mean-+1-0.5,0.01,0.003624532299401007,0.0068823808338627415,0.9999331331402002,0.958581683706869,-1.385741720784979e-07,helpful,0.0008513519648253184,-1.379300491599622e-07,S2,mean
IRMV1,S2-variance-0.5,0.01,0.003601428009586209,0.16616756666673768,0.998385572717961,5.414739084440524e-30,-6.787306387518278e-07,helpful,0.0008479772349672331,-6.780769412628729e-07,S2,variance
IRMV1,S2-relation--1-1.0,0.01,0.011023806961001728,0.3230457933465263,0.9968624162947105,5.1797896921310764e-30,7.53454868772801e-07,harmful,0.0014825750594697458,7.540262688676691e-07,S2,relation
IRMV1,S2-mean--1-1.0,0.01,0.01629959349989912,0.024486904294164925,0.9997620936074457,0.8526372818392699,-5.542966883139897e-07,helpful,0.0018052377053587299,-5.536451690435484e-07,S2,mean
IRMV1,S2-relation-+1-1.0,0.01,0.006383985296335569,0.8209943051679331,0.9920277498945248,4.209516833801005e-30,-1.115444542773774e-06,helpful,0.001125498841781773,-1.1147261697042055e-06,S2,relation
IRMV1,S2-mean-+1-1.0,0.01,0.016299593499899127,0.024486904294165127,0.9997620936074462,0.8526372818392662,-5.542966883139932e-07,helpful,0.00180523770535873,-5.536452182264284e-07,S2,mean
IRMV1,S2-variance-1.0,0.01,0.014405712038344811,0.16616756666673765,0.9983855727179611,5.448423227697584e-30,-1.3574612775036544e-06,helpful,0.001695954469934465,-1.3567955647886265e-06,S2,variance
IRMV1,U-emergent-0.25,0.01,0.006397681385761115,-1.9274705288631195e-18,1.0,1.0,0.0,neutral,0.0011312543569691092,6.416822628807495e-10,U,emergent
IRMV1,U-emergent-0.5,0.01,0.02559072554304446,-1.9274705288631195e-18,1.0,1.0,0.0,neutral,0.0022625087139382183,6.416822628807495e-10,U,emergent
IRMV1,U-emergent-1.0,0.01,0.10236290217217783,-1.9274705288631195e-18,1.0,1.0,0.0,neutral,0.004525017427876437,6.416822628807495e-10,U,emergent
IRMV1,S1-relation--1-0.25,0.1,0.0006917238640540102,0.9655542471919096,0.925623829320573,1.6120897643007807e-30,1.437209646530822e-06,harmful,0.00035789182116174396,1.478998439496948e-06,S1,relation
IRMV1,S1-mean--1-0.25,0.1,0.0023513876484882934,0.004707872975857558,0.9996368686896046,0.9891193070949961,-1.0281321923118797e-06,helpful,0.0006853402244371249,-9.839466180716627e-07,S1,mean
IRMV1,S1-relation-+1-0.25,0.1,0.000607596385055951,1.2902186760300827,0.9006422671318555,1.3509378103040718e-30,-2.1086429149794124e-06,helpful,0.00033085310248220863,-2.0621374341445176e-06,S1,relation
IRMV1,S1-mean-+1-0.25,0.1,0.002351387648488293,0.004707872975857506,0.9996368686896046,0.9891193070949967,-1.0281321923118784e-06,helpful,0.0006853402244371247,-9.839143164658282e-07,S1,mean
IRMV1,S1-variance-0.25,0.1,0.002455110819924973,0.43268135742464636,0.9666260858967365,2.100667474336656e-30,-1.0071499026728598e-05,helpful,0.0006886329182238328,-1.0026584346123357e-05,S1,variance
IRMV1,S1-relation--1-0.5,0.1,0.0029678852251444803,0.8267438388769845,0.9363047055910181,1.7357589906687993e-30,2.202986024613075e-06,harmful,0.00074559684394233,2.242495874438255e-06,S1,relation
IRMV1,S1-mean--1-0.5,0.1,0.009712567316798997,0.018236223655405708,0.9985933894506897,0.9578529942589865,-4.112528769247494e-06,helpful,0.0013921445699521062,-4.068116180033776e-06,S1,mean
IRMV1,S1-relation-+1-0.5,0.1,0.002294865393160023,1.4737087167691745,0.8865234792851782,1.2198402900518295e-30,-4.888719098407375e-06,helpful,0.0006379125424678774,-4.83977587206752e-06,S1,relation
IRMV1,S1-mean-+1-0.5,0.1,0.009712567316799004,0.018236223655405916,0.9985933894506897,0.9578529942589871,-4.112528769247528e-06,helpful,0.0013921445699521065,-4.0680515766000624e-06,S1,mean
IRMV1,S1-variance-0.5,0.1,0.009820443279699921,0.4326813574246465,0.9666260858967364,2.106221120226652e-30,-2.0142998053457226e-05,helpful,0.0013772658364476678,-2.009728936225308e-05,S1,variance
IRMV1,S1-relation--1-1.0,0.1,0.013741337539464145,0.5956318687486916,0.9540877969879887,1.9273159838268845e-30,1.7202389754318831e-06,harmful,0.0016195027101957439,1.7553497411171293e-06,S1,relation
IRMV1,S1-mean--1-1.0,0.1,0.04376253683272921,0.06475695886984897,0.9950051160147632,0.8503356852366183,-1.645011507699002e-05,helpful,0.0029497613100257568,-1.6404762126387418e-05,S1,mean
IRMV1,S1-relation-+1-1.0,0.1,0.008357178883588494,1.867979284616106,0.8561860129349758,8.968311596373925e-31,-1.2463171270609056e-05,helpful,0.0011962153206926873,-1.2409193751672376e-05,S1,relation
IRMV1,S1-mean-+1-1.0,0.1,0.043762536832729265,0.06475695886984928,0.9950051160147633,0.8503356852366198,-1.645011507699009e-05,helpful,0.002949761310025758,-1.6404632919742035e-05,S1,mean
IRMV1,S1-variance-1.0,0.1,0.03928177311879963,0.4326813574246466,0.9666260858967363,2.076949175785209e-30,-4.0285996106914426e-05,helpful,0.0027545316728953334,-4.0238699394179456e-05,S1,variance
IRMV1,S2-relation--1-0.25,0.1,0.0005652361647570547,0.45902343615116686,0.9645954083566626,4.891860710841424e-30,1.5909823110619374e-06,harmful,0.00033035200816895364,1.6341004576148066e-06,S2,relation
IRMV1,S2-mean--1-0.25,0.1,0.0008779851951268903,0.0017757568527043664,0.9998624525886071,0.9893134569619969,-2.978002354694189e-07,helpful,0.0004188705247207349,-2.536841496869613e-07,S2,mean
IRMV1,S2-relation-+1-0.25,0.1,0.0004927389512466441,0.5798343639366993,0.9552997028620986,4.6606682457927444e-30,-1.785464097490956e-06,helpful,0.00030695953938814145,-1.7403374513724756e-06,S2,relation
IRMV1,S2-mean-+1-0.25,0.1,0.000877985195126891,0.0017757568527044713,0.9998624525886068,0.9893134569619952,-2.978002354694308e-07,helpful,0.0004188705247207349,-2.536644077011374e-07,S2,mean
IRMV1,S2-variance-0.25,0.1,0.0009003570023965495,0.16616756666673768,0.9871289142893114,5.4484232276975914e-30,-2.917226796435208e-06,helpful,0.0004214639027306038,-2.8730543361055183e-06,S2,variance
IRMV1,S2-relation--1-0.5,0.1,0.00241794384608098,0.40833071045031005,0.9684959214722436,5.0183592913835286e-30,2.9874828356948655e-06,harmful,0.0006846274917419439,3.0296019114528505e-06,S2,relation
IRMV1,S2-mean--1-0.5,0.1,0.0036245322994010055,0.006882380833862683,0.9994669013009988,0.9585816837068707,-1.1912009418777e-06,helpful,0.00085089558421687,-1.1470788662260034e-06,S2,mean
IRMV1,S2-relation-+1-0.5,0.1,0.0018379661379977136,0.6514392959369281,0.9497901150680831,4.534268394325602e-30,-3.7654099814109114e-06,helpful,0.0005911416738902996,-3.7192739067437586e-06,S2,relation
IRMV1,S2-mean-+1-0.5,0.1,0.003624532299401007,0.0068823808338627415,0.9994669013009988,0.958581683706869,-1.19120094187771e-06,helpful,0.0008508955842168701,-1.1470393822543556e-06,S2,mean
IRMV1,S2-variance-0.5,0.1,0.003601428009586209,0.16616756666673768,0.9871289142893115,5.414739084440524e-30,-5.834453592870427e-06,helpful,0.000842927805461209,-5.790229342217401e-06,S2,variance
IRMV1,S2-relation--1-1.0,0.1,0.011023806961001728,0.3230457933465263,0.97505810380042,5.1797896921310764e-30,5.197038525673673e-06,harmful,0.0014667265068916532,5.237169818261833e-06,S2,relation
IRMV1,S2-mean--1-1.0,0.1,0.01629959349989912,0.024486904294164925,0.998103281823993,0.8526372818392699,-4.764803767510823e-06,helpful,0.001803192959748527,-4.720637990729415e-06,S2,mean
IRMV1,S2-relation-+1-1.0,0.1,0.006383985296335569,0.8209943051679331,0.9367438309832598,4.209516833801005e-30,-8.308747108537883e-06,helpful,0.0010941462677842787,-8.26058181835343e-06,S2,relation
IRMV1,S2-mean-+1-1.0,0.1,0.016299593499899127,0.024486904294165127,0.9981032818239933,0.8526372818392662,-4.7648037675108535e-06,helpful,0.001803192959748527,-4.7205590224530525e-06,S2,mean
IRMV1,S2-variance-1.0,0.1,0.014405712038344811,0.16616756666673765,0.9871289142893114,5.448423227697584e-30,-1.1668907185740846e-05,helpful,0.0016858556109224166,-1.1624579354219122e-05,S2,variance
IRMV1,U-emergent-0.25,0.1,0.006397681385761115,-1.9274705288631195e-18,1.0,1.0,0.0,neutral,0.0011318669746346662,4.4120669895342246e-08,U,emergent
IRMV1,U-emergent-0.5,0.1,0.02559072554304446,-1.9274705288631195e-18,1.0,1.0,0.0,neutral,0.0022637339492693324,4.4120669895342246e-08,U,emergent
IRMV1,U-emergent-1.0,0.1,0.10236290217217783,-1.9274705288631195e-18,1.0,1.0,0.0,neutral,0.004527467898538665,4.4120669895342246e-08,U,emergent
IRMV1,S1-relation--1-0.25,1.0,0.0006917238640540102,0.9655542471919096,0.7563283388619572,1.6120897643007807e-30,-1.179161118888492e-05,helpful,0.00032375184865598863,-1.0526404905730757e-05,S1,relation
IRMV1,S1-mean--1-0.25,1.0,0.0023513876484882934,0.004707872975857558,0.9987961318837316,0.9891193070949961,-6.90077911782449e-06,helpful,0.0006833214441972347,-5.533004752811266e-06,S1,mean
IRMV1,S1-relation-+1-0.25,1.0,0.000607596385055951,1.2902186760300827,0.675276082022904,1.3509378103040718e-30,7.284979928264735e-06,harmful,0.00028678822574852676,8.777409623794696e-06,S1,relation
IRMV1,S1-mean-+1-0.25,1.0,0.002351387648488293,0.004707872975857506,0.9987961318837316,0.9891193070949967,-6.9007791178245e-06,helpful,0.0006833214441972346,-5.533055673412335e-06,S1,mean
IRMV1,S1-variance-0.25,1.0,0.002455110819924973,0.43268135742464636,0.8893574033584973,2.100667474336656e-30,-6.759946890930106e-05,helpful,0.0006588677044947686,-6.637628895478365e-05,S1,variance
IRMV1,S1-relation--1-0.5,1.0,0.0029678852251444803,0.8267438388769845,0.7909822388563073,1.7357589906687993e-30,-2.8089853638389835e-05,helpful,0.0006857001333576692,-2.695435954802594e-05,S1,relation
IRMV1,S1-mean--1-0.5,1.0,0.009712567316798997,0.018236223655405708,0.99533674584415,0.9578529942589865,-2.760311647129781e-05,helpful,0.0013863616864382517,-2.6284624385475297e-05,S1,mean
IRMV1,S1-relation-+1-0.5,1.0,0.002294865393160023,1.4737087167691745,0.6294678837219179,1.2198402900518295e-30,1.006332859590951e-05,harmful,0.0005381844370151107,1.1653269511580078e-05,S1,relation
IRMV1,S1-mean-+1-0.5,1.0,0.009712567316799004,0.018236223655405916,0.99533674584415,0.9578529942589871,-2.7603116471298063e-05,helpful,0.001386361686438252,-2.6284726226344368e-05,S1,mean
IRMV1,S1-variance-0.5,1.0,0.009820443279699921,0.4326813574246465,0.8893574033584974,2.106221120226652e-30,-0.00013519893781860232,helpful,0.001317735408989539,-0.00013413676272744368,S1,variance
IRMV1,S1-relation--1-1.0,1.0,0.013741337539464145,0.5956318687486916,0.8486791031158911,1.9273159838268845e-30,-7.420623231925978e-05,helpful,0.001527884969468817,-7.336236358679304e-05,S1,relation
IRMV1,S1-mean--1-1.0,1.0,0.04376253683272921,0.06475695886984897,0.9834407515900083,0.8503356852366183,-0.00011041246588519156,helpful,0.0029251615275214158,-0.00010929115383639942,S1,mean
IRMV1,S1-relation-+1-1.0,1.0,0.008357178883588494,1.867979284616106,0.5310383539314294,8.968311596373925e-31,2.100132149338639e-06,harmful,0.0009434484632438071,3.85289453275206e-06,S1,relation
IRMV1,S1-mean-+1-1.0,1.0,0.043762536832729265,0.06475695886984928,0.9834407515900083,0.8503356852366198,-0.00011041246588519206,helpful,0.0029251615275214166,-0.00010929135751847063,S1,mean
IRMV1,S1-variance-1.0,1.0,0.03928177311879963,0.4326813574246466,0.8893574033584973,2.076949175785209e-30,-0.0002703978756372045,helpful,0.0026354708179790764,-0.0002696577102725417,S1,variance
IRMV1,S2-relation--1-0.25,1.0,0.0005652361647570547,0.45902343615116686,0.8826592589723614,4.891860710841424e-30,-3.9900788684176094e-07,helpful,0.00031638030844249984,9.511071696888251e-07,S2,relation
IRMV1,S2-mean--1-0.25,1.0,0.0008779851951268903,0.0017757568527043664,0.9995271595360304,0.9893134569619969,-1.7233108222060797e-06,helpful,0.0004181127354867911,-3.4384982960933286e-07,S2,mean
IRMV1,S2-relation-+1-0.25,1.0,0.0004927389512466441,0.5798343639366993,0.8525049517366414,4.6606682457927444e-30,-7.264195888847275e-07,helpful,0.0002903855322802987,6.887398724675364e-07,S2,relation
IRMV1,S2-mean-+1-0.25,1.0,0.000877985195126891,0.0017757568527044713,0.9995271595360303,0.9893134569619952,-1.7233108222061648e-06,helpful,0.00041811273548679115,-3.4388097880366786e-07,S2,mean
IRMV1,S2-variance-0.25,1.0,0.0009003570023965495,0.16616756666673768,0.9557536555752174,5.4484232276975914e-30,-1.6881412135896882e-05,helpful,0.00041403099778864236,-1.5543654092398107e-05,S2,variance
IRMV1,S2-relation--1-0.5,1.0,0.00241794384608098,0.40833071045031005,0.8953121103552742,5.0183592913835286e-30,-1.923443249409922e-06,helpful,0.0006589515194109492,-6.104930726502644e-07,S2,relation
IRMV1,S2-mean--1-0.5,1.0,0.0036245322994010055,0.006882380833862683,0.9981673909117997,0.9585816837068707,-6.893243288824482e-06,helpful,0.0008489462143787741,-5.527984921260831e-06,S2,mean
IRMV1,S2-relation-+1-0.5,1.0,0.0018379661379977136,0.6514392959369281,0.8346324059082182,4.534268394325602e-30,-2.5782666534958417e-06,helpful,0.0005550091595949847,-1.1352276673148864e-06,S2,relation
IRMV1,S2-mean-+1-0.5,1.0,0.003624532299401007,0.0068823808338627415,0.9981673909117996,0.958581683706869,-6.893243288824569e-06,helpful,0.0008489462143787741,-5.528047219538479e-06,S2,mean
IRMV1,S2-variance-0.5,1.0,0.003601428009586209,0.16616756666673768,0.9557536555752175,5.414739084440524e-30,-3.376282427179381e-05,helpful,0.000828061995577286,-3.24714930026726e-05,S2,variance
IRMV1,S2-relation--1-1.0,1.0,0.011023806961001728,0.3230457933465263,0.9165991180873735,5.1797896921310764e-30,-8.348596401725717e-06,helpful,0.0014233068013572133,-7.119261339449956e-06,S2,relation
IRMV1,S2-mean--1-1.0,1.0,0.01629959349989912,0.024486904294164925,0.993479738416888,0.8526372818392699,-2.7572973155298098e-05,helpful,0.0017960581519764882,-2.6264556437394226e-05,S2,mean
IRMV1,S2-relation-+1-1.0,1.0,0.006383985296335569,0.8209943051679331,0.7923115485180446,4.209516833801005e-30,-9.658243209897569e-06,helpful,0.0010081402428195971,-8.168730528557155e-06,S2,relation
IRMV1,S2-mean-+1-1.0,1.0,0.016299593499899127,0.024486904294165127,0.9934797384168884,0.8526372818392662,-2.757297315529833e-05,helpful,0.0017960581519764886,-2.62646810338385e-05,S2,mean
IRMV1,S2-variance-1.0,1.0,0.014405712038344811,0.16616756666673765,0.9557536555752176,5.448423227697584e-30,-6.752564854358758e-05,helpful,0.0016561239911545708,-6.632717082333262e-05,S2,variance
IRMV1,U-emergent-0.25,1.0,0.006397681385761115,-1.9274705288631195e-18,1.0,1.0,0.0,neutral,0.0011334405070940348,1.3841848178763883e-06,U,emergent
IRMV1,U-emergent-0.5,1.0,0.02559072554304446,-1.9274705288631195e-18,1.0,1.0,0.0,neutral,0.0022668810141880697,1.3841848178763883e-06,U,emergent
IRMV1,U-emergent-1.0,1.0,0.10236290217217783,-1.9274705288631195e-18,1.0,1.0,0.0,neutral,0.004533762028376139,1.3841848178763883e-06,U,emergent
VREX,S1-relation--1-0.25,0.0,0.0006917238640540102,0.0016691157868385254,1.0,,0.0,neutral,0.00037194727154638734,0.0,S1,relation
VREX,S1-mean--1-0.25,0.0,0.0023513876484882934,-8.919297477307422e-07,1.0,,0.0,neutral,0.0006857678395037626,0.0,S1,mean
VREX,S1-relation-+1-0.25,0.0,0.000607596385055951,0.0015865460207313785,1.0,,0.0,neutral,0.0003485961517446659,0.0,S1,relation
VREX,S1-mean-+1-0.25,0.0,0.002351387648488293,-8.919297477307255e-07,1.0,,0.0,neutral,0.0006857678395037625,0.0,S1,mean
VREX,S1-variance-0.25,0.0,0.002455110819924973,-8.197361652186248e-05,1.0,,0.0,neutral,0.0007007297367637506,0.0,S1,variance
VREX,S1-relation--1-0.5,0.0,0.0029678852251444803,0.0016836098117065266,1.0,,0.0,neutral,0.0007704395141923185,0.0,S1,relation
VREX,S1-mean--1-0.5,0.0,0.009712567316798997,-3.4549424862008945e-06,1.0,,0.0,neutral,0.0013937408164216897,0.0,S1,mean
VREX,S1-relation-+1-0.5,0.0,0.002294865393160023,0.001512968881655173,1.0,,0.0,neutral,0.0006774755188433041,0.0,S1,relation
VREX,S1-mean-+1-0.5,0.0,0.009712567316799004,-3.454942486201064e-06,1.0,,0.0,neutral,0.0013937408164216899,0.0,S1,mean
VREX,S1-variance-0.5,0.0,0.009820443279699921,-8.197361652186245e-05,1.0,,0.0,neutral,0.0014014594735275035,0.0,S1,variance
VREX,S1-relation--1-1.0,0.0,0.013741337539464145,0.0016733094530359395,1.0,,0.0,neutral,0.0016577899468547964,0.0,S1,relation
VREX,S1-mean--1-1.0,0.0,0.04376253683272921,-1.2268525145458188e-05,1.0,,0.0,neutral,0.0029584636834928085,0.0,S1,mean
VREX,S1-relation-+1-1.0,0.0,0.008357178883588494,0.001291811996782161,1.0,,0.0,neutral,0.0012928401976724335,0.0,S1,relation
VREX,S1-mean-+1-1.0,0.0,0.043762536832729265,-1.2268525145458587e-05,1.0,,0.0,neutral,0.0029584636834928102,0.0,S1,mean
VREX,S1-variance-1.0,0.0,0.03928177311879963,-8.19736165218624e-05,1.0,,0.0,neutral,0.0028029189470550045,0.0,S1,variance
VREX,S2-relation--1-0.25,0.0,0.0005652361647570547,0.0011018120393684408,1.0,,0.0,neutral,0.000336224973717615,0.0,S2,relation
VREX,S2-mean--1-0.25,0.0,0.0008779851951268903,8.06596299801724e-06,1.0,,0.0,neutral,0.0004190430037900382,0.0,S2,mean
VREX,S2-relation-+1-0.25,0.0,0.0004927389512466441,0.001073181187729852,1.0,,0.0,neutral,0.0003139232234947405,0.0,S2,relation
VREX,S2-mean-+1-0.25,0.0,0.000877985195126891,8.065962998017236e-06,1.0,,0.0,neutral,0.0004190430037900382,0.0,S2,mean
VREX,S2-variance-0.25,0.0,0.0009003570023965495,0.0007547775711356552,1.0,,0.0,neutral,0.00042434820664085515,0.0,S2,variance
VREX,S2-relation--1-0.5,0.0,0.00241794384608098,0.0011117580958678165,1.0,,0.0,neutral,0.0006954054710858954,0.0,S2,relation
VREX,S2-mean--1-0.5,0.0,0.0036245322994010055,3.1261616172214784e-05,1.0,,0.0,neutral,0.0008514143878747884,0.0,S2,mean
VREX,S2-relation-+1-0.5,0.0,0.0018379661379977136,0.0010534916277264287,1.0,,0.0,neutral,0.0006062946706013031,0.0,S2,relation
VREX,S2-mean-+1-0.5,0.0,0.003624532299401007,3.12616161722145e-05,1.0,,0.0,neutral,0.0008514143878747884,0.0,S2,mean
VREX,S2-variance-0.5,0.0,0.003601428009586209,0.0007547775711356554,1.0,,0.0,neutral,0.0008486964132817115,0.0,S2,variance
VREX,S2-relation--1-1.0,0.0,0.011023806961001728,0.0011249673386272807,1.0,,0.0,neutral,0.0014848438948927747,0.0,S2,relation
VREX,S2-mean--1-1.0,0.0,0.01629959349989912,0.00011122607448926752,1.0,,0.0,neutral,0.0018055244944280933,0.0,S2,mean
VREX,S2-relation-+1-1.0,0.0,0.006383985296335569,0.0010003671405152724,1.0,,0.0,neutral,0.0011299544500850969,0.0,S2,relation
VREX,S2-mean-+1-1.0,0.0,0.016299593499899127,0.00011122607448926742,1.0,,0.0,neutral,0.0018055244944280935,0.0,S2,mean
VREX,S2-variance-1.0,0.0,0.014405712038344811,0.0007547775711356554,1.0,,0.0,neutral,0.0016973928265634217,0.0,S2,variance
VREX,U-emergent-0.25,0.0,0.006397681385761115,-4.4813689796067515e-17,1.0,,0.0,neutral,0.0011311658928522476,0.0,U,emergent
VREX,U-emergent-0.5,0.0,0.02559072554304446,-4.4813689796067515e-17,1.0,,0.0,neutral,0.002262331785704495,0.0,U,emergent
VREX,U-emergent-1.0,0.0,0.10236290217217783,-4.4813689796067515e-17,1.0,,0.0,neutral,0.00452466357140899,0.0,U,emergent
VREX,S1-relation--1-0.25,1e-05,0.0006917238640540102,0.0016691157868385254,0.9999999833088423,,-1.3307600314694328e-10,helpful,0.0003719472661395645,-1.4870871201111413e-10,S1,relation
VREX,S1-mean--1-0.25,1e-05,0.0023513876484882934,-8.919297477307422e-07,1.0000000000089195,,-6.322278435128169e-12,helpful,0.0006857678376426839,1.972499941160777e-11,S1,mean
VREX,S1-relation-+1-0.25,1e-05,0.000607596385055951,0.0015865460207313785,0.9999999841345402,,1.2894716825053297e-10,harmful,0.0003485961469700506,1.4577505869084462e-10,S1,relation
VREX,S1-mean-+1-0.25,1e-05,0.002351387648488293,-8.919297477307255e-07,1.0000000000089193,,-6.322278435128234e-12,helpful,0.0006857678376426837,-2.8709479238386848e-11,S1,mean
VREX,S1-variance-0.25,1e-05,0.002455110819924973,-8.197361652186248e-05,1.0000000008197365,,-6.193252344615362e-11,helpful,0.0007007297351461492,-4.400646513857964e-11,S1,variance
VREX,S1-relation--1-0.5,1e-05,0.0029678852251444803,0.0016836098117065266,0.9999999831639022,,-2.7028084119029655e-10,helpful,0.0007704395028317821,-3.003515214317076e-10,S1,relation
VREX,S1-mean--1-0.5,1e-05,0.009712567316798997,-3.4549424862008945e-06,1.0000000000345495,,-2.528911374051257e-11,helpful,0.0013937408126571318,3.046529695183153e-11,S1,mean
VREX,S1-relation-+1-0.5,1e-05,0.002294865393160023,0.001512968881655173,0.9999999848703112,,2.537655016046556e-10,harmful,0.0006774755100171809,2.886167971283271e-10,S1,relation
VREX,S1-mean-+1-0.5,1e-05,0.009712567316799004,-3.454942486201064e-06,1.0000000000345495,,-2.5289113740512902e-11,helpful,0.0013937408126571318,-6.64036603481577e-11,S1,mean
VREX,S1-variance-0.5,1e-05,0.009820443279699921,-8.197361652186245e-05,1.0000000008197363,,-1.2386504689230742e-10,helpful,0.0014014594702923006,-8.801293027715928e-11,S1,variance
VREX,S1-relation--1-1.0,1e-05,0.013741337539464145,0.0016733094530359395,0.9999999832669056,,-5.570770219662339e-10,helpful,0.0016577899222446298,-6.124383222783081e-10,S1,relation
VREX,S1-mean--1-1.0,1e-05,0.04376253683272921,-1.2268525145458188e-05,1.0000000001226852,,-1.0115645496205065e-10,helpful,0.002958463675632235,2.499178641812705e-11,S1,mean
VREX,S1-relation-+1-1.0,1e-05,0.008357178883588494,0.001291811996782161,0.9999999870818804,,4.9101566362367e-10,harmful,0.001292840183275066,5.654985368863663e-10,S1,relation
VREX,S1-mean-+1-1.0,1e-05,0.043762536832729265,-1.2268525145458587e-05,1.0000000001226854,,-1.011564549620513e-10,helpful,0.002958463675632237,-1.6874612818185142e-10,S1,mean
VREX,S1-variance-1.0,1e-05,0.03928177311879963,-8.19736165218624e-05,1.0000000008197365,,-2.477300937846146e-10,helpful,0.0028029189405845987,-1.7602563850971364e-10,S1,variance
VREX,S2-relation--1-0.25,1e-05,0.0005652361647570547,0.0011018120393684408,0.9999999889818799,,-6.343128759385471e-11,helpful,0.00033622496931954936,-7.833522719380426e-11,S2,relation
VREX,S2-mean--1-0.25,1e-05,0.0008779851951268903,8.06596299801724e-06,0.9999999999193404,,8.310814122273702e-15,neutral,0.00041904300377714767,1.478217548367411e-11,S2,mean
VREX,S2-relation-+1-0.25,1e-05,0.0004927389512466441,0.001073181187729852,0.9999999892681881,,6.343671506430188e-11,harmful,0.0003139232193687933,7.832423598586047e-11,S2,relation
VREX,S2-mean-+1-0.25,1e-05,0.000877985195126891,8.065962998017236e-06,0.9999999999193404,,8.31081412218747e-15,neutral,0.0004190430037771477,-1.4816925464344877e-11,S2,mean
VREX,S2-variance-0.25,1e-05,0.0009003570023965495,0.0007547775711356552,0.9999999924522244,,8.14120567074195e-14,neutral,0.0004243482050434728,-1.7041923427996153e-13,S2,variance
VREX,S2-relation--1-0.5,1e-05,0.00241794384608098,0.0011117580958678165,0.9999999888824191,,-1.268571477172621e-10,helpful,0.0006954054620393549,-1.5668188968476215e-10,S2,relation
VREX,S2-mean--1-0.5,1e-05,0.0036245322994010055,3.1261616172214784e-05,0.9999999996873838,,3.3243256488949406e-14,neutral,0.0008514143877498517,2.952960098667745e-11,S2,mean
VREX,S2-relation-+1-0.5,1e-05,0.0018379661379977136,0.0010534916277264287,0.9999999894650837,,1.2687885759905078e-10,harmful,0.0006062946626465196,1.5663648156305499e-10,S2,relation
VREX,S2-mean-+1-0.5,1e-05,0.003624532299401007,3.12616161722145e-05,0.9999999996873838,,3.3243256488812485e-14,neutral,0.0008514143877498517,-2.9668711931662983e-11,S2,mean
VREX,S2-variance-0.5,1e-05,0.003601428009586209,0.0007547775711356554,0.9999999924522244,,1.6282411341485434e-13,neutral,0.0008486964100869471,-3.410605131648481e-13,S2,variance
VREX,S2-relation--1-1.0,1e-05,0.011023806961001728,0.0011249673386272807,0.9999999887503266,,-2.5369258555273554e-10,helpful,0.001484843875870705,-3.1340952055813887e-10,S2,relation
VREX,S2-mean--1-1.0,1e-05,0.01629959349989912,0.00011122607448926752,0.999999998887739,,1.3297302595562314e-13,neutral,0.0018055244934412616,5.891953591685706e-11,S2,mean
VREX,S2-relation-+1-1.0,1e-05,0.006383985296335569,0.0010003671405152724,0.9999999899963287,,2.537794250798901e-10,harmful,0.0011299544354825288,3.132275550044028e-10,S2,relation
VREX,S2-mean-+1-1.0,1e-05,0.016299593499899127,0.00011122607448926742,0.9999999988877393,,1.3297302595535334e-13,neutral,0.0018055244934412618,-5.947675685291642e-11,S2,mean
VREX,S2-variance-1.0,1e-05,0.014405712038344811,0.0007547775711356554,0.9999999924522244,,3.256482268296974e-13,neutral,0.0016973928201738926,-6.821210263296962e-13,S2,variance
VREX,U-emergent-0.25,1e-05,0.006397681385761115,-4.4813689796067515e-17,1.0,,0.0,neutral,0.0011311658810707968,1.1102230246251565e-16,U,emergent
VREX,U-emergent-0.5,1e-05,0.02559072554304446,-4.4813689796067515e-17,1.0,,0.0,neutral,0.0022623317621415936,1.1102230246251565e-16,U,emergent
VREX,U-emergent-1.0,1e-05,0.10236290217217783,-4.4813689796067515e-17,1.0,,0.0,neutral,0.004524663524283187,1.1102230246251565e-16,U,emergent
VREX,S1-relation--1-0.25,0.0001,0.0006917238640540102,0.0016691157868385254,0.9999998330884503,,-1.3307598246750342e-09,helpful,0.00037194721747816977,-1.341095123841285e-09,S1,relation
VREX,S1-mean--1-0.25,0.0001,0.0023513876484882934,-8.919297477307422e-07,1.0000000000891933,,-6.322275969184579e-11,helpful,0.0006857678208929829,-2.688210765100507e-10,S1,mean
VREX,S1-relation-+1-0.25,0.0001,0.000607596385055951,0.0015865460207313785,0.9999998413454274,,1.289471491815052e-09,harmful,0.0003485961039985239,1.2962877438127407e-09,S1,relation
VREX,S1-mean-+1-0.25,0.0001,0.002351387648488293,-8.919297477307255e-07,1.0000000000891935,,-6.322275969184639e-11,helpful,0.0006857678208929829,1.3159162648435085e-10,S1,mean
VREX,S1-variance-0.25,0.0001,0.002455110819924973,-8.197361652186248e-05,1.0000000081973845,,-6.193249928997148e-10,helpful,0.0007007297205877513,-6.721576628621051e-10,S1,variance
VREX,S1-relation--1-0.5,0.0001,0.0029678852251444803,0.0016836098117065266,0.9999998316390478,,-2.7028079822100465e-09,helpful,0.000770439400586974,-2.727002623714725e-09,S1,relation
VREX,S1-mean--1-0.5,0.0001,0.009712567316798997,-3.4549424862008945e-06,1.0000000003454952,,-2.528910387673821e-10,helpful,0.0013937407787761235,-6.748763770048072e-10,S1,mean
VREX,S1-relation-+1-0.5,0.0001,0.002294865393160023,0.001512968881655173,0.999999848703141,,2.5376546507701217e-09,harmful,0.0006774754305820934,2.547763777727141e-09,S1,relation
VREX,S1-mean-+1-0.5,0.0001,0.009712567316799004,-3.454942486201064e-06,1.0000000003454954,,-2.5289103876738526e-10,helpful,0.0013937407787761235,1.259494730732058e-10,S1,mean
VREX,S1-variance-0.5,0.0001,0.009820443279699921,-8.197361652186245e-05,1.0000000081973843,,-1.2386499857994315e-09,helpful,0.0014014594411755048,-1.3443166579918397e-09,S1,variance
VREX,S1-relation--1-1.0,0.0001,0.013741337539464145,0.0016733094530359395,0.9999998326690831,,-5.570769295860015e-09,helpful,0.001657789700753175,-5.633249422487552e-09,S1,relation
VREX,S1-mean--1-1.0,0.0001,0.04376253683272921,-1.2268525145458188e-05,1.000000001226856,,-1.011564155069532e-09,helpful,0.0029584636048871115,-1.8986842098556167e-09,S1,mean
VREX,S1-relation-+1-1.0,0.0001,0.008357178883588494,0.001291811996782161,0.9999998708188298,,4.910155970100318e-09,harmful,0.0012928400536988025,4.916283602440785e-09,S1,relation
VREX,S1-mean-+1-1.0,0.0001,0.043762536832729265,-1.2268525145458587e-05,1.000000001226856,,-1.0115641550695386e-09,helpful,0.0029584636048871123,-2.970325096995907e-10,S1,mean
VREX,S1-variance-1.0,0.0001,0.03928177311879963,-8.19736165218624e-05,1.0000000081973843,,-2.4772999715988613e-09,helpful,0.002802918882351007,-2.6886347592736115e-09,S1,variance
VREX,S2-relation--1-0.25,0.0001,0.0005652361647570547,0.0011018120393684408,0.9999998898188096,,-6.34312805066984e-10,helpful,0.00033622492973696443,-6.392559814827337e-10,S2,relation
VREX,S2-mean--1-0.25,0.0001,0.0008779851951268903,8.06596299801724e-06,0.999999999193404,,8.311005422078123e-14,neutral,0.00041904300366113397,-1.2414935746107858e-10,S2,mean
VREX,S2-relation-+1-0.25,0.0001,0.0004927389512466441,0.001073181187729852,0.9999998926818952,,6.343670810207603e-10,harmful,0.00031392318223527453,6.380833639241246e-10,S2,relation
VREX,S2-mean-+1-0.25,0.0001,0.000877985195126891,8.065962998017236e-06,0.9999999991934037,,8.311005421993466e-14,neutral,0.0004190430036611341,1.205497923706389e-10,S2,mean
VREX,S2-variance-0.25,0.0001,0.0009003570023965495,0.0007547775711356552,0.9999999245222573,,8.141393066470206e-13,neutral,0.0004243481906670352,-1.76442194188553e-11,S2,variance
VREX,S2-relation--1-0.5,0.0001,0.00241794384608098,0.0011117580958678165,0.9999998888242039,,-1.2685713341801897e-09,helpful,0.0006954053806205027,-1.2796906867507118e-09,S2,relation
VREX,S2-mean--1-0.5,0.0001,0.0036245322994010055,3.1261616172214784e-05,0.999999996873839,,3.3244021688167735e-13,neutral,0.0008514143866254245,-2.519028319269978e-10,S2,mean
VREX,S2-relation-+1-0.5,0.0001,0.0018379661379977136,0.0010534916277264287,0.9999998946508514,,1.268788437995296e-09,harmful,0.0006062945910534808,1.274988337129912e-09,S2,relation
VREX,S2-mean-+1-0.5,0.0001,0.003624532299401007,3.12616161722145e-05,0.9999999968738392,,3.324402168803655e-13,neutral,0.0008514143866254246,2.3749513466952976e-10,S2,mean
VREX,S2-variance-0.5,0.0001,0.003601428009586209,0.0007547775711356554,0.9999999245222574,,1.6282786132940978e-12,harmful,0.0008486963813340717,-3.5289993149945076e-11,S2,variance
VREX,S2-relation--1-1.0,0.0001,0.011023806961001728,0.0011249673386272807,0.9999998875032793,,-2.536925564545274e-09,helpful,0.0014848437046721024,-2.5640882750366245e-09,S2,relation
VREX,S2-mean--1-1.0,0.0001,0.01629959349989912,0.00011122607448926752,0.9999999888773947,,1.3297608675251067e-12,harmful,0.001805524484559782,-5.182179130258646e-10,S2,mean
VREX,S2-relation-+1-1.0,0.0001,0.006383985296335569,0.0010003671405152724,0.9999998999633009,,2.537793979805697e-09,harmful,0.0011299543040594426,2.5452695506800183e-09,S2,relation
VREX,S2-mean-+1-1.0,0.0001,0.016299593499899127,0.00011122607448926742,0.9999999888773949,,1.3297608675223796e-12,harmful,0.0018055244845597822,4.60578131189493e-10,S2,mean
VREX,S2-variance-1.0,0.0001,0.014405712038344811,0.0007547775711356554,0.9999999245222575,,3.25655722658817e-12,harmful,0.001697392762668142,-7.058154061212463e-11,S2,variance
VREX,U-emergent-0.25,0.0001,0.006397681385761115,-4.4813689796067515e-17,1.0,,0.0,neutral,0.001131165775037751,1.5543122344752192e-15,U,emergent
VREX,U-emergent-0.5,0.0001,0.02559072554304446,-4.4813689796067515e-17,1.0,,0.0,neutral,0.002262331550075502,1.5543122344752192e-15,U,emergent
VREX,U-emergent-1.0,0.0001,0.10236290217217783,-4.4813689796067515e-17,1.0,,0.0,neutral,0.004524663100151004,1.5543122344752192e-15,U,emergent
VREX,S1-relation--1-0.25,0.001,0.0006917238640540102,0.0016691157868385254,0.9999983308871236,,-1.330757756734835e-08,helpful,0.0003719467308652137,-1.330732946058788e-08,S1,relation
VREX,S1-mean--1-0.25,0.001,0.0023513876484882934,-8.919297477307422e-07,1.0000000008919545,,-6.32225130977407e-10,helpful,0.0006857676533967019,-6.111139372322327e-10,S1,mean
VREX,S1-relation-+1-0.25,0.001,0.000607596385055951,0.0015865460207313785,0.999998413456915,,1.2894695849159014e-08,harmful,0.0003485956742842591,1.2894167955579405e-08,S1,relation
VREX,S1-mean-+1-0.25,0.001,0.002351387648488293,-8.919297477307255e-07,1.0000000008919545,,-6.32225130977413e-10,helpful,0.0006857676533967016,-6.549095710184361e-10,S1,mean
VREX,S1-variance-0.25,0.001,0.002455110819924973,-8.197361652186248e-05,1.0000000819758945,,-6.1932257728399155e-09,helpful,0.0007007295750052118,-6.2024595459675425e-09,S1,variance
VREX,S1-relation--1-0.5,0.001,0.0029678852251444803,0.0016836098117065266,0.9999983163930818,,-2.7028036852886e-08,helpful,0.0007704383781408788,-2.7028341675894296e-08,S1,relation
VREX,S1-mean--1-0.5,0.001,0.009712567316798997,-3.4549424862008945e-06,1.0000000034550385,,-2.5289005239096167e-09,helpful,0.0013937404399675649,-2.4887727434474982e-09,S1,mean
VREX,S1-relation-+1-0.5,0.001,0.002294865393160023,0.001512968881655173,0.9999984870340595,,2.5376509980128685e-08,harmful,0.0006774746362332479,2.5374653711551787e-08,S1,relation
VREX,S1-mean-+1-0.5,0.001,0.009712567316799004,-3.454942486201064e-06,1.0000000034550385,,-2.5289005239096494e-09,helpful,0.0013937404399675653,-2.576363566930695e-09,S1,mean
VREX,S1-variance-0.5,0.001,0.009820443279699921,-8.197361652186245e-05,1.0000000819758945,,-1.2386451545679849e-08,helpful,0.0014014591500104256,-1.2405092730816136e-08,S1,variance
VREX,S1-relation--1-1.0,0.001,0.013741337539464145,0.0016733094530359395,0.9999983266934009,,-5.570760057852929e-08,helpful,0.0016577874858426703,-5.5710892565841164e-08,S1,relation
VREX,S1-mean--1-1.0,0.001,0.04376253683272921,-1.2268525145458188e-05,1.000000012268866,,-1.0115602095638503e-08,helpful,0.002958462897439418,-1.0043202935960949e-08,S1,mean
VREX,S1-relation-+1-1.0,0.001,0.008357178883588494,0.001291811996782161,0.999998708190937,,4.910149308750005e-08,harmful,0.0012928387579403534,4.909509843109561e-08,S1,relation
VREX,S1-mean-+1-1.0,0.001,0.043762536832729265,-1.2268525145458587e-05,1.0000000122688661,,-1.0115602095638568e-08,helpful,0.002958462897439419,-1.0218384804971947e-08,S1,mean
VREX,S1-variance-1.0,0.001,0.03928177311879963,-8.19736165218624e-05,1.0000000819758943,,-2.477290309135968e-08,helpful,0.002802918300020849,-2.4810359100513324e-08,S1,variance
VREX,S2-relation--1-0.25,0.001,0.0005652361647570547,0.0011018120393684408,0.9999988981893223,,-6.343120963525605e-09,helpful,0.00033622453391172905,-6.358344517565229e-09,S2,relation
VREX,S2-mean--1-0.25,0.001,0.0008779851951268903,8.06596299801724e-06,0.9999999919340525,,8.312918425465659e-13,neutral,0.0004190430025010918,1.1915912700999343e-11,S2,mean
VREX,S2-relation-+1-0.25,0.001,0.0004927389512466441,0.001073181187729852,0.999998926820212,,6.343663847994201e-09,harmful,0.0003139228109007063,6.3576209852200805e-09,S2,relation
VREX,S2-mean-+1-0.25,0.001,0.000877985195126891,8.065962998017236e-06,0.9999999919340525,,8.312918425380615e-13,neutral,0.0004190430025010918,-1.4848233753639306e-11,S2,mean
VREX,S2-variance-0.25,0.001,0.0009003570023965495,0.0007547775711356552,0.9999992452238864,,8.14326702897212e-12,harmful,0.000424348046903,-1.5890178062250016e-11,S2,variance
VREX,S2-relation--1-0.5,0.001,0.00241794384608098,0.0011117580958678165,0.9999988882432505,,-1.268569904258259e-08,helpful,0.0006954045664332081,-1.271793392820797e-08,S2,relation
VREX,S2-mean--1-0.5,0.001,0.0036245322994010055,3.1261616172214784e-05,0.9999999687384442,,3.3251673701718915e-12,harmful,0.0008514143753813609,2.0378476683902136e-11,S2,mean
VREX,S2-relation-+1-0.5,0.001,0.0018379661379977136,0.0010534916277264287,0.999998946509796,,1.2687870580456985e-08,harmful,0.0006062938751243416,1.2713997410429556e-08,S2,relation
VREX,S2-mean-+1-0.5,0.001,0.003624532299401007,3.12616161722145e-05,0.9999999687384442,,3.3251673701585015e-12,harmful,0.000851414375381361,-3.3149927247677624e-11,S2,mean
VREX,S2-variance-0.5,0.001,0.003601428009586209,0.0007547775711356554,0.9999992452238864,,1.628653405794499e-11,harmful,0.0008486960938060013,-3.1953995005551405e-11,S2,variance
VREX,S2-relation--1-1.0,0.001,0.011023806961001728,0.0011249673386272807,0.9999988750339842,,-2.53692265472908e-08,helpful,0.0014848419926885325,-2.5440325068792902e-08,S2,relation
VREX,S2-mean--1-1.0,0.001,0.01629959349989912,0.00011122607448926752,0.99999988877414,,1.3300669480670919e-11,harmful,0.0018055243957455515,2.7464253093967272e-11,S2,mean
VREX,S2-relation-+1-1.0,0.001,0.006383985296335569,0.0010003671405152724,0.9999989996343429,,2.537791269878836e-08,harmful,0.0011299529898311294,2.542353716439294e-08,S2,relation
VREX,S2-mean-+1-1.0,0.001,0.016299593499899127,0.00011122607448926742,0.9999998887741405,,1.3300669480644242e-11,harmful,0.0018055243957455518,-7.95921106799824e-11,S2,mean
VREX,S2-variance-1.0,0.001,0.014405712038344811,0.0007547775711356554,0.9999992452238865,,3.2573068115888686e-11,harmful,0.0016973921876120015,-6.408173991445665e-11,S2,variance
VREX,U-emergent-0.25,0.001,0.006397681385761115,-4.4813689796067515e-17,1.0,,0.0,neutral,0.0011311647147083364,1.7363888105137448e-13,U,emergent
VREX,U-emergent-0.5,0.001,0.02559072554304446,-4.4813689796067515e-17,1.0,,0.0,neutral,0.0022623294294166728,1.7363888105137448e-13,U,emergent
VREX,U-emergent-1.0,0.001,0.10236290217217783,-4.4813689796067515e-17,1.0,,0.0,neutral,0.0045246588588333456,1.7363888105137448e-13,U,emergent
VREX,S1-relation--1-0.25,0.01,0.0006917238640540102,0.0016691157868385254,0.9999833091331882,,-1.330737077711466e-07,helpful,0.0003719418648348169,-1.3306324309070305e-07,S1,relation
VREX,S1-mean--1-0.25,0.01,0.0023513876484882934,-8.919297477307422e-07,1.0000000089217762,,-6.322004718207374e-09,helpful,0.0006857659785066186,-6.337501967657033e-09,S1,mean
VREX,S1-relation-+1-0.25,0.01,0.000607596385055951,0.0015865460207313785,0.9999841348333449,,1.289450516286437e-07,harmful,0.0003485913772418867,1.2896832479736275e-07,S1,relation
VREX,S1-mean-+1-0.25,0.01,0.002351387648488293,-8.919297477307255e-07,1.0000000089217758,,-6.3220047182074366e-09,helpful,0.0006857659785066185,-6.274755937063503e-09,S1,mean
VREX,S1-variance-0.25,0.01,0.002455110819924973,-8.197361652186248e-05,1.0000008199639565,,-6.192984213754172e-08,helpful,0.0007007281193237297,-6.192693624562651e-08,S1,variance
VREX,S1-relation--1-0.5,0.01,0.0029678852251444803,0.0016836098117065266,0.9999831641912201,,-2.702760716847957e-07,helpful,0.0007704281538786257,-2.7027345617103293e-07,S1,relation
VREX,S1-mean--1-0.5,0.01,0.009712567316798997,-3.4549424862008945e-06,1.0000000345590254,,-2.5288018872829392e-08,helpful,0.0013937370520341742,-2.533931275916501e-08,S1,mean
VREX,S1-relation-+1-0.5,0.01,0.002294865393160023,0.001512968881655173,0.9999848706053018,,2.5376144711478453e-07,harmful,0.0006774666929477665,2.537896806042994e-07,S1,relation
VREX,S1-mean-+1-0.5,0.01,0.009712567316799004,-3.454942486201064e-06,1.0000000345590254,,-2.5288018872829707e-08,helpful,0.0013937370520341746,-2.521382058695565e-08,S1,mean
VREX,S1-variance-0.5,0.01,0.009820443279699921,-8.197361652186245e-05,1.0000008199639563,,-1.2385968427508363e-07,helpful,0.0014014562386474615,-1.2387122305668186e-07,S1,variance
VREX,S1-relation--1-1.0,0.01,0.013741337539464145,0.0016733094530359395,0.9999832671908637,,-5.570667679396024e-07,helpful,0.0016577653371423833,-5.570827394940636e-07,S1,relation
VREX,S1-mean--1-1.0,0.01,0.04376253683272921,-1.2268525145458188e-05,1.0000001227193438,,-1.0115207549131791e-07,helpful,0.0029584558233175058,-1.01283810116648e-07,S1,mean
VREX,S1-relation-+1-1.0,0.01,0.008357178883588494,0.001291811996782161,0.9999870821733903,,4.91008269659558e-07,harmful,0.0012928258007747415,4.910435349447795e-07,S1,relation
VREX,S1-mean-+1-1.0,0.01,0.043762536832729265,-1.2268525145458587e-05,1.0000001227193438,,-1.0115207549131854e-07,helpful,0.0029584558233175075,-1.0103282566120697e-07,S1,mean
VREX,S1-variance-1.0,0.01,0.03928177311879963,-8.19736165218624e-05,1.0000008199639565,,-2.4771936855016704e-07,helpful,0.0028029124772949213,-2.4775979612368104e-07,S1,variance
VREX,S2-relation--1-0.25,0.01,0.0005652361647570547,0.0011018120393684408,0.999988982015757,,-6.343050093288764e-08,helpful,0.0003362205757207579,-6.339784142106453e-08,S2,relation
VREX,S2-mean--1-0.25,0.01,0.0008779851951268903,8.06596299801724e-06,0.9999999193419274,,8.332048993478714e-12,harmful,0.000419042990910097,8.62132587542419e-12,S2,mean
VREX,S2-relation-+1-0.25,0.01,0.0004927389512466441,0.001073181187729852,0.9999892683281012,,6.343594227100577e-08,harmful,0.00031391909761694124,6.343936276298479e-08,S2,relation
VREX,S2-mean-+1-0.25,0.01,0.000877985195126891,8.065962998017236e-06,0.9999999193419274,,8.332048993394134e-12,harmful,0.00041904299091009704,4.69666527891377e-11,S2,mean
VREX,S2-variance-0.25,0.01,0.0009003570023965495,0.0007547775711356552,0.9999924523700322,,8.16200717722973e-11,harmful,0.00042434660929674726,1.1965517465739595e-10,S2,variance
VREX,S2-relation--1-0.5,0.01,0.00241794384608098,0.0011117580958678165,0.9999888825536796,,-1.2685556052765698e-07,helpful,0.0006953964246828354,-1.2680621297445072e-07,S2,relation
VREX,S2-mean--1-0.5,0.01,0.0036245322994010055,3.1261616172214784e-05,0.9999996873898748,,3.332819597377175e-11,harmful,0.0008514142629615692,2.0779600262699205e-11,S2,mean
VREX,S2-relation-+1-0.5,0.01,0.0018379661379977136,0.0010534916277264287,0.9999894652260933,,1.268773258801296e-07,harmful,0.0006062867159576965,1.268681948385364e-07,S2,relation
VREX,S2-mean-+1-0.5,0.01,0.003624532299401007,3.12616161722145e-05,0.9999996873898749,,3.3328195973638576e-11,harmful,0.0008514142629615693,9.747003204552129e-11,S2,mean
VREX,S2-variance-0.5,0.01,0.003601428009586209,0.0007547775711356554,0.9999924523700322,,1.632401435445944e-10,harmful,0.0008486932185934959,2.2196000593055487e-10,S2,variance
VREX,S2-relation--1-1.0,0.01,0.011023806961001728,0.0011249673386272807,0.9999887504588671,,-2.5368935570284134e-07,helpful,0.0014848248730984313,-2.5360249522599076e-07,S2,relation
VREX,S2-mean--1-1.0,0.01,0.01629959349989912,0.00011122607448926752,0.999998887760732,,1.333127838949166e-10,harmful,0.0018055235076596331,1.0775758063630292e-10,S2,mean
VREX,S2-relation-+1-1.0,0.01,0.006383985296335569,0.0010003671405152724,0.9999899964769244,,2.537764171127318e-07,harmful,0.0011299398478027724,2.5374632095509497e-07,S2,relation
VREX,S2-mean-+1-1.0,0.01,0.016299593499899127,0.00011122607448926742,0.9999988877607324,,1.333127838946544e-10,harmful,0.0018055235076596336,2.6113888829115695e-10,S2,mean
VREX,S2-variance-1.0,0.01,0.014405712038344811,0.0007547775711356554,0.9999924523700322,,3.2648028708919583e-10,harmful,0.0016973864371869905,4.265696684768727e-10,S2,variance
VREX,U-emergent-0.25,0.01,0.006397681385761115,-4.4813689796067515e-17,1.0,,0.0,neutral,0.0011311541115185688,1.735034338423702e-11,U,emergent
VREX,U-emergent-0.5,0.01,0.02559072554304446,-4.4813689796067515e-17,1.0,,0.0,neutral,0.0022623082230371376,1.735034338423702e-11,U,emergent
VREX,U-emergent-1.0,0.01,0.10236290217217783,-4.4813689796067515e-17,1.0,,0.0,neutral,0.004524616446074275,1.735034338423702e-11,U,emergent
VREX,S1-relation--1-0.25,0.1,0.0006917238640540102,0.0016691157868385254,0.9998331175225202,,-1.3305303253335832e-06,helpful,0.0003718932144457826,-1.3287603122247305e-06,S1,relation
VREX,S1-mean--1-0.25,0.1,0.0023513876484882934,-8.919297477307422e-07,1.0000000894408299,,-6.319539056304577e-08,helpful,0.0006857492368781143,-6.145866116025189e-08,S1,mean
VREX,S1-relation-+1-0.25,0.1,0.000607596385055951,0.0015865460207313785,0.9998413747488444,,1.2892598661903685e-06,harmful,0.00034854841684441766,1.2909608501088243e-06,S1,relation
VREX,S1-mean-+1-0.25,0.1,0.002351387648488293,-8.919297477307255e-07,1.0000000894408294,,-6.319539056304637e-08,helpful,0.000685749236878114,-6.145737341256563e-08,S1,mean
VREX,S1-variance-0.25,0.1,0.002455110819924973,-8.197361652186248e-05,1.0000082201409553,,-6.190568871482042e-07,helpful,0.0007007135768994048,-6.172950264282662e-07,S1,variance
VREX,S1-relation--1-0.5,0.1,0.0029678852251444803,0.0016836098117065266,0.9998316679480606,,-2.7023311098103768e-06,helpful,0.0007703259311227171,-2.700523854870518e-06,S1,relation
VREX,S1-mean--1-0.5,0.1,0.009712567316798997,-3.4549424862008945e-06,1.0000003464543281,,-2.5278156225218195e-07,helpful,0.0013937031879182745,-2.510371248654053e-07,S1,mean
VREX,S1-relation-+1-0.5,0.1,0.002294865393160023,0.001512968881655173,0.9998487325195504,,2.5372492732375224e-06,harmful,0.0006773872803880722,2.538918469907614e-06,S1,relation
VREX,S1-mean-+1-0.5,0.1,0.009712567316799004,-3.454942486201064e-06,1.0000003464543281,,-2.527815622521851e-07,helpful,0.0013937031879182745,-2.5103454914798817e-07,S1,mean
VREX,S1-variance-0.5,0.1,0.009820443279699921,-8.197361652186245e-05,1.000008220140955,,-1.2381137742964105e-06,helpful,0.0014014271537988116,-1.2363246421065455e-06,S1,variance
VREX,S1-relation--1-1.0,0.1,0.013741337539464145,0.0016733094530359395,0.9998326975897023,,-5.569744056193607e-06,helpful,0.001657543890608118,-5.567856863786247e-06,S1,relation
VREX,S1-mean--1-1.0,0.1,0.04376253683272921,-1.2268525145458188e-05,1.0000012302617634,,-1.0111262490087312e-06,helpful,0.002958385117597201,-1.009349692049355e-06,S1,mean
VREX,S1-relation-+1-1.0,0.1,0.008357178883588494,0.001291811996782161,0.9998708481324737,,4.9094167099021895e-06,harmful,0.001292696271002606,4.911027786214106e-06,S1,relation
VREX,S1-mean-+1-1.0,0.1,0.043762536832729265,-1.2268525145458587e-05,1.0000012302617634,,-1.0111262490087375e-06,helpful,0.002958385117597202,-1.0093445406145207e-06,S1,mean
VREX,S1-variance-1.0,0.1,0.03928177311879963,-8.19736165218624e-05,1.0000082201409548,,-2.476227548592819e-06,helpful,0.0028028543075976214,-2.4743838733520818e-06,S1,variance
VREX,S2-relation--1-0.25,0.1,0.0005652361647570547,0.0011018120393684408,0.9998898324097818,,-6.342341511457316e-07,helpful,0.00033618099994837,-6.325047698929609e-07,S2,relation
VREX,S2-mean--1-0.25,0.1,0.0008779851951268903,8.06596299801724e-06,0.9999991935594426,,8.523408085044186e-11,harmful,0.00041904287594312923,1.8188931472096215e-09,S2,mean
VREX,S2-relation-+1-0.25,0.1,0.0004927389512466441,0.001073181187729852,0.9998926958777524,,6.342898142189396e-07,harmful,0.000313881970970194,6.360292613694085e-07,S2,relation
VREX,S2-mean-+1-0.25,0.1,0.000877985195126891,8.065962998017236e-06,0.9999991935594424,,8.523408084959814e-11,harmful,0.00041904287594312923,1.8196801843117782e-09,S2,mean
VREX,S2-variance-0.25,0.1,0.0009003570023965495,0.0007547775711356552,0.999924536816563,,8.34946098121261e-10,harmful,0.00042433223664429306,2.5642774570400206e-09,S2,variance
VREX,S2-relation--1-0.5,0.1,0.00241794384608098,0.0011117580958678165,0.9998888376528778,,-1.2684126392182533e-06,helpful,0.0006953150194347304,-1.2666888167256474e-06,S2,relation
VREX,S2-mean--1-0.5,0.1,0.0036245322994010055,3.1261616172214784e-05,0.9999968744419999,,3.409363234003513e-10,harmful,0.0008514131408485344,2.072591653856648e-09,S2,mean
VREX,S2-relation-+1-0.5,0.1,0.0018379661379977136,0.0010534916277264287,0.9998946650729742,,1.268635291511086e-06,harmful,0.0006062151367644208,1.2703792455770468e-06,S2,relation
VREX,S2-mean-+1-0.5,0.1,0.003624532299401007,3.12616161722145e-05,0.9999968744420001,,3.409363233990543e-10,harmful,0.0008514131408485344,2.074165617038659e-09,S2,mean
VREX,S2-variance-0.5,0.1,0.003601428009586209,0.0007547775711356554,0.999924536816563,,1.6698921962426857e-09,harmful,0.0008486644732885874,3.393965553044609e-09,S2,variance
VREX,S2-relation--1-1.0,0.1,0.011023806961001728,0.0011249673386272807,0.9998875164901094,,-2.536602626143675e-06,helpful,0.001484653701753271,-2.534890972460957e-06,S2,relation
VREX,S2-mean--1-1.0,0.1,0.01629959349989912,0.00011122607448926752,0.9999888795401677,,1.363745293599751e-09,harmful,0.001805514632440081,3.0881723844800035e-09,S2,mean
VREX,S2-relation-+1-1.0,0.1,0.006383985296335569,0.0010003671405152724,0.9998999781176264,,2.5374932353150035e-06,harmful,0.001129808452993681,2.539245152033409e-06,S2,relation
VREX,S2-mean-+1-1.0,0.1,0.016299593499899127,0.00011122607448926742,0.9999888795401679,,1.3637452935971437e-09,harmful,0.0018055146324400812,3.0913207549332355e-09,S2,mean
VREX,S2-variance-1.0,0.1,0.014405712038344811,0.0007547775711356554,0.9999245368165631,,3.3397843924851365e-09,harmful,0.0016973289465771735,5.0533417450537854e-09,S2,variance
VREX,U-emergent-0.25,0.1,0.006397681385761115,-4.4813689796067515e-17,1.0,,0.0,neutral,0.0011310480900557165,1.7345893610354324e-09,U,emergent
VREX,U-emergent-0.5,0.1,0.02559072554304446,-4.4813689796067515e-17,1.0,,0.0,neutral,0.002262096180111433,1.7345893610354324e-09,U,emergent
VREX,U-emergent-1.0,0.1,0.10236290217217783,-4.4813689796067515e-17,1.0,,0.0,neutral,0.004524192360222866,1.7345893610354324e-09,U,emergent
VREX,S1-relation--1-0.25,1.0,0.0006917238640540102,0.0016691157868385254,0.9983337898777723,,-1.3284665806592534e-05,helpful,0.00037140770054317016,-1.3108879405199225e-05,S1,relation
VREX,S1-mean--1-0.25,1.0,0.0023513876484882934,-8.919297477307422e-07,1.0000009167173833,,-6.29490773681759e-07,helpful,0.0006855825470794888,-4.5643416790586144e-07,S1,mean
VREX,S1-relation-+1-0.25,1.0,0.000607596385055951,0.0015865460207313785,0.9984163847694815,,1.2873569791126886e-05,harmful,0.00034811981423241617,1.3043770167531221e-05,S1,relation
VREX,S1-mean-+1-0.25,1.0,0.002351387648488293,-8.919297477307255e-07,1.0000009167173827,,-6.294907736817653e-07,helpful,0.0006855825470794887,-4.564517587235528e-07,S1,mean
VREX,S1-variance-0.25,1.0,0.002455110819924973,-8.197361652186248e-05,1.0000842517467325,,-6.16644023198459e-06,helpful,0.0007005695908220774,-5.992681644695352e-06,S1,variance
VREX,S1-relation--1-0.5,1.0,0.0029678852251444803,0.0016836098117065266,0.9983192786437923,,-2.6980427628650676e-05,helpful,0.0007693056869900889,-2.680176905622833e-05,S1,relation
VREX,S1-mean--1-0.5,1.0,0.009712567316798997,-3.4549424862008945e-06,1.0000035509588534,,-2.5179630947270258e-06,helpful,0.0013933660670372913,-2.344655270825058e-06,S1,mean
VREX,S1-relation-+1-0.5,1.0,0.002294865393160023,0.001512968881655173,0.9984899677456123,,2.533604356678812e-05,harmful,0.0006765951820275328,2.550353008956563e-05,S1,relation
VREX,S1-mean-+1-0.5,1.0,0.009712567316799004,-3.454942486201064e-06,1.0000035509588532,,-2.517963094727059e-06,helpful,0.0013933660670372916,-2.344690452238396e-06,S1,mean
VREX,S1-variance-0.5,1.0,0.009820443279699921,-8.197361652186245e-05,1.0000842517467323,,-1.2332880463969199e-05,helpful,0.001401139181644157,-1.215833029211133e-05,S1,variance
VREX,S1-relation--1-1.0,1.0,0.013741337539464145,0.0016733094530359395,0.9983295396498469,,-5.560523931916389e-05,helpful,0.001655333464853551,-5.542067808816942e-05,S1,relation
VREX,S1-mean--1-1.0,1.0,0.04376253683272921,-1.2268525145458188e-05,1.0000126094799424,,-1.0071852378908139e-05,helpful,0.002957681606998871,-9.897557273319535e-06,S1,mean
VREX,S1-relation-+1-1.0,1.0,0.008357178883588494,0.001291811996782161,0.9987111175759679,,4.9027703071713665e-05,harmful,0.0012914051580835062,4.91899202034185e-05,S1,relation
VREX,S1-mean-+1-1.0,1.0,0.043762536832729265,-1.2268525145458587e-05,1.0000126094799424,,-1.0071852378908205e-05,helpful,0.0029576816069988724,-9.897627636368256e-06,S1,mean
VREX,S1-variance-1.0,1.0,0.03928177311879963,-8.19736165218624e-05,1.0000842517467323,,-2.4665760927938377e-05,helpful,0.0028022783632883114,-2.4489627587054308e-05,S1,variance
VREX,S2-relation--1-0.25,1.0,0.0005652361647570547,0.0011018120393684408,0.9988995479860796,,-6.33526773067294e-06,helpful,0.0003357858550432001,-6.162305225210218e-06,S2,relation
VREX,S2-mean--1-0.25,1.0,0.0008779851951268903,8.06596299801724e-06,0.9999919496038787,,1.044233778900599e-09,harmful,0.0004190418208269181,1.7401682494977422e-07,S2,mean
VREX,S2-relation-+1-0.25,1.0,0.0004927389512466441,0.001073181187729852,0.9989282171366048,,6.3359496792632384e-06,harmful,0.0003135113227328072,6.508921318038041e-06,S2,relation
VREX,S2-mean-+1-0.25,1.0,0.000877985195126891,8.065962998017236e-06,0.9999919496038786,,1.0442337788920227e-09,harmful,0.0004190418208269182,1.740060718846692e-07,S2,mean
VREX,S2-variance-0.25,1.0,0.0009003570023965495,0.0007547775711356552,0.9992466791091694,,1.022922885448043e-08,harmful,0.0004241888513023034,1.8319830596968956e-07,S2,variance
VREX,S2-relation--1-0.5,1.0,0.00241794384608098,0.0011117580958678165,0.9988895868000358,,-1.2669853512755564e-05,helpful,0.000694502190642186,-1.2496895366864713e-05,S2,relation
VREX,S2-mean--1-0.5,1.0,0.0036245322994010055,3.1261616172214784e-05,0.9999687987170733,,4.17693511558789e-09,harmful,0.0008514021287147602,1.7715553790598193e-07,S2,mean
VREX,S2-relation-+1-0.5,1.0,0.0018379661379977136,0.0010534916277264287,0.9989479306341448,,1.2672581307116763e-05,harmful,0.0006055005904897619,1.2845557719964873e-05,S2,relation
VREX,S2-mean-+1-0.5,1.0,0.003624532299401007,3.12616161722145e-05,0.9999687987170737,,4.176935115574338e-09,harmful,0.0008514021287147603,1.7713403199781652e-07,S2,mean
VREX,S2-variance-0.5,1.0,0.003601428009586209,0.0007547775711356554,0.9992466791091694,,2.045845770896078e-08,harmful,0.0008483777026046082,1.9342960910773144e-07,S2,variance
VREX,S2-relation--1-1.0,1.0,0.011023806961001728,0.0011249673386272807,0.9988763537069912,,-2.5336979231149946e-05,helpful,0.001482944439982596,-2.516402938868012e-05,S2,relation
VREX,S2-mean--1-1.0,1.0,0.01629959349989912,0.00011122607448926752,0.9998889885858798,,1.6707740462334726e-08,harmful,0.001805426445213543,1.8969963710979698e-07,S2,mean
VREX,S2-relation-+1-1.0,1.0,0.006383985296335569,0.0010003671405152724,0.9990011147618587,,2.5347890408594712e-05,harmful,0.0011284970493043085,2.5520876784645985e-05,S2,relation
VREX,S2-mean-+1-1.0,1.0,0.016299593499899127,0.00011122607448926742,0.99988898858588,,1.670774046230741e-08,harmful,0.0018054264452135433,1.8965662551551077e-07,S2,mean
VREX,S2-variance-1.0,1.0,0.014405712038344811,0.0007547775711356554,0.9992466791091695,,4.091691541792193e-08,harmful,0.001696755405209215,2.138922152727929e-07,S2,variance
VREX,U-emergent-0.25,1.0,0.006397681385761115,-4.4813689796067515e-17,1.0,,0.0,neutral,0.0011299889159513432,1.7296700294266998e-07,U,emergent
VREX,U-emergent-0.5,1.0,0.02559072554304446,-4.4813689796067515e-17,1.0,,0.0,neutral,0.0022599778319026863,1.7296700294266998e-07,U,emergent
VREX,U-emergent-1.0,1.0,0.10236290217217783,-4.4813689796067515e-17,1.0,,0.0,neutral,0.004519955663805373,1.7296700294266998e-07,U,emergent
