A_recoverable_norm,E_mode_norm,PiO_mode_norm,alignment_with_negative_Arec,lambda,method,mode,policy,setting,source_visible_norm
0.15942051929462298,8.993633653939092e-13,0.15942051929414636,1.0,0.0,L2,0,actual,hidden_u_hurts,1.3086745454002222
0.15942051929462298,2.136817940231098e-12,0.15942051929382411,1.0,0.0,L2,0,Pi00,hidden_u_hurts,1.3086745454002222
0.15942051929462298,2.136817940231098e-12,0.15942051929382411,1.0,0.0,L2,0,PiC0,hidden_u_hurts,1.3086745454002222
0.15942051929462298,2.136817940231098e-12,0.15942051929382411,1.0,0.0,L2,0,Pi0K,hidden_u_hurts,1.3086745454002222
0.15942051929462298,2.136817940231098e-12,0.15942051929382411,1.0,0.0,L2,0,PiCK,hidden_u_hurts,1.3086745454002222
0.016939847902615573,5.192559819585452e-13,0.016939847902692328,1.0,0.0,L2,1,actual,hidden_u_hurts,1.179566679912516
0.016939847902615573,9.39184824568217e-13,0.016939847902397068,1.0000000000000002,0.0,L2,1,Pi00,hidden_u_hurts,1.179566679912516
0.016939847902615573,9.39184824568217e-13,0.016939847902397068,1.0000000000000002,0.0,L2,1,PiC0,hidden_u_hurts,1.179566679912516
0.016939847902615573,9.39184824568217e-13,0.016939847902397068,1.0000000000000002,0.0,L2,1,Pi0K,hidden_u_hurts,1.179566679912516
0.016939847902615573,9.39184824568217e-13,0.016939847902397068,1.0000000000000002,0.0,L2,1,PiCK,hidden_u_hurts,1.179566679912516
0.0,0.0,0.0,0.0,0.0,L2,2,actual,hidden_u_hurts,1.1180339887572193
0.0,0.0,0.0,0.0,0.0,L2,2,Pi00,hidden_u_hurts,1.1180339887572193
0.0,0.0,0.0,0.0,0.0,L2,2,PiC0,hidden_u_hurts,1.1180339887572193
0.0,0.0,0.0,0.0,0.0,L2,2,Pi0K,hidden_u_hurts,1.1180339887572193
0.0,0.0,0.0,0.0,0.0,L2,2,PiCK,hidden_u_hurts,1.1180339887572193
0.17753407154173476,4.677018339480715e-13,0.17753407154147605,1.0,0.0,L2,3,actual,hidden_u_hurts,1.0491124338579063
0.17753407154173476,1.0963549703322613e-12,0.1775340715414341,1.0,0.0,L2,3,Pi00,hidden_u_hurts,1.0491124338579063
0.17753407154173476,1.0963549703322613e-12,0.1775340715414341,1.0,0.0,L2,3,PiC0,hidden_u_hurts,1.0491124338579063
0.17753407154173476,1.0963549703322613e-12,0.1775340715414341,1.0,0.0,L2,3,Pi0K,hidden_u_hurts,1.0491124338579063
0.17753407154173476,1.0963549703322613e-12,0.1775340715414341,1.0,0.0,L2,3,PiCK,hidden_u_hurts,1.0491124338579063
0.06589107497652855,8.546958660297999e-13,0.06589107497632048,1.0,0.0,L2,4,actual,hidden_u_hurts,1.0178008433018144
0.06589107497652855,1.4467491681715249e-12,0.06589107497625257,1.0,0.0,L2,4,Pi00,hidden_u_hurts,1.0178008433018144
0.06589107497652855,1.4467491681715249e-12,0.06589107497625257,1.0,0.0,L2,4,PiC0,hidden_u_hurts,1.0178008433018144
0.06589107497652855,1.4467491681715249e-12,0.06589107497625257,1.0,0.0,L2,4,Pi0K,hidden_u_hurts,1.0178008433018144
0.06589107497652855,1.4467491681715249e-12,0.06589107497625257,1.0,0.0,L2,4,PiCK,hidden_u_hurts,1.0178008433018144
0.1263984541514605,1.822123786037369e-13,0.1263984541514011,0.9999999999999998,0.0,L2,5,actual,hidden_u_hurts,0.5553390759962502
0.1263984541514605,1.8658242699517025e-13,0.12639845415140755,1.0,0.0,L2,5,Pi00,hidden_u_hurts,0.5553390759962502
0.1263984541514605,1.8658242699517025e-13,0.12639845415140755,1.0,0.0,L2,5,PiC0,hidden_u_hurts,0.5553390759962502
0.1263984541514605,1.8658242699517025e-13,0.12639845415140755,1.0,0.0,L2,5,Pi0K,hidden_u_hurts,0.5553390759962502
0.1263984541514605,1.8658242699517025e-13,0.12639845415140755,1.0,0.0,L2,5,PiCK,hidden_u_hurts,0.5553390759962502
0.2146119130120162,5.912598939081698e-13,0.2146119130122813,0.9999999999999999,0.0,L2,6,actual,hidden_u_hurts,0.46330382781737406
0.2146119130120162,3.100503007300247e-13,0.214611913012159,1.0,0.0,L2,6,Pi00,hidden_u_hurts,0.46330382781737406
0.2146119130120162,3.100503007300247e-13,0.214611913012159,1.0,0.0,L2,6,PiC0,hidden_u_hurts,0.46330382781737406
0.2146119130120162,3.100503007300247e-13,0.214611913012159,1.0,0.0,L2,6,Pi0K,hidden_u_hurts,0.46330382781737406
0.2146119130120162,3.100503007300247e-13,0.214611913012159,1.0,0.0,L2,6,PiCK,hidden_u_hurts,0.46330382781737406
0.15942051929462298,0.00014010606955101984,0.1592853968486896,0.9999999729922451,0.001,L2,0,actual,hidden_u_hurts,1.3086745454002222
0.15942051929462298,2.136817940231098e-12,0.15942051929382411,1.0,0.001,L2,0,Pi00,hidden_u_hurts,1.3086745454002222
0.15942051929462298,2.136817940231098e-12,0.15942051929382411,1.0,0.001,L2,0,PiC0,hidden_u_hurts,1.3086745454002222
0.15942051929462298,6.6932395311666e-05,0.15935838160788085,0.9999999878202417,0.001,L2,0,Pi0K,hidden_u_hurts,1.3086745454002222
0.15942051929462298,6.6932395311666e-05,0.15935838160788085,0.9999999878202417,0.001,L2,0,PiCK,hidden_u_hurts,1.3086745454002222
0.016939847902615573,3.037146435473098e-05,0.016925826776747383,0.9999987342502807,0.001,L2,1,actual,hidden_u_hurts,1.179566679912516
0.016939847902615573,9.39184824568217e-13,0.016939847902397068,1.0000000000000002,0.001,L2,1,Pi00,hidden_u_hurts,1.179566679912516
0.016939847902615573,9.39184824568217e-13,0.016939847902397068,1.0000000000000002,0.001,L2,1,PiC0,hidden_u_hurts,1.179566679912516
0.016939847902615573,1.295707727753689e-05,0.016927385402709865,0.9999999780783532,0.001,L2,1,Pi0K,hidden_u_hurts,1.179566679912516
0.016939847902615573,1.295707727753689e-05,0.016927385402709865,0.9999999780783532,0.001,L2,1,PiCK,hidden_u_hurts,1.179566679912516
0.0,0.0,0.0,0.0,0.001,L2,2,actual,hidden_u_hurts,1.1180339887572193
0.0,0.0,0.0,0.0,0.001,L2,2,Pi00,hidden_u_hurts,1.1180339887572193
0.0,0.0,0.0,0.0,0.001,L2,2,PiC0,hidden_u_hurts,1.1180339887572193
0.0,0.0,0.0,0.0,0.001,L2,2,Pi0K,hidden_u_hurts,1.1180339887572193
0.0,0.0,0.0,0.0,0.001,L2,2,PiCK,hidden_u_hurts,1.1180339887572193
0.17753407154173476,0.00016798928473894708,0.17738117966139869,0.999999923082127,0.001,L2,3,actual,hidden_u_hurts,1.0491124338579063
0.17753407154173476,1.0963549703322613e-12,0.1775340715414341,1.0,0.001,L2,3,Pi00,hidden_u_hurts,1.0491124338579063
0.17753407154173476,1.0963549703322613e-12,0.1775340715414341,1.0,0.001,L2,3,PiC0,hidden_u_hurts,1.0491124338579063
0.17753407154173476,8.965103714778872e-05,0.1774467811942372,0.9999999933703824,0.001,L2,3,Pi0K,hidden_u_hurts,1.0491124338579063
0.17753407154173476,8.965103714778872e-05,0.1774467811942372,0.9999999933703824,0.001,L2,3,PiCK,hidden_u_hurts,1.0491124338579063
0.06589107497652855,0.0001088308910558813,0.06582751616150881,0.9999991003415103,0.001,L2,4,actual,hidden_u_hurts,1.0178008433018144
0.06589107497652855,1.4467491681715249e-12,0.06589107497625257,1.0,0.001,L2,4,Pi00,hidden_u_hurts,1.0178008433018144
0.06589107497652855,1.4467491681715249e-12,0.06589107497625257,1.0,0.001,L2,4,PiC0,hidden_u_hurts,1.0178008433018144
0.06589107497652855,3.52703743445331e-05,0.06585695441614144,0.9999999908066862,0.001,L2,4,Pi0K,hidden_u_hurts,1.0178008433018144
0.06589107497652855,3.52703743445331e-05,0.06585695441614144,0.9999999908066862,0.001,L2,4,PiCK,hidden_u_hurts,1.0178008433018144
0.1263984541514605,0.00010473002040795588,0.1262963797643981,0.9999999827985426,0.001,L2,5,actual,hidden_u_hurts,0.5553390759962502
0.1263984541514605,1.8658242699517025e-13,0.12639845415140755,1.0,0.001,L2,5,Pi00,hidden_u_hurts,0.5553390759962502
0.1263984541514605,1.8658242699517025e-13,0.12639845415140755,1.0,0.001,L2,5,PiC0,hidden_u_hurts,0.5553390759962502
0.1263984541514605,9.530833723904217e-05,0.12630381700512033,0.9999999960071151,0.001,L2,5,Pi0K,hidden_u_hurts,0.5553390759962502
0.1263984541514605,9.530833723904217e-05,0.12630381700512033,0.9999999960071151,0.001,L2,5,PiCK,hidden_u_hurts,0.5553390759962502
0.2146119130120162,0.00024642948834668297,0.2143664549721305,0.9999999948066818,0.001,L2,6,actual,hidden_u_hurts,0.46330382781737406
0.2146119130120162,3.100503007300247e-13,0.214611913012159,1.0,0.001,L2,6,Pi00,hidden_u_hurts,0.46330382781737406
0.2146119130120162,3.100503007300247e-13,0.214611913012159,1.0,0.001,L2,6,PiC0,hidden_u_hurts,0.46330382781737406
0.2146119130120162,0.0001987934715424106,0.21441367872854464,0.9999999975876381,0.001,L2,6,Pi0K,hidden_u_hurts,0.46330382781737406
0.2146119130120162,0.0001987934715424106,0.21441367872854464,0.9999999975876381,0.001,L2,6,PiCK,hidden_u_hurts,0.46330382781737406
0.15942051929462298,0.001391719867719115,0.15807828822647788,0.9999973155754853,0.01,L2,0,actual,hidden_u_hurts,1.3086745454002222
0.15942051929462298,2.136817940231098e-12,0.15942051929382411,1.0,0.01,L2,0,Pi00,hidden_u_hurts,1.3086745454002222
0.15942051929462298,2.136817940231098e-12,0.15942051929382411,1.0,0.01,L2,0,PiC0,hidden_u_hurts,1.3086745454002222
0.15942051929462298,0.0006663405457441676,0.1588018329401211,0.9999987905620372,0.01,L2,0,Pi0K,hidden_u_hurts,1.3086745454002222
0.15942051929462298,0.0006663405457441676,0.1588018329401211,0.9999987905620372,0.01,L2,0,PiCK,hidden_u_hurts,1.3086745454002222
0.016939847902615573,0.0003007824249651405,0.01680278512585357,0.9998740782874439,0.01,L2,1,actual,hidden_u_hurts,1.179566679912516
0.016939847902615573,9.39184824568217e-13,0.016939847902397068,1.0000000000000002,0.01,L2,1,Pi00,hidden_u_hurts,1.179566679912516
0.016939847902615573,9.39184824568217e-13,0.016939847902397068,1.0000000000000002,0.01,L2,1,PiC0,hidden_u_hurts,1.179566679912516
0.016939847902615573,0.00012862036213791682,0.016816141210946767,0.9999978237739907,0.01,L2,1,Pi0K,hidden_u_hurts,1.179566679912516
0.016939847902615573,0.00012862036213791682,0.016816141210946767,0.9999978237739907,0.01,L2,1,PiCK,hidden_u_hurts,1.179566679912516
0.0,0.0,0.0,0.0,0.01,L2,2,actual,hidden_u_hurts,1.1180339887572193
0.0,0.0,0.0,0.0,0.01,L2,2,Pi00,hidden_u_hurts,1.1180339887572193
0.0,0.0,0.0,0.0,0.01,L2,2,PiC0,hidden_u_hurts,1.1180339887572193
0.0,0.0,0.0,0.0,0.01,L2,2,Pi0K,hidden_u_hurts,1.1180339887572193
0.0,0.0,0.0,0.0,0.01,L2,2,PiCK,hidden_u_hurts,1.1180339887572193
0.17753407154173476,0.0016668769973107282,0.17601684678443133,0.9999923756256031,0.01,L2,3,actual,hidden_u_hurts,1.0491124338579063
0.17753407154173476,1.0963549703322613e-12,0.1775340715414341,1.0,0.01,L2,3,Pi00,hidden_u_hurts,1.0491124338579063
0.17753407154173476,1.0963549703322613e-12,0.1775340715414341,1.0,0.01,L2,3,PiC0,hidden_u_hurts,1.0491124338579063
0.17753407154173476,0.0008920553354710444,0.17666532612137148,0.9999993456834888,0.01,L2,3,Pi0K,hidden_u_hurts,1.0491124338579063
0.17753407154173476,0.0008920553354710444,0.17666532612137148,0.9999993456834888,0.01,L2,3,PiCK,hidden_u_hurts,1.0491124338579063
0.06589107497652855,0.0010757786561318582,0.06526642901934732,0.9999108101878044,0.01,L2,4,actual,hidden_u_hurts,1.0178008433018144
0.06589107497652855,1.4467491681715249e-12,0.06589107497625257,1.0,0.01,L2,4,Pi00,hidden_u_hurts,1.0178008433018144
0.06589107497652855,1.4467491681715249e-12,0.06589107497625257,1.0,0.01,L2,4,PiC0,hidden_u_hurts,1.0178008433018144
0.06589107497652855,0.0003508394106814611,0.06555161310234917,0.999999090826126,0.01,L2,4,Pi0K,hidden_u_hurts,1.0178008433018144
0.06589107497652855,0.0003508394106814611,0.06555161310234917,0.999999090826126,0.01,L2,4,PiCK,hidden_u_hurts,1.0178008433018144
0.1263984541514605,0.0010395989384131697,0.12538505545725728,0.9999983030218387,0.01,L2,5,actual,hidden_u_hurts,0.5553390759962502
0.1263984541514605,1.8658242699517025e-13,0.12639845415140755,1.0,0.01,L2,5,Pi00,hidden_u_hurts,0.5553390759962502
0.1263984541514605,1.8658242699517025e-13,0.12639845415140755,1.0,0.01,L2,5,PiC0,hidden_u_hurts,0.5553390759962502
0.1263984541514605,0.0009465823057622387,0.12545855126045055,0.9999996026988823,0.01,L2,5,Pi0K,hidden_u_hurts,0.5553390759962502
0.1263984541514605,0.0009465823057622387,0.12545855126045055,0.9999996026988823,0.01,L2,5,PiCK,hidden_u_hurts,0.5553390759962502
0.2146119130120162,0.002439955214461168,0.21218161477704833,0.9999994835820847,0.01,L2,6,actual,hidden_u_hurts,0.46330382781737406
0.2146119130120162,3.100503007300247e-13,0.214611913012159,1.0,0.01,L2,6,Pi00,hidden_u_hurts,0.46330382781737406
0.2146119130120162,3.100503007300247e-13,0.214611913012159,1.0,0.01,L2,6,PiC0,hidden_u_hurts,0.46330382781737406
0.2146119130120162,0.0019714178301645157,0.21264605095771894,0.9999997603376232,0.01,L2,6,Pi0K,hidden_u_hurts,0.46330382781737406
0.2146119130120162,0.0019714178301645157,0.21264605095771894,0.9999997603376232,0.01,L2,6,PiCK,hidden_u_hurts,0.46330382781737406
0.15942051929462298,0.013052279646611377,0.14683181835980155,0.9997460994031075,0.1,L2,0,actual,hidden_u_hurts,1.3086745454002222
0.15942051929462298,2.136817940231098e-12,0.15942051929382411,1.0,0.1,L2,0,Pi00,hidden_u_hurts,1.3086745454002222
0.15942051929462298,2.136817940231098e-12,0.15942051929382411,1.0,0.1,L2,0,PiC0,hidden_u_hurts,1.3086745454002222
0.15942051929462298,0.006380434191686899,0.15348907574814735,0.9998870438450312,0.1,L2,0,Pi0K,hidden_u_hurts,1.3086745454002222
0.15942051929462298,0.006380434191686899,0.15348907574814735,0.9998870438450312,0.1,L2,0,PiCK,hidden_u_hurts,1.3086745454002222
0.016939847902615573,0.0027428144484552474,0.0158484371379189,0.9882075260955113,0.1,L2,1,actual,hidden_u_hurts,1.179566679912516
0.016939847902615573,9.39184824568217e-13,0.016939847902397068,1.0000000000000002,0.1,L2,1,Pi00,hidden_u_hurts,1.179566679912516
0.016939847902615573,9.39184824568217e-13,0.016939847902397068,1.0000000000000002,0.1,L2,1,PiC0,hidden_u_hurts,1.179566679912516
0.016939847902615573,0.0011984793594839688,0.015787511149934992,0.9997972001580487,0.1,L2,1,Pi0K,hidden_u_hurts,1.179566679912516
0.016939847902615573,0.0011984793594839688,0.015787511149934992,0.9997972001580487,0.1,L2,1,PiCK,hidden_u_hurts,1.179566679912516
0.0,0.0,0.0,0.0,0.1,L2,2,actual,hidden_u_hurts,1.1180339887572193
0.0,0.0,0.0,0.0,0.1,L2,2,Pi00,hidden_u_hurts,1.1180339887572193
0.0,0.0,0.0,0.0,0.1,L2,2,PiC0,hidden_u_hurts,1.1180339887572193
0.0,0.0,0.0,0.0,0.1,L2,2,Pi0K,hidden_u_hurts,1.1180339887572193
0.0,0.0,0.0,0.0,0.1,L2,2,PiCK,hidden_u_hurts,1.1180339887572193
0.17753407154173476,0.015474437896535083,0.16343540118514885,0.9992988931841917,0.1,L2,3,actual,hidden_u_hurts,1.0491124338579063
0.17753407154173476,1.0963549703322613e-12,0.1775340715414341,1.0,0.1,L2,3,Pi00,hidden_u_hurts,1.0491124338579063
0.17753407154173476,1.0963549703322613e-12,0.1775340715414341,1.0,0.1,L2,3,PiC0,hidden_u_hurts,1.0491124338579063
0.17753407154173476,0.008501065294534024,0.16923963537064315,0.9999422475093278,0.1,L2,3,Pi0K,hidden_u_hurts,1.0491124338579063
0.17753407154173476,0.008501065294534024,0.16923963537064315,0.9999422475093278,0.1,L2,3,PiCK,hidden_u_hurts,1.0491124338579063
0.06589107497652855,0.009634837303930346,0.06059647700696195,0.9918856619914004,0.1,L2,4,actual,hidden_u_hurts,1.0178008433018144
0.06589107497652855,1.4467491681715249e-12,0.06589107497625257,1.0,0.1,L2,4,Pi00,hidden_u_hurts,1.0178008433018144
0.06589107497652855,1.4467491681715249e-12,0.06589107497625257,1.0,0.1,L2,4,PiC0,hidden_u_hurts,1.0178008433018144
0.06589107497652855,0.0033331861633495658,0.06266069639313915,0.9999182828702119,0.1,L2,4,Pi0K,hidden_u_hurts,1.0178008433018144
0.06589107497652855,0.0033331861633495658,0.06266069639313915,0.9999182828702119,0.1,L2,4,PiCK,hidden_u_hurts,1.0178008433018144
0.1263984541514605,0.009684105924578744,0.11694572242398642,0.9998502285625664,0.1,L2,5,actual,hidden_u_hurts,0.5553390759962502
0.1263984541514605,1.8658242699517025e-13,0.12639845415140755,1.0,0.1,L2,5,Pi00,hidden_u_hurts,0.5553390759962502
0.1263984541514605,1.8658242699517025e-13,0.12639845415140755,1.0,0.1,L2,5,PiC0,hidden_u_hurts,0.5553390759962502
0.1263984541514605,0.008861509853773573,0.11760063819602096,0.9999621652810026,0.1,L2,5,Pi0K,hidden_u_hurts,0.5553390759962502
0.1263984541514605,0.008861509853773573,0.11760063819602096,0.9999621652810026,0.1,L2,5,PiCK,hidden_u_hurts,0.5553390759962502
0.2146119130120162,0.022200643049967966,0.19250249482924253,0.9999510789909581,0.1,L2,6,actual,hidden_u_hurts,0.46330382781737406
0.2146119130120162,3.100503007300247e-13,0.214611913012159,1.0,0.1,L2,6,Pi00,hidden_u_hurts,0.46330382781737406
0.2146119130120162,3.100503007300247e-13,0.214611913012159,1.0,0.1,L2,6,PiC0,hidden_u_hurts,0.46330382781737406
0.2146119130120162,0.01820204516589538,0.19646202597023105,0.9999775153038295,0.1,L2,6,Pi0K,hidden_u_hurts,0.46330382781737406
0.2146119130120162,0.01820204516589538,0.19646202597023105,0.9999775153038295,0.1,L2,6,PiCK,hidden_u_hurts,0.46330382781737406
0.15942051929462298,9.195463283438188e-07,0.1594196334962199,0.9999999999988013,0.001,IRMV1,0,actual,hidden_u_hurts,1.3086745454002222
0.15942051929462298,2.136817940231098e-12,0.15942051929382411,1.0,0.001,IRMV1,0,Pi00,hidden_u_hurts,1.3086745454002222
0.15942051929462298,0.0002358868588567192,0.15953725043971378,0.9999991739943134,0.001,IRMV1,0,PiC0,hidden_u_hurts,1.3086745454002222
0.15942051929462298,0.00023503429129942773,0.15930446650502286,0.9999991775829088,0.001,IRMV1,0,Pi0K,hidden_u_hurts,1.3086745454002222
0.15942051929462298,5.178914726710708e-07,0.15942058709020365,0.9999999999948138,0.001,IRMV1,0,PiCK,hidden_u_hurts,1.3086745454002222
0.016939847902615573,4.0884441422998064e-07,0.016939704503775032,0.9999999997445767,0.001,IRMV1,1,actual,hidden_u_hurts,1.179566679912516
0.016939847902615573,9.39184824568217e-13,0.016939847902397068,1.0000000000000002,0.001,IRMV1,1,Pi00,hidden_u_hurts,1.179566679912516
0.016939847902615573,8.942667372244786e-06,0.0169412279068541,0.9999998639863549,0.001,IRMV1,1,PiC0,hidden_u_hurts,1.179566679912516
0.016939847902615573,8.598849117890602e-06,0.016938353998081,0.9999998750432675,0.001,IRMV1,1,Pi0K,hidden_u_hurts,1.179566679912516
0.016939847902615573,5.062544963537807e-07,0.016939725054045715,0.9999999995797239,0.001,IRMV1,1,PiCK,hidden_u_hurts,1.179566679912516
0.0,0.0,0.0,0.0,0.001,IRMV1,2,actual,hidden_u_hurts,1.1180339887572193
0.0,0.0,0.0,0.0,0.001,IRMV1,2,Pi00,hidden_u_hurts,1.1180339887572193
0.0,0.0,0.0,0.0,0.001,IRMV1,2,PiC0,hidden_u_hurts,1.1180339887572193
0.0,0.0,0.0,0.0,0.001,IRMV1,2,Pi0K,hidden_u_hurts,1.1180339887572193
0.0,0.0,0.0,0.0,0.001,IRMV1,2,PiCK,hidden_u_hurts,1.1180339887572193
0.17753407154173476,8.056211165001647e-07,0.17753327000891544,0.9999999999998959,0.001,IRMV1,3,actual,hidden_u_hurts,1.0491124338579063
0.17753407154173476,1.0963549703322613e-12,0.1775340715414341,1.0,0.001,IRMV1,3,Pi00,hidden_u_hurts,1.0491124338579063
0.17753407154173476,0.00015849334847113736,0.17758128595250502,0.9999996369597821,0.001,IRMV1,3,PiC0,hidden_u_hurts,1.0491124338579063
0.17753407154173476,0.00015767434923421198,0.1774871810108694,0.9999996403925298,0.001,IRMV1,3,Pi0K,hidden_u_hurts,1.0491124338579063
0.17753407154173476,6.001919511442704e-07,0.17753412636515367,0.999999999994333,0.001,IRMV1,3,PiCK,hidden_u_hurts,1.0491124338579063
0.06589107497652855,5.112750612394859e-07,0.06589068718506993,0.9999999999872146,0.001,IRMV1,4,actual,hidden_u_hurts,1.0178008433018144
0.06589107497652855,1.4467491681715249e-12,0.06589107497625257,1.0,0.001,IRMV1,4,Pi00,hidden_u_hurts,1.0178008433018144
0.06589107497652855,6.55820704269143e-05,0.06591285219025748,0.9999995594404326,0.001,IRMV1,4,PiC0,hidden_u_hurts,1.0178008433018144
0.06589107497652855,6.544546206530749e-05,0.06586930144168202,0.9999995611927452,0.001,IRMV1,4,Pi0K,hidden_u_hurts,1.0178008433018144
0.06589107497652855,6.179629959384415e-07,0.06589095558032841,0.999999999957663,0.001,IRMV1,4,PiCK,hidden_u_hurts,1.0178008433018144
0.1263984541514605,2.0491522876814906e-06,0.1263969979800085,0.9999999999349479,0.001,IRMV1,5,actual,hidden_u_hurts,0.5553390759962502
0.1263984541514605,1.8658242699517025e-13,0.12639845415140755,1.0,0.001,IRMV1,5,Pi00,hidden_u_hurts,0.5553390759962502
0.1263984541514605,8.73947499700834e-05,0.1264184904746092,0.9999997735671197,0.001,IRMV1,5,PiC0,hidden_u_hurts,0.5553390759962502
0.1263984541514605,8.882584528402786e-05,0.1263772634183199,0.9999997670891912,0.001,IRMV1,5,Pi0K,hidden_u_hurts,0.5553390759962502
0.1263984541514605,1.9267237075412467e-06,0.12639718027701421,0.9999999999346064,0.001,IRMV1,5,PiCK,hidden_u_hurts,0.5553390759962502
0.2146119130120162,3.0307512675470272e-06,0.21460951623994787,0.9999999999626455,0.001,IRMV1,6,actual,hidden_u_hurts,0.46330382781737406
0.2146119130120162,3.100503007300247e-13,0.214611913012159,1.0,0.001,IRMV1,6,Pi00,hidden_u_hurts,0.46330382781737406
0.2146119130120162,0.00010821759385358679,0.2146298539760878,0.9999998763716416,0.001,IRMV1,6,PiC0,hidden_u_hurts,0.46330382781737406
0.2146119130120162,0.00011005299434509698,0.2145921945798892,0.9999998727272934,0.001,IRMV1,6,Pi0K,hidden_u_hurts,0.46330382781737406
0.2146119130120162,2.658864480232309e-06,0.21461002621756345,0.9999999999619003,0.001,IRMV1,6,PiCK,hidden_u_hurts,0.46330382781737406
0.15942051929462298,9.070948140054827e-06,0.15941178708856546,0.9999999998813489,0.01,IRMV1,0,actual,hidden_u_hurts,1.3086745454002222
0.15942051929462298,2.136817940231098e-12,0.15942051929382411,1.0,0.01,IRMV1,0,Pi00,hidden_u_hurts,1.3086745454002222
0.15942051929462298,0.0023588685981098642,0.1605996041912559,0.9999184853202994,0.01,IRMV1,0,PiC0,hidden_u_hurts,1.3086745454002222
0.15942051929462298,0.0022888995474350444,0.15830155667298212,0.9999210076436229,0.01,IRMV1,0,Pi0K,hidden_u_hurts,1.3086745454002222
0.15942051929462298,5.167842911854466e-06,0.15942117814585222,0.9999999994831299,0.01,IRMV1,0,PiCK,hidden_u_hurts,1.3086745454002222
0.016939847902615573,4.028721331078994e-06,0.01693841252666971,0.999999975307414,0.01,IRMV1,1,actual,hidden_u_hurts,1.179566679912516
0.016939847902615573,9.39184824568217e-13,0.016939847902397068,1.0000000000000002,0.01,IRMV1,1,Pi00,hidden_u_hurts,1.179566679912516
0.016939847902615573,8.942666784098157e-05,0.016953855158297417,0.9999864187991745,0.01,IRMV1,1,PiC0,hidden_u_hurts,1.179566679912516
0.016939847902615573,8.3740595059387e-05,0.01692547114355813,0.9999881314227178,0.01,IRMV1,1,Pi0K,hidden_u_hurts,1.179566679912516
0.016939847902615573,5.013677506403062e-06,0.016938606335131872,0.9999999588839394,0.01,IRMV1,1,PiCK,hidden_u_hurts,1.179566679912516
0.0,0.0,0.0,0.0,0.01,IRMV1,2,actual,hidden_u_hurts,1.1180339887572193
0.0,0.0,0.0,0.0,0.01,IRMV1,2,Pi00,hidden_u_hurts,1.1180339887572193
0.0,0.0,0.0,0.0,0.01,IRMV1,2,PiC0,hidden_u_hurts,1.1180339887572193
0.0,0.0,0.0,0.0,0.01,IRMV1,2,Pi0K,hidden_u_hurts,1.1180339887572193
0.0,0.0,0.0,0.0,0.01,IRMV1,2,PiCK,hidden_u_hurts,1.1180339887572193
0.17753407154173476,7.939601204441087e-06,0.17752616878066166,0.999999999990741,0.01,IRMV1,3,actual,hidden_u_hurts,1.0491124338579063
0.17753407154173476,1.0963549703322613e-12,0.1775340715414341,1.0,0.01,IRMV1,3,Pi00,hidden_u_hurts,1.0491124338579063
0.17753407154173476,0.0015849334910745408,0.17801200239168818,0.9999638708011521,0.01,IRMV1,3,PiC0,hidden_u_hurts,1.0491124338579063
0.17753407154173476,0.0015355237927689067,0.17708286890407327,0.9999657383919749,0.01,IRMV1,3,Pi0K,hidden_u_hurts,1.0491124338579063
0.17753407154173476,5.950282242205312e-06,0.17753459297247345,0.9999999994426443,0.01,IRMV1,3,PiCK,hidden_u_hurts,1.0491124338579063
0.06589107497652855,5.0567875429457635e-06,0.06588725632460646,0.9999999987343895,0.01,IRMV1,4,actual,hidden_u_hurts,1.0178008433018144
0.06589107497652855,1.4467491681715249e-12,0.06589107497625257,1.0,0.01,IRMV1,4,Pi00,hidden_u_hurts,1.0178008433018144
0.06589107497652855,0.0006558207144351877,0.06611145192432194,0.9999562073844613,0.01,IRMV1,4,PiC0,hidden_u_hurts,1.0178008433018144
0.06589107497652855,0.000637345673003575,0.0656814970421756,0.9999581444902823,0.01,IRMV1,4,Pi0K,hidden_u_hurts,1.0178008433018144
0.06589107497652855,6.177819596240405e-06,0.06588988665556289,0.9999999957672603,0.01,IRMV1,4,PiCK,hidden_u_hurts,1.0178008433018144
0.1263984541514605,2.0017863900249282e-05,0.1263841014111819,0.9999999939055803,0.01,IRMV1,5,actual,hidden_u_hurts,0.5553390759962502
0.1263984541514605,1.8658242699517025e-13,0.12639845415140755,1.0,0.01,IRMV1,5,Pi00,hidden_u_hurts,0.5553390759962502
0.1263984541514605,0.00087394749824567,0.12660138955716818,0.9999774218372887,0.01,IRMV1,5,PiC0,hidden_u_hurts,0.5553390759962502
0.1263984541514605,0.0008650376536386635,0.1261945191071804,0.9999778474751022,0.01,IRMV1,5,Pi0K,hidden_u_hurts,0.5553390759962502
0.1263984541514605,1.8879093045215186e-05,0.12638582060378606,0.9999999938399382,0.01,IRMV1,5,PiCK,hidden_u_hurts,0.5553390759962502
0.2146119130120162,2.9722580025558092e-05,0.21458821270924341,0.9999999965070016,0.01,IRMV1,6,actual,hidden_u_hurts,0.46330382781737406
0.2146119130120162,3.100503007300247e-13,0.214611913012159,1.0,0.01,IRMV1,6,Pi00,hidden_u_hurts,0.46330382781737406
0.2146119130120162,0.0010821759362807048,0.21479370873375678,0.9999876559435069,0.01,IRMV1,6,PiC0,hidden_u_hurts,0.46330382781737406
0.2146119130120162,0.0010717613462071234,0.21442199409349233,0.9999879110899028,0.01,IRMV1,6,Pi0K,hidden_u_hurts,0.46330382781737406
0.2146119130120162,2.6132632274440225e-05,0.21459314326053214,0.999999996410636,0.01,IRMV1,6,PiCK,hidden_u_hurts,0.46330382781737406
0.15942051929462298,8.089825761306304e-05,0.15934307783558083,0.9999999892265073,0.1,IRMV1,0,actual,hidden_u_hurts,1.3086745454002222
0.15942051929462298,2.136817940231098e-12,0.15942051929382411,1.0,0.1,IRMV1,0,Pi00,hidden_u_hurts,1.3086745454002222
0.15942051929462298,0.023588685990641612,0.17230494599053564,0.9928934716974558,0.1,IRMV1,0,PiC0,hidden_u_hurts,1.3086745454002222
0.15942051929462298,0.018145377673394577,0.1512751396008919,0.9945491876415605,0.1,IRMV1,0,Pi0K,hidden_u_hurts,1.3086745454002222
0.15942051929462298,5.091269938870444e-05,0.15942563379865324,0.999999949520512,0.1,IRMV1,0,PiCK,hidden_u_hurts,1.3086745454002222
0.016939847902615573,3.6087391372003025e-05,0.01692541638844205,0.9999980921209055,0.1,IRMV1,1,actual,hidden_u_hurts,1.179566679912516
0.016939847902615573,9.39184824568217e-13,0.016939847902397068,1.0000000000000002,0.1,IRMV1,1,Pi00,hidden_u_hurts,1.179566679912516
0.016939847902615573,0.0008942666725283793,0.017100460995848814,0.9986641838737286,0.1,IRMV1,1,PiC0,hidden_u_hurts,1.179566679912516
0.016939847902615573,0.0006638613681027829,0.016836298786487097,0.9992461729446791,0.1,IRMV1,1,Pi0K,hidden_u_hurts,1.179566679912516
0.016939847902615573,4.666032525525357e-05,0.016926426263006153,0.9999965175636031,0.1,IRMV1,1,PiCK,hidden_u_hurts,1.179566679912516
0.0,0.0,0.0,0.0,0.1,IRMV1,2,actual,hidden_u_hurts,1.1180339887572193
0.0,0.0,0.0,0.0,0.1,IRMV1,2,Pi00,hidden_u_hurts,1.1180339887572193
0.0,0.0,0.0,0.0,0.1,IRMV1,2,PiC0,hidden_u_hurts,1.1180339887572193
0.0,0.0,0.0,0.0,0.1,IRMV1,2,Pi0K,hidden_u_hurts,1.1180339887572193
0.0,0.0,0.0,0.0,0.1,IRMV1,2,PiCK,hidden_u_hurts,1.1180339887572193
0.17753407154173476,7.038994749773486e-05,0.17746384061857465,0.9999999996451114,0.1,IRMV1,3,actual,hidden_u_hurts,1.0491124338579063
0.17753407154173476,1.0963549703322613e-12,0.1775340715414341,1.0,0.1,IRMV1,3,Pi00,hidden_u_hurts,1.0491124338579063
0.17753407154173476,0.015849334917108607,0.1828761663199331,0.9965709004136795,0.1,IRMV1,3,PiC0,hidden_u_hurts,1.0491124338579063
0.17753407154173476,0.012172949658054013,0.17429676218465157,0.9977749765721596,0.1,IRMV1,3,Pi0K,hidden_u_hurts,1.0491124338579063
0.17753407154173476,5.5846319332824974e-05,0.17753721744334874,0.9999999506817466,0.1,IRMV1,3,PiCK,hidden_u_hurts,1.0491124338579063
0.06589107497652855,4.6335608028756246e-05,0.06585747124184532,0.9999998827288341,0.1,IRMV1,4,actual,hidden_u_hurts,1.0178008433018144
0.06589107497652855,1.4467491681715249e-12,0.06589107497625257,1.0,0.1,IRMV1,4,Pi00,hidden_u_hurts,1.0178008433018144
0.06589107497652855,0.006558207154517746,0.06834651399062568,0.995894136346349,0.1,IRMV1,4,PiC0,hidden_u_hurts,1.0178008433018144
0.06589107497652855,0.005052593724374169,0.06438414220738457,0.9972588412172609,0.1,IRMV1,4,Pi0K,hidden_u_hurts,1.0178008433018144
0.06589107497652855,6.164632758131955e-05,0.06587963364309916,0.999999577347716,0.1,IRMV1,4,PiCK,hidden_u_hurts,1.0178008433018144
0.1263984541514605,0.00016530579619243173,0.12627080632211898,0.9999996543941906,0.1,IRMV1,5,actual,hidden_u_hurts,0.5553390759962502
0.1263984541514605,1.8658242699517025e-13,0.12639845415140755,1.0,0.1,IRMV1,5,Pi00,hidden_u_hurts,0.5553390759962502
0.1263984541514605,0.008739474981001527,0.12868075245317764,0.9978121940808913,0.1,IRMV1,5,PiC0,hidden_u_hurts,0.5553390759962502
0.1263984541514605,0.006857662259906618,0.12493104757569473,0.9985791276615775,0.1,IRMV1,5,Pi0K,hidden_u_hurts,0.5553390759962502
0.1263984541514605,0.00015978195117743077,0.1262802283939313,0.9999996381025834,0.1,IRMV1,5,PiCK,hidden_u_hurts,0.5553390759962502
0.2146119130120162,0.0002543019667768805,0.21439534602564403,0.9999998069165679,0.1,IRMV1,6,actual,hidden_u_hurts,0.46330382781737406
0.2146119130120162,3.100503007300247e-13,0.214611913012159,1.0,0.1,IRMV1,6,Pi00,hidden_u_hurts,0.46330382781737406
0.2146119130120162,0.010821759360552054,0.2166663649103382,0.9987861108988462,0.1,IRMV1,6,PiC0,hidden_u_hurts,0.46330382781737406
0.2146119130120162,0.00849660872143144,0.2132324459088922,0.9992320146895769,0.1,IRMV1,6,Pi0K,hidden_u_hurts,0.46330382781737406
0.2146119130120162,0.00022774785689009551,0.21443179278508318,0.9999997889401159,0.1,IRMV1,6,PiCK,hidden_u_hurts,0.46330382781737406
0.15942051929462298,1.585949582272994e-07,0.15942050683079256,0.9999999999995082,0.001,VREX,0,actual,hidden_u_hurts,1.3086745454002222
0.15942051929462298,2.136817940231098e-12,0.15942051929382411,1.0,0.001,VREX,0,Pi00,hidden_u_hurts,1.3086745454002222
0.15942051929462298,3.0540479375702843e-07,0.15942051534908705,0.9999999999981652,0.001,VREX,0,PiC0,hidden_u_hurts,1.3086745454002222
0.15942051929462298,1.251513617710782e-07,0.15942053292651956,0.9999999999996956,0.001,VREX,0,Pi0K,hidden_u_hurts,1.3086745454002222
0.15942051929462298,1.9050869230612255e-07,0.1594205289813272,0.9999999999992879,0.001,VREX,0,PiCK,hidden_u_hurts,1.3086745454002222
0.016939847902615573,6.360016074032789e-08,0.01693986507216829,0.9999999999934657,0.001,VREX,1,actual,hidden_u_hurts,1.179566679912516
0.016939847902615573,9.39184824568217e-13,0.016939847902397068,1.0000000000000002,0.001,VREX,1,Pi00,hidden_u_hurts,1.179566679912516
0.016939847902615573,1.0514838880120154e-07,0.016939891555619174,0.9999999999840558,0.001,VREX,1,PiC0,hidden_u_hurts,1.179566679912516
0.016939847902615573,2.819366785062878e-08,0.01693983015348101,0.9999999999991641,0.001,VREX,1,Pi0K,hidden_u_hurts,1.179566679912516
0.016939847902615573,1.0541191143789957e-07,0.01693987380670523,0.9999999999818081,0.001,VREX,1,PiCK,hidden_u_hurts,1.179566679912516
0.0,0.0,0.0,0.0,0.001,VREX,2,actual,hidden_u_hurts,1.1180339887572193
0.0,0.0,0.0,0.0,0.001,VREX,2,Pi00,hidden_u_hurts,1.1180339887572193
0.0,0.0,0.0,0.0,0.001,VREX,2,PiC0,hidden_u_hurts,1.1180339887572193
0.0,0.0,0.0,0.0,0.001,VREX,2,Pi0K,hidden_u_hurts,1.1180339887572193
0.0,0.0,0.0,0.0,0.001,VREX,2,PiCK,hidden_u_hurts,1.1180339887572193
0.17753407154173476,1.1252972972263912e-07,0.17753405681159523,0.9999999999998025,0.001,VREX,3,actual,hidden_u_hurts,1.0491124338579063
0.17753407154173476,1.0963549703322613e-12,0.1775340715414341,1.0,0.001,VREX,3,Pi00,hidden_u_hurts,1.0491124338579063
0.17753407154173476,2.3149993636165722e-07,0.17753409040037732,0.9999999999991555,0.001,VREX,3,PiC0,hidden_u_hurts,1.0491124338579063
0.17753407154173476,8.86226428291304e-08,0.1775340642987598,0.9999999999998763,0.001,VREX,3,Pi0K,hidden_u_hurts,1.0491124338579063
0.17753407154173476,1.4306995611629098e-07,0.17753408315747296,0.9999999999996775,0.001,VREX,3,PiCK,hidden_u_hurts,1.0491124338579063
0.06589107497652855,8.47925285626046e-08,0.06589106100783529,0.9999999999991945,0.001,VREX,4,actual,hidden_u_hurts,1.0178008433018144
0.06589107497652855,1.4467491681715249e-12,0.06589107497625257,1.0,0.001,VREX,4,Pi00,hidden_u_hurts,1.0178008433018144
0.06589107497652855,1.693743201093015e-07,0.06589109497963122,0.9999999999967424,0.001,VREX,4,PiC0,hidden_u_hurts,1.0178008433018144
0.06589107497652855,3.9405455917581604e-08,0.0658910799746185,0.999999999999824,0.001,VREX,4,Pi0K,hidden_u_hurts,1.0178008433018144
0.06589107497652855,1.4255064853745692e-07,0.06589109997784505,0.9999999999977319,0.001,VREX,4,PiCK,hidden_u_hurts,1.0178008433018144
0.1263984541514605,1.6799700086243867e-07,0.12639851624550744,0.9999999999992372,0.001,VREX,5,actual,hidden_u_hurts,0.5553390759962502
0.1263984541514605,1.8658242699517025e-13,0.12639845415140755,1.0,0.001,VREX,5,Pi00,hidden_u_hurts,0.5553390759962502
0.1263984541514605,1.1639795464411359e-07,0.1263985625668189,0.9999999999999437,0.001,VREX,5,PiC0,hidden_u_hurts,0.5553390759962502
0.1263984541514605,1.7125615497448998e-07,0.12639844073748566,0.9999999999990877,0.001,VREX,5,Pi0K,hidden_u_hurts,0.5553390759962502
0.1263984541514605,1.920185615364893e-07,0.126398549152861,0.9999999999991286,0.001,VREX,5,PiCK,hidden_u_hurts,0.5553390759962502
0.2146119130120162,2.8803443539288497e-07,0.21461180491653795,0.9999999999992263,0.001,VREX,6,actual,hidden_u_hurts,0.46330382781737406
0.2146119130120162,3.100503007300247e-13,0.214611913012159,1.0,0.001,VREX,6,Pi00,hidden_u_hurts,0.46330382781737406
0.2146119130120162,1.395228542903055e-07,0.21461204448437124,0.9999999999999765,0.001,VREX,6,PiC0,hidden_u_hurts,0.46330382781737406
0.2146119130120162,3.117850261008225e-07,0.21461175912486397,0.9999999999992019,0.001,VREX,6,Pi0K,hidden_u_hurts,0.46330382781737406
0.2146119130120162,2.7098777471706606e-07,0.21461189059696897,0.9999999999992083,0.001,VREX,6,PiCK,hidden_u_hurts,0.46330382781737406
0.15942051929462298,1.5859021237356738e-06,0.1594203946739152,0.9999999999508252,0.01,VREX,0,actual,hidden_u_hurts,1.3086745454002222
0.15942051929462298,2.136817940231098e-12,0.15942051929382411,1.0,0.01,VREX,0,Pi00,hidden_u_hurts,1.3086745454002222
0.15942051929462298,3.054041446085575e-06,0.15942047987277708,0.9999999998165326,0.01,VREX,0,PiC0,hidden_u_hurts,1.3086745454002222
0.15942051929462298,1.2515222305745346e-06,0.1594206556339901,0.9999999999695511,0.01,VREX,0,Pi0K,hidden_u_hurts,1.3086745454002222
0.15942051929462298,1.9050618758800288e-06,0.15942061616741074,0.9999999999287845,0.01,VREX,0,PiCK,hidden_u_hurts,1.3086745454002222
0.016939847902615573,6.359886702905591e-07,0.0169400196089835,0.9999999993466047,0.01,VREX,1,actual,hidden_u_hurts,1.179566679912516
0.016939847902615573,9.39184824568217e-13,0.016939847902397068,1.0000000000000002,0.01,VREX,1,Pi00,hidden_u_hurts,1.179566679912516
0.016939847902615573,1.0514902492057095e-06,0.01694028445892603,0.9999999984056458,0.01,VREX,1,PiC0,hidden_u_hurts,1.179566679912516
0.016939847902615573,2.8193759300444555e-07,0.016939670418734717,0.9999999999163837,0.01,VREX,1,Pi0K,hidden_u_hurts,1.179566679912516
0.016939847902615573,1.0541185265525031e-06,0.01694010697547245,0.999999998180867,0.01,VREX,1,PiCK,hidden_u_hurts,1.179566679912516
0.0,0.0,0.0,0.0,0.01,VREX,2,actual,hidden_u_hurts,1.1180339887572193
0.0,0.0,0.0,0.0,0.01,VREX,2,Pi00,hidden_u_hurts,1.1180339887572193
0.0,0.0,0.0,0.0,0.01,VREX,2,PiC0,hidden_u_hurts,1.1180339887572193
0.0,0.0,0.0,0.0,0.01,VREX,2,Pi0K,hidden_u_hurts,1.1180339887572193
0.0,0.0,0.0,0.0,0.01,VREX,2,PiCK,hidden_u_hurts,1.1180339887572193
0.17753407154173476,1.125267879162984e-06,0.17753392425325912,0.999999999980257,0.01,VREX,3,actual,hidden_u_hurts,1.0491124338579063
0.17753407154173476,1.0963549703322613e-12,0.1775340715414341,1.0,0.01,VREX,3,Pi00,hidden_u_hurts,1.0491124338579063
0.17753407154173476,2.314994305052398e-06,0.17753426014436025,0.9999999999155472,0.01,VREX,3,PiC0,hidden_u_hurts,1.0491124338579063
0.17753407154173476,8.86227521712245e-07,0.17753399912065,0.9999999999876236,0.01,VREX,3,Pi0K,hidden_u_hurts,1.0491124338579063
0.17753407154173476,1.4306886950315548e-06,0.1775341877005718,0.9999999999677428,0.01,VREX,3,PiCK,hidden_u_hurts,1.0491124338579063
0.06589107497652855,8.478947605240543e-07,0.06589093530168902,0.9999999999194522,0.01,VREX,4,actual,hidden_u_hurts,1.0178008433018144
0.06589107497652855,1.4467491681715249e-12,0.06589107497625257,1.0,0.01,VREX,4,Pi00,hidden_u_hurts,1.0178008433018144
0.06589107497652855,1.6937348939969394e-06,0.06589127502935746,0.9999999996742345,0.01,VREX,4,PiC0,hidden_u_hurts,1.0178008433018144
0.06589107497652855,3.9406622330038053e-07,0.06589112496307627,0.9999999999824042,0.01,VREX,4,Pi0K,hidden_u_hurts,1.0178008433018144
0.06589107497652855,1.4254827206970098e-06,0.06589132500097437,0.9999999997731867,0.01,VREX,4,PiCK,hidden_u_hurts,1.0178008433018144
0.1263984541514605,1.6799690542322187e-06,0.12639907511975865,0.9999999999237419,0.01,VREX,5,actual,hidden_u_hurts,0.5553390759962502
0.1263984541514605,1.8658242699517025e-13,0.12639845415140755,1.0,0.01,VREX,5,Pi00,hidden_u_hurts,0.5553390759962502
0.1263984541514605,1.1639803500557221e-06,0.12639953830615994,0.9999999999943837,0.01,VREX,5,PiC0,hidden_u_hurts,0.5553390759962502
0.1263984541514605,1.712562835916875e-06,0.12639832004344903,0.999999999908776,0.01,VREX,5,Pi0K,hidden_u_hurts,0.5553390759962502
0.1263984541514605,1.920209706096978e-06,0.12639940419460063,0.9999999999128535,0.01,VREX,5,PiCK,hidden_u_hurts,0.5553390759962502
0.2146119130120162,2.8802854463478452e-06,0.2146108321405524,0.9999999999226219,0.01,VREX,6,actual,hidden_u_hurts,0.46330382781737406
0.2146119130120162,3.100503007300247e-13,0.214611913012159,1.0,0.01,VREX,6,Pi00,hidden_u_hurts,0.46330382781737406
0.2146119130120162,1.3952280455689588e-06,0.21461322773473873,0.9999999999976317,0.01,VREX,6,PiC0,hidden_u_hurts,0.46330382781737406
0.2146119130120162,3.1178290473740185e-06,0.21461037419539208,0.9999999999201776,0.01,VREX,6,Pi0K,hidden_u_hurts,0.46330382781737406
0.2146119130120162,2.7098922969448645e-06,0.2146116889072504,0.9999999999208253,0.01,VREX,6,PiCK,hidden_u_hurts,0.46330382781737406
0.15942051929462298,1.585431566308991e-05,0.15941927442217227,0.9999999950853329,0.1,VREX,0,actual,hidden_u_hurts,1.3086745454002222
0.15942051929462298,2.136817940231098e-12,0.15942051929382411,1.0,0.1,VREX,0,Pi00,hidden_u_hurts,1.3086745454002222
0.15942051929462298,3.054040797009443e-05,0.1594201277157223,0.9999999816531758,0.1,VREX,0,PiC0,hidden_u_hurts,1.3086745454002222
0.15942051929462298,1.2515549713647775e-05,0.15942188401665094,0.9999999969550308,0.1,VREX,0,Pi0K,hidden_u_hurts,1.3086745454002222
0.15942051929462298,1.904879389078231e-05,0.1594214878850981,0.9999999928798431,0.1,VREX,0,PiCK,hidden_u_hurts,1.3086745454002222
0.016939847902615573,6.358265482728114e-06,0.01694156611797309,0.9999999347092315,0.1,VREX,1,actual,hidden_u_hurts,1.179566679912516
0.016939847902615573,9.39184824568217e-13,0.016939847902397068,1.0000000000000002,0.1,VREX,1,Pi00,hidden_u_hurts,1.179566679912516
0.016939847902615573,1.0514908853501848e-05,0.01694421589785673,0.9999998406383515,0.1,VREX,1,PiC0,hidden_u_hurts,1.179566679912516
0.016939847902615573,2.819083112486746e-06,0.0169380736155356,0.9999999916370513,0.1,VREX,1,Pi0K,hidden_u_hurts,1.179566679912516
0.016939847902615573,1.0540395679293362e-05,0.016942441631600243,0.9999998181678679,0.1,VREX,1,PiCK,hidden_u_hurts,1.179566679912516
0.0,0.0,0.0,0.0,0.1,VREX,2,actual,hidden_u_hurts,1.1180339887572193
0.0,0.0,0.0,0.0,0.1,VREX,2,Pi00,hidden_u_hurts,1.1180339887572193
0.0,0.0,0.0,0.0,0.1,VREX,2,PiC0,hidden_u_hurts,1.1180339887572193
0.0,0.0,0.0,0.0,0.1,VREX,2,Pi0K,hidden_u_hurts,1.1180339887572193
0.0,0.0,0.0,0.0,0.1,VREX,2,PiCK,hidden_u_hurts,1.1180339887572193
0.17753407154173476,1.1249917529902008e-05,0.1775325997182754,0.999999998026619,0.1,VREX,3,actual,hidden_u_hurts,1.0491124338579063
0.17753407154173476,1.0963549703322613e-12,0.1775340715414341,1.0,0.1,VREX,3,Pi00,hidden_u_hurts,1.0491124338579063
0.17753407154173476,2.3149937992280786e-05,0.17753595892007365,0.9999999915548907,0.1,VREX,3,PiC0,hidden_u_hurts,1.0491124338579063
0.17753407154173476,8.861862748992373e-06,0.1775333479294583,0.9999999987624774,0.1,VREX,3,Pi0K,hidden_u_hurts,1.0491124338579063
0.17753407154173476,1.4306287715573646e-05,0.1775352330077038,0.9999999967745843,0.1,VREX,3,PiCK,hidden_u_hurts,1.0491124338579063
0.06589107497652855,8.476150372683137e-06,0.06588967925170065,0.999999991950201,0.1,VREX,4,actual,hidden_u_hurts,1.0178008433018144
0.06589107497652855,1.4467491681715249e-12,0.06589107497625257,1.0,0.1,VREX,4,Pi00,hidden_u_hurts,1.0178008433018144
0.06589107497652855,1.6937340633362663e-05,0.06589307743909939,0.9999999674252746,0.1,VREX,4,PiC0,hidden_u_hurts,1.0178008433018144
0.06589107497652855,3.940836794998202e-06,0.06589157516096104,0.9999999982403059,0.1,VREX,4,Pi0K,hidden_u_hurts,1.0178008433018144
0.06589107497652855,1.4253153907697209e-05,0.06589357610282409,0.9999999773254379,0.1,VREX,4,PiCK,hidden_u_hurts,1.0178008433018144
0.1263984541514605,1.679966931335411e-05,0.12640466656403065,0.9999999923756205,0.1,VREX,5,actual,hidden_u_hurts,0.5553390759962502
0.1263984541514605,1.8658242699517025e-13,0.12639845415140755,1.0,0.1,VREX,5,Pi00,hidden_u_hurts,0.5553390759962502
0.1263984541514605,1.1639804304253153e-05,0.12640929576281673,0.9999999994384597,0.1,VREX,5,PiC0,hidden_u_hurts,0.5553390759962502
0.1263984541514605,1.7125904467027183e-05,0.12639711619797986,0.9999999908769657,0.1,VREX,5,Pi0K,hidden_u_hurts,0.5553390759962502
0.1263984541514605,1.9204589472238082e-05,0.12640795744959887,0.9999999912846544,0.1,VREX,5,PiCK,hidden_u_hurts,0.5553390759962502
0.2146119130120162,2.8797132047330968e-05,0.21460111286315445,0.9999999922634152,0.1,VREX,6,actual,hidden_u_hurts,0.46330382781737406
0.2146119130120162,3.100503007300247e-13,0.214611913012159,1.0,0.1,VREX,6,Pi00,hidden_u_hurts,0.46330382781737406
0.2146119130120162,1.3952279958602409e-05,0.21462506028369868,0.999999999763191,0.1,VREX,6,PiC0,hidden_u_hurts,0.46330382781737406
0.2146119130120162,3.117623274229059e-05,0.2145965304626414,0.9999999920167721,0.1,VREX,6,Pi0K,hidden_u_hurts,0.46330382781737406
0.2146119130120162,2.7100476218501978e-05,0.21460967666246938,0.9999999920813125,0.1,VREX,6,PiCK,hidden_u_hurts,0.46330382781737406
0.319942029393104,1.1102230246251565e-16,0.3199420293931039,1.0,0.0,L2,0,actual,u_exposed_complete_information,3.668504463674537
0.319942029393104,1.6653345369377348e-16,0.31994202939310384,1.0,0.0,L2,0,Pi00,u_exposed_complete_information,3.668504463674537
0.319942029393104,1.6653345369377348e-16,0.31994202939310384,1.0,0.0,L2,0,PiC0,u_exposed_complete_information,3.668504463674537
0.319942029393104,1.6653345369377348e-16,0.31994202939310384,1.0,0.0,L2,0,Pi0K,u_exposed_complete_information,3.668504463674537
0.319942029393104,1.6653345369377348e-16,0.31994202939310384,1.0,0.0,L2,0,PiCK,u_exposed_complete_information,3.668504463674537
0.15942051929462298,8.993633653939092e-13,0.15942051929414636,1.0,0.0,L2,1,actual,u_exposed_complete_information,1.3086745454002222
0.15942051929462298,2.136817940231098e-12,0.15942051929382411,1.0,0.0,L2,1,Pi00,u_exposed_complete_information,1.3086745454002222
0.15942051929462298,2.136817940231098e-12,0.15942051929382411,1.0,0.0,L2,1,PiC0,u_exposed_complete_information,1.3086745454002222
0.15942051929462298,2.136817940231098e-12,0.15942051929382411,1.0,0.0,L2,1,Pi0K,u_exposed_complete_information,1.3086745454002222
0.15942051929462298,2.136817940231098e-12,0.15942051929382411,1.0,0.0,L2,1,PiCK,u_exposed_complete_information,1.3086745454002222
0.016939847902615573,5.192559819585452e-13,0.016939847902692328,1.0,0.0,L2,2,actual,u_exposed_complete_information,1.179566679912516
0.016939847902615573,9.39184824568217e-13,0.016939847902397068,1.0000000000000002,0.0,L2,2,Pi00,u_exposed_complete_information,1.179566679912516
0.016939847902615573,9.39184824568217e-13,0.016939847902397068,1.0000000000000002,0.0,L2,2,PiC0,u_exposed_complete_information,1.179566679912516
0.016939847902615573,9.39184824568217e-13,0.016939847902397068,1.0000000000000002,0.0,L2,2,Pi0K,u_exposed_complete_information,1.179566679912516
0.016939847902615573,9.39184824568217e-13,0.016939847902397068,1.0000000000000002,0.0,L2,2,PiCK,u_exposed_complete_information,1.179566679912516
0.0,0.0,0.0,0.0,0.0,L2,3,actual,u_exposed_complete_information,1.1180339887572193
0.0,0.0,0.0,0.0,0.0,L2,3,Pi00,u_exposed_complete_information,1.1180339887572193
0.0,0.0,0.0,0.0,0.0,L2,3,PiC0,u_exposed_complete_information,1.1180339887572193
0.0,0.0,0.0,0.0,0.0,L2,3,Pi0K,u_exposed_complete_information,1.1180339887572193
0.0,0.0,0.0,0.0,0.0,L2,3,PiCK,u_exposed_complete_information,1.1180339887572193
0.17753407154173476,4.677018339480715e-13,0.17753407154147605,1.0,0.0,L2,4,actual,u_exposed_complete_information,1.0491124338579063
0.17753407154173476,1.0963549703322613e-12,0.1775340715414341,1.0,0.0,L2,4,Pi00,u_exposed_complete_information,1.0491124338579063
0.17753407154173476,1.0963549703322613e-12,0.1775340715414341,1.0,0.0,L2,4,PiC0,u_exposed_complete_information,1.0491124338579063
0.17753407154173476,1.0963549703322613e-12,0.1775340715414341,1.0,0.0,L2,4,Pi0K,u_exposed_complete_information,1.0491124338579063
0.17753407154173476,1.0963549703322613e-12,0.1775340715414341,1.0,0.0,L2,4,PiCK,u_exposed_complete_information,1.0491124338579063
0.06589107497652855,8.546958660297999e-13,0.06589107497632048,1.0,0.0,L2,5,actual,u_exposed_complete_information,1.0178008433018144
0.06589107497652855,1.4467491681715249e-12,0.06589107497625257,1.0,0.0,L2,5,Pi00,u_exposed_complete_information,1.0178008433018144
0.06589107497652855,1.4467491681715249e-12,0.06589107497625257,1.0,0.0,L2,5,PiC0,u_exposed_complete_information,1.0178008433018144
0.06589107497652855,1.4467491681715249e-12,0.06589107497625257,1.0,0.0,L2,5,Pi0K,u_exposed_complete_information,1.0178008433018144
0.06589107497652855,1.4467491681715249e-12,0.06589107497625257,1.0,0.0,L2,5,PiCK,u_exposed_complete_information,1.0178008433018144
0.1263984541514605,1.822123786037369e-13,0.1263984541514011,0.9999999999999998,0.0,L2,6,actual,u_exposed_complete_information,0.5553390759962502
0.1263984541514605,1.8658242699517025e-13,0.12639845415140755,1.0,0.0,L2,6,Pi00,u_exposed_complete_information,0.5553390759962502
0.1263984541514605,1.8658242699517025e-13,0.12639845415140755,1.0,0.0,L2,6,PiC0,u_exposed_complete_information,0.5553390759962502
0.1263984541514605,1.8658242699517025e-13,0.12639845415140755,1.0,0.0,L2,6,Pi0K,u_exposed_complete_information,0.5553390759962502
0.1263984541514605,1.8658242699517025e-13,0.12639845415140755,1.0,0.0,L2,6,PiCK,u_exposed_complete_information,0.5553390759962502
0.2146119130120162,5.912598939081698e-13,0.2146119130122813,0.9999999999999999,0.0,L2,7,actual,u_exposed_complete_information,0.46330382781737406
0.2146119130120162,3.100503007300247e-13,0.214611913012159,1.0,0.0,L2,7,Pi00,u_exposed_complete_information,0.46330382781737406
0.2146119130120162,3.100503007300247e-13,0.214611913012159,1.0,0.0,L2,7,PiC0,u_exposed_complete_information,0.46330382781737406
0.2146119130120162,3.100503007300247e-13,0.214611913012159,1.0,0.0,L2,7,Pi0K,u_exposed_complete_information,0.46330382781737406
0.2146119130120162,3.100503007300247e-13,0.214611913012159,1.0,0.0,L2,7,PiCK,u_exposed_complete_information,0.46330382781737406
0.319942029393104,2.445465229516941e-05,0.31991757474080884,1.0,0.001,L2,0,actual,u_exposed_complete_information,3.668504463674537
0.319942029393104,1.6653345369377348e-16,0.31994202939310384,1.0,0.001,L2,0,Pi00,u_exposed_complete_information,3.668504463674537
0.319942029393104,1.6653345369377348e-16,0.31994202939310384,1.0,0.001,L2,0,PiC0,u_exposed_complete_information,3.668504463674537
0.319942029393104,0.00022202777889879233,0.3197200016142052,1.0,0.001,L2,0,Pi0K,u_exposed_complete_information,3.668504463674537
0.319942029393104,0.00022202777889879233,0.3197200016142052,1.0,0.001,L2,0,PiCK,u_exposed_complete_information,3.668504463674537
0.15942051929462298,0.00014010606955101984,0.1592853968486896,0.9999999729922451,0.001,L2,1,actual,u_exposed_complete_information,1.3086745454002222
0.15942051929462298,2.136817940231098e-12,0.15942051929382411,1.0,0.001,L2,1,Pi00,u_exposed_complete_information,1.3086745454002222
0.15942051929462298,2.136817940231098e-12,0.15942051929382411,1.0,0.001,L2,1,PiC0,u_exposed_complete_information,1.3086745454002222
0.15942051929462298,6.6932395311666e-05,0.15935838160788085,0.9999999878202417,0.001,L2,1,Pi0K,u_exposed_complete_information,1.3086745454002222
0.15942051929462298,6.6932395311666e-05,0.15935838160788085,0.9999999878202417,0.001,L2,1,PiCK,u_exposed_complete_information,1.3086745454002222
0.016939847902615573,3.037146435473098e-05,0.016925826776747383,0.9999987342502807,0.001,L2,2,actual,u_exposed_complete_information,1.179566679912516
0.016939847902615573,9.39184824568217e-13,0.016939847902397068,1.0000000000000002,0.001,L2,2,Pi00,u_exposed_complete_information,1.179566679912516
0.016939847902615573,9.39184824568217e-13,0.016939847902397068,1.0000000000000002,0.001,L2,2,PiC0,u_exposed_complete_information,1.179566679912516
0.016939847902615573,1.295707727753689e-05,0.016927385402709865,0.9999999780783532,0.001,L2,2,Pi0K,u_exposed_complete_information,1.179566679912516
0.016939847902615573,1.295707727753689e-05,0.016927385402709865,0.9999999780783532,0.001,L2,2,PiCK,u_exposed_complete_information,1.179566679912516
0.0,0.0,0.0,0.0,0.001,L2,3,actual,u_exposed_complete_information,1.1180339887572193
0.0,0.0,0.0,0.0,0.001,L2,3,Pi00,u_exposed_complete_information,1.1180339887572193
0.0,0.0,0.0,0.0,0.001,L2,3,PiC0,u_exposed_complete_information,1.1180339887572193
0.0,0.0,0.0,0.0,0.001,L2,3,Pi0K,u_exposed_complete_information,1.1180339887572193
0.0,0.0,0.0,0.0,0.001,L2,3,PiCK,u_exposed_complete_information,1.1180339887572193
0.17753407154173476,0.00016798928473894708,0.17738117966139869,0.999999923082127,0.001,L2,4,actual,u_exposed_complete_information,1.0491124338579063
0.17753407154173476,1.0963549703322613e-12,0.1775340715414341,1.0,0.001,L2,4,Pi00,u_exposed_complete_information,1.0491124338579063
0.17753407154173476,1.0963549703322613e-12,0.1775340715414341,1.0,0.001,L2,4,PiC0,u_exposed_complete_information,1.0491124338579063
0.17753407154173476,8.965103714778872e-05,0.1774467811942372,0.9999999933703824,0.001,L2,4,Pi0K,u_exposed_complete_information,1.0491124338579063
0.17753407154173476,8.965103714778872e-05,0.1774467811942372,0.9999999933703824,0.001,L2,4,PiCK,u_exposed_complete_information,1.0491124338579063
0.06589107497652855,0.0001088308910558813,0.06582751616150881,0.9999991003415103,0.001,L2,5,actual,u_exposed_complete_information,1.0178008433018144
0.06589107497652855,1.4467491681715249e-12,0.06589107497625257,1.0,0.001,L2,5,Pi00,u_exposed_complete_information,1.0178008433018144
0.06589107497652855,1.4467491681715249e-12,0.06589107497625257,1.0,0.001,L2,5,PiC0,u_exposed_complete_information,1.0178008433018144
0.06589107497652855,3.52703743445331e-05,0.06585695441614144,0.9999999908066862,0.001,L2,5,Pi0K,u_exposed_complete_information,1.0178008433018144
0.06589107497652855,3.52703743445331e-05,0.06585695441614144,0.9999999908066862,0.001,L2,5,PiCK,u_exposed_complete_information,1.0178008433018144
0.1263984541514605,0.00010473002040795588,0.1262963797643981,0.9999999827985426,0.001,L2,6,actual,u_exposed_complete_information,0.5553390759962502
0.1263984541514605,1.8658242699517025e-13,0.12639845415140755,1.0,0.001,L2,6,Pi00,u_exposed_complete_information,0.5553390759962502
0.1263984541514605,1.8658242699517025e-13,0.12639845415140755,1.0,0.001,L2,6,PiC0,u_exposed_complete_information,0.5553390759962502
0.1263984541514605,9.530833723904217e-05,0.12630381700512033,0.9999999960071151,0.001,L2,6,Pi0K,u_exposed_complete_information,0.5553390759962502
0.1263984541514605,9.530833723904217e-05,0.12630381700512033,0.9999999960071151,0.001,L2,6,PiCK,u_exposed_complete_information,0.5553390759962502
0.2146119130120162,0.00024642948834668297,0.2143664549721305,0.9999999948066818,0.001,L2,7,actual,u_exposed_complete_information,0.46330382781737406
0.2146119130120162,3.100503007300247e-13,0.214611913012159,1.0,0.001,L2,7,Pi00,u_exposed_complete_information,0.46330382781737406
0.2146119130120162,3.100503007300247e-13,0.214611913012159,1.0,0.001,L2,7,PiC0,u_exposed_complete_information,0.46330382781737406
0.2146119130120162,0.0001987934715424106,0.21441367872854464,0.9999999975876381,0.001,L2,7,Pi0K,u_exposed_complete_information,0.46330382781737406
0.2146119130120162,0.0001987934715424106,0.21441367872854464,0.9999999975876381,0.001,L2,7,PiCK,u_exposed_complete_information,0.46330382781737406
0.319942029393104,0.00024782578257065424,0.31969420361053336,1.0,0.01,L2,0,actual,u_exposed_complete_information,3.668504463674537
0.319942029393104,1.6653345369377348e-16,0.31994202939310384,1.0,0.01,L2,0,Pi00,u_exposed_complete_information,3.668504463674537
0.319942029393104,1.6653345369377348e-16,0.31994202939310384,1.0,0.01,L2,0,PiC0,u_exposed_complete_information,3.668504463674537
0.319942029393104,0.0022064967544351277,0.3177355326386689,1.0,0.01,L2,0,Pi0K,u_exposed_complete_information,3.668504463674537
0.319942029393104,0.0022064967544351277,0.3177355326386689,1.0,0.01,L2,0,PiCK,u_exposed_complete_information,3.668504463674537
0.15942051929462298,0.001391719867719115,0.15807828822647788,0.9999973155754853,0.01,L2,1,actual,u_exposed_complete_information,1.3086745454002222
0.15942051929462298,2.136817940231098e-12,0.15942051929382411,1.0,0.01,L2,1,Pi00,u_exposed_complete_information,1.3086745454002222
0.15942051929462298,2.136817940231098e-12,0.15942051929382411,1.0,0.01,L2,1,PiC0,u_exposed_complete_information,1.3086745454002222
0.15942051929462298,0.0006663405457441676,0.1588018329401211,0.9999987905620372,0.01,L2,1,Pi0K,u_exposed_complete_information,1.3086745454002222
0.15942051929462298,0.0006663405457441676,0.1588018329401211,0.9999987905620372,0.01,L2,1,PiCK,u_exposed_complete_information,1.3086745454002222
0.016939847902615573,0.0003007824249651405,0.01680278512585357,0.9998740782874439,0.01,L2,2,actual,u_exposed_complete_information,1.179566679912516
0.016939847902615573,9.39184824568217e-13,0.016939847902397068,1.0000000000000002,0.01,L2,2,Pi00,u_exposed_complete_information,1.179566679912516
0.016939847902615573,9.39184824568217e-13,0.016939847902397068,1.0000000000000002,0.01,L2,2,PiC0,u_exposed_complete_information,1.179566679912516
0.016939847902615573,0.00012862036213791682,0.016816141210946767,0.9999978237739907,0.01,L2,2,Pi0K,u_exposed_complete_information,1.179566679912516
0.016939847902615573,0.00012862036213791682,0.016816141210946767,0.9999978237739907,0.01,L2,2,PiCK,u_exposed_complete_information,1.179566679912516
0.0,0.0,0.0,0.0,0.01,L2,3,actual,u_exposed_complete_information,1.1180339887572193
0.0,0.0,0.0,0.0,0.01,L2,3,Pi00,u_exposed_complete_information,1.1180339887572193
0.0,0.0,0.0,0.0,0.01,L2,3,PiC0,u_exposed_complete_information,1.1180339887572193
0.0,0.0,0.0,0.0,0.01,L2,3,Pi0K,u_exposed_complete_information,1.1180339887572193
0.0,0.0,0.0,0.0,0.01,L2,3,PiCK,u_exposed_complete_information,1.1180339887572193
0.17753407154173476,0.0016668769973107282,0.17601684678443133,0.9999923756256031,0.01,L2,4,actual,u_exposed_complete_information,1.0491124338579063
0.17753407154173476,1.0963549703322613e-12,0.1775340715414341,1.0,0.01,L2,4,Pi00,u_exposed_complete_information,1.0491124338579063
0.17753407154173476,1.0963549703322613e-12,0.1775340715414341,1.0,0.01,L2,4,PiC0,u_exposed_complete_information,1.0491124338579063
0.17753407154173476,0.0008920553354710444,0.17666532612137148,0.9999993456834888,0.01,L2,4,Pi0K,u_exposed_complete_information,1.0491124338579063
0.17753407154173476,0.0008920553354710444,0.17666532612137148,0.9999993456834888,0.01,L2,4,PiCK,u_exposed_complete_information,1.0491124338579063
0.06589107497652855,0.0010757786561318582,0.06526642901934732,0.9999108101878044,0.01,L2,5,actual,u_exposed_complete_information,1.0178008433018144
0.06589107497652855,1.4467491681715249e-12,0.06589107497625257,1.0,0.01,L2,5,Pi00,u_exposed_complete_information,1.0178008433018144
0.06589107497652855,1.4467491681715249e-12,0.06589107497625257,1.0,0.01,L2,5,PiC0,u_exposed_complete_information,1.0178008433018144
0.06589107497652855,0.0003508394106814611,0.06555161310234917,0.999999090826126,0.01,L2,5,Pi0K,u_exposed_complete_information,1.0178008433018144
0.06589107497652855,0.0003508394106814611,0.06555161310234917,0.999999090826126,0.01,L2,5,PiCK,u_exposed_complete_information,1.0178008433018144
0.1263984541514605,0.0010395989384131697,0.12538505545725728,0.9999983030218387,0.01,L2,6,actual,u_exposed_complete_information,0.5553390759962502
0.1263984541514605,1.8658242699517025e-13,0.12639845415140755,1.0,0.01,L2,6,Pi00,u_exposed_complete_information,0.5553390759962502
0.1263984541514605,1.8658242699517025e-13,0.12639845415140755,1.0,0.01,L2,6,PiC0,u_exposed_complete_information,0.5553390759962502
0.1263984541514605,0.0009465823057622387,0.12545855126045055,0.9999996026988823,0.01,L2,6,Pi0K,u_exposed_complete_information,0.5553390759962502
0.1263984541514605,0.0009465823057622387,0.12545855126045055,0.9999996026988823,0.01,L2,6,PiCK,u_exposed_complete_information,0.5553390759962502
0.2146119130120162,0.002439955214461168,0.21218161477704833,0.9999994835820847,0.01,L2,7,actual,u_exposed_complete_information,0.46330382781737406
0.2146119130120162,3.100503007300247e-13,0.214611913012159,1.0,0.01,L2,7,Pi00,u_exposed_complete_information,0.46330382781737406
0.2146119130120162,3.100503007300247e-13,0.214611913012159,1.0,0.01,L2,7,PiC0,u_exposed_complete_information,0.46330382781737406
0.2146119130120162,0.0019714178301645157,0.21264605095771894,0.9999997603376232,0.01,L2,7,Pi0K,u_exposed_complete_information,0.46330382781737406
0.2146119130120162,0.0019714178301645157,0.21264605095771894,0.9999997603376232,0.01,L2,7,PiCK,u_exposed_complete_information,0.46330382781737406
0.319942029393104,0.0027665165006562353,0.3171755128924478,1.0,0.1,L2,0,actual,u_exposed_complete_information,3.668504463674537
0.319942029393104,1.6653345369377348e-16,0.31994202939310384,1.0,0.1,L2,0,Pi00,u_exposed_complete_information,3.668504463674537
0.319942029393104,1.6653345369377348e-16,0.31994202939310384,1.0,0.1,L2,0,PiC0,u_exposed_complete_information,3.668504463674537
0.319942029393104,0.020775456454097507,0.2991665729390065,1.0,0.1,L2,0,Pi0K,u_exposed_complete_information,3.668504463674537
0.319942029393104,0.020775456454097507,0.2991665729390065,1.0,0.1,L2,0,PiCK,u_exposed_complete_information,3.668504463674537
0.15942051929462298,0.013052279646611377,0.14683181835980155,0.9997460994031075,0.1,L2,1,actual,u_exposed_complete_information,1.3086745454002222
0.15942051929462298,2.136817940231098e-12,0.15942051929382411,1.0,0.1,L2,1,Pi00,u_exposed_complete_information,1.3086745454002222
0.15942051929462298,2.136817940231098e-12,0.15942051929382411,1.0,0.1,L2,1,PiC0,u_exposed_complete_information,1.3086745454002222
0.15942051929462298,0.006380434191686899,0.15348907574814735,0.9998870438450312,0.1,L2,1,Pi0K,u_exposed_complete_information,1.3086745454002222
0.15942051929462298,0.006380434191686899,0.15348907574814735,0.9998870438450312,0.1,L2,1,PiCK,u_exposed_complete_information,1.3086745454002222
0.016939847902615573,0.0027428144484552474,0.0158484371379189,0.9882075260955113,0.1,L2,2,actual,u_exposed_complete_information,1.179566679912516
0.016939847902615573,9.39184824568217e-13,0.016939847902397068,1.0000000000000002,0.1,L2,2,Pi00,u_exposed_complete_information,1.179566679912516
0.016939847902615573,9.39184824568217e-13,0.016939847902397068,1.0000000000000002,0.1,L2,2,PiC0,u_exposed_complete_information,1.179566679912516
0.016939847902615573,0.0011984793594839688,0.015787511149934992,0.9997972001580487,0.1,L2,2,Pi0K,u_exposed_complete_information,1.179566679912516
0.016939847902615573,0.0011984793594839688,0.015787511149934992,0.9997972001580487,0.1,L2,2,PiCK,u_exposed_complete_information,1.179566679912516
0.0,0.0,0.0,0.0,0.1,L2,3,actual,u_exposed_complete_information,1.1180339887572193
0.0,0.0,0.0,0.0,0.1,L2,3,Pi00,u_exposed_complete_information,1.1180339887572193
0.0,0.0,0.0,0.0,0.1,L2,3,PiC0,u_exposed_complete_information,1.1180339887572193
0.0,0.0,0.0,0.0,0.1,L2,3,Pi0K,u_exposed_complete_information,1.1180339887572193
0.0,0.0,0.0,0.0,0.1,L2,3,PiCK,u_exposed_complete_information,1.1180339887572193
0.17753407154173476,0.015474437896535083,0.16343540118514885,0.9992988931841917,0.1,L2,4,actual,u_exposed_complete_information,1.0491124338579063
0.17753407154173476,1.0963549703322613e-12,0.1775340715414341,1.0,0.1,L2,4,Pi00,u_exposed_complete_information,1.0491124338579063
0.17753407154173476,1.0963549703322613e-12,0.1775340715414341,1.0,0.1,L2,4,PiC0,u_exposed_complete_information,1.0491124338579063
0.17753407154173476,0.008501065294534024,0.16923963537064315,0.9999422475093278,0.1,L2,4,Pi0K,u_exposed_complete_information,1.0491124338579063
0.17753407154173476,0.008501065294534024,0.16923963537064315,0.9999422475093278,0.1,L2,4,PiCK,u_exposed_complete_information,1.0491124338579063
0.06589107497652855,0.009634837303930346,0.06059647700696195,0.9918856619914004,0.1,L2,5,actual,u_exposed_complete_information,1.0178008433018144
0.06589107497652855,1.4467491681715249e-12,0.06589107497625257,1.0,0.1,L2,5,Pi00,u_exposed_complete_information,1.0178008433018144
0.06589107497652855,1.4467491681715249e-12,0.06589107497625257,1.0,0.1,L2,5,PiC0,u_exposed_complete_information,1.0178008433018144
0.06589107497652855,0.0033331861633495658,0.06266069639313915,0.9999182828702119,0.1,L2,5,Pi0K,u_exposed_complete_information,1.0178008433018144
0.06589107497652855,0.0033331861633495658,0.06266069639313915,0.9999182828702119,0.1,L2,5,PiCK,u_exposed_complete_information,1.0178008433018144
0.1263984541514605,0.009684105924578744,0.11694572242398642,0.9998502285625664,0.1,L2,6,actual,u_exposed_complete_information,0.5553390759962502
0.1263984541514605,1.8658242699517025e-13,0.12639845415140755,1.0,0.1,L2,6,Pi00,u_exposed_complete_information,0.5553390759962502
0.1263984541514605,1.8658242699517025e-13,0.12639845415140755,1.0,0.1,L2,6,PiC0,u_exposed_complete_information,0.5553390759962502
0.1263984541514605,0.008861509853773573,0.11760063819602096,0.9999621652810026,0.1,L2,6,Pi0K,u_exposed_complete_information,0.5553390759962502
0.1263984541514605,0.008861509853773573,0.11760063819602096,0.9999621652810026,0.1,L2,6,PiCK,u_exposed_complete_information,0.5553390759962502
0.2146119130120162,0.022200643049967966,0.19250249482924253,0.9999510789909581,0.1,L2,7,actual,u_exposed_complete_information,0.46330382781737406
0.2146119130120162,3.100503007300247e-13,0.214611913012159,1.0,0.1,L2,7,Pi00,u_exposed_complete_information,0.46330382781737406
0.2146119130120162,3.100503007300247e-13,0.214611913012159,1.0,0.1,L2,7,PiC0,u_exposed_complete_information,0.46330382781737406
0.2146119130120162,0.01820204516589538,0.19646202597023105,0.9999775153038295,0.1,L2,7,Pi0K,u_exposed_complete_information,0.46330382781737406
0.2146119130120162,0.01820204516589538,0.19646202597023105,0.9999775153038295,0.1,L2,7,PiCK,u_exposed_complete_information,0.46330382781737406
0.319942029393104,2.6954571075155087e-08,0.31994200243853294,1.0,0.001,IRMV1,0,actual,u_exposed_complete_information,3.668504463674537
0.319942029393104,1.6653345369377348e-16,0.31994202939310384,1.0,0.001,IRMV1,0,Pi00,u_exposed_complete_information,3.668504463674537
0.319942029393104,2.6066712781602774e-06,0.31993942272182585,1.0,0.001,IRMV1,0,PiC0,u_exposed_complete_information,3.668504463674537
0.319942029393104,7.370770660486414e-13,0.31994202939236693,1.0,0.001,IRMV1,0,Pi0K,u_exposed_complete_information,3.668504463674537
0.319942029393104,2.606672015348366e-06,0.31993942272108866,1.0,0.001,IRMV1,0,PiCK,u_exposed_complete_information,3.668504463674537
0.15942051929462298,9.195463283438188e-07,0.1594196334962199,0.9999999999988013,0.001,IRMV1,1,actual,u_exposed_complete_information,1.3086745454002222
0.15942051929462298,2.136817940231098e-12,0.15942051929382411,1.0,0.001,IRMV1,1,Pi00,u_exposed_complete_information,1.3086745454002222
0.15942051929462298,0.0002358868588567192,0.15953725043971378,0.9999991739943134,0.001,IRMV1,1,PiC0,u_exposed_complete_information,1.3086745454002222
0.15942051929462298,0.00023503429129942773,0.15930446650502286,0.9999991775829088,0.001,IRMV1,1,Pi0K,u_exposed_complete_information,1.3086745454002222
0.15942051929462298,5.178914726710708e-07,0.15942058709020365,0.9999999999948138,0.001,IRMV1,1,PiCK,u_exposed_complete_information,1.3086745454002222
0.016939847902615573,4.0884441422998064e-07,0.016939704503775032,0.9999999997445767,0.001,IRMV1,2,actual,u_exposed_complete_information,1.179566679912516
0.016939847902615573,9.39184824568217e-13,0.016939847902397068,1.0000000000000002,0.001,IRMV1,2,Pi00,u_exposed_complete_information,1.179566679912516
0.016939847902615573,8.942667372244786e-06,0.0169412279068541,0.9999998639863549,0.001,IRMV1,2,PiC0,u_exposed_complete_information,1.179566679912516
0.016939847902615573,8.598849117890602e-06,0.016938353998081,0.9999998750432675,0.001,IRMV1,2,Pi0K,u_exposed_complete_information,1.179566679912516
0.016939847902615573,5.062544963537807e-07,0.016939725054045715,0.9999999995797239,0.001,IRMV1,2,PiCK,u_exposed_complete_information,1.179566679912516
0.0,0.0,0.0,0.0,0.001,IRMV1,3,actual,u_exposed_complete_information,1.1180339887572193
0.0,0.0,0.0,0.0,0.001,IRMV1,3,Pi00,u_exposed_complete_information,1.1180339887572193
0.0,0.0,0.0,0.0,0.001,IRMV1,3,PiC0,u_exposed_complete_information,1.1180339887572193
0.0,0.0,0.0,0.0,0.001,IRMV1,3,Pi0K,u_exposed_complete_information,1.1180339887572193
0.0,0.0,0.0,0.0,0.001,IRMV1,3,PiCK,u_exposed_complete_information,1.1180339887572193
0.17753407154173476,8.056211165001647e-07,0.17753327000891544,0.9999999999998959,0.001,IRMV1,4,actual,u_exposed_complete_information,1.0491124338579063
0.17753407154173476,1.0963549703322613e-12,0.1775340715414341,1.0,0.001,IRMV1,4,Pi00,u_exposed_complete_information,1.0491124338579063
0.17753407154173476,0.00015849334847113736,0.17758128595250502,0.9999996369597821,0.001,IRMV1,4,PiC0,u_exposed_complete_information,1.0491124338579063
0.17753407154173476,0.00015767434923421198,0.1774871810108694,0.9999996403925298,0.001,IRMV1,4,Pi0K,u_exposed_complete_information,1.0491124338579063
0.17753407154173476,6.001919511442704e-07,0.17753412636515367,0.999999999994333,0.001,IRMV1,4,PiCK,u_exposed_complete_information,1.0491124338579063
0.06589107497652855,5.112750612394859e-07,0.06589068718506993,0.9999999999872146,0.001,IRMV1,5,actual,u_exposed_complete_information,1.0178008433018144
0.06589107497652855,1.4467491681715249e-12,0.06589107497625257,1.0,0.001,IRMV1,5,Pi00,u_exposed_complete_information,1.0178008433018144
0.06589107497652855,6.55820704269143e-05,0.06591285219025748,0.9999995594404326,0.001,IRMV1,5,PiC0,u_exposed_complete_information,1.0178008433018144
0.06589107497652855,6.544546206530749e-05,0.06586930144168202,0.9999995611927452,0.001,IRMV1,5,Pi0K,u_exposed_complete_information,1.0178008433018144
0.06589107497652855,6.179629959384415e-07,0.06589095558032841,0.999999999957663,0.001,IRMV1,5,PiCK,u_exposed_complete_information,1.0178008433018144
0.1263984541514605,2.0491522876814906e-06,0.1263969979800085,0.9999999999349479,0.001,IRMV1,6,actual,u_exposed_complete_information,0.5553390759962502
0.1263984541514605,1.8658242699517025e-13,0.12639845415140755,1.0,0.001,IRMV1,6,Pi00,u_exposed_complete_information,0.5553390759962502
0.1263984541514605,8.73947499700834e-05,0.1264184904746092,0.9999997735671197,0.001,IRMV1,6,PiC0,u_exposed_complete_information,0.5553390759962502
0.1263984541514605,8.882584528402786e-05,0.1263772634183199,0.9999997670891912,0.001,IRMV1,6,Pi0K,u_exposed_complete_information,0.5553390759962502
0.1263984541514605,1.9267237075412467e-06,0.12639718027701421,0.9999999999346064,0.001,IRMV1,6,PiCK,u_exposed_complete_information,0.5553390759962502
0.2146119130120162,3.0307512675470272e-06,0.21460951623994787,0.9999999999626455,0.001,IRMV1,7,actual,u_exposed_complete_information,0.46330382781737406
0.2146119130120162,3.100503007300247e-13,0.214611913012159,1.0,0.001,IRMV1,7,Pi00,u_exposed_complete_information,0.46330382781737406
0.2146119130120162,0.00010821759385358679,0.2146298539760878,0.9999998763716416,0.001,IRMV1,7,PiC0,u_exposed_complete_information,0.46330382781737406
0.2146119130120162,0.00011005299434509698,0.2145921945798892,0.9999998727272934,0.001,IRMV1,7,Pi0K,u_exposed_complete_information,0.46330382781737406
0.2146119130120162,2.658864480232309e-06,0.21461002621756345,0.9999999999619003,0.001,IRMV1,7,PiCK,u_exposed_complete_information,0.46330382781737406
0.319942029393104,3.983778340543864e-08,0.3199419895553206,1.0,0.01,IRMV1,0,actual,u_exposed_complete_information,3.668504463674537
0.319942029393104,1.6653345369377348e-16,0.31994202939310384,1.0,0.01,IRMV1,0,Pi00,u_exposed_complete_information,3.668504463674537
0.319942029393104,2.6066712781491752e-05,0.3199159626803225,1.0,0.01,IRMV1,0,PiC0,u_exposed_complete_information,3.668504463674537
0.319942029393104,7.37149230545242e-12,0.3199420293857325,1.0,0.01,IRMV1,0,Pi0K,u_exposed_complete_information,3.668504463674537
0.319942029393104,2.6066720152317924e-05,0.3199159626729517,1.0,0.01,IRMV1,0,PiCK,u_exposed_complete_information,3.668504463674537
0.15942051929462298,9.070948140054827e-06,0.15941178708856546,0.9999999998813489,0.01,IRMV1,1,actual,u_exposed_complete_information,1.3086745454002222
0.15942051929462298,2.136817940231098e-12,0.15942051929382411,1.0,0.01,IRMV1,1,Pi00,u_exposed_complete_information,1.3086745454002222
0.15942051929462298,0.0023588685981098642,0.1605996041912559,0.9999184853202994,0.01,IRMV1,1,PiC0,u_exposed_complete_information,1.3086745454002222
0.15942051929462298,0.0022888995474350444,0.15830155667298212,0.9999210076436229,0.01,IRMV1,1,Pi0K,u_exposed_complete_information,1.3086745454002222
0.15942051929462298,5.167842911854466e-06,0.15942117814585222,0.9999999994831299,0.01,IRMV1,1,PiCK,u_exposed_complete_information,1.3086745454002222
0.016939847902615573,4.028721331078994e-06,0.01693841252666971,0.999999975307414,0.01,IRMV1,2,actual,u_exposed_complete_information,1.179566679912516
0.016939847902615573,9.39184824568217e-13,0.016939847902397068,1.0000000000000002,0.01,IRMV1,2,Pi00,u_exposed_complete_information,1.179566679912516
0.016939847902615573,8.942666784098157e-05,0.016953855158297417,0.9999864187991745,0.01,IRMV1,2,PiC0,u_exposed_complete_information,1.179566679912516
0.016939847902615573,8.3740595059387e-05,0.01692547114355813,0.9999881314227178,0.01,IRMV1,2,Pi0K,u_exposed_complete_information,1.179566679912516
0.016939847902615573,5.013677506403062e-06,0.016938606335131872,0.9999999588839394,0.01,IRMV1,2,PiCK,u_exposed_complete_information,1.179566679912516
0.0,0.0,0.0,0.0,0.01,IRMV1,3,actual,u_exposed_complete_information,1.1180339887572193
0.0,0.0,0.0,0.0,0.01,IRMV1,3,Pi00,u_exposed_complete_information,1.1180339887572193
0.0,0.0,0.0,0.0,0.01,IRMV1,3,PiC0,u_exposed_complete_information,1.1180339887572193
0.0,0.0,0.0,0.0,0.01,IRMV1,3,Pi0K,u_exposed_complete_information,1.1180339887572193
0.0,0.0,0.0,0.0,0.01,IRMV1,3,PiCK,u_exposed_complete_information,1.1180339887572193
0.17753407154173476,7.939601204441087e-06,0.17752616878066166,0.999999999990741,0.01,IRMV1,4,actual,u_exposed_complete_information,1.0491124338579063
0.17753407154173476,1.0963549703322613e-12,0.1775340715414341,1.0,0.01,IRMV1,4,Pi00,u_exposed_complete_information,1.0491124338579063
0.17753407154173476,0.0015849334910745408,0.17801200239168818,0.9999638708011521,0.01,IRMV1,4,PiC0,u_exposed_complete_information,1.0491124338579063
0.17753407154173476,0.0015355237927689067,0.17708286890407327,0.9999657383919749,0.01,IRMV1,4,Pi0K,u_exposed_complete_information,1.0491124338579063
0.17753407154173476,5.950282242205312e-06,0.17753459297247345,0.9999999994426443,0.01,IRMV1,4,PiCK,u_exposed_complete_information,1.0491124338579063
0.06589107497652855,5.0567875429457635e-06,0.06588725632460646,0.9999999987343895,0.01,IRMV1,5,actual,u_exposed_complete_information,1.0178008433018144
0.06589107497652855,1.4467491681715249e-12,0.06589107497625257,1.0,0.01,IRMV1,5,Pi00,u_exposed_complete_information,1.0178008433018144
0.06589107497652855,0.0006558207144351877,0.06611145192432194,0.9999562073844613,0.01,IRMV1,5,PiC0,u_exposed_complete_information,1.0178008433018144
0.06589107497652855,0.000637345673003575,0.0656814970421756,0.9999581444902823,0.01,IRMV1,5,Pi0K,u_exposed_complete_information,1.0178008433018144
0.06589107497652855,6.177819596240405e-06,0.06588988665556289,0.9999999957672603,0.01,IRMV1,5,PiCK,u_exposed_complete_information,1.0178008433018144
0.1263984541514605,2.0017863900249282e-05,0.1263841014111819,0.9999999939055803,0.01,IRMV1,6,actual,u_exposed_complete_information,0.5553390759962502
0.1263984541514605,1.8658242699517025e-13,0.12639845415140755,1.0,0.01,IRMV1,6,Pi00,u_exposed_complete_information,0.5553390759962502
0.1263984541514605,0.00087394749824567,0.12660138955716818,0.9999774218372887,0.01,IRMV1,6,PiC0,u_exposed_complete_information,0.5553390759962502
0.1263984541514605,0.0008650376536386635,0.1261945191071804,0.9999778474751022,0.01,IRMV1,6,Pi0K,u_exposed_complete_information,0.5553390759962502
0.1263984541514605,1.8879093045215186e-05,0.12638582060378606,0.9999999938399382,0.01,IRMV1,6,PiCK,u_exposed_complete_information,0.5553390759962502
0.2146119130120162,2.9722580025558092e-05,0.21458821270924341,0.9999999965070016,0.01,IRMV1,7,actual,u_exposed_complete_information,0.46330382781737406
0.2146119130120162,3.100503007300247e-13,0.214611913012159,1.0,0.01,IRMV1,7,Pi00,u_exposed_complete_information,0.46330382781737406
0.2146119130120162,0.0010821759362807048,0.21479370873375678,0.9999876559435069,0.01,IRMV1,7,PiC0,u_exposed_complete_information,0.46330382781737406
0.2146119130120162,0.0010717613462071234,0.21442199409349233,0.9999879110899028,0.01,IRMV1,7,Pi0K,u_exposed_complete_information,0.46330382781737406
0.2146119130120162,2.6132632274440225e-05,0.21459314326053214,0.999999996410636,0.01,IRMV1,7,PiCK,u_exposed_complete_information,0.46330382781737406
0.319942029393104,1.7332786347856732e-05,0.31995936217945187,1.0,0.1,IRMV1,0,actual,u_exposed_complete_information,3.668504463674537
0.319942029393104,1.6653345369377348e-16,0.31994202939310384,1.0,0.1,IRMV1,0,Pi00,u_exposed_complete_information,3.668504463674537
0.319942029393104,0.00026066712781414036,0.31968136226528987,1.0,0.1,IRMV1,0,PiC0,u_exposed_complete_information,3.668504463674537
0.319942029393104,7.371470100991928e-11,0.3199420293193893,1.0,0.1,IRMV1,0,Pi0K,u_exposed_complete_information,3.668504463674537
0.319942029393104,0.0002606672014686673,0.31968136219163534,1.0,0.1,IRMV1,0,PiCK,u_exposed_complete_information,3.668504463674537
0.15942051929462298,8.089825761306304e-05,0.15934307783558083,0.9999999892265073,0.1,IRMV1,1,actual,u_exposed_complete_information,1.3086745454002222
0.15942051929462298,2.136817940231098e-12,0.15942051929382411,1.0,0.1,IRMV1,1,Pi00,u_exposed_complete_information,1.3086745454002222
0.15942051929462298,0.023588685990641612,0.17230494599053564,0.9928934716974558,0.1,IRMV1,1,PiC0,u_exposed_complete_information,1.3086745454002222
0.15942051929462298,0.018145377673394577,0.1512751396008919,0.9945491876415605,0.1,IRMV1,1,Pi0K,u_exposed_complete_information,1.3086745454002222
0.15942051929462298,5.091269938870444e-05,0.15942563379865324,0.999999949520512,0.1,IRMV1,1,PiCK,u_exposed_complete_information,1.3086745454002222
0.016939847902615573,3.6087391372003025e-05,0.01692541638844205,0.9999980921209055,0.1,IRMV1,2,actual,u_exposed_complete_information,1.179566679912516
0.016939847902615573,9.39184824568217e-13,0.016939847902397068,1.0000000000000002,0.1,IRMV1,2,Pi00,u_exposed_complete_information,1.179566679912516
0.016939847902615573,0.0008942666725283793,0.017100460995848814,0.9986641838737286,0.1,IRMV1,2,PiC0,u_exposed_complete_information,1.179566679912516
0.016939847902615573,0.0006638613681027829,0.016836298786487097,0.9992461729446791,0.1,IRMV1,2,Pi0K,u_exposed_complete_information,1.179566679912516
0.016939847902615573,4.666032525525357e-05,0.016926426263006153,0.9999965175636031,0.1,IRMV1,2,PiCK,u_exposed_complete_information,1.179566679912516
0.0,0.0,0.0,0.0,0.1,IRMV1,3,actual,u_exposed_complete_information,1.1180339887572193
0.0,0.0,0.0,0.0,0.1,IRMV1,3,Pi00,u_exposed_complete_information,1.1180339887572193
0.0,0.0,0.0,0.0,0.1,IRMV1,3,PiC0,u_exposed_complete_information,1.1180339887572193
0.0,0.0,0.0,0.0,0.1,IRMV1,3,Pi0K,u_exposed_complete_information,1.1180339887572193
0.0,0.0,0.0,0.0,0.1,IRMV1,3,PiCK,u_exposed_complete_information,1.1180339887572193
0.17753407154173476,7.038994749773486e-05,0.17746384061857465,0.9999999996451114,0.1,IRMV1,4,actual,u_exposed_complete_information,1.0491124338579063
0.17753407154173476,1.0963549703322613e-12,0.1775340715414341,1.0,0.1,IRMV1,4,Pi00,u_exposed_complete_information,1.0491124338579063
0.17753407154173476,0.015849334917108607,0.1828761663199331,0.9965709004136795,0.1,IRMV1,4,PiC0,u_exposed_complete_information,1.0491124338579063
0.17753407154173476,0.012172949658054013,0.17429676218465157,0.9977749765721596,0.1,IRMV1,4,Pi0K,u_exposed_complete_information,1.0491124338579063
0.17753407154173476,5.5846319332824974e-05,0.17753721744334874,0.9999999506817466,0.1,IRMV1,4,PiCK,u_exposed_complete_information,1.0491124338579063
0.06589107497652855,4.6335608028756246e-05,0.06585747124184532,0.9999998827288341,0.1,IRMV1,5,actual,u_exposed_complete_information,1.0178008433018144
0.06589107497652855,1.4467491681715249e-12,0.06589107497625257,1.0,0.1,IRMV1,5,Pi00,u_exposed_complete_information,1.0178008433018144
0.06589107497652855,0.006558207154517746,0.06834651399062568,0.995894136346349,0.1,IRMV1,5,PiC0,u_exposed_complete_information,1.0178008433018144
0.06589107497652855,0.005052593724374169,0.06438414220738457,0.9972588412172609,0.1,IRMV1,5,Pi0K,u_exposed_complete_information,1.0178008433018144
0.06589107497652855,6.164632758131955e-05,0.06587963364309916,0.999999577347716,0.1,IRMV1,5,PiCK,u_exposed_complete_information,1.0178008433018144
0.1263984541514605,0.00016530579619243173,0.12627080632211898,0.9999996543941906,0.1,IRMV1,6,actual,u_exposed_complete_information,0.5553390759962502
0.1263984541514605,1.8658242699517025e-13,0.12639845415140755,1.0,0.1,IRMV1,6,Pi00,u_exposed_complete_information,0.5553390759962502
0.1263984541514605,0.008739474981001527,0.12868075245317764,0.9978121940808913,0.1,IRMV1,6,PiC0,u_exposed_complete_information,0.5553390759962502
0.1263984541514605,0.006857662259906618,0.12493104757569473,0.9985791276615775,0.1,IRMV1,6,Pi0K,u_exposed_complete_information,0.5553390759962502
0.1263984541514605,0.00015978195117743077,0.1262802283939313,0.9999996381025834,0.1,IRMV1,6,PiCK,u_exposed_complete_information,0.5553390759962502
0.2146119130120162,0.0002543019667768805,0.21439534602564403,0.9999998069165679,0.1,IRMV1,7,actual,u_exposed_complete_information,0.46330382781737406
0.2146119130120162,3.100503007300247e-13,0.214611913012159,1.0,0.1,IRMV1,7,Pi00,u_exposed_complete_information,0.46330382781737406
0.2146119130120162,0.010821759360552054,0.2166663649103382,0.9987861108988462,0.1,IRMV1,7,PiC0,u_exposed_complete_information,0.46330382781737406
0.2146119130120162,0.00849660872143144,0.2132324459088922,0.9992320146895769,0.1,IRMV1,7,Pi0K,u_exposed_complete_information,0.46330382781737406
0.2146119130120162,0.00022774785689009551,0.21443179278508318,0.9999997889401159,0.1,IRMV1,7,PiCK,u_exposed_complete_information,0.46330382781737406
0.319942029393104,3.5023288974533884e-07,0.31994237962599376,1.0,0.001,VREX,0,actual,u_exposed_complete_information,3.668504463674537
0.319942029393104,1.6653345369377348e-16,0.31994202939310384,1.0,0.001,VREX,0,Pi00,u_exposed_complete_information,3.668504463674537
0.319942029393104,6.834632913510497e-07,0.31994271285639536,1.0,0.001,VREX,0,PiC0,u_exposed_complete_information,3.668504463674537
0.319942029393104,1.6653345369377348e-16,0.31994202939310384,1.0,0.001,VREX,0,Pi0K,u_exposed_complete_information,3.668504463674537
0.319942029393104,6.834632913510497e-07,0.31994271285639536,1.0,0.001,VREX,0,PiCK,u_exposed_complete_information,3.668504463674537
0.15942051929462298,1.585949582272994e-07,0.15942050683079256,0.9999999999995082,0.001,VREX,1,actual,u_exposed_complete_information,1.3086745454002222
0.15942051929462298,2.136817940231098e-12,0.15942051929382411,1.0,0.001,VREX,1,Pi00,u_exposed_complete_information,1.3086745454002222
0.15942051929462298,3.0540479375702843e-07,0.15942051534908705,0.9999999999981652,0.001,VREX,1,PiC0,u_exposed_complete_information,1.3086745454002222
0.15942051929462298,1.251513617710782e-07,0.15942053292651956,0.9999999999996956,0.001,VREX,1,Pi0K,u_exposed_complete_information,1.3086745454002222
0.15942051929462298,1.9050869230612255e-07,0.1594205289813272,0.9999999999992879,0.001,VREX,1,PiCK,u_exposed_complete_information,1.3086745454002222
0.016939847902615573,6.360016074032789e-08,0.01693986507216829,0.9999999999934657,0.001,VREX,2,actual,u_exposed_complete_information,1.179566679912516
0.016939847902615573,9.39184824568217e-13,0.016939847902397068,1.0000000000000002,0.001,VREX,2,Pi00,u_exposed_complete_information,1.179566679912516
0.016939847902615573,1.0514838880120154e-07,0.016939891555619174,0.9999999999840558,0.001,VREX,2,PiC0,u_exposed_complete_information,1.179566679912516
0.016939847902615573,2.819366785062878e-08,0.01693983015348101,0.9999999999991641,0.001,VREX,2,Pi0K,u_exposed_complete_information,1.179566679912516
0.016939847902615573,1.0541191143789957e-07,0.01693987380670523,0.9999999999818081,0.001,VREX,2,PiCK,u_exposed_complete_information,1.179566679912516
0.0,0.0,0.0,0.0,0.001,VREX,3,actual,u_exposed_complete_information,1.1180339887572193
0.0,0.0,0.0,0.0,0.001,VREX,3,Pi00,u_exposed_complete_information,1.1180339887572193
0.0,0.0,0.0,0.0,0.001,VREX,3,PiC0,u_exposed_complete_information,1.1180339887572193
0.0,0.0,0.0,0.0,0.001,VREX,3,Pi0K,u_exposed_complete_information,1.1180339887572193
0.0,0.0,0.0,0.0,0.001,VREX,3,PiCK,u_exposed_complete_information,1.1180339887572193
0.17753407154173476,1.1252972972263912e-07,0.17753405681159523,0.9999999999998025,0.001,VREX,4,actual,u_exposed_complete_information,1.0491124338579063
0.17753407154173476,1.0963549703322613e-12,0.1775340715414341,1.0,0.001,VREX,4,Pi00,u_exposed_complete_information,1.0491124338579063
0.17753407154173476,2.3149993636165722e-07,0.17753409040037732,0.9999999999991555,0.001,VREX,4,PiC0,u_exposed_complete_information,1.0491124338579063
0.17753407154173476,8.86226428291304e-08,0.1775340642987598,0.9999999999998763,0.001,VREX,4,Pi0K,u_exposed_complete_information,1.0491124338579063
0.17753407154173476,1.4306995611629098e-07,0.17753408315747296,0.9999999999996775,0.001,VREX,4,PiCK,u_exposed_complete_information,1.0491124338579063
0.06589107497652855,8.47925285626046e-08,0.06589106100783529,0.9999999999991945,0.001,VREX,5,actual,u_exposed_complete_information,1.0178008433018144
0.06589107497652855,1.4467491681715249e-12,0.06589107497625257,1.0,0.001,VREX,5,Pi00,u_exposed_complete_information,1.0178008433018144
0.06589107497652855,1.693743201093015e-07,0.06589109497963122,0.9999999999967424,0.001,VREX,5,PiC0,u_exposed_complete_information,1.0178008433018144
0.06589107497652855,3.9405455917581604e-08,0.0658910799746185,0.999999999999824,0.001,VREX,5,Pi0K,u_exposed_complete_information,1.0178008433018144
0.06589107497652855,1.4255064853745692e-07,0.06589109997784505,0.9999999999977319,0.001,VREX,5,PiCK,u_exposed_complete_information,1.0178008433018144
0.1263984541514605,1.6799700086243867e-07,0.12639851624550744,0.9999999999992372,0.001,VREX,6,actual,u_exposed_complete_information,0.5553390759962502
0.1263984541514605,1.8658242699517025e-13,0.12639845415140755,1.0,0.001,VREX,6,Pi00,u_exposed_complete_information,0.5553390759962502
0.1263984541514605,1.1639795464411359e-07,0.1263985625668189,0.9999999999999437,0.001,VREX,6,PiC0,u_exposed_complete_information,0.5553390759962502
0.1263984541514605,1.7125615497448998e-07,0.12639844073748566,0.9999999999990877,0.001,VREX,6,Pi0K,u_exposed_complete_information,0.5553390759962502
0.1263984541514605,1.920185615364893e-07,0.126398549152861,0.9999999999991286,0.001,VREX,6,PiCK,u_exposed_complete_information,0.5553390759962502
0.2146119130120162,2.8803443539288497e-07,0.21461180491653795,0.9999999999992263,0.001,VREX,7,actual,u_exposed_complete_information,0.46330382781737406
0.2146119130120162,3.100503007300247e-13,0.214611913012159,1.0,0.001,VREX,7,Pi00,u_exposed_complete_information,0.46330382781737406
0.2146119130120162,1.395228542903055e-07,0.21461204448437124,0.9999999999999765,0.001,VREX,7,PiC0,u_exposed_complete_information,0.46330382781737406
0.2146119130120162,3.117850261008225e-07,0.21461175912486397,0.9999999999992019,0.001,VREX,7,Pi0K,u_exposed_complete_information,0.46330382781737406
0.2146119130120162,2.7098777471706606e-07,0.21461189059696897,0.9999999999992083,0.001,VREX,7,PiCK,u_exposed_complete_information,0.46330382781737406
0.319942029393104,3.5022703391840437e-06,0.3199455316634432,1.0,0.01,VREX,0,actual,u_exposed_complete_information,3.668504463674537
0.319942029393104,1.6653345369377348e-16,0.31994202939310384,1.0,0.01,VREX,0,Pi00,u_exposed_complete_information,3.668504463674537
0.319942029393104,6.834632914343164e-06,0.31994886402601835,1.0,0.01,VREX,0,PiC0,u_exposed_complete_information,3.668504463674537
0.319942029393104,1.6653345369377348e-16,0.31994202939310384,1.0,0.01,VREX,0,Pi0K,u_exposed_complete_information,3.668504463674537
0.319942029393104,6.834632914343164e-06,0.31994886402601835,1.0,0.01,VREX,0,PiCK,u_exposed_complete_information,3.668504463674537
0.15942051929462298,1.5859021237356738e-06,0.1594203946739152,0.9999999999508252,0.01,VREX,1,actual,u_exposed_complete_information,1.3086745454002222
0.15942051929462298,2.136817940231098e-12,0.15942051929382411,1.0,0.01,VREX,1,Pi00,u_exposed_complete_information,1.3086745454002222
0.15942051929462298,3.054041446085575e-06,0.15942047987277708,0.9999999998165326,0.01,VREX,1,PiC0,u_exposed_complete_information,1.3086745454002222
0.15942051929462298,1.2515222305745346e-06,0.1594206556339901,0.9999999999695511,0.01,VREX,1,Pi0K,u_exposed_complete_information,1.3086745454002222
0.15942051929462298,1.9050618758800288e-06,0.15942061616741074,0.9999999999287845,0.01,VREX,1,PiCK,u_exposed_complete_information,1.3086745454002222
0.016939847902615573,6.359886702905591e-07,0.0169400196089835,0.9999999993466047,0.01,VREX,2,actual,u_exposed_complete_information,1.179566679912516
0.016939847902615573,9.39184824568217e-13,0.016939847902397068,1.0000000000000002,0.01,VREX,2,Pi00,u_exposed_complete_information,1.179566679912516
0.016939847902615573,1.0514902492057095e-06,0.01694028445892603,0.9999999984056458,0.01,VREX,2,PiC0,u_exposed_complete_information,1.179566679912516
0.016939847902615573,2.8193759300444555e-07,0.016939670418734717,0.9999999999163837,0.01,VREX,2,Pi0K,u_exposed_complete_information,1.179566679912516
0.016939847902615573,1.0541185265525031e-06,0.01694010697547245,0.999999998180867,0.01,VREX,2,PiCK,u_exposed_complete_information,1.179566679912516
0.0,0.0,0.0,0.0,0.01,VREX,3,actual,u_exposed_complete_information,1.1180339887572193
0.0,0.0,0.0,0.0,0.01,VREX,3,Pi00,u_exposed_complete_information,1.1180339887572193
0.0,0.0,0.0,0.0,0.01,VREX,3,PiC0,u_exposed_complete_information,1.1180339887572193
0.0,0.0,0.0,0.0,0.01,VREX,3,Pi0K,u_exposed_complete_information,1.1180339887572193
0.0,0.0,0.0,0.0,0.01,VREX,3,PiCK,u_exposed_complete_information,1.1180339887572193
0.17753407154173476,1.125267879162984e-06,0.17753392425325912,0.999999999980257,0.01,VREX,4,actual,u_exposed_complete_information,1.0491124338579063
0.17753407154173476,1.0963549703322613e-12,0.1775340715414341,1.0,0.01,VREX,4,Pi00,u_exposed_complete_information,1.0491124338579063
0.17753407154173476,2.314994305052398e-06,0.17753426014436025,0.9999999999155472,0.01,VREX,4,PiC0,u_exposed_complete_information,1.0491124338579063
0.17753407154173476,8.86227521712245e-07,0.17753399912065,0.9999999999876236,0.01,VREX,4,Pi0K,u_exposed_complete_information,1.0491124338579063
0.17753407154173476,1.4306886950315548e-06,0.1775341877005718,0.9999999999677428,0.01,VREX,4,PiCK,u_exposed_complete_information,1.0491124338579063
0.06589107497652855,8.478947605240543e-07,0.06589093530168902,0.9999999999194522,0.01,VREX,5,actual,u_exposed_complete_information,1.0178008433018144
0.06589107497652855,1.4467491681715249e-12,0.06589107497625257,1.0,0.01,VREX,5,Pi00,u_exposed_complete_information,1.0178008433018144
0.06589107497652855,1.6937348939969394e-06,0.06589127502935746,0.9999999996742345,0.01,VREX,5,PiC0,u_exposed_complete_information,1.0178008433018144
0.06589107497652855,3.9406622330038053e-07,0.06589112496307627,0.9999999999824042,0.01,VREX,5,Pi0K,u_exposed_complete_information,1.0178008433018144
0.06589107497652855,1.4254827206970098e-06,0.06589132500097437,0.9999999997731867,0.01,VREX,5,PiCK,u_exposed_complete_information,1.0178008433018144
0.1263984541514605,1.6799690542322187e-06,0.12639907511975865,0.9999999999237419,0.01,VREX,6,actual,u_exposed_complete_information,0.5553390759962502
0.1263984541514605,1.8658242699517025e-13,0.12639845415140755,1.0,0.01,VREX,6,Pi00,u_exposed_complete_information,0.5553390759962502
0.1263984541514605,1.1639803500557221e-06,0.12639953830615994,0.9999999999943837,0.01,VREX,6,PiC0,u_exposed_complete_information,0.5553390759962502
0.1263984541514605,1.712562835916875e-06,0.12639832004344903,0.999999999908776,0.01,VREX,6,Pi0K,u_exposed_complete_information,0.5553390759962502
0.1263984541514605,1.920209706096978e-06,0.12639940419460063,0.9999999999128535,0.01,VREX,6,PiCK,u_exposed_complete_information,0.5553390759962502
0.2146119130120162,2.8802854463478452e-06,0.2146108321405524,0.9999999999226219,0.01,VREX,7,actual,u_exposed_complete_information,0.46330382781737406
0.2146119130120162,3.100503007300247e-13,0.214611913012159,1.0,0.01,VREX,7,Pi00,u_exposed_complete_information,0.46330382781737406
0.2146119130120162,1.3952280455689588e-06,0.21461322773473873,0.9999999999976317,0.01,VREX,7,PiC0,u_exposed_complete_information,0.46330382781737406
0.2146119130120162,3.1178290473740185e-06,0.21461037419539208,0.9999999999201776,0.01,VREX,7,Pi0K,u_exposed_complete_information,0.46330382781737406
0.2146119130120162,2.7098922969448645e-06,0.2146116889072504,0.9999999999208253,0.01,VREX,7,PiCK,u_exposed_complete_information,0.46330382781737406
0.319942029393104,3.501684863715937e-05,0.31997704624174117,1.0,0.1,VREX,0,actual,u_exposed_complete_information,3.668504463674537
0.319942029393104,1.6653345369377348e-16,0.31994202939310384,1.0,0.1,VREX,0,Pi00,u_exposed_complete_information,3.668504463674537
0.319942029393104,6.834632914448635e-05,0.3200103757222485,1.0,0.1,VREX,0,PiC0,u_exposed_complete_information,3.668504463674537
0.319942029393104,1.6653345369377348e-16,0.31994202939310384,1.0,0.1,VREX,0,Pi0K,u_exposed_complete_information,3.668504463674537
0.319942029393104,6.834632914448635e-05,0.3200103757222485,1.0,0.1,VREX,0,PiCK,u_exposed_complete_information,3.668504463674537
0.15942051929462298,1.585431566308991e-05,0.15941927442217227,0.9999999950853329,0.1,VREX,1,actual,u_exposed_complete_information,1.3086745454002222
0.15942051929462298,2.136817940231098e-12,0.15942051929382411,1.0,0.1,VREX,1,Pi00,u_exposed_complete_information,1.3086745454002222
0.15942051929462298,3.054040797009443e-05,0.1594201277157223,0.9999999816531758,0.1,VREX,1,PiC0,u_exposed_complete_information,1.3086745454002222
0.15942051929462298,1.2515549713647775e-05,0.15942188401665094,0.9999999969550308,0.1,VREX,1,Pi0K,u_exposed_complete_information,1.3086745454002222
0.15942051929462298,1.904879389078231e-05,0.1594214878850981,0.9999999928798431,0.1,VREX,1,PiCK,u_exposed_complete_information,1.3086745454002222
0.016939847902615573,6.358265482728114e-06,0.01694156611797309,0.9999999347092315,0.1,VREX,2,actual,u_exposed_complete_information,1.179566679912516
0.016939847902615573,9.39184824568217e-13,0.016939847902397068,1.0000000000000002,0.1,VREX,2,Pi00,u_exposed_complete_information,1.179566679912516
0.016939847902615573,1.0514908853501848e-05,0.01694421589785673,0.9999998406383515,0.1,VREX,2,PiC0,u_exposed_complete_information,1.179566679912516
0.016939847902615573,2.819083112486746e-06,0.0169380736155356,0.9999999916370513,0.1,VREX,2,Pi0K,u_exposed_complete_information,1.179566679912516
0.016939847902615573,1.0540395679293362e-05,0.016942441631600243,0.9999998181678679,0.1,VREX,2,PiCK,u_exposed_complete_information,1.179566679912516
0.0,0.0,0.0,0.0,0.1,VREX,3,actual,u_exposed_complete_information,1.1180339887572193
0.0,0.0,0.0,0.0,0.1,VREX,3,Pi00,u_exposed_complete_information,1.1180339887572193
0.0,0.0,0.0,0.0,0.1,VREX,3,PiC0,u_exposed_complete_information,1.1180339887572193
0.0,0.0,0.0,0.0,0.1,VREX,3,Pi0K,u_exposed_complete_information,1.1180339887572193
0.0,0.0,0.0,0.0,0.1,VREX,3,PiCK,u_exposed_complete_information,1.1180339887572193
0.17753407154173476,1.1249917529902008e-05,0.1775325997182754,0.999999998026619,0.1,VREX,4,actual,u_exposed_complete_information,1.0491124338579063
0.17753407154173476,1.0963549703322613e-12,0.1775340715414341,1.0,0.1,VREX,4,Pi00,u_exposed_complete_information,1.0491124338579063
0.17753407154173476,2.3149937992280786e-05,0.17753595892007365,0.9999999915548907,0.1,VREX,4,PiC0,u_exposed_complete_information,1.0491124338579063
0.17753407154173476,8.861862748992373e-06,0.1775333479294583,0.9999999987624774,0.1,VREX,4,Pi0K,u_exposed_complete_information,1.0491124338579063
0.17753407154173476,1.4306287715573646e-05,0.1775352330077038,0.9999999967745843,0.1,VREX,4,PiCK,u_exposed_complete_information,1.0491124338579063
0.06589107497652855,8.476150372683137e-06,0.06588967925170065,0.999999991950201,0.1,VREX,5,actual,u_exposed_complete_information,1.0178008433018144
0.06589107497652855,1.4467491681715249e-12,0.06589107497625257,1.0,0.1,VREX,5,Pi00,u_exposed_complete_information,1.0178008433018144
0.06589107497652855,1.6937340633362663e-05,0.06589307743909939,0.9999999674252746,0.1,VREX,5,PiC0,u_exposed_complete_information,1.0178008433018144
0.06589107497652855,3.940836794998202e-06,0.06589157516096104,0.9999999982403059,0.1,VREX,5,Pi0K,u_exposed_complete_information,1.0178008433018144
0.06589107497652855,1.4253153907697209e-05,0.06589357610282409,0.9999999773254379,0.1,VREX,5,PiCK,u_exposed_complete_information,1.0178008433018144
0.1263984541514605,1.679966931335411e-05,0.12640466656403065,0.9999999923756205,0.1,VREX,6,actual,u_exposed_complete_information,0.5553390759962502
0.1263984541514605,1.8658242699517025e-13,0.12639845415140755,1.0,0.1,VREX,6,Pi00,u_exposed_complete_information,0.5553390759962502
0.1263984541514605,1.1639804304253153e-05,0.12640929576281673,0.9999999994384597,0.1,VREX,6,PiC0,u_exposed_complete_information,0.5553390759962502
0.1263984541514605,1.7125904467027183e-05,0.12639711619797986,0.9999999908769657,0.1,VREX,6,Pi0K,u_exposed_complete_information,0.5553390759962502
0.1263984541514605,1.9204589472238082e-05,0.12640795744959887,0.9999999912846544,0.1,VREX,6,PiCK,u_exposed_complete_information,0.5553390759962502
0.2146119130120162,2.8797132047330968e-05,0.21460111286315445,0.9999999922634152,0.1,VREX,7,actual,u_exposed_complete_information,0.46330382781737406
0.2146119130120162,3.100503007300247e-13,0.214611913012159,1.0,0.1,VREX,7,Pi00,u_exposed_complete_information,0.46330382781737406
0.2146119130120162,1.3952279958602409e-05,0.21462506028369868,0.999999999763191,0.1,VREX,7,PiC0,u_exposed_complete_information,0.46330382781737406
0.2146119130120162,3.117623274229059e-05,0.2145965304626414,0.9999999920167721,0.1,VREX,7,Pi0K,u_exposed_complete_information,0.46330382781737406
0.2146119130120162,2.7100476218501978e-05,0.21460967666246938,0.9999999920813125,0.1,VREX,7,PiCK,u_exposed_complete_information,0.46330382781737406
10.105851856220884,10.410182507783636,1.5886244606048383,-0.11585389763307896,0.0,L2,0,actual,declared_source_target_coupled_correlation,16.35807529222257
10.105851856220884,10.410182507793115,1.5886244607448048,-0.11585389761516778,0.0,L2,0,Pi00,declared_source_target_coupled_correlation,16.35807529222257
10.105851856220884,10.410182507793115,1.5886244607448048,-0.11585389761516778,0.0,L2,0,PiC0,declared_source_target_coupled_correlation,16.35807529222257
10.105851856220884,10.410182507793115,1.5886244607448048,-0.11585389761516778,0.0,L2,0,Pi0K,declared_source_target_coupled_correlation,16.35807529222257
10.105851856220884,10.410182507793115,1.5886244607448048,-0.11585389761516778,0.0,L2,0,PiCK,declared_source_target_coupled_correlation,16.35807529222257
10.105851856220884,10.41018250780818,1.5886244606288495,-0.11585389764486795,0.0,L2,1,actual,declared_source_target_coupled_correlation,16.358075292201015
10.105851856220884,10.410182507823574,1.5886244607443663,-0.11585389763499364,0.0,L2,1,Pi00,declared_source_target_coupled_correlation,16.358075292201015
10.105851856220884,10.410182507823574,1.5886244607443663,-0.11585389763499364,0.0,L2,1,PiC0,declared_source_target_coupled_correlation,16.358075292201015
10.105851856220884,10.410182507823574,1.5886244607443663,-0.11585389763499364,0.0,L2,1,Pi0K,declared_source_target_coupled_correlation,16.358075292201015
10.105851856220884,10.410182507823574,1.5886244607443663,-0.11585389763499364,0.0,L2,1,PiCK,declared_source_target_coupled_correlation,16.358075292201015
10.105851856220884,10.448792005724854,1.6858675660422748,-0.12346163098852588,0.001,L2,0,actual,declared_source_target_coupled_correlation,16.35807529222257
10.105851856220884,10.410182507793115,1.5886244607448048,-0.11585389761516778,0.001,L2,0,Pi00,declared_source_target_coupled_correlation,16.35807529222257
10.105851856220884,10.410182507793097,1.588624460744782,-0.11585389761516046,0.001,L2,0,PiC0,declared_source_target_coupled_correlation,16.35807529222257
10.105851856220884,10.412093587362452,1.5278799377790524,-0.12787885070264396,0.001,L2,0,Pi0K,declared_source_target_coupled_correlation,16.35807529222257
10.105851856220884,10.412093587362437,1.5278799377790282,-0.12787885070263705,0.001,L2,0,PiCK,declared_source_target_coupled_correlation,16.35807529222257
10.105851856220884,10.44879200575022,1.6858675660672042,-0.12346163099978993,0.001,L2,1,actual,declared_source_target_coupled_correlation,16.358075292201015
10.105851856220884,10.410182507823574,1.5886244607443663,-0.11585389763499364,0.001,L2,1,Pi00,declared_source_target_coupled_correlation,16.358075292201015
10.105851856220884,10.410182507823551,1.5886244607443336,-0.11585389763498413,0.001,L2,1,PiC0,declared_source_target_coupled_correlation,16.358075292201015
10.105851856220884,10.412093587392913,1.5278799377788568,-0.12787885072322058,0.001,L2,1,Pi0K,declared_source_target_coupled_correlation,16.358075292201015
10.105851856220884,10.41209358739289,1.5278799377788224,-0.12787885072321137,0.001,L2,1,PiCK,declared_source_target_coupled_correlation,16.358075292201015
10.105851856220884,10.610007176561021,2.0076024488771638,-0.15805832227369734,0.01,L2,0,actual,declared_source_target_coupled_correlation,16.35807529222257
10.105851856220884,10.410182507793115,1.5886244607448048,-0.11585389761516778,0.01,L2,0,Pi00,declared_source_target_coupled_correlation,16.35807529222257
10.105851856220884,10.410182507792948,1.5886244607445694,-0.11585389761510065,0.01,L2,0,PiC0,declared_source_target_coupled_correlation,16.35807529222257
10.105851856220884,10.426879010591218,1.3733195169115349,-0.1695261053445107,0.01,L2,0,Pi0K,declared_source_target_coupled_correlation,16.35807529222257
10.105851856220884,10.426879010591056,1.3733195169112535,-0.16952610534445203,0.01,L2,0,PiCK,declared_source_target_coupled_correlation,16.35807529222257
10.105851856220884,10.610007176588873,2.0076024489040396,-0.15805832228348654,0.01,L2,1,actual,declared_source_target_coupled_correlation,16.358075292201015
10.105851856220884,10.410182507823574,1.5886244607443663,-0.11585389763499364,0.01,L2,1,Pi00,declared_source_target_coupled_correlation,16.358075292201015
10.105851856220884,10.410182507823352,1.5886244607440347,-0.11585389763490628,0.01,L2,1,PiC0,declared_source_target_coupled_correlation,16.358075292201015
10.105851856220884,10.426879010621631,1.373319516911913,-0.16952610536727583,0.01,L2,1,Pi0K,declared_source_target_coupled_correlation,16.358075292201015
10.105851856220884,10.426879010621418,1.373319516911533,-0.16952610536720006,0.01,L2,1,PiCK,declared_source_target_coupled_correlation,16.358075292201015
10.105851856220884,10.854852962600193,2.437586968081069,-0.19805560082533108,0.1,L2,0,actual,declared_source_target_coupled_correlation,16.35807529222257
10.105851856220884,10.410182507793115,1.5886244607448048,-0.11585389761516778,0.1,L2,0,Pi00,declared_source_target_coupled_correlation,16.35807529222257
10.105851856220884,10.410182507791445,1.5886244607424362,-0.11585389761449201,0.1,L2,0,PiC0,declared_source_target_coupled_correlation,16.35807529222257
10.105851856220884,10.420002218944303,1.163012121665136,-0.21677479656524634,0.1,L2,0,Pi0K,declared_source_target_coupled_correlation,16.35807529222257
10.105851856220884,10.420002218943058,1.163012121662958,-0.21677479656476473,0.1,L2,0,PiCK,declared_source_target_coupled_correlation,16.35807529222257
10.105851856220884,10.854852962630218,2.4375869681082514,-0.19805560083366236,0.1,L2,1,actual,declared_source_target_coupled_correlation,16.358075292201015
10.105851856220884,10.410182507823574,1.5886244607443663,-0.11585389763499364,0.1,L2,1,Pi00,declared_source_target_coupled_correlation,16.358075292201015
10.105851856220884,10.41018250782135,1.5886244607410402,-0.11585389763412363,0.1,L2,1,PiC0,declared_source_target_coupled_correlation,16.358075292201015
10.105851856220884,10.42000221897397,1.1630121216655356,-0.21677479659143437,0.1,L2,1,Pi0K,declared_source_target_coupled_correlation,16.358075292201015
10.105851856220884,10.42000221897231,1.1630121216626195,-0.21677479659079593,0.1,L2,1,PiCK,declared_source_target_coupled_correlation,16.358075292201015
10.105851856220884,10.405582367358814,1.5838137644883221,-0.11369127183901907,0.001,IRMV1,0,actual,declared_source_target_coupled_correlation,16.35807529222257
10.105851856220884,10.410182507793115,1.5886244607448048,-0.11585389761516778,0.001,IRMV1,0,Pi00,declared_source_target_coupled_correlation,16.35807529222257
10.105851856220884,10.37399465060998,1.5941594538999728,-0.09156166285341623,0.001,IRMV1,0,PiC0,declared_source_target_coupled_correlation,16.35807529222257
10.105851856220884,10.438753907517793,1.580482956528368,-0.1359059794997339,0.001,IRMV1,0,Pi0K,declared_source_target_coupled_correlation,16.35807529222257
10.105851856220884,10.405553966206917,1.5843187907486367,-0.11358660722829154,0.001,IRMV1,0,PiCK,declared_source_target_coupled_correlation,16.35807529222257
10.105851856220884,10.414002604200206,1.5921540002477408,-0.11772023244775501,0.001,IRMV1,1,actual,declared_source_target_coupled_correlation,16.358075292201015
10.105851856220884,10.410182507823574,1.5886244607443663,-0.11585389763499364,0.001,IRMV1,1,Pi00,declared_source_target_coupled_correlation,16.358075292201015
10.105851856220884,10.382664585051552,1.6023335100423013,-0.09584450060457883,0.001,IRMV1,1,PiC0,declared_source_target_coupled_correlation,16.358075292201015
10.105851856220884,10.43875390754579,1.5804829565292675,-0.13590597951786504,0.001,IRMV1,1,Pi0K,declared_source_target_coupled_correlation,16.358075292201015
10.105851856220884,10.413981796429335,1.5926660579973755,-0.11761825985227954,0.001,IRMV1,1,PiCK,declared_source_target_coupled_correlation,16.358075292201015
10.105851856220884,10.370923598778392,1.5403787428529179,-0.09812678753370718,0.01,IRMV1,0,actual,declared_source_target_coupled_correlation,16.35807529222257
10.105851856220884,10.410182507793115,1.5886244607448048,-0.11585389761516778,0.01,IRMV1,0,Pi00,declared_source_target_coupled_correlation,16.35807529222257
10.105851856220884,10.049688426097278,1.6868848543814463,0.1166624476945606,0.01,IRMV1,0,PiC0,declared_source_target_coupled_correlation,16.35807529222257
10.105851856220884,10.566611295323458,1.5515579249638427,-0.2269701760725738,0.01,IRMV1,0,Pi0K,declared_source_target_coupled_correlation,16.35807529222257
10.105851856220884,10.37024095787095,1.545072080154769,-0.09691161158727091,0.01,IRMV1,0,PiCK,declared_source_target_coupled_correlation,16.35807529222257
10.105851856220884,10.444297150370176,1.6251691650633548,-0.13133220486340003,0.01,IRMV1,1,actual,declared_source_target_coupled_correlation,16.358075292201015
10.105851856220884,10.410182507823574,1.5886244607443663,-0.11585389763499364,0.01,IRMV1,1,Pi00,declared_source_target_coupled_correlation,16.358075292201015
10.105851856220884,10.13784974297465,1.7569959728536657,0.06868909891913577,0.01,IRMV1,1,PiC0,declared_source_target_coupled_correlation,16.358075292201015
10.105851856220884,10.566611295340332,1.5515579249692715,-0.22697017608261327,0.01,IRMV1,1,Pi0K,declared_source_target_coupled_correlation,16.358075292201015
10.105851856220884,10.444166512481356,1.6305944451497103,-0.13027648743974304,0.01,IRMV1,1,PiCK,declared_source_target_coupled_correlation,16.358075292201015
10.105851856220884,10.123940027395122,1.2494682262683883,0.047329393935162514,0.1,IRMV1,0,actual,declared_source_target_coupled_correlation,16.35807529222257
10.105851856220884,10.410182507793115,1.5886244607448048,-0.11585389761516778,0.1,IRMV1,0,Pi00,declared_source_target_coupled_correlation,16.35807529222257
10.105851856220884,7.013121437051454,4.506756295660636,0.80421392765719,0.1,IRMV1,0,PiC0,declared_source_target_coupled_correlation,16.35807529222257
10.105851856220884,10.677531647202724,1.5174593838870505,-0.3123123607996255,0.1,IRMV1,0,Pi0K,declared_source_target_coupled_correlation,16.35807529222257
10.105851856220884,10.103714220669985,1.2663152663036887,0.06434047097502081,0.1,IRMV1,0,PiCK,declared_source_target_coupled_correlation,16.35807529222257
10.105851856220884,10.691781185107116,1.9528891202573624,-0.21210816496041252,0.1,IRMV1,1,actual,declared_source_target_coupled_correlation,16.358075292201015
10.105851856220884,10.410182507823574,1.5886244607443663,-0.11585389763499364,0.1,IRMV1,1,Pi00,declared_source_target_coupled_correlation,16.358075292201015
10.105851856220884,8.062170458460697,4.5543952832938155,0.6286893307661164,0.1,IRMV1,1,PiC0,declared_source_target_coupled_correlation,16.358075292201015
10.105851856220884,10.677531647208127,1.5174593838938648,-0.3123123608013104,0.1,IRMV1,1,Pi0K,declared_source_target_coupled_correlation,16.358075292201015
10.105851856220884,10.707855799983216,2.041417261277126,-0.202676783733874,0.1,IRMV1,1,PiCK,declared_source_target_coupled_correlation,16.358075292201015
10.105851856220884,10.410036195164896,1.588036583729409,-0.11586006021953262,0.001,VREX,0,actual,declared_source_target_coupled_correlation,16.35807529222257
10.105851856220884,10.410182507793115,1.5886244607448048,-0.11585389761516778,0.001,VREX,0,Pi00,declared_source_target_coupled_correlation,16.35807529222257
10.105851856220884,10.41006976604282,1.5881991020029156,-0.11585389761516615,0.001,VREX,0,PiC0,declared_source_target_coupled_correlation,16.35807529222257
10.105851856220884,10.410155084439872,1.5885030748321158,-0.11585697902617628,0.001,VREX,0,Pi0K,declared_source_target_coupled_correlation,16.35807529222257
10.105851856220884,10.410042354693715,1.5880777485916533,-0.11585697902617671,0.001,VREX,0,PiCK,declared_source_target_coupled_correlation,16.35807529222257
10.105851856220884,10.410261652923065,1.5888871712421577,-0.1158600602313239,0.001,VREX,1,actual,declared_source_target_coupled_correlation,16.358075292201015
10.105851856220884,10.410182507823574,1.5886244607443663,-0.11585389763499364,0.001,VREX,1,Pi00,declared_source_target_coupled_correlation,16.358075292201015
10.105851856220884,10.410295265732854,1.5890498194864033,-0.11585389763499379,0.001,VREX,1,PiC0,declared_source_target_coupled_correlation,16.358075292201015
10.105851856220884,10.410155084470327,1.588503074831678,-0.11585697904600217,0.001,VREX,1,Pi0K,declared_source_target_coupled_correlation,16.358075292201015
10.105851856220884,10.410267830373117,1.5889284010722873,-0.11585697904600137,0.001,VREX,1,PiCK,declared_source_target_coupled_correlation,16.358075292201015
10.105851856220884,10.40872251778738,1.5827535653025417,-0.11591550257334333,0.01,VREX,0,actual,declared_source_target_coupled_correlation,16.35807529222257
10.105851856220884,10.410182507793115,1.5886244607448048,-0.11585389761516778,0.01,VREX,0,Pi00,declared_source_target_coupled_correlation,16.35807529222257
10.105851856220884,10.409055817529131,1.584370873325858,-0.11585389761513169,0.01,VREX,0,PiC0,declared_source_target_coupled_correlation,16.35807529222257
10.105851856220884,10.40990852905515,1.5874114576149336,-0.11588471185521562,0.01,VREX,0,Pi0K,declared_source_target_coupled_correlation,16.35807529222257
10.105851856220884,10.408783036991707,1.5831611180465475,-0.11588471185517846,0.01,VREX,0,PiCK,declared_source_target_coupled_correlation,16.35807529222257
10.105851856220884,10.410973328853323,1.591247758895984,-0.11591550258514705,0.01,VREX,1,actual,declared_source_target_coupled_correlation,16.358075292201015
10.105851856220884,10.410182507823574,1.5886244607443663,-0.11585389763499364,0.01,VREX,1,Pi00,declared_source_target_coupled_correlation,16.358075292201015
10.105851856220884,10.411310813982118,1.5928780481647011,-0.11585389763500235,0.01,VREX,1,PiC0,declared_source_target_coupled_correlation,16.358075292201015
10.105851856220884,10.409908529085605,1.5874114576144949,-0.11588471187505382,0.01,VREX,1,Pi0K,declared_source_target_coupled_correlation,16.358075292201015
10.105851856220884,10.411035634692608,1.5916617971842555,-0.11588471187506193,0.01,VREX,1,PiCK,declared_source_target_coupled_correlation,16.358075292201015
10.105851856220884,10.395889795548314,1.5306909513767948,-0.1164678719491727,0.1,VREX,0,actual,declared_source_target_coupled_correlation,16.35807529222257
10.105851856220884,10.410182507793115,1.5886244607448048,-0.11585389761516778,0.1,VREX,0,Pi00,declared_source_target_coupled_correlation,16.35807529222257
10.105851856220884,10.398988406804227,1.546088586555326,-0.11585389761480129,0.1,VREX,0,PiC0,declared_source_target_coupled_correlation,16.35807529222257
10.105851856220884,10.407467959887388,1.5765793718738907,-0.11616205323042145,0.1,VREX,0,Pi0K,declared_source_target_coupled_correlation,16.35807529222257
10.105851856220884,10.396391486471792,1.534366008383112,-0.11616205323005017,0.1,VREX,0,PiCK,declared_source_target_coupled_correlation,16.35807529222257
10.105851856220884,10.418028146719536,1.6144825683331658,-0.11646787196110153,0.1,VREX,1,actual,declared_source_target_coupled_correlation,16.358075292201015
10.105851856220884,10.410182507823574,1.5886244607443663,-0.11585389763499364,0.1,VREX,1,Pi00,declared_source_target_coupled_correlation,16.358075292201015
10.105851856220884,10.421538197798897,1.6311603349476838,-0.11585389763509556,0.1,VREX,1,PiC0,declared_source_target_coupled_correlation,16.358075292201015
10.105851856220884,10.407467959917874,1.5765793718734702,-0.11616205325040882,0.1,VREX,1,Pi0K,declared_source_target_coupled_correlation,16.358075292201015
10.105851856220884,10.418703694271011,1.6187927353779747,-0.11616205325051121,0.1,VREX,1,PiCK,declared_source_target_coupled_correlation,16.358075292201015
10.105851856220884,10.410182507783636,1.5886244606048383,-0.11585389763307896,0.0,L2,0,actual,mechanism_defined_hidden,16.35807529222257
10.105851856220884,10.410182507793115,1.5886244607448048,-0.11585389761516778,0.0,L2,0,Pi00,mechanism_defined_hidden,16.35807529222257
10.105851856220884,10.410182507793115,1.5886244607448048,-0.11585389761516778,0.0,L2,0,PiC0,mechanism_defined_hidden,16.35807529222257
10.105851856220884,10.410182507793115,1.5886244607448048,-0.11585389761516778,0.0,L2,0,Pi0K,mechanism_defined_hidden,16.35807529222257
10.105851856220884,10.410182507793115,1.5886244607448048,-0.11585389761516778,0.0,L2,0,PiCK,mechanism_defined_hidden,16.35807529222257
10.105851856220884,10.41018250780818,1.5886244606288495,-0.11585389764486795,0.0,L2,1,actual,mechanism_defined_hidden,16.358075292201015
10.105851856220884,10.410182507823574,1.5886244607443663,-0.11585389763499364,0.0,L2,1,Pi00,mechanism_defined_hidden,16.358075292201015
10.105851856220884,10.410182507823574,1.5886244607443663,-0.11585389763499364,0.0,L2,1,PiC0,mechanism_defined_hidden,16.358075292201015
10.105851856220884,10.410182507823574,1.5886244607443663,-0.11585389763499364,0.0,L2,1,Pi0K,mechanism_defined_hidden,16.358075292201015
10.105851856220884,10.410182507823574,1.5886244607443663,-0.11585389763499364,0.0,L2,1,PiCK,mechanism_defined_hidden,16.358075292201015
10.105851856220884,10.448792005724854,1.6858675660422748,-0.12346163098852588,0.001,L2,0,actual,mechanism_defined_hidden,16.35807529222257
10.105851856220884,10.410182507793115,1.5886244607448048,-0.11585389761516778,0.001,L2,0,Pi00,mechanism_defined_hidden,16.35807529222257
10.105851856220884,10.410182507793097,1.588624460744782,-0.11585389761516046,0.001,L2,0,PiC0,mechanism_defined_hidden,16.35807529222257
10.105851856220884,10.412093587362452,1.5278799377790524,-0.12787885070264396,0.001,L2,0,Pi0K,mechanism_defined_hidden,16.35807529222257
10.105851856220884,10.412093587362437,1.5278799377790282,-0.12787885070263705,0.001,L2,0,PiCK,mechanism_defined_hidden,16.35807529222257
10.105851856220884,10.44879200575022,1.6858675660672042,-0.12346163099978993,0.001,L2,1,actual,mechanism_defined_hidden,16.358075292201015
10.105851856220884,10.410182507823574,1.5886244607443663,-0.11585389763499364,0.001,L2,1,Pi00,mechanism_defined_hidden,16.358075292201015
10.105851856220884,10.410182507823551,1.5886244607443336,-0.11585389763498413,0.001,L2,1,PiC0,mechanism_defined_hidden,16.358075292201015
10.105851856220884,10.412093587392913,1.5278799377788568,-0.12787885072322058,0.001,L2,1,Pi0K,mechanism_defined_hidden,16.358075292201015
10.105851856220884,10.41209358739289,1.5278799377788224,-0.12787885072321137,0.001,L2,1,PiCK,mechanism_defined_hidden,16.358075292201015
10.105851856220884,10.610007176561021,2.0076024488771638,-0.15805832227369734,0.01,L2,0,actual,mechanism_defined_hidden,16.35807529222257
10.105851856220884,10.410182507793115,1.5886244607448048,-0.11585389761516778,0.01,L2,0,Pi00,mechanism_defined_hidden,16.35807529222257
10.105851856220884,10.410182507792948,1.5886244607445694,-0.11585389761510065,0.01,L2,0,PiC0,mechanism_defined_hidden,16.35807529222257
10.105851856220884,10.426879010591218,1.3733195169115349,-0.1695261053445107,0.01,L2,0,Pi0K,mechanism_defined_hidden,16.35807529222257
10.105851856220884,10.426879010591056,1.3733195169112535,-0.16952610534445203,0.01,L2,0,PiCK,mechanism_defined_hidden,16.35807529222257
10.105851856220884,10.610007176588873,2.0076024489040396,-0.15805832228348654,0.01,L2,1,actual,mechanism_defined_hidden,16.358075292201015
10.105851856220884,10.410182507823574,1.5886244607443663,-0.11585389763499364,0.01,L2,1,Pi00,mechanism_defined_hidden,16.358075292201015
10.105851856220884,10.410182507823352,1.5886244607440347,-0.11585389763490628,0.01,L2,1,PiC0,mechanism_defined_hidden,16.358075292201015
10.105851856220884,10.426879010621631,1.373319516911913,-0.16952610536727583,0.01,L2,1,Pi0K,mechanism_defined_hidden,16.358075292201015
10.105851856220884,10.426879010621418,1.373319516911533,-0.16952610536720006,0.01,L2,1,PiCK,mechanism_defined_hidden,16.358075292201015
10.105851856220884,10.854852962600193,2.437586968081069,-0.19805560082533108,0.1,L2,0,actual,mechanism_defined_hidden,16.35807529222257
10.105851856220884,10.410182507793115,1.5886244607448048,-0.11585389761516778,0.1,L2,0,Pi00,mechanism_defined_hidden,16.35807529222257
10.105851856220884,10.410182507791445,1.5886244607424362,-0.11585389761449201,0.1,L2,0,PiC0,mechanism_defined_hidden,16.35807529222257
10.105851856220884,10.420002218944303,1.163012121665136,-0.21677479656524634,0.1,L2,0,Pi0K,mechanism_defined_hidden,16.35807529222257
10.105851856220884,10.420002218943058,1.163012121662958,-0.21677479656476473,0.1,L2,0,PiCK,mechanism_defined_hidden,16.35807529222257
10.105851856220884,10.854852962630218,2.4375869681082514,-0.19805560083366236,0.1,L2,1,actual,mechanism_defined_hidden,16.358075292201015
10.105851856220884,10.410182507823574,1.5886244607443663,-0.11585389763499364,0.1,L2,1,Pi00,mechanism_defined_hidden,16.358075292201015
10.105851856220884,10.41018250782135,1.5886244607410402,-0.11585389763412363,0.1,L2,1,PiC0,mechanism_defined_hidden,16.358075292201015
10.105851856220884,10.42000221897397,1.1630121216655356,-0.21677479659143437,0.1,L2,1,Pi0K,mechanism_defined_hidden,16.358075292201015
10.105851856220884,10.42000221897231,1.1630121216626195,-0.21677479659079593,0.1,L2,1,PiCK,mechanism_defined_hidden,16.358075292201015
10.105851856220884,10.405582367358814,1.5838137644883221,-0.11369127183901907,0.001,IRMV1,0,actual,mechanism_defined_hidden,16.35807529222257
10.105851856220884,10.410182507793115,1.5886244607448048,-0.11585389761516778,0.001,IRMV1,0,Pi00,mechanism_defined_hidden,16.35807529222257
10.105851856220884,10.37399465060998,1.5941594538999728,-0.09156166285341623,0.001,IRMV1,0,PiC0,mechanism_defined_hidden,16.35807529222257
10.105851856220884,10.438753907517793,1.580482956528368,-0.1359059794997339,0.001,IRMV1,0,Pi0K,mechanism_defined_hidden,16.35807529222257
10.105851856220884,10.405553966206917,1.5843187907486367,-0.11358660722829154,0.001,IRMV1,0,PiCK,mechanism_defined_hidden,16.35807529222257
10.105851856220884,10.414002604200206,1.5921540002477408,-0.11772023244775501,0.001,IRMV1,1,actual,mechanism_defined_hidden,16.358075292201015
10.105851856220884,10.410182507823574,1.5886244607443663,-0.11585389763499364,0.001,IRMV1,1,Pi00,mechanism_defined_hidden,16.358075292201015
10.105851856220884,10.382664585051552,1.6023335100423013,-0.09584450060457883,0.001,IRMV1,1,PiC0,mechanism_defined_hidden,16.358075292201015
10.105851856220884,10.43875390754579,1.5804829565292675,-0.13590597951786504,0.001,IRMV1,1,Pi0K,mechanism_defined_hidden,16.358075292201015
10.105851856220884,10.413981796429335,1.5926660579973755,-0.11761825985227954,0.001,IRMV1,1,PiCK,mechanism_defined_hidden,16.358075292201015
10.105851856220884,10.370923598778392,1.5403787428529179,-0.09812678753370718,0.01,IRMV1,0,actual,mechanism_defined_hidden,16.35807529222257
10.105851856220884,10.410182507793115,1.5886244607448048,-0.11585389761516778,0.01,IRMV1,0,Pi00,mechanism_defined_hidden,16.35807529222257
10.105851856220884,10.049688426097278,1.6868848543814463,0.1166624476945606,0.01,IRMV1,0,PiC0,mechanism_defined_hidden,16.35807529222257
10.105851856220884,10.566611295323458,1.5515579249638427,-0.2269701760725738,0.01,IRMV1,0,Pi0K,mechanism_defined_hidden,16.35807529222257
10.105851856220884,10.37024095787095,1.545072080154769,-0.09691161158727091,0.01,IRMV1,0,PiCK,mechanism_defined_hidden,16.35807529222257
10.105851856220884,10.444297150370176,1.6251691650633548,-0.13133220486340003,0.01,IRMV1,1,actual,mechanism_defined_hidden,16.358075292201015
10.105851856220884,10.410182507823574,1.5886244607443663,-0.11585389763499364,0.01,IRMV1,1,Pi00,mechanism_defined_hidden,16.358075292201015
10.105851856220884,10.13784974297465,1.7569959728536657,0.06868909891913577,0.01,IRMV1,1,PiC0,mechanism_defined_hidden,16.358075292201015
10.105851856220884,10.566611295340332,1.5515579249692715,-0.22697017608261327,0.01,IRMV1,1,Pi0K,mechanism_defined_hidden,16.358075292201015
10.105851856220884,10.444166512481356,1.6305944451497103,-0.13027648743974304,0.01,IRMV1,1,PiCK,mechanism_defined_hidden,16.358075292201015
10.105851856220884,10.123940027395122,1.2494682262683883,0.047329393935162514,0.1,IRMV1,0,actual,mechanism_defined_hidden,16.35807529222257
10.105851856220884,10.410182507793115,1.5886244607448048,-0.11585389761516778,0.1,IRMV1,0,Pi00,mechanism_defined_hidden,16.35807529222257
10.105851856220884,7.013121437051454,4.506756295660636,0.80421392765719,0.1,IRMV1,0,PiC0,mechanism_defined_hidden,16.35807529222257
10.105851856220884,10.677531647202724,1.5174593838870505,-0.3123123607996255,0.1,IRMV1,0,Pi0K,mechanism_defined_hidden,16.35807529222257
10.105851856220884,10.103714220669985,1.2663152663036887,0.06434047097502081,0.1,IRMV1,0,PiCK,mechanism_defined_hidden,16.35807529222257
10.105851856220884,10.691781185107116,1.9528891202573624,-0.21210816496041252,0.1,IRMV1,1,actual,mechanism_defined_hidden,16.358075292201015
10.105851856220884,10.410182507823574,1.5886244607443663,-0.11585389763499364,0.1,IRMV1,1,Pi00,mechanism_defined_hidden,16.358075292201015
10.105851856220884,8.062170458460697,4.5543952832938155,0.6286893307661164,0.1,IRMV1,1,PiC0,mechanism_defined_hidden,16.358075292201015
10.105851856220884,10.677531647208127,1.5174593838938648,-0.3123123608013104,0.1,IRMV1,1,Pi0K,mechanism_defined_hidden,16.358075292201015
10.105851856220884,10.707855799983216,2.041417261277126,-0.202676783733874,0.1,IRMV1,1,PiCK,mechanism_defined_hidden,16.358075292201015
10.105851856220884,10.410036195164896,1.588036583729409,-0.11586006021953262,0.001,VREX,0,actual,mechanism_defined_hidden,16.35807529222257
10.105851856220884,10.410182507793115,1.5886244607448048,-0.11585389761516778,0.001,VREX,0,Pi00,mechanism_defined_hidden,16.35807529222257
10.105851856220884,10.41006976604282,1.5881991020029156,-0.11585389761516615,0.001,VREX,0,PiC0,mechanism_defined_hidden,16.35807529222257
10.105851856220884,10.410155084439872,1.5885030748321158,-0.11585697902617628,0.001,VREX,0,Pi0K,mechanism_defined_hidden,16.35807529222257
10.105851856220884,10.410042354693715,1.5880777485916533,-0.11585697902617671,0.001,VREX,0,PiCK,mechanism_defined_hidden,16.35807529222257
10.105851856220884,10.410261652923065,1.5888871712421577,-0.1158600602313239,0.001,VREX,1,actual,mechanism_defined_hidden,16.358075292201015
10.105851856220884,10.410182507823574,1.5886244607443663,-0.11585389763499364,0.001,VREX,1,Pi00,mechanism_defined_hidden,16.358075292201015
10.105851856220884,10.410295265732854,1.5890498194864033,-0.11585389763499379,0.001,VREX,1,PiC0,mechanism_defined_hidden,16.358075292201015
10.105851856220884,10.410155084470327,1.588503074831678,-0.11585697904600217,0.001,VREX,1,Pi0K,mechanism_defined_hidden,16.358075292201015
10.105851856220884,10.410267830373117,1.5889284010722873,-0.11585697904600137,0.001,VREX,1,PiCK,mechanism_defined_hidden,16.358075292201015
10.105851856220884,10.40872251778738,1.5827535653025417,-0.11591550257334333,0.01,VREX,0,actual,mechanism_defined_hidden,16.35807529222257
10.105851856220884,10.410182507793115,1.5886244607448048,-0.11585389761516778,0.01,VREX,0,Pi00,mechanism_defined_hidden,16.35807529222257
10.105851856220884,10.409055817529131,1.584370873325858,-0.11585389761513169,0.01,VREX,0,PiC0,mechanism_defined_hidden,16.35807529222257
10.105851856220884,10.40990852905515,1.5874114576149336,-0.11588471185521562,0.01,VREX,0,Pi0K,mechanism_defined_hidden,16.35807529222257
10.105851856220884,10.408783036991707,1.5831611180465475,-0.11588471185517846,0.01,VREX,0,PiCK,mechanism_defined_hidden,16.35807529222257
10.105851856220884,10.410973328853323,1.591247758895984,-0.11591550258514705,0.01,VREX,1,actual,mechanism_defined_hidden,16.358075292201015
10.105851856220884,10.410182507823574,1.5886244607443663,-0.11585389763499364,0.01,VREX,1,Pi00,mechanism_defined_hidden,16.358075292201015
10.105851856220884,10.411310813982118,1.5928780481647011,-0.11585389763500235,0.01,VREX,1,PiC0,mechanism_defined_hidden,16.358075292201015
10.105851856220884,10.409908529085605,1.5874114576144949,-0.11588471187505382,0.01,VREX,1,Pi0K,mechanism_defined_hidden,16.358075292201015
10.105851856220884,10.411035634692608,1.5916617971842555,-0.11588471187506193,0.01,VREX,1,PiCK,mechanism_defined_hidden,16.358075292201015
10.105851856220884,10.395889795548314,1.5306909513767948,-0.1164678719491727,0.1,VREX,0,actual,mechanism_defined_hidden,16.35807529222257
10.105851856220884,10.410182507793115,1.5886244607448048,-0.11585389761516778,0.1,VREX,0,Pi00,mechanism_defined_hidden,16.35807529222257
10.105851856220884,10.398988406804227,1.546088586555326,-0.11585389761480129,0.1,VREX,0,PiC0,mechanism_defined_hidden,16.35807529222257
10.105851856220884,10.407467959887388,1.5765793718738907,-0.11616205323042145,0.1,VREX,0,Pi0K,mechanism_defined_hidden,16.35807529222257
10.105851856220884,10.396391486471792,1.534366008383112,-0.11616205323005017,0.1,VREX,0,PiCK,mechanism_defined_hidden,16.35807529222257
10.105851856220884,10.418028146719536,1.6144825683331658,-0.11646787196110153,0.1,VREX,1,actual,mechanism_defined_hidden,16.358075292201015
10.105851856220884,10.410182507823574,1.5886244607443663,-0.11585389763499364,0.1,VREX,1,Pi00,mechanism_defined_hidden,16.358075292201015
10.105851856220884,10.421538197798897,1.6311603349476838,-0.11585389763509556,0.1,VREX,1,PiC0,mechanism_defined_hidden,16.358075292201015
10.105851856220884,10.407467959917874,1.5765793718734702,-0.11616205325040882,0.1,VREX,1,Pi0K,mechanism_defined_hidden,16.358075292201015
10.105851856220884,10.418703694271011,1.6187927353779747,-0.11616205325051121,0.1,VREX,1,PiCK,mechanism_defined_hidden,16.358075292201015
16.50278697593293,17.388618856876164,3.8913193214154176,-0.11585389763897379,0.0,L2,0,actual,mechanism_defined_exposed,28.33301752014793
16.50278697593293,17.38861885692928,3.891319321728319,-0.11585389762508065,0.0,L2,0,Pi00,mechanism_defined_exposed,28.33301752014793
16.50278697593293,17.38861885692928,3.891319321728319,-0.11585389762508065,0.0,L2,0,PiC0,mechanism_defined_exposed,28.33301752014793
16.50278697593293,17.38861885692928,3.891319321728319,-0.11585389762508065,0.0,L2,0,Pi0K,mechanism_defined_exposed,28.33301752014793
16.50278697593293,17.38861885692928,3.891319321728319,-0.11585389762508065,0.0,L2,0,PiCK,mechanism_defined_exposed,28.33301752014793
1.883486032242783e-11,4.311168207788888e-11,3.0191369695341494e-11,-2.9617318206940724e-10,0.0,L2,1,actual,mechanism_defined_exposed,16.35807529221179
1.883486032242783e-11,4.555449385496513e-11,2.9385407763310895e-11,-4.284788788003187e-10,0.0,L2,1,Pi00,mechanism_defined_exposed,16.35807529221179
1.883486032242783e-11,4.555449385496513e-11,2.9385407763310895e-11,-4.284788788003187e-10,0.0,L2,1,PiC0,mechanism_defined_exposed,16.35807529221179
1.883486032242783e-11,4.555449385496513e-11,2.9385407763310895e-11,-4.284788788003187e-10,0.0,L2,1,Pi0K,mechanism_defined_exposed,16.35807529221179
1.883486032242783e-11,4.555449385496513e-11,2.9385407763310895e-11,-4.284788788003187e-10,0.0,L2,1,PiCK,mechanism_defined_exposed,16.35807529221179
16.50278697593293,17.49920933730146,4.129515310741925,-0.12346163099415783,0.001,L2,0,actual,mechanism_defined_exposed,28.33301752014793
16.50278697593293,17.38861885692928,3.891319321728319,-0.11585389762508065,0.001,L2,0,Pi00,mechanism_defined_exposed,28.33301752014793
16.50278697593293,17.388618856929227,3.891319321728251,-0.11585389762507238,0.001,L2,0,PiC0,mechanism_defined_exposed,28.33301752014793
16.50278697593293,17.382307577282997,3.74252623579375,-0.12787885071293212,0.001,L2,0,Pi0K,mechanism_defined_exposed,28.33301752014793
16.50278697593293,17.382307577282944,3.7425262357936786,-0.127878850712924,0.001,L2,0,PiCK,mechanism_defined_exposed,28.33301752014793
1.883486032242783e-11,4.322145248559592e-11,3.00600963597088e-11,-3.048662992221404e-10,0.001,L2,1,actual,mechanism_defined_exposed,16.35807529221179
1.883486032242783e-11,4.555449385496513e-11,2.9385407763310895e-11,-4.284788788003187e-10,0.001,L2,1,Pi00,mechanism_defined_exposed,16.35807529221179
1.883486032242783e-11,4.555099725122273e-11,2.9382077532212675e-11,-4.284174535532888e-10,0.001,L2,1,PiC0,mechanism_defined_exposed,16.35807529221179
1.883486032242783e-11,4.532848140208601e-11,2.902761956624685e-11,-4.2865828258556687e-10,0.001,L2,1,Pi0K,mechanism_defined_exposed,16.35807529221179
1.883486032242783e-11,4.532489131680262e-11,2.9024272338300864e-11,-4.285927123733733e-10,0.001,L2,1,PiCK,mechanism_defined_exposed,16.35807529221179
16.50278697593293,17.94934414810078,4.917601606143915,-0.1580583222785916,0.01,L2,0,actual,mechanism_defined_exposed,28.33301752014793
16.50278697593293,17.38861885692928,3.891319321728319,-0.11585389762508065,0.01,L2,0,Pi00,mechanism_defined_exposed,28.33301752014793
16.50278697593293,17.388618856928765,3.891319321727625,-0.11585389762500345,0.01,L2,0,PiC0,mechanism_defined_exposed,28.33301752014793
16.50278697593293,17.391959280421794,3.3639320702392164,-0.16952610535589316,0.01,L2,0,Pi0K,mechanism_defined_exposed,28.33301752014793
16.50278697593293,17.391959280421293,3.363932070238406,-0.16952610535582596,0.01,L2,0,PiCK,mechanism_defined_exposed,28.33301752014793
1.883486032242783e-11,4.4275515527933366e-11,3.058602963256922e-11,-3.3503205160724984e-10,0.01,L2,1,actual,mechanism_defined_exposed,16.35807529221179
1.883486032242783e-11,4.555449385496513e-11,2.9385407763310895e-11,-4.284788788003187e-10,0.01,L2,1,Pi00,mechanism_defined_exposed,16.35807529221179
1.883486032242783e-11,4.5523240207585606e-11,2.9356562628055455e-11,-4.2790283314861527e-10,0.01,L2,1,PiC0,mechanism_defined_exposed,16.35807529221179
1.883486032242783e-11,4.468148357207439e-11,2.7977033233660932e-11,-4.294843111394094e-10,0.01,L2,1,Pi0K,mechanism_defined_exposed,16.35807529221179
1.883486032242783e-11,4.4653462077671876e-11,2.7951258597113583e-11,-4.2895342749699916e-10,0.01,L2,1,PiCK,mechanism_defined_exposed,16.35807529221179
16.50278697593293,18.628580268703345,5.970844275489816,-0.19805560082949691,0.1,L2,0,actual,mechanism_defined_exposed,28.33301752014793
16.50278697593293,17.38861885692928,3.891319321728319,-0.11585389762508065,0.1,L2,0,Pi00,mechanism_defined_exposed,28.33301752014793
16.50278697593293,17.3886188569241,3.891319321721345,-0.11585389762430788,0.1,L2,0,PiC0,mechanism_defined_exposed,28.33301752014793
16.50278697593293,17.34473955919268,2.848786262751741,-0.2167747965783405,0.1,L2,0,Pi0K,mechanism_defined_exposed,28.33301752014793
16.50278697593293,17.344739559188852,2.848786262745502,-0.21677479657778023,0.1,L2,0,PiCK,mechanism_defined_exposed,28.33301752014793
1.883486032242783e-11,4.572565521459506e-11,3.163682299308211e-11,-3.6759750617152453e-10,0.1,L2,1,actual,mechanism_defined_exposed,16.35807529221179
1.883486032242783e-11,4.555449385496513e-11,2.9385407763310895e-11,-4.284788788003187e-10,0.1,L2,1,Pi00,mechanism_defined_exposed,16.35807529221179
1.883486032242783e-11,4.5271259338700584e-11,2.913667706593685e-11,-4.2289450415091413e-10,0.1,L2,1,PiC0,mechanism_defined_exposed,16.35807529221179
1.883486032242783e-11,4.351209601473971e-11,2.6427888041002673e-11,-4.200586349613945e-10,0.1,L2,1,Pi0K,mechanism_defined_exposed,16.35807529221179
1.883486032242783e-11,4.3300637502110194e-11,2.6252618184361542e-11,-4.154966415949575e-10,0.1,L2,1,PiCK,mechanism_defined_exposed,16.35807529221179
16.50278697593293,17.387562556904058,3.8897264904596285,-0.11571174850737523,0.001,IRMV1,0,actual,mechanism_defined_exposed,28.33301752014793
16.50278697593293,17.38861885692928,3.891319321728319,-0.11585389762508065,0.001,IRMV1,0,Pi00,mechanism_defined_exposed,28.33301752014793
16.50278697593293,17.314055385746098,3.9148638772994806,-0.09370914388403562,0.001,IRMV1,0,PiC0,mechanism_defined_exposed,28.33301752014793
16.50278697593293,17.455520511668688,3.8713767906609724,-0.1359059795087994,0.001,IRMV1,0,Pi0K,mechanism_defined_exposed,28.33301752014793
16.50278697593293,17.38759653346874,3.8909721411525604,-0.11560843587616353,0.001,IRMV1,0,PiCK,mechanism_defined_exposed,28.33301752014793
1.883486032242783e-11,0.009815509495569499,0.009815509485579082,-0.09806103934207212,0.001,IRMV1,1,actual,mechanism_defined_exposed,16.35807529221179
1.883486032242783e-11,4.555449385496513e-11,2.9385407763310895e-11,-4.284788788003187e-10,0.001,IRMV1,1,Pi00,mechanism_defined_exposed,16.35807529221179
1.883486032242783e-11,0.009864883946036787,0.009864883935761518,-0.10136431936206249,0.001,IRMV1,1,PiC0,mechanism_defined_exposed,16.35807529221179
1.883486032242783e-11,4.3858067474526905e-11,2.7921631065055516e-11,-3.9458031895085764e-10,0.001,IRMV1,1,Pi0K,mechanism_defined_exposed,16.35807529221179
1.883486032242783e-11,0.009821843406771578,0.009821843396779092,-0.09814462846820148,0.001,IRMV1,1,PiCK,mechanism_defined_exposed,16.35807529221179
16.50278697593293,17.380856080713453,3.8748201950722425,-0.11523865826398325,0.01,IRMV1,0,actual,mechanism_defined_exposed,28.33301752014793
16.50278697593293,17.38861885692928,3.891319321728319,-0.11585389762508065,0.01,IRMV1,0,Pi00,mechanism_defined_exposed,28.33301752014793
16.50278697593293,16.65163359370911,4.2152878076421025,0.09224403813816304,0.01,IRMV1,0,PiC0,mechanism_defined_exposed,28.33301752014793
16.50278697593293,17.755471609312004,3.8005252225395334,-0.22697017607759382,0.01,IRMV1,0,Pi0K,mechanism_defined_exposed,28.33301752014793
16.50278697593293,17.380799779702627,3.887201897765901,-0.11410725565781364,0.01,IRMV1,0,PiCK,mechanism_defined_exposed,28.33301752014793
1.883486032242783e-11,0.09590431930475321,0.09590431929610378,-0.4592249320427919,0.01,IRMV1,1,actual,mechanism_defined_exposed,16.35807529221179
1.883486032242783e-11,4.555449385496513e-11,2.9385407763310895e-11,-4.284788788003187e-10,0.01,IRMV1,1,Pi00,mechanism_defined_exposed,16.35807529221179
1.883486032242783e-11,0.0986488392352881,0.09864883922501283,-0.5455451807311137,0.01,IRMV1,1,PiC0,mechanism_defined_exposed,16.35807529221179
1.883486032242783e-11,3.661934190099975e-11,2.239229536449125e-11,-2.424046731031666e-10,0.01,IRMV1,1,Pi0K,mechanism_defined_exposed,16.35807529221179
1.883486032242783e-11,0.09646992327816258,0.09646992326950751,-0.4595234832982067,0.01,IRMV1,1,PiCK,mechanism_defined_exposed,16.35807529221179
16.50278697593293,17.33797385524357,3.7295477934426984,-0.11660694394408865,0.1,IRMV1,0,actual,mechanism_defined_exposed,28.33301752014793
16.50278697593293,17.38861885692928,3.891319321728319,-0.11585389762508065,0.1,IRMV1,0,Pi00,mechanism_defined_exposed,28.33301752014793
16.50278697593293,11.416121550653802,10.965428768249373,0.7246203001980182,0.1,IRMV1,0,PiC0,mechanism_defined_exposed,28.33301752014793
16.50278697593293,18.013137019555955,3.7170011959297544,-0.31231236080046765,0.1,IRMV1,0,Pi0K,mechanism_defined_exposed,28.33301752014793
16.50278697593293,17.337416805947527,3.8486951417197814,-0.10573690662582415,0.1,IRMV1,0,PiCK,mechanism_defined_exposed,28.33301752014793
1.883486032242783e-11,0.8593240657429471,0.8593240657356107,-0.38950872169867606,0.1,IRMV1,1,actual,mechanism_defined_exposed,16.35807529221179
1.883486032242783e-11,4.555449385496513e-11,2.9385407763310895e-11,-4.284788788003187e-10,0.1,IRMV1,1,Pi00,mechanism_defined_exposed,16.35807529221179
1.883486032242783e-11,0.9864883921278733,0.9864883921175981,-0.5455451805969523,0.1,IRMV1,1,PiC0,mechanism_defined_exposed,16.35807529221179
1.883486032242783e-11,3.011022212949891e-11,1.9421138592938166e-11,-8.734644453814374e-11,0.1,IRMV1,1,Pi0K,mechanism_defined_exposed,16.35807529221179
1.883486032242783e-11,0.9129370316172252,0.9129370316100006,-0.38356812892727554,0.1,IRMV1,1,PiCK,mechanism_defined_exposed,16.35807529221179
16.50278697593293,17.388508708235126,3.890921075703534,-0.11586006022542995,0.001,VREX,0,actual,mechanism_defined_exposed,28.33301752014793
16.50278697593293,17.38861885692928,3.891319321728319,-0.11585389762508065,0.001,VREX,0,Pi00,mechanism_defined_exposed,28.33301752014793
16.50278697593293,17.388618856929348,3.8913193217284987,-0.11585389762508268,0.001,VREX,0,PiC0,mechanism_defined_exposed,28.33301752014793
16.50278697593293,17.388531006977427,3.891021988180271,-0.11585697903608895,0.001,VREX,0,Pi0K,mechanism_defined_exposed,28.33301752014793
16.50278697593293,17.388531006977498,3.8910219881804493,-0.11585697903609159,0.001,VREX,0,PiCK,mechanism_defined_exposed,28.33301752014793
1.883486032242783e-11,0.0006014562048801043,0.0006014562026978045,-0.001312557656690754,0.001,VREX,1,actual,mechanism_defined_exposed,16.35807529221179
1.883486032242783e-11,4.555449385496513e-11,2.9385407763310895e-11,-4.284788788003187e-10,0.001,VREX,1,Pi00,mechanism_defined_exposed,16.35807529221179
1.883486032242783e-11,0.0006015481080714943,0.0006015481058893102,-0.0013126885634873189,0.001,VREX,1,PiC0,mechanism_defined_exposed,16.35807529221179
1.883486032242783e-11,4.555333568361022e-11,2.938461290228846e-11,-4.2844947656048604e-10,0.001,VREX,1,Pi0K,mechanism_defined_exposed,16.35807529221179
1.883486032242783e-11,0.000601502144112423,0.0006015021419301809,-0.0013126231719594822,0.001,VREX,1,PiCK,mechanism_defined_exposed,16.35807529221179
16.50278697593293,17.38751912372636,3.8873418436022478,-0.11591550257926117,0.01,VREX,0,actual,mechanism_defined_exposed,28.33301752014793
16.50278697593293,17.38861885692928,3.891319321728319,-0.11585389762508065,0.01,VREX,0,Pi00,mechanism_defined_exposed,28.33301752014793
16.50278697593293,17.38861885692989,3.8913193217300117,-0.11585389762509392,0.01,VREX,0,PiC0,mechanism_defined_exposed,28.33301752014793
16.50278697593293,17.38774118795972,3.8883480830037347,-0.11588471186513502,0.01,VREX,0,Pi0K,mechanism_defined_exposed,28.33301752014793
16.50278697593293,17.387741187960327,3.888348083005413,-0.1158847118651471,0.01,VREX,0,PiCK,mechanism_defined_exposed,28.33301752014793
1.883486032242783e-11,0.006006301897254065,0.006006301895070721,-0.013113820388064993,0.01,VREX,1,actual,mechanism_defined_exposed,16.35807529221179
1.883486032242783e-11,4.555449385496513e-11,2.9385407763310895e-11,-4.284788788003187e-10,0.01,VREX,1,Pi00,mechanism_defined_exposed,16.35807529221179
1.883486032242783e-11,0.006015481023908762,0.006015481021726579,-0.013126881779169977,0.01,VREX,1,PiC0,mechanism_defined_exposed,16.35807529221179
1.883486032242783e-11,4.555168069729338e-11,2.938328525879963e-11,-4.284130991914061e-10,0.01,VREX,1,Pi0K,mechanism_defined_exposed,16.35807529221179
1.883486032242783e-11,0.006010887869584711,0.0060108878674019475,-0.013120347325208403,0.01,VREX,1,PiCK,mechanism_defined_exposed,16.35807529221179
16.50278697593293,17.37779383083511,3.8520351379013387,-0.11646787195529623,0.1,VREX,0,actual,mechanism_defined_exposed,28.33301752014793
16.50278697593293,17.38861885692928,3.891319321728319,-0.11585389762508065,0.1,VREX,0,Pi00,mechanism_defined_exposed,28.33301752014793
16.50278697593293,17.38861885693543,3.8913193217452,-0.11585389762521994,0.1,VREX,0,PiC0,mechanism_defined_exposed,28.33301752014793
16.50278697593293,17.379924435702357,3.861815000088125,-0.11616205324041533,0.1,VREX,0,Pi0K,mechanism_defined_exposed,28.33301752014793
16.50278697593293,17.379924435708432,3.8618150001048686,-0.11616205324055451,0.1,VREX,0,PiCK,mechanism_defined_exposed,28.33301752014793
1.883486032242783e-11,0.05924962056302575,0.059249620560832,-0.11647271989463956,0.1,VREX,1,actual,mechanism_defined_exposed,16.35807529221179
1.883486032242783e-11,4.555449385496513e-11,2.9385407763310895e-11,-4.284788788003187e-10,0.1,VREX,1,Pi00,mechanism_defined_exposed,16.35807529221179
1.883486032242783e-11,0.060154810182255394,0.06015481018007321,-0.11585873881895319,0.1,VREX,1,PiC0,mechanism_defined_exposed,16.35807529221179
1.883486032242783e-11,4.556241702082694e-11,2.939123379328445e-11,-4.286686287614343e-10,0.1,VREX,1,Pi0K,mechanism_defined_exposed,16.35807529221179
1.883486032242783e-11,0.059698711178048106,0.05969871117586012,-0.1161668979111906,0.1,VREX,1,PiCK,mechanism_defined_exposed,16.35807529221179
5.7971281853185115,4.828189417152228,3.075977730062081,0.5539788448996709,0.0,L2,0,actual,irrelevant_source_diversity,29.538743516938005
5.7971281853185115,4.828189417175919,3.075977730055759,0.5539788448933044,0.0,L2,0,Pi00,irrelevant_source_diversity,29.538743516938005
5.7971281853185115,4.828189417175919,3.075977730055759,0.5539788448933044,0.0,L2,0,PiC0,irrelevant_source_diversity,29.538743516938005
5.7971281853185115,4.828189417175919,3.075977730055759,0.5539788448933044,0.0,L2,0,Pi0K,irrelevant_source_diversity,29.538743516938005
5.7971281853185115,4.828189417175919,3.075977730055759,0.5539788448933044,0.0,L2,0,PiCK,irrelevant_source_diversity,29.538743516938005
1.0404395491661074,1.0717716575896599,0.1635555063820992,-0.1158538977042435,0.0,L2,1,actual,irrelevant_source_diversity,16.35807529221022
1.0404395491661074,1.0717716575951104,0.1635555063780082,-0.11585389774540296,0.0,L2,1,Pi00,irrelevant_source_diversity,16.35807529221022
1.0404395491661074,1.0717716575951104,0.1635555063780082,-0.11585389774540296,0.0,L2,1,PiC0,irrelevant_source_diversity,16.35807529221022
1.0404395491661074,1.0717716575951104,0.1635555063780082,-0.11585389774540296,0.0,L2,1,Pi0K,irrelevant_source_diversity,16.35807529221022
1.0404395491661074,1.0717716575951104,0.1635555063780082,-0.11585389774540296,0.0,L2,1,PiCK,irrelevant_source_diversity,16.35807529221022
13.021799945755687,14.250075117716543,2.5179385730140975,-0.41413437638362904,0.0,L2,2,actual,irrelevant_source_diversity,12.152813626055021
13.021799945755687,14.250075117705755,2.517938573067133,-0.4141343763661439,0.0,L2,2,Pi00,irrelevant_source_diversity,12.152813626055021
13.021799945755687,14.250075117705755,2.517938573067133,-0.4141343763661439,0.0,L2,2,PiC0,irrelevant_source_diversity,12.152813626055021
13.021799945755687,14.250075117705755,2.517938573067133,-0.4141343763661439,0.0,L2,2,Pi0K,irrelevant_source_diversity,12.152813626055021
13.021799945755687,14.250075117705755,2.517938573067133,-0.4141343763661439,0.0,L2,2,PiCK,irrelevant_source_diversity,12.152813626055021
5.7971281853185115,4.748304884611262,2.889461945743652,0.5793615733152536,0.001,L2,0,actual,irrelevant_source_diversity,29.538743516938005
5.7971281853185115,4.828189417175919,3.075977730055759,0.5539788448933044,0.001,L2,0,Pi00,irrelevant_source_diversity,29.538743516938005
5.7971281853185115,4.8281894171758895,3.0759777300557447,0.5539788448933124,0.001,L2,0,PiC0,irrelevant_source_diversity,29.538743516938005
5.7971281853185115,4.795639553951987,2.9778384544283414,0.5641012127263816,0.001,L2,0,Pi0K,irrelevant_source_diversity,29.538743516938005
5.7971281853185115,4.795639553951957,2.977838454428326,0.5641012127263902,0.001,L2,0,PiCK,irrelevant_source_diversity,29.538743516938005
1.0404395491661074,1.075746666248908,0.17356708919809738,-0.12346163105708775,0.001,L2,1,actual,irrelevant_source_diversity,16.35807529221022
1.0404395491661074,1.0717716575951104,0.1635555063780082,-0.11585389774540296,0.001,L2,1,Pi00,irrelevant_source_diversity,16.35807529221022
1.0404395491661074,1.0717716575951042,0.16355550637799843,-0.11585389774537955,0.001,L2,1,PiC0,irrelevant_source_diversity,16.35807529221022
1.0404395491661074,1.0719684111982588,0.15730160467949697,-0.12787885083809103,0.001,L2,1,Pi0K,irrelevant_source_diversity,16.35807529221022
1.0404395491661074,1.0719684111982524,0.15730160467948703,-0.1278788508380656,0.001,L2,1,PiCK,irrelevant_source_diversity,16.35807529221022
13.021799945755687,14.300390678061177,2.6749725202730277,-0.39873763399153755,0.001,L2,2,actual,irrelevant_source_diversity,12.152813626055021
13.021799945755687,14.250075117705755,2.517938573067133,-0.4141343763661439,0.001,L2,2,Pi00,irrelevant_source_diversity,12.152813626055021
13.021799945755687,14.250075117705736,2.517938573067114,-0.4141343763661397,0.001,L2,2,PiC0,irrelevant_source_diversity,12.152813626055021
13.021799945755687,14.249026910093919,2.476938775791898,-0.42370090294638246,0.001,L2,2,Pi0K,irrelevant_source_diversity,12.152813626055021
13.021799945755687,14.249026910093901,2.476938775791878,-0.42370090294637897,0.001,L2,2,PiCK,irrelevant_source_diversity,12.152813626055021
5.7971281853185115,4.645912052713887,2.6360981225345315,0.6207125891387191,0.01,L2,0,actual,irrelevant_source_diversity,29.538743516938005
5.7971281853185115,4.828189417175919,3.075977730055759,0.5539788448933044,0.01,L2,0,Pi00,irrelevant_source_diversity,29.538743516938005
5.7971281853185115,4.828189417175634,3.075977730055608,0.5539788448933828,0.01,L2,0,PiC0,irrelevant_source_diversity,29.538743516938005
5.7971281853185115,4.733972319617636,2.7188054431268895,0.5896768402288382,0.01,L2,0,Pi0K,irrelevant_source_diversity,29.538743516938005
5.7971281853185115,4.733972319617342,2.7188054431266897,0.5896768402289354,0.01,L2,0,PiCK,irrelevant_source_diversity,29.538743516938005
1.0404395491661074,1.092344439704095,0.20669103572126388,-0.15805832233409162,0.01,L2,1,actual,irrelevant_source_diversity,16.35807529221022
1.0404395491661074,1.0717716575951104,0.1635555063780082,-0.11585389774540296,0.01,L2,1,Pi00,irrelevant_source_diversity,16.35807529221022
1.0404395491661074,1.0717716575950504,0.16355550637791125,-0.11585389774518706,0.01,L2,1,PiC0,irrelevant_source_diversity,16.35807529221022
1.0404395491661074,1.0734906321151194,0.14138896545871235,-0.16952610549551728,0.01,L2,1,Pi0K,irrelevant_source_diversity,16.35807529221022
1.0404395491661074,1.073490632115064,0.1413889654586086,-0.1695261054953344,0.01,L2,1,PiCK,irrelevant_source_diversity,16.35807529221022
13.021799945755687,14.540806417886753,3.1839382177930173,-0.3826561831827161,0.01,L2,2,actual,irrelevant_source_diversity,12.152813626055021
13.021799945755687,14.250075117705755,2.517938573067133,-0.4141343763661439,0.01,L2,2,Pi00,irrelevant_source_diversity,12.152813626055021
13.021799945755687,14.250075117705569,2.517938573066935,-0.41413437636610967,0.01,L2,2,PiC0,irrelevant_source_diversity,12.152813626055021
13.021799945755687,14.255211938839327,2.386304840470733,-0.44972254900508285,0.01,L2,2,Pi0K,irrelevant_source_diversity,12.152813626055021
13.021799945755687,14.255211938839146,2.386304840470531,-0.44972254900505326,0.01,L2,2,PiCK,irrelevant_source_diversity,12.152813626055021
5.7971281853185115,4.451399203980418,2.6235150121741433,0.6796887176607852,0.1,L2,0,actual,irrelevant_source_diversity,29.538743516938005
5.7971281853185115,4.828189417175919,3.075977730055759,0.5539788448933044,0.1,L2,0,Pi00,irrelevant_source_diversity,29.538743516938005
5.7971281853185115,4.828189417173062,3.0759777300542415,0.5539788448940893,0.1,L2,0,PiC0,irrelevant_source_diversity,29.538743516938005
5.7971281853185115,4.671859270374561,2.523934466111329,0.6202570646995127,0.1,L2,0,Pi0K,irrelevant_source_diversity,29.538743516938005
5.7971281853185115,4.671859270372319,2.523934466109821,0.6202570647003391,0.1,L2,0,PiCK,irrelevant_source_diversity,29.538743516938005
1.0404395491661074,1.1175523333957138,0.25095973327136406,-0.19805560087603624,0.1,L2,1,actual,irrelevant_source_diversity,16.35807529221022
1.0404395491661074,1.0717716575951104,0.1635555063780082,-0.11585389774540296,0.1,L2,1,Pi00,irrelevant_source_diversity,16.35807529221022
1.0404395491661074,1.07177165759452,0.16355550637703956,-0.11585389774330015,0.1,L2,1,PiC0,irrelevant_source_diversity,16.35807529221022
1.0404395491661074,1.0727826377660725,0.1197369429855847,-0.21677479673998012,0.1,L2,1,Pi0K,irrelevant_source_diversity,16.35807529221022
1.0404395491661074,1.0727826377656304,0.11973694298480189,-0.21677479673834524,0.1,L2,1,PiCK,irrelevant_source_diversity,16.35807529221022
13.021799945755687,14.960506275488504,3.7633507778624025,-0.4090008522821452,0.1,L2,2,actual,irrelevant_source_diversity,12.152813626055021
13.021799945755687,14.250075117705755,2.517938573067133,-0.4141343763661439,0.1,L2,2,Pi00,irrelevant_source_diversity,12.152813626055021
13.021799945755687,14.250075117703867,2.517938573065138,-0.4141343763658047,0.1,L2,2,PiC0,irrelevant_source_diversity,12.152813626055021
13.021799945755687,14.241956743598683,2.231184281032698,-0.48681490235049274,0.1,L2,2,Pi0K,irrelevant_source_diversity,12.152813626055021
13.021799945755687,14.241956743597257,2.231184281031317,-0.4868149023501992,0.1,L2,2,PiCK,irrelevant_source_diversity,12.152813626055021
5.7971281853185115,4.828025050335126,3.0757970854037646,0.5540247248550176,0.001,IRMV1,0,actual,irrelevant_source_diversity,29.538743516938005
5.7971281853185115,4.828189417175919,3.075977730055759,0.5539788448933044,0.001,IRMV1,0,Pi00,irrelevant_source_diversity,29.538743516938005
5.7971281853185115,4.69977518957873,3.195275344256006,0.586516744770641,0.001,IRMV1,0,PiC0,irrelevant_source_diversity,29.538743516938005
5.7971281853185115,4.947698999735473,2.973841514266345,0.5211999333062385,0.001,IRMV1,0,Pi0K,irrelevant_source_diversity,29.538743516938005
5.7971281853185115,4.827559074544228,3.0760011970933943,0.5541493271616401,0.001,IRMV1,0,PiCK,irrelevant_source_diversity,29.538743516938005
1.0404395491661074,1.0776976641414233,0.1695510673727369,-0.14219972697730562,0.001,IRMV1,1,actual,irrelevant_source_diversity,16.35807529221022
1.0404395491661074,1.0717716575951104,0.1635555063780082,-0.11585389774540296,0.001,IRMV1,1,Pi00,irrelevant_source_diversity,16.35807529221022
1.0404395491661074,1.0746340699535781,0.170496260534133,-0.12191977380988611,0.001,IRMV1,1,PiC0,irrelevant_source_diversity,16.35807529221022
1.0404395491661074,1.0747132022223724,0.16271730460266265,-0.13590597961874068,0.001,IRMV1,1,Pi0K,irrelevant_source_diversity,16.35807529221022
1.0404395491661074,1.077700513752794,0.169608513642808,-0.14211376271035844,0.001,IRMV1,1,PiCK,irrelevant_source_diversity,16.35807529221022
13.021799945755687,14.249099023990434,2.5168694084773775,-0.4139680365588281,0.001,IRMV1,2,actual,irrelevant_source_diversity,12.152813626055021
13.021799945755687,14.250075117705755,2.517938573067133,-0.4141343763661439,0.001,IRMV1,2,Pi00,irrelevant_source_diversity,12.152813626055021
13.021799945755687,14.270923622765823,2.520408877251643,-0.42259759913477185,0.001,IRMV1,2,PiC0,irrelevant_source_diversity,12.152813626055021
13.021799945755687,14.230322153374997,2.515408245671946,-0.40615783838970865,0.001,IRMV1,2,Pi0K,irrelevant_source_diversity,12.152813626055021
13.021799945755687,14.249249316007289,2.51741964636045,-0.41390063209189354,0.001,IRMV1,2,PiCK,irrelevant_source_diversity,12.152813626055021
5.7971281853185115,4.827269571207804,3.0736710232157014,0.5542457593946208,0.01,IRMV1,0,actual,irrelevant_source_diversity,29.538743516938005
5.7971281853185115,4.828189417175919,3.075977730055759,0.5539788448933044,0.01,IRMV1,0,Pi00,irrelevant_source_diversity,29.538743516938005
5.7971281853185115,3.780647336109901,4.490015331968835,0.7582570159670161,0.01,IRMV1,0,PiC0,irrelevant_source_diversity,29.538743516938005
5.7971281853185115,5.5186904890036335,2.606218223791048,0.3290555159738331,0.01,IRMV1,0,Pi0K,irrelevant_source_diversity,29.538743516938005
5.7971281853185115,4.822634172678632,3.0755908731071657,0.5554852638730254,0.01,IRMV1,0,PiCK,irrelevant_source_diversity,29.538743516938005
1.0404395491661074,1.126113739577057,0.23486398178397405,-0.2669333386606053,0.01,IRMV1,1,actual,irrelevant_source_diversity,16.35807529221022
1.0404395491661074,1.0717716575951104,0.1635555063780082,-0.11585389774540296,0.01,IRMV1,1,Pi00,irrelevant_source_diversity,16.35807529221022
1.0404395491661074,1.1039920690949174,0.24207671377923645,-0.15421462234103572,0.01,IRMV1,1,PiC0,irrelevant_source_diversity,16.35807529221022
1.0404395491661074,1.087876652938042,0.15973935210567614,-0.2269701761379896,0.01,IRMV1,1,Pi0K,irrelevant_source_diversity,16.35807529221022
1.0404395491661074,1.126490211006736,0.2359452549914351,-0.2664004543936987,0.01,IRMV1,1,PiCK,irrelevant_source_diversity,16.35807529221022
13.021799945755687,14.242401540857873,2.5077067012083525,-0.4132637388257789,0.01,IRMV1,2,actual,irrelevant_source_diversity,12.152813626055021
13.021799945755687,14.250075117705755,2.517938573067133,-0.4141343763661439,0.01,IRMV1,2,Pi00,irrelevant_source_diversity,12.152813626055021
13.021799945755687,14.459154958440147,2.553585039111722,-0.49589228401682317,0.01,IRMV1,2,PiC0,irrelevant_source_diversity,12.152813626055021
13.021799945755687,14.140273361284411,2.5053894751967505,-0.36939948666072686,0.01,IRMV1,2,Pi0K,irrelevant_source_diversity,12.152813626055021
13.021799945755687,14.243588396333923,2.5130133095057157,-0.41250055779904937,0.01,IRMV1,2,PiCK,irrelevant_source_diversity,12.152813626055021
5.7971281853185115,4.825993896876052,3.049906591128113,0.5547972907146941,0.1,IRMV1,0,actual,irrelevant_source_diversity,29.538743516938005
5.7971281853185115,4.828189417175919,3.075977730055759,0.5539788448933044,0.1,IRMV1,0,Pi00,irrelevant_source_diversity,29.538743516938005
5.7971281853185115,15.963851794209587,20.932318662567404,0.8938148356102522,0.1,IRMV1,0,PiC0,irrelevant_source_diversity,29.538743516938005
5.7971281853185115,6.125391969959781,2.433074452582152,0.07111456298435781,0.1,IRMV1,0,Pi0K,irrelevant_source_diversity,29.538743516938005
5.7971281853185115,4.782667394017871,3.0673806487713717,0.5663483630340387,0.1,IRMV1,0,PiCK,irrelevant_source_diversity,29.538743516938005
1.0404395491661074,1.6546470606340313,0.9605469083156668,-0.3665692818974819,0.1,IRMV1,1,actual,irrelevant_source_diversity,16.35807529221022
1.0404395491661074,1.0717716575951104,0.1635555063780082,-0.11585389774540296,0.1,IRMV1,1,Pi00,irrelevant_source_diversity,16.35807529221022
1.0404395491661074,1.6481008741063974,1.100799572922013,-0.18421228415589194,0.1,IRMV1,1,PiC0,irrelevant_source_diversity,16.35807529221022
1.0404395491661074,1.0992963652458312,0.15622876524957058,-0.31231236080974567,0.1,IRMV1,1,Pi0K,irrelevant_source_diversity,16.35807529221022
1.0404395491661074,1.6988824270417364,1.020468035943268,-0.359002865743966,0.1,IRMV1,1,PiCK,irrelevant_source_diversity,16.35807529221022
13.021799945755687,14.19633396456144,2.430224602706354,-0.41178531404902535,0.1,IRMV1,2,actual,irrelevant_source_diversity,12.152813626055021
13.021799945755687,14.250075117705755,2.517938573067133,-0.4141343763661439,0.1,IRMV1,2,Pi00,irrelevant_source_diversity,12.152813626055021
13.021799945755687,16.392735952659066,3.7121115600377665,-0.8830949273951584,0.1,IRMV1,2,PiC0,irrelevant_source_diversity,12.152813626055021
13.021799945755687,14.027845367264039,2.4801346783249394,-0.3260809812278113,0.1,IRMV1,2,Pi0K,irrelevant_source_diversity,12.152813626055021
13.021799945755687,14.205347880437172,2.475794852613155,-0.40470900660158493,0.1,IRMV1,2,PiCK,irrelevant_source_diversity,12.152813626055021
5.7971281853185115,4.828178200815239,3.075945422071895,0.553982127437791,0.001,VREX,0,actual,irrelevant_source_diversity,29.538743516938005
5.7971281853185115,4.828189417175919,3.075977730055759,0.5539788448933044,0.001,VREX,0,Pi00,irrelevant_source_diversity,29.538743516938005
5.7971281853185115,4.828189557417616,3.075968399243683,0.5539788778308825,0.001,VREX,0,PiC0,irrelevant_source_diversity,29.538743516938005
5.7971281853185115,4.828157458011176,3.075960242904418,0.5539876311497277,0.001,VREX,0,Pi0K,irrelevant_source_diversity,29.538743516938005
5.7971281853185115,4.828157599076927,3.0759509128247733,0.5539876638948558,0.001,VREX,0,PiCK,irrelevant_source_diversity,29.538743516938005
1.0404395491661074,1.0719273549009178,0.16413862804265486,-0.11586006029047581,0.001,VREX,1,actual,irrelevant_source_diversity,16.35807529221022
1.0404395491661074,1.0717716575951104,0.1635555063780082,-0.11585389774540296,0.001,VREX,1,Pi00,irrelevant_source_diversity,16.35807529221022
1.0404395491661074,1.0719308429389716,0.16415545832580553,-0.11585389774497691,0.001,VREX,1,PiC0,irrelevant_source_diversity,16.35807529221022
1.0404395491661074,1.0717688342466478,0.16354300919260856,-0.11585697915640994,0.001,VREX,1,Pi0K,irrelevant_source_diversity,16.35807529221022
1.0404395491661074,1.071928002634749,0.1641429152984079,-0.11585697915596457,0.001,VREX,1,PiCK,irrelevant_source_diversity,16.35807529221022
13.021799945755687,14.250017329818764,2.517730432672256,-0.4141594801555247,0.001,VREX,2,actual,irrelevant_source_diversity,12.152813626055021
13.021799945755687,14.250075117705755,2.517938573067133,-0.4141343763661439,0.001,VREX,2,Pi00,irrelevant_source_diversity,12.152813626055021
13.021799945755687,14.250063008451718,2.517910430177081,-0.4141359035303064,0.001,VREX,2,PiC0,irrelevant_source_diversity,12.152813626055021
13.021799945755687,14.250046520563489,2.5178100112078994,-0.4141529662822238,0.001,VREX,2,Pi0K,irrelevant_source_diversity,12.152813626055021
13.021799945755687,14.250034412139653,2.517781870905126,-0.4141544933689263,0.001,VREX,2,PiCK,irrelevant_source_diversity,12.152813626055021
5.7971281853185115,4.828077593970856,3.0756552110324735,0.5540115793045141,0.01,VREX,0,actual,irrelevant_source_diversity,29.538743516938005
5.7971281853185115,4.828189417175919,3.075977730055759,0.5539788448933044,0.01,VREX,0,Pi00,irrelevant_source_diversity,29.538743516938005
5.7971281853185115,4.828190839620305,3.07588445209843,0.5539791688455272,0.01,VREX,0,PiC0,irrelevant_source_diversity,29.538743516938005
5.7971281853185115,4.827870009685552,3.0758031058798636,0.5540666583958946,0.01,VREX,0,Pi0K,irrelevant_source_diversity,29.538743516938005
5.7971281853185115,4.827871514423578,3.075709901020378,0.5540669631274527,0.01,VREX,0,PiCK,irrelevant_source_diversity,29.538743516938005
1.0404395491661074,1.073340011224113,0.1693786942500421,-0.1159155026423052,0.01,VREX,1,actual,irrelevant_source_diversity,16.35807529221022
1.0404395491661074,1.0717716575951104,0.1635555063780082,-0.11585389774540296,0.01,VREX,1,Pi00,irrelevant_source_diversity,16.35807529221022
1.0404395491661074,1.0733775389077431,0.16955502585599014,-0.11585389774145458,0.01,VREX,1,PiC0,irrelevant_source_diversity,16.35807529221022
1.0404395491661074,1.0717434503426497,0.16343062265246597,-0.11588471198552833,0.01,VREX,1,Pi0K,irrelevant_source_diversity,16.35807529221022
1.0404395491661074,1.0733476173253593,0.16942556116364932,-0.11588471198158001,0.01,VREX,1,PiCK,irrelevant_source_diversity,16.35807529221022
13.021799945755687,14.24949810227763,2.51586014177556,-0.41438520390747047,0.01,VREX,2,actual,irrelevant_source_diversity,12.152813626055021
13.021799945755687,14.250075117705755,2.517938573067133,-0.4141343763661439,0.01,VREX,2,Pi00,irrelevant_source_diversity,12.152813626055021
13.021799945755687,14.249954028706437,2.5176571526735696,-0.41414964814476973,0.01,VREX,2,PiC0,irrelevant_source_diversity,12.152813626055021
13.021799945755687,14.249789464557445,2.516654014308237,-0.41432022194570245,0.01,VREX,2,Pi0K,irrelevant_source_diversity,12.152813626055021
13.021799945755687,14.249668458487351,2.516372852441424,-0.4143354859698611,0.01,VREX,2,PiCK,irrelevant_source_diversity,12.152813626055021
5.7971281853185115,4.82710451417597,3.0728076125397847,0.5542972632101919,0.1,VREX,0,actual,irrelevant_source_diversity,29.538743516938005
5.7971281853185115,4.828189417175919,3.075977730055759,0.5539788448933044,0.1,VREX,0,Pi00,irrelevant_source_diversity,29.538743516938005
5.7971281853185115,4.828205644357944,3.075047967732995,0.5539815417302772,0.1,VREX,0,PiC0,irrelevant_source_diversity,29.538743516938005
5.7971281853185115,4.825013590558241,3.074256008468286,0.5548521119490099,0.1,VREX,0,Pi0K,irrelevant_source_diversity,29.538743516938005
5.7971281853185115,4.825037936622301,3.073333412055264,0.5548529108732756,0.1,VREX,0,PiCK,irrelevant_source_diversity,29.538743516938005
1.0404395491661074,1.0885374686394862,0.2209967652584272,-0.11646787200366872,0.1,VREX,1,actual,irrelevant_source_diversity,16.35807529221022
1.0404395491661074,1.0717716575951104,0.1635555063780082,-0.11585389774540296,0.1,VREX,1,Pi00,irrelevant_source_diversity,16.35807529221022
1.0404395491661074,1.0892118789087488,0.22355070115781203,-0.11585389771553203,0.1,VREX,1,PiC0,irrelevant_source_diversity,16.35807529221022
1.0404395491661074,1.071492183579539,0.16231541429940877,-0.11616205336171699,0.1,VREX,1,Pi0K,irrelevant_source_diversity,16.35807529221022
1.0404395491661074,1.088742945251453,0.2218557202928403,-0.11616205333160776,0.1,VREX,1,PiCK,irrelevant_source_diversity,16.35807529221022
13.021799945755687,14.244389836392681,2.4974469110779047,-0.41662180166127755,0.1,VREX,2,actual,irrelevant_source_diversity,12.152813626055021
13.021799945755687,14.250075117705755,2.517938573067133,-0.4141343763661439,0.1,VREX,2,Pi00,irrelevant_source_diversity,12.152813626055021
13.021799945755687,14.248864581849839,2.5151252207726826,-0.4142871076615304,0.1,VREX,2,PiC0,irrelevant_source_diversity,12.152813626055021
13.021799945755687,14.247250119340176,2.5051981301077837,-0.4159874827662476,0.1,VREX,2,Pi0K,irrelevant_source_diversity,12.152813626055021
13.021799945755687,14.246047786582999,2.5024104309241824,-0.4161394302673393,0.1,VREX,2,PiCK,irrelevant_source_diversity,12.152813626055021
6.7373805017029245,7.143515959435879,1.585665724749337,-0.1461724343685712,0.0,L2,0,actual,declared_source_target_coupled_correlation,18.02880808039153
6.7373805017029245,7.143515959350946,1.5856657248501065,-0.14617243428753346,0.0,L2,0,Pi00,declared_source_target_coupled_correlation,18.02880808039153
6.7373805017029245,7.143515959350946,1.5856657248501065,-0.14617243428753346,0.0,L2,0,PiC0,declared_source_target_coupled_correlation,18.02880808039153
6.7373805017029245,7.143515959350946,1.5856657248501065,-0.14617243428753346,0.0,L2,0,Pi0K,declared_source_target_coupled_correlation,18.02880808039153
6.7373805017029245,7.143515959350946,1.5856657248501065,-0.14617243428753346,0.0,L2,0,PiCK,declared_source_target_coupled_correlation,18.02880808039153
6.7373805017029245,7.14351595943566,1.5856657247449646,-0.1461724343694769,0.0,L2,1,actual,declared_source_target_coupled_correlation,18.028808080186568
6.7373805017029245,7.143515959344152,1.5856657248997654,-0.14617243427104207,0.0,L2,1,Pi00,declared_source_target_coupled_correlation,18.028808080186568
6.7373805017029245,7.143515959344152,1.5856657248997654,-0.14617243427104207,0.0,L2,1,PiC0,declared_source_target_coupled_correlation,18.028808080186568
6.7373805017029245,7.143515959344152,1.5856657248997654,-0.14617243427104207,0.0,L2,1,Pi0K,declared_source_target_coupled_correlation,18.028808080186568
6.7373805017029245,7.143515959344152,1.5856657248997654,-0.14617243427104207,0.0,L2,1,PiCK,declared_source_target_coupled_correlation,18.028808080186568
6.7373805017029245,7.169720672134834,1.6291672001057307,-0.15298446708093766,0.001,L2,0,actual,declared_source_target_coupled_correlation,18.02880808039153
6.7373805017029245,7.143515959350946,1.5856657248501065,-0.14617243428753346,0.001,L2,0,Pi00,declared_source_target_coupled_correlation,18.02880808039153
6.7373805017029245,7.143515959350946,1.5856657248501067,-0.1461724342875336,0.001,L2,0,PiC0,declared_source_target_coupled_correlation,18.02880808039153
6.7373805017029245,7.13509154107532,1.5247646152010945,-0.15537589765929927,0.001,L2,0,Pi0K,declared_source_target_coupled_correlation,18.02880808039153
6.7373805017029245,7.135091541075321,1.5247646152010945,-0.1553758976592995,0.001,L2,0,PiCK,declared_source_target_coupled_correlation,18.02880808039153
6.7373805017029245,7.16972067213481,1.6291672001021253,-0.152984467081796,0.001,L2,1,actual,declared_source_target_coupled_correlation,18.028808080186568
6.7373805017029245,7.143515959344152,1.5856657248997654,-0.14617243427104207,0.001,L2,1,Pi00,declared_source_target_coupled_correlation,18.028808080186568
6.7373805017029245,7.143515959344152,1.5856657248997656,-0.1461724342710422,0.001,L2,1,PiC0,declared_source_target_coupled_correlation,18.028808080186568
6.7373805017029245,7.135091541068449,1.5247646152509169,-0.15537589764205492,0.001,L2,1,Pi0K,declared_source_target_coupled_correlation,18.028808080186568
6.7373805017029245,7.135091541068449,1.524764615250917,-0.1553758976420551,0.001,L2,1,PiCK,declared_source_target_coupled_correlation,18.028808080186568
6.7373805017029245,7.277502186475857,1.7909208125665883,-0.18076840416498954,0.01,L2,0,actual,declared_source_target_coupled_correlation,18.02880808039153
6.7373805017029245,7.143515959350946,1.5856657248501065,-0.14617243428753346,0.01,L2,0,Pi00,declared_source_target_coupled_correlation,18.02880808039153
6.7373805017029245,7.143515959350949,1.5856657248501074,-0.14617243428753532,0.01,L2,0,PiC0,declared_source_target_coupled_correlation,18.02880808039153
6.7373805017029245,7.105469467849108,1.3363288486095557,-0.18379955032722264,0.01,L2,0,Pi0K,declared_source_target_coupled_correlation,18.02880808039153
6.7373805017029245,7.105469467849111,1.3363288486095566,-0.1837995503272246,0.01,L2,0,PiCK,declared_source_target_coupled_correlation,18.02880808039153
6.7373805017029245,7.2775021864757905,1.790920812563395,-0.18076840416574572,0.01,L2,1,actual,declared_source_target_coupled_correlation,18.028808080186568
6.7373805017029245,7.143515959344152,1.5856657248997654,-0.14617243427104207,0.01,L2,1,Pi00,declared_source_target_coupled_correlation,18.028808080186568
6.7373805017029245,7.143515959344156,1.5856657248997665,-0.1461724342710438,0.01,L2,1,PiC0,declared_source_target_coupled_correlation,18.028808080186568
6.7373805017029245,7.105469467841327,1.3363288486584566,-0.18379955030709744,0.01,L2,1,Pi0K,declared_source_target_coupled_correlation,18.028808080186568
6.7373805017029245,7.1054694678413295,1.3363288486584575,-0.1837995503070992,0.01,L2,1,PiCK,declared_source_target_coupled_correlation,18.028808080186568
6.7373805017029245,7.338314447124189,1.900316819236248,-0.18930325946389356,0.1,L2,0,actual,declared_source_target_coupled_correlation,18.02880808039153
6.7373805017029245,7.143515959350946,1.5856657248501065,-0.14617243428753346,0.1,L2,0,Pi00,declared_source_target_coupled_correlation,18.02880808039153
6.7373805017029245,7.143515959350979,1.5856657248501174,-0.14617243428755192,0.1,L2,0,PiC0,declared_source_target_coupled_correlation,18.02880808039153
6.7373805017029245,6.994425034120183,1.0401075797750512,-0.17465762681793523,0.1,L2,0,Pi0K,declared_source_target_coupled_correlation,18.02880808039153
6.7373805017029245,6.994425034120194,1.0401075797750523,-0.17465762681794605,0.1,L2,0,PiCK,declared_source_target_coupled_correlation,18.02880808039153
6.7373805017029245,7.338314447122493,1.9003168192293187,-0.18930325946464072,0.1,L2,1,actual,declared_source_target_coupled_correlation,18.028808080186568
6.7373805017029245,7.143515959344152,1.5856657248997654,-0.14617243427104207,0.1,L2,1,Pi00,declared_source_target_coupled_correlation,18.028808080186568
6.7373805017029245,7.143515959344183,1.5856657248997763,-0.14617243427105983,0.1,L2,1,PiC0,declared_source_target_coupled_correlation,18.028808080186568
6.7373805017029245,6.994425034107685,1.0401075798163562,-0.17465762679239408,0.1,L2,1,Pi0K,declared_source_target_coupled_correlation,18.028808080186568
6.7373805017029245,6.994425034107696,1.0401075798163577,-0.17465762679240474,0.1,L2,1,PiCK,declared_source_target_coupled_correlation,18.028808080186568
6.7373805017029245,7.138224675478868,1.5803238633181707,-0.14391199333087681,0.001,IRMV1,0,actual,declared_source_target_coupled_correlation,18.02880808039153
6.7373805017029245,7.143515959350946,1.5856657248501065,-0.14617243428753346,0.001,IRMV1,0,Pi00,declared_source_target_coupled_correlation,18.02880808039153
6.7373805017029245,7.105091306437109,1.5954213919260485,-0.11836758154966316,0.001,IRMV1,0,PiC0,declared_source_target_coupled_correlation,18.02880808039153
6.7373805017029245,7.173578651370057,1.5736386995049558,-0.1693797030126885,0.001,IRMV1,0,Pi0K,declared_source_target_coupled_correlation,18.02880808039153
6.7373805017029245,7.138230941632188,1.5808359933243321,-0.1437935701289666,0.001,IRMV1,0,PiCK,declared_source_target_coupled_correlation,18.02880808039153
6.7373805017029245,7.1481362100762755,1.5899514228228526,-0.14822525177554374,0.001,IRMV1,1,actual,declared_source_target_coupled_correlation,18.028808080186568
6.7373805017029245,7.143515959344152,1.5856657248997654,-0.14617243427104207,0.001,IRMV1,1,Pi00,declared_source_target_coupled_correlation,18.028808080186568
6.7373805017029245,7.115305730000823,1.6047385141568198,-0.123018838321307,0.001,IRMV1,1,PiC0,declared_source_target_coupled_correlation,18.028808080186568
6.7373805017029245,7.173578651365892,1.5736386995527518,-0.16937970299763194,0.001,IRMV1,1,Pi0K,declared_source_target_coupled_correlation,18.028808080186568
6.7373805017029245,7.148148657363517,1.5904666306936068,-0.14810908208096402,0.001,IRMV1,1,PiCK,declared_source_target_coupled_correlation,18.028808080186568
6.7373805017029245,7.098361547409695,1.530377904419137,-0.12862241468455216,0.01,IRMV1,0,actual,declared_source_target_coupled_correlation,18.02880808039153
6.7373805017029245,7.143515959350946,1.5856657248501065,-0.14617243428753346,0.01,IRMV1,0,Pi00,declared_source_target_coupled_correlation,18.02880808039153
6.7373805017029245,6.765740765814726,1.7450151274740657,0.1132161265822227,0.01,IRMV1,0,PiC0,declared_source_target_coupled_correlation,18.02880808039153
6.7373805017029245,7.308946008505886,1.5319921015386422,-0.2752183955415077,0.01,IRMV1,0,Pi0K,declared_source_target_coupled_correlation,18.02880808039153
6.7373805017029245,7.098083303632326,1.535349841706678,-0.12727819638159804,0.01,IRMV1,0,PiCK,declared_source_target_coupled_correlation,18.02880808039153
6.7373805017029245,7.18462133743541,1.6308749192075749,-0.16230394887106186,0.01,IRMV1,1,actual,declared_source_target_coupled_correlation,18.028808080186568
6.7373805017029245,7.143515959344152,1.5856657248997654,-0.14617243427104207,0.01,IRMV1,1,Pi00,declared_source_target_coupled_correlation,18.028808080186568
6.7373805017029245,6.869695314426392,1.818838810877437,0.06151996079001565,0.01,IRMV1,1,PiC0,declared_source_target_coupled_correlation,18.028808080186568
6.7373805017029245,7.30894600851374,1.5319921015800493,-0.2752183955334848,0.01,IRMV1,1,Pi0K,declared_source_target_coupled_correlation,18.028808080186568
6.7373805017029245,7.184760433999621,1.6361757139081319,-0.16108328328779228,0.01,IRMV1,1,PiCK,declared_source_target_coupled_correlation,18.028808080186568
6.7373805017029245,6.804201603617512,1.1149379144606975,0.02251290454469416,0.1,IRMV1,0,actual,declared_source_target_coupled_correlation,18.02880808039153
6.7373805017029245,7.143515959350946,1.5856657248501065,-0.14617243428753346,0.1,IRMV1,0,Pi00,declared_source_target_coupled_correlation,18.02880808039153
6.7373805017029245,4.53041635091272,5.46464357451732,0.7432624014581848,0.1,IRMV1,0,PiC0,declared_source_target_coupled_correlation,18.02880808039153
6.7373805017029245,7.4321017615775595,1.4959988673102498,-0.37730639127524174,0.1,IRMV1,0,Pi0K,declared_source_target_coupled_correlation,18.02880808039153
6.7373805017029245,6.792791465192269,1.1500495372883752,0.036968915527958744,0.1,IRMV1,0,PiCK,declared_source_target_coupled_correlation,18.02880808039153
6.7373805017029245,7.498306646419827,2.0559243726500163,-0.23843844196690223,0.1,IRMV1,1,actual,declared_source_target_coupled_correlation,18.028808080186568
6.7373805017029245,7.143515959344152,1.5856657248997654,-0.14617243427104207,0.1,IRMV1,1,Pi00,declared_source_target_coupled_correlation,18.028808080186568
6.7373805017029245,5.585045207048028,5.383929723383912,0.5952853507548858,0.1,IRMV1,1,PiC0,declared_source_target_coupled_correlation,18.028808080186568
6.7373805017029245,7.43210176159739,1.4959988673484184,-0.3773063912745728,0.1,IRMV1,1,Pi0K,declared_source_target_coupled_correlation,18.028808080186568
6.7373805017029245,7.512655354492883,2.1299504331798085,-0.22685977714274083,0.1,IRMV1,1,PiCK,declared_source_target_coupled_correlation,18.028808080186568
6.7373805017029245,7.143329630818369,1.5851207751302687,-0.14617895263801015,0.001,VREX,0,actual,declared_source_target_coupled_correlation,18.02880808039153
6.7373805017029245,7.143515959350946,1.5856657248501065,-0.14617243428753346,0.001,VREX,0,Pi00,declared_source_target_coupled_correlation,18.02880808039153
6.7373805017029245,7.143375211782229,1.585274553887184,-0.14617243428752813,0.001,VREX,0,PiC0,declared_source_target_coupled_correlation,18.02880808039153
6.7373805017029245,7.14347880959087,1.5855489364062052,-0.1461756935515477,0.001,VREX,0,Pi0K,declared_source_target_coupled_correlation,18.02880808039153
6.7373805017029245,7.143338076848475,1.5851577942540462,-0.14617569355154011,0.001,VREX,0,PiCK,declared_source_target_coupled_correlation,18.02880808039153
6.7373805017029245,7.143611092896926,1.5859030018160687,-0.14617895263891523,0.001,VREX,1,actual,declared_source_target_coupled_correlation,18.028808080186568
6.7373805017029245,7.143515959344152,1.5856657248997654,-0.14617243427104207,0.001,VREX,1,Pi00,declared_source_target_coupled_correlation,18.028808080186568
6.7373805017029245,7.143656725559254,1.5860568958621186,-0.14617243427104842,0.001,VREX,1,PiC0,declared_source_target_coupled_correlation,18.028808080186568
6.7373805017029245,7.143478809584077,1.5855489364558601,-0.146175693535057,0.001,VREX,1,Pi0K,declared_source_target_coupled_correlation,18.028808080186568
6.7373805017029245,7.143619560970373,1.5859400786074442,-0.1461756935350623,0.001,VREX,1,PiCK,declared_source_target_coupled_correlation,18.028808080186568
6.7373805017029245,7.141656503395072,1.5802232277175239,-0.14623759356827806,0.01,VREX,0,actual,declared_source_target_coupled_correlation,18.02880808039153
6.7373805017029245,7.143515959350946,1.5856657248501065,-0.14617243428753346,0.01,VREX,0,Pi00,declared_source_target_coupled_correlation,18.02880808039153
6.7373805017029245,7.142109322942221,1.5817540152208773,-0.14617243428748644,0.01,VREX,0,PiC0,declared_source_target_coupled_correlation,18.02880808039153
6.7373805017029245,7.143144790757723,1.5844986306533018,-0.1462050268083611,0.01,VREX,0,Pi0K,declared_source_target_coupled_correlation,18.02880808039153
6.7373805017029245,7.141739634525864,1.580589800151453,-0.14620502680831401,0.01,VREX,0,PiCK,declared_source_target_coupled_correlation,18.02880808039153
6.7373805017029245,7.144466478785632,1.588035138935155,-0.1462375935691912,0.01,VREX,1,actual,declared_source_target_coupled_correlation,18.028808080186568
6.7373805017029245,7.143515959344152,1.5856657248997654,-0.14617243427104207,0.01,VREX,1,Pi00,declared_source_target_coupled_correlation,18.028808080186568
6.7373805017029245,7.144924460409865,1.589577434523292,-0.14617243427111312,0.01,VREX,1,PiC0,declared_source_target_coupled_correlation,18.028808080186568
6.7373805017029245,7.143144790750908,1.5844986307029216,-0.1462050267918583,0.01,VREX,1,Pi0K,declared_source_target_coupled_correlation,18.028808080186568
6.7373805017029245,7.144551809168009,1.5884074611990673,-0.14620502679192873,0.01,VREX,1,PiCK,declared_source_target_coupled_correlation,18.028808080186568
6.7373805017029245,7.125297143378736,1.5319306069564615,-0.14682169457027458,0.1,VREX,0,actual,declared_source_target_coupled_correlation,18.02880808039153
6.7373805017029245,7.143515959350946,1.5856657248501065,-0.14617243428753346,0.1,VREX,0,Pi00,declared_source_target_coupled_correlation,18.02880808039153
6.7373805017029245,7.129533686544087,1.5465486285577905,-0.1461724342870576,0.1,VREX,0,PiC0,declared_source_target_coupled_correlation,18.02880808039153
6.7373805017029245,7.139836879449739,1.5740732263052652,-0.14649834757081073,0.1,VREX,0,Pi0K,declared_source_target_coupled_correlation,18.02880808039153
6.7373805017029245,7.126000187381285,1.5352421076151308,-0.14649834757033398,0.1,VREX,0,PiCK,declared_source_target_coupled_correlation,18.02880808039153
6.7373805017029245,7.152940223032138,1.609029199584982,-0.1468216945712665,0.1,VREX,1,actual,declared_source_target_coupled_correlation,18.028808080186568
6.7373805017029245,7.143515959344152,1.5856657248997654,-0.14617243427104207,0.1,VREX,1,Pi00,declared_source_target_coupled_correlation,18.028808080186568
6.7373805017029245,7.157684697546157,1.6247828211350124,-0.1461724342717257,0.1,VREX,1,PiC0,declared_source_target_coupled_correlation,18.028808080186568
6.7373805017029245,7.139836879442734,1.5740732263545456,-0.14649834755419344,0.1,VREX,1,Pi0K,declared_source_target_coupled_correlation,18.028808080186568
6.7373805017029245,7.153857586708458,1.612904344988031,-0.14649834755488278,0.1,VREX,1,PiCK,declared_source_target_coupled_correlation,18.028808080186568
6.7373805017029245,7.143515959435879,1.585665724749337,-0.1461724343685712,0.0,L2,0,actual,mechanism_defined_hidden,18.02880808039153
6.7373805017029245,7.143515959350946,1.5856657248501065,-0.14617243428753346,0.0,L2,0,Pi00,mechanism_defined_hidden,18.02880808039153
6.7373805017029245,7.143515959350946,1.5856657248501065,-0.14617243428753346,0.0,L2,0,PiC0,mechanism_defined_hidden,18.02880808039153
6.7373805017029245,7.143515959350946,1.5856657248501065,-0.14617243428753346,0.0,L2,0,Pi0K,mechanism_defined_hidden,18.02880808039153
6.7373805017029245,7.143515959350946,1.5856657248501065,-0.14617243428753346,0.0,L2,0,PiCK,mechanism_defined_hidden,18.02880808039153
6.7373805017029245,7.14351595943566,1.5856657247449646,-0.1461724343694769,0.0,L2,1,actual,mechanism_defined_hidden,18.028808080186568
6.7373805017029245,7.143515959344152,1.5856657248997654,-0.14617243427104207,0.0,L2,1,Pi00,mechanism_defined_hidden,18.028808080186568
6.7373805017029245,7.143515959344152,1.5856657248997654,-0.14617243427104207,0.0,L2,1,PiC0,mechanism_defined_hidden,18.028808080186568
6.7373805017029245,7.143515959344152,1.5856657248997654,-0.14617243427104207,0.0,L2,1,Pi0K,mechanism_defined_hidden,18.028808080186568
6.7373805017029245,7.143515959344152,1.5856657248997654,-0.14617243427104207,0.0,L2,1,PiCK,mechanism_defined_hidden,18.028808080186568
6.7373805017029245,7.169720672134834,1.6291672001057307,-0.15298446708093766,0.001,L2,0,actual,mechanism_defined_hidden,18.02880808039153
6.7373805017029245,7.143515959350946,1.5856657248501065,-0.14617243428753346,0.001,L2,0,Pi00,mechanism_defined_hidden,18.02880808039153
6.7373805017029245,7.143515959350946,1.5856657248501067,-0.1461724342875336,0.001,L2,0,PiC0,mechanism_defined_hidden,18.02880808039153
6.7373805017029245,7.13509154107532,1.5247646152010945,-0.15537589765929927,0.001,L2,0,Pi0K,mechanism_defined_hidden,18.02880808039153
6.7373805017029245,7.135091541075321,1.5247646152010945,-0.1553758976592995,0.001,L2,0,PiCK,mechanism_defined_hidden,18.02880808039153
6.7373805017029245,7.16972067213481,1.6291672001021253,-0.152984467081796,0.001,L2,1,actual,mechanism_defined_hidden,18.028808080186568
6.7373805017029245,7.143515959344152,1.5856657248997654,-0.14617243427104207,0.001,L2,1,Pi00,mechanism_defined_hidden,18.028808080186568
6.7373805017029245,7.143515959344152,1.5856657248997656,-0.1461724342710422,0.001,L2,1,PiC0,mechanism_defined_hidden,18.028808080186568
6.7373805017029245,7.135091541068449,1.5247646152509169,-0.15537589764205492,0.001,L2,1,Pi0K,mechanism_defined_hidden,18.028808080186568
6.7373805017029245,7.135091541068449,1.524764615250917,-0.1553758976420551,0.001,L2,1,PiCK,mechanism_defined_hidden,18.028808080186568
6.7373805017029245,7.277502186475857,1.7909208125665883,-0.18076840416498954,0.01,L2,0,actual,mechanism_defined_hidden,18.02880808039153
6.7373805017029245,7.143515959350946,1.5856657248501065,-0.14617243428753346,0.01,L2,0,Pi00,mechanism_defined_hidden,18.02880808039153
6.7373805017029245,7.143515959350949,1.5856657248501074,-0.14617243428753532,0.01,L2,0,PiC0,mechanism_defined_hidden,18.02880808039153
6.7373805017029245,7.105469467849108,1.3363288486095557,-0.18379955032722264,0.01,L2,0,Pi0K,mechanism_defined_hidden,18.02880808039153
6.7373805017029245,7.105469467849111,1.3363288486095566,-0.1837995503272246,0.01,L2,0,PiCK,mechanism_defined_hidden,18.02880808039153
6.7373805017029245,7.2775021864757905,1.790920812563395,-0.18076840416574572,0.01,L2,1,actual,mechanism_defined_hidden,18.028808080186568
6.7373805017029245,7.143515959344152,1.5856657248997654,-0.14617243427104207,0.01,L2,1,Pi00,mechanism_defined_hidden,18.028808080186568
6.7373805017029245,7.143515959344156,1.5856657248997665,-0.1461724342710438,0.01,L2,1,PiC0,mechanism_defined_hidden,18.028808080186568
6.7373805017029245,7.105469467841327,1.3363288486584566,-0.18379955030709744,0.01,L2,1,Pi0K,mechanism_defined_hidden,18.028808080186568
6.7373805017029245,7.1054694678413295,1.3363288486584575,-0.1837995503070992,0.01,L2,1,PiCK,mechanism_defined_hidden,18.028808080186568
6.7373805017029245,7.338314447124189,1.900316819236248,-0.18930325946389356,0.1,L2,0,actual,mechanism_defined_hidden,18.02880808039153
6.7373805017029245,7.143515959350946,1.5856657248501065,-0.14617243428753346,0.1,L2,0,Pi00,mechanism_defined_hidden,18.02880808039153
6.7373805017029245,7.143515959350979,1.5856657248501174,-0.14617243428755192,0.1,L2,0,PiC0,mechanism_defined_hidden,18.02880808039153
6.7373805017029245,6.994425034120183,1.0401075797750512,-0.17465762681793523,0.1,L2,0,Pi0K,mechanism_defined_hidden,18.02880808039153
6.7373805017029245,6.994425034120194,1.0401075797750523,-0.17465762681794605,0.1,L2,0,PiCK,mechanism_defined_hidden,18.02880808039153
6.7373805017029245,7.338314447122493,1.9003168192293187,-0.18930325946464072,0.1,L2,1,actual,mechanism_defined_hidden,18.028808080186568
6.7373805017029245,7.143515959344152,1.5856657248997654,-0.14617243427104207,0.1,L2,1,Pi00,mechanism_defined_hidden,18.028808080186568
6.7373805017029245,7.143515959344183,1.5856657248997763,-0.14617243427105983,0.1,L2,1,PiC0,mechanism_defined_hidden,18.028808080186568
6.7373805017029245,6.994425034107685,1.0401075798163562,-0.17465762679239408,0.1,L2,1,Pi0K,mechanism_defined_hidden,18.028808080186568
6.7373805017029245,6.994425034107696,1.0401075798163577,-0.17465762679240474,0.1,L2,1,PiCK,mechanism_defined_hidden,18.028808080186568
6.7373805017029245,7.138224675478868,1.5803238633181707,-0.14391199333087681,0.001,IRMV1,0,actual,mechanism_defined_hidden,18.02880808039153
6.7373805017029245,7.143515959350946,1.5856657248501065,-0.14617243428753346,0.001,IRMV1,0,Pi00,mechanism_defined_hidden,18.02880808039153
6.7373805017029245,7.105091306437109,1.5954213919260485,-0.11836758154966316,0.001,IRMV1,0,PiC0,mechanism_defined_hidden,18.02880808039153
6.7373805017029245,7.173578651370057,1.5736386995049558,-0.1693797030126885,0.001,IRMV1,0,Pi0K,mechanism_defined_hidden,18.02880808039153
6.7373805017029245,7.138230941632188,1.5808359933243321,-0.1437935701289666,0.001,IRMV1,0,PiCK,mechanism_defined_hidden,18.02880808039153
6.7373805017029245,7.1481362100762755,1.5899514228228526,-0.14822525177554374,0.001,IRMV1,1,actual,mechanism_defined_hidden,18.028808080186568
6.7373805017029245,7.143515959344152,1.5856657248997654,-0.14617243427104207,0.001,IRMV1,1,Pi00,mechanism_defined_hidden,18.028808080186568
6.7373805017029245,7.115305730000823,1.6047385141568198,-0.123018838321307,0.001,IRMV1,1,PiC0,mechanism_defined_hidden,18.028808080186568
6.7373805017029245,7.173578651365892,1.5736386995527518,-0.16937970299763194,0.001,IRMV1,1,Pi0K,mechanism_defined_hidden,18.028808080186568
6.7373805017029245,7.148148657363517,1.5904666306936068,-0.14810908208096402,0.001,IRMV1,1,PiCK,mechanism_defined_hidden,18.028808080186568
6.7373805017029245,7.098361547409695,1.530377904419137,-0.12862241468455216,0.01,IRMV1,0,actual,mechanism_defined_hidden,18.02880808039153
6.7373805017029245,7.143515959350946,1.5856657248501065,-0.14617243428753346,0.01,IRMV1,0,Pi00,mechanism_defined_hidden,18.02880808039153
6.7373805017029245,6.765740765814726,1.7450151274740657,0.1132161265822227,0.01,IRMV1,0,PiC0,mechanism_defined_hidden,18.02880808039153
6.7373805017029245,7.308946008505886,1.5319921015386422,-0.2752183955415077,0.01,IRMV1,0,Pi0K,mechanism_defined_hidden,18.02880808039153
6.7373805017029245,7.098083303632326,1.535349841706678,-0.12727819638159804,0.01,IRMV1,0,PiCK,mechanism_defined_hidden,18.02880808039153
6.7373805017029245,7.18462133743541,1.6308749192075749,-0.16230394887106186,0.01,IRMV1,1,actual,mechanism_defined_hidden,18.028808080186568
6.7373805017029245,7.143515959344152,1.5856657248997654,-0.14617243427104207,0.01,IRMV1,1,Pi00,mechanism_defined_hidden,18.028808080186568
6.7373805017029245,6.869695314426392,1.818838810877437,0.06151996079001565,0.01,IRMV1,1,PiC0,mechanism_defined_hidden,18.028808080186568
6.7373805017029245,7.30894600851374,1.5319921015800493,-0.2752183955334848,0.01,IRMV1,1,Pi0K,mechanism_defined_hidden,18.028808080186568
6.7373805017029245,7.184760433999621,1.6361757139081319,-0.16108328328779228,0.01,IRMV1,1,PiCK,mechanism_defined_hidden,18.028808080186568
6.7373805017029245,6.804201603617512,1.1149379144606975,0.02251290454469416,0.1,IRMV1,0,actual,mechanism_defined_hidden,18.02880808039153
6.7373805017029245,7.143515959350946,1.5856657248501065,-0.14617243428753346,0.1,IRMV1,0,Pi00,mechanism_defined_hidden,18.02880808039153
6.7373805017029245,4.53041635091272,5.46464357451732,0.7432624014581848,0.1,IRMV1,0,PiC0,mechanism_defined_hidden,18.02880808039153
6.7373805017029245,7.4321017615775595,1.4959988673102498,-0.37730639127524174,0.1,IRMV1,0,Pi0K,mechanism_defined_hidden,18.02880808039153
6.7373805017029245,6.792791465192269,1.1500495372883752,0.036968915527958744,0.1,IRMV1,0,PiCK,mechanism_defined_hidden,18.02880808039153
6.7373805017029245,7.498306646419827,2.0559243726500163,-0.23843844196690223,0.1,IRMV1,1,actual,mechanism_defined_hidden,18.028808080186568
6.7373805017029245,7.143515959344152,1.5856657248997654,-0.14617243427104207,0.1,IRMV1,1,Pi00,mechanism_defined_hidden,18.028808080186568
6.7373805017029245,5.585045207048028,5.383929723383912,0.5952853507548858,0.1,IRMV1,1,PiC0,mechanism_defined_hidden,18.028808080186568
6.7373805017029245,7.43210176159739,1.4959988673484184,-0.3773063912745728,0.1,IRMV1,1,Pi0K,mechanism_defined_hidden,18.028808080186568
6.7373805017029245,7.512655354492883,2.1299504331798085,-0.22685977714274083,0.1,IRMV1,1,PiCK,mechanism_defined_hidden,18.028808080186568
6.7373805017029245,7.143329630818369,1.5851207751302687,-0.14617895263801015,0.001,VREX,0,actual,mechanism_defined_hidden,18.02880808039153
6.7373805017029245,7.143515959350946,1.5856657248501065,-0.14617243428753346,0.001,VREX,0,Pi00,mechanism_defined_hidden,18.02880808039153
6.7373805017029245,7.143375211782229,1.585274553887184,-0.14617243428752813,0.001,VREX,0,PiC0,mechanism_defined_hidden,18.02880808039153
6.7373805017029245,7.14347880959087,1.5855489364062052,-0.1461756935515477,0.001,VREX,0,Pi0K,mechanism_defined_hidden,18.02880808039153
6.7373805017029245,7.143338076848475,1.5851577942540462,-0.14617569355154011,0.001,VREX,0,PiCK,mechanism_defined_hidden,18.02880808039153
6.7373805017029245,7.143611092896926,1.5859030018160687,-0.14617895263891523,0.001,VREX,1,actual,mechanism_defined_hidden,18.028808080186568
6.7373805017029245,7.143515959344152,1.5856657248997654,-0.14617243427104207,0.001,VREX,1,Pi00,mechanism_defined_hidden,18.028808080186568
6.7373805017029245,7.143656725559254,1.5860568958621186,-0.14617243427104842,0.001,VREX,1,PiC0,mechanism_defined_hidden,18.028808080186568
6.7373805017029245,7.143478809584077,1.5855489364558601,-0.146175693535057,0.001,VREX,1,Pi0K,mechanism_defined_hidden,18.028808080186568
6.7373805017029245,7.143619560970373,1.5859400786074442,-0.1461756935350623,0.001,VREX,1,PiCK,mechanism_defined_hidden,18.028808080186568
6.7373805017029245,7.141656503395072,1.5802232277175239,-0.14623759356827806,0.01,VREX,0,actual,mechanism_defined_hidden,18.02880808039153
6.7373805017029245,7.143515959350946,1.5856657248501065,-0.14617243428753346,0.01,VREX,0,Pi00,mechanism_defined_hidden,18.02880808039153
6.7373805017029245,7.142109322942221,1.5817540152208773,-0.14617243428748644,0.01,VREX,0,PiC0,mechanism_defined_hidden,18.02880808039153
6.7373805017029245,7.143144790757723,1.5844986306533018,-0.1462050268083611,0.01,VREX,0,Pi0K,mechanism_defined_hidden,18.02880808039153
6.7373805017029245,7.141739634525864,1.580589800151453,-0.14620502680831401,0.01,VREX,0,PiCK,mechanism_defined_hidden,18.02880808039153
6.7373805017029245,7.144466478785632,1.588035138935155,-0.1462375935691912,0.01,VREX,1,actual,mechanism_defined_hidden,18.028808080186568
6.7373805017029245,7.143515959344152,1.5856657248997654,-0.14617243427104207,0.01,VREX,1,Pi00,mechanism_defined_hidden,18.028808080186568
6.7373805017029245,7.144924460409865,1.589577434523292,-0.14617243427111312,0.01,VREX,1,PiC0,mechanism_defined_hidden,18.028808080186568
6.7373805017029245,7.143144790750908,1.5844986307029216,-0.1462050267918583,0.01,VREX,1,Pi0K,mechanism_defined_hidden,18.028808080186568
6.7373805017029245,7.144551809168009,1.5884074611990673,-0.14620502679192873,0.01,VREX,1,PiCK,mechanism_defined_hidden,18.028808080186568
6.7373805017029245,7.125297143378736,1.5319306069564615,-0.14682169457027458,0.1,VREX,0,actual,mechanism_defined_hidden,18.02880808039153
6.7373805017029245,7.143515959350946,1.5856657248501065,-0.14617243428753346,0.1,VREX,0,Pi00,mechanism_defined_hidden,18.02880808039153
6.7373805017029245,7.129533686544087,1.5465486285577905,-0.1461724342870576,0.1,VREX,0,PiC0,mechanism_defined_hidden,18.02880808039153
6.7373805017029245,7.139836879449739,1.5740732263052652,-0.14649834757081073,0.1,VREX,0,Pi0K,mechanism_defined_hidden,18.02880808039153
6.7373805017029245,7.126000187381285,1.5352421076151308,-0.14649834757033398,0.1,VREX,0,PiCK,mechanism_defined_hidden,18.02880808039153
6.7373805017029245,7.152940223032138,1.609029199584982,-0.1468216945712665,0.1,VREX,1,actual,mechanism_defined_hidden,18.028808080186568
6.7373805017029245,7.143515959344152,1.5856657248997654,-0.14617243427104207,0.1,VREX,1,Pi00,mechanism_defined_hidden,18.028808080186568
6.7373805017029245,7.157684697546157,1.6247828211350124,-0.1461724342717257,0.1,VREX,1,PiC0,mechanism_defined_hidden,18.028808080186568
6.7373805017029245,7.139836879442734,1.5740732263545456,-0.14649834755419344,0.1,VREX,1,Pi0K,mechanism_defined_hidden,18.028808080186568
6.7373805017029245,7.153857586708458,1.612904344988031,-0.14649834755488278,0.1,VREX,1,PiCK,mechanism_defined_hidden,18.028808080186568
11.002096288099127,12.191180880695178,3.884071928251,-0.14617243436902436,0.0,L2,0,actual,mechanism_defined_exposed,31.226811594968943
11.002096288099127,12.191180880521644,3.884071928564008,-0.14617243427928783,0.0,L2,0,Pi00,mechanism_defined_exposed,31.226811594968943
11.002096288099127,12.191180880521644,3.884071928564008,-0.14617243427928783,0.0,L2,0,PiC0,mechanism_defined_exposed,31.226811594968943
11.002096288099127,12.191180880521644,3.884071928564008,-0.14617243427928783,0.0,L2,0,Pi0K,mechanism_defined_exposed,31.226811594968943
11.002096288099127,12.191180880521644,3.884071928564008,-0.14617243427928783,0.0,L2,0,PiCK,mechanism_defined_exposed,31.226811594968943
1.0832273200234858e-10,1.2129646773266054e-10,4.056974669591216e-11,-6.665572344986272e-10,0.0,L2,1,actual,mechanism_defined_exposed,18.028808080289046
1.0832273200234858e-10,1.274647179313233e-10,7.871721301948853e-11,8.414797883481782e-10,0.0,L2,1,Pi00,mechanism_defined_exposed,18.028808080289046
1.0832273200234858e-10,1.274647179313233e-10,7.871721301948853e-11,8.414797883481782e-10,0.0,L2,1,PiC0,mechanism_defined_exposed,18.028808080289046
1.0832273200234858e-10,1.274647179313233e-10,7.871721301948853e-11,8.414797883481782e-10,0.0,L2,1,Pi0K,mechanism_defined_exposed,18.028808080289046
1.0832273200234858e-10,1.274647179313233e-10,7.871721301948853e-11,8.414797883481782e-10,0.0,L2,1,PiCK,mechanism_defined_exposed,18.028808080289046
11.002096288099127,12.263967067439316,3.99062834593336,-0.1529844670813667,0.001,L2,0,actual,mechanism_defined_exposed,31.226811594968943
11.002096288099127,12.191180880521644,3.884071928564008,-0.14617243427928783,0.001,L2,0,Pi00,mechanism_defined_exposed,31.226811594968943
11.002096288099127,12.191180880521644,3.8840719285640084,-0.146172434279288,0.001,L2,0,PiC0,mechanism_defined_exposed,31.226811594968943
11.002096288099127,12.155857768799798,3.73489528515484,-0.15537589765067703,0.001,L2,0,Pi0K,mechanism_defined_exposed,31.226811594968943
11.002096288099127,12.1558577687998,3.73489528515484,-0.15537589765067716,0.001,L2,0,PiCK,mechanism_defined_exposed,31.226811594968943
1.0832273200234858e-10,1.2194876181112496e-10,4.130100179469014e-11,-7.159567447844321e-10,0.001,L2,1,actual,mechanism_defined_exposed,18.028808080289046
1.0832273200234858e-10,1.274647179313233e-10,7.871721301948853e-11,8.414797883481782e-10,0.001,L2,1,Pi00,mechanism_defined_exposed,18.028808080289046
1.0832273200234858e-10,1.2746468683983947e-10,7.871720128223973e-11,8.414828274914679e-10,0.001,L2,1,PiC0,mechanism_defined_exposed,18.028808080289046
1.0832273200234858e-10,1.2669099399665545e-10,7.694838839520759e-11,8.021303926058832e-10,0.001,L2,1,Pi0K,mechanism_defined_exposed,18.028808080289046
1.0832273200234858e-10,1.2669098635932572e-10,7.69483743789276e-11,8.021302816566884e-10,0.001,L2,1,PiCK,mechanism_defined_exposed,18.028808080289046
11.002096288099127,12.559454034475229,4.386842160514861,-0.18076840416536782,0.01,L2,0,actual,mechanism_defined_exposed,31.226811594968943
11.002096288099127,12.191180880521644,3.884071928564008,-0.14617243427928783,0.01,L2,0,Pi00,mechanism_defined_exposed,31.226811594968943
11.002096288099127,12.191180880521651,3.8840719285640106,-0.1461724342792897,0.01,L2,0,PiC0,mechanism_defined_exposed,31.226811594968943
11.002096288099127,12.041564418754025,3.27332380771425,-0.18379955031715978,0.01,L2,0,Pi0K,mechanism_defined_exposed,31.226811594968943
11.002096288099127,12.04156441875403,3.273323807714252,-0.18379955031716175,0.01,L2,0,PiCK,mechanism_defined_exposed,31.226811594968943
1.0832273200234858e-10,1.2427952363830653e-10,4.360095179143953e-11,-9.052713650961614e-10,0.01,L2,1,actual,mechanism_defined_exposed,18.028808080289046
1.0832273200234858e-10,1.274647179313233e-10,7.871721301948853e-11,8.414797883481782e-10,0.01,L2,1,Pi00,mechanism_defined_exposed,18.028808080289046
1.0832273200234858e-10,1.2746480281040357e-10,7.871734247134149e-11,8.414791593540145e-10,0.01,L2,1,PiC0,mechanism_defined_exposed,18.028808080289046
1.0832273200234858e-10,1.236821869747196e-10,7.087459580780474e-11,7.298696122614123e-10,0.01,L2,1,Pi0K,mechanism_defined_exposed,18.028808080289046
1.0832273200234858e-10,1.2368197138212845e-10,7.087451369754596e-11,7.298904576733128e-10,0.01,L2,1,PiCK,mechanism_defined_exposed,18.028808080289046
11.002096288099127,12.731959093558702,4.654806556749056,-0.1893032594642663,0.1,L2,0,actual,mechanism_defined_exposed,31.226811594968943
11.002096288099127,12.191180880521644,3.884071928564008,-0.14617243427928783,0.1,L2,0,Pi00,mechanism_defined_exposed,31.226811594968943
11.002096288099127,12.191180880521719,3.884071928564035,-0.14617243427930593,0.1,L2,0,PiC0,mechanism_defined_exposed,31.226811594968943
11.002096288099127,11.71872486323292,2.5477328481006105,-0.17465762680516453,0.1,L2,0,Pi0K,mechanism_defined_exposed,31.226811594968943
11.002096288099127,11.718724863232945,2.5477328481006136,-0.17465762680517521,0.1,L2,0,PiCK,mechanism_defined_exposed,31.226811594968943
1.0832273200234858e-10,1.2402493706424066e-10,4.185996909541512e-11,-9.480568663335553e-10,0.1,L2,1,actual,mechanism_defined_exposed,18.028808080289046
1.0832273200234858e-10,1.274647179313233e-10,7.871721301948853e-11,8.414797883481782e-10,0.1,L2,1,Pi00,mechanism_defined_exposed,18.028808080289046
1.0832273200234858e-10,1.274641097776281e-10,7.871714027845098e-11,8.415515803333656e-10,0.1,L2,1,PiC0,mechanism_defined_exposed,18.028808080289046
1.0832273200234858e-10,1.1451516057754104e-10,5.826847118085691e-11,1.0076535000534888e-09,0.1,L2,1,Pi0K,mechanism_defined_exposed,18.028808080289046
1.0832273200234858e-10,1.1451515828826043e-10,5.826862733369694e-11,1.007662861010272e-09,0.1,L2,1,PiCK,mechanism_defined_exposed,18.028808080289046
11.002096288099127,12.190250512807342,3.8827569355142275,-0.14607597928680935,0.001,IRMV1,0,actual,mechanism_defined_exposed,31.226811594968943
11.002096288099127,12.191180880521644,3.884071928564008,-0.14617243427928783,0.001,IRMV1,0,Pi00,mechanism_defined_exposed,31.226811594968943
11.002096288099127,12.11680565157512,3.9193563998738385,-0.1207006902113815,0.001,IRMV1,0,PiC0,mechanism_defined_exposed,31.226811594968943
11.002096288099127,12.258488439300205,3.8546118533425857,-0.16937970300516028,0.001,IRMV1,0,Pi0K,mechanism_defined_exposed,31.226811594968943
11.002096288099127,12.190406047948041,3.884015146049902,-0.14595868593310202,0.001,IRMV1,0,PiCK,mechanism_defined_exposed,31.226811594968943
1.0832273200234858e-10,0.010094543886576808,0.010094543824027295,-0.5774366202871922,0.001,IRMV1,1,actual,mechanism_defined_exposed,18.028808080289046
1.0832273200234858e-10,1.274647179313233e-10,7.871721301948853e-11,8.414797883481782e-10,0.001,IRMV1,1,Pi00,mechanism_defined_exposed,18.028808080289046
1.0832273200234858e-10,0.010177764544709799,0.010177764480237116,-0.5951906964498822,0.001,IRMV1,1,PiC0,mechanism_defined_exposed,18.028808080289046
1.0832273200234858e-10,1.2893850650644585e-10,7.673428006484503e-11,4.984127727049616e-10,0.001,IRMV1,1,Pi0K,mechanism_defined_exposed,18.028808080289046
1.0832273200234858e-10,0.010098988044876496,0.01009898798231576,-0.5775402197770448,0.001,IRMV1,1,PiCK,mechanism_defined_exposed,18.028808080289046
11.002096288099127,12.184460678770861,3.869976953877354,-0.1460646207364011,0.01,IRMV1,0,actual,mechanism_defined_exposed,31.226811594968943
11.002096288099127,12.191180880521644,3.884071928564008,-0.14617243427928783,0.01,IRMV1,0,Pi00,mechanism_defined_exposed,31.226811594968943
11.002096288099127,11.477588537168733,4.362187659704597,0.0868848480398752,0.01,IRMV1,0,PiC0,mechanism_defined_exposed,31.226811594968943
11.002096288099127,12.563984449744606,3.752598938794462,-0.27521839553749716,0.01,IRMV1,0,Pi0K,mechanism_defined_exposed,31.226811594968943
11.002096288099127,12.185628302937221,3.882550779003368,-0.14478364851105915,0.01,IRMV1,0,PiCK,mechanism_defined_exposed,31.226811594968943
1.0832273200234858e-10,0.09782122094930752,0.09782122089617465,-0.4905052501114579,0.01,IRMV1,1,actual,mechanism_defined_exposed,18.028808080289046
1.0832273200234858e-10,1.274647179313233e-10,7.871721301948853e-11,8.414797883481782e-10,0.01,IRMV1,1,Pi00,mechanism_defined_exposed,18.028808080289046
1.0832273200234858e-10,0.101777644518813,0.10177764445434032,-0.5951906991717574,0.01,IRMV1,1,PiC0,mechanism_defined_exposed,18.028808080289046
1.0832273200234858e-10,1.3660676834269013e-10,6.972628476534214e-11,-1.0329200507015956e-09,0.01,IRMV1,1,Pi0K,mechanism_defined_exposed,18.028808080289046
1.0832273200234858e-10,0.09816611454921728,0.09816611449604679,-0.4908525421723013,0.01,IRMV1,1,PiCK,mechanism_defined_exposed,18.028808080289046
11.002096288099127,12.14473279969213,3.7301334088456004,-0.15271362799780266,0.1,IRMV1,0,actual,mechanism_defined_exposed,31.226811594968943
11.002096288099127,12.191180880521644,3.884071928564008,-0.14617243427928783,0.1,IRMV1,0,Pi00,mechanism_defined_exposed,31.226811594968943
11.002096288099127,9.932429973580719,13.169642338250636,0.6757798070131368,0.1,IRMV1,0,PiC0,mechanism_defined_exposed,31.226811594968943
11.002096288099127,12.841242550242773,3.6644338807384567,-0.3773063912749076,0.1,IRMV1,0,Pi0K,mechanism_defined_exposed,31.226811594968943
11.002096288099127,12.158581774773873,3.8611869913703125,-0.1397822653233267,0.1,IRMV1,0,PiCK,mechanism_defined_exposed,31.226811594968943
1.0832273200234858e-10,0.9121110111580847,0.9121110111148106,-0.3994914804433108,0.1,IRMV1,1,actual,mechanism_defined_exposed,18.028808080289046
1.0832273200234858e-10,1.274647179313233e-10,7.871721301948853e-11,8.414797883481782e-10,0.1,IRMV1,1,Pi00,mechanism_defined_exposed,18.028808080289046
1.0832273200234858e-10,1.0177764442598698,1.0177764441953971,-0.5951906994439111,0.1,IRMV1,1,PiC0,mechanism_defined_exposed,18.028808080289046
1.0832273200234858e-10,1.451660064555632e-10,6.585880761520918e-11,-2.5009863106534218e-09,0.1,IRMV1,1,Pi0K,mechanism_defined_exposed,18.028808080289046
1.0832273200234858e-10,0.9432467644761334,0.943246764433443,-0.39410419720096157,0.1,IRMV1,1,PiCK,mechanism_defined_exposed,18.028808080289046
11.002096288099127,12.191033969314246,3.8836951078758077,-0.14617895263846298,0.001,VREX,0,actual,mechanism_defined_exposed,31.226811594968943
11.002096288099127,12.191180880521644,3.884071928564008,-0.14617243427928783,0.001,VREX,0,Pi00,mechanism_defined_exposed,31.226811594968943
11.002096288099127,12.191180880521319,3.884071928563305,-0.1461724342792863,0.001,VREX,0,PiC0,mechanism_defined_exposed,31.226811594968943
11.002096288099127,12.191063427996502,3.883785856468591,-0.1461756935433024,0.001,VREX,0,Pi0K,mechanism_defined_exposed,31.226811594968943
11.002096288099127,12.19106342799617,3.8837858564678793,-0.14617569354329915,0.001,VREX,0,PiCK,mechanism_defined_exposed,31.226811594968943
1.0832273200234858e-10,0.0005531178480264836,0.0005531178321919709,-0.008758345555512493,0.001,VREX,1,actual,mechanism_defined_exposed,18.028808080289046
1.0832273200234858e-10,1.274647179313233e-10,7.871721301948853e-11,8.414797883481782e-10,0.001,VREX,1,Pi00,mechanism_defined_exposed,18.028808080289046
1.0832273200234858e-10,0.0005531993697583213,0.0005531993539245185,-0.008759243693712209,0.001,VREX,1,PiC0,mechanism_defined_exposed,18.028808080289046
1.0832273200234858e-10,1.2746277430269532e-10,7.871191458581736e-11,8.413104666388954e-10,0.001,VREX,1,Pi0K,mechanism_defined_exposed,18.028808080289046
1.0832273200234858e-10,0.000553158625176395,0.0005531586093422392,-0.008758793846539012,0.001,VREX,1,PiCK,mechanism_defined_exposed,18.028808080289046
11.002096288099127,12.189713938588788,3.880308185801305,-0.14623759356873567,0.01,VREX,0,actual,mechanism_defined_exposed,31.226811594968943
11.002096288099127,12.191180880521644,3.884071928564008,-0.14617243427928783,0.01,VREX,0,Pi00,mechanism_defined_exposed,31.226811594968943
11.002096288099127,12.191180880518443,3.8840719285569705,-0.1461724342792796,0.01,VREX,0,PiC0,mechanism_defined_exposed,31.226811594968943
11.002096288099127,12.190007402034723,3.8812131433000268,-0.14620502680011024,0.01,VREX,0,Pi0K,mechanism_defined_exposed,31.226811594968943
11.002096288099127,12.190007402031522,3.881213143292985,-0.14620502680010128,0.01,VREX,0,PiCK,mechanism_defined_exposed,31.226811594968943
1.0832273200234858e-10,0.005523855450059275,0.005523855434218419,-0.0875025886043216,0.01,VREX,1,actual,mechanism_defined_exposed,18.028808080289046
1.0832273200234858e-10,1.274647179313233e-10,7.871721301948853e-11,8.414797883481782e-10,0.01,VREX,1,Pi00,mechanism_defined_exposed,18.028808080289046
1.0832273200234858e-10,0.0055319928948781615,0.0055319928790443645,-0.08759244451034197,0.01,VREX,1,PiC0,mechanism_defined_exposed,18.028808080289046
1.0832273200234858e-10,1.2742882243275727e-10,7.866577697192029e-11,8.420069742246759e-10,0.01,VREX,1,Pi0K,mechanism_defined_exposed,18.028808080289046
1.0832273200234858e-10,0.005527921193836388,0.005527921177999061,-0.08754749040325152,0.01,VREX,1,PiCK,mechanism_defined_exposed,18.028808080289046
11.002096288099127,12.17672513959666,3.846874414308214,-0.14682169457078273,0.1,VREX,0,actual,mechanism_defined_exposed,31.226811594968943
11.002096288099127,12.191180880521644,3.884071928564008,-0.14617243427928783,0.1,VREX,0,Pi00,mechanism_defined_exposed,31.226811594968943
11.002096288099127,12.19118088048961,3.8840719284935674,-0.14617243427920248,0.1,VREX,0,PiC0,mechanism_defined_exposed,31.226811594968943
11.002096288099127,12.179549841344594,3.855676222284726,-0.146498347562502,0.1,VREX,0,Pi0K,mechanism_defined_exposed,31.226811594968943
11.002096288099127,12.179549841312914,3.855676222214806,-0.1464983475624178,0.1,VREX,0,PiCK,mechanism_defined_exposed,31.226811594968943
1.0832273200234858e-10,0.054516937721345186,0.05451693770544106,-0.14682168075498933,0.1,VREX,1,actual,mechanism_defined_exposed,18.028808080289046
1.0832273200234858e-10,1.274647179313233e-10,7.871721301948853e-11,8.414797883481782e-10,0.1,VREX,1,Pi00,mechanism_defined_exposed,18.028808080289046
1.0832273200234858e-10,0.05531992814608291,0.055319928130249114,-0.1461724204482545,0.1,VREX,1,PiC0,mechanism_defined_exposed,18.028808080289046
1.0832273200234858e-10,1.2709954784724627e-10,7.820933499076046e-11,8.481096425875888e-10,0.1,VREX,1,Pi0K,mechanism_defined_exposed,18.028808080289046
1.0832273200234858e-10,0.054915494742327674,0.05491549472645857,-0.1464983335705182,0.1,VREX,1,PiCK,mechanism_defined_exposed,18.028808080289046
2.479751011487522,2.5862134565512567,3.2583466421500993,0.6236155377731301,0.0,L2,0,actual,irrelevant_source_diversity,45.21805858030558
2.479751011487522,2.5862134565919774,3.2583466422339056,0.6236155377778532,0.0,L2,0,Pi00,irrelevant_source_diversity,45.21805858030558
2.479751011487522,2.5862134565919774,3.2583466422339056,0.6236155377778532,0.0,L2,0,PiC0,irrelevant_source_diversity,45.21805858030558
2.479751011487522,2.5862134565919774,3.2583466422339056,0.6236155377778532,0.0,L2,0,Pi0K,irrelevant_source_diversity,45.21805858030558
2.479751011487522,2.5862134565919774,3.2583466422339056,0.6236155377778532,0.0,L2,0,PiCK,irrelevant_source_diversity,45.21805858030558
0.5042115848315082,0.5346059202315901,0.1186679344972946,-0.14617243423266496,0.0,L2,1,actual,irrelevant_source_diversity,18.02880808027822
0.5042115848315082,0.534605920220345,0.11866793454501036,-0.14617243397878163,0.0,L2,1,Pi00,irrelevant_source_diversity,18.02880808027822
0.5042115848315082,0.534605920220345,0.11866793454501036,-0.14617243397878163,0.0,L2,1,PiC0,irrelevant_source_diversity,18.02880808027822
0.5042115848315082,0.534605920220345,0.11866793454501036,-0.14617243397878163,0.0,L2,1,Pi0K,irrelevant_source_diversity,18.02880808027822
0.5042115848315082,0.534605920220345,0.11866793454501036,-0.14617243397878163,0.0,L2,1,PiCK,irrelevant_source_diversity,18.02880808027822
9.185923886479888,10.309271467338384,2.3650597998424647,-0.3752860311314037,0.0,L2,2,actual,irrelevant_source_diversity,14.132298641503468
9.185923886479888,10.309271467227331,2.3650597999867857,-0.37528603104009306,0.0,L2,2,Pi00,irrelevant_source_diversity,14.132298641503468
9.185923886479888,10.309271467227331,2.3650597999867857,-0.37528603104009306,0.0,L2,2,PiC0,irrelevant_source_diversity,14.132298641503468
9.185923886479888,10.309271467227331,2.3650597999867857,-0.37528603104009306,0.0,L2,2,Pi0K,irrelevant_source_diversity,14.132298641503468
9.185923886479888,10.309271467227331,2.3650597999867857,-0.37528603104009306,0.0,L2,2,PiCK,irrelevant_source_diversity,14.132298641503468
2.479751011487522,2.45058521909386,3.1148517452099047,0.6373657558513963,0.001,L2,0,actual,irrelevant_source_diversity,45.21805858030558
2.479751011487522,2.5862134565919774,3.2583466422339056,0.6236155377778532,0.001,L2,0,Pi00,irrelevant_source_diversity,45.21805858030558
2.479751011487522,2.5862134565919774,3.258346642233905,0.623615537777853,0.001,L2,0,PiC0,irrelevant_source_diversity,45.21805858030558
2.479751011487522,2.524968487168691,3.191692711433405,0.6292546381116316,0.001,L2,0,Pi0K,irrelevant_source_diversity,45.21805858030558
2.479751011487522,2.524968487168691,3.191692711433405,0.6292546381116314,0.001,L2,0,PiCK,irrelevant_source_diversity,45.21805858030558
0.5042115848315082,0.5365670265872207,0.12192349469978367,-0.15298446695220785,0.001,L2,1,actual,irrelevant_source_diversity,18.02880808027822
0.5042115848315082,0.534605920220345,0.11866793454501036,-0.14617243397878163,0.001,L2,1,Pi00,irrelevant_source_diversity,18.02880808027822
0.5042115848315082,0.534605920220345,0.11866793454501036,-0.14617243397878163,0.001,L2,1,PiC0,irrelevant_source_diversity,18.02880808027822
0.5042115848315082,0.5339754542270808,0.11411022179469742,-0.15537589733953575,0.001,L2,1,Pi0K,irrelevant_source_diversity,18.02880808027822
0.5042115848315082,0.5339754542270808,0.11411022179469739,-0.15537589733953597,0.001,L2,1,PiCK,irrelevant_source_diversity,18.02880808027822
9.185923886479888,10.33643809505092,2.4324145100288677,-0.37021422619713396,0.001,L2,2,actual,irrelevant_source_diversity,14.132298641503468
9.185923886479888,10.309271467227331,2.3650597999867857,-0.37528603104009306,0.001,L2,2,Pi00,irrelevant_source_diversity,14.132298641503468
9.185923886479888,10.309271467227331,2.365059799986786,-0.37528603104009306,0.001,L2,2,PiC0,irrelevant_source_diversity,14.132298641503468
9.185923886479888,10.294642050240453,2.2958829994786973,-0.38709171083023697,0.001,L2,2,Pi0K,irrelevant_source_diversity,14.132298641503468
9.185923886479888,10.294642050240453,2.295882999478698,-0.3870917108302371,0.001,L2,2,PiCK,irrelevant_source_diversity,14.132298641503468
2.479751011487522,2.247645718309828,2.8930684289904596,0.6598118771326762,0.01,L2,0,actual,irrelevant_source_diversity,45.21805858030558
2.479751011487522,2.5862134565919774,3.2583466422339056,0.6236155377778532,0.01,L2,0,Pi00,irrelevant_source_diversity,45.21805858030558
2.479751011487522,2.586213456591979,3.2583466422339034,0.623615537777852,0.01,L2,0,PiC0,irrelevant_source_diversity,45.21805858030558
2.479751011487522,2.333107778393001,2.979550618509442,0.6485374860463612,0.01,L2,0,Pi0K,irrelevant_source_diversity,45.21805858030558
2.479751011487522,2.333107778393004,2.9795506185094403,0.6485374860463602,0.01,L2,0,PiCK,irrelevant_source_diversity,45.21805858030558
0.5042115848315082,0.5446331716042121,0.13402879961132755,-0.18076840405403563,0.01,L2,1,actual,irrelevant_source_diversity,18.02880808027822
0.5042115848315082,0.534605920220345,0.11866793454501036,-0.14617243397878163,0.01,L2,1,Pi00,irrelevant_source_diversity,18.02880808027822
0.5042115848315082,0.5346059202203453,0.11866793454501062,-0.14617243397878268,0.01,L2,1,PiC0,irrelevant_source_diversity,18.02880808027822
0.5042115848315082,0.5317585996962871,0.10000807979658494,-0.1837995499680461,0.01,L2,1,Pi0K,irrelevant_source_diversity,18.02880808027822
0.5042115848315082,0.5317585996962871,0.10000807979658487,-0.18379954996804643,0.01,L2,1,PiCK,irrelevant_source_diversity,18.02880808027822
9.185923886479888,10.478753895707769,2.6936461692190528,-0.3671117947788795,0.01,L2,2,actual,irrelevant_source_diversity,14.132298641503468
9.185923886479888,10.309271467227331,2.3650597999867857,-0.37528603104009306,0.01,L2,2,Pi00,irrelevant_source_diversity,14.132298641503468
9.185923886479888,10.309271467227333,2.3650597999867875,-0.375286031040094,0.01,L2,2,PiC0,irrelevant_source_diversity,14.132298641503468
9.185923886479888,10.245811828507199,2.100298193415434,-0.4194282753365765,0.01,L2,2,Pi0K,irrelevant_source_diversity,14.132298641503468
9.185923886479888,10.245811828507202,2.100298193415435,-0.41942827533657767,0.01,L2,2,PiCK,irrelevant_source_diversity,14.132298641503468
2.479751011487522,2.0447712222147345,2.8533294227756687,0.7144016713679741,0.1,L2,0,actual,irrelevant_source_diversity,45.21805858030558
2.479751011487522,2.5862134565919774,3.2583466422339056,0.6236155377778532,0.1,L2,0,Pi00,irrelevant_source_diversity,45.21805858030558
2.479751011487522,2.5862134565919965,3.258346642233881,0.6236155377778418,0.1,L2,0,PiC0,irrelevant_source_diversity,45.21805858030558
2.479751011487522,2.1259248343132473,2.7885878128476715,0.6801031074268201,0.1,L2,0,Pi0K,irrelevant_source_diversity,45.21805858030558
2.479751011487522,2.1259248343132655,2.788587812847668,0.6801031074268139,0.1,L2,0,PiCK,irrelevant_source_diversity,45.21805858030558
0.5042115848315082,0.5491842350764111,0.14221576988091028,-0.18930325935487152,0.1,L2,1,actual,irrelevant_source_diversity,18.02880808027822
0.5042115848315082,0.534605920220345,0.11866793454501036,-0.14617243397878163,0.1,L2,1,Pi00,irrelevant_source_diversity,18.02880808027822
0.5042115848315082,0.5346059202203467,0.11866793454501119,-0.14617243397879381,0.1,L2,1,PiC0,irrelevant_source_diversity,18.02880808027822
0.5042115848315082,0.523448264555247,0.07783949432874931,-0.17465762637323723,0.1,L2,1,Pi0K,irrelevant_source_diversity,18.02880808027822
0.5042115848315082,0.5234482645552477,0.07783949432874954,-0.17465762637324722,0.1,L2,1,PiCK,irrelevant_source_diversity,18.02880808027822
9.185923886479888,10.612533036767275,2.9099014053487107,-0.36994080328089807,0.1,L2,2,actual,irrelevant_source_diversity,14.132298641503468
9.185923886479888,10.309271467227331,2.3650597999867857,-0.37528603104009306,0.1,L2,2,Pi00,irrelevant_source_diversity,14.132298641503468
9.185923886479888,10.309271467227362,2.3650597999868017,-0.37528603104010316,0.1,L2,2,PiC0,irrelevant_source_diversity,14.132298641503468
9.185923886479888,10.096749873295703,1.809783399550943,-0.429721688457966,0.1,L2,2,Pi0K,irrelevant_source_diversity,14.132298641503468
9.185923886479888,10.096749873295716,1.809783399550945,-0.42972168845797154,0.1,L2,2,PiCK,irrelevant_source_diversity,14.132298641503468
2.479751011487522,2.586230783433116,3.2582673558769035,0.6235931927377697,0.001,IRMV1,0,actual,irrelevant_source_diversity,45.21805858030558
2.479751011487522,2.5862134565919774,3.2583466422339056,0.6236155377778532,0.001,IRMV1,0,Pi00,irrelevant_source_diversity,45.21805858030558
2.479751011487522,2.592775638683851,3.389666315404761,0.6493653153206685,0.001,IRMV1,0,PiC0,irrelevant_source_diversity,45.21805858030558
2.479751011487522,2.5940560709803857,3.1459688264112065,0.5971603657843305,0.001,IRMV1,0,Pi0K,irrelevant_source_diversity,45.21805858030558
2.479751011487522,2.5859588234607127,3.258436490304163,0.6237160712135909,0.001,IRMV1,0,PiCK,irrelevant_source_diversity,45.21805858030558
0.5042115848315082,0.5416279574079977,0.1256466181915843,-0.1842425831253052,0.001,IRMV1,1,actual,irrelevant_source_diversity,18.02880808027822
0.5042115848315082,0.534605920220345,0.11866793454501036,-0.14617243397878163,0.001,IRMV1,1,Pi00,irrelevant_source_diversity,18.02880808027822
0.5042115848315082,0.5393724813570031,0.12656228272241324,-0.16199646750834723,0.001,IRMV1,1,PiC0,irrelevant_source_diversity,18.02880808027822
0.5042115848315082,0.5368557497502642,0.11776785690753477,-0.16937970272822497,0.001,IRMV1,1,Pi0K,irrelevant_source_diversity,18.02880808027822
0.5042115848315082,0.5416330479149883,0.1256874001082535,-0.18414543937109132,0.001,IRMV1,1,PiCK,irrelevant_source_diversity,18.02880808027822
9.185923886479888,10.308407518199742,2.363977385711258,-0.3751655877799033,0.001,IRMV1,2,actual,irrelevant_source_diversity,14.132298641503468
9.185923886479888,10.309271467227331,2.3650597999867857,-0.37528603104009306,0.001,IRMV1,2,Pi00,irrelevant_source_diversity,14.132298641503468
9.185923886479888,10.299428441627011,2.3656786936602834,-0.3704531331749855,0.001,IRMV1,2,PiC0,irrelevant_source_diversity,14.132298641503468
9.185923886479888,10.31750110464988,2.3641905789497852,-0.37942685078321525,0.001,IRMV1,2,Pi0K,irrelevant_source_diversity,14.132298641503468
9.185923886479888,10.308544477793491,2.3646753052543286,-0.37504389097156315,0.001,IRMV1,2,PiCK,irrelevant_source_diversity,14.132298641503468
2.479751011487522,2.5865152519122576,3.257286290218075,0.6232942351395354,0.01,IRMV1,0,actual,irrelevant_source_diversity,45.21805858030558
2.479751011487522,2.5862134565919774,3.2583466422339056,0.6236155377778532,0.01,IRMV1,0,Pi00,irrelevant_source_diversity,45.21805858030558
2.479751011487522,3.287284623300823,4.808831166288353,0.7743497092143585,0.01,IRMV1,0,PiC0,irrelevant_source_diversity,45.21805858030558
2.479751011487522,2.7856278049743532,2.742598857035097,0.43459227163857655,0.01,IRMV1,0,Pi0K,irrelevant_source_diversity,45.21805858030558
2.479751011487522,2.5836861201371053,3.2587369955417276,0.6245067024439988,0.01,IRMV1,0,PiCK,irrelevant_source_diversity,45.21805858030558
0.5042115848315082,0.6002282460376253,0.20077521682857252,-0.32466593808763944,0.01,IRMV1,1,actual,irrelevant_source_diversity,18.02880808027822
0.5042115848315082,0.534605920220345,0.11866793454501036,-0.14617243397878163,0.01,IRMV1,1,Pi00,irrelevant_source_diversity,18.02880808027822
0.5042115848315082,0.5878342701493472,0.20492732369841005,-0.23868266503629268,0.01,IRMV1,1,PiC0,irrelevant_source_diversity,18.02880808027822
0.5042115848315082,0.5469863620481936,0.11465111187460031,-0.27521839537654263,0.01,IRMV1,1,Pi0K,irrelevant_source_diversity,18.02880808027822
0.5042115848315082,0.600541471694288,0.20144169359247904,-0.32412364164567814,0.01,IRMV1,1,PiCK,irrelevant_source_diversity,18.02880808027822
9.185923886479888,10.302719298102204,2.3542354341540297,-0.3750701054355834,0.01,IRMV1,2,actual,irrelevant_source_diversity,14.132298641503468
9.185923886479888,10.309271467227331,2.3650597999867857,-0.37528603104009306,0.01,IRMV1,2,Pi00,irrelevant_source_diversity,14.132298641503468
9.185923886479888,10.211217788173565,2.3746991892044202,-0.3265953411942207,0.01,IRMV1,2,PiC0,irrelevant_source_diversity,14.132298641503468
9.185923886479888,10.353369505111162,2.3598303280684876,-0.3977046380749523,0.01,IRMV1,2,Pi0K,irrelevant_source_diversity,14.132298641503468
9.185923886479888,10.30378040679955,2.3611078247448964,-0.3737354230143895,0.01,IRMV1,2,PiCK,irrelevant_source_diversity,14.132298641503468
2.479751011487522,2.5900055069737866,3.2455666425097,0.6196878120511007,0.1,IRMV1,0,actual,irrelevant_source_diversity,45.21805858030558
2.479751011487522,2.5862134565919774,3.2583466422339056,0.6236155377778532,0.1,IRMV1,0,Pi00,irrelevant_source_diversity,45.21805858030558
2.479751011487522,20.631394698775203,22.66022312220944,0.8362481564499906,0.1,IRMV1,0,PiC0,irrelevant_source_diversity,45.21805858030558
2.479751011487522,3.186858222941787,2.5581082017161947,0.19997073820253228,0.1,IRMV1,0,Pi0K,irrelevant_source_diversity,45.21805858030558
2.479751011487522,2.562301135137738,3.2577541120305167,0.631109859337858,0.1,IRMV1,0,PiCK,irrelevant_source_diversity,45.21805858030558
0.5042115848315082,1.2802316042236204,1.0001390678788202,-0.38122093233927934,0.1,IRMV1,1,actual,irrelevant_source_diversity,18.02880808027822
0.5042115848315082,0.534605920220345,0.11866793454501036,-0.14617243397878163,0.1,IRMV1,1,Pi00,irrelevant_source_diversity,18.02880808027822
0.5042115848315082,1.3185750241762322,1.0717245840011072,-0.31072551205133797,0.1,IRMV1,1,PiC0,irrelevant_source_diversity,18.02880808027822
0.5042115848315082,0.5562030832223661,0.11195745286370552,-0.3773063912357247,0.1,IRMV1,1,Pi0K,irrelevant_source_diversity,18.02880808027822
0.5042115848315082,1.3100330330211172,1.0348840359683562,-0.3746376656606729,0.1,IRMV1,1,PiCK,irrelevant_source_diversity,18.02880808027822
9.185923886479888,10.263361528987982,2.2578485175034047,-0.3822851407862034,0.1,IRMV1,2,actual,irrelevant_source_diversity,14.132298641503468
9.185923886479888,10.309271467227331,2.3650597999867857,-0.37528603104009306,0.1,IRMV1,2,Pi00,irrelevant_source_diversity,14.132298641503468
9.185923886479888,9.370218650332253,2.773338370855669,0.0838369499771431,0.1,IRMV1,2,PiC0,irrelevant_source_diversity,14.132298641503468
9.185923886479888,10.37059296748392,2.337076312430404,-0.4123790288371784,0.1,IRMV1,2,Pi0K,irrelevant_source_diversity,14.132298641503468
9.185923886479888,10.273158246466563,2.326521783771921,-0.368342460218239,0.1,IRMV1,2,PiCK,irrelevant_source_diversity,14.132298641503468
2.479751011487522,2.586204592654325,3.258333405065844,0.6236155703164055,0.001,VREX,0,actual,irrelevant_source_diversity,45.21805858030558
2.479751011487522,2.5862134565919774,3.2583466422339056,0.6236155377778532,0.001,VREX,0,Pi00,irrelevant_source_diversity,45.21805858030558
2.479751011487522,2.586213392009692,3.25834172120149,0.6236145158000844,0.001,VREX,0,PiC0,irrelevant_source_diversity,45.21805858030558
2.479751011487522,2.5861904240151916,3.25834141208291,0.623621801887796,0.001,VREX,0,Pi0K,irrelevant_source_diversity,45.21805858030558
2.479751011487522,2.5861903598606144,3.2583364912198425,0.6236207798198297,0.001,VREX,0,PiCK,irrelevant_source_diversity,45.21805858030558
0.5042115848315082,0.5348015002870996,0.11920876449985272,-0.14617895250271623,0.001,VREX,1,actual,irrelevant_source_diversity,18.02880808027822
0.5042115848315082,0.534605920220345,0.11866793454501036,-0.14617243397878163,0.001,VREX,1,Pi00,irrelevant_source_diversity,18.02880808027822
0.5042115848315082,0.5348049499802496,0.11922035870461899,-0.146172433980284,0.001,VREX,1,PiC0,irrelevant_source_diversity,18.02880808027822
0.5042115848315082,0.5346031400093421,0.11865919434006045,-0.14617569324279106,0.001,VREX,1,Pi0K,irrelevant_source_diversity,18.02880808027822
0.5042115848315082,0.5348021487963437,0.11921157781218207,-0.14617569324430174,0.001,VREX,1,PiCK,irrelevant_source_diversity,18.02880808027822
9.185923886479888,10.309199344549723,2.3648402058426057,-0.3753105585550078,0.001,VREX,2,actual,irrelevant_source_diversity,14.132298641503468
9.185923886479888,10.309271467227331,2.3650597999867857,-0.37528603104009306,0.001,VREX,2,Pi00,irrelevant_source_diversity,14.132298641503468
9.185923886479888,10.309260599631504,2.3650363523162774,-0.37528714727410944,0.001,VREX,2,PiC0,irrelevant_source_diversity,14.132298641503468
9.185923886479888,10.309226749296325,2.3649145199079316,-0.37530368016920435,0.001,VREX,2,Pi0K,irrelevant_source_diversity,14.132298641503468
9.185923886479888,10.309215882569914,2.364891074132494,-0.37530479641788794,0.001,VREX,2,PiCK,irrelevant_source_diversity,14.132298641503468
2.479751011487522,2.586125039138679,3.2582144659455308,0.6236158340772943,0.01,VREX,0,actual,irrelevant_source_diversity,45.21805858030558
2.479751011487522,2.5862134565919774,3.2583466422339056,0.6236155377778532,0.01,VREX,0,Pi00,irrelevant_source_diversity,45.21805858030558
2.479751011487522,2.5862128267533464,3.258297444262514,0.623605315497053,0.01,VREX,0,PiC0,irrelevant_source_diversity,45.21805858030558
2.479751011487522,2.585983272314886,3.258294443303417,0.6236781534267289,0.01,VREX,0,Pi0K,irrelevant_source_diversity,45.21805858030558
2.479751011487522,2.585982685170992,3.2582452622117346,0.6236679221386155,0.01,VREX,0,PiCK,irrelevant_source_diversity,45.21805858030558
0.5042115848315082,0.536580693265548,0.12406905851535256,-0.14623759343838125,0.01,VREX,1,actual,irrelevant_source_diversity,18.02880808027822
0.5042115848315082,0.534605920220345,0.11866793454501036,-0.14617243397878163,0.01,VREX,1,Pi00,irrelevant_source_diversity,18.02880808027822
0.5042115848315082,0.5366184877011663,0.12419217614109364,-0.14617243399321167,0.01,VREX,1,PiC0,irrelevant_source_diversity,18.02880808027822
0.5042115848315082,0.5345781427325375,0.11858059163560045,-0.14620502649938152,0.01,VREX,1,Pi0K,irrelevant_source_diversity,18.02880808027822
0.5042115848315082,0.5365885853938644,0.12410076723580064,-0.14620502651381662,0.01,VREX,1,PiCK,irrelevant_source_diversity,18.02880808027822
9.185923886479888,10.308551292837926,2.3628666596048844,-0.37553117186525786,0.01,VREX,2,actual,irrelevant_source_diversity,14.132298641503468
9.185923886479888,10.309271467227331,2.3650597999867857,-0.37528603104009306,0.01,VREX,2,Pi00,irrelevant_source_diversity,14.132298641503468
9.185923886479888,10.309162793645843,2.364825325428352,-0.37529719403568107,0.01,VREX,2,PiC0,irrelevant_source_diversity,14.132298641503468
9.185923886479888,10.308824716681785,2.3636080674585416,-0.37546249795353587,0.01,VREX,2,Pi0K,irrelevant_source_diversity,14.132298641503468
9.185923886479888,10.308716129957554,2.363373782279193,-0.3754736624109937,0.01,VREX,2,PiCK,irrelevant_source_diversity,14.132298641503468
2.479751011487522,2.5853510273512232,3.257044019688553,0.6236156488391483,0.1,VREX,0,actual,irrelevant_source_diversity,45.21805858030558
2.479751011487522,2.5862134565919774,3.2583466422339056,0.6236155377778532,0.1,VREX,0,Pi00,irrelevant_source_diversity,45.21805858030558
2.479751011487522,2.58620875663102,3.257855897982644,0.6235130646242952,0.1,VREX,0,PiC0,irrelevant_source_diversity,45.21805858030558
2.479751011487522,2.5839256543087235,3.257834833549207,0.62423916855805,0.1,VREX,0,Pi0K,irrelevant_source_diversity,45.21805858030558
2.479751011487522,2.583925148550959,3.2573457231873033,0.624135807141314,0.1,VREX,0,PiCK,irrelevant_source_diversity,45.21805858030558
0.5042115848315082,0.5561165298719535,0.17197200980530114,-0.14682169447725893,0.1,VREX,1,actual,irrelevant_source_diversity,18.02880808027822
0.5042115848315082,0.534605920220345,0.11866793454501036,-0.14617243397878163,0.1,VREX,1,Pi00,irrelevant_source_diversity,18.02880808027822
0.5042115848315082,0.5568744527127661,0.17391035050584588,-0.14617243408172073,0.1,VREX,1,PiC0,irrelevant_source_diversity,18.02880808027822
0.5042115848315082,0.5343305855100041,0.11780037599403846,-0.14649834725966476,0.1,VREX,1,Pi0K,irrelevant_source_diversity,18.02880808027822
0.5042115848315082,0.5563612774759067,0.17263892522772573,-0.1464983473633895,0.1,VREX,1,PiCK,irrelevant_source_diversity,18.02880808027822
9.185923886479888,10.302173344992015,2.343404398578321,-0.37772417435194755,0.1,VREX,2,actual,irrelevant_source_diversity,14.132298641503468
9.185923886479888,10.309271467227331,2.3650597999867857,-0.37528603104009306,0.1,VREX,2,Pi00,irrelevant_source_diversity,14.132298641503468
9.185923886479888,10.308184969113462,2.362715269277823,-0.37539772655857306,0.1,VREX,2,PiC0,irrelevant_source_diversity,14.132298641503468
9.185923886479888,10.304846455343117,2.3506485088224194,-0.3770482608284748,0.1,VREX,2,Pi0K,irrelevant_source_diversity,14.132298641503468
9.185923886479888,10.303768559152603,2.34832278865398,-0.37716009763744396,0.1,VREX,2,PiCK,irrelevant_source_diversity,14.132298641503468
6.317102269586477,6.7793308389073665,1.7217117258707284,-0.14201862876548688,0.0,L2,0,actual,declared_source_target_coupled_correlation,13.875435384114402
6.317102269586477,6.779330838882001,1.7217117259703203,-0.14201862872569565,0.0,L2,0,Pi00,declared_source_target_coupled_correlation,13.875435384114402
6.317102269586477,6.779330838882001,1.7217117259703203,-0.14201862872569565,0.0,L2,0,PiC0,declared_source_target_coupled_correlation,13.875435384114402
6.317102269586477,6.779330838882001,1.7217117259703203,-0.14201862872569565,0.0,L2,0,Pi0K,declared_source_target_coupled_correlation,13.875435384114402
6.317102269586477,6.779330838882001,1.7217117259703203,-0.14201862872569565,0.0,L2,0,PiCK,declared_source_target_coupled_correlation,13.875435384114402
6.317102269586477,6.779330838906665,1.721711725869879,-0.14201862876525412,0.0,L2,1,actual,declared_source_target_coupled_correlation,13.875435384095274
6.317102269586477,6.779330838865461,1.721711725953374,-0.14201862871946624,0.0,L2,1,Pi00,declared_source_target_coupled_correlation,13.875435384095274
6.317102269586477,6.779330838865461,1.721711725953374,-0.14201862871946624,0.0,L2,1,PiC0,declared_source_target_coupled_correlation,13.875435384095274
6.317102269586477,6.779330838865461,1.721711725953374,-0.14201862871946624,0.0,L2,1,Pi0K,declared_source_target_coupled_correlation,13.875435384095274
6.317102269586477,6.779330838865461,1.721711725953374,-0.14201862871946624,0.0,L2,1,PiCK,declared_source_target_coupled_correlation,13.875435384095274
6.317102269586477,6.797529080851859,1.7448714962233416,-0.1476994611659739,0.001,L2,0,actual,declared_source_target_coupled_correlation,13.875435384114402
6.317102269586477,6.779330838882001,1.7217117259703203,-0.14201862872569565,0.001,L2,0,Pi00,declared_source_target_coupled_correlation,13.875435384114402
6.317102269586477,6.779330838882001,1.7217117259703203,-0.14201862872569573,0.001,L2,0,PiC0,declared_source_target_coupled_correlation,13.875435384114402
6.317102269586477,6.755708346657702,1.6316041085673612,-0.14900937364168018,0.001,L2,0,Pi0K,declared_source_target_coupled_correlation,13.875435384114402
6.317102269586477,6.755708346657702,1.6316041085673612,-0.14900937364168026,0.001,L2,0,PiCK,declared_source_target_coupled_correlation,13.875435384114402
6.317102269586477,6.797529080850875,1.7448714962227778,-0.14769946116550373,0.001,L2,1,actual,declared_source_target_coupled_correlation,13.875435384095274
6.317102269586477,6.779330838865461,1.721711725953374,-0.14201862871946624,0.001,L2,1,Pi00,declared_source_target_coupled_correlation,13.875435384095274
6.317102269586477,6.779330838865461,1.721711725953374,-0.14201862871946624,0.001,L2,1,PiC0,declared_source_target_coupled_correlation,13.875435384095274
6.317102269586477,6.755708346640985,1.6316041085509372,-0.149009373634823,0.001,L2,1,Pi0K,declared_source_target_coupled_correlation,13.875435384095274
6.317102269586477,6.755708346640985,1.6316041085509372,-0.14900937363482297,0.001,L2,1,PiCK,declared_source_target_coupled_correlation,13.875435384095274
6.317102269586477,6.850439210924518,1.7914133013822353,-0.16849559733086628,0.01,L2,0,actual,declared_source_target_coupled_correlation,13.875435384114402
6.317102269586477,6.779330838882001,1.7217117259703203,-0.14201862872569565,0.01,L2,0,Pi00,declared_source_target_coupled_correlation,13.875435384114402
6.317102269586477,6.779330838882003,1.7217117259703196,-0.142018628725697,0.01,L2,0,PiC0,declared_source_target_coupled_correlation,13.875435384114402
6.317102269586477,6.690303749293021,1.4166760658161854,-0.15908596461423868,0.01,L2,0,Pi0K,declared_source_target_coupled_correlation,13.875435384114402
6.317102269586477,6.6903037492930215,1.4166760658161854,-0.1590859646142399,0.01,L2,0,PiCK,declared_source_target_coupled_correlation,13.875435384114402
6.317102269586477,6.850439210922685,1.7914133013818565,-0.16849559732985345,0.01,L2,1,actual,declared_source_target_coupled_correlation,13.875435384095274
6.317102269586477,6.779330838865461,1.721711725953374,-0.14201862871946624,0.01,L2,1,Pi00,declared_source_target_coupled_correlation,13.875435384095274
6.317102269586477,6.779330838865461,1.721711725953374,-0.14201862871946616,0.01,L2,1,PiC0,declared_source_target_coupled_correlation,13.875435384095274
6.317102269586477,6.690303749275652,1.4166760658003783,-0.15908596460553198,0.01,L2,1,Pi0K,declared_source_target_coupled_correlation,13.875435384095274
6.317102269586477,6.690303749275652,1.4166760658003783,-0.15908596460553193,0.01,L2,1,PiCK,declared_source_target_coupled_correlation,13.875435384095274
6.317102269586477,6.665466362102877,1.5809632949285157,-0.10129138682316366,0.1,L2,0,actual,declared_source_target_coupled_correlation,13.875435384114402
6.317102269586477,6.779330838882001,1.7217117259703203,-0.14201862872569565,0.1,L2,0,Pi00,declared_source_target_coupled_correlation,13.875435384114402
6.317102269586477,6.779330838882021,1.7217117259703156,-0.14201862872570845,0.1,L2,0,PiC0,declared_source_target_coupled_correlation,13.875435384114402
6.317102269586477,6.44908180945864,1.0153234344127564,-0.050982492956231834,0.1,L2,0,Pi0K,declared_source_target_coupled_correlation,13.875435384114402
6.317102269586477,6.4490818094586455,1.0153234344127569,-0.05098249295623707,0.1,L2,0,PiCK,declared_source_target_coupled_correlation,13.875435384114402
6.317102269586477,6.665466362101099,1.5809632949292434,-0.10129138682181578,0.1,L2,1,actual,declared_source_target_coupled_correlation,13.875435384095274
6.317102269586477,6.779330838865461,1.721711725953374,-0.14201862871946624,0.1,L2,1,Pi00,declared_source_target_coupled_correlation,13.875435384095274
6.317102269586477,6.77933083886546,1.721711725953374,-0.14201862871946516,0.1,L2,1,PiC0,declared_source_target_coupled_correlation,13.875435384095274
6.317102269586477,6.449081809441676,1.0153234343964908,-0.05098249294256623,0.1,L2,1,Pi0K,declared_source_target_coupled_correlation,13.875435384095274
6.317102269586477,6.449081809441676,1.0153234343964908,-0.05098249294256609,0.1,L2,1,PiCK,declared_source_target_coupled_correlation,13.875435384095274
6.317102269586477,6.784505399970894,1.7263153982704436,-0.14413012184838322,0.001,IRMV1,0,actual,declared_source_target_coupled_correlation,13.875435384114402
6.317102269586477,6.779330838882001,1.7217117259703203,-0.14201862872569565,0.001,IRMV1,0,Pi00,declared_source_target_coupled_correlation,13.875435384114402
6.317102269586477,6.751784633390587,1.7455487133617928,-0.1194304791201536,0.001,IRMV1,0,PiC0,declared_source_target_coupled_correlation,13.875435384114402
6.317102269586477,6.809462745706741,1.7058989443376675,-0.16484776933557127,0.001,IRMV1,0,Pi0K,declared_source_target_coupled_correlation,13.875435384114402
6.317102269586477,6.784524820766749,1.726821242132969,-0.144019916438973,0.001,IRMV1,0,PiCK,declared_source_target_coupled_correlation,13.875435384114402
6.317102269586477,6.773695001903447,1.7164340008727308,-0.13976981507415387,0.001,IRMV1,1,actual,declared_source_target_coupled_correlation,13.875435384095274
6.317102269586477,6.779330838865461,1.721711725953374,-0.14201862871946624,0.001,IRMV1,1,Pi00,declared_source_target_coupled_correlation,13.875435384095274
6.317102269586477,6.740626539007359,1.7361526729952321,-0.11470478709501351,0.001,IRMV1,1,PiC0,declared_source_target_coupled_correlation,13.875435384095274
6.317102269586477,6.809462745690986,1.7058989443196955,-0.1648477693301978,0.001,IRMV1,1,Pi0K,declared_source_target_coupled_correlation,13.875435384095274
6.317102269586477,6.773708962972955,1.7169384559494973,-0.1396576245774309,0.001,IRMV1,1,PiCK,declared_source_target_coupled_correlation,13.875435384095274
6.317102269586477,6.824650697944743,1.7718392395422404,-0.15771895704517386,0.01,IRMV1,0,actual,declared_source_target_coupled_correlation,13.875435384114402
6.317102269586477,6.779330838882001,1.7217117259703203,-0.14201862872569565,0.01,IRMV1,0,Pi00,declared_source_target_coupled_correlation,13.875435384114402
6.317102269586477,6.518589155308826,2.012652112776339,0.05759517656816288,0.01,IRMV1,0,PiC0,declared_source_target_coupled_correlation,13.875435384114402
6.317102269586477,6.947036502827503,1.6519927791884443,-0.2695744931001179,0.01,IRMV1,0,Pi0K,declared_source_target_coupled_correlation,13.875435384114402
6.317102269586477,6.824812008287114,1.7769317557705848,-0.15656003246690817,0.01,IRMV1,0,PiCK,declared_source_target_coupled_correlation,13.875435384114402
6.317102269586477,6.732068839859807,1.665208944283866,-0.12558108226464026,0.01,IRMV1,1,actual,declared_source_target_coupled_correlation,13.875435384095274
6.317102269586477,6.779330838865461,1.721711725953374,-0.14201862871946624,0.01,IRMV1,1,Pi00,declared_source_target_coupled_correlation,13.875435384095274
6.317102269586477,6.40696663374599,1.9458518189415206,0.10750357046268258,0.01,IRMV1,1,PiC0,declared_source_target_coupled_correlation,13.875435384095274
6.317102269586477,6.947036502815467,1.6519927791669438,-0.269574493099018,0.01,IRMV1,1,Pi0K,declared_source_target_coupled_correlation,13.875435384095274
6.317102269586477,6.731909334779124,1.6701529446437244,-0.12432608150382005,0.01,IRMV1,1,PiCK,declared_source_target_coupled_correlation,13.875435384095274
6.317102269586477,7.175761550240608,2.2701264873987346,-0.22426847447442072,0.1,IRMV1,0,actual,declared_source_target_coupled_correlation,13.875435384114402
6.317102269586477,6.779330838882001,1.7217117259703203,-0.14201862872569565,0.1,IRMV1,0,Pi00,declared_source_target_coupled_correlation,13.875435384114402
6.317102269586477,6.106127147920818,6.31092278998591,0.5323828060195929,0.1,IRMV1,0,PiC0,declared_source_target_coupled_correlation,13.875435384114402
6.317102269586477,7.080806518722726,1.6202743854755748,-0.3715888878116619,0.1,IRMV1,0,Pi0K,declared_source_target_coupled_correlation,13.875435384114402
6.317102269586477,7.185661288271994,2.334431053670116,-0.21287200666780628,0.1,IRMV1,0,PiCK,declared_source_target_coupled_correlation,13.875435384114402
6.317102269586477,6.427509615556504,1.2003526451280377,0.0022252940651525956,0.1,IRMV1,1,actual,declared_source_target_coupled_correlation,13.875435384095274
6.317102269586477,6.779330838865461,1.721711725953374,-0.14201862871946624,0.1,IRMV1,1,Pi00,declared_source_target_coupled_correlation,13.875435384095274
6.317102269586477,5.397058605419512,6.592020808775616,0.6511654849286708,0.1,IRMV1,1,PiC0,declared_source_target_coupled_correlation,13.875435384095274
6.317102269586477,7.0808065187146605,1.6202743854523887,-0.3715888878150701,0.1,IRMV1,1,Pi0K,declared_source_target_coupled_correlation,13.875435384095274
6.317102269586477,6.421414637205111,1.241227432399169,0.013509867631817345,0.1,IRMV1,1,PiCK,declared_source_target_coupled_correlation,13.875435384095274
6.317102269586477,6.779512824575099,1.722147199988591,-0.1420271973945466,0.001,VREX,0,actual,declared_source_target_coupled_correlation,13.875435384114402
6.317102269586477,6.779330838882001,1.7217117259703203,-0.14201862872569565,0.001,VREX,0,Pi00,declared_source_target_coupled_correlation,13.875435384114402
6.317102269586477,6.779583937010616,1.7223668410767086,-0.14201862872569695,0.001,VREX,0,PiC0,declared_source_target_coupled_correlation,13.875435384114402
6.317102269586477,6.779275596804475,1.7215509266453783,-0.14202291322694005,0.001,VREX,0,Pi0K,declared_source_target_coupled_correlation,13.875435384114402
6.317102269586477,6.779528660432953,1.7222059805672725,-0.14202291322694316,0.001,VREX,0,PiCK,declared_source_target_coupled_correlation,13.875435384114402
6.317102269586477,6.779006803365218,1.7208372144899156,-0.14202719739430958,0.001,VREX,1,actual,declared_source_target_coupled_correlation,13.875435384095274
6.317102269586477,6.779330838865461,1.721711725953374,-0.14201862871946624,0.001,VREX,1,Pi00,declared_source_target_coupled_correlation,13.875435384095274
6.317102269586477,6.779077794596459,1.7210566108475025,-0.14201862871946314,0.001,VREX,1,PiC0,declared_source_target_coupled_correlation,13.875435384095274
6.317102269586477,6.7792755967879375,1.721550926628434,-0.1420229132207104,0.001,VREX,1,Pi0K,declared_source_target_coupled_correlation,13.875435384095274
6.317102269586477,6.779022587010267,1.7208958727070587,-0.14202291322070765,0.001,VREX,1,PiCK,declared_source_target_coupled_correlation,13.875435384095274
6.317102269586477,6.7811490520755475,1.7260588664993466,-0.14210428132938363,0.01,VREX,0,actual,declared_source_target_coupled_correlation,13.875435384114402
6.317102269586477,6.779330838882001,1.7217117259703203,-0.14201862872569565,0.01,VREX,0,Pi00,declared_source_target_coupled_correlation,13.875435384114402
6.317102269586477,6.781864242846282,1.7282628770341841,-0.14201862872571022,0.01,VREX,0,PiC0,declared_source_target_coupled_correlation,13.875435384114402
6.317102269586477,6.778779046649118,1.7201051184043603,-0.14206147366201274,0.01,VREX,0,Pi0K,declared_source_target_coupled_correlation,13.875435384114402
6.317102269586477,6.781309000614543,1.726650156291025,-0.14206147366202704,0.01,VREX,0,PiCK,declared_source_target_coupled_correlation,13.875435384114402
6.317102269586477,6.776099723217756,1.712980993402902,-0.14210428132914021,0.01,VREX,1,actual,declared_source_target_coupled_correlation,13.875435384095274
6.317102269586477,6.779330838865461,1.721711725953374,-0.14201862871946624,0.01,VREX,1,Pi00,declared_source_target_coupled_correlation,13.875435384095274
6.317102269586477,6.776802820844034,1.7151605748946563,-0.14201862871943652,0.01,VREX,1,PiC0,declared_source_target_coupled_correlation,13.875435384095274
6.317102269586477,6.778779046632586,1.7201051183874307,-0.14206147365577745,0.01,VREX,1,Pi0K,declared_source_target_coupled_correlation,13.875435384095274
6.317102269586477,6.776254469809076,1.7135600805059112,-0.14206147365574945,0.01,VREX,1,PiCK,declared_source_target_coupled_correlation,13.875435384095274
6.317102269586477,6.7973492803746005,1.7644375371458285,-0.1428718153818852,0.1,VREX,0,actual,declared_source_target_coupled_correlation,13.875435384114402
6.317102269586477,6.779330838882001,1.7217117259703203,-0.14201862872569565,0.1,VREX,0,Pi00,declared_source_target_coupled_correlation,13.875435384114402
6.317102269586477,6.804906249100276,1.7872232366089418,-0.14201862872582227,0.1,VREX,0,PiC0,declared_source_target_coupled_correlation,13.875435384114402
6.317102269586477,6.773875054455437,1.7057829238575146,-0.14244707069502607,0.1,VREX,0,Pi0K,declared_source_target_coupled_correlation,13.875435384114402
6.317102269586477,6.799105507160192,1.7706883400650304,-0.14244707069515314,0.1,VREX,0,PiCK,declared_source_target_coupled_correlation,13.875435384114402
6.317102269586477,6.747921120343426,1.6358158316352296,-0.142871815381538,0.1,VREX,1,actual,declared_source_target_coupled_correlation,13.875435384095274
6.317102269586477,6.779330838865461,1.721711725953374,-0.14201862871946624,0.1,VREX,1,Pi00,declared_source_target_coupled_correlation,13.875435384095274
6.317102269586477,6.754294019591087,1.6562002153662259,-0.14201862871916487,0.1,VREX,1,PiC0,declared_source_target_coupled_correlation,13.875435384095274
6.317102269586477,6.773875054438964,1.7057829238407332,-0.14244707068872886,0.1,VREX,1,Pi0K,declared_source_target_coupled_correlation,13.875435384095274
6.317102269586477,6.74917448547578,1.6408775076842137,-0.1424470706884257,0.1,VREX,1,PiCK,declared_source_target_coupled_correlation,13.875435384095274
6.317102269586477,6.7793308389073665,1.7217117258707284,-0.14201862876548688,0.0,L2,0,actual,mechanism_defined_hidden,13.875435384114402
6.317102269586477,6.779330838882001,1.7217117259703203,-0.14201862872569565,0.0,L2,0,Pi00,mechanism_defined_hidden,13.875435384114402
6.317102269586477,6.779330838882001,1.7217117259703203,-0.14201862872569565,0.0,L2,0,PiC0,mechanism_defined_hidden,13.875435384114402
6.317102269586477,6.779330838882001,1.7217117259703203,-0.14201862872569565,0.0,L2,0,Pi0K,mechanism_defined_hidden,13.875435384114402
6.317102269586477,6.779330838882001,1.7217117259703203,-0.14201862872569565,0.0,L2,0,PiCK,mechanism_defined_hidden,13.875435384114402
6.317102269586477,6.779330838906665,1.721711725869879,-0.14201862876525412,0.0,L2,1,actual,mechanism_defined_hidden,13.875435384095274
6.317102269586477,6.779330838865461,1.721711725953374,-0.14201862871946624,0.0,L2,1,Pi00,mechanism_defined_hidden,13.875435384095274
6.317102269586477,6.779330838865461,1.721711725953374,-0.14201862871946624,0.0,L2,1,PiC0,mechanism_defined_hidden,13.875435384095274
6.317102269586477,6.779330838865461,1.721711725953374,-0.14201862871946624,0.0,L2,1,Pi0K,mechanism_defined_hidden,13.875435384095274
6.317102269586477,6.779330838865461,1.721711725953374,-0.14201862871946624,0.0,L2,1,PiCK,mechanism_defined_hidden,13.875435384095274
6.317102269586477,6.797529080851859,1.7448714962233416,-0.1476994611659739,0.001,L2,0,actual,mechanism_defined_hidden,13.875435384114402
6.317102269586477,6.779330838882001,1.7217117259703203,-0.14201862872569565,0.001,L2,0,Pi00,mechanism_defined_hidden,13.875435384114402
6.317102269586477,6.779330838882001,1.7217117259703203,-0.14201862872569573,0.001,L2,0,PiC0,mechanism_defined_hidden,13.875435384114402
6.317102269586477,6.755708346657702,1.6316041085673612,-0.14900937364168018,0.001,L2,0,Pi0K,mechanism_defined_hidden,13.875435384114402
6.317102269586477,6.755708346657702,1.6316041085673612,-0.14900937364168026,0.001,L2,0,PiCK,mechanism_defined_hidden,13.875435384114402
6.317102269586477,6.797529080850875,1.7448714962227778,-0.14769946116550373,0.001,L2,1,actual,mechanism_defined_hidden,13.875435384095274
6.317102269586477,6.779330838865461,1.721711725953374,-0.14201862871946624,0.001,L2,1,Pi00,mechanism_defined_hidden,13.875435384095274
6.317102269586477,6.779330838865461,1.721711725953374,-0.14201862871946624,0.001,L2,1,PiC0,mechanism_defined_hidden,13.875435384095274
6.317102269586477,6.755708346640985,1.6316041085509372,-0.149009373634823,0.001,L2,1,Pi0K,mechanism_defined_hidden,13.875435384095274
6.317102269586477,6.755708346640985,1.6316041085509372,-0.14900937363482297,0.001,L2,1,PiCK,mechanism_defined_hidden,13.875435384095274
6.317102269586477,6.850439210924518,1.7914133013822353,-0.16849559733086628,0.01,L2,0,actual,mechanism_defined_hidden,13.875435384114402
6.317102269586477,6.779330838882001,1.7217117259703203,-0.14201862872569565,0.01,L2,0,Pi00,mechanism_defined_hidden,13.875435384114402
6.317102269586477,6.779330838882003,1.7217117259703196,-0.142018628725697,0.01,L2,0,PiC0,mechanism_defined_hidden,13.875435384114402
6.317102269586477,6.690303749293021,1.4166760658161854,-0.15908596461423868,0.01,L2,0,Pi0K,mechanism_defined_hidden,13.875435384114402
6.317102269586477,6.6903037492930215,1.4166760658161854,-0.1590859646142399,0.01,L2,0,PiCK,mechanism_defined_hidden,13.875435384114402
6.317102269586477,6.850439210922685,1.7914133013818565,-0.16849559732985345,0.01,L2,1,actual,mechanism_defined_hidden,13.875435384095274
6.317102269586477,6.779330838865461,1.721711725953374,-0.14201862871946624,0.01,L2,1,Pi00,mechanism_defined_hidden,13.875435384095274
6.317102269586477,6.779330838865461,1.721711725953374,-0.14201862871946616,0.01,L2,1,PiC0,mechanism_defined_hidden,13.875435384095274
6.317102269586477,6.690303749275652,1.4166760658003783,-0.15908596460553198,0.01,L2,1,Pi0K,mechanism_defined_hidden,13.875435384095274
6.317102269586477,6.690303749275652,1.4166760658003783,-0.15908596460553193,0.01,L2,1,PiCK,mechanism_defined_hidden,13.875435384095274
6.317102269586477,6.665466362102877,1.5809632949285157,-0.10129138682316366,0.1,L2,0,actual,mechanism_defined_hidden,13.875435384114402
6.317102269586477,6.779330838882001,1.7217117259703203,-0.14201862872569565,0.1,L2,0,Pi00,mechanism_defined_hidden,13.875435384114402
6.317102269586477,6.779330838882021,1.7217117259703156,-0.14201862872570845,0.1,L2,0,PiC0,mechanism_defined_hidden,13.875435384114402
6.317102269586477,6.44908180945864,1.0153234344127564,-0.050982492956231834,0.1,L2,0,Pi0K,mechanism_defined_hidden,13.875435384114402
6.317102269586477,6.4490818094586455,1.0153234344127569,-0.05098249295623707,0.1,L2,0,PiCK,mechanism_defined_hidden,13.875435384114402
6.317102269586477,6.665466362101099,1.5809632949292434,-0.10129138682181578,0.1,L2,1,actual,mechanism_defined_hidden,13.875435384095274
6.317102269586477,6.779330838865461,1.721711725953374,-0.14201862871946624,0.1,L2,1,Pi00,mechanism_defined_hidden,13.875435384095274
6.317102269586477,6.77933083886546,1.721711725953374,-0.14201862871946516,0.1,L2,1,PiC0,mechanism_defined_hidden,13.875435384095274
6.317102269586477,6.449081809441676,1.0153234343964908,-0.05098249294256623,0.1,L2,1,Pi0K,mechanism_defined_hidden,13.875435384095274
6.317102269586477,6.449081809441676,1.0153234343964908,-0.05098249294256609,0.1,L2,1,PiCK,mechanism_defined_hidden,13.875435384095274
6.317102269586477,6.784505399970894,1.7263153982704436,-0.14413012184838322,0.001,IRMV1,0,actual,mechanism_defined_hidden,13.875435384114402
6.317102269586477,6.779330838882001,1.7217117259703203,-0.14201862872569565,0.001,IRMV1,0,Pi00,mechanism_defined_hidden,13.875435384114402
6.317102269586477,6.751784633390587,1.7455487133617928,-0.1194304791201536,0.001,IRMV1,0,PiC0,mechanism_defined_hidden,13.875435384114402
6.317102269586477,6.809462745706741,1.7058989443376675,-0.16484776933557127,0.001,IRMV1,0,Pi0K,mechanism_defined_hidden,13.875435384114402
6.317102269586477,6.784524820766749,1.726821242132969,-0.144019916438973,0.001,IRMV1,0,PiCK,mechanism_defined_hidden,13.875435384114402
6.317102269586477,6.773695001903447,1.7164340008727308,-0.13976981507415387,0.001,IRMV1,1,actual,mechanism_defined_hidden,13.875435384095274
6.317102269586477,6.779330838865461,1.721711725953374,-0.14201862871946624,0.001,IRMV1,1,Pi00,mechanism_defined_hidden,13.875435384095274
6.317102269586477,6.740626539007359,1.7361526729952321,-0.11470478709501351,0.001,IRMV1,1,PiC0,mechanism_defined_hidden,13.875435384095274
6.317102269586477,6.809462745690986,1.7058989443196955,-0.1648477693301978,0.001,IRMV1,1,Pi0K,mechanism_defined_hidden,13.875435384095274
6.317102269586477,6.773708962972955,1.7169384559494973,-0.1396576245774309,0.001,IRMV1,1,PiCK,mechanism_defined_hidden,13.875435384095274
6.317102269586477,6.824650697944743,1.7718392395422404,-0.15771895704517386,0.01,IRMV1,0,actual,mechanism_defined_hidden,13.875435384114402
6.317102269586477,6.779330838882001,1.7217117259703203,-0.14201862872569565,0.01,IRMV1,0,Pi00,mechanism_defined_hidden,13.875435384114402
6.317102269586477,6.518589155308826,2.012652112776339,0.05759517656816288,0.01,IRMV1,0,PiC0,mechanism_defined_hidden,13.875435384114402
6.317102269586477,6.947036502827503,1.6519927791884443,-0.2695744931001179,0.01,IRMV1,0,Pi0K,mechanism_defined_hidden,13.875435384114402
6.317102269586477,6.824812008287114,1.7769317557705848,-0.15656003246690817,0.01,IRMV1,0,PiCK,mechanism_defined_hidden,13.875435384114402
6.317102269586477,6.732068839859807,1.665208944283866,-0.12558108226464026,0.01,IRMV1,1,actual,mechanism_defined_hidden,13.875435384095274
6.317102269586477,6.779330838865461,1.721711725953374,-0.14201862871946624,0.01,IRMV1,1,Pi00,mechanism_defined_hidden,13.875435384095274
6.317102269586477,6.40696663374599,1.9458518189415206,0.10750357046268258,0.01,IRMV1,1,PiC0,mechanism_defined_hidden,13.875435384095274
6.317102269586477,6.947036502815467,1.6519927791669438,-0.269574493099018,0.01,IRMV1,1,Pi0K,mechanism_defined_hidden,13.875435384095274
6.317102269586477,6.731909334779124,1.6701529446437244,-0.12432608150382005,0.01,IRMV1,1,PiCK,mechanism_defined_hidden,13.875435384095274
6.317102269586477,7.175761550240608,2.2701264873987346,-0.22426847447442072,0.1,IRMV1,0,actual,mechanism_defined_hidden,13.875435384114402
6.317102269586477,6.779330838882001,1.7217117259703203,-0.14201862872569565,0.1,IRMV1,0,Pi00,mechanism_defined_hidden,13.875435384114402
6.317102269586477,6.106127147920818,6.31092278998591,0.5323828060195929,0.1,IRMV1,0,PiC0,mechanism_defined_hidden,13.875435384114402
6.317102269586477,7.080806518722726,1.6202743854755748,-0.3715888878116619,0.1,IRMV1,0,Pi0K,mechanism_defined_hidden,13.875435384114402
6.317102269586477,7.185661288271994,2.334431053670116,-0.21287200666780628,0.1,IRMV1,0,PiCK,mechanism_defined_hidden,13.875435384114402
6.317102269586477,6.427509615556504,1.2003526451280377,0.0022252940651525956,0.1,IRMV1,1,actual,mechanism_defined_hidden,13.875435384095274
6.317102269586477,6.779330838865461,1.721711725953374,-0.14201862871946624,0.1,IRMV1,1,Pi00,mechanism_defined_hidden,13.875435384095274
6.317102269586477,5.397058605419512,6.592020808775616,0.6511654849286708,0.1,IRMV1,1,PiC0,mechanism_defined_hidden,13.875435384095274
6.317102269586477,7.0808065187146605,1.6202743854523887,-0.3715888878150701,0.1,IRMV1,1,Pi0K,mechanism_defined_hidden,13.875435384095274
6.317102269586477,6.421414637205111,1.241227432399169,0.013509867631817345,0.1,IRMV1,1,PiCK,mechanism_defined_hidden,13.875435384095274
6.317102269586477,6.779512824575099,1.722147199988591,-0.1420271973945466,0.001,VREX,0,actual,mechanism_defined_hidden,13.875435384114402
6.317102269586477,6.779330838882001,1.7217117259703203,-0.14201862872569565,0.001,VREX,0,Pi00,mechanism_defined_hidden,13.875435384114402
6.317102269586477,6.779583937010616,1.7223668410767086,-0.14201862872569695,0.001,VREX,0,PiC0,mechanism_defined_hidden,13.875435384114402
6.317102269586477,6.779275596804475,1.7215509266453783,-0.14202291322694005,0.001,VREX,0,Pi0K,mechanism_defined_hidden,13.875435384114402
6.317102269586477,6.779528660432953,1.7222059805672725,-0.14202291322694316,0.001,VREX,0,PiCK,mechanism_defined_hidden,13.875435384114402
6.317102269586477,6.779006803365218,1.7208372144899156,-0.14202719739430958,0.001,VREX,1,actual,mechanism_defined_hidden,13.875435384095274
6.317102269586477,6.779330838865461,1.721711725953374,-0.14201862871946624,0.001,VREX,1,Pi00,mechanism_defined_hidden,13.875435384095274
6.317102269586477,6.779077794596459,1.7210566108475025,-0.14201862871946314,0.001,VREX,1,PiC0,mechanism_defined_hidden,13.875435384095274
6.317102269586477,6.7792755967879375,1.721550926628434,-0.1420229132207104,0.001,VREX,1,Pi0K,mechanism_defined_hidden,13.875435384095274
6.317102269586477,6.779022587010267,1.7208958727070587,-0.14202291322070765,0.001,VREX,1,PiCK,mechanism_defined_hidden,13.875435384095274
6.317102269586477,6.7811490520755475,1.7260588664993466,-0.14210428132938363,0.01,VREX,0,actual,mechanism_defined_hidden,13.875435384114402
6.317102269586477,6.779330838882001,1.7217117259703203,-0.14201862872569565,0.01,VREX,0,Pi00,mechanism_defined_hidden,13.875435384114402
6.317102269586477,6.781864242846282,1.7282628770341841,-0.14201862872571022,0.01,VREX,0,PiC0,mechanism_defined_hidden,13.875435384114402
6.317102269586477,6.778779046649118,1.7201051184043603,-0.14206147366201274,0.01,VREX,0,Pi0K,mechanism_defined_hidden,13.875435384114402
6.317102269586477,6.781309000614543,1.726650156291025,-0.14206147366202704,0.01,VREX,0,PiCK,mechanism_defined_hidden,13.875435384114402
6.317102269586477,6.776099723217756,1.712980993402902,-0.14210428132914021,0.01,VREX,1,actual,mechanism_defined_hidden,13.875435384095274
6.317102269586477,6.779330838865461,1.721711725953374,-0.14201862871946624,0.01,VREX,1,Pi00,mechanism_defined_hidden,13.875435384095274
6.317102269586477,6.776802820844034,1.7151605748946563,-0.14201862871943652,0.01,VREX,1,PiC0,mechanism_defined_hidden,13.875435384095274
6.317102269586477,6.778779046632586,1.7201051183874307,-0.14206147365577745,0.01,VREX,1,Pi0K,mechanism_defined_hidden,13.875435384095274
6.317102269586477,6.776254469809076,1.7135600805059112,-0.14206147365574945,0.01,VREX,1,PiCK,mechanism_defined_hidden,13.875435384095274
6.317102269586477,6.7973492803746005,1.7644375371458285,-0.1428718153818852,0.1,VREX,0,actual,mechanism_defined_hidden,13.875435384114402
6.317102269586477,6.779330838882001,1.7217117259703203,-0.14201862872569565,0.1,VREX,0,Pi00,mechanism_defined_hidden,13.875435384114402
6.317102269586477,6.804906249100276,1.7872232366089418,-0.14201862872582227,0.1,VREX,0,PiC0,mechanism_defined_hidden,13.875435384114402
6.317102269586477,6.773875054455437,1.7057829238575146,-0.14244707069502607,0.1,VREX,0,Pi0K,mechanism_defined_hidden,13.875435384114402
6.317102269586477,6.799105507160192,1.7706883400650304,-0.14244707069515314,0.1,VREX,0,PiCK,mechanism_defined_hidden,13.875435384114402
6.317102269586477,6.747921120343426,1.6358158316352296,-0.142871815381538,0.1,VREX,1,actual,mechanism_defined_hidden,13.875435384095274
6.317102269586477,6.779330838865461,1.721711725953374,-0.14201862871946624,0.1,VREX,1,Pi00,mechanism_defined_hidden,13.875435384095274
6.317102269586477,6.754294019591087,1.6562002153662259,-0.14201862871916487,0.1,VREX,1,PiC0,mechanism_defined_hidden,13.875435384095274
6.317102269586477,6.773875054438964,1.7057829238407332,-0.14244707068872886,0.1,VREX,1,Pi0K,mechanism_defined_hidden,13.875435384095274
6.317102269586477,6.74917448547578,1.6408775076842137,-0.1424470706884257,0.1,VREX,1,PiCK,mechanism_defined_hidden,13.875435384095274
10.315784808976272,11.685811093581338,4.217315212548833,-0.14201862876537047,0.0,L2,0,actual,mechanism_defined_exposed,24.032959062408562
10.315784808976272,11.685811093531072,4.217315212773067,-0.142018628722581,0.0,L2,0,Pi00,mechanism_defined_exposed,24.032959062408562
10.315784808976272,11.685811093531072,4.217315212773067,-0.142018628722581,0.0,L2,0,PiC0,mechanism_defined_exposed,24.032959062408562
10.315784808976272,11.685811093531072,4.217315212773067,-0.142018628722581,0.0,L2,0,Pi0K,mechanism_defined_exposed,24.032959062408562
10.315784808976272,11.685811093531072,4.217315212773067,-0.142018628722581,0.0,L2,0,PiCK,mechanism_defined_exposed,24.032959062408562
1.231915798086794e-11,1.748755733589562e-11,1.2062969461535665e-11,-4.2688879943562085e-12,0.0,L2,1,actual,mechanism_defined_exposed,13.87543538410484
1.231915798086794e-11,3.2809232731901513e-11,3.3702475245765155e-11,1.0558636929645889e-10,0.0,L2,1,Pi00,mechanism_defined_exposed,13.87543538410484
1.231915798086794e-11,3.2809232731901513e-11,3.3702475245765155e-11,1.0558636929645889e-10,0.0,L2,1,PiC0,mechanism_defined_exposed,13.87543538410484
1.231915798086794e-11,3.2809232731901513e-11,3.3702475245765155e-11,1.0558636929645889e-10,0.0,L2,1,Pi0K,mechanism_defined_exposed,13.87543538410484
1.231915798086794e-11,3.2809232731901513e-11,3.3702475245765155e-11,1.0558636929645889e-10,0.0,L2,1,PiCK,mechanism_defined_exposed,13.87543538410484
10.315784808976272,11.734864779118283,4.274044832473123,-0.14769946116573918,0.001,L2,0,actual,mechanism_defined_exposed,24.032959062408562
10.315784808976272,11.685811093531072,4.217315212773067,-0.142018628722581,0.001,L2,0,Pi00,mechanism_defined_exposed,24.032959062408562
10.315784808976272,11.685811093531072,4.217315212773067,-0.1420186287225811,0.001,L2,0,PiC0,mechanism_defined_exposed,24.032959062408562
10.315784808976272,11.604953118454716,3.996597528198527,-0.1490093736382515,0.001,L2,0,Pi0K,mechanism_defined_exposed,24.032959062408562
10.315784808976272,11.604953118454716,3.996597528198527,-0.14900937363825154,0.001,L2,0,PiCK,mechanism_defined_exposed,24.032959062408562
1.231915798086794e-11,1.6494490953662415e-11,1.0838626506736966e-11,-1.4153769551638828e-12,0.001,L2,1,actual,mechanism_defined_exposed,13.87543538410484
1.231915798086794e-11,3.2809232731901513e-11,3.3702475245765155e-11,1.0558636929645889e-10,0.001,L2,1,Pi00,mechanism_defined_exposed,13.87543538410484
1.231915798086794e-11,3.280912807525189e-11,3.370243556887384e-11,1.055884657866966e-10,0.001,L2,1,PiC0,mechanism_defined_exposed,13.87543538410484
1.231915798086794e-11,3.166899861950712e-11,3.2729424379551e-11,1.100257000059928e-10,0.001,L2,1,Pi0K,mechanism_defined_exposed,13.87543538410484
1.231915798086794e-11,3.166891379270674e-11,3.272940207597259e-11,1.100276563991848e-10,0.001,L2,1,PiCK,mechanism_defined_exposed,13.87543538410484
10.315784808976272,11.871170315113103,4.388048506820671,-0.16849559733035988,0.01,L2,0,actual,mechanism_defined_exposed,24.032959062408562
10.315784808976272,11.685811093531072,4.217315212773067,-0.142018628722581,0.01,L2,0,Pi00,mechanism_defined_exposed,24.032959062408562
10.315784808976272,11.685811093531074,4.217315212773066,-0.14201862872258164,0.01,L2,0,PiC0,mechanism_defined_exposed,24.032959062408562
10.315784808976272,11.395038002089658,3.4701334920438134,-0.15908596460988553,0.01,L2,0,Pi0K,mechanism_defined_exposed,24.032959062408562
10.315784808976272,11.39503800208966,3.4701334920438134,-0.15908596460988608,0.01,L2,0,PiCK,mechanism_defined_exposed,24.032959062408562
1.231915798086794e-11,1.396200710502549e-11,7.357887057863375e-12,5.481256456536659e-12,0.01,L2,1,actual,mechanism_defined_exposed,13.87543538410484
1.231915798086794e-11,3.2809232731901513e-11,3.3702475245765155e-11,1.0558636929645889e-10,0.01,L2,1,Pi00,mechanism_defined_exposed,13.87543538410484
1.231915798086794e-11,3.280821421341971e-11,3.370210058226358e-11,1.0560715857047892e-10,0.01,L2,1,PiC0,mechanism_defined_exposed,13.87543538410484
1.231915798086794e-11,2.9238612174050285e-11,3.0750787142680545e-11,1.212380606937539e-10,0.01,L2,1,Pi0K,mechanism_defined_exposed,13.87543538410484
1.231915798086794e-11,2.923802310082971e-11,3.075073198402205e-11,1.212535880330437e-10,0.01,L2,1,PiCK,mechanism_defined_exposed,13.87543538410484
10.315784808976272,11.380024124074797,3.872553374644987,-0.10129138682248964,0.1,L2,0,actual,mechanism_defined_exposed,24.032959062408562
10.315784808976272,11.685811093531072,4.217315212773067,-0.142018628722581,0.1,L2,0,Pi00,mechanism_defined_exposed,24.032959062408562
10.315784808976272,11.685811093531091,4.217315212773061,-0.14201862872258697,0.1,L2,0,PiC0,mechanism_defined_exposed,24.032959062408562
10.315784808976272,10.733903296577314,2.487024338181514,-0.050982492949399265,0.1,L2,0,Pi0K,mechanism_defined_exposed,24.032959062408562
10.315784808976272,10.73390329657732,2.4870243381815142,-0.05098249294940168,0.1,L2,0,PiCK,mechanism_defined_exposed,24.032959062408562
1.231915798086794e-11,1.2668428731826567e-11,5.7470973486521125e-12,1.215084737954877e-11,0.1,L2,1,actual,mechanism_defined_exposed,13.87543538410484
1.231915798086794e-11,3.2809232731901513e-11,3.3702475245765155e-11,1.0558636929645889e-10,0.1,L2,1,Pi00,mechanism_defined_exposed,13.87543538410484
1.231915798086794e-11,3.279996770539514e-11,3.369950374731399e-11,1.057901623489238e-10,0.1,L2,1,PiC0,mechanism_defined_exposed,13.87543538410484
1.231915798086794e-11,2.8232548168465403e-11,2.996292892173539e-11,1.26230993420915e-10,0.1,L2,1,Pi0K,mechanism_defined_exposed,13.87543538410484
1.231915798086794e-11,2.823086740638396e-11,2.996290855650987e-11,1.2627783400326111e-10,0.1,L2,1,PiCK,mechanism_defined_exposed,13.87543538410484
10.315784808976272,11.68516810479527,4.216463899418639,-0.1419570935733359,0.001,IRMV1,0,actual,mechanism_defined_exposed,24.032959062408562
10.315784808976272,11.685811093531072,4.217315212773067,-0.142018628722581,0.001,IRMV1,0,Pi00,mechanism_defined_exposed,24.032959062408562
10.315784808976272,11.614575659150548,4.264167554857673,-0.11707478838348202,0.001,IRMV1,0,PiC0,mechanism_defined_exposed,24.032959062408562
10.315784808976272,11.751068285233195,4.178581966357757,-0.16484776933288456,0.001,IRMV1,0,Pi0K,mechanism_defined_exposed,24.032959062408562
10.315784808976272,11.68535568276213,4.217701240663353,-0.14184589715656432,0.001,IRMV1,0,PiCK,mechanism_defined_exposed,24.032959062408562
1.231915798086794e-11,0.011011900707692939,0.011011900714739984,0.07760135222215375,0.001,IRMV1,1,actual,mechanism_defined_exposed,13.87543538410484
1.231915798086794e-11,3.2809232731901513e-11,3.3702475245765155e-11,1.0558636929645889e-10,0.001,IRMV1,1,Pi00,mechanism_defined_exposed,13.87543538410484
1.231915798086794e-11,0.011170020904353357,0.011170020911626867,0.08124524019511876,0.001,IRMV1,1,PiC0,mechanism_defined_exposed,13.87543538410484
1.231915798086794e-11,3.271068012335542e-11,3.3306007483817677e-11,9.553159686861089e-11,0.001,IRMV1,1,Pi0K,mechanism_defined_exposed,13.87543538410484
1.231915798086794e-11,0.011015684361782728,0.011015684368831085,0.07764245832696454,0.001,IRMV1,1,PiCK,mechanism_defined_exposed,13.87543538410484
10.315784808976272,11.681824537858674,4.207634353949944,-0.1422118082478968,0.01,IRMV1,0,actual,mechanism_defined_exposed,24.032959062408562
10.315784808976272,11.685811093531072,4.217315212773067,-0.142018628722581,0.01,IRMV1,0,Pi00,mechanism_defined_exposed,24.032959062408562
10.315784808976272,11.030612899970956,4.8449863441449,0.08218202100706344,0.01,IRMV1,0,PiC0,mechanism_defined_exposed,24.032959062408562
10.315784808976272,12.053867298858668,4.046539367747638,-0.2695744930995682,0.01,IRMV1,0,Pi0K,mechanism_defined_exposed,24.032959062408562
10.315784808976272,11.683302669114498,4.219921745332846,-0.1410050145987666,0.01,IRMV1,0,PiCK,mechanism_defined_exposed,24.032959062408562
1.231915798086794e-11,0.10459206497767587,0.1045920649835337,0.4755063160427196,0.01,IRMV1,1,actual,mechanism_defined_exposed,13.87543538410484
1.231915798086794e-11,3.2809232731901513e-11,3.3702475245765155e-11,1.0558636929645889e-10,0.01,IRMV1,1,Pi00,mechanism_defined_exposed,13.87543538410484
1.231915798086794e-11,0.11170020899226693,0.11170020899954045,0.590422522764588,0.01,IRMV1,1,PiC0,mechanism_defined_exposed,13.87543538410484
1.231915798086794e-11,3.2755465523430106e-11,3.196422911142191e-11,5.027653719421792e-11,0.01,IRMV1,1,Pi0K,mechanism_defined_exposed,13.87543538410484
1.231915798086794e-11,0.10480526826117272,0.10480526826703684,0.476016750354829,0.01,IRMV1,1,PiCK,mechanism_defined_exposed,13.87543538410484
10.315784808976272,11.662785448685433,4.099761779610782,-0.15129365823327062,0.1,IRMV1,0,actual,mechanism_defined_exposed,24.032959062408562
10.315784808976272,11.685811093531072,4.217315212773067,-0.142018628722581,0.1,IRMV1,0,Pi00,mechanism_defined_exposed,24.032959062408562
10.315784808976272,12.615774108607424,15.687714091196252,0.597419327719274,0.1,IRMV1,0,PiC0,mechanism_defined_exposed,24.032959062408562
10.315784808976272,12.352900626085564,3.9688454876883403,-0.37158888781336613,0.1,IRMV1,0,Pi0K,mechanism_defined_exposed,24.032959062408562
10.315784808976272,11.681313193031409,4.231385778610499,-0.1389807328279987,0.1,IRMV1,0,PiCK,mechanism_defined_exposed,24.032959062408562
1.231915798086794e-11,0.9958104864491202,0.9958104864535972,0.36341805357065554,0.1,IRMV1,1,actual,mechanism_defined_exposed,13.87543538410484
1.231915798086794e-11,3.2809232731901513e-11,3.3702475245765155e-11,1.0558636929645889e-10,0.1,IRMV1,1,Pi00,mechanism_defined_exposed,13.87543538410484
1.231915798086794e-11,1.1170020898713808,1.1170020898786543,0.5904225227572114,0.1,IRMV1,1,PiC0,mechanism_defined_exposed,13.87543538410484
1.231915798086794e-11,3.3680716436033946e-11,3.151425479978025e-11,5.259624649263775e-12,0.1,IRMV1,1,Pi0K,mechanism_defined_exposed,13.87543538410484
1.231915798086794e-11,1.0109428012781916,1.010942801282618,0.3593176269163955,0.1,IRMV1,1,PiCK,mechanism_defined_exposed,13.87543538410484
10.315784808976272,11.685581533148294,4.216777503913725,-0.1420271973944283,0.001,VREX,0,actual,mechanism_defined_exposed,24.032959062408562
10.315784808976272,11.685811093531072,4.217315212773067,-0.142018628722581,0.001,VREX,0,Pi00,mechanism_defined_exposed,24.032959062408562
10.315784808976272,11.685811093531381,4.2173152127737,-0.14201862872258145,0.001,VREX,0,PiC0,mechanism_defined_exposed,24.032959062408562
10.315784808976272,11.685635521559032,4.216921336475978,-0.14202291322382546,0.001,VREX,0,Pi0K,mechanism_defined_exposed,24.032959062408562
10.315784808976272,11.685635521559345,4.216921336476614,-0.1420229132238265,0.001,VREX,0,PiCK,mechanism_defined_exposed,24.032959062408562
1.231915798086794e-11,0.0009262996225841031,0.0009262996243338785,0.0016208165138086462,0.001,VREX,1,actual,mechanism_defined_exposed,13.87543538410484
1.231915798086794e-11,3.2809232731901513e-11,3.3702475245765155e-11,1.0558636929645889e-10,0.001,VREX,1,Pi00,mechanism_defined_exposed,13.87543538410484
1.231915798086794e-11,0.0009264726732012219,0.000926472674950892,0.0016210216060757975,0.001,VREX,1,PiC0,mechanism_defined_exposed,13.87543538410484
1.231915798086794e-11,3.280844240913186e-11,3.3701574999849836e-11,1.0558195875738198e-10,0.001,VREX,1,Pi0K,mechanism_defined_exposed,13.87543538410484
1.231915798086794e-11,0.0009263861452574858,0.0009263861470072087,0.0016209191067744762,0.001,VREX,1,PiCK,mechanism_defined_exposed,13.87543538410484
10.315784808976272,11.683519944203223,4.211946430926538,-0.14210428132926256,0.01,VREX,0,actual,mechanism_defined_exposed,24.032959062408562
10.315784808976272,11.685811093531072,4.217315212773067,-0.142018628722581,0.01,VREX,0,Pi00,mechanism_defined_exposed,24.032959062408562
10.315784808976272,11.68581109353416,4.217315212779382,-0.14201862872258547,0.01,VREX,0,PiC0,mechanism_defined_exposed,24.032959062408562
10.315784808976272,11.684057367918857,4.21337984401959,-0.14206147365889502,0.01,VREX,0,Pi0K,mechanism_defined_exposed,24.032959062408562
10.315784808976272,11.684057367921945,4.213379844025904,-0.14206147365890015,0.01,VREX,0,PiCK,mechanism_defined_exposed,24.032959062408562
1.231915798086794e-11,0.009247452743212342,0.009247452744963067,0.016189748943475215,0.01,VREX,1,actual,mechanism_defined_exposed,13.87543538410484
1.231915798086794e-11,3.2809232731901513e-11,3.3702475245765155e-11,1.0558636929645889e-10,0.01,VREX,1,Pi00,mechanism_defined_exposed,13.87543538410484
1.231915798086794e-11,0.009264726685229208,0.009264726686978877,0.01621021511042973,0.01,VREX,1,PiC0,mechanism_defined_exposed,13.87543538410484
1.231915798086794e-11,3.280590819639627e-11,3.369910062767261e-11,1.055817119406032e-10,0.01,VREX,1,Pi0K,mechanism_defined_exposed,13.87543538410484
1.231915798086794e-11,0.009256081347118033,0.009256081348868232,0.016199974109474033,0.01,VREX,1,PiCK,mechanism_defined_exposed,13.87543538410484
10.315784808976272,11.663335852227071,4.164442874846682,-0.14287181538171792,0.1,VREX,0,actual,mechanism_defined_exposed,24.032959062408562
10.315784808976272,11.685811093531072,4.217315212773067,-0.142018628722581,0.1,VREX,0,Pi00,mechanism_defined_exposed,24.032959062408562
10.315784808976272,11.685811093561925,4.217315212836218,-0.14201862872262005,0.1,VREX,0,PiC0,mechanism_defined_exposed,24.032959062408562
10.315784808976272,11.668471008109243,4.178297775383128,-0.1424470706918773,0.1,VREX,0,Pi0K,mechanism_defined_exposed,24.032959062408562
10.315784808976272,11.668471008139676,4.178297775445695,-0.1424470706919174,0.1,VREX,0,PiCK,mechanism_defined_exposed,24.032959062408562
1.231915798086794e-11,0.09094928016759021,0.0909492801693504,0.14288156898508628,0.1,VREX,1,actual,mechanism_defined_exposed,13.87543538410484
1.231915798086794e-11,3.2809232731901513e-11,3.3702475245765155e-11,1.0558636929645889e-10,0.1,VREX,1,Pi00,mechanism_defined_exposed,13.87543538410484
1.231915798086794e-11,0.09264726680548775,0.09264726680723744,0.14202838185330144,0.1,VREX,1,PiC0,mechanism_defined_exposed,13.87543538410484
1.231915798086794e-11,3.278415357544286e-11,3.367984806947987e-11,1.0564654684130337e-10,0.1,VREX,1,Pi0K,mechanism_defined_exposed,13.87543538410484
1.231915798086794e-11,0.09179011984120117,0.0917901198429561,0.14245682411090763,0.1,VREX,1,PiCK,mechanism_defined_exposed,13.87543538410484
2.9471061872870163,3.477134052137066,3.260765586062743,0.3760509582523816,0.0,L2,0,actual,irrelevant_source_diversity,32.37687051275735
2.9471061872870163,3.4771340521627274,3.2607655861802707,0.3760509582694216,0.0,L2,0,Pi00,irrelevant_source_diversity,32.37687051275735
2.9471061872870163,3.4771340521627274,3.2607655861802707,0.3760509582694216,0.0,L2,0,PiC0,irrelevant_source_diversity,32.37687051275735
2.9471061872870163,3.4771340521627274,3.2607655861802707,0.3760509582694216,0.0,L2,0,Pi0K,irrelevant_source_diversity,32.37687051275735
2.9471061872870163,3.4771340521627274,3.2607655861802707,0.3760509582694216,0.0,L2,0,PiCK,irrelevant_source_diversity,32.37687051275735
0.44921270753945625,0.48208204197095883,0.12243189250044419,-0.1420186287779226,0.0,L2,1,actual,irrelevant_source_diversity,13.875435384105806
0.44921270753945625,0.48208204197977716,0.12243189251832172,-0.14201862879468416,0.0,L2,1,Pi00,irrelevant_source_diversity,13.875435384105806
0.44921270753945625,0.48208204197977716,0.12243189251832172,-0.14201862879468416,0.0,L2,1,PiC0,irrelevant_source_diversity,13.875435384105806
0.44921270753945625,0.48208204197977716,0.12243189251832172,-0.14201862879468416,0.0,L2,1,Pi0K,irrelevant_source_diversity,13.875435384105806
0.44921270753945625,0.48208204197977716,0.12243189251832172,-0.14201862879468416,0.0,L2,1,PiCK,irrelevant_source_diversity,13.875435384105806
8.421658698443489,9.527716044113049,2.5421614505585732,-0.31272637179572516,0.0,L2,2,actual,irrelevant_source_diversity,9.366644266091283
8.421658698443489,9.527716044061474,2.5421614505519647,-0.3127263717743711,0.0,L2,2,Pi00,irrelevant_source_diversity,9.366644266091283
8.421658698443489,9.527716044061474,2.5421614505519647,-0.3127263717743711,0.0,L2,2,PiC0,irrelevant_source_diversity,9.366644266091283
8.421658698443489,9.527716044061474,2.5421614505519647,-0.3127263717743711,0.0,L2,2,Pi0K,irrelevant_source_diversity,9.366644266091283
8.421658698443489,9.527716044061474,2.5421614505519647,-0.3127263717743711,0.0,L2,2,PiCK,irrelevant_source_diversity,9.366644266091283
2.9471061872870163,3.396830542832474,3.1312288543035267,0.3766538318834866,0.001,L2,0,actual,irrelevant_source_diversity,32.37687051275735
2.9471061872870163,3.4771340521627274,3.2607655861802707,0.3760509582694216,0.001,L2,0,Pi00,irrelevant_source_diversity,32.37687051275735
2.9471061872870163,3.4771340521627274,3.2607655861802707,0.37605095826942153,0.001,L2,0,PiC0,irrelevant_source_diversity,32.37687051275735
2.9471061872870163,3.4252157716484875,3.185603788361447,0.378204453204994,0.001,L2,0,Pi0K,irrelevant_source_diversity,32.37687051275735
2.9471061872870163,3.4252157716484875,3.185603788361447,0.378204453204994,0.001,L2,0,PiCK,irrelevant_source_diversity,32.37687051275735
0.44921270753945625,0.4833761292262515,0.12407879684067687,-0.14769946118009442,0.001,L2,1,actual,irrelevant_source_diversity,13.875435384105806
0.44921270753945625,0.48208204197977716,0.12243189251832172,-0.14201862879468416,0.001,L2,1,Pi00,irrelevant_source_diversity,13.875435384105806
0.44921270753945625,0.48208204197977733,0.12243189251832169,-0.14201862879468563,0.001,L2,1,PiC0,irrelevant_source_diversity,13.875435384105806
0.44921270753945625,0.4804022332261255,0.11602428899095159,-0.1490093737169056,0.001,L2,1,Pi0K,irrelevant_source_diversity,13.875435384105806
0.44921270753945625,0.48040223322612563,0.11602428899095156,-0.149009373716907,0.001,L2,1,PiCK,irrelevant_source_diversity,13.875435384105806
8.421658698443489,9.54241779578041,2.585770250626864,-0.3087550822953652,0.001,L2,2,actual,irrelevant_source_diversity,9.366644266091283
8.421658698443489,9.527716044061474,2.5421614505519647,-0.3127263717743711,0.001,L2,2,Pi00,irrelevant_source_diversity,9.366644266091283
8.421658698443489,9.527716044061474,2.5421614505519647,-0.3127263717743712,0.001,L2,2,PiC0,irrelevant_source_diversity,9.366644266091283
8.421658698443489,9.493939589543233,2.4456734430489315,-0.3211505235930926,0.001,L2,2,Pi0K,irrelevant_source_diversity,9.366644266091283
8.421658698443489,9.493939589543233,2.4456734430489315,-0.32115052359309265,0.001,L2,2,PiCK,irrelevant_source_diversity,9.366644266091283
2.9471061872870163,3.334751314352278,2.9600673660331513,0.3626280169843097,0.01,L2,0,actual,irrelevant_source_diversity,32.37687051275735
2.9471061872870163,3.4771340521627274,3.2607655861802707,0.3760509582694216,0.01,L2,0,Pi00,irrelevant_source_diversity,32.37687051275735
2.9471061872870163,3.4771340521627283,3.2607655861802702,0.3760509582694211,0.01,L2,0,PiC0,irrelevant_source_diversity,32.37687051275735
2.9471061872870163,3.3267062287927374,3.0100520104112967,0.37644665985126385,0.01,L2,0,Pi0K,irrelevant_source_diversity,32.37687051275735
2.9471061872870163,3.3267062287927383,3.0100520104112967,0.37644665985126347,0.01,L2,0,PiCK,irrelevant_source_diversity,32.37687051275735
0.44921270753945625,0.4871385984368714,0.12738841087218342,-0.1684955973489057,0.01,L2,1,actual,irrelevant_source_diversity,13.875435384105806
0.44921270753945625,0.48208204197977716,0.12243189251832172,-0.14201862879468416,0.01,L2,1,Pi00,irrelevant_source_diversity,13.875435384105806
0.44921270753945625,0.4820820419797788,0.1224318925183214,-0.1420186287946991,0.01,L2,1,PiC0,irrelevant_source_diversity,13.875435384105806
0.44921270753945625,0.4757512753958891,0.10074063457286525,-0.15908596470752412,0.01,L2,1,Pi0K,irrelevant_source_diversity,13.875435384105806
0.44921270753945625,0.4757512753958903,0.10074063457286514,-0.15908596470753728,0.01,L2,1,PiCK,irrelevant_source_diversity,13.875435384105806
8.421658698443489,9.600857976405226,2.7050704380300434,-0.30583869195781316,0.01,L2,2,actual,irrelevant_source_diversity,9.366644266091283
8.421658698443489,9.527716044061474,2.5421614505519647,-0.3127263717743711,0.01,L2,2,Pi00,irrelevant_source_diversity,9.366644266091283
8.421658698443489,9.527716044061476,2.5421614505519647,-0.31272637177437146,0.01,L2,2,PiC0,irrelevant_source_diversity,9.366644266091283
8.421658698443489,9.392298800233116,2.2207301088260083,-0.33042312648436895,0.01,L2,2,Pi0K,irrelevant_source_diversity,9.366644266091283
8.421658698443489,9.392298800233117,2.2207301088260083,-0.3304231264843694,0.01,L2,2,PiCK,irrelevant_source_diversity,9.366644266091283
2.9471061872870163,3.117976792304601,2.876129107858292,0.42682598508947206,0.1,L2,0,actual,irrelevant_source_diversity,32.37687051275735
2.9471061872870163,3.4771340521627274,3.2607655861802707,0.3760509582694216,0.1,L2,0,Pi00,irrelevant_source_diversity,32.37687051275735
2.9471061872870163,3.477134052162736,3.2607655861802667,0.3760509582694176,0.1,L2,0,PiC0,irrelevant_source_diversity,32.37687051275735
2.9471061872870163,3.177988118850996,2.8534514008568963,0.40002805600914776,0.1,L2,0,Pi0K,irrelevant_source_diversity,32.37687051275735
2.9471061872870163,3.1779881188509997,2.8534514008568963,0.40002805600914637,0.1,L2,0,PiCK,irrelevant_source_diversity,32.37687051275735
0.44921270753945625,0.4739850747651591,0.11242319214225646,-0.10129138684615896,0.1,L2,1,actual,irrelevant_source_diversity,13.875435384105806
0.44921270753945625,0.48208204197977716,0.12243189251832172,-0.14201862879468416,0.1,L2,1,Pi00,irrelevant_source_diversity,13.875435384105806
0.44921270753945625,0.4820820419797924,0.12243189251831815,-0.1420186287948292,0.1,L2,1,PiC0,irrelevant_source_diversity,13.875435384105806
0.44921270753945625,0.4585978471168625,0.0722002224450758,-0.050982493099886686,0.1,L2,1,Pi0K,irrelevant_source_diversity,13.875435384105806
0.44921270753945625,0.4585978471168665,0.07220022244507614,-0.05098249309994196,0.1,L2,1,PiCK,irrelevant_source_diversity,13.875435384105806
8.421658698443489,9.414748968689052,2.5379495432098653,-0.2636874143320645,0.1,L2,2,actual,irrelevant_source_diversity,9.366644266091283
8.421658698443489,9.527716044061474,2.5421614505519647,-0.3127263717743711,0.1,L2,2,Pi00,irrelevant_source_diversity,9.366644266091283
8.421658698443489,9.527716044061481,2.542161450551964,-0.31272637177437446,0.1,L2,2,PiC0,irrelevant_source_diversity,9.366644266091283
8.421658698443489,9.0690456450923,1.8139907925546792,-0.262904702657517,0.1,L2,2,Pi0K,irrelevant_source_diversity,9.366644266091283
8.421658698443489,9.069045645092302,1.8139907925546794,-0.2629047026575183,0.1,L2,2,PiCK,irrelevant_source_diversity,9.366644266091283
2.9471061872870163,3.4771650765217257,3.2606897422393093,0.3760227440005925,0.001,IRMV1,0,actual,irrelevant_source_diversity,32.37687051275735
2.9471061872870163,3.4771340521627274,3.2607655861802707,0.3760509582694216,0.001,IRMV1,0,Pi00,irrelevant_source_diversity,32.37687051275735
2.9471061872870163,3.482448821817256,3.403080698763933,0.4057607144822019,0.001,IRMV1,0,PiC0,irrelevant_source_diversity,32.37687051275735
2.9471061872870163,3.4834690557940884,3.1386482150095474,0.3460561933319449,0.001,IRMV1,0,Pi0K,irrelevant_source_diversity,32.37687051275735
2.9471061872870163,3.4769492532100132,3.2609416765970063,0.376157260881695,0.001,IRMV1,0,PiCK,irrelevant_source_diversity,32.37687051275735
0.44921270753945625,0.48976389988252816,0.12966451669084583,-0.1825308847101881,0.001,IRMV1,1,actual,irrelevant_source_diversity,13.875435384105806
0.44921270753945625,0.48208204197977716,0.12243189251832172,-0.14201862879468416,0.001,IRMV1,1,Pi00,irrelevant_source_diversity,13.875435384105806
0.44921270753945625,0.4876702486382279,0.1307356334845094,-0.1612380307313124,0.001,IRMV1,1,PiC0,irrelevant_source_diversity,13.875435384105806
0.44921270753945625,0.4842247388788536,0.1213074366930353,-0.1648477693955068,0.001,IRMV1,1,Pi0K,irrelevant_source_diversity,13.875435384105806
0.44921270753945625,0.4897689665433352,0.12970160680323772,-0.18243872272660286,0.001,IRMV1,1,PiCK,irrelevant_source_diversity,13.875435384105806
8.421658698443489,9.526934044076071,2.5412517541094704,-0.3125982342614207,0.001,IRMV1,2,actual,irrelevant_source_diversity,9.366644266091283
8.421658698443489,9.527716044061474,2.5421614505519647,-0.3127263717743711,0.001,IRMV1,2,Pi00,irrelevant_source_diversity,9.366644266091283
8.421658698443489,9.521468545700511,2.54246137181928,-0.309874793266988,0.001,IRMV1,2,PiC0,irrelevant_source_diversity,9.366644266091283
8.421658698443489,9.532822951478307,2.5417577027071574,-0.31509768317460496,0.001,IRMV1,2,Pi0K,irrelevant_source_diversity,9.366644266091283
8.421658698443489,9.527138215193682,2.5419929782663586,-0.3125099435447405,0.001,IRMV1,2,PiCK,irrelevant_source_diversity,9.366644266091283
2.9471061872870163,3.477623262928171,3.2595542367936683,0.37560251376100934,0.01,IRMV1,0,actual,irrelevant_source_diversity,32.37687051275735
2.9471061872870163,3.4771340521627274,3.2607655861802707,0.3760509582694216,0.01,IRMV1,0,Pi00,irrelevant_source_diversity,32.37687051275735
2.9471061872870163,4.0696159600785125,4.921146167102331,0.5633724854320843,0.01,IRMV1,0,PiC0,irrelevant_source_diversity,32.37687051275735
2.9471061872870163,3.640341603269413,2.696185597986411,0.17007194120507782,0.01,IRMV1,0,Pi0K,irrelevant_source_diversity,32.37687051275735
2.9471061872870163,3.4753009581232037,3.2616847079587425,0.37691972723864614,0.01,IRMV1,0,PiCK,irrelevant_source_diversity,32.37687051275735
0.44921270753945625,0.5534093575553595,0.21032751474460085,-0.31875028747003686,0.01,IRMV1,1,actual,irrelevant_source_diversity,13.875435384105806
0.44921270753945625,0.48208204197977716,0.12243189251832172,-0.14201862879468416,0.01,IRMV1,1,Pi00,irrelevant_source_diversity,13.875435384105806
0.44921270753945625,0.5441426010646943,0.2133266436586996,-0.25457239891553224,0.01,IRMV1,1,PiC0,irrelevant_source_diversity,13.875435384105806
0.44921270753945625,0.4940076863865716,0.11747413886924572,-0.26957449311481807,0.01,IRMV1,1,Pi0K,irrelevant_source_diversity,13.875435384105806
0.44921270753945625,0.5536469040743554,0.2108291283921429,-0.31826495257382936,0.01,IRMV1,1,PiCK,irrelevant_source_diversity,13.875435384105806
8.421658698443489,9.522072583546125,2.533137852839275,-0.3123940537769261,0.01,IRMV1,2,actual,irrelevant_source_diversity,9.366644266091283
8.421658698443489,9.527716044061474,2.5421614505519647,-0.3127263717743711,0.01,IRMV1,2,Pi00,irrelevant_source_diversity,9.366644266091283
8.421658698443489,9.465516414375031,2.546872626465356,-0.2840497676399118,0.01,IRMV1,2,PiC0,irrelevant_source_diversity,9.366644266091283
8.421658698443489,9.555199622832694,2.539740420719197,-0.325572393254935,0.01,IRMV1,2,Pi0K,irrelevant_source_diversity,9.366644266091283
8.421658698443489,9.523765391734914,2.5403834175655646,-0.3113974318306914,0.01,IRMV1,2,PiCK,irrelevant_source_diversity,9.366644266091283
2.9471061872870163,3.4831396831974404,3.24451993113941,0.37022188398421857,0.1,IRMV1,0,actual,irrelevant_source_diversity,32.37687051275735
2.9471061872870163,3.4771340521627274,3.2607655861802707,0.3760509582694216,0.1,IRMV1,0,Pi00,irrelevant_source_diversity,32.37687051275735
2.9471061872870163,21.60894014961692,23.59292628782103,0.7073500361669672,0.1,IRMV1,0,PiC0,irrelevant_source_diversity,32.37687051275735
2.9471061872870163,3.97878411964247,2.487924096681417,-0.06515949806159754,0.1,IRMV1,0,Pi0K,irrelevant_source_diversity,32.37687051275735
2.9471061872870163,3.4596450528802873,3.262094805467607,0.38265824080169525,0.1,IRMV1,0,PiCK,irrelevant_source_diversity,32.37687051275735
0.44921270753945625,1.316218511640349,1.0907529138334446,-0.3478684295837992,0.1,IRMV1,1,actual,irrelevant_source_diversity,13.875435384105806
0.44921270753945625,0.48208204197977716,0.12243189251832172,-0.14201862879468416,0.1,IRMV1,1,Pi00,irrelevant_source_diversity,13.875435384105806
0.44921270753945625,1.348671623512926,1.1268574693036082,-0.34306225885080444,0.1,IRMV1,1,PiC0,irrelevant_source_diversity,13.875435384105806
0.44921270753945625,0.5035201477088497,0.11521862599286578,-0.3715888877786298,0.1,IRMV1,1,Pi0K,irrelevant_source_diversity,13.875435384105806
0.44921270753945625,1.331870350932249,1.1094205306313722,-0.3423917341852842,0.1,IRMV1,1,PiCK,irrelevant_source_diversity,13.875435384105806
8.421658698443489,9.490046531963698,2.449267636817391,-0.3184612926327064,0.1,IRMV1,2,actual,irrelevant_source_diversity,9.366644266091283
8.421658698443489,9.527716044061474,2.5421614505519647,-0.3127263717743711,0.1,IRMV1,2,Pi00,irrelevant_source_diversity,9.366644266091283
8.421658698443489,8.935110503935634,2.7522509231972103,-0.028840915204454073,0.1,IRMV1,2,PiC0,irrelevant_source_diversity,9.366644266091283
8.421658698443489,9.567690540222321,2.5291999719331963,-0.3337904974799808,0.1,IRMV1,2,Pi0K,irrelevant_source_diversity,9.366644266091283
8.421658698443489,9.506759642421708,2.5241522892530153,-0.30772124376371707,0.1,IRMV1,2,PiCK,irrelevant_source_diversity,9.366644266091283
2.9471061872870163,3.4771171254341007,3.2607355245876,0.37605034942115884,0.001,VREX,0,actual,irrelevant_source_diversity,32.37687051275735
2.9471061872870163,3.4771340521627274,3.2607655861802707,0.3760509582694216,0.001,VREX,0,Pi00,irrelevant_source_diversity,32.37687051275735
2.9471061872870163,3.4771204959735598,3.260747652165718,0.37605184629562144,0.001,VREX,0,PiC0,irrelevant_source_diversity,32.37687051275735
2.9471061872870163,3.4771057274839436,3.2607552187998516,0.3760588848235267,0.001,VREX,0,Pi0K,irrelevant_source_diversity,32.37687051275735
2.9471061872870163,3.477092172505285,3.260737285804615,0.3760597726658509,0.001,VREX,0,PiCK,irrelevant_source_diversity,32.37687051275735
0.44921270753945625,0.48243510250848237,0.1233414102866557,-0.14202719740692932,0.001,VREX,1,actual,irrelevant_source_diversity,13.875435384105806
0.44921270753945625,0.48208204197977716,0.12243189251832172,-0.14201862879468416,0.001,VREX,1,Pi00,irrelevant_source_diversity,13.875435384105806
0.44921270753945625,0.48244024089974946,0.12335719321863872,-0.14201862879418944,0.001,VREX,1,PiC0,irrelevant_source_diversity,13.875435384105806
0.44921270753945625,0.4820781136844669,0.12242045798757445,-0.14202291329593345,0.001,VREX,1,Pi0K,irrelevant_source_diversity,13.875435384105806
0.44921270753945625,0.4824362637583937,0.1233456722694045,-0.14202291329545283,0.001,VREX,1,PiCK,irrelevant_source_diversity,13.875435384105806
8.421658698443489,9.52760179036284,2.5418532730268697,-0.3127500307463129,0.001,VREX,2,actual,irrelevant_source_diversity,9.366644266091283
8.421658698443489,9.527716044061474,2.5421614505519647,-0.3127263717743711,0.001,VREX,2,Pi00,irrelevant_source_diversity,9.366644266091283
8.421658698443489,9.527698931837735,2.542124998086642,-0.31272756898920984,0.001,VREX,2,PiC0,irrelevant_source_diversity,9.366644266091283
8.421658698443489,9.527651881953025,2.5419721708526932,-0.3127435781001025,0.001,VREX,2,Pi0K,irrelevant_source_diversity,9.366644266091283
8.421658698443489,9.527634771613409,2.541935722124817,-0.3127447753147511,0.001,VREX,2,PiCK,irrelevant_source_diversity,9.366644266091283
2.9471061872870163,3.476965327676045,3.260465582243965,0.37604481283587415,0.01,VREX,0,actual,irrelevant_source_diversity,32.37687051275735
2.9471061872870163,3.4771340521627274,3.2607655861802707,0.3760509582694216,0.01,VREX,0,Pi00,irrelevant_source_diversity,32.37687051275735
2.9471061872870163,3.4769985075687324,3.2605862625779003,0.37605983706300666,0.01,VREX,0,PiC0,irrelevant_source_diversity,32.37687051275735
2.9471061872870163,3.4768511155433113,3.2606622054331575,0.37613017623563266,0.01,VREX,0,Pi0K,irrelevant_source_diversity,32.37687051275735
2.9471061872870163,3.476715691813,3.2604829835794753,0.3761390366619742,0.01,VREX,0,PiCK,irrelevant_source_diversity,32.37687051275735
0.44921270753945625,0.48567224512913726,0.13151178757914017,-0.14210428134104056,0.01,VREX,1,actual,irrelevant_source_diversity,13.875435384105806
0.44921270753945625,0.48208204197977716,0.12243189251832172,-0.14201862879468416,0.01,VREX,1,Pi00,irrelevant_source_diversity,13.875435384105806
0.44921270753945625,0.48573146894584923,0.13168489952148058,-0.14201862879003066,0.01,VREX,1,PiC0,irrelevant_source_diversity,13.875435384105806
0.44921270753945625,0.48204280372267977,0.12231764574758261,-0.14206147373106975,0.01,VREX,1,Pi0K,irrelevant_source_diversity,13.875435384105806
0.44921270753945625,0.48568724221774606,0.13156201834880205,-0.14206147372639183,0.01,VREX,1,PiCK,irrelevant_source_diversity,13.875435384105806
8.421658698443489,9.526575691218005,2.5390848401953834,-0.3129627707057513,0.01,VREX,2,actual,irrelevant_source_diversity,9.366644266091283
8.421658698443489,9.527716044061474,2.5421614505519647,-0.3127263717743711,0.01,VREX,2,Pi00,irrelevant_source_diversity,9.366644266091283
8.421658698443489,9.527544927848917,2.5417969301413956,-0.3127383449460077,0.01,VREX,2,PiC0,irrelevant_source_diversity,9.366644266091283
8.421658698443489,9.527075219415002,2.5402704711457322,-0.3128983986905584,0.01,VREX,2,Pi0K,irrelevant_source_diversity,9.366644266091283
8.421658698443489,9.526904291380431,2.539906324156725,-0.31291037183310977,0.01,VREX,2,PiCK,irrelevant_source_diversity,9.366644266091283
2.9471061872870163,3.4754997724668875,3.2578253103184465,0.3759839499640811,0.1,VREX,0,actual,irrelevant_source_diversity,32.37687051275735
2.9471061872870163,3.4771340521627274,3.2607655861802707,0.3760509582694216,0.1,VREX,0,Pi00,irrelevant_source_diversity,32.37687051275735
2.9471061872870163,3.475780336664087,3.258974005378736,0.376139599134791,0.1,VREX,0,PiC0,irrelevant_source_diversity,32.37687051275735
2.9471061872870163,3.474335365791484,3.25976076489923,0.3768384282655497,0.1,VREX,0,Pi0K,irrelevant_source_diversity,32.37687051275735
2.9471061872870163,3.472993550475749,3.257979176887806,0.3769252526173882,0.1,VREX,0,PiCK,irrelevant_source_diversity,32.37687051275735
0.44921270753945625,0.5232589266063937,0.21173119933816603,-0.14287181538959645,0.1,VREX,1,actual,irrelevant_source_diversity,13.875435384105806
0.44921270753945625,0.48208204197977716,0.12243189251832172,-0.14201862879468416,0.1,VREX,1,Pi00,irrelevant_source_diversity,13.875435384105806
0.44921270753945625,0.5248127046122301,0.21496196254987973,-0.14201862876605006,0.1,VREX,1,PiC0,irrelevant_source_diversity,13.875435384105806
0.44921270753945625,0.4816940780701095,0.12129918641031741,-0.14244707076476285,0.1,VREX,1,Pi0K,irrelevant_source_diversity,13.875435384105806
0.44921270753945625,0.5238373181454525,0.2129731937498504,-0.1424470707358041,0.1,VREX,1,PiCK,irrelevant_source_diversity,13.875435384105806
8.421658698443489,9.51652636881039,2.511902350681881,-0.3150714598590762,0.1,VREX,2,actual,irrelevant_source_diversity,9.366644266091283
8.421658698443489,9.527716044061474,2.5421614505519647,-0.3127263717743711,0.1,VREX,2,Pi00,irrelevant_source_diversity,9.366644266091283
8.421658698443489,9.526005484526975,2.5385166713160805,-0.3128462058666772,0.1,VREX,2,PiC0,irrelevant_source_diversity,9.366644266091283
8.421658698443489,9.521386537692129,2.523431699501363,-0.3144430057748446,0.1,VREX,2,Pi0K,irrelevant_source_diversity,9.366644266091283
8.421658698443489,9.51969456448194,2.519823942309723,-0.3145628269798422,0.1,VREX,2,PiCK,irrelevant_source_diversity,9.366644266091283
5.775897356709083,6.3727594103964975,2.0349968156529896,-0.1322901985101236,0.0,L2,0,actual,declared_source_target_coupled_correlation,18.6844173406259
5.775897356709083,6.372759410383102,2.034996815499917,-0.1322901985393135,0.0,L2,0,Pi00,declared_source_target_coupled_correlation,18.6844173406259
5.775897356709083,6.372759410383102,2.034996815499917,-0.1322901985393135,0.0,L2,0,PiC0,declared_source_target_coupled_correlation,18.6844173406259
5.775897356709083,6.372759410383102,2.034996815499917,-0.1322901985393135,0.0,L2,0,Pi0K,declared_source_target_coupled_correlation,18.6844173406259
5.775897356709083,6.372759410383102,2.034996815499917,-0.1322901985393135,0.0,L2,0,PiCK,declared_source_target_coupled_correlation,18.6844173406259
5.775897356709083,6.37275941040993,2.0349968156597695,-0.13229019851579166,0.0,L2,1,actual,declared_source_target_coupled_correlation,18.684417340588382
5.775897356709083,6.372759410396326,2.034996815560122,-0.13229019853214596,0.0,L2,1,Pi00,declared_source_target_coupled_correlation,18.684417340588382
5.775897356709083,6.372759410396326,2.034996815560122,-0.13229019853214596,0.0,L2,1,PiC0,declared_source_target_coupled_correlation,18.684417340588382
5.775897356709083,6.372759410396326,2.034996815560122,-0.13229019853214596,0.0,L2,1,Pi0K,declared_source_target_coupled_correlation,18.684417340588382
5.775897356709083,6.372759410396326,2.034996815560122,-0.13229019853214596,0.0,L2,1,PiCK,declared_source_target_coupled_correlation,18.684417340588382
5.775897356709083,6.389837784049173,2.047160207879487,-0.13862143967173507,0.001,L2,0,actual,declared_source_target_coupled_correlation,18.6844173406259
5.775897356709083,6.372759410383102,2.034996815499917,-0.1322901985393135,0.001,L2,0,Pi00,declared_source_target_coupled_correlation,18.6844173406259
5.775897356709083,6.372759410383101,2.0349968154999147,-0.13229019853931315,0.001,L2,0,PiC0,declared_source_target_coupled_correlation,18.6844173406259
5.775897356709083,6.358903981476068,1.9690132829742486,-0.14058327885566058,0.001,L2,0,Pi0K,declared_source_target_coupled_correlation,18.6844173406259
5.775897356709083,6.3589039814760655,1.9690132829742457,-0.1405832788556601,0.001,L2,0,PiCK,declared_source_target_coupled_correlation,18.6844173406259
5.775897356709083,6.389837784062747,2.047160207886166,-0.13862143967746163,0.001,L2,1,actual,declared_source_target_coupled_correlation,18.684417340588382
5.775897356709083,6.372759410396326,2.034996815560122,-0.13229019853214596,0.001,L2,1,Pi00,declared_source_target_coupled_correlation,18.684417340588382
5.775897356709083,6.372759410396325,2.0349968155601204,-0.1322901985321458,0.001,L2,1,PiC0,declared_source_target_coupled_correlation,18.684417340588382
5.775897356709083,6.358903981488729,1.9690132830337084,-0.1405832788482005,0.001,L2,1,Pi0K,declared_source_target_coupled_correlation,18.684417340588382
5.775897356709083,6.358903981488727,1.969013283033706,-0.1405832788482,0.001,L2,1,PiCK,declared_source_target_coupled_correlation,18.684417340588382
5.775897356709083,6.483058272405794,2.1347462458855975,-0.1667432147627663,0.01,L2,0,actual,declared_source_target_coupled_correlation,18.6844173406259
5.775897356709083,6.372759410383102,2.034996815499917,-0.1322901985393135,0.01,L2,0,Pi00,declared_source_target_coupled_correlation,18.6844173406259
5.775897356709083,6.37275941038308,2.0349968154998854,-0.13229019853930885,0.01,L2,0,PiC0,declared_source_target_coupled_correlation,18.6844173406259
5.775897356709083,6.316636063680313,1.7386054710780605,-0.1750721738720219,0.01,L2,0,Pi0K,declared_source_target_coupled_correlation,18.6844173406259
5.775897356709083,6.316636063680293,1.738605471078033,-0.17507217387201696,0.01,L2,0,PiCK,declared_source_target_coupled_correlation,18.6844173406259
5.775897356709083,6.483058272420292,2.1347462458925857,-0.16674321476863377,0.01,L2,1,actual,declared_source_target_coupled_correlation,18.684417340588382
5.775897356709083,6.372759410396326,2.034996815560122,-0.13229019853214596,0.01,L2,1,Pi00,declared_source_target_coupled_correlation,18.684417340588382
5.775897356709083,6.372759410396309,2.0349968155600986,-0.13229019853214258,0.01,L2,1,PiC0,declared_source_target_coupled_correlation,18.684417340588382
5.775897356709083,6.316636063691895,1.7386054711373313,-0.17507217386307683,0.01,L2,1,Pi0K,declared_source_target_coupled_correlation,18.684417340588382
5.775897356709083,6.316636063691879,1.738605471137311,-0.1750721738630729,0.01,L2,1,PiCK,declared_source_target_coupled_correlation,18.684417340588382
5.775897356709083,6.517032258548997,2.1721212053071204,-0.175060834708638,0.1,L2,0,actual,declared_source_target_coupled_correlation,18.6844173406259
5.775897356709083,6.372759410383102,2.034996815499917,-0.1322901985393135,0.1,L2,0,Pi00,declared_source_target_coupled_correlation,18.6844173406259
5.775897356709083,6.372759410382875,2.0349968154996,-0.1322901985392661,0.1,L2,0,PiC0,declared_source_target_coupled_correlation,18.6844173406259
5.775897356709083,6.140338639915892,1.3026619089362266,-0.17582573786122488,0.1,L2,0,Pi0K,declared_source_target_coupled_correlation,18.6844173406259
5.775897356709083,6.140338639915756,1.302661908936062,-0.17582573786116554,0.1,L2,0,PiCK,declared_source_target_coupled_correlation,18.6844173406259
5.775897356709083,6.517032258565207,2.1721212053155656,-0.17506083471491568,0.1,L2,1,actual,declared_source_target_coupled_correlation,18.684417340588382
5.775897356709083,6.372759410396326,2.034996815560122,-0.13229019853214596,0.1,L2,1,Pi00,declared_source_target_coupled_correlation,18.684417340588382
5.775897356709083,6.372759410396162,2.034996815559892,-0.13229019853211174,0.1,L2,1,PiC0,declared_source_target_coupled_correlation,18.684417340588382
5.775897356709083,6.140338639923075,1.302661908993396,-0.1758257378494734,0.1,L2,1,Pi0K,declared_source_target_coupled_correlation,18.684417340588382
5.775897356709083,6.140338639922976,1.302661908993273,-0.17582573784942912,0.1,L2,1,PiCK,declared_source_target_coupled_correlation,18.684417340588382
5.775897356709083,6.366877117420792,2.0302727606029225,-0.13022164187532895,0.001,IRMV1,0,actual,declared_source_target_coupled_correlation,18.6844173406259
5.775897356709083,6.372759410383102,2.034996815499917,-0.1322901985393135,0.001,IRMV1,0,Pi00,declared_source_target_coupled_correlation,18.6844173406259
5.775897356709083,6.332361236078063,2.045515842383249,-0.1080719674147103,0.001,IRMV1,0,PiC0,declared_source_target_coupled_correlation,18.6844173406259
5.775897356709083,6.404248081222711,2.022919943445479,-0.15239403777405094,0.001,IRMV1,0,Pi0K,declared_source_target_coupled_correlation,18.6844173406259
5.775897356709083,6.366935637852412,2.030825964513477,-0.13012216872996474,0.001,IRMV1,0,PiCK,declared_source_target_coupled_correlation,18.6844173406259
5.775897356709083,6.378095656996926,2.0391356251877393,-0.1341944004723048,0.001,IRMV1,1,actual,declared_source_target_coupled_correlation,18.684417340588382
5.775897356709083,6.372759410396326,2.034996815560122,-0.13229019853214596,0.001,IRMV1,1,Pi00,declared_source_target_coupled_correlation,18.684417340588382
5.775897356709083,6.343939783225438,2.054040228007073,-0.11233636094544579,0.001,IRMV1,1,PiC0,declared_source_target_coupled_correlation,18.684417340588382
5.775897356709083,6.404248081237566,2.022919943504546,-0.15239403776751662,0.001,IRMV1,1,Pi0K,declared_source_target_coupled_correlation,18.684417340588382
5.775897356709083,6.378160730070358,2.0396912703913976,-0.1340968859976145,0.001,IRMV1,1,PiCK,declared_source_target_coupled_correlation,18.684417340588382
5.775897356709083,6.323399703415378,1.985406069178449,-0.1169634133175045,0.01,IRMV1,0,actual,declared_source_target_coupled_correlation,18.6844173406259
5.775897356709083,6.372759410383102,2.034996815499917,-0.1322901985393135,0.01,IRMV1,0,Pi00,declared_source_target_coupled_correlation,18.6844173406259
5.775897356709083,5.9807014729523456,2.2044969160618644,0.09628590475881893,0.01,IRMV1,0,PiC0,declared_source_target_coupled_correlation,18.6844173406259
5.775897356709083,6.548858131846591,1.982147829126607,-0.24446667050303125,0.01,IRMV1,0,Pi0K,declared_source_target_coupled_correlation,18.6844173406259
5.775897356709083,6.323619849798693,1.9907704955049048,-0.11584179664348335,0.01,IRMV1,0,PiCK,declared_source_target_coupled_correlation,18.6844173406259
5.775897356709083,6.419889755557996,2.0795501393798186,-0.14692309634050343,0.01,IRMV1,1,actual,declared_source_target_coupled_correlation,18.684417340588382
5.775897356709083,6.372759410396326,2.034996815560122,-0.13229019853214596,0.01,IRMV1,1,Pi00,declared_source_target_coupled_correlation,18.684417340588382
5.775897356709083,6.0977195078556825,2.270447140628577,0.050852163928347585,0.01,IRMV1,1,PiC0,declared_source_target_coupled_correlation,18.684417340588382
5.775897356709083,6.548858131869133,1.9821478291817387,-0.24446667049958126,0.01,IRMV1,1,Pi0K,declared_source_target_coupled_correlation,18.684417340588382
5.775897356709083,6.420516506240262,2.0851783963366195,-0.14588750546356985,0.01,IRMV1,1,PiCK,declared_source_target_coupled_correlation,18.684417340588382
5.775897356709083,6.01185205148086,1.6187020613705903,-0.008619669083547502,0.1,IRMV1,0,actual,declared_source_target_coupled_correlation,18.6844173406259
5.775897356709083,6.372759410383102,2.034996815499917,-0.1322901985393135,0.1,IRMV1,0,Pi00,declared_source_target_coupled_correlation,18.6844173406259
5.775897356709083,4.595190703247383,6.345360290362868,0.7163519150611737,0.1,IRMV1,0,PiC0,declared_source_target_coupled_correlation,18.6844173406259
5.775897356709083,6.694953533078844,1.967184587282058,-0.33407085538872333,0.1,IRMV1,0,Pi0K,declared_source_target_coupled_correlation,18.6844173406259
5.775897356709083,6.0080226920040865,1.659929178742746,0.0010439800702563909,0.1,IRMV1,0,PiCK,declared_source_target_coupled_correlation,18.6844173406259
5.775897356709083,6.78536844549058,2.526595921410974,-0.2157333292309739,0.1,IRMV1,1,actual,declared_source_target_coupled_correlation,18.684417340588382
5.775897356709083,6.372759410396326,2.034996815560122,-0.13229019853214596,0.1,IRMV1,1,Pi00,declared_source_target_coupled_correlation,18.684417340588382
5.775897356709083,5.460390866323703,6.146624504813555,0.5820206999373283,0.1,IRMV1,1,PiC0,declared_source_target_coupled_correlation,18.684417340588382
5.775897356709083,6.694953533109321,1.96718458733495,-0.3340708553885418,0.1,IRMV1,1,Pi0K,declared_source_target_coupled_correlation,18.684417340588382
5.775897356709083,6.8043032213312005,2.6031386956166513,-0.2048896475667819,0.1,IRMV1,1,PiCK,declared_source_target_coupled_correlation,18.684417340588382
5.775897356709083,6.372323472945615,2.0339749514036454,-0.13229715626198293,0.001,VREX,0,actual,declared_source_target_coupled_correlation,18.6844173406259
5.775897356709083,6.372759410383102,2.034996815499917,-0.1322901985393135,0.001,VREX,0,Pi00,declared_source_target_coupled_correlation,18.6844173406259
5.775897356709083,6.37244543792308,2.034281913090616,-0.13229019853931176,0.001,VREX,0,PiC0,declared_source_target_coupled_correlation,18.6844173406259
5.775897356709083,6.3726613638296845,2.0347589743586023,-0.1322936776561,0.001,VREX,0,Pi0K,declared_source_target_coupled_correlation,18.6844173406259
5.775897356709083,6.372347447656948,2.0340441555038318,-0.13229367765609665,0.001,VREX,0,PiCK,declared_source_target_coupled_correlation,18.6844173406259
5.775897356709083,6.372951287971996,2.0354044220490497,-0.13229715626765157,0.001,VREX,1,actual,declared_source_target_coupled_correlation,18.684417340588382
5.775897356709083,6.372759410396326,2.034996815560122,-0.13229019853214596,0.001,VREX,1,Pi00,declared_source_target_coupled_correlation,18.684417340588382
5.775897356709083,6.373073447582654,2.0357117179689577,-0.13229019853215176,0.001,VREX,1,PiC0,declared_source_target_coupled_correlation,18.684417340588382
5.775897356709083,6.372661363842903,2.0347589744188004,-0.13229367764893152,0.001,VREX,1,Pi0K,declared_source_target_coupled_correlation,18.684417340588382
5.775897356709083,6.372975344729737,2.035473793273102,-0.1322936776489359,0.001,VREX,1,PiCK,declared_source_target_coupled_correlation,18.684417340588382
5.775897356709083,6.368414452086158,2.024798823886668,-0.13235973036525264,0.01,VREX,0,actual,declared_source_target_coupled_correlation,18.6844173406259
5.775897356709083,6.372759410383102,2.034996815499917,-0.1322901985393135,0.01,VREX,0,Pi00,declared_source_target_coupled_correlation,18.6844173406259
5.775897356709083,6.369622600054087,2.027847791406864,-0.13229019853928448,0.01,VREX,0,PiC0,declared_source_target_coupled_correlation,18.6844173406259
5.775897356709083,6.371780323551353,2.032620948257488,-0.13232498852479435,0.01,VREX,0,Pi0K,declared_source_target_coupled_correlation,18.6844173406259
5.775897356709083,6.368649128582882,2.025480270679787,-0.1323249885247656,0.01,VREX,0,PiCK,declared_source_target_coupled_correlation,18.6844173406259
5.775897356709083,6.374675131339869,2.0390635240383834,-0.1323597303709398,0.01,VREX,1,actual,declared_source_target_coupled_correlation,18.684417340588382
5.775897356709083,6.372759410396326,2.034996815560122,-0.13229019853214596,0.01,VREX,1,Pi00,declared_source_target_coupled_correlation,18.684417340588382
5.775897356709083,6.375902693373422,2.0421458396484424,-0.13229019853218535,0.01,VREX,1,PiC0,declared_source_target_coupled_correlation,18.684417340588382
5.775897356709083,6.371780323564526,2.032620948317618,-0.13232498851761895,0.01,VREX,1,Pi0K,declared_source_target_coupled_correlation,18.684417340588382
5.775897356709083,6.3749179789929284,2.0397616258905904,-0.13232498851765823,0.01,VREX,1,PiCK,declared_source_target_coupled_correlation,18.684417340588382
5.775897356709083,6.330710637468132,1.9350359411098463,-0.13298100753186448,0.1,VREX,0,actual,declared_source_target_coupled_correlation,18.6844173406259
5.775897356709083,6.372759410383102,2.034996815499917,-0.1322901985393135,0.1,VREX,0,Pi00,declared_source_target_coupled_correlation,18.6844173406259
5.775897356709083,6.341684154596018,1.963506574569398,-0.13229019853902568,0.1,VREX,0,PiC0,declared_source_target_coupled_correlation,18.6844173406259
5.775897356709083,6.363104479188679,2.0114896066695347,-0.13263798065683535,0.1,VREX,0,Pi0K,declared_source_target_coupled_correlation,18.6844173406259
5.775897356709083,6.332577521248082,1.9408251832587704,-0.1326379806565449,0.1,VREX,0,PiCK,declared_source_target_coupled_correlation,18.6844173406259
5.775897356709083,6.391615202514808,2.074749965597079,-0.13298100753772304,0.1,VREX,1,actual,declared_source_target_coupled_correlation,18.684417340588382
5.775897356709083,6.372759410396326,2.034996815560122,-0.13229019853214596,0.1,VREX,1,Pi00,declared_source_target_coupled_correlation,18.684417340588382
5.775897356709083,6.4044819304606735,2.106487056443301,-0.13229019853252402,0.1,VREX,1,PiC0,declared_source_target_coupled_correlation,18.684417340588382
5.775897356709083,6.363104479201383,2.011489606728975,-0.13263798064958285,0.1,VREX,1,Pi0K,declared_source_target_coupled_correlation,18.684417340588382
5.775897356709083,6.394266657318711,2.0821540300929384,-0.13263798064996649,0.1,VREX,1,PiCK,declared_source_target_coupled_correlation,18.684417340588382
5.775897356709083,6.3727594103964975,2.0349968156529896,-0.1322901985101236,0.0,L2,0,actual,mechanism_defined_hidden,18.6844173406259
5.775897356709083,6.372759410383102,2.034996815499917,-0.1322901985393135,0.0,L2,0,Pi00,mechanism_defined_hidden,18.6844173406259
5.775897356709083,6.372759410383102,2.034996815499917,-0.1322901985393135,0.0,L2,0,PiC0,mechanism_defined_hidden,18.6844173406259
5.775897356709083,6.372759410383102,2.034996815499917,-0.1322901985393135,0.0,L2,0,Pi0K,mechanism_defined_hidden,18.6844173406259
5.775897356709083,6.372759410383102,2.034996815499917,-0.1322901985393135,0.0,L2,0,PiCK,mechanism_defined_hidden,18.6844173406259
5.775897356709083,6.37275941040993,2.0349968156597695,-0.13229019851579166,0.0,L2,1,actual,mechanism_defined_hidden,18.684417340588382
5.775897356709083,6.372759410396326,2.034996815560122,-0.13229019853214596,0.0,L2,1,Pi00,mechanism_defined_hidden,18.684417340588382
5.775897356709083,6.372759410396326,2.034996815560122,-0.13229019853214596,0.0,L2,1,PiC0,mechanism_defined_hidden,18.684417340588382
5.775897356709083,6.372759410396326,2.034996815560122,-0.13229019853214596,0.0,L2,1,Pi0K,mechanism_defined_hidden,18.684417340588382
5.775897356709083,6.372759410396326,2.034996815560122,-0.13229019853214596,0.0,L2,1,PiCK,mechanism_defined_hidden,18.684417340588382
5.775897356709083,6.389837784049173,2.047160207879487,-0.13862143967173507,0.001,L2,0,actual,mechanism_defined_hidden,18.6844173406259
5.775897356709083,6.372759410383102,2.034996815499917,-0.1322901985393135,0.001,L2,0,Pi00,mechanism_defined_hidden,18.6844173406259
5.775897356709083,6.372759410383101,2.0349968154999147,-0.13229019853931315,0.001,L2,0,PiC0,mechanism_defined_hidden,18.6844173406259
5.775897356709083,6.358903981476068,1.9690132829742486,-0.14058327885566058,0.001,L2,0,Pi0K,mechanism_defined_hidden,18.6844173406259
5.775897356709083,6.3589039814760655,1.9690132829742457,-0.1405832788556601,0.001,L2,0,PiCK,mechanism_defined_hidden,18.6844173406259
5.775897356709083,6.389837784062747,2.047160207886166,-0.13862143967746163,0.001,L2,1,actual,mechanism_defined_hidden,18.684417340588382
5.775897356709083,6.372759410396326,2.034996815560122,-0.13229019853214596,0.001,L2,1,Pi00,mechanism_defined_hidden,18.684417340588382
5.775897356709083,6.372759410396325,2.0349968155601204,-0.1322901985321458,0.001,L2,1,PiC0,mechanism_defined_hidden,18.684417340588382
5.775897356709083,6.358903981488729,1.9690132830337084,-0.1405832788482005,0.001,L2,1,Pi0K,mechanism_defined_hidden,18.684417340588382
5.775897356709083,6.358903981488727,1.969013283033706,-0.1405832788482,0.001,L2,1,PiCK,mechanism_defined_hidden,18.684417340588382
5.775897356709083,6.483058272405794,2.1347462458855975,-0.1667432147627663,0.01,L2,0,actual,mechanism_defined_hidden,18.6844173406259
5.775897356709083,6.372759410383102,2.034996815499917,-0.1322901985393135,0.01,L2,0,Pi00,mechanism_defined_hidden,18.6844173406259
5.775897356709083,6.37275941038308,2.0349968154998854,-0.13229019853930885,0.01,L2,0,PiC0,mechanism_defined_hidden,18.6844173406259
5.775897356709083,6.316636063680313,1.7386054710780605,-0.1750721738720219,0.01,L2,0,Pi0K,mechanism_defined_hidden,18.6844173406259
5.775897356709083,6.316636063680293,1.738605471078033,-0.17507217387201696,0.01,L2,0,PiCK,mechanism_defined_hidden,18.6844173406259
5.775897356709083,6.483058272420292,2.1347462458925857,-0.16674321476863377,0.01,L2,1,actual,mechanism_defined_hidden,18.684417340588382
5.775897356709083,6.372759410396326,2.034996815560122,-0.13229019853214596,0.01,L2,1,Pi00,mechanism_defined_hidden,18.684417340588382
5.775897356709083,6.372759410396309,2.0349968155600986,-0.13229019853214258,0.01,L2,1,PiC0,mechanism_defined_hidden,18.684417340588382
5.775897356709083,6.316636063691895,1.7386054711373313,-0.17507217386307683,0.01,L2,1,Pi0K,mechanism_defined_hidden,18.684417340588382
5.775897356709083,6.316636063691879,1.738605471137311,-0.1750721738630729,0.01,L2,1,PiCK,mechanism_defined_hidden,18.684417340588382
5.775897356709083,6.517032258548997,2.1721212053071204,-0.175060834708638,0.1,L2,0,actual,mechanism_defined_hidden,18.6844173406259
5.775897356709083,6.372759410383102,2.034996815499917,-0.1322901985393135,0.1,L2,0,Pi00,mechanism_defined_hidden,18.6844173406259
5.775897356709083,6.372759410382875,2.0349968154996,-0.1322901985392661,0.1,L2,0,PiC0,mechanism_defined_hidden,18.6844173406259
5.775897356709083,6.140338639915892,1.3026619089362266,-0.17582573786122488,0.1,L2,0,Pi0K,mechanism_defined_hidden,18.6844173406259
5.775897356709083,6.140338639915756,1.302661908936062,-0.17582573786116554,0.1,L2,0,PiCK,mechanism_defined_hidden,18.6844173406259
5.775897356709083,6.517032258565207,2.1721212053155656,-0.17506083471491568,0.1,L2,1,actual,mechanism_defined_hidden,18.684417340588382
5.775897356709083,6.372759410396326,2.034996815560122,-0.13229019853214596,0.1,L2,1,Pi00,mechanism_defined_hidden,18.684417340588382
5.775897356709083,6.372759410396162,2.034996815559892,-0.13229019853211174,0.1,L2,1,PiC0,mechanism_defined_hidden,18.684417340588382
5.775897356709083,6.140338639923075,1.302661908993396,-0.1758257378494734,0.1,L2,1,Pi0K,mechanism_defined_hidden,18.684417340588382
5.775897356709083,6.140338639922976,1.302661908993273,-0.17582573784942912,0.1,L2,1,PiCK,mechanism_defined_hidden,18.684417340588382
5.775897356709083,6.366877117420792,2.0302727606029225,-0.13022164187532895,0.001,IRMV1,0,actual,mechanism_defined_hidden,18.6844173406259
5.775897356709083,6.372759410383102,2.034996815499917,-0.1322901985393135,0.001,IRMV1,0,Pi00,mechanism_defined_hidden,18.6844173406259
5.775897356709083,6.332361236078063,2.045515842383249,-0.1080719674147103,0.001,IRMV1,0,PiC0,mechanism_defined_hidden,18.6844173406259
5.775897356709083,6.404248081222711,2.022919943445479,-0.15239403777405094,0.001,IRMV1,0,Pi0K,mechanism_defined_hidden,18.6844173406259
5.775897356709083,6.366935637852412,2.030825964513477,-0.13012216872996474,0.001,IRMV1,0,PiCK,mechanism_defined_hidden,18.6844173406259
5.775897356709083,6.378095656996926,2.0391356251877393,-0.1341944004723048,0.001,IRMV1,1,actual,mechanism_defined_hidden,18.684417340588382
5.775897356709083,6.372759410396326,2.034996815560122,-0.13229019853214596,0.001,IRMV1,1,Pi00,mechanism_defined_hidden,18.684417340588382
5.775897356709083,6.343939783225438,2.054040228007073,-0.11233636094544579,0.001,IRMV1,1,PiC0,mechanism_defined_hidden,18.684417340588382
5.775897356709083,6.404248081237566,2.022919943504546,-0.15239403776751662,0.001,IRMV1,1,Pi0K,mechanism_defined_hidden,18.684417340588382
5.775897356709083,6.378160730070358,2.0396912703913976,-0.1340968859976145,0.001,IRMV1,1,PiCK,mechanism_defined_hidden,18.684417340588382
5.775897356709083,6.323399703415378,1.985406069178449,-0.1169634133175045,0.01,IRMV1,0,actual,mechanism_defined_hidden,18.6844173406259
5.775897356709083,6.372759410383102,2.034996815499917,-0.1322901985393135,0.01,IRMV1,0,Pi00,mechanism_defined_hidden,18.6844173406259
5.775897356709083,5.9807014729523456,2.2044969160618644,0.09628590475881893,0.01,IRMV1,0,PiC0,mechanism_defined_hidden,18.6844173406259
5.775897356709083,6.548858131846591,1.982147829126607,-0.24446667050303125,0.01,IRMV1,0,Pi0K,mechanism_defined_hidden,18.6844173406259
5.775897356709083,6.323619849798693,1.9907704955049048,-0.11584179664348335,0.01,IRMV1,0,PiCK,mechanism_defined_hidden,18.6844173406259
5.775897356709083,6.419889755557996,2.0795501393798186,-0.14692309634050343,0.01,IRMV1,1,actual,mechanism_defined_hidden,18.684417340588382
5.775897356709083,6.372759410396326,2.034996815560122,-0.13229019853214596,0.01,IRMV1,1,Pi00,mechanism_defined_hidden,18.684417340588382
5.775897356709083,6.0977195078556825,2.270447140628577,0.050852163928347585,0.01,IRMV1,1,PiC0,mechanism_defined_hidden,18.684417340588382
5.775897356709083,6.548858131869133,1.9821478291817387,-0.24446667049958126,0.01,IRMV1,1,Pi0K,mechanism_defined_hidden,18.684417340588382
5.775897356709083,6.420516506240262,2.0851783963366195,-0.14588750546356985,0.01,IRMV1,1,PiCK,mechanism_defined_hidden,18.684417340588382
5.775897356709083,6.01185205148086,1.6187020613705903,-0.008619669083547502,0.1,IRMV1,0,actual,mechanism_defined_hidden,18.6844173406259
5.775897356709083,6.372759410383102,2.034996815499917,-0.1322901985393135,0.1,IRMV1,0,Pi00,mechanism_defined_hidden,18.6844173406259
5.775897356709083,4.595190703247383,6.345360290362868,0.7163519150611737,0.1,IRMV1,0,PiC0,mechanism_defined_hidden,18.6844173406259
5.775897356709083,6.694953533078844,1.967184587282058,-0.33407085538872333,0.1,IRMV1,0,Pi0K,mechanism_defined_hidden,18.6844173406259
5.775897356709083,6.0080226920040865,1.659929178742746,0.0010439800702563909,0.1,IRMV1,0,PiCK,mechanism_defined_hidden,18.6844173406259
5.775897356709083,6.78536844549058,2.526595921410974,-0.2157333292309739,0.1,IRMV1,1,actual,mechanism_defined_hidden,18.684417340588382
5.775897356709083,6.372759410396326,2.034996815560122,-0.13229019853214596,0.1,IRMV1,1,Pi00,mechanism_defined_hidden,18.684417340588382
5.775897356709083,5.460390866323703,6.146624504813555,0.5820206999373283,0.1,IRMV1,1,PiC0,mechanism_defined_hidden,18.684417340588382
5.775897356709083,6.694953533109321,1.96718458733495,-0.3340708553885418,0.1,IRMV1,1,Pi0K,mechanism_defined_hidden,18.684417340588382
5.775897356709083,6.8043032213312005,2.6031386956166513,-0.2048896475667819,0.1,IRMV1,1,PiCK,mechanism_defined_hidden,18.684417340588382
5.775897356709083,6.372323472945615,2.0339749514036454,-0.13229715626198293,0.001,VREX,0,actual,mechanism_defined_hidden,18.6844173406259
5.775897356709083,6.372759410383102,2.034996815499917,-0.1322901985393135,0.001,VREX,0,Pi00,mechanism_defined_hidden,18.6844173406259
5.775897356709083,6.37244543792308,2.034281913090616,-0.13229019853931176,0.001,VREX,0,PiC0,mechanism_defined_hidden,18.6844173406259
5.775897356709083,6.3726613638296845,2.0347589743586023,-0.1322936776561,0.001,VREX,0,Pi0K,mechanism_defined_hidden,18.6844173406259
5.775897356709083,6.372347447656948,2.0340441555038318,-0.13229367765609665,0.001,VREX,0,PiCK,mechanism_defined_hidden,18.6844173406259
5.775897356709083,6.372951287971996,2.0354044220490497,-0.13229715626765157,0.001,VREX,1,actual,mechanism_defined_hidden,18.684417340588382
5.775897356709083,6.372759410396326,2.034996815560122,-0.13229019853214596,0.001,VREX,1,Pi00,mechanism_defined_hidden,18.684417340588382
5.775897356709083,6.373073447582654,2.0357117179689577,-0.13229019853215176,0.001,VREX,1,PiC0,mechanism_defined_hidden,18.684417340588382
5.775897356709083,6.372661363842903,2.0347589744188004,-0.13229367764893152,0.001,VREX,1,Pi0K,mechanism_defined_hidden,18.684417340588382
5.775897356709083,6.372975344729737,2.035473793273102,-0.1322936776489359,0.001,VREX,1,PiCK,mechanism_defined_hidden,18.684417340588382
5.775897356709083,6.368414452086158,2.024798823886668,-0.13235973036525264,0.01,VREX,0,actual,mechanism_defined_hidden,18.6844173406259
5.775897356709083,6.372759410383102,2.034996815499917,-0.1322901985393135,0.01,VREX,0,Pi00,mechanism_defined_hidden,18.6844173406259
5.775897356709083,6.369622600054087,2.027847791406864,-0.13229019853928448,0.01,VREX,0,PiC0,mechanism_defined_hidden,18.6844173406259
5.775897356709083,6.371780323551353,2.032620948257488,-0.13232498852479435,0.01,VREX,0,Pi0K,mechanism_defined_hidden,18.6844173406259
5.775897356709083,6.368649128582882,2.025480270679787,-0.1323249885247656,0.01,VREX,0,PiCK,mechanism_defined_hidden,18.6844173406259
5.775897356709083,6.374675131339869,2.0390635240383834,-0.1323597303709398,0.01,VREX,1,actual,mechanism_defined_hidden,18.684417340588382
5.775897356709083,6.372759410396326,2.034996815560122,-0.13229019853214596,0.01,VREX,1,Pi00,mechanism_defined_hidden,18.684417340588382
5.775897356709083,6.375902693373422,2.0421458396484424,-0.13229019853218535,0.01,VREX,1,PiC0,mechanism_defined_hidden,18.684417340588382
5.775897356709083,6.371780323564526,2.032620948317618,-0.13232498851761895,0.01,VREX,1,Pi0K,mechanism_defined_hidden,18.684417340588382
5.775897356709083,6.3749179789929284,2.0397616258905904,-0.13232498851765823,0.01,VREX,1,PiCK,mechanism_defined_hidden,18.684417340588382
5.775897356709083,6.330710637468132,1.9350359411098463,-0.13298100753186448,0.1,VREX,0,actual,mechanism_defined_hidden,18.6844173406259
5.775897356709083,6.372759410383102,2.034996815499917,-0.1322901985393135,0.1,VREX,0,Pi00,mechanism_defined_hidden,18.6844173406259
5.775897356709083,6.341684154596018,1.963506574569398,-0.13229019853902568,0.1,VREX,0,PiC0,mechanism_defined_hidden,18.6844173406259
5.775897356709083,6.363104479188679,2.0114896066695347,-0.13263798065683535,0.1,VREX,0,Pi0K,mechanism_defined_hidden,18.6844173406259
5.775897356709083,6.332577521248082,1.9408251832587704,-0.1326379806565449,0.1,VREX,0,PiCK,mechanism_defined_hidden,18.6844173406259
5.775897356709083,6.391615202514808,2.074749965597079,-0.13298100753772304,0.1,VREX,1,actual,mechanism_defined_hidden,18.684417340588382
5.775897356709083,6.372759410396326,2.034996815560122,-0.13229019853214596,0.1,VREX,1,Pi00,mechanism_defined_hidden,18.684417340588382
5.775897356709083,6.4044819304606735,2.106487056443301,-0.13229019853252402,0.1,VREX,1,PiC0,mechanism_defined_hidden,18.684417340588382
5.775897356709083,6.363104479201383,2.011489606728975,-0.13263798064958285,0.1,VREX,1,Pi0K,mechanism_defined_hidden,18.684417340588382
5.775897356709083,6.394266657318711,2.0821540300929384,-0.13263798064996649,0.1,VREX,1,PiCK,mechanism_defined_hidden,18.684417340588382
9.432000887084916,11.23607376818116,4.984703826546733,-0.13229019851295762,0.0,L2,0,actual,mechanism_defined_exposed,32.36236014375253
9.432000887084916,11.236073768104763,4.984703826237215,-0.13229019853572987,0.0,L2,0,Pi00,mechanism_defined_exposed,32.36236014375253
9.432000887084916,11.236073768104763,4.984703826237215,-0.13229019853572987,0.0,L2,0,PiC0,mechanism_defined_exposed,32.36236014375253
9.432000887084916,11.236073768104763,4.984703826237215,-0.13229019853572987,0.0,L2,0,Pi0K,mechanism_defined_exposed,32.36236014375253
9.432000887084916,11.236073768104763,4.984703826237215,-0.13229019853572987,0.0,L2,0,PiCK,mechanism_defined_exposed,32.36236014375253
1.6399951519548844e-11,3.338233399695385e-11,2.2792483105003103e-11,-1.629622635743881e-10,0.0,L2,1,actual,mechanism_defined_exposed,18.684417340607144
1.6399951519548844e-11,6.29651587391166e-11,6.173830568047936e-11,5.7982791548855124e-11,0.0,L2,1,Pi00,mechanism_defined_exposed,18.684417340607144
1.6399951519548844e-11,6.29651587391166e-11,6.173830568047936e-11,5.7982791548855124e-11,0.0,L2,1,PiC0,mechanism_defined_exposed,18.684417340607144
1.6399951519548844e-11,6.29651587391166e-11,6.173830568047936e-11,5.7982791548855124e-11,0.0,L2,1,Pi0K,mechanism_defined_exposed,18.684417340607144
1.6399951519548844e-11,6.29651587391166e-11,6.173830568047936e-11,5.7982791548855124e-11,0.0,L2,1,PiCK,mechanism_defined_exposed,18.684417340607144
9.432000887084916,11.279207290084225,5.014497931042859,-0.13862143967459808,0.001,L2,0,actual,mechanism_defined_exposed,32.36236014375253
9.432000887084916,11.236073768104763,4.984703826237215,-0.13229019853572987,0.001,L2,0,Pi00,mechanism_defined_exposed,32.36236014375253
9.432000887084916,11.23607376810476,4.98470382623721,-0.13229019853572968,0.001,L2,0,PiC0,mechanism_defined_exposed,32.36236014375253
9.432000887084916,11.181026144015483,4.823077840122076,-0.14058327885193056,0.001,L2,0,Pi0K,mechanism_defined_exposed,32.36236014375253
9.432000887084916,11.181026144015478,4.82307784012207,-0.1405832788519301,0.001,L2,0,PiCK,mechanism_defined_exposed,32.36236014375253
1.6399951519548844e-11,3.3107302285023474e-11,2.222888157015743e-11,-1.665059394441418e-10,0.001,L2,1,actual,mechanism_defined_exposed,18.684417340607144
1.6399951519548844e-11,6.29651587391166e-11,6.173830568047936e-11,5.7982791548855124e-11,0.001,L2,1,Pi00,mechanism_defined_exposed,18.684417340607144
1.6399951519548844e-11,6.296533723794275e-11,6.173837616111619e-11,5.797590368358702e-11,0.001,L2,1,PiC0,mechanism_defined_exposed,18.684417340607144
1.6399951519548844e-11,6.15917106577107e-11,6.027213499638244e-11,5.407492256127356e-11,0.001,L2,1,Pi0K,mechanism_defined_exposed,18.684417340607144
1.6399951519548844e-11,6.159189316605205e-11,6.027228227294943e-11,5.407255822763853e-11,0.001,L2,1,PiCK,mechanism_defined_exposed,18.684417340607144
9.432000887084916,11.521854926864103,5.229039032750228,-0.16674321476570017,0.01,L2,0,actual,mechanism_defined_exposed,32.36236014375253
9.432000887084916,11.236073768104763,4.984703826237215,-0.13229019853572987,0.01,L2,0,Pi00,mechanism_defined_exposed,32.36236014375253
9.432000887084916,11.236073768104708,4.984703826237147,-0.13229019853572568,0.01,L2,0,PiC0,mechanism_defined_exposed,32.36236014375253
9.432000887084916,11.00744031306032,4.258696268225017,-0.17507217386754936,0.01,L2,0,Pi0K,mechanism_defined_exposed,32.36236014375253
9.432000887084916,11.007440313060272,4.258696268224958,-0.1750721738675449,0.01,L2,0,PiCK,mechanism_defined_exposed,32.36236014375253
1.6399951519548844e-11,3.3103657944057774e-11,2.143912874072083e-11,-1.8362875913621256e-10,0.01,L2,1,actual,mechanism_defined_exposed,18.684417340607144
1.6399951519548844e-11,6.29651587391166e-11,6.173830568047936e-11,5.7982791548855124e-11,0.01,L2,1,Pi00,mechanism_defined_exposed,18.684417340607144
1.6399951519548844e-11,6.296914655056552e-11,6.174177523541499e-11,5.794590087872912e-11,0.01,L2,1,PiC0,mechanism_defined_exposed,18.684417340607144
1.6399951519548844e-11,5.857916434223032e-11,5.6921675456597985e-11,3.8758525797897545e-11,0.01,L2,1,Pi0K,mechanism_defined_exposed,18.684417340607144
1.6399951519548844e-11,5.858234367993054e-11,5.6924267606678175e-11,3.8719830683382406e-11,0.01,L2,1,PiCK,mechanism_defined_exposed,18.684417340607144
9.432000887084916,11.612137552166553,5.320588612491967,-0.17506083471177702,0.1,L2,0,actual,mechanism_defined_exposed,32.36236014375253
9.432000887084916,11.236073768104763,4.984703826237215,-0.13229019853572987,0.1,L2,0,Pi00,mechanism_defined_exposed,32.36236014375253
9.432000887084916,11.236073768104221,4.984703826236543,-0.13229019853568902,0.1,L2,0,PiC0,mechanism_defined_exposed,32.36236014375253
9.432000887084916,10.475092848404897,3.1908569843236605,-0.17582573785534925,0.1,L2,0,Pi0K,mechanism_defined_exposed,32.36236014375253
9.432000887084916,10.475092848404586,3.1908569843233083,-0.17582573785529737,0.1,L2,0,PiCK,mechanism_defined_exposed,32.36236014375253
1.6399951519548844e-11,3.345163778243633e-11,2.112802385329485e-11,-2.018301342691866e-10,0.1,L2,1,actual,mechanism_defined_exposed,18.684417340607144
1.6399951519548844e-11,6.29651587391166e-11,6.173830568047936e-11,5.7982791548855124e-11,0.1,L2,1,Pi00,mechanism_defined_exposed,18.684417340607144
1.6399951519548844e-11,6.30053664869335e-11,6.17721458026485e-11,5.75401003772079e-11,0.1,L2,1,PiC0,mechanism_defined_exposed,18.684417340607144
1.6399951519548844e-11,5.237522423251905e-11,5.0637179320879314e-11,4.495911300589473e-11,0.1,L2,1,Pi0K,mechanism_defined_exposed,18.684417340607144
1.6399951519548844e-11,5.239380678981604e-11,5.065017094267135e-11,4.464361821840406e-11,0.1,L2,1,PiCK,mechanism_defined_exposed,18.684417340607144
9.432000887084916,11.235338346552398,4.983959712209681,-0.13221307256583825,0.001,IRMV1,0,actual,mechanism_defined_exposed,32.36236014375253
9.432000887084916,11.236073768104763,4.984703826237215,-0.13229019853572987,0.001,IRMV1,0,Pi00,mechanism_defined_exposed,32.36236014375253
9.432000887084916,11.162895606322001,5.020881369770042,-0.11020923215937405,0.001,IRMV1,0,PiC0,mechanism_defined_exposed,32.36236014375253
9.432000887084916,11.303126283121507,4.9551216520135695,-0.15239403777078395,0.001,IRMV1,0,Pi0K,mechanism_defined_exposed,32.36236014375253
9.432000887084916,11.23567937410057,4.98531775191381,-0.1321145806293167,0.001,IRMV1,0,PiCK,mechanism_defined_exposed,32.36236014375253
1.6399951519548844e-11,0.011406549867814598,0.011406549858405382,-0.10732669859029051,0.001,IRMV1,1,actual,mechanism_defined_exposed,18.684417340607144
1.6399951519548844e-11,6.29651587391166e-11,6.173830568047936e-11,5.7982791548855124e-11,0.001,IRMV1,1,Pi00,mechanism_defined_exposed,18.684417340607144
1.6399951519548844e-11,0.011535883633323902,0.011535883623592588,-0.1122593084404726,0.001,IRMV1,1,PiC0,mechanism_defined_exposed,18.684417340607144
1.6399951519548844e-11,6.25591295852625e-11,6.082299431710999e-11,2.7375176538540452e-11,0.001,IRMV1,1,Pi0K,mechanism_defined_exposed,18.684417340607144
1.6399951519548844e-11,0.011411140941951088,0.011411140932539927,-0.1073920862859474,0.001,IRMV1,1,PiCK,mechanism_defined_exposed,18.684417340607144
9.432000887084916,11.231646382710363,4.97626329200374,-0.13235055899344472,0.01,IRMV1,0,actual,mechanism_defined_exposed,32.36236014375253
9.432000887084916,11.236073768104763,4.984703826237215,-0.13229019853572987,0.01,IRMV1,0,Pi00,mechanism_defined_exposed,32.36236014375253
9.432000887084916,10.554403826429503,5.477616966423502,0.07327498920356663,0.01,IRMV1,0,PiC0,mechanism_defined_exposed,32.36236014375253
9.432000887084916,11.61579403188001,4.855250776193091,-0.24446667050130616,0.01,IRMV1,0,Pi0K,mechanism_defined_exposed,32.36236014375253
9.432000887084916,11.234594567482393,4.989720158485055,-0.1312724996007545,0.01,IRMV1,0,PiCK,mechanism_defined_exposed,32.36236014375253
1.6399951519548844e-11,0.10939496307607378,0.10939496306830211,-0.47388402327299145,0.01,IRMV1,1,actual,mechanism_defined_exposed,18.684417340607144
1.6399951519548844e-11,6.29651587391166e-11,6.173830568047936e-11,5.7982791548855124e-11,0.01,IRMV1,1,Pi00,mechanism_defined_exposed,18.684417340607144
1.6399951519548844e-11,0.11535883596001412,0.1153588359502828,-0.5933745746240097,0.01,IRMV1,1,PiC0,mechanism_defined_exposed,18.684417340607144
1.6399951519548844e-11,6.174065475406558e-11,5.763050729063373e-11,-1.1083733452068936e-10,0.01,IRMV1,1,Pi0K,mechanism_defined_exposed,18.684417340607144
1.6399951519548844e-11,0.10969817832080463,0.10969817831302558,-0.47433369909368267,0.01,IRMV1,1,PiCK,mechanism_defined_exposed,18.684417340607144
9.432000887084916,11.211705983618781,4.881009936207356,-0.14027042102103426,0.1,IRMV1,0,actual,mechanism_defined_exposed,32.36236014375253
9.432000887084916,11.236073768104763,4.984703826237215,-0.13229019853572987,0.1,IRMV1,0,Pi00,mechanism_defined_exposed,32.36236014375253
9.432000887084916,11.464478329500515,15.17041435642041,0.6557876493255862,0.1,IRMV1,0,PiC0,mechanism_defined_exposed,32.36236014375253
9.432000887084916,11.939343418934673,4.81859846877334,-0.3340708553886325,0.1,IRMV1,0,Pi0K,mechanism_defined_exposed,32.36236014375253
9.432000887084916,11.246919802274785,5.0247546516229695,-0.1295790298405395,0.1,IRMV1,0,PiCK,mechanism_defined_exposed,32.36236014375253
1.6399951519548844e-11,1.0307589345449308,1.0307589345389556,-0.36434695518395155,0.1,IRMV1,1,actual,mechanism_defined_exposed,18.684417340607144
1.6399951519548844e-11,6.29651587391166e-11,6.173830568047936e-11,5.7982791548855124e-11,0.1,IRMV1,1,Pi00,mechanism_defined_exposed,18.684417340607144
1.6399951519548844e-11,1.153588359226843,1.1535883592171117,-0.5933745747985297,0.1,IRMV1,1,PiC0,mechanism_defined_exposed,18.684417340607144
1.6399951519548844e-11,6.240523463455167e-11,5.596534545748923e-11,-2.466675038868921e-10,0.1,IRMV1,1,Pi0K,mechanism_defined_exposed,18.684417340607144
1.6399951519548844e-11,1.0562399557281443,1.0562399557222697,-0.3582155794083772,0.1,IRMV1,1,PiCK,mechanism_defined_exposed,18.684417340607144
9.432000887084916,11.235685602472357,4.983951517382903,-0.13229715626481792,0.001,VREX,0,actual,mechanism_defined_exposed,32.36236014375253
9.432000887084916,11.236073768104763,4.984703826237215,-0.13229019853572987,0.001,VREX,0,Pi00,mechanism_defined_exposed,32.36236014375253
9.432000887084916,11.236073768104449,4.984703826236643,-0.13229019853573054,0.001,VREX,0,PiC0,mechanism_defined_exposed,32.36236014375253
9.432000887084916,11.235765182365324,4.984121236801145,-0.13229367765251582,0.001,VREX,0,Pi0K,mechanism_defined_exposed,32.36236014375253
9.432000887084916,11.235765182365,4.984121236800567,-0.13229367765251496,0.001,VREX,0,PiCK,mechanism_defined_exposed,32.36236014375253
1.6399951519548844e-11,0.0010107883977079042,0.0010107883955382685,-0.0021930425763696474,0.001,VREX,1,actual,mechanism_defined_exposed,18.684417340607144
1.6399951519548844e-11,6.29651587391166e-11,6.173830568047936e-11,5.7982791548855124e-11,0.001,VREX,1,Pi00,mechanism_defined_exposed,18.684417340607144
1.6399951519548844e-11,0.0010110247360853942,0.0010110247339158726,-0.0021934396759294658,0.001,VREX,1,PiC0,mechanism_defined_exposed,18.684417340607144
1.6399951519548844e-11,6.295907491918943e-11,6.173235161440928e-11,5.799826550425351e-11,0.001,VREX,1,Pi0K,mechanism_defined_exposed,18.684417340607144
1.6399951519548844e-11,0.0010109065721268097,0.0010109065699572314,-0.0021932409970627275,0.001,VREX,1,PiCK,mechanism_defined_exposed,18.684417340607144
9.432000887084916,11.232200856026,4.977194568662571,-0.13235973036810608,0.01,VREX,0,actual,mechanism_defined_exposed,32.36236014375253
9.432000887084916,11.236073768104763,4.984703826237215,-0.13229019853572987,0.01,VREX,0,Pi00,mechanism_defined_exposed,32.36236014375253
9.432000887084916,11.236073768101509,4.984703826231401,-0.1322901985357225,0.01,VREX,0,PiC0,mechanism_defined_exposed,32.36236014375253
9.432000887084916,11.232992185458423,4.978884163796578,-0.13232498852120672,0.01,VREX,0,Pi0K,mechanism_defined_exposed,32.36236014375253
9.432000887084916,11.232992185455172,4.978884163790769,-0.13232498852119934,0.01,VREX,0,PiCK,mechanism_defined_exposed,32.36236014375253
1.6399951519548844e-11,0.01008666621969555,0.010086666217524888,-0.021894740992130787,0.01,VREX,1,actual,mechanism_defined_exposed,18.684417340607144
1.6399951519548844e-11,6.29651587391166e-11,6.173830568047936e-11,5.7982791548855124e-11,0.01,VREX,1,Pi00,mechanism_defined_exposed,18.684417340607144
1.6399951519548844e-11,0.010110246880188927,0.010110246878019405,-0.021934397281017426,0.01,VREX,1,PiC0,mechanism_defined_exposed,18.684417340607144
1.6399951519548844e-11,6.29106726792632e-11,6.168432316727902e-11,5.8080698745737874e-11,0.01,VREX,1,Pi0K,mechanism_defined_exposed,18.684417340607144
1.6399951519548844e-11,0.010098443124919637,0.010098443122749545,-0.021914550560990564,0.01,VREX,1,PiCK,mechanism_defined_exposed,18.684417340607144
9.432000887084916,11.198197858491698,4.910964724617408,-0.13298100753489586,0.1,VREX,0,actual,mechanism_defined_exposed,32.36236014375253
9.432000887084916,11.236073768104763,4.984703826237215,-0.13229019853572987,0.1,VREX,0,Pi00,mechanism_defined_exposed,32.36236014375253
9.432000887084916,11.236073768072215,4.984703826179057,-0.1322901985356605,0.1,VREX,0,PiC0,mechanism_defined_exposed,32.36236014375253
9.432000887084916,11.20567958498459,4.927123159324793,-0.13263798065320923,0.1,VREX,0,Pi0K,mechanism_defined_exposed,32.36236014375253
9.432000887084916,11.205679584952605,4.927123159267301,-0.13263798065314014,0.1,VREX,0,PiCK,mechanism_defined_exposed,32.36236014375253
1.6399951519548844e-11,0.09879273415250499,0.09879273415032414,-0.13297910198253868,0.1,VREX,1,actual,mechanism_defined_exposed,18.684417340607144
1.6399951519548844e-11,6.29651587391166e-11,6.173830568047936e-11,5.7982791548855124e-11,0.1,VREX,1,Pi00,mechanism_defined_exposed,18.684417340607144
1.6399951519548844e-11,0.10110246832119346,0.10110246831902393,-0.13228828415169522,0.1,VREX,1,PiC0,mechanism_defined_exposed,18.684417340607144
1.6399951519548844e-11,6.241084339396025e-11,6.119135018743971e-11,5.911318722999957e-11,0.1,VREX,1,Pi0K,mechanism_defined_exposed,18.684417340607144
1.6399951519548844e-11,0.09993458598445731,0.0999345859822821,-0.1326360706274042,0.1,VREX,1,PiCK,mechanism_defined_exposed,18.684417340607144
3.230576642402714,3.4042303591539222,3.1399715892593125,0.42918633290072133,0.0,L2,0,actual,irrelevant_source_diversity,36.283443644317195
3.230576642402714,3.4042303590808487,3.139971588886198,0.4291863328607486,0.0,L2,0,Pi00,irrelevant_source_diversity,36.283443644317195
3.230576642402714,3.4042303590808487,3.139971588886198,0.4291863328607486,0.0,L2,0,PiC0,irrelevant_source_diversity,36.283443644317195
3.230576642402714,3.4042303590808487,3.139971588886198,0.4291863328607486,0.0,L2,0,Pi0K,irrelevant_source_diversity,36.283443644317195
3.230576642402714,3.4042303590808487,3.139971588886198,0.4291863328607486,0.0,L2,0,PiCK,irrelevant_source_diversity,36.283443644317195
0.523311737568002,0.5773890348531683,0.1843761503719187,-0.1322901985424642,0.0,L2,1,actual,irrelevant_source_diversity,18.68441734060474
0.523311737568002,0.5773890348517983,0.18437615039816965,-0.13229019846526777,0.0,L2,1,Pi00,irrelevant_source_diversity,18.68441734060474
0.523311737568002,0.5773890348517983,0.18437615039816965,-0.13229019846526777,0.0,L2,1,PiC0,irrelevant_source_diversity,18.68441734060474
0.523311737568002,0.5773890348517983,0.18437615039816965,-0.13229019846526777,0.0,L2,1,Pi0K,irrelevant_source_diversity,18.68441734060474
0.523311737568002,0.5773890348517983,0.18437615039816965,-0.13229019846526777,0.0,L2,1,PiCK,irrelevant_source_diversity,18.68441734060474
7.484083105722672,8.925166392359696,2.957302908830455,-0.33663886932372816,0.0,L2,2,actual,irrelevant_source_diversity,12.994434774825052
7.484083105722672,8.92516639219721,2.9573029085344946,-0.33663886933144044,0.0,L2,2,Pi00,irrelevant_source_diversity,12.994434774825052
7.484083105722672,8.92516639219721,2.9573029085344946,-0.33663886933144044,0.0,L2,2,PiC0,irrelevant_source_diversity,12.994434774825052
7.484083105722672,8.92516639219721,2.9573029085344946,-0.33663886933144044,0.0,L2,2,Pi0K,irrelevant_source_diversity,12.994434774825052
7.484083105722672,8.92516639219721,2.9573029085344946,-0.33663886933144044,0.0,L2,2,PiCK,irrelevant_source_diversity,12.994434774825052
3.230576642402714,3.3298193532480367,3.0421497629197347,0.4377133200958931,0.001,L2,0,actual,irrelevant_source_diversity,36.283443644317195
3.230576642402714,3.4042303590808487,3.139971588886198,0.4291863328607486,0.001,L2,0,Pi00,irrelevant_source_diversity,36.283443644317195
3.230576642402714,3.4042303590808523,3.1399715888862,0.4291863328607479,0.001,L2,0,PiC0,irrelevant_source_diversity,36.283443644317195
3.230576642402714,3.358866398606707,3.078311592290034,0.43393091468665235,0.001,L2,0,Pi0K,irrelevant_source_diversity,36.283443644317195
3.230576642402714,3.3588663986067093,3.078311592290036,0.4339309146866518,0.001,L2,0,PiCK,irrelevant_source_diversity,36.283443644317195
0.523311737568002,0.5789363811510011,0.1854781862161646,-0.13862143970480112,0.001,L2,1,actual,irrelevant_source_diversity,18.68441734060474
0.523311737568002,0.5773890348517983,0.18437615039816965,-0.13229019846526777,0.001,L2,1,Pi00,irrelevant_source_diversity,18.68441734060474
0.523311737568002,0.5773890348517986,0.18437615039816999,-0.1322901984652692,0.001,L2,1,PiC0,irrelevant_source_diversity,18.68441734060474
0.523311737568002,0.5761336959614372,0.17839786599870236,-0.14058327877883964,0.001,L2,1,Pi0K,irrelevant_source_diversity,18.68441734060474
0.523311737568002,0.5761336959614372,0.17839786599870236,-0.14058327877883997,0.001,L2,1,PiCK,irrelevant_source_diversity,18.68441734060474
7.484083105722672,8.944400919591915,2.9762007243912176,-0.3396997931245406,0.001,L2,2,actual,irrelevant_source_diversity,12.994434774825052
7.484083105722672,8.92516639219721,2.9573029085344946,-0.33663886933144044,0.001,L2,2,Pi00,irrelevant_source_diversity,12.994434774825052
7.484083105722672,8.925166392197209,2.957302908534491,-0.3366388693314402,0.001,L2,2,PiC0,irrelevant_source_diversity,12.994434774825052
7.484083105722672,8.908226686443946,2.8888224390623547,-0.34689125335642845,0.001,L2,2,Pi0K,irrelevant_source_diversity,12.994434774825052
7.484083105722672,8.90822668644394,2.888822439062351,-0.3468912533564281,0.001,L2,2,PiCK,irrelevant_source_diversity,12.994434774825052
3.230576642402714,3.220335004566253,2.875949124436093,0.4486693864279681,0.01,L2,0,actual,irrelevant_source_diversity,36.283443644317195
3.230576642402714,3.4042303590808487,3.139971588886198,0.4291863328607486,0.01,L2,0,Pi00,irrelevant_source_diversity,36.283443644317195
3.230576642402714,3.4042303590808705,3.139971588886211,0.42918633286074354,0.01,L2,0,PiC0,irrelevant_source_diversity,36.283443644317195
3.230576642402714,3.2237484618158843,2.875876419977946,0.4474744318713982,0.01,L2,0,Pi0K,irrelevant_source_diversity,36.283443644317195
3.230576642402714,3.2237484618159042,2.8758764199779567,0.4474744318713928,0.01,L2,0,PiCK,irrelevant_source_diversity,36.283443644317195
0.523311737568002,0.5873824065440538,0.19341371534773596,-0.1667432147979138,0.01,L2,1,actual,irrelevant_source_diversity,18.68441734060474
0.523311737568002,0.5773890348517983,0.18437615039816965,-0.13229019846526777,0.01,L2,1,Pi00,irrelevant_source_diversity,18.68441734060474
0.523311737568002,0.5773890348518003,0.18437615039817282,-0.1322901984652717,0.01,L2,1,PiC0,irrelevant_source_diversity,18.68441734060474
0.523311737568002,0.5723041096402234,0.15752230243710608,-0.1750721737816791,0.01,L2,1,Pi0K,irrelevant_source_diversity,18.68441734060474
0.523311737568002,0.5723041096402254,0.15752230243710902,-0.17507217378168435,0.01,L2,1,PiCK,irrelevant_source_diversity,18.68441734060474
7.484083105722672,9.073652411479186,3.1292883260469426,-0.3528464096812186,0.01,L2,2,actual,irrelevant_source_diversity,12.994434774825052
7.484083105722672,8.92516639219721,2.9573029085344946,-0.33663886933144044,0.01,L2,2,Pi00,irrelevant_source_diversity,12.994434774825052
7.484083105722672,8.925166392197177,2.9573029085344538,-0.33663886933143733,0.01,L2,2,PiC0,irrelevant_source_diversity,12.994434774825052
7.484083105722672,8.855704089504762,2.663422281070723,-0.38423635206446743,0.01,L2,2,Pi0K,irrelevant_source_diversity,12.994434774825052
7.484083105722672,8.855704089504734,2.6634222810706887,-0.38423635206446366,0.01,L2,2,PiCK,irrelevant_source_diversity,12.994434774825052
3.230576642402714,2.901980333020595,2.7434380055109617,0.5382889321883062,0.1,L2,0,actual,irrelevant_source_diversity,36.283443644317195
3.230576642402714,3.4042303590808487,3.139971588886198,0.4291863328607486,0.1,L2,0,Pi00,irrelevant_source_diversity,36.283443644317195
3.230576642402714,3.404230359081068,3.139971588886333,0.4291863328606984,0.1,L2,0,PiC0,irrelevant_source_diversity,36.283443644317195
3.230576642402714,2.9828474203636905,2.622584763738184,0.49673863782496575,0.1,L2,0,Pi0K,irrelevant_source_diversity,36.283443644317195
3.230576642402714,2.9828474203638233,2.6225847637382387,0.49673863782492567,0.1,L2,0,PiCK,irrelevant_source_diversity,36.283443644317195
0.523311737568002,0.5904605404905258,0.19679998656255768,-0.17506083474620485,0.1,L2,1,actual,irrelevant_source_diversity,18.68441734060474
0.523311737568002,0.5773890348517983,0.18437615039816965,-0.13229019846526777,0.1,L2,1,Pi00,irrelevant_source_diversity,18.68441734060474
0.523311737568002,0.5773890348518247,0.18437615039820657,-0.13229019846532922,0.1,L2,1,PiC0,irrelevant_source_diversity,18.68441734060474
0.523311737568002,0.5563310918594327,0.1180246505728712,-0.17582573774356422,0.1,L2,1,Pi0K,irrelevant_source_diversity,18.68441734060474
0.523311737568002,0.5563310918594462,0.11802465057288751,-0.17582573774363014,0.1,L2,1,PiCK,irrelevant_source_diversity,18.68441734060474
7.484083105722672,9.236708974739809,3.3188169586976723,-0.3681964007790005,0.1,L2,2,actual,irrelevant_source_diversity,12.994434774825052
7.484083105722672,8.92516639219721,2.9573029085344946,-0.33663886933144044,0.1,L2,2,Pi00,irrelevant_source_diversity,12.994434774825052
7.484083105722672,8.925166392196886,2.957302908534089,-0.33663886933140935,0.1,L2,2,PiC0,irrelevant_source_diversity,12.994434774825052
7.484083105722672,8.650567492700763,2.2657579689666045,-0.4035814478519736,0.1,L2,2,Pi0K,irrelevant_source_diversity,12.994434774825052
7.484083105722672,8.650567492700562,2.2657579689664264,-0.4035814478519269,0.1,L2,2,PiCK,irrelevant_source_diversity,12.994434774825052
3.230576642402714,3.4041993223190183,3.139891954000505,0.4291829832820197,0.001,IRMV1,0,actual,irrelevant_source_diversity,36.283443644317195
3.230576642402714,3.4042303590808487,3.139971588886198,0.4291863328607486,0.001,IRMV1,0,Pi00,irrelevant_source_diversity,36.283443644317195
3.230576642402714,3.37364878103166,3.271543325019923,0.4616397687297276,0.001,IRMV1,0,PiC0,irrelevant_source_diversity,36.283443644317195
3.230576642402714,3.4415832403934776,3.0269406858346652,0.39649695270832014,0.001,IRMV1,0,Pi0K,irrelevant_source_diversity,36.283443644317195
3.230576642402714,3.4038941505012676,3.1401510753687645,0.42933017555420305,0.001,IRMV1,0,PiCK,irrelevant_source_diversity,36.283443644317195
0.523311737568002,0.5853376260036501,0.19083993305110022,-0.16193790830340724,0.001,IRMV1,1,actual,irrelevant_source_diversity,18.68441734060474
0.523311737568002,0.5773890348517983,0.18437615039816965,-0.13229019846526777,0.001,IRMV1,1,Pi00,irrelevant_source_diversity,18.68441734060474
0.523311737568002,0.5824800563189183,0.19198069396748516,-0.14219400304654006,0.001,IRMV1,1,PiC0,irrelevant_source_diversity,18.68441734060474
0.523311737568002,0.5802419925899951,0.18328195351158397,-0.15239403770653986,0.001,IRMV1,1,Pi0K,irrelevant_source_diversity,18.68441734060474
0.523311737568002,0.5853478743128321,0.19089203974795418,-0.1618541977525509,0.001,IRMV1,1,PiCK,irrelevant_source_diversity,18.68441734060474
7.484083105722672,8.924223406587668,2.956428310064777,-0.3364749774935501,0.001,IRMV1,2,actual,irrelevant_source_diversity,12.994434774825052
7.484083105722672,8.92516639219721,2.9573029085344946,-0.33663886933144044,0.001,IRMV1,2,Pi00,irrelevant_source_diversity,12.994434774825052
7.484083105722672,8.927795471876097,2.957247759220743,-0.33771288690928786,0.001,IRMV1,2,PiC0,irrelevant_source_diversity,12.994434774825052
7.484083105722672,8.922139252281488,2.9572632350059727,-0.3354281619355107,0.001,IRMV1,2,Pi0K,irrelevant_source_diversity,12.994434774825052
7.484083105722672,8.924521380151695,2.957196594931004,-0.3364050717489303,0.001,IRMV1,2,PiCK,irrelevant_source_diversity,12.994434774825052
3.230576642402714,3.4043166268231597,3.1384412637846264,0.42889282587244926,0.01,IRMV1,0,actual,irrelevant_source_diversity,36.283443644317195
3.230576642402714,3.4042303590808487,3.139971588886198,0.4291863328607486,0.01,IRMV1,0,Pi00,irrelevant_source_diversity,36.283443644317195
3.230576642402714,3.6208551839346987,4.678648671183162,0.6356641040699686,0.01,IRMV1,0,PiC0,irrelevant_source_diversity,36.283443644317195
3.230576642402714,3.717647786134132,2.614183038242591,0.20423583029020415,0.01,IRMV1,0,Pi0K,irrelevant_source_diversity,36.283443644317195
3.230576642402714,3.4011748169801037,3.1407359438653195,0.4303431635358877,0.01,IRMV1,0,PiCK,irrelevant_source_diversity,36.283443644317195
0.523311737568002,0.6509708803093306,0.26507496042727047,-0.28707105339241135,0.01,IRMV1,1,actual,irrelevant_source_diversity,18.68441734060474
0.523311737568002,0.5773890348517983,0.18437615039816965,-0.13229019846526777,0.01,IRMV1,1,Pi00,irrelevant_source_diversity,18.68441734060474
0.523311737568002,0.6348102868876753,0.2705025016350826,-0.19764924815787335,0.01,IRMV1,1,PiC0,irrelevant_source_diversity,18.68441734060474
0.523311737568002,0.5933440496776131,0.17958789098056765,-0.24446667046734566,0.01,IRMV1,1,Pi0K,irrelevant_source_diversity,18.68441734060474
0.523311737568002,0.651314020035134,0.2657993498680033,-0.28651265918930036,0.01,IRMV1,1,PiCK,irrelevant_source_diversity,18.68441734060474
7.484083105722672,8.918327281262092,2.948832944837759,-0.3359743750949719,0.01,IRMV1,2,actual,irrelevant_source_diversity,12.994434774825052
7.484083105722672,8.92516639219721,2.9573029085344946,-0.33663886933144044,0.01,IRMV1,2,Pi00,irrelevant_source_diversity,12.994434774825052
7.484083105722672,8.951501888486192,2.9569918832216837,-0.34735259841459737,0.01,IRMV1,2,PiC0,irrelevant_source_diversity,12.994434774825052
7.484083105722672,8.908204613760608,2.9572962764117925,-0.3298070388003118,0.01,IRMV1,2,Pi0K,irrelevant_source_diversity,12.994434774825052
7.484083105722672,8.920902402009093,2.9563092006246303,-0.335165171699746,0.01,IRMV1,2,PiCK,irrelevant_source_diversity,12.994434774825052
3.230576642402714,3.4077045889855766,3.11767111437158,0.42415377703655827,0.1,IRMV1,0,actual,irrelevant_source_diversity,36.283443644317195
3.230576642402714,3.4042303590808487,3.139971588886198,0.4291863328607486,0.1,IRMV1,0,Pi00,irrelevant_source_diversity,36.283443644317195
3.230576642402714,19.653648415911814,22.12739867534641,0.7959270040265236,0.1,IRMV1,0,PiC0,irrelevant_source_diversity,36.283443644317195
3.230576642402714,4.142779364715076,2.4203148820349587,-0.05551028784476053,0.1,IRMV1,0,Pi0K,irrelevant_source_diversity,36.283443644317195
3.230576642402714,3.3779093437303116,3.138073124886423,0.43766247744887365,0.1,IRMV1,0,PiCK,irrelevant_source_diversity,36.283443644317195
0.523311737568002,1.42265025320072,1.153825679731432,-0.3467684433013992,0.1,IRMV1,1,actual,irrelevant_source_diversity,18.68441734060474
0.523311737568002,0.5773890348517983,0.18437615039816965,-0.13229019846526777,0.1,IRMV1,1,Pi00,irrelevant_source_diversity,18.68441734060474
0.523311737568002,1.4439944460452505,1.217146985912875,-0.2589052486028873,0.1,IRMV1,1,PiC0,irrelevant_source_diversity,18.68441734060474
0.523311737568002,0.6065806835004357,0.1782321812757937,-0.33407085538667497,0.1,IRMV1,1,Pi0K,irrelevant_source_diversity,18.68441734060474
0.523311737568002,1.4480806072664705,1.1843495579937238,-0.33914910511731633,0.1,IRMV1,1,PiCK,irrelevant_source_diversity,18.68441734060474
7.484083105722672,8.879765170058151,2.8732769081887626,-0.33907914129293654,0.1,IRMV1,2,actual,irrelevant_source_diversity,12.994434774825052
7.484083105722672,8.92516639219721,2.9573029085344946,-0.33663886933144044,0.1,IRMV1,2,Pi00,irrelevant_source_diversity,12.994434774825052
7.484083105722672,9.192863444637723,2.9781671226857283,-0.44030442908794465,0.1,IRMV1,2,PiC0,irrelevant_source_diversity,12.994434774825052
7.484083105722672,8.889974290024233,2.9609690659419186,-0.32158655267326514,0.1,IRMV1,2,Pi0K,irrelevant_source_diversity,12.994434774825052
7.484083105722672,8.905367374880246,2.949475750050005,-0.3305830508592904,0.1,IRMV1,2,PiCK,irrelevant_source_diversity,12.994434774825052
3.230576642402714,3.4041721860420737,3.1399018469404014,0.429193800159771,0.001,VREX,0,actual,irrelevant_source_diversity,36.283443644317195
3.230576642402714,3.4042303590808487,3.139971588886198,0.4291863328607486,0.001,VREX,0,Pi00,irrelevant_source_diversity,36.283443644317195
3.230576642402714,3.4042105646693304,3.1399487208965438,0.42918902285397764,0.001,VREX,0,PiC0,irrelevant_source_diversity,36.283443644317195
3.230576642402714,3.4041661566904926,3.1399298209786957,0.42920065892558956,0.001,VREX,0,Pi0K,irrelevant_source_diversity,36.283443644317195
3.230576642402714,3.404146365743091,3.13990695615504,0.42920334841252705,0.001,VREX,0,PiCK,irrelevant_source_diversity,36.283443644317195
0.523311737568002,0.5778217065874502,0.18535703556808947,-0.1322971562941675,0.001,VREX,1,actual,irrelevant_source_diversity,18.68441734060474
0.523311737568002,0.5773890348517983,0.18437615039816965,-0.13229019846526777,0.001,VREX,1,Pi00,irrelevant_source_diversity,18.68441734060474
0.523311737568002,0.5778329033927245,0.18538509811139542,-0.1322901984657093,0.001,VREX,1,PiC0,irrelevant_source_diversity,18.68441734060474
0.523311737568002,0.5773801515720088,0.18435460135509082,-0.13229367758204397,0.001,VREX,1,Pi0K,irrelevant_source_diversity,18.68441734060474
0.523311737568002,0.5778239405316663,0.18536343114711085,-0.13229367758248725,0.001,VREX,1,PiCK,irrelevant_source_diversity,18.68441734060474
7.484083105722672,8.924984324279832,2.956887087450111,-0.33666834507321836,0.001,VREX,2,actual,irrelevant_source_diversity,12.994434774825052
7.484083105722672,8.92516639219721,2.9573029085344946,-0.33663886933144044,0.001,VREX,2,Pi00,irrelevant_source_diversity,12.994434774825052
7.484083105722672,8.925142828790273,2.9572569072889836,-0.33664075022368595,0.001,VREX,2,PiC0,irrelevant_source_diversity,12.994434774825052
7.484083105722672,8.925054203674687,2.9570296163637533,-0.33666125533082736,0.001,VREX,2,Pi0K,irrelevant_source_diversity,12.994434774825052
7.484083105722672,8.925030643850983,2.956983621169188,-0.33666313624420535,0.001,VREX,2,PiCK,irrelevant_source_diversity,12.994434774825052
3.230576642402714,3.403650298317617,3.139275901144813,0.42926076625075354,0.01,VREX,0,actual,irrelevant_source_diversity,36.283443644317195
3.230576642402714,3.4042303590808487,3.139971588886198,0.4291863328607486,0.01,VREX,0,Pi00,irrelevant_source_diversity,36.283443644317195
3.230576642402714,3.4040324524817587,3.139742947784512,0.42921322925301586,0.01,VREX,0,PiC0,irrelevant_source_diversity,36.283443644317195
3.230576642402714,3.403589163159005,3.139554704790742,0.4293294596323086,0.01,VREX,0,Pi0K,irrelevant_source_diversity,36.283443644317195
3.230576642402714,3.403391602386191,3.1393263796922266,0.4293563054518373,0.01,VREX,0,PiCK,irrelevant_source_diversity,36.283443644317195
0.523311737568002,0.581766883850653,0.19416433999295962,-0.13235973039620477,0.01,VREX,1,actual,irrelevant_source_diversity,18.68441734060474
0.523311737568002,0.5773890348517983,0.18437615039816965,-0.13229019846526777,0.01,VREX,1,Pi00,irrelevant_source_diversity,18.68441734060474
0.523311737568002,0.5818912115874836,0.19446562753042962,-0.13229019846942144,0.01,VREX,1,PiC0,irrelevant_source_diversity,18.68441734060474
0.523311737568002,0.5773003269680301,0.18416089047604695,-0.13232498845066487,0.01,VREX,1,Pi0K,irrelevant_source_diversity,18.68441734060474
0.523311737568002,0.5817944380335706,0.19423858810180503,-0.1323249884548205,0.01,VREX,1,PiCK,irrelevant_source_diversity,18.68441734060474
7.484083105722672,8.9233498892873,2.953153060917592,-0.33693333020565536,0.01,VREX,2,actual,irrelevant_source_diversity,12.994434774825052
7.484083105722672,8.92516639219721,2.9573029085344946,-0.33663886933144044,0.01,VREX,2,Pi00,irrelevant_source_diversity,12.994434774825052
7.484083105722672,8.92493076854141,2.956842903756713,-0.33665768001337154,0.01,VREX,2,PiC0,irrelevant_source_diversity,12.994434774825052
7.484083105722672,8.924046182417129,2.954573235261648,-0.3368626610638794,0.01,VREX,2,Pi0K,irrelevant_source_diversity,12.994434774825052
7.484083105722672,8.92381091654536,2.9541138349286076,-0.3368814738383844,0.01,VREX,2,PiCK,irrelevant_source_diversity,12.994434774825052
3.230576642402714,3.3985923041884165,3.1331837143998444,0.4299073538814742,0.1,VREX,0,actual,irrelevant_source_diversity,36.283443644317195
3.230576642402714,3.4042303590808487,3.139971588886198,0.4291863328607486,0.1,VREX,0,Pi00,irrelevant_source_diversity,36.283443644317195
3.230576642402714,3.402255046854461,3.137689060130036,0.42945494181149524,0.1,VREX,0,PiC0,irrelevant_source_diversity,36.283443644317195
3.230576642402714,3.3979000787484326,3.1358811453746256,0.43060436503522576,0.1,VREX,0,Pi0K,irrelevant_source_diversity,36.283443644317195
3.230576642402714,3.3959587721285236,3.133629631242737,0.430867973077127,0.1,VREX,0,PiCK,irrelevant_source_diversity,36.283443644317195
0.523311737568002,0.6256138090965201,0.28023844211937576,-0.13298100755482178,0.1,VREX,1,actual,irrelevant_source_diversity,18.68441734060474
0.523311737568002,0.5773890348517983,0.18437615039816965,-0.13229019846526777,0.1,VREX,1,Pi00,irrelevant_source_diversity,18.68441734060474
0.523311737568002,0.6282775839673516,0.28527092172074314,-0.1322901984935169,0.1,VREX,1,PiC0,irrelevant_source_diversity,18.68441734060474
0.523311737568002,0.5765142722807716,0.18224633445062033,-0.13263798058190165,0.1,VREX,1,Pi0K,irrelevant_source_diversity,18.68441734060474
0.523311737568002,0.6265060679289812,0.28197562264254933,-0.13263798061049287,0.1,VREX,1,PiCK,irrelevant_source_diversity,18.68441734060474
7.484083105722672,8.907408665297178,2.916622547909088,-0.33955413607192564,0.1,VREX,2,actual,irrelevant_source_diversity,12.994434774825052
7.484083105722672,8.92516639219721,2.9573029085344946,-0.33663886933144044,0.1,VREX,2,Pi00,irrelevant_source_diversity,12.994434774825052
7.484083105722672,8.922811197266794,2.952703629672647,-0.3368271521855881,0.1,VREX,2,PiC0,irrelevant_source_diversity,12.994434774825052
7.484083105722672,8.914129483438806,2.93032719399947,-0.33886996256581386,0.1,VREX,2,Pi0K,irrelevant_source_diversity,12.994434774825052
7.484083105722672,8.911809535683247,2.9257877174131535,-0.33905843414766157,0.1,VREX,2,PiCK,irrelevant_source_diversity,12.994434774825052
7.447470388892037,8.21517508562192,2.59981676895583,-0.1359679625009875,0.0,L2,0,actual,declared_source_target_coupled_correlation,17.67834278796187
7.447470388892037,8.21517508556841,2.5998167689027483,-0.13596796248818746,0.0,L2,0,Pi00,declared_source_target_coupled_correlation,17.67834278796187
7.447470388892037,8.21517508556841,2.5998167689027483,-0.13596796248818746,0.0,L2,0,PiC0,declared_source_target_coupled_correlation,17.67834278796187
7.447470388892037,8.21517508556841,2.5998167689027483,-0.13596796248818746,0.0,L2,0,Pi0K,declared_source_target_coupled_correlation,17.67834278796187
7.447470388892037,8.21517508556841,2.5998167689027483,-0.13596796248818746,0.0,L2,0,PiCK,declared_source_target_coupled_correlation,17.67834278796187
7.447470388892037,8.215175085630058,2.599816768955618,-0.13596796250448048,0.0,L2,1,actual,declared_source_target_coupled_correlation,17.678342787944786
7.447470388892037,8.215175085577076,2.599816768889173,-0.13596796249439677,0.0,L2,1,Pi00,declared_source_target_coupled_correlation,17.678342787944786
7.447470388892037,8.215175085577076,2.599816768889173,-0.13596796249439677,0.0,L2,1,PiC0,declared_source_target_coupled_correlation,17.678342787944786
7.447470388892037,8.215175085577076,2.599816768889173,-0.13596796249439677,0.0,L2,1,Pi0K,declared_source_target_coupled_correlation,17.678342787944786
7.447470388892037,8.215175085577076,2.599816768889173,-0.13596796249439677,0.0,L2,1,PiCK,declared_source_target_coupled_correlation,17.678342787944786
7.447470388892037,8.221375410896567,2.5904237894342614,-0.14036579197490992,0.001,L2,0,actual,declared_source_target_coupled_correlation,17.67834278796187
7.447470388892037,8.21517508556841,2.5998167689027483,-0.13596796248818746,0.001,L2,0,Pi00,declared_source_target_coupled_correlation,17.67834278796187
7.447470388892037,8.21517508556841,2.5998167689027483,-0.13596796248818746,0.001,L2,0,PiC0,declared_source_target_coupled_correlation,17.67834278796187
7.447470388892037,8.209461867756199,2.556960399293179,-0.14158574067594132,0.001,L2,0,Pi0K,declared_source_target_coupled_correlation,17.67834278796187
7.447470388892037,8.209461867756199,2.556960399293179,-0.14158574067594137,0.001,L2,0,PiCK,declared_source_target_coupled_correlation,17.67834278796187
7.447470388892037,8.221375410904736,2.5904237894341606,-0.1403657919784108,0.001,L2,1,actual,declared_source_target_coupled_correlation,17.678342787944786
7.447470388892037,8.215175085577076,2.599816768889173,-0.13596796249439677,0.001,L2,1,Pi00,declared_source_target_coupled_correlation,17.678342787944786
7.447470388892037,8.215175085577076,2.599816768889173,-0.13596796249439677,0.001,L2,1,PiC0,declared_source_target_coupled_correlation,17.678342787944786
7.447470388892037,8.20946186776491,2.5569603992795953,-0.14158574068227364,0.001,L2,1,Pi0K,declared_source_target_coupled_correlation,17.678342787944786
7.447470388892037,8.20946186776491,2.5569603992795953,-0.14158574068227364,0.001,L2,1,PiCK,declared_source_target_coupled_correlation,17.678342787944786
7.447470388892037,8.25978186043501,2.580913542011529,-0.1586280250778675,0.01,L2,0,actual,declared_source_target_coupled_correlation,17.67834278796187
7.447470388892037,8.21517508556841,2.5998167689027483,-0.13596796248818746,0.01,L2,0,Pi00,declared_source_target_coupled_correlation,17.67834278796187
7.447470388892037,8.21517508556841,2.5998167689027487,-0.13596796248818738,0.01,L2,0,PiC0,declared_source_target_coupled_correlation,17.67834278796187
7.447470388892037,8.193547904016421,2.3984704600485554,-0.16561900676568608,0.01,L2,0,Pi0K,declared_source_target_coupled_correlation,17.67834278796187
7.447470388892037,8.193547904016421,2.3984704600485554,-0.16561900676568603,0.01,L2,0,PiCK,declared_source_target_coupled_correlation,17.67834278796187
7.447470388892037,8.259781860443125,2.580913542011528,-0.15862802508135485,0.01,L2,1,actual,declared_source_target_coupled_correlation,17.678342787944786
7.447470388892037,8.215175085577076,2.599816768889173,-0.13596796249439677,0.01,L2,1,Pi00,declared_source_target_coupled_correlation,17.678342787944786
7.447470388892037,8.215175085577075,2.5998167688891725,-0.1359679624943967,0.01,L2,1,PiC0,declared_source_target_coupled_correlation,17.678342787944786
7.447470388892037,8.193547904025314,2.3984704600349787,-0.16561900677252517,0.01,L2,1,Pi0K,declared_source_target_coupled_correlation,17.678342787944786
7.447470388892037,8.193547904025312,2.3984704600349778,-0.16561900677252495,0.01,L2,1,PiCK,declared_source_target_coupled_correlation,17.678342787944786
7.447470388892037,8.245993374238754,2.5092077809353284,-0.1668374862648811,0.1,L2,0,actual,declared_source_target_coupled_correlation,17.67834278796187
7.447470388892037,8.21517508556841,2.5998167689027483,-0.13596796248818746,0.1,L2,0,Pi00,declared_source_target_coupled_correlation,17.67834278796187
7.447470388892037,8.215175085568411,2.599816768902749,-0.13596796248818768,0.1,L2,0,PiC0,declared_source_target_coupled_correlation,17.67834278796187
7.447470388892037,8.04584430460373,1.9565323460477582,-0.1867646562023086,0.1,L2,0,Pi0K,declared_source_target_coupled_correlation,17.67834278796187
7.447470388892037,8.045844304603731,1.9565323460477588,-0.18676465620230898,0.1,L2,0,PiCK,declared_source_target_coupled_correlation,17.67834278796187
7.447470388892037,8.24599337424611,2.509207780934506,-0.1668374862682925,0.1,L2,1,actual,declared_source_target_coupled_correlation,17.678342787944786
7.447470388892037,8.215175085577076,2.599816768889173,-0.13596796249439677,0.1,L2,1,Pi00,declared_source_target_coupled_correlation,17.678342787944786
7.447470388892037,8.215175085577068,2.599816768889166,-0.13596796249439438,0.1,L2,1,PiC0,declared_source_target_coupled_correlation,17.678342787944786
7.447470388892037,8.04584430461348,1.9565323460349855,-0.18676465621062652,0.1,L2,1,Pi0K,declared_source_target_coupled_correlation,17.678342787944786
7.447470388892037,8.045844304613475,1.9565323460349846,-0.18676465621062396,0.1,L2,1,PiCK,declared_source_target_coupled_correlation,17.678342787944786
7.447470388892037,8.211088170030235,2.5979808267901507,-0.1345758132081293,0.001,IRMV1,0,actual,declared_source_target_coupled_correlation,17.67834278796187
7.447470388892037,8.21517508556841,2.5998167689027483,-0.13596796248818746,0.001,IRMV1,0,Pi00,declared_source_target_coupled_correlation,17.67834278796187
7.447470388892037,8.17702229102202,2.607120448480581,-0.11850262964883436,0.001,IRMV1,0,PiC0,declared_source_target_coupled_correlation,17.67834278796187
7.447470388892037,8.246155652470863,2.592539062186157,-0.15053480021446722,0.001,IRMV1,0,Pi0K,declared_source_target_coupled_correlation,17.67834278796187
7.447470388892037,8.21106359332803,2.5981996046442273,-0.13452467754969627,0.001,IRMV1,0,PiCK,declared_source_target_coupled_correlation,17.67834278796187
7.447470388892037,8.219299060322623,2.602263193738727,-0.1372603658805217,0.001,IRMV1,1,actual,declared_source_target_coupled_correlation,17.678342787944786
7.447470388892037,8.215175085577076,2.599816768889173,-0.13596796249439677,0.001,IRMV1,1,Pi00,declared_source_target_coupled_correlation,17.678342787944786
7.447470388892037,8.185565664496796,2.6112116345637437,-0.12136223966717387,0.001,IRMV1,1,PiC0,declared_source_target_coupled_correlation,17.678342787944786
7.447470388892037,8.24615565247835,2.592539062173151,-0.15053480022016694,0.001,IRMV1,1,Pi0K,declared_source_target_coupled_correlation,17.678342787944786
7.447470388892037,8.219276995184217,2.602481981445401,-0.13721009317371494,0.001,IRMV1,1,PiCK,declared_source_target_coupled_correlation,17.678342787944786
7.447470388892037,8.183020614774533,2.5797219900718895,-0.12601353430160325,0.01,IRMV1,0,actual,declared_source_target_coupled_correlation,17.67834278796187
7.447470388892037,8.21517508556841,2.5998167689027483,-0.13596796248818746,0.01,IRMV1,0,Pi00,declared_source_target_coupled_correlation,17.67834278796187
7.447470388892037,7.839798596582404,2.7141788771569786,0.033866526412308924,0.01,IRMV1,0,PiC0,declared_source_target_coupled_correlation,17.67834278796187
7.447470388892037,8.389508134356786,2.5699443561853212,-0.21720475572036868,0.01,IRMV1,0,Pi0K,declared_source_target_coupled_correlation,17.67834278796187
7.447470388892037,8.182567658297955,2.581780166404167,-0.1254440624397958,0.01,IRMV1,0,PiCK,declared_source_target_coupled_correlation,17.67834278796187
7.447470388892037,8.250255518484662,2.6263750662931056,-0.14581028948607364,0.01,IRMV1,1,actual,declared_source_target_coupled_correlation,17.678342787944786
7.447470388892037,8.215175085577076,2.599816768889173,-0.13596796249439677,0.01,IRMV1,1,Pi00,declared_source_target_coupled_correlation,17.678342787944786
7.447470388892037,7.925713307760652,2.7453289525549107,0.004517192066792856,0.01,IRMV1,1,PiC0,declared_source_target_coupled_correlation,17.678342787944786
7.447470388892037,8.389508134358813,2.5699443561742736,-0.21720475572367434,0.01,IRMV1,1,Pi0K,declared_source_target_coupled_correlation,17.678342787944786
7.447470388892037,8.249915450938078,2.6284252287754537,-0.14527805816395467,0.01,IRMV1,1,PiCK,declared_source_target_coupled_correlation,17.678342787944786
7.447470388892037,7.988406311518881,2.4043529520397504,-0.07173174481108946,0.1,IRMV1,0,actual,declared_source_target_coupled_correlation,17.67834278796187
7.447470388892037,8.21517508556841,2.5998167689027483,-0.13596796248818746,0.1,IRMV1,0,Pi00,declared_source_target_coupled_correlation,17.67834278796187
7.447470388892037,5.4740002454256205,5.964764723046582,0.6874745940369985,0.1,IRMV1,0,PiC0,declared_source_target_coupled_correlation,17.67834278796187
7.447470388892037,8.551521371737016,2.594464637962894,-0.2828988580860431,0.1,IRMV1,0,Pi0K,declared_source_target_coupled_correlation,17.67834278796187
7.447470388892037,7.985005051607275,2.4266039683855207,-0.06659682132356264,0.1,IRMV1,0,PiCK,declared_source_target_coupled_correlation,17.67834278796187
7.447470388892037,8.508882891846032,2.904616093168516,-0.19645575044393554,0.1,IRMV1,1,actual,declared_source_target_coupled_correlation,17.678342787944786
7.447470388892037,8.215175085577076,2.599816768889173,-0.13596796249439677,0.1,IRMV1,1,Pi00,declared_source_target_coupled_correlation,17.678342787944786
7.447470388892037,6.258339484088984,5.7390155428721386,0.5759590398878089,0.1,IRMV1,1,PiC0,declared_source_target_coupled_correlation,17.678342787944786
7.447470388892037,8.551521371733182,2.5944646379525533,-0.2828988580868631,0.1,IRMV1,1,Pi0K,declared_source_target_coupled_correlation,17.678342787944786
7.447470388892037,8.50570562643646,2.9265048931071216,-0.1908180725386695,0.1,IRMV1,1,PiCK,declared_source_target_coupled_correlation,17.678342787944786
7.447470388892037,8.214296091319653,2.5977593557676175,-0.13597878848209033,0.001,VREX,0,actual,declared_source_target_coupled_correlation,17.67834278796187
7.447470388892037,8.21517508556841,2.5998167689027483,-0.13596796248818746,0.001,VREX,0,Pi00,declared_source_target_coupled_correlation,17.67834278796187
7.447470388892037,8.214540885365826,2.5983742775569323,-0.1359679624881831,0.001,VREX,0,PiC0,declared_source_target_coupled_correlation,17.67834278796187
7.447470388892037,8.214975264166492,2.5993333100401936,-0.13597337607010784,0.001,VREX,0,Pi0K,declared_source_target_coupled_correlation,17.67834278796187
7.447470388892037,8.214341244259412,2.5978910869383625,-0.1359733760701037,0.001,VREX,0,PiCK,declared_source_target_coupled_correlation,17.67834278796187
7.447470388892037,8.215564074389956,2.6006432656728724,-0.13597878848558412,0.001,VREX,1,actual,declared_source_target_coupled_correlation,17.678342787944786
7.447470388892037,8.215175085577076,2.599816768889173,-0.13596796249439677,0.001,VREX,1,Pi00,declared_source_target_coupled_correlation,17.678342787944786
7.447470388892037,8.215809490089653,2.6012592602351456,-0.13596796249439916,0.001,VREX,1,PiC0,declared_source_target_coupled_correlation,17.678342787944786
7.447470388892037,8.214975264175154,2.5993333100266174,-0.13597337607631696,0.001,VREX,1,Pi0K,declared_source_target_coupled_correlation,17.678342787944786
7.447470388892037,8.21560948833085,2.6007755331286035,-0.13597337607632157,0.001,VREX,1,PiCK,declared_source_target_coupled_correlation,17.678342787944786
7.447470388892037,8.206430781253141,2.579308247376783,-0.1360761195674681,0.01,VREX,0,actual,declared_source_target_coupled_correlation,17.67834278796187
7.447470388892037,8.21517508556841,2.5998167689027483,-0.13596796248818746,0.01,VREX,0,Pi00,declared_source_target_coupled_correlation,17.67834278796187
7.447470388892037,8.208842285297456,2.5853918554445916,-0.13596796248814022,0.01,VREX,0,PiC0,declared_source_target_coupled_correlation,17.67834278796187
7.447470388892037,8.213181303781324,2.594990329365418,-0.13602210005849605,0.01,VREX,0,Pi0K,declared_source_target_coupled_correlation,17.67834278796187
7.447470388892037,8.206866465618255,2.580592195091649,-0.1360221000584472,0.01,VREX,0,PiCK,declared_source_target_coupled_correlation,17.67834278796187
7.447470388892037,8.219054893301253,2.6080511466356704,-0.1360761195709771,0.01,VREX,1,actual,declared_source_target_coupled_correlation,17.678342787944786
7.447470388892037,8.215175085577076,2.599816768889173,-0.13596796249439677,0.01,VREX,1,Pi00,declared_source_target_coupled_correlation,17.678342787944786
7.447470388892037,8.22152831684058,2.61424168234899,-0.13596796249442483,0.01,VREX,1,PiC0,declared_source_target_coupled_correlation,17.678342787944786
7.447470388892037,8.213181303790005,2.594990329351865,-0.136022100064716,0.01,VREX,1,Pi0K,declared_source_target_coupled_correlation,17.678342787944786
7.447470388892037,8.219516511679542,2.6093884636272953,-0.1360221000647434,0.01,VREX,1,PiCK,declared_source_target_coupled_correlation,17.678342787944786
7.447470388892037,8.13209590726647,2.4010671600678375,-0.1370394523045506,0.1,VREX,0,actual,declared_source_target_coupled_correlation,17.67834278796187
7.447470388892037,8.21517508556841,2.5998167689027483,-0.13596796248818746,0.1,VREX,0,Pi00,declared_source_target_coupled_correlation,17.67834278796187
7.447470388892037,8.152774282508044,2.45556763432119,-0.13596796248768253,0.1,VREX,0,PiC0,declared_source_target_coupled_correlation,17.67834278796187
7.447470388892037,8.195670770168077,2.5523524549888683,-0.13650951407312062,0.1,VREX,0,Pi0K,declared_source_target_coupled_correlation,17.67834278796187
7.447470388892037,8.13499977181964,2.4107368468494306,-0.13650951407260528,0.1,VREX,0,PiCK,declared_source_target_coupled_correlation,17.67834278796187
7.447470388892037,8.252986063248574,2.679211183265118,-0.1370394523082137,0.1,VREX,1,actual,declared_source_target_coupled_correlation,17.678342787944786
7.447470388892037,8.215175085577076,2.599816768889173,-0.13596796249439677,0.1,VREX,1,Pi00,declared_source_target_coupled_correlation,17.678342787944786
7.447470388892037,8.279618982627627,2.7440659034874124,-0.13596796249465892,0.1,VREX,1,PiC0,declared_source_target_coupled_correlation,17.678342787944786
7.447470388892037,8.195670770176969,2.5523524549755656,-0.1365095140794526,0.1,VREX,1,Pi0K,declared_source_target_coupled_correlation,17.678342787944786
7.447470388892037,8.25832473445285,2.6939680631313747,-0.13650951407972137,0.1,VREX,1,PiCK,declared_source_target_coupled_correlation,17.678342787944786
7.447470388892037,8.21517508562192,2.59981676895583,-0.1359679625009875,0.0,L2,0,actual,mechanism_defined_hidden,17.67834278796187
7.447470388892037,8.21517508556841,2.5998167689027483,-0.13596796248818746,0.0,L2,0,Pi00,mechanism_defined_hidden,17.67834278796187
7.447470388892037,8.21517508556841,2.5998167689027483,-0.13596796248818746,0.0,L2,0,PiC0,mechanism_defined_hidden,17.67834278796187
7.447470388892037,8.21517508556841,2.5998167689027483,-0.13596796248818746,0.0,L2,0,Pi0K,mechanism_defined_hidden,17.67834278796187
7.447470388892037,8.21517508556841,2.5998167689027483,-0.13596796248818746,0.0,L2,0,PiCK,mechanism_defined_hidden,17.67834278796187
7.447470388892037,8.215175085630058,2.599816768955618,-0.13596796250448048,0.0,L2,1,actual,mechanism_defined_hidden,17.678342787944786
7.447470388892037,8.215175085577076,2.599816768889173,-0.13596796249439677,0.0,L2,1,Pi00,mechanism_defined_hidden,17.678342787944786
7.447470388892037,8.215175085577076,2.599816768889173,-0.13596796249439677,0.0,L2,1,PiC0,mechanism_defined_hidden,17.678342787944786
7.447470388892037,8.215175085577076,2.599816768889173,-0.13596796249439677,0.0,L2,1,Pi0K,mechanism_defined_hidden,17.678342787944786
7.447470388892037,8.215175085577076,2.599816768889173,-0.13596796249439677,0.0,L2,1,PiCK,mechanism_defined_hidden,17.678342787944786
7.447470388892037,8.221375410896567,2.5904237894342614,-0.14036579197490992,0.001,L2,0,actual,mechanism_defined_hidden,17.67834278796187
7.447470388892037,8.21517508556841,2.5998167689027483,-0.13596796248818746,0.001,L2,0,Pi00,mechanism_defined_hidden,17.67834278796187
7.447470388892037,8.21517508556841,2.5998167689027483,-0.13596796248818746,0.001,L2,0,PiC0,mechanism_defined_hidden,17.67834278796187
7.447470388892037,8.209461867756199,2.556960399293179,-0.14158574067594132,0.001,L2,0,Pi0K,mechanism_defined_hidden,17.67834278796187
7.447470388892037,8.209461867756199,2.556960399293179,-0.14158574067594137,0.001,L2,0,PiCK,mechanism_defined_hidden,17.67834278796187
7.447470388892037,8.221375410904736,2.5904237894341606,-0.1403657919784108,0.001,L2,1,actual,mechanism_defined_hidden,17.678342787944786
7.447470388892037,8.215175085577076,2.599816768889173,-0.13596796249439677,0.001,L2,1,Pi00,mechanism_defined_hidden,17.678342787944786
7.447470388892037,8.215175085577076,2.599816768889173,-0.13596796249439677,0.001,L2,1,PiC0,mechanism_defined_hidden,17.678342787944786
7.447470388892037,8.20946186776491,2.5569603992795953,-0.14158574068227364,0.001,L2,1,Pi0K,mechanism_defined_hidden,17.678342787944786
7.447470388892037,8.20946186776491,2.5569603992795953,-0.14158574068227364,0.001,L2,1,PiCK,mechanism_defined_hidden,17.678342787944786
7.447470388892037,8.25978186043501,2.580913542011529,-0.1586280250778675,0.01,L2,0,actual,mechanism_defined_hidden,17.67834278796187
7.447470388892037,8.21517508556841,2.5998167689027483,-0.13596796248818746,0.01,L2,0,Pi00,mechanism_defined_hidden,17.67834278796187
7.447470388892037,8.21517508556841,2.5998167689027487,-0.13596796248818738,0.01,L2,0,PiC0,mechanism_defined_hidden,17.67834278796187
7.447470388892037,8.193547904016421,2.3984704600485554,-0.16561900676568608,0.01,L2,0,Pi0K,mechanism_defined_hidden,17.67834278796187
7.447470388892037,8.193547904016421,2.3984704600485554,-0.16561900676568603,0.01,L2,0,PiCK,mechanism_defined_hidden,17.67834278796187
7.447470388892037,8.259781860443125,2.580913542011528,-0.15862802508135485,0.01,L2,1,actual,mechanism_defined_hidden,17.678342787944786
7.447470388892037,8.215175085577076,2.599816768889173,-0.13596796249439677,0.01,L2,1,Pi00,mechanism_defined_hidden,17.678342787944786
7.447470388892037,8.215175085577075,2.5998167688891725,-0.1359679624943967,0.01,L2,1,PiC0,mechanism_defined_hidden,17.678342787944786
7.447470388892037,8.193547904025314,2.3984704600349787,-0.16561900677252517,0.01,L2,1,Pi0K,mechanism_defined_hidden,17.678342787944786
7.447470388892037,8.193547904025312,2.3984704600349778,-0.16561900677252495,0.01,L2,1,PiCK,mechanism_defined_hidden,17.678342787944786
7.447470388892037,8.245993374238754,2.5092077809353284,-0.1668374862648811,0.1,L2,0,actual,mechanism_defined_hidden,17.67834278796187
7.447470388892037,8.21517508556841,2.5998167689027483,-0.13596796248818746,0.1,L2,0,Pi00,mechanism_defined_hidden,17.67834278796187
7.447470388892037,8.215175085568411,2.599816768902749,-0.13596796248818768,0.1,L2,0,PiC0,mechanism_defined_hidden,17.67834278796187
7.447470388892037,8.04584430460373,1.9565323460477582,-0.1867646562023086,0.1,L2,0,Pi0K,mechanism_defined_hidden,17.67834278796187
7.447470388892037,8.045844304603731,1.9565323460477588,-0.18676465620230898,0.1,L2,0,PiCK,mechanism_defined_hidden,17.67834278796187
7.447470388892037,8.24599337424611,2.509207780934506,-0.1668374862682925,0.1,L2,1,actual,mechanism_defined_hidden,17.678342787944786
7.447470388892037,8.215175085577076,2.599816768889173,-0.13596796249439677,0.1,L2,1,Pi00,mechanism_defined_hidden,17.678342787944786
7.447470388892037,8.215175085577068,2.599816768889166,-0.13596796249439438,0.1,L2,1,PiC0,mechanism_defined_hidden,17.678342787944786
7.447470388892037,8.04584430461348,1.9565323460349855,-0.18676465621062652,0.1,L2,1,Pi0K,mechanism_defined_hidden,17.678342787944786
7.447470388892037,8.045844304613475,1.9565323460349846,-0.18676465621062396,0.1,L2,1,PiCK,mechanism_defined_hidden,17.678342787944786
7.447470388892037,8.211088170030235,2.5979808267901507,-0.1345758132081293,0.001,IRMV1,0,actual,mechanism_defined_hidden,17.67834278796187
7.447470388892037,8.21517508556841,2.5998167689027483,-0.13596796248818746,0.001,IRMV1,0,Pi00,mechanism_defined_hidden,17.67834278796187
7.447470388892037,8.17702229102202,2.607120448480581,-0.11850262964883436,0.001,IRMV1,0,PiC0,mechanism_defined_hidden,17.67834278796187
7.447470388892037,8.246155652470863,2.592539062186157,-0.15053480021446722,0.001,IRMV1,0,Pi0K,mechanism_defined_hidden,17.67834278796187
7.447470388892037,8.21106359332803,2.5981996046442273,-0.13452467754969627,0.001,IRMV1,0,PiCK,mechanism_defined_hidden,17.67834278796187
7.447470388892037,8.219299060322623,2.602263193738727,-0.1372603658805217,0.001,IRMV1,1,actual,mechanism_defined_hidden,17.678342787944786
7.447470388892037,8.215175085577076,2.599816768889173,-0.13596796249439677,0.001,IRMV1,1,Pi00,mechanism_defined_hidden,17.678342787944786
7.447470388892037,8.185565664496796,2.6112116345637437,-0.12136223966717387,0.001,IRMV1,1,PiC0,mechanism_defined_hidden,17.678342787944786
7.447470388892037,8.24615565247835,2.592539062173151,-0.15053480022016694,0.001,IRMV1,1,Pi0K,mechanism_defined_hidden,17.678342787944786
7.447470388892037,8.219276995184217,2.602481981445401,-0.13721009317371494,0.001,IRMV1,1,PiCK,mechanism_defined_hidden,17.678342787944786
7.447470388892037,8.183020614774533,2.5797219900718895,-0.12601353430160325,0.01,IRMV1,0,actual,mechanism_defined_hidden,17.67834278796187
7.447470388892037,8.21517508556841,2.5998167689027483,-0.13596796248818746,0.01,IRMV1,0,Pi00,mechanism_defined_hidden,17.67834278796187
7.447470388892037,7.839798596582404,2.7141788771569786,0.033866526412308924,0.01,IRMV1,0,PiC0,mechanism_defined_hidden,17.67834278796187
7.447470388892037,8.389508134356786,2.5699443561853212,-0.21720475572036868,0.01,IRMV1,0,Pi0K,mechanism_defined_hidden,17.67834278796187
7.447470388892037,8.182567658297955,2.581780166404167,-0.1254440624397958,0.01,IRMV1,0,PiCK,mechanism_defined_hidden,17.67834278796187
7.447470388892037,8.250255518484662,2.6263750662931056,-0.14581028948607364,0.01,IRMV1,1,actual,mechanism_defined_hidden,17.678342787944786
7.447470388892037,8.215175085577076,2.599816768889173,-0.13596796249439677,0.01,IRMV1,1,Pi00,mechanism_defined_hidden,17.678342787944786
7.447470388892037,7.925713307760652,2.7453289525549107,0.004517192066792856,0.01,IRMV1,1,PiC0,mechanism_defined_hidden,17.678342787944786
7.447470388892037,8.389508134358813,2.5699443561742736,-0.21720475572367434,0.01,IRMV1,1,Pi0K,mechanism_defined_hidden,17.678342787944786
7.447470388892037,8.249915450938078,2.6284252287754537,-0.14527805816395467,0.01,IRMV1,1,PiCK,mechanism_defined_hidden,17.678342787944786
7.447470388892037,7.988406311518881,2.4043529520397504,-0.07173174481108946,0.1,IRMV1,0,actual,mechanism_defined_hidden,17.67834278796187
7.447470388892037,8.21517508556841,2.5998167689027483,-0.13596796248818746,0.1,IRMV1,0,Pi00,mechanism_defined_hidden,17.67834278796187
7.447470388892037,5.4740002454256205,5.964764723046582,0.6874745940369985,0.1,IRMV1,0,PiC0,mechanism_defined_hidden,17.67834278796187
7.447470388892037,8.551521371737016,2.594464637962894,-0.2828988580860431,0.1,IRMV1,0,Pi0K,mechanism_defined_hidden,17.67834278796187
7.447470388892037,7.985005051607275,2.4266039683855207,-0.06659682132356264,0.1,IRMV1,0,PiCK,mechanism_defined_hidden,17.67834278796187
7.447470388892037,8.508882891846032,2.904616093168516,-0.19645575044393554,0.1,IRMV1,1,actual,mechanism_defined_hidden,17.678342787944786
7.447470388892037,8.215175085577076,2.599816768889173,-0.13596796249439677,0.1,IRMV1,1,Pi00,mechanism_defined_hidden,17.678342787944786
7.447470388892037,6.258339484088984,5.7390155428721386,0.5759590398878089,0.1,IRMV1,1,PiC0,mechanism_defined_hidden,17.678342787944786
7.447470388892037,8.551521371733182,2.5944646379525533,-0.2828988580868631,0.1,IRMV1,1,Pi0K,mechanism_defined_hidden,17.678342787944786
7.447470388892037,8.50570562643646,2.9265048931071216,-0.1908180725386695,0.1,IRMV1,1,PiCK,mechanism_defined_hidden,17.678342787944786
7.447470388892037,8.214296091319653,2.5977593557676175,-0.13597878848209033,0.001,VREX,0,actual,mechanism_defined_hidden,17.67834278796187
7.447470388892037,8.21517508556841,2.5998167689027483,-0.13596796248818746,0.001,VREX,0,Pi00,mechanism_defined_hidden,17.67834278796187
7.447470388892037,8.214540885365826,2.5983742775569323,-0.1359679624881831,0.001,VREX,0,PiC0,mechanism_defined_hidden,17.67834278796187
7.447470388892037,8.214975264166492,2.5993333100401936,-0.13597337607010784,0.001,VREX,0,Pi0K,mechanism_defined_hidden,17.67834278796187
7.447470388892037,8.214341244259412,2.5978910869383625,-0.1359733760701037,0.001,VREX,0,PiCK,mechanism_defined_hidden,17.67834278796187
7.447470388892037,8.215564074389956,2.6006432656728724,-0.13597878848558412,0.001,VREX,1,actual,mechanism_defined_hidden,17.678342787944786
7.447470388892037,8.215175085577076,2.599816768889173,-0.13596796249439677,0.001,VREX,1,Pi00,mechanism_defined_hidden,17.678342787944786
7.447470388892037,8.215809490089653,2.6012592602351456,-0.13596796249439916,0.001,VREX,1,PiC0,mechanism_defined_hidden,17.678342787944786
7.447470388892037,8.214975264175154,2.5993333100266174,-0.13597337607631696,0.001,VREX,1,Pi0K,mechanism_defined_hidden,17.678342787944786
7.447470388892037,8.21560948833085,2.6007755331286035,-0.13597337607632157,0.001,VREX,1,PiCK,mechanism_defined_hidden,17.678342787944786
7.447470388892037,8.206430781253141,2.579308247376783,-0.1360761195674681,0.01,VREX,0,actual,mechanism_defined_hidden,17.67834278796187
7.447470388892037,8.21517508556841,2.5998167689027483,-0.13596796248818746,0.01,VREX,0,Pi00,mechanism_defined_hidden,17.67834278796187
7.447470388892037,8.208842285297456,2.5853918554445916,-0.13596796248814022,0.01,VREX,0,PiC0,mechanism_defined_hidden,17.67834278796187
7.447470388892037,8.213181303781324,2.594990329365418,-0.13602210005849605,0.01,VREX,0,Pi0K,mechanism_defined_hidden,17.67834278796187
7.447470388892037,8.206866465618255,2.580592195091649,-0.1360221000584472,0.01,VREX,0,PiCK,mechanism_defined_hidden,17.67834278796187
7.447470388892037,8.219054893301253,2.6080511466356704,-0.1360761195709771,0.01,VREX,1,actual,mechanism_defined_hidden,17.678342787944786
7.447470388892037,8.215175085577076,2.599816768889173,-0.13596796249439677,0.01,VREX,1,Pi00,mechanism_defined_hidden,17.678342787944786
7.447470388892037,8.22152831684058,2.61424168234899,-0.13596796249442483,0.01,VREX,1,PiC0,mechanism_defined_hidden,17.678342787944786
7.447470388892037,8.213181303790005,2.594990329351865,-0.136022100064716,0.01,VREX,1,Pi0K,mechanism_defined_hidden,17.678342787944786
7.447470388892037,8.219516511679542,2.6093884636272953,-0.1360221000647434,0.01,VREX,1,PiCK,mechanism_defined_hidden,17.678342787944786
7.447470388892037,8.13209590726647,2.4010671600678375,-0.1370394523045506,0.1,VREX,0,actual,mechanism_defined_hidden,17.67834278796187
7.447470388892037,8.21517508556841,2.5998167689027483,-0.13596796248818746,0.1,VREX,0,Pi00,mechanism_defined_hidden,17.67834278796187
7.447470388892037,8.152774282508044,2.45556763432119,-0.13596796248768253,0.1,VREX,0,PiC0,mechanism_defined_hidden,17.67834278796187
7.447470388892037,8.195670770168077,2.5523524549888683,-0.13650951407312062,0.1,VREX,0,Pi0K,mechanism_defined_hidden,17.67834278796187
7.447470388892037,8.13499977181964,2.4107368468494306,-0.13650951407260528,0.1,VREX,0,PiCK,mechanism_defined_hidden,17.67834278796187
7.447470388892037,8.252986063248574,2.679211183265118,-0.1370394523082137,0.1,VREX,1,actual,mechanism_defined_hidden,17.678342787944786
7.447470388892037,8.215175085577076,2.599816768889173,-0.13596796249439677,0.1,VREX,1,Pi00,mechanism_defined_hidden,17.678342787944786
7.447470388892037,8.279618982627627,2.7440659034874124,-0.13596796249465892,0.1,VREX,1,PiC0,mechanism_defined_hidden,17.678342787944786
7.447470388892037,8.195670770176969,2.5523524549755656,-0.1365095140794526,0.1,VREX,1,Pi0K,mechanism_defined_hidden,17.678342787944786
7.447470388892037,8.25832473445285,2.6939680631313747,-0.13650951407972137,0.1,VREX,1,PiCK,mechanism_defined_hidden,17.678342787944786
12.16166821818166,14.474854551589862,6.368224508672749,-0.13596796250273382,0.0,L2,0,actual,mechanism_defined_exposed,30.619787902354
12.16166821818166,14.474854551447512,6.368224508526358,-0.13596796249129184,0.0,L2,0,Pi00,mechanism_defined_exposed,30.619787902354
12.16166821818166,14.474854551447512,6.368224508526358,-0.13596796249129184,0.0,L2,0,PiC0,mechanism_defined_exposed,30.619787902354
12.16166821818166,14.474854551447512,6.368224508526358,-0.13596796249129184,0.0,L2,0,Pi0K,mechanism_defined_exposed,30.619787902354
12.16166821818166,14.474854551447512,6.368224508526358,-0.13596796249129184,0.0,L2,0,PiCK,mechanism_defined_exposed,30.619787902354
1.0179556342414742e-11,1.8660552234026322e-11,9.976479398224302e-12,-7.253135058361737e-11,0.0,L2,1,actual,mechanism_defined_exposed,17.67834278795333
1.0179556342414742e-11,2.3602457857411813e-11,1.526015110254979e-11,-1.1029021895492639e-10,0.0,L2,1,Pi00,mechanism_defined_exposed,17.67834278795333
1.0179556342414742e-11,2.3602457857411813e-11,1.526015110254979e-11,-1.1029021895492639e-10,0.0,L2,1,PiC0,mechanism_defined_exposed,17.67834278795333
1.0179556342414742e-11,2.3602457857411813e-11,1.526015110254979e-11,-1.1029021895492639e-10,0.0,L2,1,Pi0K,mechanism_defined_exposed,17.67834278795333
1.0179556342414742e-11,2.3602457857411813e-11,1.526015110254979e-11,-1.1029021895492639e-10,0.0,L2,1,PiCK,mechanism_defined_exposed,17.67834278795333
12.16166821818166,14.485563795759411,6.345216501680628,-0.14036579197666008,0.001,L2,0,actual,mechanism_defined_exposed,30.619787902354
12.16166821818166,14.474854551447512,6.368224508526358,-0.13596796249129184,0.001,L2,0,Pi00,mechanism_defined_exposed,30.619787902354
12.16166821818166,14.474854551447512,6.368224508526358,-0.13596796249129178,0.001,L2,0,PiC0,mechanism_defined_exposed,30.619787902354
12.16166821818166,14.446593462658631,6.263248270754787,-0.14158574067910767,0.001,L2,0,Pi0K,mechanism_defined_exposed,30.619787902354
12.16166821818166,14.446593462658631,6.263248270754787,-0.14158574067910767,0.001,L2,0,PiCK,mechanism_defined_exposed,30.619787902354
1.0179556342414742e-11,1.8622000534828906e-11,9.880785393196876e-12,-7.276280830217954e-11,0.001,L2,1,actual,mechanism_defined_exposed,17.67834278795333
1.0179556342414742e-11,2.3602457857411813e-11,1.526015110254979e-11,-1.1029021895492639e-10,0.001,L2,1,Pi00,mechanism_defined_exposed,17.67834278795333
1.0179556342414742e-11,2.360238436280682e-11,1.526005944955433e-11,-1.1028988293866967e-10,0.001,L2,1,PiC0,mechanism_defined_exposed,17.67834278795333
1.0179556342414742e-11,2.353712117715196e-11,1.516113811479589e-11,-1.1025629852181117e-10,0.001,L2,1,Pi0K,mechanism_defined_exposed,17.67834278795333
1.0179556342414742e-11,2.3536979626375773e-11,1.5160972298057872e-11,-1.1025548079077697e-10,0.001,L2,1,PiCK,mechanism_defined_exposed,17.67834278795333
12.16166821818166,14.569321467599822,6.3219212481674365,-0.15862802507961102,0.01,L2,0,actual,mechanism_defined_exposed,30.619787902354
12.16166821818166,14.474854551447512,6.368224508526358,-0.13596796249129184,0.01,L2,0,Pi00,mechanism_defined_exposed,30.619787902354
12.16166821818166,14.47485455144751,6.368224508526358,-0.1359679624912917,0.01,L2,0,PiC0,mechanism_defined_exposed,30.619787902354
12.16166821818166,14.35580520879132,5.875028790240758,-0.16561900676910576,0.01,L2,0,Pi0K,mechanism_defined_exposed,30.619787902354
12.16166821818166,14.35580520879132,5.875028790240758,-0.1656190067691056,0.01,L2,0,PiCK,mechanism_defined_exposed,30.619787902354
1.0179556342414742e-11,1.8400399659288933e-11,9.396553536042313e-12,-7.332806096872743e-11,0.01,L2,1,actual,mechanism_defined_exposed,17.67834278795333
1.0179556342414742e-11,2.3602457857411813e-11,1.526015110254979e-11,-1.1029021895492639e-10,0.01,L2,1,Pi00,mechanism_defined_exposed,17.67834278795333
1.0179556342414742e-11,2.3601534914350206e-11,1.5258938365418308e-11,-1.1028694147263039e-10,0.01,L2,1,PiC0,mechanism_defined_exposed,17.67834278795333
1.0179556342414742e-11,2.3227752560047133e-11,1.4681610584737177e-11,-1.101777161502567e-10,0.01,L2,1,Pi0K,mechanism_defined_exposed,17.67834278795333
1.0179556342414742e-11,2.322714534375379e-11,1.468076675312573e-11,-1.1017600051589277e-10,0.01,L2,1,PiCK,mechanism_defined_exposed,17.67834278795333
12.16166821818166,14.512917947933287,6.146278721911818,-0.1668374862665867,0.1,L2,0,actual,mechanism_defined_exposed,30.619787902354
12.16166821818166,14.474854551447512,6.368224508526358,-0.13596796249129184,0.1,L2,0,Pi00,mechanism_defined_exposed,30.619787902354
12.16166821818166,14.474854551447502,6.3682245085263505,-0.13596796249129084,0.1,L2,0,PiC0,mechanism_defined_exposed,30.619787902354
12.16166821818166,13.879675537045465,4.79250591305185,-0.18676465620646776,0.1,L2,0,Pi0K,mechanism_defined_exposed,30.619787902354
12.16166821818166,13.87967553704546,4.7925059130518495,-0.18676465620646668,0.1,L2,0,PiCK,mechanism_defined_exposed,30.619787902354
1.0179556342414742e-11,1.754943645515266e-11,8.10115910290663e-12,-6.936528687721897e-11,0.1,L2,1,actual,mechanism_defined_exposed,17.67834278795333
1.0179556342414742e-11,2.3602457857411813e-11,1.526015110254979e-11,-1.1029021895492639e-10,0.1,L2,1,Pi00,mechanism_defined_exposed,17.67834278795333
1.0179556342414742e-11,2.359093591403087e-11,1.5246130537031688e-11,-1.1023219680965261e-10,0.1,L2,1,PiC0,mechanism_defined_exposed,17.67834278795333
1.0179556342414742e-11,2.246693851189064e-11,1.363611045241828e-11,-1.075982252490638e-10,0.1,L2,1,Pi0K,mechanism_defined_exposed,17.67834278795333
1.0179556342414742e-11,2.246219657528935e-11,1.3631398812447907e-11,-1.0755593703726906e-10,0.1,L2,1,PiCK,mechanism_defined_exposed,17.67834278795333
12.16166821818166,14.475003203434188,6.368961368829802,-0.13591942592141354,0.001,IRMV1,0,actual,mechanism_defined_exposed,30.619787902354
12.16166821818166,14.474854551447512,6.368224508526358,-0.13596796249129184,0.001,IRMV1,0,Pi00,mechanism_defined_exposed,30.619787902354
12.16166821818166,14.401270839159324,6.391113954765577,-0.11993377145592388,0.001,IRMV1,0,PiC0,mechanism_defined_exposed,30.619787902354
12.16166821818166,14.542550080114747,6.350397840573787,-0.15053480021731716,0.001,IRMV1,0,Pi0K,mechanism_defined_exposed,30.619787902354
12.16166821818166,14.475028862106232,6.369497269607173,-0.13586872201318156,0.001,IRMV1,0,PiCK,mechanism_defined_exposed,30.619787902354
1.0179556342414742e-11,0.007425180660986993,0.00742518065365616,-0.054432753229924885,0.001,IRMV1,1,actual,mechanism_defined_exposed,17.67834278795333
1.0179556342414742e-11,2.3602457857411813e-11,1.526015110254979e-11,-1.1029021895492639e-10,0.001,IRMV1,1,Pi00,mechanism_defined_exposed,17.67834278795333
1.0179556342414742e-11,0.007574459299420759,0.007574459291864113,-0.05723750871595675,0.001,IRMV1,1,PiC0,mechanism_defined_exposed,17.67834278795333
1.0179556342414742e-11,2.257754945523844e-11,1.4327891937491443e-11,-1.0041694235145461e-10,0.001,IRMV1,1,Pi0K,mechanism_defined_exposed,17.67834278795333
1.0179556342414742e-11,0.007426987531804845,0.007426987524473261,-0.05445157987682806,0.001,IRMV1,1,PiCK,mechanism_defined_exposed,17.67834278795333
12.16166821818166,14.47903844797212,6.375278767866596,-0.13601900013313037,0.01,IRMV1,0,actual,mechanism_defined_exposed,30.619787902354
12.16166821818166,14.474854551447512,6.368224508526358,-0.13596796249129184,0.01,IRMV1,0,Pi00,mechanism_defined_exposed,30.619787902354
12.16166821818166,13.765611004379986,6.685325898920466,0.019111498517567597,0.01,IRMV1,0,PiC0,mechanism_defined_exposed,30.619787902354
12.16166821818166,14.859055421155768,6.295052339985933,-0.21720475572202158,0.01,IRMV1,0,Pi0K,mechanism_defined_exposed,30.619787902354
12.16166821818166,14.478876603453783,6.380308282826822,-0.13546818686197634,0.01,IRMV1,0,PiCK,mechanism_defined_exposed,30.619787902354
1.0179556342414742e-11,0.06893290629865023,0.0689329062926072,-0.4165631247759744,0.01,IRMV1,1,actual,mechanism_defined_exposed,17.67834278795333
1.0179556342414742e-11,2.3602457857411813e-11,1.526015110254979e-11,-1.1029021895492639e-10,0.01,IRMV1,1,Pi00,mechanism_defined_exposed,17.67834278795333
1.0179556342414742e-11,0.07574459287909847,0.07574459287154184,-0.5723750861670966,0.01,IRMV1,1,PiC0,mechanism_defined_exposed,17.67834278795333
1.0179556342414742e-11,1.8075128454463626e-11,1.0584606033693634e-11,-5.552650821423032e-11,0.01,IRMV1,1,Pi0K,mechanism_defined_exposed,17.67834278795333
1.0179556342414742e-11,0.06901750695377572,0.06901750694772854,-0.4173613731092938,0.01,IRMV1,1,PiCK,mechanism_defined_exposed,17.67834278795333
12.16166821818166,14.539407794959521,6.430508110244669,-0.14152912698993703,0.1,IRMV1,0,actual,mechanism_defined_exposed,30.619787902354
12.16166821818166,14.474854551447512,6.368224508526358,-0.13596796249129184,0.1,IRMV1,0,Pi00,mechanism_defined_exposed,30.619787902354
12.16166821818166,11.450041102263787,14.276658565760775,0.6353403016741825,0.1,IRMV1,0,PiC0,mechanism_defined_exposed,30.619787902354
12.16166821818166,15.232316884690585,6.355114518691114,-0.2828988580864531,0.1,IRMV1,0,Pi0K,mechanism_defined_exposed,30.619787902354
12.16166821818166,14.539638060082103,6.48422466488586,-0.13600054875886228,0.1,IRMV1,0,PiCK,mechanism_defined_exposed,30.619787902354
1.0179556342414742e-11,0.6587080142546216,0.6587080142502707,-0.4274022181417881,0.1,IRMV1,1,actual,mechanism_defined_exposed,17.67834278795333
1.0179556342414742e-11,2.3602457857411813e-11,1.526015110254979e-11,-1.1029021895492639e-10,0.1,IRMV1,1,Pi00,mechanism_defined_exposed,17.67834278795333
1.0179556342414742e-11,0.7574459286758644,0.7574459286683077,-0.7423355100928458,0.1,IRMV1,1,PiC0,mechanism_defined_exposed,17.67834278795333
1.0179556342414742e-11,1.3963468343999976e-11,8.497800634964871e-12,-9.571232616941958e-12,0.1,IRMV1,1,Pi0K,mechanism_defined_exposed,17.67834278795333
1.0179556342414742e-11,0.6616503662820663,0.6616503662777494,-0.4240756303313888,0.1,IRMV1,1,PiCK,mechanism_defined_exposed,17.67834278795333
12.16166821818166,14.474077046166046,6.366716950037828,-0.13597878848383813,0.001,VREX,0,actual,mechanism_defined_exposed,30.619787902354
12.16166821818166,14.474854551447512,6.368224508526358,-0.13596796249129184,0.001,VREX,0,Pi00,mechanism_defined_exposed,30.619787902354
12.16166821818166,14.474854551447628,6.368224508526553,-0.1359679624912931,0.001,VREX,0,PiC0,mechanism_defined_exposed,30.619787902354
12.16166821818166,14.474227259252478,6.367040281001475,-0.13597337607321272,0.001,VREX,0,Pi0K,mechanism_defined_exposed,30.619787902354
12.16166821818166,14.474227259252592,6.367040281001663,-0.1359733760732144,0.001,VREX,0,PiCK,mechanism_defined_exposed,30.619787902354
1.0179556342414742e-11,0.002039232257049264,0.002039232255665276,-0.00282227348788638,0.001,VREX,1,actual,mechanism_defined_exposed,17.67834278795333
1.0179556342414742e-11,2.3602457857411813e-11,1.526015110254979e-11,-1.1029021895492639e-10,0.001,VREX,1,Pi00,mechanism_defined_exposed,17.67834278795333
1.0179556342414742e-11,0.002039990822083547,0.002039990820699669,-0.0028230985690868462,0.001,VREX,1,PiC0,mechanism_defined_exposed,17.67834278795333
1.0179556342414742e-11,2.3600054611647514e-11,1.5258373326679627e-11,-1.1026062688401031e-10,0.001,VREX,1,Pi0K,mechanism_defined_exposed,17.67834278795333
1.0179556342414742e-11,0.002039611467799693,0.002039611466415759,-0.002822685987715364,0.001,VREX,1,PiCK,mechanism_defined_exposed,17.67834278795333
12.16166821818166,14.467106644927254,6.353191813881717,-0.1360761195692324,0.01,VREX,0,actual,mechanism_defined_exposed,30.619787902354
12.16166821818166,14.474854551447512,6.368224508526358,-0.13596796249129184,0.01,VREX,0,Pi00,mechanism_defined_exposed,30.619787902354
12.16166821818166,14.474854551448674,6.3682245085283755,-0.1359679624912998,0.01,VREX,0,PiC0,mechanism_defined_exposed,30.619787902354
12.16166821818166,14.46859534335598,6.3564021943855336,-0.1360221000616061,0.01,VREX,0,Pi0K,mechanism_defined_exposed,30.619787902354
12.16166821818166,14.468595343357133,6.3564021943875515,-0.1360221000616127,0.01,VREX,0,PiCK,mechanism_defined_exposed,30.619787902354
1.0179556342414742e-11,0.020324298983623274,0.020324298982238295,-0.028148727529934286,0.01,VREX,1,actual,mechanism_defined_exposed,17.67834278795333
1.0179556342414742e-11,2.3602457857411813e-11,1.526015110254979e-11,-1.1029021895492639e-10,0.01,VREX,1,Pi00,mechanism_defined_exposed,17.67834278795333
1.0179556342414742e-11,0.020399908246871698,0.02039990824548782,-0.028230984698480413,0.01,VREX,1,PiC0,mechanism_defined_exposed,17.67834278795333
1.0179556342414742e-11,2.3600177900621472e-11,1.525743469671464e-11,-1.1027785804403709e-10,0.01,VREX,1,Pi0K,mechanism_defined_exposed,17.67834278795333
1.0179556342414742e-11,0.02036203676112854,0.020362036759744108,-0.02818979663257802,0.01,VREX,1,PiCK,mechanism_defined_exposed,17.67834278795333
12.16166821818166,14.399989187876896,6.22204484623863,-0.13703945230648223,0.1,VREX,0,actual,mechanism_defined_exposed,30.619787902354
12.16166821818166,14.474854551447512,6.368224508526358,-0.13596796249129184,0.1,VREX,0,Pi00,mechanism_defined_exposed,30.619787902354
12.16166821818166,14.474854551459128,6.36822450854662,-0.1359679624913645,0.1,VREX,0,PiC0,mechanism_defined_exposed,30.619787902354
12.16166821818166,14.413604569176428,6.251961158446401,-0.1365095140762865,0.1,VREX,0,Pi0K,mechanism_defined_exposed,30.619787902354
12.16166821818166,14.41360456918774,6.25196115846629,-0.1365095140763609,0.1,VREX,0,PiCK,mechanism_defined_exposed,30.619787902354
1.0179556342414742e-11,0.19667752495590762,0.19667752495451285,-0.13701828124004545,0.1,VREX,1,actual,mechanism_defined_exposed,17.67834278795333
1.0179556342414742e-11,2.3602457857411813e-11,1.526015110254979e-11,-1.1029021895492639e-10,0.1,VREX,1,Pi00,mechanism_defined_exposed,17.67834278795333
1.0179556342414742e-11,0.20399908249473145,0.2039990824933476,-0.13594679096357387,0.1,VREX,1,PiC0,mechanism_defined_exposed,17.67834278795333
1.0179556342414742e-11,2.3600413523689368e-11,1.5241269920542465e-11,-1.1052992118495563e-10,0.1,VREX,1,Pi0K,mechanism_defined_exposed,17.67834278795333
1.0179556342414742e-11,0.20027471368329847,0.20027471368190908,-0.136488342781696,0.1,VREX,1,PiCK,mechanism_defined_exposed,17.67834278795333
2.7957603887844975,3.1437346978045992,2.989513149591005,0.4110090956853761,0.0,L2,0,actual,irrelevant_source_diversity,43.202787612026555
2.7957603887844975,3.1437346978463476,2.9895131496341776,0.4110090956791795,0.0,L2,0,Pi00,irrelevant_source_diversity,43.202787612026555
2.7957603887844975,3.1437346978463476,2.9895131496341776,0.4110090956791795,0.0,L2,0,PiC0,irrelevant_source_diversity,43.202787612026555
2.7957603887844975,3.1437346978463476,2.9895131496341776,0.4110090956791795,0.0,L2,0,Pi0K,irrelevant_source_diversity,43.202787612026555
2.7957603887844975,3.1437346978463476,2.9895131496341776,0.4110090956791795,0.0,L2,0,PiCK,irrelevant_source_diversity,43.202787612026555
0.571468100288234,0.6303765244579492,0.19949221312312845,-0.1359679625301416,0.0,L2,1,actual,irrelevant_source_diversity,17.678342787952406
0.571468100288234,0.6303765244542349,0.19949221310910684,-0.1359679625436964,0.0,L2,1,Pi00,irrelevant_source_diversity,17.678342787952406
0.571468100288234,0.6303765244542349,0.19949221310910684,-0.1359679625436964,0.0,L2,1,PiC0,irrelevant_source_diversity,17.678342787952406
0.571468100288234,0.6303765244542349,0.19949221310910684,-0.1359679625436964,0.0,L2,1,Pi0K,irrelevant_source_diversity,17.678342787952406
0.571468100288234,0.6303765244542349,0.19949221310910684,-0.1359679625436964,0.0,L2,1,PiCK,irrelevant_source_diversity,17.678342787952406
10.138381450986342,11.586545813290153,3.753850206237901,-0.228202873296726,0.0,L2,2,actual,irrelevant_source_diversity,13.941137790278818
10.138381450986342,11.586545813201077,3.7538502061139387,-0.22820287328937008,0.0,L2,2,Pi00,irrelevant_source_diversity,13.941137790278818
10.138381450986342,11.586545813201077,3.7538502061139387,-0.22820287328937008,0.0,L2,2,PiC0,irrelevant_source_diversity,13.941137790278818
10.138381450986342,11.586545813201077,3.7538502061139387,-0.22820287328937008,0.0,L2,2,Pi0K,irrelevant_source_diversity,13.941137790278818
10.138381450986342,11.586545813201077,3.7538502061139387,-0.22820287328937008,0.0,L2,2,PiCK,irrelevant_source_diversity,13.941137790278818
2.7957603887844975,3.0830992747355945,2.923241640119692,0.4194532288568615,0.001,L2,0,actual,irrelevant_source_diversity,43.202787612026555
2.7957603887844975,3.1437346978463476,2.9895131496341776,0.4110090956791795,0.001,L2,0,Pi00,irrelevant_source_diversity,43.202787612026555
2.7957603887844975,3.1437346978463476,2.9895131496341776,0.4110090956791795,0.001,L2,0,PiC0,irrelevant_source_diversity,43.202787612026555
2.7957603887844975,3.1150216310928314,2.953519756051301,0.4139469057644636,0.001,L2,0,Pi0K,irrelevant_source_diversity,43.202787612026555
2.7957603887844975,3.1150216310928323,2.9535197560513016,0.41394690576446347,0.001,L2,0,PiCK,irrelevant_source_diversity,43.202787612026555
0.571468100288234,0.6308522951453148,0.19877145991669753,-0.14036579200412616,0.001,L2,1,actual,irrelevant_source_diversity,17.678342787952406
0.571468100288234,0.6303765244542349,0.19949221310910684,-0.1359679625436964,0.001,L2,1,Pi00,irrelevant_source_diversity,17.678342787952406
0.571468100288234,0.6303765244542349,0.1994922131091068,-0.13596796254369622,0.001,L2,1,PiC0,irrelevant_source_diversity,17.678342787952406
0.571468100288234,0.6299381310724652,0.19620370750286975,-0.1415857407325912,0.001,L2,1,Pi0K,irrelevant_source_diversity,17.678342787952406
0.571468100288234,0.6299381310724651,0.19620370750286975,-0.14158574073259073,0.001,L2,1,PiCK,irrelevant_source_diversity,17.678342787952406
10.138381450986342,11.593138392230605,3.7360467451009076,-0.2330677767411111,0.001,L2,2,actual,irrelevant_source_diversity,13.941137790278818
10.138381450986342,11.586545813201077,3.7538502061139387,-0.22820287328937008,0.001,L2,2,Pi00,irrelevant_source_diversity,13.941137790278818
10.138381450986342,11.586545813201077,3.7538502061139387,-0.22820287328937008,0.001,L2,2,PiC0,irrelevant_source_diversity,13.941137790278818
10.138381450986342,11.578394410922067,3.6990794466207175,-0.23450658279583678,0.001,L2,2,Pi0K,irrelevant_source_diversity,13.941137790278818
10.138381450986342,11.578394410922067,3.6990794466207175,-0.23450658279583678,0.001,L2,2,PiCK,irrelevant_source_diversity,13.941137790278818
2.7957603887844975,2.9739134326696863,2.840774907464288,0.44333955146633675,0.01,L2,0,actual,irrelevant_source_diversity,43.202787612026555
2.7957603887844975,3.1437346978463476,2.9895131496341776,0.4110090956791795,0.01,L2,0,Pi00,irrelevant_source_diversity,43.202787612026555
2.7957603887844975,3.1437346978463476,2.989513149634178,0.4110090956791797,0.01,L2,0,PiC0,irrelevant_source_diversity,43.202787612026555
2.7957603887844975,3.0240049102940816,2.839566633332307,0.42417325700728076,0.01,L2,0,Pi0K,irrelevant_source_diversity,43.202787612026555
2.7957603887844975,3.024004910294082,2.8395666333323075,0.42417325700728087,0.01,L2,0,PiCK,irrelevant_source_diversity,43.202787612026555
0.571468100288234,0.6337993442250576,0.1980417083710427,-0.15862802510679408,0.01,L2,1,actual,irrelevant_source_diversity,17.678342787952406
0.571468100288234,0.6303765244542349,0.19949221310910684,-0.1359679625436964,0.01,L2,1,Pi00,irrelevant_source_diversity,17.678342787952406
0.571468100288234,0.6303765244542344,0.19949221310910625,-0.1359679625436954,0.01,L2,1,PiC0,irrelevant_source_diversity,17.678342787952406
0.571468100288234,0.6287170019976804,0.18404227016029068,-0.16561900682704292,0.01,L2,1,Pi0K,irrelevant_source_diversity,17.678342787952406
0.571468100288234,0.62871700199768,0.1840422701602901,-0.16561900682704175,0.01,L2,1,PiCK,irrelevant_source_diversity,17.678342787952406
10.138381450986342,11.656117101948842,3.725042640502901,-0.2542285917007002,0.01,L2,2,actual,irrelevant_source_diversity,13.941137790278818
10.138381450986342,11.586545813201077,3.7538502061139387,-0.22820287328937008,0.01,L2,2,Pi00,irrelevant_source_diversity,13.941137790278818
10.138381450986342,11.586545813201077,3.753850206113939,-0.22820287328937028,0.01,L2,2,PiC0,irrelevant_source_diversity,13.941137790278818
10.138381450986342,11.557109804199559,3.4995048441866365,-0.2611870385063519,0.01,L2,2,Pi0K,irrelevant_source_diversity,13.941137790278818
10.138381450986342,11.557109804199559,3.4995048441866357,-0.2611870385063516,0.01,L2,2,PiCK,irrelevant_source_diversity,13.941137790278818
2.7957603887844975,2.727198439772538,2.798417481082372,0.5246750412830935,0.1,L2,0,actual,irrelevant_source_diversity,43.202787612026555
2.7957603887844975,3.1437346978463476,2.9895131496341776,0.4110090956791795,0.1,L2,0,Pi00,irrelevant_source_diversity,43.202787612026555
2.7957603887844975,3.1437346978463494,2.9895131496341842,0.41100909567918037,0.1,L2,0,PiC0,irrelevant_source_diversity,43.202787612026555
2.7957603887844975,2.861377901227163,2.710010732095278,0.46016718847797455,0.1,L2,0,Pi0K,irrelevant_source_diversity,43.202787612026555
2.7957603887844975,2.8613779012271614,2.7100107320952804,0.46016718847797566,0.1,L2,0,PiCK,irrelevant_source_diversity,43.202787612026555
0.571468100288234,0.632741309804431,0.19253949715998622,-0.166837486292294,0.1,L2,1,actual,irrelevant_source_diversity,17.678342787952406
0.571468100288234,0.6303765244542349,0.19949221310910684,-0.1359679625436964,0.1,L2,1,Pi00,irrelevant_source_diversity,17.678342787952406
0.571468100288234,0.6303765244542278,0.19949221310910137,-0.13596796254367036,0.1,L2,1,PiC0,irrelevant_source_diversity,17.678342787952406
0.571468100288234,0.6173832348324428,0.15013095245620842,-0.18676465627694366,0.1,L2,1,Pi0K,irrelevant_source_diversity,17.678342787952406
0.571468100288234,0.6173832348324386,0.15013095245620703,-0.18676465627691755,0.1,L2,1,PiCK,irrelevant_source_diversity,17.678342787952406
10.138381450986342,11.707623689629356,3.692918549916276,-0.27569320226551774,0.1,L2,2,actual,irrelevant_source_diversity,13.941137790278818
10.138381450986342,11.586545813201077,3.7538502061139387,-0.22820287328937008,0.1,L2,2,Pi00,irrelevant_source_diversity,13.941137790278818
10.138381450986342,11.586545813201074,3.7538502061139356,-0.2282028732893695,0.1,L2,2,PiC0,irrelevant_source_diversity,13.941137790278818
10.138381450986342,11.372680360083526,2.9537473060779518,-0.29764121857162645,0.1,L2,2,Pi0K,irrelevant_source_diversity,13.941137790278818
10.138381450986342,11.372680360083526,2.9537473060779518,-0.29764121857162584,0.1,L2,2,PiCK,irrelevant_source_diversity,13.941137790278818
2.7957603887844975,3.143809533431756,2.989500420581283,0.41097814387935994,0.001,IRMV1,0,actual,irrelevant_source_diversity,43.202787612026555
2.7957603887844975,3.1437346978463476,2.9895131496341776,0.4110090956791795,0.001,IRMV1,0,Pi00,irrelevant_source_diversity,43.202787612026555
2.7957603887844975,3.1228055022759507,3.1169553054961607,0.44638168732313105,0.001,IRMV1,0,PiC0,irrelevant_source_diversity,43.202787612026555
2.7957603887844975,3.1724736898059818,2.8795071432412964,0.37533782241417823,0.001,IRMV1,0,Pi0K,irrelevant_source_diversity,43.202787612026555
2.7957603887844975,3.1435802517326756,2.9896177539808257,0.41109021885118036,0.001,IRMV1,0,PiCK,irrelevant_source_diversity,43.202787612026555
0.571468100288234,0.6361921085407947,0.20265203514193728,-0.16016331366824835,0.001,IRMV1,1,actual,irrelevant_source_diversity,17.678342787952406
0.571468100288234,0.6303765244542349,0.19949221310910684,-0.1359679625436964,0.001,IRMV1,1,Pi00,irrelevant_source_diversity,17.678342787952406
0.571468100288234,0.6338252704981218,0.20321815074409535,-0.1457861129489602,0.001,IRMV1,1,PiC0,irrelevant_source_diversity,17.678342787952406
0.571468100288234,0.6327537619299377,0.19893377151595304,-0.150534800265565,0.001,IRMV1,1,Pi0K,irrelevant_source_diversity,17.678342787952406
0.571468100288234,0.6361920972328329,0.20266888636543848,-0.16012044814749266,0.001,IRMV1,1,PiCK,irrelevant_source_diversity,17.678342787952406
10.138381450986342,11.58621371410637,3.7540482848833077,-0.2280701963588673,0.001,IRMV1,2,actual,irrelevant_source_diversity,13.941137790278818
10.138381450986342,11.586545813201077,3.7538502061139387,-0.22820287328937008,0.001,IRMV1,2,Pi00,irrelevant_source_diversity,13.941137790278818
10.138381450986342,11.57375512010384,3.754606863994028,-0.22419113355512968,0.001,IRMV1,2,PiC0,irrelevant_source_diversity,13.941137790278818
10.138381450986342,11.597958390304848,3.7537742225312405,-0.23169126741312487,0.001,IRMV1,2,Pi0K,irrelevant_source_diversity,13.941137790278818
10.138381450986342,11.586285881364093,3.7543897917003815,-0.22803773483904752,0.001,IRMV1,2,PiCK,irrelevant_source_diversity,13.941137790278818
2.7957603887844975,3.1447198846801094,2.989077592619161,0.4105425062494357,0.01,IRMV1,0,actual,irrelevant_source_diversity,43.202787612026555
2.7957603887844975,3.1437346978463476,2.9895131496341776,0.4110090956791795,0.01,IRMV1,0,Pi00,irrelevant_source_diversity,43.202787612026555
2.7957603887844975,3.4389647859887975,4.469267425528996,0.638821432815517,0.01,IRMV1,0,PiC0,irrelevant_source_diversity,43.202787612026555
2.7957603887844975,3.4134120743386527,2.4712235754485086,0.16441285985368123,0.01,IRMV1,0,Pi0K,irrelevant_source_diversity,43.202787612026555
2.7957603887844975,3.14231890775834,2.989973790830732,0.411642854697773,0.01,IRMV1,0,PiCK,irrelevant_source_diversity,43.202787612026555
0.571468100288234,0.6797852130489136,0.240378963097088,-0.2829974434475106,0.01,IRMV1,1,actual,irrelevant_source_diversity,17.678342787952406
0.571468100288234,0.6303765244542349,0.19949221310910684,-0.1359679625436964,0.01,IRMV1,1,Pi00,irrelevant_source_diversity,17.678342787952406
0.571468100288234,0.6670570779655536,0.24247340759087302,-0.2150458289701235,0.01,IRMV1,1,PiC0,irrelevant_source_diversity,17.678342787952406
0.571468100288234,0.6437536539992761,0.19720000783099156,-0.21720475575074036,0.01,IRMV1,1,Pi0K,irrelevant_source_diversity,17.678342787952406
0.571468100288234,0.6798373409734506,0.2405509529686394,-0.2827520374219505,0.01,IRMV1,1,PiCK,irrelevant_source_diversity,17.678342787952406
10.138381450986342,11.585501795928849,3.7559452984103006,-0.22755133428247903,0.01,IRMV1,2,actual,irrelevant_source_diversity,13.941137790278818
10.138381450986342,11.586545813201077,3.7538502061139387,-0.22820287328937008,0.01,IRMV1,2,Pi00,irrelevant_source_diversity,13.941137790278818
10.138381450986342,11.459178795693271,3.7650102928238507,-0.18797851997325565,0.01,IRMV1,2,PiC0,irrelevant_source_diversity,13.941137790278818
10.138381450986342,11.651277817677846,3.756830612745069,-0.24747466531425455,0.01,IRMV1,2,Pi0K,irrelevant_source_diversity,13.941137790278818
10.138381450986342,11.585934131502915,3.759135296525454,-0.22717515010441494,0.01,IRMV1,2,PiCK,irrelevant_source_diversity,13.941137790278818
2.7957603887844975,3.1555354142506005,2.981983777381145,0.40489209604286625,0.1,IRMV1,0,actual,irrelevant_source_diversity,43.202787612026555
2.7957603887844975,3.1437346978463476,2.9895131496341776,0.4110090956791795,0.1,IRMV1,0,Pi00,irrelevant_source_diversity,43.202787612026555
2.7957603887844975,18.83645183200931,21.09036637053301,0.8293921514417976,0.1,IRMV1,0,PiC0,irrelevant_source_diversity,43.202787612026555
2.7957603887844975,3.8138066298784734,2.2720002761394555,-0.12333654004908237,0.1,IRMV1,0,Pi0K,irrelevant_source_diversity,43.202787612026555
2.7957603887844975,3.1311582789109313,2.988319336006016,0.4154690713369727,0.1,IRMV1,0,PiCK,irrelevant_source_diversity,43.202787612026555
0.571468100288234,1.1391055674120538,0.7855509439451496,-0.3941654889461158,0.1,IRMV1,1,actual,irrelevant_source_diversity,17.678342787952406
0.571468100288234,0.6303765244542349,0.19949221310910684,-0.1359679625436964,0.1,IRMV1,1,Pi00,irrelevant_source_diversity,17.678342787952406
0.571468100288234,1.1280193785862676,0.7930363012753653,-0.34967882441436515,0.1,IRMV1,1,PiC0,irrelevant_source_diversity,17.678342787952406
0.571468100288234,0.6561854452146726,0.19908152707411528,-0.28289885809486265,0.1,IRMV1,1,Pi0K,irrelevant_source_diversity,17.678342787952406
0.571468100288234,1.1406660777926085,0.7891361641498165,-0.3900596863277279,0.1,IRMV1,1,PiCK,irrelevant_source_diversity,17.678342787952406
10.138381450986342,11.596964788350935,3.7732246572479426,-0.22828215458128936,0.1,IRMV1,2,actual,irrelevant_source_diversity,13.941137790278818
10.138381450986342,11.586545813201077,3.7538502061139387,-0.22820287328937008,0.1,IRMV1,2,Pi00,irrelevant_source_diversity,13.941137790278818
10.138381450986342,10.373291285187218,4.200033693265545,0.15055688770325465,0.1,IRMV1,2,PiC0,irrelevant_source_diversity,13.941137790278818
10.138381450986342,11.727611911131033,3.8100420929775796,-0.26190664796550417,0.1,IRMV1,2,Pi0K,irrelevant_source_diversity,13.941137790278818
10.138381450986342,11.601392803693887,3.8066128967470174,-0.22433190655642016,0.1,IRMV1,2,PiCK,irrelevant_source_diversity,13.941137790278818
2.7957603887844975,3.143708368467679,2.9894547920625714,0.41100614883888414,0.001,VREX,0,actual,irrelevant_source_diversity,43.202787612026555
2.7957603887844975,3.1437346978463476,2.9895131496341776,0.4110090956791795,0.001,VREX,0,Pi00,irrelevant_source_diversity,43.202787612026555
2.7957603887844975,3.1436954239591586,2.989485081189642,0.4110176873624099,0.001,VREX,0,PiC0,irrelevant_source_diversity,43.202787612026555
2.7957603887844975,3.14369129963871,2.9894947055156593,0.41102135790215527,0.001,VREX,0,Pi0K,irrelevant_source_diversity,43.202787612026555
2.7957603887844975,3.1436520375802703,2.9894666469593316,0.4110299473396609,0.001,VREX,0,PiCK,irrelevant_source_diversity,43.202787612026555
0.571468100288234,0.6312556447026886,0.2014812153520353,-0.13597878851097656,0.001,VREX,1,actual,irrelevant_source_diversity,17.678342787952406
0.571468100288234,0.6303765244542349,0.19949221310910684,-0.1359679625436964,0.001,VREX,1,Pi00,irrelevant_source_diversity,17.678342787952406
0.571468100288234,0.6312748930424994,0.2015291988638163,-0.13596796254322932,0.001,VREX,1,PiC0,irrelevant_source_diversity,17.678342787952406
0.571468100288234,0.6303611915222456,0.19945511577224942,-0.13597337612561328,0.001,VREX,1,Pi0K,irrelevant_source_diversity,17.678342787952406
0.571468100288234,0.6312593046709477,0.20149172273149524,-0.13597337612516477,0.001,VREX,1,PiCK,irrelevant_source_diversity,17.678342787952406
10.138381450986342,11.586151670158115,3.7529198784968,-0.22823119533310035,0.001,VREX,2,actual,irrelevant_source_diversity,13.941137790278818
10.138381450986342,11.586545813201077,3.7538502061139387,-0.22820287328937008,0.001,VREX,2,Pi00,irrelevant_source_diversity,13.941137790278818
10.138381450986342,11.586512548823109,3.7537791590645613,-0.22820407289741074,0.001,VREX,2,PiC0,irrelevant_source_diversity,13.941137790278818
10.138381450986342,11.586273202434555,3.753191459886121,-0.22822489930167875,0.001,VREX,2,Pi0K,irrelevant_source_diversity,13.941137790278818
10.138381450986342,11.586239947029526,3.7531204266674405,-0.22822609907254637,0.001,VREX,2,PiCK,irrelevant_source_diversity,13.941137790278818
2.7957603887844975,3.1434734165215263,2.9889319233784404,0.41097939697321695,0.01,VREX,0,actual,irrelevant_source_diversity,43.202787612026555
2.7957603887844975,3.1437346978463476,2.9895131496341776,0.4110090956791795,0.01,VREX,0,Pi00,irrelevant_source_diversity,43.202787612026555
2.7957603887844975,3.14334229183095,2.9892328265654977,0.41109497007378853,0.01,VREX,0,PiC0,irrelevant_source_diversity,43.202787612026555
2.7957603887844975,3.143301430046485,2.9893293210336265,0.41113158262517935,0.01,VREX,0,Pi0K,irrelevant_source_diversity,43.202787612026555
2.7957603887844975,3.1429102029949503,2.9890499829331576,0.4112172330072598,0.01,VREX,0,PiCK,irrelevant_source_diversity,43.202787612026555
0.571468100288234,0.6393625763414081,0.2193156557176334,-0.13607611959422916,0.01,VREX,1,actual,irrelevant_source_diversity,17.678342787952406
0.571468100288234,0.6303765244542349,0.19949221310910684,-0.1359679625436964,0.01,VREX,1,Pi00,irrelevant_source_diversity,17.678342787952406
0.571468100288234,0.6395954038281385,0.21986207065626603,-0.135967962539476,0.01,VREX,1,PiC0,irrelevant_source_diversity,17.678342787952406
0.571468100288234,0.6302235352336453,0.19912186504601953,-0.13602210011409846,0.01,VREX,1,Pi0K,irrelevant_source_diversity,17.678342787952406
0.571468100288234,0.6394162313132529,0.21945390689516814,-0.1360221001098776,0.01,VREX,1,PiCK,irrelevant_source_diversity,17.678342787952406
10.138381450986342,11.582618365928811,3.744574307925587,-0.22848578046234463,0.01,VREX,2,actual,irrelevant_source_diversity,13.941137790278818
10.138381450986342,11.586545813201077,3.7538502061139387,-0.22820287328937008,0.01,VREX,2,Pi00,irrelevant_source_diversity,13.941137790278818
10.138381450986342,11.586213186062494,3.753139739737994,-0.22821487116316638,0.01,VREX,2,PiC0,irrelevant_source_diversity,13.941137790278818
10.138381450986342,11.583825878721015,3.7472741596407877,-0.22842311629709053,0.01,VREX,2,Pi0K,irrelevant_source_diversity,13.941137790278818
10.138381450986342,11.583494146824854,3.7465650740344847,-0.22843513044232025,0.01,VREX,2,PiCK,irrelevant_source_diversity,13.941137790278818
2.7957603887844975,3.141313545905346,2.9839259570538474,0.4106903960592095,0.1,VREX,0,actual,irrelevant_source_diversity,43.202787612026555
2.7957603887844975,3.1437346978463476,2.9895131496341776,0.4110090956791795,0.1,VREX,0,Pi00,irrelevant_source_diversity,43.202787612026555
2.7957603887844975,3.1398439643458214,2.9867460899685656,0.4118635770772192,0.1,VREX,0,PiC0,irrelevant_source_diversity,43.202787612026555
2.7957603887844975,3.1394719656583114,2.98773484011646,0.41222070247198744,0.1,VREX,0,Pi0K,irrelevant_source_diversity,43.202787612026555
2.7957603887844975,3.1356953050516068,2.985062515008704,0.4130533331627382,0.1,VREX,0,PiCK,irrelevant_source_diversity,43.202787612026555
0.571468100288234,0.7355137524111912,0.39130076435795896,-0.13703945232082002,0.1,VREX,1,actual,irrelevant_source_diversity,17.678342787952406
0.571468100288234,0.6303765244542349,0.19949221310910684,-0.1359679625436964,0.1,VREX,1,Pi00,irrelevant_source_diversity,17.678342787952406
0.571468100288234,0.7428294160963712,0.4031907885807422,-0.13596796252068885,0.1,VREX,1,PiC0,irrelevant_source_diversity,17.678342787952406
0.571468100288234,0.6288798962723211,0.19585012527445658,-0.13650951412972576,0.1,VREX,1,Pi0K,irrelevant_source_diversity,17.678342787952406
0.571468100288234,0.7382513542820125,0.39582981822881635,-0.13650951410627338,0.1,VREX,1,PiCK,irrelevant_source_diversity,17.678342787952406
10.138381450986342,11.548616402862246,3.663737839324795,-0.23100118012855553,0.1,VREX,2,actual,irrelevant_source_diversity,13.941137790278818
10.138381450986342,11.586545813201077,3.7538502061139387,-0.22820287328937008,0.1,VREX,2,Pi00,irrelevant_source_diversity,13.941137790278818
10.138381450986342,11.583221206395299,3.746745954905336,-0.22832303164263998,0.1,VREX,2,PiC0,irrelevant_source_diversity,13.941137790278818
10.138381450986342,11.559950241347893,3.6892105315230195,-0.2304035803105044,0.1,VREX,2,Pi0K,irrelevant_source_diversity,13.941137790278818
10.138381450986342,11.556713151559425,3.6822420988967273,-0.2305253546033142,0.1,VREX,2,PiCK,irrelevant_source_diversity,13.941137790278818
