K,basis_index,clean_task_bank_response_norm,control_algorithm_state_hash,control_optimizer_hash,control_parameter_hash,counterfactual_bank_response_norm,finite,method,minus_algorithm_state_hash,minus_optimizer_hash,minus_parameter_hash,opaque_direction_id,plus_algorithm_state_hash,plus_optimizer_hash,plus_parameter_hash,replay_algorithm_state_hash,replay_match,replay_optimizer_hash,replay_parameter_hash,seed,semantic_direction,source_bank_response_norm,source_only,target_acc_posthoc,target_only_learner_update
1,0,1.0384327173233032,e241a4f7cdd16a8fe22cb891dc6d6a428d857c7292772d8bb5474335681a7af8,5deca45bbf62b31f280e3624183d302cbb9f41184cb2175a52a98f1f66923420,9b135606262040333812ddeeada81f5ac94441f7931f1061471f77d52438ad37,19.07464027404785,True,ERM,e241a4f7cdd16a8fe22cb891dc6d6a428d857c7292772d8bb5474335681a7af8,869308d85dbe4513759c9c33e5c287cbb71366f1bd930ee9a25d30249331e38f,4b4096ea71f7f33539cfa7a8a8c86401d819682c6be2172b898a64f768fd4722,u000,e241a4f7cdd16a8fe22cb891dc6d6a428d857c7292772d8bb5474335681a7af8,38f465fb398a2cb1552d019619af7b2ec957ab59910e3ebfa11dcda4cd41e5c5,7fb05f1417a990ff9f393218b30db93fdabbb375174d496eedfd8797d017121d,e241a4f7cdd16a8fe22cb891dc6d6a428d857c7292772d8bb5474335681a7af8,True,38f465fb398a2cb1552d019619af7b2ec957ab59910e3ebfa11dcda4cd41e5c5,7fb05f1417a990ff9f393218b30db93fdabbb375174d496eedfd8797d017121d,10,source_env0_color,13.37802505493164,True,,False
5,0,19.203725814819336,e241a4f7cdd16a8fe22cb891dc6d6a428d857c7292772d8bb5474335681a7af8,161915d9569731cbca40bd464a99f55ddbb524e07adc6ede0a0e36e4ec5f925f,9100854edaf262fdc099cd0c57e1cb8a0195e34b332dacfd9d9c92d0ac1743c7,170.94540405273438,True,ERM,e241a4f7cdd16a8fe22cb891dc6d6a428d857c7292772d8bb5474335681a7af8,4bebad816dde1f7a9dc00d5b405adadfd3749a0d6428e870522c0f6411ac5843,cda490a83de83724c38e7e54ef9895727a1cb512eda4f525e03409d475ef2a91,u000,e241a4f7cdd16a8fe22cb891dc6d6a428d857c7292772d8bb5474335681a7af8,8a9a742fb457529a41b282105c1db118fd8e6e125e96979e19490f0716ab7137,d3c63939e1cdff3261b2dcdc93b147e3d8f2fa42c7a33baec1a43ab4a5788976,e241a4f7cdd16a8fe22cb891dc6d6a428d857c7292772d8bb5474335681a7af8,True,8a9a742fb457529a41b282105c1db118fd8e6e125e96979e19490f0716ab7137,d3c63939e1cdff3261b2dcdc93b147e3d8f2fa42c7a33baec1a43ab4a5788976,10,source_env0_color,120.3270034790039,True,,False
20,0,23.374814987182617,e241a4f7cdd16a8fe22cb891dc6d6a428d857c7292772d8bb5474335681a7af8,8aa62619e58d151ebb9eef51b8b1fdb94c4f3495824228c2eb076ba24976a45e,689d292fb6623c8e99b108241a525180a8a2ef6cdef967e105eb02c499eb8c78,158.2881317138672,True,ERM,e241a4f7cdd16a8fe22cb891dc6d6a428d857c7292772d8bb5474335681a7af8,5e467dd72168861dfbe54c6718cd56fea367fee9ef35fda9a03aef46e6dceea9,eea30097ea68d0c519aae2fe1bb5456f832e8d492de040afede68113fcf6353d,u000,e241a4f7cdd16a8fe22cb891dc6d6a428d857c7292772d8bb5474335681a7af8,2f87c5d67e467428ae74a6c21e48254eb5e338ce0aa17368cd374364fb0458da,dda4da9aa8e093a86fae0faee9294d90216bb4310639f21eac9b8888709fa031,e241a4f7cdd16a8fe22cb891dc6d6a428d857c7292772d8bb5474335681a7af8,True,2f87c5d67e467428ae74a6c21e48254eb5e338ce0aa17368cd374364fb0458da,dda4da9aa8e093a86fae0faee9294d90216bb4310639f21eac9b8888709fa031,10,source_env0_color,110.41726684570312,True,,False
1,1,1.7587318420410156,e241a4f7cdd16a8fe22cb891dc6d6a428d857c7292772d8bb5474335681a7af8,5deca45bbf62b31f280e3624183d302cbb9f41184cb2175a52a98f1f66923420,9b135606262040333812ddeeada81f5ac94441f7931f1061471f77d52438ad37,18.963726043701172,True,ERM,e241a4f7cdd16a8fe22cb891dc6d6a428d857c7292772d8bb5474335681a7af8,927a3d24f367199138b697d9b1741ed6e66c691397df72491040aaaa4ea604d1,71c3ff5fdd5e2907dab3994c566b2d0c0e5434ccbe5a9c92eca3e0394f0119df,u001,e241a4f7cdd16a8fe22cb891dc6d6a428d857c7292772d8bb5474335681a7af8,555591da0cded8cf5d5415fe5f134b9574fa61a28ca46ca6bd699cbd2feee13d,253c22d14176a096b4c751edbcedc59bc89ddbe301ea3d0954374633ef21bdf4,e241a4f7cdd16a8fe22cb891dc6d6a428d857c7292772d8bb5474335681a7af8,True,555591da0cded8cf5d5415fe5f134b9574fa61a28ca46ca6bd699cbd2feee13d,253c22d14176a096b4c751edbcedc59bc89ddbe301ea3d0954374633ef21bdf4,10,source_env1_color,13.260422706604004,True,,False
5,1,18.960933685302734,e241a4f7cdd16a8fe22cb891dc6d6a428d857c7292772d8bb5474335681a7af8,161915d9569731cbca40bd464a99f55ddbb524e07adc6ede0a0e36e4ec5f925f,9100854edaf262fdc099cd0c57e1cb8a0195e34b332dacfd9d9c92d0ac1743c7,170.36000061035156,True,ERM,e241a4f7cdd16a8fe22cb891dc6d6a428d857c7292772d8bb5474335681a7af8,040094478cb55e25933c09bf443fe44a5a206b0e6acdfb8e2e2364fa14a962ee,c3873ea89299b787c27dd48ac7b70f7813c9582705772fed96351ce8de66b950,u001,e241a4f7cdd16a8fe22cb891dc6d6a428d857c7292772d8bb5474335681a7af8,1efe03aac979aff0469a63fb2e7747dd6f874ff93840c599b212926c4e513ce0,d6dca1394577e3fb273651abfb82f09c5716878c3ce194c2bab649fec2542bc8,e241a4f7cdd16a8fe22cb891dc6d6a428d857c7292772d8bb5474335681a7af8,True,1efe03aac979aff0469a63fb2e7747dd6f874ff93840c599b212926c4e513ce0,d6dca1394577e3fb273651abfb82f09c5716878c3ce194c2bab649fec2542bc8,10,source_env1_color,119.9331283569336,True,,False
20,1,22.834274291992188,e241a4f7cdd16a8fe22cb891dc6d6a428d857c7292772d8bb5474335681a7af8,8aa62619e58d151ebb9eef51b8b1fdb94c4f3495824228c2eb076ba24976a45e,689d292fb6623c8e99b108241a525180a8a2ef6cdef967e105eb02c499eb8c78,157.42437744140625,True,ERM,e241a4f7cdd16a8fe22cb891dc6d6a428d857c7292772d8bb5474335681a7af8,4cdaeb4d7b3ee94aaeaa8a8e97299857599121aef16785041e53b27aea73b0b3,b500ccae2ad38396e253d18c355d60905dd61ec9eef3d3de3d7b3ade22f7f208,u001,e241a4f7cdd16a8fe22cb891dc6d6a428d857c7292772d8bb5474335681a7af8,3abb7b20563500e73e3cbd4e49c1d2ccb1184490674860ce4386e45c497abc1d,fa6b46928bea04757d0174bd7fbd4a4fb35391493a6412a47e3e8a743c11105d,e241a4f7cdd16a8fe22cb891dc6d6a428d857c7292772d8bb5474335681a7af8,True,3abb7b20563500e73e3cbd4e49c1d2ccb1184490674860ce4386e45c497abc1d,fa6b46928bea04757d0174bd7fbd4a4fb35391493a6412a47e3e8a743c11105d,10,source_env1_color,109.54381561279295,True,,False
1,2,0.0,e241a4f7cdd16a8fe22cb891dc6d6a428d857c7292772d8bb5474335681a7af8,5deca45bbf62b31f280e3624183d302cbb9f41184cb2175a52a98f1f66923420,9b135606262040333812ddeeada81f5ac94441f7931f1061471f77d52438ad37,0.0,True,ERM,LINEAR_COMBINATION,LINEAR_COMBINATION,LINEAR_COMBINATION,u002,LINEAR_COMBINATION,LINEAR_COMBINATION,LINEAR_COMBINATION,LINEAR_COMBINATION,True,LINEAR_COMBINATION,LINEAR_COMBINATION,10,evaluation_color,0.0,False,,False
5,2,0.0,e241a4f7cdd16a8fe22cb891dc6d6a428d857c7292772d8bb5474335681a7af8,161915d9569731cbca40bd464a99f55ddbb524e07adc6ede0a0e36e4ec5f925f,9100854edaf262fdc099cd0c57e1cb8a0195e34b332dacfd9d9c92d0ac1743c7,0.0,True,ERM,LINEAR_COMBINATION,LINEAR_COMBINATION,LINEAR_COMBINATION,u002,LINEAR_COMBINATION,LINEAR_COMBINATION,LINEAR_COMBINATION,LINEAR_COMBINATION,True,LINEAR_COMBINATION,LINEAR_COMBINATION,10,evaluation_color,0.0,False,,False
20,2,0.0,e241a4f7cdd16a8fe22cb891dc6d6a428d857c7292772d8bb5474335681a7af8,8aa62619e58d151ebb9eef51b8b1fdb94c4f3495824228c2eb076ba24976a45e,689d292fb6623c8e99b108241a525180a8a2ef6cdef967e105eb02c499eb8c78,0.0,True,ERM,LINEAR_COMBINATION,LINEAR_COMBINATION,LINEAR_COMBINATION,u002,LINEAR_COMBINATION,LINEAR_COMBINATION,LINEAR_COMBINATION,LINEAR_COMBINATION,True,LINEAR_COMBINATION,LINEAR_COMBINATION,10,evaluation_color,0.0,False,,False
1,3,1.4494361877441406,e241a4f7cdd16a8fe22cb891dc6d6a428d857c7292772d8bb5474335681a7af8,5deca45bbf62b31f280e3624183d302cbb9f41184cb2175a52a98f1f66923420,9b135606262040333812ddeeada81f5ac94441f7931f1061471f77d52438ad37,6.336584091186523,True,ERM,e241a4f7cdd16a8fe22cb891dc6d6a428d857c7292772d8bb5474335681a7af8,e41df6565ce09e7c721b4b6a8ab250ddd7df95f3218d52fbf491d9194b975611,723ffc62ac52bc104ea4239c998399e3f8fa63b80842dff05cc4d085f6dd4d5d,u003,e241a4f7cdd16a8fe22cb891dc6d6a428d857c7292772d8bb5474335681a7af8,57ff9e7926cf18948c92d0602291f698859915dd44cfd74e2efeeb019e515433,b093c29a0ff273f8e4fb0106b518779835154c41544e80863a0f699ab274f811,e241a4f7cdd16a8fe22cb891dc6d6a428d857c7292772d8bb5474335681a7af8,True,57ff9e7926cf18948c92d0602291f698859915dd44cfd74e2efeeb019e515433,b093c29a0ff273f8e4fb0106b518779835154c41544e80863a0f699ab274f811,10,source_label_noise,3.3838844299316406,True,,False
5,3,15.763236045837402,e241a4f7cdd16a8fe22cb891dc6d6a428d857c7292772d8bb5474335681a7af8,161915d9569731cbca40bd464a99f55ddbb524e07adc6ede0a0e36e4ec5f925f,9100854edaf262fdc099cd0c57e1cb8a0195e34b332dacfd9d9c92d0ac1743c7,57.076446533203125,True,ERM,e241a4f7cdd16a8fe22cb891dc6d6a428d857c7292772d8bb5474335681a7af8,3329512ed39d001a59551b2f31a1b8bb04b6f9c5478ca0c1e6aad9a95aeb711f,bf5c7005f645d3d755a60df14ae8f98ad5936e1de780e030a776910491d0bb4e,u003,e241a4f7cdd16a8fe22cb891dc6d6a428d857c7292772d8bb5474335681a7af8,c7dc9b263391790c4d4b27a7d018e9cc507bce4ac7b6e0b28b4eb44220099ea2,524a0488d6d972eaeb880f210c68e2a9b85d71df9cc8c34c997ce60e7c93bb58,e241a4f7cdd16a8fe22cb891dc6d6a428d857c7292772d8bb5474335681a7af8,True,c7dc9b263391790c4d4b27a7d018e9cc507bce4ac7b6e0b28b4eb44220099ea2,524a0488d6d972eaeb880f210c68e2a9b85d71df9cc8c34c997ce60e7c93bb58,10,source_label_noise,25.77175521850586,True,,False
20,3,78.20361328125,e241a4f7cdd16a8fe22cb891dc6d6a428d857c7292772d8bb5474335681a7af8,8aa62619e58d151ebb9eef51b8b1fdb94c4f3495824228c2eb076ba24976a45e,689d292fb6623c8e99b108241a525180a8a2ef6cdef967e105eb02c499eb8c78,134.0062255859375,True,ERM,e241a4f7cdd16a8fe22cb891dc6d6a428d857c7292772d8bb5474335681a7af8,8a9eed893d3bbfb26c27bcfcf57624cb891f047f12065e6ff25c04dee90d0198,c8ce11198907614237f05fa990a9feab7f8dc16e7eaedba412515970bd0bb583,u003,e241a4f7cdd16a8fe22cb891dc6d6a428d857c7292772d8bb5474335681a7af8,3b9f761ee70b4cffac16be53838e787b16a11d53be90d7cde26d2880ca5cdaa7,b15269b9c598f99a851095ec648534fe4978a37cf3013fd38468f5adb7a4af53,e241a4f7cdd16a8fe22cb891dc6d6a428d857c7292772d8bb5474335681a7af8,True,3b9f761ee70b4cffac16be53838e787b16a11d53be90d7cde26d2880ca5cdaa7,b15269b9c598f99a851095ec648534fe4978a37cf3013fd38468f5adb7a4af53,10,source_label_noise,79.86832427978516,True,,False
1,4,0.0,e241a4f7cdd16a8fe22cb891dc6d6a428d857c7292772d8bb5474335681a7af8,5deca45bbf62b31f280e3624183d302cbb9f41184cb2175a52a98f1f66923420,9b135606262040333812ddeeada81f5ac94441f7931f1061471f77d52438ad37,0.0,True,ERM,LINEAR_COMBINATION,LINEAR_COMBINATION,LINEAR_COMBINATION,u004,LINEAR_COMBINATION,LINEAR_COMBINATION,LINEAR_COMBINATION,LINEAR_COMBINATION,True,LINEAR_COMBINATION,LINEAR_COMBINATION,10,evaluation_label_noise,0.0,False,,False
5,4,0.0,e241a4f7cdd16a8fe22cb891dc6d6a428d857c7292772d8bb5474335681a7af8,161915d9569731cbca40bd464a99f55ddbb524e07adc6ede0a0e36e4ec5f925f,9100854edaf262fdc099cd0c57e1cb8a0195e34b332dacfd9d9c92d0ac1743c7,0.0,True,ERM,LINEAR_COMBINATION,LINEAR_COMBINATION,LINEAR_COMBINATION,u004,LINEAR_COMBINATION,LINEAR_COMBINATION,LINEAR_COMBINATION,LINEAR_COMBINATION,True,LINEAR_COMBINATION,LINEAR_COMBINATION,10,evaluation_label_noise,0.0,False,,False
20,4,0.0,e241a4f7cdd16a8fe22cb891dc6d6a428d857c7292772d8bb5474335681a7af8,8aa62619e58d151ebb9eef51b8b1fdb94c4f3495824228c2eb076ba24976a45e,689d292fb6623c8e99b108241a525180a8a2ef6cdef967e105eb02c499eb8c78,0.0,True,ERM,LINEAR_COMBINATION,LINEAR_COMBINATION,LINEAR_COMBINATION,u004,LINEAR_COMBINATION,LINEAR_COMBINATION,LINEAR_COMBINATION,LINEAR_COMBINATION,True,LINEAR_COMBINATION,LINEAR_COMBINATION,10,evaluation_label_noise,0.0,False,,False
1,-1,1.948786735534668,e241a4f7cdd16a8fe22cb891dc6d6a428d857c7292772d8bb5474335681a7af8,5deca45bbf62b31f280e3624183d302cbb9f41184cb2175a52a98f1f66923420,9b135606262040333812ddeeada81f5ac94441f7931f1061471f77d52438ad37,26.886276245117188,True,ERM,LINEAR_COMBINATION,LINEAR_COMBINATION,LINEAR_COMBINATION,u005,LINEAR_COMBINATION,LINEAR_COMBINATION,LINEAR_COMBINATION,LINEAR_COMBINATION,True,LINEAR_COMBINATION,LINEAR_COMBINATION,10,source_color_common,18.830059051513672,True,,False
5,-1,26.975759506225582,e241a4f7cdd16a8fe22cb891dc6d6a428d857c7292772d8bb5474335681a7af8,161915d9569731cbca40bd464a99f55ddbb524e07adc6ede0a0e36e4ec5f925f,9100854edaf262fdc099cd0c57e1cb8a0195e34b332dacfd9d9c92d0ac1743c7,241.3296356201172,True,ERM,LINEAR_COMBINATION,LINEAR_COMBINATION,LINEAR_COMBINATION,u005,LINEAR_COMBINATION,LINEAR_COMBINATION,LINEAR_COMBINATION,LINEAR_COMBINATION,True,LINEAR_COMBINATION,LINEAR_COMBINATION,10,source_color_common,169.88507080078125,True,,False
20,-1,32.559913635253906,e241a4f7cdd16a8fe22cb891dc6d6a428d857c7292772d8bb5474335681a7af8,8aa62619e58d151ebb9eef51b8b1fdb94c4f3495824228c2eb076ba24976a45e,689d292fb6623c8e99b108241a525180a8a2ef6cdef967e105eb02c499eb8c78,223.1320953369141,True,ERM,LINEAR_COMBINATION,LINEAR_COMBINATION,LINEAR_COMBINATION,u005,LINEAR_COMBINATION,LINEAR_COMBINATION,LINEAR_COMBINATION,LINEAR_COMBINATION,True,LINEAR_COMBINATION,LINEAR_COMBINATION,10,source_color_common,155.46661376953125,True,,False
1,-1,0.6113183498382568,e241a4f7cdd16a8fe22cb891dc6d6a428d857c7292772d8bb5474335681a7af8,5deca45bbf62b31f280e3624183d302cbb9f41184cb2175a52a98f1f66923420,9b135606262040333812ddeeada81f5ac94441f7931f1061471f77d52438ad37,0.7700359225273132,True,ERM,LINEAR_COMBINATION,LINEAR_COMBINATION,LINEAR_COMBINATION,u006,LINEAR_COMBINATION,LINEAR_COMBINATION,LINEAR_COMBINATION,LINEAR_COMBINATION,True,LINEAR_COMBINATION,LINEAR_COMBINATION,10,source_color_contrast,0.4891034066677093,True,,False
5,-1,0.7799303531646729,e241a4f7cdd16a8fe22cb891dc6d6a428d857c7292772d8bb5474335681a7af8,161915d9569731cbca40bd464a99f55ddbb524e07adc6ede0a0e36e4ec5f925f,9100854edaf262fdc099cd0c57e1cb8a0195e34b332dacfd9d9c92d0ac1743c7,2.2062220573425293,True,ERM,LINEAR_COMBINATION,LINEAR_COMBINATION,LINEAR_COMBINATION,u006,LINEAR_COMBINATION,LINEAR_COMBINATION,LINEAR_COMBINATION,LINEAR_COMBINATION,True,LINEAR_COMBINATION,LINEAR_COMBINATION,10,source_color_contrast,1.266158103942871,True,,False
20,-1,2.7637124061584473,e241a4f7cdd16a8fe22cb891dc6d6a428d857c7292772d8bb5474335681a7af8,8aa62619e58d151ebb9eef51b8b1fdb94c4f3495824228c2eb076ba24976a45e,689d292fb6623c8e99b108241a525180a8a2ef6cdef967e105eb02c499eb8c78,7.044811725616455,True,ERM,LINEAR_COMBINATION,LINEAR_COMBINATION,LINEAR_COMBINATION,u006,LINEAR_COMBINATION,LINEAR_COMBINATION,LINEAR_COMBINATION,LINEAR_COMBINATION,True,LINEAR_COMBINATION,LINEAR_COMBINATION,10,source_color_contrast,4.684876918792725,True,,False
1,-1,1.378000259399414,e241a4f7cdd16a8fe22cb891dc6d6a428d857c7292772d8bb5474335681a7af8,5deca45bbf62b31f280e3624183d302cbb9f41184cb2175a52a98f1f66923420,9b135606262040333812ddeeada81f5ac94441f7931f1061471f77d52438ad37,19.0114688873291,True,ERM,LINEAR_COMBINATION,LINEAR_COMBINATION,LINEAR_COMBINATION,u007,LINEAR_COMBINATION,LINEAR_COMBINATION,LINEAR_COMBINATION,LINEAR_COMBINATION,True,LINEAR_COMBINATION,LINEAR_COMBINATION,10,color_global,13.314862251281738,False,,False
5,-1,19.074745178222656,e241a4f7cdd16a8fe22cb891dc6d6a428d857c7292772d8bb5474335681a7af8,161915d9569731cbca40bd464a99f55ddbb524e07adc6ede0a0e36e4ec5f925f,9100854edaf262fdc099cd0c57e1cb8a0195e34b332dacfd9d9c92d0ac1743c7,170.6458282470703,True,ERM,LINEAR_COMBINATION,LINEAR_COMBINATION,LINEAR_COMBINATION,u007,LINEAR_COMBINATION,LINEAR_COMBINATION,LINEAR_COMBINATION,LINEAR_COMBINATION,True,LINEAR_COMBINATION,LINEAR_COMBINATION,10,color_global,120.12689208984376,False,,False
20,-1,23.02333641052246,e241a4f7cdd16a8fe22cb891dc6d6a428d857c7292772d8bb5474335681a7af8,8aa62619e58d151ebb9eef51b8b1fdb94c4f3495824228c2eb076ba24976a45e,689d292fb6623c8e99b108241a525180a8a2ef6cdef967e105eb02c499eb8c78,157.77821350097656,True,ERM,LINEAR_COMBINATION,LINEAR_COMBINATION,LINEAR_COMBINATION,u007,LINEAR_COMBINATION,LINEAR_COMBINATION,LINEAR_COMBINATION,LINEAR_COMBINATION,True,LINEAR_COMBINATION,LINEAR_COMBINATION,10,color_global,109.93150329589844,False,,False
1,-1,1.378000259399414,e241a4f7cdd16a8fe22cb891dc6d6a428d857c7292772d8bb5474335681a7af8,5deca45bbf62b31f280e3624183d302cbb9f41184cb2175a52a98f1f66923420,9b135606262040333812ddeeada81f5ac94441f7931f1061471f77d52438ad37,19.0114688873291,True,ERM,LINEAR_COMBINATION,LINEAR_COMBINATION,LINEAR_COMBINATION,u008,LINEAR_COMBINATION,LINEAR_COMBINATION,LINEAR_COMBINATION,LINEAR_COMBINATION,True,LINEAR_COMBINATION,LINEAR_COMBINATION,10,color_shift,13.314862251281738,False,,False
5,-1,19.074745178222656,e241a4f7cdd16a8fe22cb891dc6d6a428d857c7292772d8bb5474335681a7af8,161915d9569731cbca40bd464a99f55ddbb524e07adc6ede0a0e36e4ec5f925f,9100854edaf262fdc099cd0c57e1cb8a0195e34b332dacfd9d9c92d0ac1743c7,170.6458282470703,True,ERM,LINEAR_COMBINATION,LINEAR_COMBINATION,LINEAR_COMBINATION,u008,LINEAR_COMBINATION,LINEAR_COMBINATION,LINEAR_COMBINATION,LINEAR_COMBINATION,True,LINEAR_COMBINATION,LINEAR_COMBINATION,10,color_shift,120.12689208984376,False,,False
20,-1,23.02333641052246,e241a4f7cdd16a8fe22cb891dc6d6a428d857c7292772d8bb5474335681a7af8,8aa62619e58d151ebb9eef51b8b1fdb94c4f3495824228c2eb076ba24976a45e,689d292fb6623c8e99b108241a525180a8a2ef6cdef967e105eb02c499eb8c78,157.77821350097656,True,ERM,LINEAR_COMBINATION,LINEAR_COMBINATION,LINEAR_COMBINATION,u008,LINEAR_COMBINATION,LINEAR_COMBINATION,LINEAR_COMBINATION,LINEAR_COMBINATION,True,LINEAR_COMBINATION,LINEAR_COMBINATION,10,color_shift,109.93150329589844,False,,False
1,-1,1.0249061584472656,e241a4f7cdd16a8fe22cb891dc6d6a428d857c7292772d8bb5474335681a7af8,5deca45bbf62b31f280e3624183d302cbb9f41184cb2175a52a98f1f66923420,9b135606262040333812ddeeada81f5ac94441f7931f1061471f77d52438ad37,4.4806413650512695,True,ERM,LINEAR_COMBINATION,LINEAR_COMBINATION,LINEAR_COMBINATION,u009,LINEAR_COMBINATION,LINEAR_COMBINATION,LINEAR_COMBINATION,LINEAR_COMBINATION,True,LINEAR_COMBINATION,LINEAR_COMBINATION,10,noise_global,2.392767429351806,False,,False
5,-1,11.14629077911377,e241a4f7cdd16a8fe22cb891dc6d6a428d857c7292772d8bb5474335681a7af8,161915d9569731cbca40bd464a99f55ddbb524e07adc6ede0a0e36e4ec5f925f,9100854edaf262fdc099cd0c57e1cb8a0195e34b332dacfd9d9c92d0ac1743c7,40.3591423034668,True,ERM,LINEAR_COMBINATION,LINEAR_COMBINATION,LINEAR_COMBINATION,u009,LINEAR_COMBINATION,LINEAR_COMBINATION,LINEAR_COMBINATION,LINEAR_COMBINATION,True,LINEAR_COMBINATION,LINEAR_COMBINATION,10,noise_global,18.2233829498291,False,,False
20,-1,55.298309326171875,e241a4f7cdd16a8fe22cb891dc6d6a428d857c7292772d8bb5474335681a7af8,8aa62619e58d151ebb9eef51b8b1fdb94c4f3495824228c2eb076ba24976a45e,689d292fb6623c8e99b108241a525180a8a2ef6cdef967e105eb02c499eb8c78,94.75670623779295,True,ERM,LINEAR_COMBINATION,LINEAR_COMBINATION,LINEAR_COMBINATION,u009,LINEAR_COMBINATION,LINEAR_COMBINATION,LINEAR_COMBINATION,LINEAR_COMBINATION,True,LINEAR_COMBINATION,LINEAR_COMBINATION,10,noise_global,56.47543716430664,False,,False
1,-1,1.0249061584472656,e241a4f7cdd16a8fe22cb891dc6d6a428d857c7292772d8bb5474335681a7af8,5deca45bbf62b31f280e3624183d302cbb9f41184cb2175a52a98f1f66923420,9b135606262040333812ddeeada81f5ac94441f7931f1061471f77d52438ad37,4.4806413650512695,True,ERM,LINEAR_COMBINATION,LINEAR_COMBINATION,LINEAR_COMBINATION,u010,LINEAR_COMBINATION,LINEAR_COMBINATION,LINEAR_COMBINATION,LINEAR_COMBINATION,True,LINEAR_COMBINATION,LINEAR_COMBINATION,10,noise_shift,2.392767429351806,False,,False
5,-1,11.14629077911377,e241a4f7cdd16a8fe22cb891dc6d6a428d857c7292772d8bb5474335681a7af8,161915d9569731cbca40bd464a99f55ddbb524e07adc6ede0a0e36e4ec5f925f,9100854edaf262fdc099cd0c57e1cb8a0195e34b332dacfd9d9c92d0ac1743c7,40.3591423034668,True,ERM,LINEAR_COMBINATION,LINEAR_COMBINATION,LINEAR_COMBINATION,u010,LINEAR_COMBINATION,LINEAR_COMBINATION,LINEAR_COMBINATION,LINEAR_COMBINATION,True,LINEAR_COMBINATION,LINEAR_COMBINATION,10,noise_shift,18.2233829498291,False,,False
20,-1,55.298309326171875,e241a4f7cdd16a8fe22cb891dc6d6a428d857c7292772d8bb5474335681a7af8,8aa62619e58d151ebb9eef51b8b1fdb94c4f3495824228c2eb076ba24976a45e,689d292fb6623c8e99b108241a525180a8a2ef6cdef967e105eb02c499eb8c78,94.75670623779295,True,ERM,LINEAR_COMBINATION,LINEAR_COMBINATION,LINEAR_COMBINATION,u010,LINEAR_COMBINATION,LINEAR_COMBINATION,LINEAR_COMBINATION,LINEAR_COMBINATION,True,LINEAR_COMBINATION,LINEAR_COMBINATION,10,noise_shift,56.47543716430664,False,,False
1,0,0.0265323873609304,ed24f08e965dac88a3be813182fd5e757aeab4c2a4d62792632f656c611c2b64,a38c8ff012b234fd0de6d339c50e40d394b12a4f0c34107f435fb0484e1af081,ae0285455f8afc14fe1b388fd150ffdb65807742a3b079f9f9cc19cf8e46b2b8,0.6751010417938232,True,IRMv1,ed24f08e965dac88a3be813182fd5e757aeab4c2a4d62792632f656c611c2b64,726626241a07208129f37afadedd9f0d89961a39754f20628fd1be9f7be79c09,e4872e60b9e7b38d93bc5c2d4a5a5b35d0f46397c4a3d562171b188e9143c25c,u000,ed24f08e965dac88a3be813182fd5e757aeab4c2a4d62792632f656c611c2b64,5961312e05d1cdea90b30807ec64121176d6fa34c78d2c81822424d18018dca0,de52ca1295d5b4c5783954662be2d22e38bdef9c46b8ce8884038dd5ef11f3fc,ed24f08e965dac88a3be813182fd5e757aeab4c2a4d62792632f656c611c2b64,True,5961312e05d1cdea90b30807ec64121176d6fa34c78d2c81822424d18018dca0,de52ca1295d5b4c5783954662be2d22e38bdef9c46b8ce8884038dd5ef11f3fc,10,source_env0_color,0.5534514784812927,True,,False
5,0,0.184317484498024,ed24f08e965dac88a3be813182fd5e757aeab4c2a4d62792632f656c611c2b64,4d9b1c705b2ff3900fffe0521a782b99d8e793f9d152ea8a214e673cf3483096,e58031ceb0402bf2a6c06d578868d85fa01774bd5320f639e5e806c67558eb3f,4.056650638580322,True,IRMv1,ed24f08e965dac88a3be813182fd5e757aeab4c2a4d62792632f656c611c2b64,7ac6dc05d82ba8dc3c46381ff00bd596f50c1012f2da2aff369db3f000e8876f,f88511eb3e8c702bcbfbc66a5f0d8ee0d2f9202dc95a5c825bf0b84285920109,u000,ed24f08e965dac88a3be813182fd5e757aeab4c2a4d62792632f656c611c2b64,cc3448dfa6327c71b10ec1f2d8e87b0227b0c3732394fcd7c248cfa0b4123f6c,379e4be0ea442139bdf4f7ca013e6cbe53fabcfa7bc1762ebcbc32be4a4c2005,ed24f08e965dac88a3be813182fd5e757aeab4c2a4d62792632f656c611c2b64,True,cc3448dfa6327c71b10ec1f2d8e87b0227b0c3732394fcd7c248cfa0b4123f6c,379e4be0ea442139bdf4f7ca013e6cbe53fabcfa7bc1762ebcbc32be4a4c2005,10,source_env0_color,3.3541924953460693,True,,False
20,0,0.6696602702140808,ed24f08e965dac88a3be813182fd5e757aeab4c2a4d62792632f656c611c2b64,c542b489016dd28589f40f384d8cfcfe57cce66a706ce2be8efb81e8a5df705e,a09e23ffd85027d5c2e167bd4e4b0bb7414d60259c434824dbdd27a1f5103e0a,5.181441307067871,True,IRMv1,ed24f08e965dac88a3be813182fd5e757aeab4c2a4d62792632f656c611c2b64,84db121d0891af7ed45823aff7c7119995664ce71f6d6f03289947ea5291f824,a0e6f789124fe83e85d1503bbd2f2c21d03823519ae7e08e240fa3b3c5488f62,u000,ed24f08e965dac88a3be813182fd5e757aeab4c2a4d62792632f656c611c2b64,3b54d765f8c4bc1ca80fb60099f31c1fd229f7024a7feeb80200e7c7b2e9ff53,452bd4840df8b48adf6babbafb76cea717d6d0a86a220d8a171122c26dc08c04,ed24f08e965dac88a3be813182fd5e757aeab4c2a4d62792632f656c611c2b64,True,3b54d765f8c4bc1ca80fb60099f31c1fd229f7024a7feeb80200e7c7b2e9ff53,452bd4840df8b48adf6babbafb76cea717d6d0a86a220d8a171122c26dc08c04,10,source_env0_color,4.371805667877197,True,,False
1,1,0.033658068627119,ed24f08e965dac88a3be813182fd5e757aeab4c2a4d62792632f656c611c2b64,a38c8ff012b234fd0de6d339c50e40d394b12a4f0c34107f435fb0484e1af081,ae0285455f8afc14fe1b388fd150ffdb65807742a3b079f9f9cc19cf8e46b2b8,0.726741373538971,True,IRMv1,ed24f08e965dac88a3be813182fd5e757aeab4c2a4d62792632f656c611c2b64,30a3253a1ddef08f1cd001519ec9d2828d9072ef66b6cfb6a44b645b53c18db9,bade190ac5faef1869b631a827814b423850679b1175f54dd3ab929f0ac83165,u001,ed24f08e965dac88a3be813182fd5e757aeab4c2a4d62792632f656c611c2b64,9191ecbcf6c3f2b930fce5c456b79341dd0d523aa229ea78c0c7b051af1bd8ff,29234cf12b6a463d943841d0749f1a5f284fcaa7fa9e83fc94f89a7c5282ab5f,ed24f08e965dac88a3be813182fd5e757aeab4c2a4d62792632f656c611c2b64,True,9191ecbcf6c3f2b930fce5c456b79341dd0d523aa229ea78c0c7b051af1bd8ff,29234cf12b6a463d943841d0749f1a5f284fcaa7fa9e83fc94f89a7c5282ab5f,10,source_env1_color,0.595761775970459,True,,False
5,1,0.2006455659866333,ed24f08e965dac88a3be813182fd5e757aeab4c2a4d62792632f656c611c2b64,4d9b1c705b2ff3900fffe0521a782b99d8e793f9d152ea8a214e673cf3483096,e58031ceb0402bf2a6c06d578868d85fa01774bd5320f639e5e806c67558eb3f,4.07938814163208,True,IRMv1,ed24f08e965dac88a3be813182fd5e757aeab4c2a4d62792632f656c611c2b64,293d536158ab412ac137aabffb496938eb7ff70407d6c29690669d30ad9c9524,3ca9d1d02dd3588ffde0c95cc3b28d5026fa6e000a58e83e1fd27ac6bd7fdb8b,u001,ed24f08e965dac88a3be813182fd5e757aeab4c2a4d62792632f656c611c2b64,a3536d09929b4a4efb046241c5b0616a1348deec951b19569285b12c688185d5,42ddbd141cf56cbf27e7d17515f5e1d69a8e7826a629c5098c379eba8f7e493b,ed24f08e965dac88a3be813182fd5e757aeab4c2a4d62792632f656c611c2b64,True,a3536d09929b4a4efb046241c5b0616a1348deec951b19569285b12c688185d5,42ddbd141cf56cbf27e7d17515f5e1d69a8e7826a629c5098c379eba8f7e493b,10,source_env1_color,3.3877875804901123,True,,False
20,1,0.4199088513851166,ed24f08e965dac88a3be813182fd5e757aeab4c2a4d62792632f656c611c2b64,c542b489016dd28589f40f384d8cfcfe57cce66a706ce2be8efb81e8a5df705e,a09e23ffd85027d5c2e167bd4e4b0bb7414d60259c434824dbdd27a1f5103e0a,5.083302021026611,True,IRMv1,ed24f08e965dac88a3be813182fd5e757aeab4c2a4d62792632f656c611c2b64,29ce85795c04011bfcb526e7ce139c1755fabb905c74c43cc0cb3169011b3958,1516f79f89c76ee6200529ab564237b23b45794665c5d0aea5916ea76fbbce68,u001,ed24f08e965dac88a3be813182fd5e757aeab4c2a4d62792632f656c611c2b64,6057af277786e8dc4c9c94fd7eea29eb59b88f2548d19c5837f703efd1e1b2eb,c026b5ea0fc4784c8d60eb41ecb020bc83198699f173b4f4fdc0fb8510d6ad83,ed24f08e965dac88a3be813182fd5e757aeab4c2a4d62792632f656c611c2b64,True,6057af277786e8dc4c9c94fd7eea29eb59b88f2548d19c5837f703efd1e1b2eb,c026b5ea0fc4784c8d60eb41ecb020bc83198699f173b4f4fdc0fb8510d6ad83,10,source_env1_color,4.2830400466918945,True,,False
1,2,0.0,ed24f08e965dac88a3be813182fd5e757aeab4c2a4d62792632f656c611c2b64,a38c8ff012b234fd0de6d339c50e40d394b12a4f0c34107f435fb0484e1af081,ae0285455f8afc14fe1b388fd150ffdb65807742a3b079f9f9cc19cf8e46b2b8,0.0,True,IRMv1,LINEAR_COMBINATION,LINEAR_COMBINATION,LINEAR_COMBINATION,u002,LINEAR_COMBINATION,LINEAR_COMBINATION,LINEAR_COMBINATION,LINEAR_COMBINATION,True,LINEAR_COMBINATION,LINEAR_COMBINATION,10,evaluation_color,0.0,False,,False
5,2,0.0,ed24f08e965dac88a3be813182fd5e757aeab4c2a4d62792632f656c611c2b64,4d9b1c705b2ff3900fffe0521a782b99d8e793f9d152ea8a214e673cf3483096,e58031ceb0402bf2a6c06d578868d85fa01774bd5320f639e5e806c67558eb3f,0.0,True,IRMv1,LINEAR_COMBINATION,LINEAR_COMBINATION,LINEAR_COMBINATION,u002,LINEAR_COMBINATION,LINEAR_COMBINATION,LINEAR_COMBINATION,LINEAR_COMBINATION,True,LINEAR_COMBINATION,LINEAR_COMBINATION,10,evaluation_color,0.0,False,,False
20,2,0.0,ed24f08e965dac88a3be813182fd5e757aeab4c2a4d62792632f656c611c2b64,c542b489016dd28589f40f384d8cfcfe57cce66a706ce2be8efb81e8a5df705e,a09e23ffd85027d5c2e167bd4e4b0bb7414d60259c434824dbdd27a1f5103e0a,0.0,True,IRMv1,LINEAR_COMBINATION,LINEAR_COMBINATION,LINEAR_COMBINATION,u002,LINEAR_COMBINATION,LINEAR_COMBINATION,LINEAR_COMBINATION,LINEAR_COMBINATION,True,LINEAR_COMBINATION,LINEAR_COMBINATION,10,evaluation_color,0.0,False,,False
1,3,0.2248258590698242,ed24f08e965dac88a3be813182fd5e757aeab4c2a4d62792632f656c611c2b64,a38c8ff012b234fd0de6d339c50e40d394b12a4f0c34107f435fb0484e1af081,ae0285455f8afc14fe1b388fd150ffdb65807742a3b079f9f9cc19cf8e46b2b8,5.1729350090026855,True,IRMv1,ed24f08e965dac88a3be813182fd5e757aeab4c2a4d62792632f656c611c2b64,547ea09fe6dec41ed944dffcd548ec4ee398b949447906d0674b9058312f8cee,bcf0d6c4028c3b4e39f9250f5ee8d40b9b67ea2de3ef7701a8741620f17b9734,u003,ed24f08e965dac88a3be813182fd5e757aeab4c2a4d62792632f656c611c2b64,62edceb65145af7b808ebdd111becd556d8443c9ce9f7246cce1b2cdb960a218,f8a178d9c5b28520fe71cf11cb91110b94d146dd6d11a02efc4aea7446fe2ea8,ed24f08e965dac88a3be813182fd5e757aeab4c2a4d62792632f656c611c2b64,True,62edceb65145af7b808ebdd111becd556d8443c9ce9f7246cce1b2cdb960a218,f8a178d9c5b28520fe71cf11cb91110b94d146dd6d11a02efc4aea7446fe2ea8,10,source_label_noise,4.218096733093262,True,,False
5,3,2.374716281890869,ed24f08e965dac88a3be813182fd5e757aeab4c2a4d62792632f656c611c2b64,4d9b1c705b2ff3900fffe0521a782b99d8e793f9d152ea8a214e673cf3483096,e58031ceb0402bf2a6c06d578868d85fa01774bd5320f639e5e806c67558eb3f,43.84725189208984,True,IRMv1,ed24f08e965dac88a3be813182fd5e757aeab4c2a4d62792632f656c611c2b64,49cd6446a0a1a323554970b1fe792e606a9817d82a9766389c3d4aae4d04638a,690e3b68fd2a50242d03334a6478308727172d4c4e74553069a92c7a19bd63eb,u003,ed24f08e965dac88a3be813182fd5e757aeab4c2a4d62792632f656c611c2b64,288f327d4aaf631bf3f91808f8887d9c8cf572f20a5c7dcd18835623bd3f9377,4b4afd65d0cc8036123e170d01d1d7ec0f6400cd3cc6ea8311b0afd2bdbd5e0d,ed24f08e965dac88a3be813182fd5e757aeab4c2a4d62792632f656c611c2b64,True,288f327d4aaf631bf3f91808f8887d9c8cf572f20a5c7dcd18835623bd3f9377,4b4afd65d0cc8036123e170d01d1d7ec0f6400cd3cc6ea8311b0afd2bdbd5e0d,10,source_label_noise,35.81367492675781,True,,False
20,3,1.47655987739563,ed24f08e965dac88a3be813182fd5e757aeab4c2a4d62792632f656c611c2b64,c542b489016dd28589f40f384d8cfcfe57cce66a706ce2be8efb81e8a5df705e,a09e23ffd85027d5c2e167bd4e4b0bb7414d60259c434824dbdd27a1f5103e0a,40.313446044921875,True,IRMv1,ed24f08e965dac88a3be813182fd5e757aeab4c2a4d62792632f656c611c2b64,f50b146ceb9dfb84a9e2aefbb6efebad379ea5fdc0e9efa09343922ce2ee2f16,ca28aa86fb5da0accada5853bd3516b18917b554d490b0611781a4c2f6d66ff3,u003,ed24f08e965dac88a3be813182fd5e757aeab4c2a4d62792632f656c611c2b64,16398f930eba893c5b6bd60c00d0447009392fa8882f541190827e741eed8fee,1d81e1ca14f95e87ba0741859ae4cc1b5ac201f178bb63a58cf1d034bd28d912,ed24f08e965dac88a3be813182fd5e757aeab4c2a4d62792632f656c611c2b64,True,16398f930eba893c5b6bd60c00d0447009392fa8882f541190827e741eed8fee,1d81e1ca14f95e87ba0741859ae4cc1b5ac201f178bb63a58cf1d034bd28d912,10,source_label_noise,33.07709884643555,True,,False
1,4,0.0,ed24f08e965dac88a3be813182fd5e757aeab4c2a4d62792632f656c611c2b64,a38c8ff012b234fd0de6d339c50e40d394b12a4f0c34107f435fb0484e1af081,ae0285455f8afc14fe1b388fd150ffdb65807742a3b079f9f9cc19cf8e46b2b8,0.0,True,IRMv1,LINEAR_COMBINATION,LINEAR_COMBINATION,LINEAR_COMBINATION,u004,LINEAR_COMBINATION,LINEAR_COMBINATION,LINEAR_COMBINATION,LINEAR_COMBINATION,True,LINEAR_COMBINATION,LINEAR_COMBINATION,10,evaluation_label_noise,0.0,False,,False
5,4,0.0,ed24f08e965dac88a3be813182fd5e757aeab4c2a4d62792632f656c611c2b64,4d9b1c705b2ff3900fffe0521a782b99d8e793f9d152ea8a214e673cf3483096,e58031ceb0402bf2a6c06d578868d85fa01774bd5320f639e5e806c67558eb3f,0.0,True,IRMv1,LINEAR_COMBINATION,LINEAR_COMBINATION,LINEAR_COMBINATION,u004,LINEAR_COMBINATION,LINEAR_COMBINATION,LINEAR_COMBINATION,LINEAR_COMBINATION,True,LINEAR_COMBINATION,LINEAR_COMBINATION,10,evaluation_label_noise,0.0,False,,False
20,4,0.0,ed24f08e965dac88a3be813182fd5e757aeab4c2a4d62792632f656c611c2b64,c542b489016dd28589f40f384d8cfcfe57cce66a706ce2be8efb81e8a5df705e,a09e23ffd85027d5c2e167bd4e4b0bb7414d60259c434824dbdd27a1f5103e0a,0.0,True,IRMv1,LINEAR_COMBINATION,LINEAR_COMBINATION,LINEAR_COMBINATION,u004,LINEAR_COMBINATION,LINEAR_COMBINATION,LINEAR_COMBINATION,LINEAR_COMBINATION,True,LINEAR_COMBINATION,LINEAR_COMBINATION,10,evaluation_label_noise,0.0,False,,False
1,-1,0.0404397249221801,ed24f08e965dac88a3be813182fd5e757aeab4c2a4d62792632f656c611c2b64,a38c8ff012b234fd0de6d339c50e40d394b12a4f0c34107f435fb0484e1af081,ae0285455f8afc14fe1b388fd150ffdb65807742a3b079f9f9cc19cf8e46b2b8,0.9909480214118958,True,IRMv1,LINEAR_COMBINATION,LINEAR_COMBINATION,LINEAR_COMBINATION,u005,LINEAR_COMBINATION,LINEAR_COMBINATION,LINEAR_COMBINATION,LINEAR_COMBINATION,True,LINEAR_COMBINATION,LINEAR_COMBINATION,10,source_color_common,0.8123865723609924,True,,False
5,-1,0.2653228640556335,ed24f08e965dac88a3be813182fd5e757aeab4c2a4d62792632f656c611c2b64,4d9b1c705b2ff3900fffe0521a782b99d8e793f9d152ea8a214e673cf3483096,e58031ceb0402bf2a6c06d578868d85fa01774bd5320f639e5e806c67558eb3f,5.751960754394531,True,IRMv1,LINEAR_COMBINATION,LINEAR_COMBINATION,LINEAR_COMBINATION,u005,LINEAR_COMBINATION,LINEAR_COMBINATION,LINEAR_COMBINATION,LINEAR_COMBINATION,True,LINEAR_COMBINATION,LINEAR_COMBINATION,10,source_color_common,4.766535758972168,True,,False
20,-1,0.7349644899368286,ed24f08e965dac88a3be813182fd5e757aeab4c2a4d62792632f656c611c2b64,c542b489016dd28589f40f384d8cfcfe57cce66a706ce2be8efb81e8a5df705e,a09e23ffd85027d5c2e167bd4e4b0bb7414d60259c434824dbdd27a1f5103e0a,7.246158123016357,True,IRMv1,LINEAR_COMBINATION,LINEAR_COMBINATION,LINEAR_COMBINATION,u005,LINEAR_COMBINATION,LINEAR_COMBINATION,LINEAR_COMBINATION,LINEAR_COMBINATION,True,LINEAR_COMBINATION,LINEAR_COMBINATION,10,source_color_common,6.111048221588135,True,,False
1,-1,0.0141937313601374,ed24f08e965dac88a3be813182fd5e757aeab4c2a4d62792632f656c611c2b64,a38c8ff012b234fd0de6d339c50e40d394b12a4f0c34107f435fb0484e1af081,ae0285455f8afc14fe1b388fd150ffdb65807742a3b079f9f9cc19cf8e46b2b8,0.0440065041184425,True,IRMv1,LINEAR_COMBINATION,LINEAR_COMBINATION,LINEAR_COMBINATION,u006,LINEAR_COMBINATION,LINEAR_COMBINATION,LINEAR_COMBINATION,LINEAR_COMBINATION,True,LINEAR_COMBINATION,LINEAR_COMBINATION,10,source_color_contrast,0.0356179289519786,True,,False
5,-1,0.0619302168488502,ed24f08e965dac88a3be813182fd5e757aeab4c2a4d62792632f656c611c2b64,4d9b1c705b2ff3900fffe0521a782b99d8e793f9d152ea8a214e673cf3483096,e58031ceb0402bf2a6c06d578868d85fa01774bd5320f639e5e806c67558eb3f,0.1129798889160156,True,IRMv1,LINEAR_COMBINATION,LINEAR_COMBINATION,LINEAR_COMBINATION,u006,LINEAR_COMBINATION,LINEAR_COMBINATION,LINEAR_COMBINATION,LINEAR_COMBINATION,True,LINEAR_COMBINATION,LINEAR_COMBINATION,10,source_color_contrast,0.0885802507400512,True,,False
20,-1,0.2908531725406647,ed24f08e965dac88a3be813182fd5e757aeab4c2a4d62792632f656c611c2b64,c542b489016dd28589f40f384d8cfcfe57cce66a706ce2be8efb81e8a5df705e,a09e23ffd85027d5c2e167bd4e4b0bb7414d60259c434824dbdd27a1f5103e0a,0.4248323738574981,True,IRMv1,LINEAR_COMBINATION,LINEAR_COMBINATION,LINEAR_COMBINATION,u006,LINEAR_COMBINATION,LINEAR_COMBINATION,LINEAR_COMBINATION,LINEAR_COMBINATION,True,LINEAR_COMBINATION,LINEAR_COMBINATION,10,source_color_contrast,0.3349652588367462,True,,False
1,-1,0.0285952035337686,ed24f08e965dac88a3be813182fd5e757aeab4c2a4d62792632f656c611c2b64,a38c8ff012b234fd0de6d339c50e40d394b12a4f0c34107f435fb0484e1af081,ae0285455f8afc14fe1b388fd150ffdb65807742a3b079f9f9cc19cf8e46b2b8,0.7007060647010803,True,IRMv1,LINEAR_COMBINATION,LINEAR_COMBINATION,LINEAR_COMBINATION,u007,LINEAR_COMBINATION,LINEAR_COMBINATION,LINEAR_COMBINATION,LINEAR_COMBINATION,True,LINEAR_COMBINATION,LINEAR_COMBINATION,10,color_global,0.574444055557251,False,,False
5,-1,0.1876115798950195,ed24f08e965dac88a3be813182fd5e757aeab4c2a4d62792632f656c611c2b64,4d9b1c705b2ff3900fffe0521a782b99d8e793f9d152ea8a214e673cf3483096,e58031ceb0402bf2a6c06d578868d85fa01774bd5320f639e5e806c67558eb3f,4.0672502517700195,True,IRMv1,LINEAR_COMBINATION,LINEAR_COMBINATION,LINEAR_COMBINATION,u007,LINEAR_COMBINATION,LINEAR_COMBINATION,LINEAR_COMBINATION,LINEAR_COMBINATION,True,LINEAR_COMBINATION,LINEAR_COMBINATION,10,color_global,3.3704497814178467,False,,False
20,-1,0.5196983814239502,ed24f08e965dac88a3be813182fd5e757aeab4c2a4d62792632f656c611c2b64,c542b489016dd28589f40f384d8cfcfe57cce66a706ce2be8efb81e8a5df705e,a09e23ffd85027d5c2e167bd4e4b0bb7414d60259c434824dbdd27a1f5103e0a,5.123807907104492,True,IRMv1,LINEAR_COMBINATION,LINEAR_COMBINATION,LINEAR_COMBINATION,u007,LINEAR_COMBINATION,LINEAR_COMBINATION,LINEAR_COMBINATION,LINEAR_COMBINATION,True,LINEAR_COMBINATION,LINEAR_COMBINATION,10,color_global,4.321163654327393,False,,False
1,-1,0.0285952035337686,ed24f08e965dac88a3be813182fd5e757aeab4c2a4d62792632f656c611c2b64,a38c8ff012b234fd0de6d339c50e40d394b12a4f0c34107f435fb0484e1af081,ae0285455f8afc14fe1b388fd150ffdb65807742a3b079f9f9cc19cf8e46b2b8,0.7007060647010803,True,IRMv1,LINEAR_COMBINATION,LINEAR_COMBINATION,LINEAR_COMBINATION,u008,LINEAR_COMBINATION,LINEAR_COMBINATION,LINEAR_COMBINATION,LINEAR_COMBINATION,True,LINEAR_COMBINATION,LINEAR_COMBINATION,10,color_shift,0.574444055557251,False,,False
5,-1,0.1876115798950195,ed24f08e965dac88a3be813182fd5e757aeab4c2a4d62792632f656c611c2b64,4d9b1c705b2ff3900fffe0521a782b99d8e793f9d152ea8a214e673cf3483096,e58031ceb0402bf2a6c06d578868d85fa01774bd5320f639e5e806c67558eb3f,4.0672502517700195,True,IRMv1,LINEAR_COMBINATION,LINEAR_COMBINATION,LINEAR_COMBINATION,u008,LINEAR_COMBINATION,LINEAR_COMBINATION,LINEAR_COMBINATION,LINEAR_COMBINATION,True,LINEAR_COMBINATION,LINEAR_COMBINATION,10,color_shift,3.3704497814178467,False,,False
20,-1,0.5196983814239502,ed24f08e965dac88a3be813182fd5e757aeab4c2a4d62792632f656c611c2b64,c542b489016dd28589f40f384d8cfcfe57cce66a706ce2be8efb81e8a5df705e,a09e23ffd85027d5c2e167bd4e4b0bb7414d60259c434824dbdd27a1f5103e0a,5.123807907104492,True,IRMv1,LINEAR_COMBINATION,LINEAR_COMBINATION,LINEAR_COMBINATION,u008,LINEAR_COMBINATION,LINEAR_COMBINATION,LINEAR_COMBINATION,LINEAR_COMBINATION,True,LINEAR_COMBINATION,LINEAR_COMBINATION,10,color_shift,4.321163654327393,False,,False
1,-1,0.1589758843183517,ed24f08e965dac88a3be813182fd5e757aeab4c2a4d62792632f656c611c2b64,a38c8ff012b234fd0de6d339c50e40d394b12a4f0c34107f435fb0484e1af081,ae0285455f8afc14fe1b388fd150ffdb65807742a3b079f9f9cc19cf8e46b2b8,3.6578176021575928,True,IRMv1,LINEAR_COMBINATION,LINEAR_COMBINATION,LINEAR_COMBINATION,u009,LINEAR_COMBINATION,LINEAR_COMBINATION,LINEAR_COMBINATION,LINEAR_COMBINATION,True,LINEAR_COMBINATION,LINEAR_COMBINATION,10,noise_global,2.982644557952881,False,,False
5,-1,1.6791781187057495,ed24f08e965dac88a3be813182fd5e757aeab4c2a4d62792632f656c611c2b64,4d9b1c705b2ff3900fffe0521a782b99d8e793f9d152ea8a214e673cf3483096,e58031ceb0402bf2a6c06d578868d85fa01774bd5320f639e5e806c67558eb3f,31.004688262939453,True,IRMv1,LINEAR_COMBINATION,LINEAR_COMBINATION,LINEAR_COMBINATION,u009,LINEAR_COMBINATION,LINEAR_COMBINATION,LINEAR_COMBINATION,LINEAR_COMBINATION,True,LINEAR_COMBINATION,LINEAR_COMBINATION,10,noise_global,25.3240909576416,False,,False
20,-1,1.0440855026245115,ed24f08e965dac88a3be813182fd5e757aeab4c2a4d62792632f656c611c2b64,c542b489016dd28589f40f384d8cfcfe57cce66a706ce2be8efb81e8a5df705e,a09e23ffd85027d5c2e167bd4e4b0bb7414d60259c434824dbdd27a1f5103e0a,28.50591087341309,True,IRMv1,LINEAR_COMBINATION,LINEAR_COMBINATION,LINEAR_COMBINATION,u009,LINEAR_COMBINATION,LINEAR_COMBINATION,LINEAR_COMBINATION,LINEAR_COMBINATION,True,LINEAR_COMBINATION,LINEAR_COMBINATION,10,noise_global,23.38904190063477,False,,False
1,-1,0.1589758843183517,ed24f08e965dac88a3be813182fd5e757aeab4c2a4d62792632f656c611c2b64,a38c8ff012b234fd0de6d339c50e40d394b12a4f0c34107f435fb0484e1af081,ae0285455f8afc14fe1b388fd150ffdb65807742a3b079f9f9cc19cf8e46b2b8,3.6578176021575928,True,IRMv1,LINEAR_COMBINATION,LINEAR_COMBINATION,LINEAR_COMBINATION,u010,LINEAR_COMBINATION,LINEAR_COMBINATION,LINEAR_COMBINATION,LINEAR_COMBINATION,True,LINEAR_COMBINATION,LINEAR_COMBINATION,10,noise_shift,2.982644557952881,False,,False
5,-1,1.6791781187057495,ed24f08e965dac88a3be813182fd5e757aeab4c2a4d62792632f656c611c2b64,4d9b1c705b2ff3900fffe0521a782b99d8e793f9d152ea8a214e673cf3483096,e58031ceb0402bf2a6c06d578868d85fa01774bd5320f639e5e806c67558eb3f,31.004688262939453,True,IRMv1,LINEAR_COMBINATION,LINEAR_COMBINATION,LINEAR_COMBINATION,u010,LINEAR_COMBINATION,LINEAR_COMBINATION,LINEAR_COMBINATION,LINEAR_COMBINATION,True,LINEAR_COMBINATION,LINEAR_COMBINATION,10,noise_shift,25.3240909576416,False,,False
20,-1,1.0440855026245115,ed24f08e965dac88a3be813182fd5e757aeab4c2a4d62792632f656c611c2b64,c542b489016dd28589f40f384d8cfcfe57cce66a706ce2be8efb81e8a5df705e,a09e23ffd85027d5c2e167bd4e4b0bb7414d60259c434824dbdd27a1f5103e0a,28.50591087341309,True,IRMv1,LINEAR_COMBINATION,LINEAR_COMBINATION,LINEAR_COMBINATION,u010,LINEAR_COMBINATION,LINEAR_COMBINATION,LINEAR_COMBINATION,LINEAR_COMBINATION,True,LINEAR_COMBINATION,LINEAR_COMBINATION,10,noise_shift,23.38904190063477,False,,False
1,0,0.1401016116142273,fcf77cfc2cc2e9a7c8fe7b7c60b10164625a86f7e44c05cc4b6a312f2ae4af3f,7e70a34ff3c3c0c6eaf688203fc87302b52068c2ee7ee5bd61275808c1adaaf1,e5bdbb5dc2c519a2bd0141c56bc4498b50e7c5d2dac1659feacf3547464379eb,0.8709268569946289,True,VREX,fcf77cfc2cc2e9a7c8fe7b7c60b10164625a86f7e44c05cc4b6a312f2ae4af3f,ee229f454a095ac52ba7b92673ac44c43f42d86a1e074e69675be467e00dfa14,e8cc89c201fc6845afc19235d1ff3d9e0588abc854052a2360b4cde5370859ac,u000,fcf77cfc2cc2e9a7c8fe7b7c60b10164625a86f7e44c05cc4b6a312f2ae4af3f,16c9bf1c7d455df25522f3019f3360db63927ffe385e62048b483da97c992662,0ade733e6fe9bc8e19953f78592c78f96319338a849d2ecbbff42d0860dcd1f9,fcf77cfc2cc2e9a7c8fe7b7c60b10164625a86f7e44c05cc4b6a312f2ae4af3f,True,16c9bf1c7d455df25522f3019f3360db63927ffe385e62048b483da97c992662,0ade733e6fe9bc8e19953f78592c78f96319338a849d2ecbbff42d0860dcd1f9,10,source_env0_color,0.6747755408287048,True,,False
5,0,0.942512273788452,fcf77cfc2cc2e9a7c8fe7b7c60b10164625a86f7e44c05cc4b6a312f2ae4af3f,fd7c10458de2378ebcf121a5d2910774e153f997c1695a9657fdd733f34f76df,255be05e7444491de1140879918518602116cd0fe698dc35c661cf83c6e022d8,7.311567783355713,True,VREX,fcf77cfc2cc2e9a7c8fe7b7c60b10164625a86f7e44c05cc4b6a312f2ae4af3f,a43f75abf4db1e6e5050e345bae4969db92832dd6f0fc101e978ca8d83b3724c,2604314104999eee84a1e984e23b4c6a57fc8b2b3114f4cb7d558d0b5e3f261a,u000,fcf77cfc2cc2e9a7c8fe7b7c60b10164625a86f7e44c05cc4b6a312f2ae4af3f,db5070ef0b69059dcc8bce80f07757f2b361af3c8bb61a842fce759db8a3765d,bb4c0a1ae684eec7b6f9dcab7a598f51fc8419afc3dce465249a7a19f703aa95,fcf77cfc2cc2e9a7c8fe7b7c60b10164625a86f7e44c05cc4b6a312f2ae4af3f,True,db5070ef0b69059dcc8bce80f07757f2b361af3c8bb61a842fce759db8a3765d,bb4c0a1ae684eec7b6f9dcab7a598f51fc8419afc3dce465249a7a19f703aa95,10,source_env0_color,5.6919264793396,True,,False
20,0,2.5268523693084717,fcf77cfc2cc2e9a7c8fe7b7c60b10164625a86f7e44c05cc4b6a312f2ae4af3f,b39e477841240463edc659a022b9eb936ba58472866612b6aa029e87dc63f595,aed9914ebb76c2e0ba46e6287c3657eea1bc81d586a45c773c11feaebbb350eb,6.457100868225098,True,VREX,fcf77cfc2cc2e9a7c8fe7b7c60b10164625a86f7e44c05cc4b6a312f2ae4af3f,776c299626789162b7751e14bc43caf852684e092997e8fb8b2a950c20844986,20eeebc5605c2d400e22518b80b118f75bcae7342c5c7084739c36f7eac62d7c,u000,fcf77cfc2cc2e9a7c8fe7b7c60b10164625a86f7e44c05cc4b6a312f2ae4af3f,0af6f0af1a6b1cf06b375ceeae5bb97f34fca1b23d5a4a3216370b772f011dc5,2927fe186c1dfd20292a06f8a36d59e9ef45491fc51c2529d4e26f3f4ee15e9b,fcf77cfc2cc2e9a7c8fe7b7c60b10164625a86f7e44c05cc4b6a312f2ae4af3f,True,0af6f0af1a6b1cf06b375ceeae5bb97f34fca1b23d5a4a3216370b772f011dc5,2927fe186c1dfd20292a06f8a36d59e9ef45491fc51c2529d4e26f3f4ee15e9b,10,source_env0_color,5.254523754119873,True,,False
1,1,0.1370161473751068,fcf77cfc2cc2e9a7c8fe7b7c60b10164625a86f7e44c05cc4b6a312f2ae4af3f,7e70a34ff3c3c0c6eaf688203fc87302b52068c2ee7ee5bd61275808c1adaaf1,e5bdbb5dc2c519a2bd0141c56bc4498b50e7c5d2dac1659feacf3547464379eb,0.8668590784072876,True,VREX,fcf77cfc2cc2e9a7c8fe7b7c60b10164625a86f7e44c05cc4b6a312f2ae4af3f,07cb2bb8e735b41daeb160413d69a71c7d4fe53f26d922d7d82f966bc4c52abf,91652ac8a698d9c47bf77bc743d608d434144facf8ffa081d3217bd8b807fb65,u001,fcf77cfc2cc2e9a7c8fe7b7c60b10164625a86f7e44c05cc4b6a312f2ae4af3f,6f1a242e5b83270b744f2132a50d9b21ef372f6722542015b7b8acf2a1d85a24,02a7d41a2c979b63f017432bf1f2b87bcb089bef804791c60c1d533127e928eb,fcf77cfc2cc2e9a7c8fe7b7c60b10164625a86f7e44c05cc4b6a312f2ae4af3f,True,6f1a242e5b83270b744f2132a50d9b21ef372f6722542015b7b8acf2a1d85a24,02a7d41a2c979b63f017432bf1f2b87bcb089bef804791c60c1d533127e928eb,10,source_env1_color,0.6695235371589661,True,,False
5,1,0.9459086656570436,fcf77cfc2cc2e9a7c8fe7b7c60b10164625a86f7e44c05cc4b6a312f2ae4af3f,fd7c10458de2378ebcf121a5d2910774e153f997c1695a9657fdd733f34f76df,255be05e7444491de1140879918518602116cd0fe698dc35c661cf83c6e022d8,7.458396911621094,True,VREX,fcf77cfc2cc2e9a7c8fe7b7c60b10164625a86f7e44c05cc4b6a312f2ae4af3f,9aa2214d9a4b64b8d2fc4e74bf7c018b2938e5a2cbab1aae0caab8b5e328d0e3,7e6c0c5ef618259ad7a4ed0d0b8d902d0035e111a0894f0fc989d3fe2fb39253,u001,fcf77cfc2cc2e9a7c8fe7b7c60b10164625a86f7e44c05cc4b6a312f2ae4af3f,8b87f8d20e0f9c11abb76bfae00f29b7c6e295e9d2c1d3e2c0ff2bcf0372b431,6836dcfe7693b87f3e0128bda0ae7e5b087148fe6ceed5edcc70c318eee075ae,fcf77cfc2cc2e9a7c8fe7b7c60b10164625a86f7e44c05cc4b6a312f2ae4af3f,True,8b87f8d20e0f9c11abb76bfae00f29b7c6e295e9d2c1d3e2c0ff2bcf0372b431,6836dcfe7693b87f3e0128bda0ae7e5b087148fe6ceed5edcc70c318eee075ae,10,source_env1_color,5.7967448234558105,True,,False
20,1,3.239980697631836,fcf77cfc2cc2e9a7c8fe7b7c60b10164625a86f7e44c05cc4b6a312f2ae4af3f,b39e477841240463edc659a022b9eb936ba58472866612b6aa029e87dc63f595,aed9914ebb76c2e0ba46e6287c3657eea1bc81d586a45c773c11feaebbb350eb,7.346183776855469,True,VREX,fcf77cfc2cc2e9a7c8fe7b7c60b10164625a86f7e44c05cc4b6a312f2ae4af3f,8d7df47fb2fbaddcd4867ad70a4d019f1d6d7ab8b9adb595159beeef5cf22b6f,4aa4f23f069d0849b3ee72d1d2419602b46d778f46143d75a9e9a8a13847a8aa,u001,fcf77cfc2cc2e9a7c8fe7b7c60b10164625a86f7e44c05cc4b6a312f2ae4af3f,96dd141fec3dcf70265cd2a4e59d05adfe3be8d89db0de1025e864340b1b73f7,d45739dc26f4ee2da4f8647b529658cfd691bde5b02fe99c77fc404e489e1e35,fcf77cfc2cc2e9a7c8fe7b7c60b10164625a86f7e44c05cc4b6a312f2ae4af3f,True,96dd141fec3dcf70265cd2a4e59d05adfe3be8d89db0de1025e864340b1b73f7,d45739dc26f4ee2da4f8647b529658cfd691bde5b02fe99c77fc404e489e1e35,10,source_env1_color,6.067718982696533,True,,False
1,2,0.0,fcf77cfc2cc2e9a7c8fe7b7c60b10164625a86f7e44c05cc4b6a312f2ae4af3f,7e70a34ff3c3c0c6eaf688203fc87302b52068c2ee7ee5bd61275808c1adaaf1,e5bdbb5dc2c519a2bd0141c56bc4498b50e7c5d2dac1659feacf3547464379eb,0.0,True,VREX,LINEAR_COMBINATION,LINEAR_COMBINATION,LINEAR_COMBINATION,u002,LINEAR_COMBINATION,LINEAR_COMBINATION,LINEAR_COMBINATION,LINEAR_COMBINATION,True,LINEAR_COMBINATION,LINEAR_COMBINATION,10,evaluation_color,0.0,False,,False
5,2,0.0,fcf77cfc2cc2e9a7c8fe7b7c60b10164625a86f7e44c05cc4b6a312f2ae4af3f,fd7c10458de2378ebcf121a5d2910774e153f997c1695a9657fdd733f34f76df,255be05e7444491de1140879918518602116cd0fe698dc35c661cf83c6e022d8,0.0,True,VREX,LINEAR_COMBINATION,LINEAR_COMBINATION,LINEAR_COMBINATION,u002,LINEAR_COMBINATION,LINEAR_COMBINATION,LINEAR_COMBINATION,LINEAR_COMBINATION,True,LINEAR_COMBINATION,LINEAR_COMBINATION,10,evaluation_color,0.0,False,,False
20,2,0.0,fcf77cfc2cc2e9a7c8fe7b7c60b10164625a86f7e44c05cc4b6a312f2ae4af3f,b39e477841240463edc659a022b9eb936ba58472866612b6aa029e87dc63f595,aed9914ebb76c2e0ba46e6287c3657eea1bc81d586a45c773c11feaebbb350eb,0.0,True,VREX,LINEAR_COMBINATION,LINEAR_COMBINATION,LINEAR_COMBINATION,u002,LINEAR_COMBINATION,LINEAR_COMBINATION,LINEAR_COMBINATION,LINEAR_COMBINATION,True,LINEAR_COMBINATION,LINEAR_COMBINATION,10,evaluation_color,0.0,False,,False
1,3,0.1454398930072784,fcf77cfc2cc2e9a7c8fe7b7c60b10164625a86f7e44c05cc4b6a312f2ae4af3f,7e70a34ff3c3c0c6eaf688203fc87302b52068c2ee7ee5bd61275808c1adaaf1,e5bdbb5dc2c519a2bd0141c56bc4498b50e7c5d2dac1659feacf3547464379eb,0.298562228679657,True,VREX,fcf77cfc2cc2e9a7c8fe7b7c60b10164625a86f7e44c05cc4b6a312f2ae4af3f,15b7ec9dba58ff25ee64f7422ea5980769606d73d7271058139fa92bbae5732c,90b5bd3e4877e84ffa26673a6fcd710dd4ba5f89416faad6859419773f776c16,u003,fcf77cfc2cc2e9a7c8fe7b7c60b10164625a86f7e44c05cc4b6a312f2ae4af3f,d59cb97c6a3da8a1fe8430e1aebb893d411e6f3bb8a2bfb0651b72ff4f7e976a,a64d6f3e84512e154e6f88ce3cb548a89d1096e7cb966cf08fe2e3ef75a37dc4,fcf77cfc2cc2e9a7c8fe7b7c60b10164625a86f7e44c05cc4b6a312f2ae4af3f,True,d59cb97c6a3da8a1fe8430e1aebb893d411e6f3bb8a2bfb0651b72ff4f7e976a,a64d6f3e84512e154e6f88ce3cb548a89d1096e7cb966cf08fe2e3ef75a37dc4,10,source_label_noise,0.2248908132314682,True,,False
5,3,0.6064197421073914,fcf77cfc2cc2e9a7c8fe7b7c60b10164625a86f7e44c05cc4b6a312f2ae4af3f,fd7c10458de2378ebcf121a5d2910774e153f997c1695a9657fdd733f34f76df,255be05e7444491de1140879918518602116cd0fe698dc35c661cf83c6e022d8,1.1353479623794556,True,VREX,fcf77cfc2cc2e9a7c8fe7b7c60b10164625a86f7e44c05cc4b6a312f2ae4af3f,3acb77cfca1a5dd71073e61b0067952320e43fb85462a8d5553a3059c7f8ca08,b33354bb93a1b828b7795f7ad0a499b23438969faeefa0b299f3c785c39ab199,u003,fcf77cfc2cc2e9a7c8fe7b7c60b10164625a86f7e44c05cc4b6a312f2ae4af3f,9342b5ac02181b9f8526b58529ee725d38d1c7ef06234f5dd2ce7d2fb1e7d364,16f2b283e413332780e7bf7adc067ac96b0285134403cdb839ee202d595b65b3,fcf77cfc2cc2e9a7c8fe7b7c60b10164625a86f7e44c05cc4b6a312f2ae4af3f,True,9342b5ac02181b9f8526b58529ee725d38d1c7ef06234f5dd2ce7d2fb1e7d364,16f2b283e413332780e7bf7adc067ac96b0285134403cdb839ee202d595b65b3,10,source_label_noise,0.8637057542800903,True,,False
20,3,5.679808139801025,fcf77cfc2cc2e9a7c8fe7b7c60b10164625a86f7e44c05cc4b6a312f2ae4af3f,b39e477841240463edc659a022b9eb936ba58472866612b6aa029e87dc63f595,aed9914ebb76c2e0ba46e6287c3657eea1bc81d586a45c773c11feaebbb350eb,9.242228507995604,True,VREX,fcf77cfc2cc2e9a7c8fe7b7c60b10164625a86f7e44c05cc4b6a312f2ae4af3f,d56808dca010c77fb46327a2186025e7b9f11db9f843c6bc6dc753f83f3e8e21,c8bfb3074572880515605ad57a5561f2c346fe74e7fcfede4369495d7fe833bd,u003,fcf77cfc2cc2e9a7c8fe7b7c60b10164625a86f7e44c05cc4b6a312f2ae4af3f,31572e86bd44153f20a3b892bec7d8213fa7d71c5383ec7a49528b667fce60ab,6ac8c19a52f13ce471ac37a00ee72e726ed1b348b810c9b04dd2accbd99f2fcb,fcf77cfc2cc2e9a7c8fe7b7c60b10164625a86f7e44c05cc4b6a312f2ae4af3f,True,31572e86bd44153f20a3b892bec7d8213fa7d71c5383ec7a49528b667fce60ab,6ac8c19a52f13ce471ac37a00ee72e726ed1b348b810c9b04dd2accbd99f2fcb,10,source_label_noise,7.366037845611572,True,,False
1,4,0.0,fcf77cfc2cc2e9a7c8fe7b7c60b10164625a86f7e44c05cc4b6a312f2ae4af3f,7e70a34ff3c3c0c6eaf688203fc87302b52068c2ee7ee5bd61275808c1adaaf1,e5bdbb5dc2c519a2bd0141c56bc4498b50e7c5d2dac1659feacf3547464379eb,0.0,True,VREX,LINEAR_COMBINATION,LINEAR_COMBINATION,LINEAR_COMBINATION,u004,LINEAR_COMBINATION,LINEAR_COMBINATION,LINEAR_COMBINATION,LINEAR_COMBINATION,True,LINEAR_COMBINATION,LINEAR_COMBINATION,10,evaluation_label_noise,0.0,False,,False
5,4,0.0,fcf77cfc2cc2e9a7c8fe7b7c60b10164625a86f7e44c05cc4b6a312f2ae4af3f,fd7c10458de2378ebcf121a5d2910774e153f997c1695a9657fdd733f34f76df,255be05e7444491de1140879918518602116cd0fe698dc35c661cf83c6e022d8,0.0,True,VREX,LINEAR_COMBINATION,LINEAR_COMBINATION,LINEAR_COMBINATION,u004,LINEAR_COMBINATION,LINEAR_COMBINATION,LINEAR_COMBINATION,LINEAR_COMBINATION,True,LINEAR_COMBINATION,LINEAR_COMBINATION,10,evaluation_label_noise,0.0,False,,False
20,4,0.0,fcf77cfc2cc2e9a7c8fe7b7c60b10164625a86f7e44c05cc4b6a312f2ae4af3f,b39e477841240463edc659a022b9eb936ba58472866612b6aa029e87dc63f595,aed9914ebb76c2e0ba46e6287c3657eea1bc81d586a45c773c11feaebbb350eb,0.0,True,VREX,LINEAR_COMBINATION,LINEAR_COMBINATION,LINEAR_COMBINATION,u004,LINEAR_COMBINATION,LINEAR_COMBINATION,LINEAR_COMBINATION,LINEAR_COMBINATION,True,LINEAR_COMBINATION,LINEAR_COMBINATION,10,evaluation_label_noise,0.0,False,,False
1,-1,0.0034210456069558,fcf77cfc2cc2e9a7c8fe7b7c60b10164625a86f7e44c05cc4b6a312f2ae4af3f,7e70a34ff3c3c0c6eaf688203fc87302b52068c2ee7ee5bd61275808c1adaaf1,e5bdbb5dc2c519a2bd0141c56bc4498b50e7c5d2dac1659feacf3547464379eb,0.0092734890058636,True,VREX,LINEAR_COMBINATION,LINEAR_COMBINATION,LINEAR_COMBINATION,u005,LINEAR_COMBINATION,LINEAR_COMBINATION,LINEAR_COMBINATION,LINEAR_COMBINATION,True,LINEAR_COMBINATION,LINEAR_COMBINATION,10,source_color_common,0.008096057921648,True,,False
5,-1,0.0229238495230674,fcf77cfc2cc2e9a7c8fe7b7c60b10164625a86f7e44c05cc4b6a312f2ae4af3f,fd7c10458de2378ebcf121a5d2910774e153f997c1695a9657fdd733f34f76df,255be05e7444491de1140879918518602116cd0fe698dc35c661cf83c6e022d8,0.1143800765275955,True,VREX,LINEAR_COMBINATION,LINEAR_COMBINATION,LINEAR_COMBINATION,u005,LINEAR_COMBINATION,LINEAR_COMBINATION,LINEAR_COMBINATION,LINEAR_COMBINATION,True,LINEAR_COMBINATION,LINEAR_COMBINATION,10,source_color_common,0.0832016244530677,True,,False
20,-1,0.5571182370185852,fcf77cfc2cc2e9a7c8fe7b7c60b10164625a86f7e44c05cc4b6a312f2ae4af3f,b39e477841240463edc659a022b9eb936ba58472866612b6aa029e87dc63f595,aed9914ebb76c2e0ba46e6287c3657eea1bc81d586a45c773c11feaebbb350eb,1.1576547622680664,True,VREX,LINEAR_COMBINATION,LINEAR_COMBINATION,LINEAR_COMBINATION,u005,LINEAR_COMBINATION,LINEAR_COMBINATION,LINEAR_COMBINATION,LINEAR_COMBINATION,True,LINEAR_COMBINATION,LINEAR_COMBINATION,10,source_color_common,1.010061264038086,True,,False
1,-1,0.1959341317415237,fcf77cfc2cc2e9a7c8fe7b7c60b10164625a86f7e44c05cc4b6a312f2ae4af3f,7e70a34ff3c3c0c6eaf688203fc87302b52068c2ee7ee5bd61275808c1adaaf1,e5bdbb5dc2c519a2bd0141c56bc4498b50e7c5d2dac1659feacf3547464379eb,1.2287684679031372,True,VREX,LINEAR_COMBINATION,LINEAR_COMBINATION,LINEAR_COMBINATION,u006,LINEAR_COMBINATION,LINEAR_COMBINATION,LINEAR_COMBINATION,LINEAR_COMBINATION,True,LINEAR_COMBINATION,LINEAR_COMBINATION,10,source_color_contrast,0.950535774230957,True,,False
5,-1,1.3351205587387085,fcf77cfc2cc2e9a7c8fe7b7c60b10164625a86f7e44c05cc4b6a312f2ae4af3f,fd7c10458de2378ebcf121a5d2910774e153f997c1695a9657fdd733f34f76df,255be05e7444491de1140879918518602116cd0fe698dc35c661cf83c6e022d8,10.443833351135254,True,VREX,LINEAR_COMBINATION,LINEAR_COMBINATION,LINEAR_COMBINATION,u006,LINEAR_COMBINATION,LINEAR_COMBINATION,LINEAR_COMBINATION,LINEAR_COMBINATION,True,LINEAR_COMBINATION,LINEAR_COMBINATION,10,source_color_contrast,8.123628616333008,True,,False
20,-1,4.0708818435668945,fcf77cfc2cc2e9a7c8fe7b7c60b10164625a86f7e44c05cc4b6a312f2ae4af3f,b39e477841240463edc659a022b9eb936ba58472866612b6aa029e87dc63f595,aed9914ebb76c2e0ba46e6287c3657eea1bc81d586a45c773c11feaebbb350eb,9.711869239807127,True,VREX,LINEAR_COMBINATION,LINEAR_COMBINATION,LINEAR_COMBINATION,u006,LINEAR_COMBINATION,LINEAR_COMBINATION,LINEAR_COMBINATION,LINEAR_COMBINATION,True,LINEAR_COMBINATION,LINEAR_COMBINATION,10,source_color_contrast,7.962850570678711,True,,False
1,-1,0.0024190447293221,fcf77cfc2cc2e9a7c8fe7b7c60b10164625a86f7e44c05cc4b6a312f2ae4af3f,7e70a34ff3c3c0c6eaf688203fc87302b52068c2ee7ee5bd61275808c1adaaf1,e5bdbb5dc2c519a2bd0141c56bc4498b50e7c5d2dac1659feacf3547464379eb,0.0065573486499488,True,VREX,LINEAR_COMBINATION,LINEAR_COMBINATION,LINEAR_COMBINATION,u007,LINEAR_COMBINATION,LINEAR_COMBINATION,LINEAR_COMBINATION,LINEAR_COMBINATION,True,LINEAR_COMBINATION,LINEAR_COMBINATION,10,color_global,0.0057247779332101,False,,False
5,-1,0.0162096079438924,fcf77cfc2cc2e9a7c8fe7b7c60b10164625a86f7e44c05cc4b6a312f2ae4af3f,fd7c10458de2378ebcf121a5d2910774e153f997c1695a9657fdd733f34f76df,255be05e7444491de1140879918518602116cd0fe698dc35c661cf83c6e022d8,0.0808789357542991,True,VREX,LINEAR_COMBINATION,LINEAR_COMBINATION,LINEAR_COMBINATION,u007,LINEAR_COMBINATION,LINEAR_COMBINATION,LINEAR_COMBINATION,LINEAR_COMBINATION,True,LINEAR_COMBINATION,LINEAR_COMBINATION,10,color_global,0.0588324330747127,False,,False
20,-1,0.3939420580863952,fcf77cfc2cc2e9a7c8fe7b7c60b10164625a86f7e44c05cc4b6a312f2ae4af3f,b39e477841240463edc659a022b9eb936ba58472866612b6aa029e87dc63f595,aed9914ebb76c2e0ba46e6287c3657eea1bc81d586a45c773c11feaebbb350eb,0.8185855746269226,True,VREX,LINEAR_COMBINATION,LINEAR_COMBINATION,LINEAR_COMBINATION,u007,LINEAR_COMBINATION,LINEAR_COMBINATION,LINEAR_COMBINATION,LINEAR_COMBINATION,True,LINEAR_COMBINATION,LINEAR_COMBINATION,10,color_global,0.714221179485321,False,,False
1,-1,0.0024190447293221,fcf77cfc2cc2e9a7c8fe7b7c60b10164625a86f7e44c05cc4b6a312f2ae4af3f,7e70a34ff3c3c0c6eaf688203fc87302b52068c2ee7ee5bd61275808c1adaaf1,e5bdbb5dc2c519a2bd0141c56bc4498b50e7c5d2dac1659feacf3547464379eb,0.0065573486499488,True,VREX,LINEAR_COMBINATION,LINEAR_COMBINATION,LINEAR_COMBINATION,u008,LINEAR_COMBINATION,LINEAR_COMBINATION,LINEAR_COMBINATION,LINEAR_COMBINATION,True,LINEAR_COMBINATION,LINEAR_COMBINATION,10,color_shift,0.0057247779332101,False,,False
5,-1,0.0162096079438924,fcf77cfc2cc2e9a7c8fe7b7c60b10164625a86f7e44c05cc4b6a312f2ae4af3f,fd7c10458de2378ebcf121a5d2910774e153f997c1695a9657fdd733f34f76df,255be05e7444491de1140879918518602116cd0fe698dc35c661cf83c6e022d8,0.0808789357542991,True,VREX,LINEAR_COMBINATION,LINEAR_COMBINATION,LINEAR_COMBINATION,u008,LINEAR_COMBINATION,LINEAR_COMBINATION,LINEAR_COMBINATION,LINEAR_COMBINATION,True,LINEAR_COMBINATION,LINEAR_COMBINATION,10,color_shift,0.0588324330747127,False,,False
20,-1,0.3939420580863952,fcf77cfc2cc2e9a7c8fe7b7c60b10164625a86f7e44c05cc4b6a312f2ae4af3f,b39e477841240463edc659a022b9eb936ba58472866612b6aa029e87dc63f595,aed9914ebb76c2e0ba46e6287c3657eea1bc81d586a45c773c11feaebbb350eb,0.8185855746269226,True,VREX,LINEAR_COMBINATION,LINEAR_COMBINATION,LINEAR_COMBINATION,u008,LINEAR_COMBINATION,LINEAR_COMBINATION,LINEAR_COMBINATION,LINEAR_COMBINATION,True,LINEAR_COMBINATION,LINEAR_COMBINATION,10,color_shift,0.714221179485321,False,,False
1,-1,0.1028415337204933,fcf77cfc2cc2e9a7c8fe7b7c60b10164625a86f7e44c05cc4b6a312f2ae4af3f,7e70a34ff3c3c0c6eaf688203fc87302b52068c2ee7ee5bd61275808c1adaaf1,e5bdbb5dc2c519a2bd0141c56bc4498b50e7c5d2dac1659feacf3547464379eb,0.2111153751611709,True,VREX,LINEAR_COMBINATION,LINEAR_COMBINATION,LINEAR_COMBINATION,u009,LINEAR_COMBINATION,LINEAR_COMBINATION,LINEAR_COMBINATION,LINEAR_COMBINATION,True,LINEAR_COMBINATION,LINEAR_COMBINATION,10,noise_global,0.1590218096971511,False,,False
5,-1,0.4288035333156585,fcf77cfc2cc2e9a7c8fe7b7c60b10164625a86f7e44c05cc4b6a312f2ae4af3f,fd7c10458de2378ebcf121a5d2910774e153f997c1695a9657fdd733f34f76df,255be05e7444491de1140879918518602116cd0fe698dc35c661cf83c6e022d8,0.8028122186660767,True,VREX,LINEAR_COMBINATION,LINEAR_COMBINATION,LINEAR_COMBINATION,u009,LINEAR_COMBINATION,LINEAR_COMBINATION,LINEAR_COMBINATION,LINEAR_COMBINATION,True,LINEAR_COMBINATION,LINEAR_COMBINATION,10,noise_global,0.6107321977615356,False,,False
20,-1,4.016230583190918,fcf77cfc2cc2e9a7c8fe7b7c60b10164625a86f7e44c05cc4b6a312f2ae4af3f,b39e477841240463edc659a022b9eb936ba58472866612b6aa029e87dc63f595,aed9914ebb76c2e0ba46e6287c3657eea1bc81d586a45c773c11feaebbb350eb,6.535242557525635,True,VREX,LINEAR_COMBINATION,LINEAR_COMBINATION,LINEAR_COMBINATION,u009,LINEAR_COMBINATION,LINEAR_COMBINATION,LINEAR_COMBINATION,LINEAR_COMBINATION,True,LINEAR_COMBINATION,LINEAR_COMBINATION,10,noise_global,5.208575248718262,False,,False
1,-1,0.1028415337204933,fcf77cfc2cc2e9a7c8fe7b7c60b10164625a86f7e44c05cc4b6a312f2ae4af3f,7e70a34ff3c3c0c6eaf688203fc87302b52068c2ee7ee5bd61275808c1adaaf1,e5bdbb5dc2c519a2bd0141c56bc4498b50e7c5d2dac1659feacf3547464379eb,0.2111153751611709,True,VREX,LINEAR_COMBINATION,LINEAR_COMBINATION,LINEAR_COMBINATION,u010,LINEAR_COMBINATION,LINEAR_COMBINATION,LINEAR_COMBINATION,LINEAR_COMBINATION,True,LINEAR_COMBINATION,LINEAR_COMBINATION,10,noise_shift,0.1590218096971511,False,,False
5,-1,0.4288035333156585,fcf77cfc2cc2e9a7c8fe7b7c60b10164625a86f7e44c05cc4b6a312f2ae4af3f,fd7c10458de2378ebcf121a5d2910774e153f997c1695a9657fdd733f34f76df,255be05e7444491de1140879918518602116cd0fe698dc35c661cf83c6e022d8,0.8028122186660767,True,VREX,LINEAR_COMBINATION,LINEAR_COMBINATION,LINEAR_COMBINATION,u010,LINEAR_COMBINATION,LINEAR_COMBINATION,LINEAR_COMBINATION,LINEAR_COMBINATION,True,LINEAR_COMBINATION,LINEAR_COMBINATION,10,noise_shift,0.6107321977615356,False,,False
20,-1,4.016230583190918,fcf77cfc2cc2e9a7c8fe7b7c60b10164625a86f7e44c05cc4b6a312f2ae4af3f,b39e477841240463edc659a022b9eb936ba58472866612b6aa029e87dc63f595,aed9914ebb76c2e0ba46e6287c3657eea1bc81d586a45c773c11feaebbb350eb,6.535242557525635,True,VREX,LINEAR_COMBINATION,LINEAR_COMBINATION,LINEAR_COMBINATION,u010,LINEAR_COMBINATION,LINEAR_COMBINATION,LINEAR_COMBINATION,LINEAR_COMBINATION,True,LINEAR_COMBINATION,LINEAR_COMBINATION,10,noise_shift,5.208575248718262,False,,False
1,0,0.0590386427938938,a7d0cb3e426987cd68e0c37e7a0260d217f5659529e9c994ed6abdc083ba5430,ffa08c65c492acf81533f737ad424f9db44c65d91958ca405d0b6ae80ebbcd99,41809a6dfcd0c9ee66ef1682d2aa9c7f2a9d7de69f1996a3fcc436e1e543f2b4,0.2478441298007965,True,FISHR,a7d0cb3e426987cd68e0c37e7a0260d217f5659529e9c994ed6abdc083ba5430,8ad6646da50fa323b8845f2952909cbfc0e508f07f6c7007be3992beca986806,389fddf883e2e19a63591de2e34388daeb28e36f405afa1b5839c491cc0cd0ef,u000,a7d0cb3e426987cd68e0c37e7a0260d217f5659529e9c994ed6abdc083ba5430,5b87402ae43bd001b7d210f5348382ac41745a5420773f7625841ee4b7ee730b,28bd419d6c40fbfb1021f4c3581535b2d8422c3645bd1b3c47531d8f2a0af856,a7d0cb3e426987cd68e0c37e7a0260d217f5659529e9c994ed6abdc083ba5430,True,5b87402ae43bd001b7d210f5348382ac41745a5420773f7625841ee4b7ee730b,28bd419d6c40fbfb1021f4c3581535b2d8422c3645bd1b3c47531d8f2a0af856,10,source_env0_color,0.1957290768623352,True,,False
5,0,0.7101733684539795,a7d0cb3e426987cd68e0c37e7a0260d217f5659529e9c994ed6abdc083ba5430,6e50b3560afcbfb829819838f11cc91a179c4f8ae9097564b4b316e8ebcc2f15,67d8582d9aaa9f6bf04a7185182909a3b18971594aa8e8d62da076f3095f0eba,3.721457481384278,True,FISHR,a7d0cb3e426987cd68e0c37e7a0260d217f5659529e9c994ed6abdc083ba5430,fe5180668ec2820a7ef0a4d73d27b3fd1d10e949a3ecb17d12a557e8bd2c3138,4be8a941f34cc92c5b60930b19c4ae2bb8b0e38417a07f26edb317000e303e46,u000,a7d0cb3e426987cd68e0c37e7a0260d217f5659529e9c994ed6abdc083ba5430,c82024fbcd3305ab920d5233b55951d3e9b56fce97864edbfc4a72c89bedfacf,9867ecd1035d646c568c6b1ed972fbc96b60f986b70b4c54ad0d32072c268131,a7d0cb3e426987cd68e0c37e7a0260d217f5659529e9c994ed6abdc083ba5430,True,c82024fbcd3305ab920d5233b55951d3e9b56fce97864edbfc4a72c89bedfacf,9867ecd1035d646c568c6b1ed972fbc96b60f986b70b4c54ad0d32072c268131,10,source_env0_color,2.956688404083252,True,,False
20,0,4.257869720458984,a7d0cb3e426987cd68e0c37e7a0260d217f5659529e9c994ed6abdc083ba5430,48023cbadd95de73448597ce7b68934a159972ea79c7255adb8c0b59e9b77e31,8d54bdb4ad414ab23bc79954ec36f6018358d5ef967e77d5209ac3934c19a6bd,24.30400276184082,True,FISHR,a7d0cb3e426987cd68e0c37e7a0260d217f5659529e9c994ed6abdc083ba5430,261cb8f73bbcd1f3e895a5f273acf15c40205de5bab2ee303896b0b29ecc52a8,6e88b3f0762f2d41729748af3a1f8345e828b3d390ab7eaf0e2cfdefe85879ea,u000,a7d0cb3e426987cd68e0c37e7a0260d217f5659529e9c994ed6abdc083ba5430,70af2e895f3b61c88dd9ca54578de700ec3b45ff10deef5bf52bdf83c526990f,b1f3ded4f9426fae4bc19d8fd2621b72bb18af1cf473d4e74ad6454a58202ea7,a7d0cb3e426987cd68e0c37e7a0260d217f5659529e9c994ed6abdc083ba5430,True,70af2e895f3b61c88dd9ca54578de700ec3b45ff10deef5bf52bdf83c526990f,b1f3ded4f9426fae4bc19d8fd2621b72bb18af1cf473d4e74ad6454a58202ea7,10,source_env0_color,19.302196502685547,True,,False
1,1,0.0541585274040699,a7d0cb3e426987cd68e0c37e7a0260d217f5659529e9c994ed6abdc083ba5430,ffa08c65c492acf81533f737ad424f9db44c65d91958ca405d0b6ae80ebbcd99,41809a6dfcd0c9ee66ef1682d2aa9c7f2a9d7de69f1996a3fcc436e1e543f2b4,0.2186017334461212,True,FISHR,a7d0cb3e426987cd68e0c37e7a0260d217f5659529e9c994ed6abdc083ba5430,89eb9a0349fd95de39ff42e9de06c0f18b26afef3220453e98221bac6489687d,a49a16a6134167d6f1a6c33d4c61fc3b2c7bb8e5a197c6720cc71918e6586dce,u001,a7d0cb3e426987cd68e0c37e7a0260d217f5659529e9c994ed6abdc083ba5430,5f0eb9324d51efc63af0c75f9137381fe7fd827652ce5a4f8454b3f850af92eb,006e06ec9bb166d93f977352b64ed46030f23e970aa1f7f7c7747c1a4e534b86,a7d0cb3e426987cd68e0c37e7a0260d217f5659529e9c994ed6abdc083ba5430,True,5f0eb9324d51efc63af0c75f9137381fe7fd827652ce5a4f8454b3f850af92eb,006e06ec9bb166d93f977352b64ed46030f23e970aa1f7f7c7747c1a4e534b86,10,source_env1_color,0.1722732335329055,True,,False
5,1,0.6304163336753845,a7d0cb3e426987cd68e0c37e7a0260d217f5659529e9c994ed6abdc083ba5430,6e50b3560afcbfb829819838f11cc91a179c4f8ae9097564b4b316e8ebcc2f15,67d8582d9aaa9f6bf04a7185182909a3b18971594aa8e8d62da076f3095f0eba,3.257363557815552,True,FISHR,a7d0cb3e426987cd68e0c37e7a0260d217f5659529e9c994ed6abdc083ba5430,5da86a50bc1118cf4257cb6dfc522da227fa067f1a2e82af17c9e8ea7c3466b3,a815389e94aad708bddae0e03c19e272b6281c03b9b4f6c353381fd43268a60e,u001,a7d0cb3e426987cd68e0c37e7a0260d217f5659529e9c994ed6abdc083ba5430,59ebdea2d6fc9786b1338f5043d6afa38a027234eeed28bc6816463310e0db2d,539bfb24aa7cb691fcd2d3a3c59e8689bd63f3a88283b354b422d9c241562b49,a7d0cb3e426987cd68e0c37e7a0260d217f5659529e9c994ed6abdc083ba5430,True,59ebdea2d6fc9786b1338f5043d6afa38a027234eeed28bc6816463310e0db2d,539bfb24aa7cb691fcd2d3a3c59e8689bd63f3a88283b354b422d9c241562b49,10,source_env1_color,2.5861895084381104,True,,False
20,1,3.936675786972046,a7d0cb3e426987cd68e0c37e7a0260d217f5659529e9c994ed6abdc083ba5430,48023cbadd95de73448597ce7b68934a159972ea79c7255adb8c0b59e9b77e31,8d54bdb4ad414ab23bc79954ec36f6018358d5ef967e77d5209ac3934c19a6bd,22.250993728637695,True,FISHR,a7d0cb3e426987cd68e0c37e7a0260d217f5659529e9c994ed6abdc083ba5430,29c58022d5fff09b3365f1c87ef0931931f2d6c78603bc13b1fbd04e158c6f80,384a53ca3ac356995cc344fc622541aba0e346621a15cee88e0e8fdfce202a86,u001,a7d0cb3e426987cd68e0c37e7a0260d217f5659529e9c994ed6abdc083ba5430,612f9f1c771c79fc3c02e833c4967e2280a7e1da8a0aced0df778fba9f8d99d9,0182014646e14f22996ef1b30f899591dc6097886de9fa20588dbddf96bf92be,a7d0cb3e426987cd68e0c37e7a0260d217f5659529e9c994ed6abdc083ba5430,True,612f9f1c771c79fc3c02e833c4967e2280a7e1da8a0aced0df778fba9f8d99d9,0182014646e14f22996ef1b30f899591dc6097886de9fa20588dbddf96bf92be,10,source_env1_color,17.73313331604004,True,,False
1,2,0.0,a7d0cb3e426987cd68e0c37e7a0260d217f5659529e9c994ed6abdc083ba5430,ffa08c65c492acf81533f737ad424f9db44c65d91958ca405d0b6ae80ebbcd99,41809a6dfcd0c9ee66ef1682d2aa9c7f2a9d7de69f1996a3fcc436e1e543f2b4,0.0,True,FISHR,LINEAR_COMBINATION,LINEAR_COMBINATION,LINEAR_COMBINATION,u002,LINEAR_COMBINATION,LINEAR_COMBINATION,LINEAR_COMBINATION,LINEAR_COMBINATION,True,LINEAR_COMBINATION,LINEAR_COMBINATION,10,evaluation_color,0.0,False,,False
5,2,0.0,a7d0cb3e426987cd68e0c37e7a0260d217f5659529e9c994ed6abdc083ba5430,6e50b3560afcbfb829819838f11cc91a179c4f8ae9097564b4b316e8ebcc2f15,67d8582d9aaa9f6bf04a7185182909a3b18971594aa8e8d62da076f3095f0eba,0.0,True,FISHR,LINEAR_COMBINATION,LINEAR_COMBINATION,LINEAR_COMBINATION,u002,LINEAR_COMBINATION,LINEAR_COMBINATION,LINEAR_COMBINATION,LINEAR_COMBINATION,True,LINEAR_COMBINATION,LINEAR_COMBINATION,10,evaluation_color,0.0,False,,False
20,2,0.0,a7d0cb3e426987cd68e0c37e7a0260d217f5659529e9c994ed6abdc083ba5430,48023cbadd95de73448597ce7b68934a159972ea79c7255adb8c0b59e9b77e31,8d54bdb4ad414ab23bc79954ec36f6018358d5ef967e77d5209ac3934c19a6bd,0.0,True,FISHR,LINEAR_COMBINATION,LINEAR_COMBINATION,LINEAR_COMBINATION,u002,LINEAR_COMBINATION,LINEAR_COMBINATION,LINEAR_COMBINATION,LINEAR_COMBINATION,True,LINEAR_COMBINATION,LINEAR_COMBINATION,10,evaluation_color,0.0,False,,False
1,3,0.0326425433158874,a7d0cb3e426987cd68e0c37e7a0260d217f5659529e9c994ed6abdc083ba5430,ffa08c65c492acf81533f737ad424f9db44c65d91958ca405d0b6ae80ebbcd99,41809a6dfcd0c9ee66ef1682d2aa9c7f2a9d7de69f1996a3fcc436e1e543f2b4,0.125417947769165,True,FISHR,a7d0cb3e426987cd68e0c37e7a0260d217f5659529e9c994ed6abdc083ba5430,94474c6c223c933e2706710ce9dbfd604735d72a4eebfd7303e6b98742ae9e77,5237e9d57c5779295daab5a493b7cc6ce1afa45a7aba059d94d7493cda9fa3d5,u003,a7d0cb3e426987cd68e0c37e7a0260d217f5659529e9c994ed6abdc083ba5430,5aea4f6ada98be61a68c1bff7c515eab7506520a2dd566b0446787eac9c2ed12,a5744bd5cc11949f5ab9a68e7fda39627201a414bc3240eb8b24229bae07d8f1,a7d0cb3e426987cd68e0c37e7a0260d217f5659529e9c994ed6abdc083ba5430,True,5aea4f6ada98be61a68c1bff7c515eab7506520a2dd566b0446787eac9c2ed12,a5744bd5cc11949f5ab9a68e7fda39627201a414bc3240eb8b24229bae07d8f1,10,source_label_noise,0.1010556817054748,True,,False
5,3,0.1874099820852279,a7d0cb3e426987cd68e0c37e7a0260d217f5659529e9c994ed6abdc083ba5430,6e50b3560afcbfb829819838f11cc91a179c4f8ae9097564b4b316e8ebcc2f15,67d8582d9aaa9f6bf04a7185182909a3b18971594aa8e8d62da076f3095f0eba,0.8032571077346802,True,FISHR,a7d0cb3e426987cd68e0c37e7a0260d217f5659529e9c994ed6abdc083ba5430,b6a856900761045f1050ac3d7217a0e6c1abc0ddec28b9e9249404e0fea656a3,347ec50973555b344a1a61cbd735a74a814f753a55053d5267c083ebd2e93784,u003,a7d0cb3e426987cd68e0c37e7a0260d217f5659529e9c994ed6abdc083ba5430,da6e86f0db1e3c1781961ea49e7456bfb2255aefdfb94defa15181833b698a0b,41a6df284dbecbeb8417564533d58b66a7623d84f9f52d4f889f6ba615785080,a7d0cb3e426987cd68e0c37e7a0260d217f5659529e9c994ed6abdc083ba5430,True,da6e86f0db1e3c1781961ea49e7456bfb2255aefdfb94defa15181833b698a0b,41a6df284dbecbeb8417564533d58b66a7623d84f9f52d4f889f6ba615785080,10,source_label_noise,0.6548749208450317,True,,False
20,3,0.231511503458023,a7d0cb3e426987cd68e0c37e7a0260d217f5659529e9c994ed6abdc083ba5430,48023cbadd95de73448597ce7b68934a159972ea79c7255adb8c0b59e9b77e31,8d54bdb4ad414ab23bc79954ec36f6018358d5ef967e77d5209ac3934c19a6bd,0.8632014393806458,True,FISHR,a7d0cb3e426987cd68e0c37e7a0260d217f5659529e9c994ed6abdc083ba5430,d4ac63941e010de1636b34084d9fab1ecdee6473c299443f0adcb5c97f7540b8,732876f8476973322855ab597cf18b0098ab7fc56e44f779f19f81d2a17bcc70,u003,a7d0cb3e426987cd68e0c37e7a0260d217f5659529e9c994ed6abdc083ba5430,b901d2ace5b7a63395503328a520274067338d35ff5f1fff7e3147539b78d391,47bd38c42abb30589c5d24924d5a2373868d054cc5fa393eeed044b4c70ec33a,a7d0cb3e426987cd68e0c37e7a0260d217f5659529e9c994ed6abdc083ba5430,True,b901d2ace5b7a63395503328a520274067338d35ff5f1fff7e3147539b78d391,47bd38c42abb30589c5d24924d5a2373868d054cc5fa393eeed044b4c70ec33a,10,source_label_noise,0.763003408908844,True,,False
1,4,0.0,a7d0cb3e426987cd68e0c37e7a0260d217f5659529e9c994ed6abdc083ba5430,ffa08c65c492acf81533f737ad424f9db44c65d91958ca405d0b6ae80ebbcd99,41809a6dfcd0c9ee66ef1682d2aa9c7f2a9d7de69f1996a3fcc436e1e543f2b4,0.0,True,FISHR,LINEAR_COMBINATION,LINEAR_COMBINATION,LINEAR_COMBINATION,u004,LINEAR_COMBINATION,LINEAR_COMBINATION,LINEAR_COMBINATION,LINEAR_COMBINATION,True,LINEAR_COMBINATION,LINEAR_COMBINATION,10,evaluation_label_noise,0.0,False,,False
5,4,0.0,a7d0cb3e426987cd68e0c37e7a0260d217f5659529e9c994ed6abdc083ba5430,6e50b3560afcbfb829819838f11cc91a179c4f8ae9097564b4b316e8ebcc2f15,67d8582d9aaa9f6bf04a7185182909a3b18971594aa8e8d62da076f3095f0eba,0.0,True,FISHR,LINEAR_COMBINATION,LINEAR_COMBINATION,LINEAR_COMBINATION,u004,LINEAR_COMBINATION,LINEAR_COMBINATION,LINEAR_COMBINATION,LINEAR_COMBINATION,True,LINEAR_COMBINATION,LINEAR_COMBINATION,10,evaluation_label_noise,0.0,False,,False
20,4,0.0,a7d0cb3e426987cd68e0c37e7a0260d217f5659529e9c994ed6abdc083ba5430,48023cbadd95de73448597ce7b68934a159972ea79c7255adb8c0b59e9b77e31,8d54bdb4ad414ab23bc79954ec36f6018358d5ef967e77d5209ac3934c19a6bd,0.0,True,FISHR,LINEAR_COMBINATION,LINEAR_COMBINATION,LINEAR_COMBINATION,u004,LINEAR_COMBINATION,LINEAR_COMBINATION,LINEAR_COMBINATION,LINEAR_COMBINATION,True,LINEAR_COMBINATION,LINEAR_COMBINATION,10,evaluation_label_noise,0.0,False,,False
1,-1,0.0035601288545876,a7d0cb3e426987cd68e0c37e7a0260d217f5659529e9c994ed6abdc083ba5430,ffa08c65c492acf81533f737ad424f9db44c65d91958ca405d0b6ae80ebbcd99,41809a6dfcd0c9ee66ef1682d2aa9c7f2a9d7de69f1996a3fcc436e1e543f2b4,0.0210230071097612,True,FISHR,LINEAR_COMBINATION,LINEAR_COMBINATION,LINEAR_COMBINATION,u005,LINEAR_COMBINATION,LINEAR_COMBINATION,LINEAR_COMBINATION,LINEAR_COMBINATION,True,LINEAR_COMBINATION,LINEAR_COMBINATION,10,source_color_common,0.0169134307652711,True,,False
5,-1,0.0569820925593376,a7d0cb3e426987cd68e0c37e7a0260d217f5659529e9c994ed6abdc083ba5430,6e50b3560afcbfb829819838f11cc91a179c4f8ae9097564b4b316e8ebcc2f15,67d8582d9aaa9f6bf04a7185182909a3b18971594aa8e8d62da076f3095f0eba,0.3295120596885681,True,FISHR,LINEAR_COMBINATION,LINEAR_COMBINATION,LINEAR_COMBINATION,u005,LINEAR_COMBINATION,LINEAR_COMBINATION,LINEAR_COMBINATION,LINEAR_COMBINATION,True,LINEAR_COMBINATION,LINEAR_COMBINATION,10,source_color_common,0.2631943225860595,True,,False
20,-1,0.25429368019104,a7d0cb3e426987cd68e0c37e7a0260d217f5659529e9c994ed6abdc083ba5430,48023cbadd95de73448597ce7b68934a159972ea79c7255adb8c0b59e9b77e31,8d54bdb4ad414ab23bc79954ec36f6018358d5ef967e77d5209ac3934c19a6bd,1.505354881286621,True,FISHR,LINEAR_COMBINATION,LINEAR_COMBINATION,LINEAR_COMBINATION,u005,LINEAR_COMBINATION,LINEAR_COMBINATION,LINEAR_COMBINATION,LINEAR_COMBINATION,True,LINEAR_COMBINATION,LINEAR_COMBINATION,10,source_color_common,1.1583504676818848,True,,False
1,-1,0.0800376906991005,a7d0cb3e426987cd68e0c37e7a0260d217f5659529e9c994ed6abdc083ba5430,ffa08c65c492acf81533f737ad424f9db44c65d91958ca405d0b6ae80ebbcd99,41809a6dfcd0c9ee66ef1682d2aa9c7f2a9d7de69f1996a3fcc436e1e543f2b4,0.3298052847385406,True,FISHR,LINEAR_COMBINATION,LINEAR_COMBINATION,LINEAR_COMBINATION,u006,LINEAR_COMBINATION,LINEAR_COMBINATION,LINEAR_COMBINATION,LINEAR_COMBINATION,True,LINEAR_COMBINATION,LINEAR_COMBINATION,10,source_color_contrast,0.2601958513259887,True,,False
5,-1,0.9479050636291504,a7d0cb3e426987cd68e0c37e7a0260d217f5659529e9c994ed6abdc083ba5430,6e50b3560afcbfb829819838f11cc91a179c4f8ae9097564b4b316e8ebcc2f15,67d8582d9aaa9f6bf04a7185182909a3b18971594aa8e8d62da076f3095f0eba,4.9346818923950195,True,FISHR,LINEAR_COMBINATION,LINEAR_COMBINATION,LINEAR_COMBINATION,u006,LINEAR_COMBINATION,LINEAR_COMBINATION,LINEAR_COMBINATION,LINEAR_COMBINATION,True,LINEAR_COMBINATION,LINEAR_COMBINATION,10,source_color_contrast,3.919325113296509,True,,False
20,-1,5.793289661407471,a7d0cb3e426987cd68e0c37e7a0260d217f5659529e9c994ed6abdc083ba5430,48023cbadd95de73448597ce7b68934a159972ea79c7255adb8c0b59e9b77e31,8d54bdb4ad414ab23bc79954ec36f6018358d5ef967e77d5209ac3934c19a6bd,32.91694641113281,True,FISHR,LINEAR_COMBINATION,LINEAR_COMBINATION,LINEAR_COMBINATION,u006,LINEAR_COMBINATION,LINEAR_COMBINATION,LINEAR_COMBINATION,LINEAR_COMBINATION,True,LINEAR_COMBINATION,LINEAR_COMBINATION,10,source_color_contrast,26.18581771850586,True,,False
1,-1,0.0025173912290483,a7d0cb3e426987cd68e0c37e7a0260d217f5659529e9c994ed6abdc083ba5430,ffa08c65c492acf81533f737ad424f9db44c65d91958ca405d0b6ae80ebbcd99,41809a6dfcd0c9ee66ef1682d2aa9c7f2a9d7de69f1996a3fcc436e1e543f2b4,0.0148655101656913,True,FISHR,LINEAR_COMBINATION,LINEAR_COMBINATION,LINEAR_COMBINATION,u007,LINEAR_COMBINATION,LINEAR_COMBINATION,LINEAR_COMBINATION,LINEAR_COMBINATION,True,LINEAR_COMBINATION,LINEAR_COMBINATION,10,color_global,0.0119596011936664,False,,False
5,-1,0.0402924269437789,a7d0cb3e426987cd68e0c37e7a0260d217f5659529e9c994ed6abdc083ba5430,6e50b3560afcbfb829819838f11cc91a179c4f8ae9097564b4b316e8ebcc2f15,67d8582d9aaa9f6bf04a7185182909a3b18971594aa8e8d62da076f3095f0eba,0.2330002188682556,True,FISHR,LINEAR_COMBINATION,LINEAR_COMBINATION,LINEAR_COMBINATION,u007,LINEAR_COMBINATION,LINEAR_COMBINATION,LINEAR_COMBINATION,LINEAR_COMBINATION,True,LINEAR_COMBINATION,LINEAR_COMBINATION,10,color_global,0.1861064881086349,False,,False
20,-1,0.1798127889633178,a7d0cb3e426987cd68e0c37e7a0260d217f5659529e9c994ed6abdc083ba5430,48023cbadd95de73448597ce7b68934a159972ea79c7255adb8c0b59e9b77e31,8d54bdb4ad414ab23bc79954ec36f6018358d5ef967e77d5209ac3934c19a6bd,1.0644466876983645,True,FISHR,LINEAR_COMBINATION,LINEAR_COMBINATION,LINEAR_COMBINATION,u007,LINEAR_COMBINATION,LINEAR_COMBINATION,LINEAR_COMBINATION,LINEAR_COMBINATION,True,LINEAR_COMBINATION,LINEAR_COMBINATION,10,color_global,0.8190775513648987,False,,False
1,-1,0.0025173912290483,a7d0cb3e426987cd68e0c37e7a0260d217f5659529e9c994ed6abdc083ba5430,ffa08c65c492acf81533f737ad424f9db44c65d91958ca405d0b6ae80ebbcd99,41809a6dfcd0c9ee66ef1682d2aa9c7f2a9d7de69f1996a3fcc436e1e543f2b4,0.0148655101656913,True,FISHR,LINEAR_COMBINATION,LINEAR_COMBINATION,LINEAR_COMBINATION,u008,LINEAR_COMBINATION,LINEAR_COMBINATION,LINEAR_COMBINATION,LINEAR_COMBINATION,True,LINEAR_COMBINATION,LINEAR_COMBINATION,10,color_shift,0.0119596011936664,False,,False
5,-1,0.0402924269437789,a7d0cb3e426987cd68e0c37e7a0260d217f5659529e9c994ed6abdc083ba5430,6e50b3560afcbfb829819838f11cc91a179c4f8ae9097564b4b316e8ebcc2f15,67d8582d9aaa9f6bf04a7185182909a3b18971594aa8e8d62da076f3095f0eba,0.2330002188682556,True,FISHR,LINEAR_COMBINATION,LINEAR_COMBINATION,LINEAR_COMBINATION,u008,LINEAR_COMBINATION,LINEAR_COMBINATION,LINEAR_COMBINATION,LINEAR_COMBINATION,True,LINEAR_COMBINATION,LINEAR_COMBINATION,10,color_shift,0.1861064881086349,False,,False
20,-1,0.1798127889633178,a7d0cb3e426987cd68e0c37e7a0260d217f5659529e9c994ed6abdc083ba5430,48023cbadd95de73448597ce7b68934a159972ea79c7255adb8c0b59e9b77e31,8d54bdb4ad414ab23bc79954ec36f6018358d5ef967e77d5209ac3934c19a6bd,1.0644466876983645,True,FISHR,LINEAR_COMBINATION,LINEAR_COMBINATION,LINEAR_COMBINATION,u008,LINEAR_COMBINATION,LINEAR_COMBINATION,LINEAR_COMBINATION,LINEAR_COMBINATION,True,LINEAR_COMBINATION,LINEAR_COMBINATION,10,color_shift,0.8190775513648987,False,,False
1,-1,0.0230817645788192,a7d0cb3e426987cd68e0c37e7a0260d217f5659529e9c994ed6abdc083ba5430,ffa08c65c492acf81533f737ad424f9db44c65d91958ca405d0b6ae80ebbcd99,41809a6dfcd0c9ee66ef1682d2aa9c7f2a9d7de69f1996a3fcc436e1e543f2b4,0.0886838808655738,True,FISHR,LINEAR_COMBINATION,LINEAR_COMBINATION,LINEAR_COMBINATION,u009,LINEAR_COMBINATION,LINEAR_COMBINATION,LINEAR_COMBINATION,LINEAR_COMBINATION,True,LINEAR_COMBINATION,LINEAR_COMBINATION,10,noise_global,0.0714571550488472,False,,False
5,-1,0.132518857717514,a7d0cb3e426987cd68e0c37e7a0260d217f5659529e9c994ed6abdc083ba5430,6e50b3560afcbfb829819838f11cc91a179c4f8ae9097564b4b316e8ebcc2f15,67d8582d9aaa9f6bf04a7185182909a3b18971594aa8e8d62da076f3095f0eba,0.5679885149002075,True,FISHR,LINEAR_COMBINATION,LINEAR_COMBINATION,LINEAR_COMBINATION,u009,LINEAR_COMBINATION,LINEAR_COMBINATION,LINEAR_COMBINATION,LINEAR_COMBINATION,True,LINEAR_COMBINATION,LINEAR_COMBINATION,10,noise_global,0.4630664885044098,False,,False
20,-1,0.1637033522129058,a7d0cb3e426987cd68e0c37e7a0260d217f5659529e9c994ed6abdc083ba5430,48023cbadd95de73448597ce7b68934a159972ea79c7255adb8c0b59e9b77e31,8d54bdb4ad414ab23bc79954ec36f6018358d5ef967e77d5209ac3934c19a6bd,0.6103755831718445,True,FISHR,LINEAR_COMBINATION,LINEAR_COMBINATION,LINEAR_COMBINATION,u009,LINEAR_COMBINATION,LINEAR_COMBINATION,LINEAR_COMBINATION,LINEAR_COMBINATION,True,LINEAR_COMBINATION,LINEAR_COMBINATION,10,noise_global,0.5395249128341675,False,,False
1,-1,0.0230817645788192,a7d0cb3e426987cd68e0c37e7a0260d217f5659529e9c994ed6abdc083ba5430,ffa08c65c492acf81533f737ad424f9db44c65d91958ca405d0b6ae80ebbcd99,41809a6dfcd0c9ee66ef1682d2aa9c7f2a9d7de69f1996a3fcc436e1e543f2b4,0.0886838808655738,True,FISHR,LINEAR_COMBINATION,LINEAR_COMBINATION,LINEAR_COMBINATION,u010,LINEAR_COMBINATION,LINEAR_COMBINATION,LINEAR_COMBINATION,LINEAR_COMBINATION,True,LINEAR_COMBINATION,LINEAR_COMBINATION,10,noise_shift,0.0714571550488472,False,,False
5,-1,0.132518857717514,a7d0cb3e426987cd68e0c37e7a0260d217f5659529e9c994ed6abdc083ba5430,6e50b3560afcbfb829819838f11cc91a179c4f8ae9097564b4b316e8ebcc2f15,67d8582d9aaa9f6bf04a7185182909a3b18971594aa8e8d62da076f3095f0eba,0.5679885149002075,True,FISHR,LINEAR_COMBINATION,LINEAR_COMBINATION,LINEAR_COMBINATION,u010,LINEAR_COMBINATION,LINEAR_COMBINATION,LINEAR_COMBINATION,LINEAR_COMBINATION,True,LINEAR_COMBINATION,LINEAR_COMBINATION,10,noise_shift,0.4630664885044098,False,,False
20,-1,0.1637033522129058,a7d0cb3e426987cd68e0c37e7a0260d217f5659529e9c994ed6abdc083ba5430,48023cbadd95de73448597ce7b68934a159972ea79c7255adb8c0b59e9b77e31,8d54bdb4ad414ab23bc79954ec36f6018358d5ef967e77d5209ac3934c19a6bd,0.6103755831718445,True,FISHR,LINEAR_COMBINATION,LINEAR_COMBINATION,LINEAR_COMBINATION,u010,LINEAR_COMBINATION,LINEAR_COMBINATION,LINEAR_COMBINATION,LINEAR_COMBINATION,True,LINEAR_COMBINATION,LINEAR_COMBINATION,10,noise_shift,0.5395249128341675,False,,False
1,0,0.9765692353248596,d99990a387f0c79b99717c795fff13727d4d82b4edb09141f14944ceff616951,6f6a04813aa0fed242e19fe4f89308dd391c6ece418342c9864ef17096d15555,a77d5848289b942386b0bbdcdea4eb0f770ca1107b07edb733eba331dee56f73,18.67323875427246,True,CORAL,d99990a387f0c79b99717c795fff13727d4d82b4edb09141f14944ceff616951,593aa87db8c385ad1c73297b90b52d94c7780c7a158d9d989fb37375a56a57f9,b294da5a9210bab522c957d967e8c0724fc9ed9058be118c74a34634eff07797,u000,d99990a387f0c79b99717c795fff13727d4d82b4edb09141f14944ceff616951,5bed55c37cd3cced75f9706138a44d46473f9b8b3ab1cba2d6dde7bb4d1faf70,69556d4dc44fe553b2753b120ebf032037a29726af7816545d13a05061852b2f,d99990a387f0c79b99717c795fff13727d4d82b4edb09141f14944ceff616951,True,5bed55c37cd3cced75f9706138a44d46473f9b8b3ab1cba2d6dde7bb4d1faf70,69556d4dc44fe553b2753b120ebf032037a29726af7816545d13a05061852b2f,10,source_env0_color,13.244790077209473,True,,False
5,0,19.960561752319336,d99990a387f0c79b99717c795fff13727d4d82b4edb09141f14944ceff616951,05f3a1b597f2905b8c044b4d19fdf1c352ae15117c45ecf4882f241e1f884809,5c7b72a0c4ac1fdb333d8176b3ed214370c98ca9f9ec99ee28f31ff63f06c983,168.65304565429688,True,CORAL,d99990a387f0c79b99717c795fff13727d4d82b4edb09141f14944ceff616951,bb7a3509dde7658bbe59591fdf74ec07ace83b65878cc808e6a79bcdceae069c,c9c3367633cacb3138b292701dd02ec02607b1006b73fc3687b18cbc578d12df,u000,d99990a387f0c79b99717c795fff13727d4d82b4edb09141f14944ceff616951,c5bddc4d1728f77f00000d674868167c70fbd3f2b9e39b2a5a47f95f4c1c87e4,682ce5ed02aa1b19961b5b06dec2db07863440cf8cb77b1d08ce739fbf8a9992,d99990a387f0c79b99717c795fff13727d4d82b4edb09141f14944ceff616951,True,c5bddc4d1728f77f00000d674868167c70fbd3f2b9e39b2a5a47f95f4c1c87e4,682ce5ed02aa1b19961b5b06dec2db07863440cf8cb77b1d08ce739fbf8a9992,10,source_env0_color,119.5085906982422,True,,False
20,0,25.98021697998047,d99990a387f0c79b99717c795fff13727d4d82b4edb09141f14944ceff616951,3719a127fb0592d187270e1a020a0cbe27e62a4bbfa038683a9f51a5f1f7411c,759fbfe08170afaba57dbbf525f1d8e7d6a79b000c822d50fd24d2d17bcaf730,155.83543395996094,True,CORAL,d99990a387f0c79b99717c795fff13727d4d82b4edb09141f14944ceff616951,811dacab4f18fba1332639811922b36e83ab060ad76a80460c011f040b0732ff,a9fdc11594a3bea1736145146bbc862380226113abda71223022a84871639095,u000,d99990a387f0c79b99717c795fff13727d4d82b4edb09141f14944ceff616951,94f804ebc5ef539864256603c185e2500163189d386bdbc3d110ef533adc89ba,2c7954b96b7d687919324344d4a6d764a5a8e264d934c78e9d1f5d5ecdbe48a3,d99990a387f0c79b99717c795fff13727d4d82b4edb09141f14944ceff616951,True,94f804ebc5ef539864256603c185e2500163189d386bdbc3d110ef533adc89ba,2c7954b96b7d687919324344d4a6d764a5a8e264d934c78e9d1f5d5ecdbe48a3,10,source_env0_color,109.5615005493164,True,,False
1,1,1.5894410610198977,d99990a387f0c79b99717c795fff13727d4d82b4edb09141f14944ceff616951,6f6a04813aa0fed242e19fe4f89308dd391c6ece418342c9864ef17096d15555,a77d5848289b942386b0bbdcdea4eb0f770ca1107b07edb733eba331dee56f73,18.625905990600582,True,CORAL,d99990a387f0c79b99717c795fff13727d4d82b4edb09141f14944ceff616951,1030f73b563fbe88b6653738b3ec1096a1527f53d795379c65c131f987cabae3,9af79bcb4355ca37ff284eaf5f41f11e25a11905e27bc7a49a103f27b52c58fb,u001,d99990a387f0c79b99717c795fff13727d4d82b4edb09141f14944ceff616951,134a019fe2d23a05abb2825d0d5cfe4a4dbc6c570effbc4e5cd2084613f6c624,fa4f1364dfb9ebffbb6ccbfd59a0ae977998b4e17425cd14b0daf91c5e7e73de,d99990a387f0c79b99717c795fff13727d4d82b4edb09141f14944ceff616951,True,134a019fe2d23a05abb2825d0d5cfe4a4dbc6c570effbc4e5cd2084613f6c624,fa4f1364dfb9ebffbb6ccbfd59a0ae977998b4e17425cd14b0daf91c5e7e73de,10,source_env1_color,13.13197135925293,True,,False
5,1,19.305587768554688,d99990a387f0c79b99717c795fff13727d4d82b4edb09141f14944ceff616951,05f3a1b597f2905b8c044b4d19fdf1c352ae15117c45ecf4882f241e1f884809,5c7b72a0c4ac1fdb333d8176b3ed214370c98ca9f9ec99ee28f31ff63f06c983,168.4021759033203,True,CORAL,d99990a387f0c79b99717c795fff13727d4d82b4edb09141f14944ceff616951,5ef6adb919f1fe8e16ceaf6c3764d4c6d6985d3dbe85995c833f4e8f588b0fbb,38658601d2392403483a9d51105f58d7205196b9679da4ac7d30a79795e41b84,u001,d99990a387f0c79b99717c795fff13727d4d82b4edb09141f14944ceff616951,45b3b5e3690f1efb55a7f014a87594eb0b0505af4122181648850ab2b8e57589,a80bedd29b4cd69f9b9f31759c515b10b50ab33d104a53d8db2c2e5875bc43b7,d99990a387f0c79b99717c795fff13727d4d82b4edb09141f14944ceff616951,True,45b3b5e3690f1efb55a7f014a87594eb0b0505af4122181648850ab2b8e57589,a80bedd29b4cd69f9b9f31759c515b10b50ab33d104a53d8db2c2e5875bc43b7,10,source_env1_color,119.1904296875,True,,False
20,1,26.610280990600582,d99990a387f0c79b99717c795fff13727d4d82b4edb09141f14944ceff616951,3719a127fb0592d187270e1a020a0cbe27e62a4bbfa038683a9f51a5f1f7411c,759fbfe08170afaba57dbbf525f1d8e7d6a79b000c822d50fd24d2d17bcaf730,155.21676635742188,True,CORAL,d99990a387f0c79b99717c795fff13727d4d82b4edb09141f14944ceff616951,dc34389fff4a3914e2f6fdad60eb80632b549c88a2e8fa4691404ee9cc4df391,79848609ea357ae4923548ce70a3218bbd7154245948f5ac7ac24052d9d91bc1,u001,d99990a387f0c79b99717c795fff13727d4d82b4edb09141f14944ceff616951,0832fafbd696eaa48fc7450cc9198ab94fa55218fbddc01d8a46393174ea06f5,c7e533479ee391590a32ebd3268294747458c32d716b3fb4d9fb3b9f63d92a82,d99990a387f0c79b99717c795fff13727d4d82b4edb09141f14944ceff616951,True,0832fafbd696eaa48fc7450cc9198ab94fa55218fbddc01d8a46393174ea06f5,c7e533479ee391590a32ebd3268294747458c32d716b3fb4d9fb3b9f63d92a82,10,source_env1_color,108.8719253540039,True,,False
1,2,0.0,d99990a387f0c79b99717c795fff13727d4d82b4edb09141f14944ceff616951,6f6a04813aa0fed242e19fe4f89308dd391c6ece418342c9864ef17096d15555,a77d5848289b942386b0bbdcdea4eb0f770ca1107b07edb733eba331dee56f73,0.0,True,CORAL,LINEAR_COMBINATION,LINEAR_COMBINATION,LINEAR_COMBINATION,u002,LINEAR_COMBINATION,LINEAR_COMBINATION,LINEAR_COMBINATION,LINEAR_COMBINATION,True,LINEAR_COMBINATION,LINEAR_COMBINATION,10,evaluation_color,0.0,False,,False
5,2,0.0,d99990a387f0c79b99717c795fff13727d4d82b4edb09141f14944ceff616951,05f3a1b597f2905b8c044b4d19fdf1c352ae15117c45ecf4882f241e1f884809,5c7b72a0c4ac1fdb333d8176b3ed214370c98ca9f9ec99ee28f31ff63f06c983,0.0,True,CORAL,LINEAR_COMBINATION,LINEAR_COMBINATION,LINEAR_COMBINATION,u002,LINEAR_COMBINATION,LINEAR_COMBINATION,LINEAR_COMBINATION,LINEAR_COMBINATION,True,LINEAR_COMBINATION,LINEAR_COMBINATION,10,evaluation_color,0.0,False,,False
20,2,0.0,d99990a387f0c79b99717c795fff13727d4d82b4edb09141f14944ceff616951,3719a127fb0592d187270e1a020a0cbe27e62a4bbfa038683a9f51a5f1f7411c,759fbfe08170afaba57dbbf525f1d8e7d6a79b000c822d50fd24d2d17bcaf730,0.0,True,CORAL,LINEAR_COMBINATION,LINEAR_COMBINATION,LINEAR_COMBINATION,u002,LINEAR_COMBINATION,LINEAR_COMBINATION,LINEAR_COMBINATION,LINEAR_COMBINATION,True,LINEAR_COMBINATION,LINEAR_COMBINATION,10,evaluation_color,0.0,False,,False
1,3,1.3754281997680664,d99990a387f0c79b99717c795fff13727d4d82b4edb09141f14944ceff616951,6f6a04813aa0fed242e19fe4f89308dd391c6ece418342c9864ef17096d15555,a77d5848289b942386b0bbdcdea4eb0f770ca1107b07edb733eba331dee56f73,6.087560176849365,True,CORAL,d99990a387f0c79b99717c795fff13727d4d82b4edb09141f14944ceff616951,f5d9f67e71d085a80e01a628564139a21bee88dbc685fde2d27534b5a053f933,26d07a634d5e9d5d60a891fd84d9617516e555200b8a35ad7da459c5a1acd39a,u003,d99990a387f0c79b99717c795fff13727d4d82b4edb09141f14944ceff616951,baa52591af4cbb24e719c0cdd97934c6dfd921ab463c3fa0695246ac06202942,b3b0f6fc8ebfbb1312a39b20b159be27e3a65e8ae3b6c3f94f06fdeae4971f8a,d99990a387f0c79b99717c795fff13727d4d82b4edb09141f14944ceff616951,True,baa52591af4cbb24e719c0cdd97934c6dfd921ab463c3fa0695246ac06202942,b3b0f6fc8ebfbb1312a39b20b159be27e3a65e8ae3b6c3f94f06fdeae4971f8a,10,source_label_noise,3.3208372592926025,True,,False
5,3,15.933269500732422,d99990a387f0c79b99717c795fff13727d4d82b4edb09141f14944ceff616951,05f3a1b597f2905b8c044b4d19fdf1c352ae15117c45ecf4882f241e1f884809,5c7b72a0c4ac1fdb333d8176b3ed214370c98ca9f9ec99ee28f31ff63f06c983,55.19892883300781,True,CORAL,d99990a387f0c79b99717c795fff13727d4d82b4edb09141f14944ceff616951,8f4716562070eb3474909b4e36eb1dc228b9d88d4d56e2d98f9b250b2e3758e0,c5e91eaaba132715da92d1d79e2342f148fdb2fc0adf74aafecda9093e77a1d1,u003,d99990a387f0c79b99717c795fff13727d4d82b4edb09141f14944ceff616951,83c58d2deb0371d05532ac0396628b0098b6f0baf875d1e4cca38c7a872a6523,6aefb70a966a06b3c523bf5c53269c39d16e519051188075d192600559fdad21,d99990a387f0c79b99717c795fff13727d4d82b4edb09141f14944ceff616951,True,83c58d2deb0371d05532ac0396628b0098b6f0baf875d1e4cca38c7a872a6523,6aefb70a966a06b3c523bf5c53269c39d16e519051188075d192600559fdad21,10,source_label_noise,25.265796661376953,True,,False
20,3,75.92706298828125,d99990a387f0c79b99717c795fff13727d4d82b4edb09141f14944ceff616951,3719a127fb0592d187270e1a020a0cbe27e62a4bbfa038683a9f51a5f1f7411c,759fbfe08170afaba57dbbf525f1d8e7d6a79b000c822d50fd24d2d17bcaf730,128.40914916992188,True,CORAL,d99990a387f0c79b99717c795fff13727d4d82b4edb09141f14944ceff616951,e7a89bff27f56c77d757357d6d0f2cc3113b0fe74bd8fd4f8ba94bf442bdb97a,27f7df594147d084b20bf6a40e25a47f7aa4dd276dfc4e44ac4a948ad8307046,u003,d99990a387f0c79b99717c795fff13727d4d82b4edb09141f14944ceff616951,1f21eb2bce75300fa8fb09df325112f79dc574994f2a52409ce8dfc8bce87365,32192398400857c943229d5844eaa47cf5d1c460a0183b811b9fd4d49f699bf6,d99990a387f0c79b99717c795fff13727d4d82b4edb09141f14944ceff616951,True,1f21eb2bce75300fa8fb09df325112f79dc574994f2a52409ce8dfc8bce87365,32192398400857c943229d5844eaa47cf5d1c460a0183b811b9fd4d49f699bf6,10,source_label_noise,78.24031829833984,True,,False
1,4,0.0,d99990a387f0c79b99717c795fff13727d4d82b4edb09141f14944ceff616951,6f6a04813aa0fed242e19fe4f89308dd391c6ece418342c9864ef17096d15555,a77d5848289b942386b0bbdcdea4eb0f770ca1107b07edb733eba331dee56f73,0.0,True,CORAL,LINEAR_COMBINATION,LINEAR_COMBINATION,LINEAR_COMBINATION,u004,LINEAR_COMBINATION,LINEAR_COMBINATION,LINEAR_COMBINATION,LINEAR_COMBINATION,True,LINEAR_COMBINATION,LINEAR_COMBINATION,10,evaluation_label_noise,0.0,False,,False
5,4,0.0,d99990a387f0c79b99717c795fff13727d4d82b4edb09141f14944ceff616951,05f3a1b597f2905b8c044b4d19fdf1c352ae15117c45ecf4882f241e1f884809,5c7b72a0c4ac1fdb333d8176b3ed214370c98ca9f9ec99ee28f31ff63f06c983,0.0,True,CORAL,LINEAR_COMBINATION,LINEAR_COMBINATION,LINEAR_COMBINATION,u004,LINEAR_COMBINATION,LINEAR_COMBINATION,LINEAR_COMBINATION,LINEAR_COMBINATION,True,LINEAR_COMBINATION,LINEAR_COMBINATION,10,evaluation_label_noise,0.0,False,,False
20,4,0.0,d99990a387f0c79b99717c795fff13727d4d82b4edb09141f14944ceff616951,3719a127fb0592d187270e1a020a0cbe27e62a4bbfa038683a9f51a5f1f7411c,759fbfe08170afaba57dbbf525f1d8e7d6a79b000c822d50fd24d2d17bcaf730,0.0,True,CORAL,LINEAR_COMBINATION,LINEAR_COMBINATION,LINEAR_COMBINATION,u004,LINEAR_COMBINATION,LINEAR_COMBINATION,LINEAR_COMBINATION,LINEAR_COMBINATION,True,LINEAR_COMBINATION,LINEAR_COMBINATION,10,evaluation_label_noise,0.0,False,,False
1,-1,1.7638331651687622,d99990a387f0c79b99717c795fff13727d4d82b4edb09141f14944ceff616951,6f6a04813aa0fed242e19fe4f89308dd391c6ece418342c9864ef17096d15555,a77d5848289b942386b0bbdcdea4eb0f770ca1107b07edb733eba331dee56f73,26.36370086669922,True,CORAL,LINEAR_COMBINATION,LINEAR_COMBINATION,LINEAR_COMBINATION,u005,LINEAR_COMBINATION,LINEAR_COMBINATION,LINEAR_COMBINATION,LINEAR_COMBINATION,True,LINEAR_COMBINATION,LINEAR_COMBINATION,10,source_color_common,18.644729614257812,True,,False
5,-1,27.756303787231445,d99990a387f0c79b99717c795fff13727d4d82b4edb09141f14944ceff616951,05f3a1b597f2905b8c044b4d19fdf1c352ae15117c45ecf4882f241e1f884809,5c7b72a0c4ac1fdb333d8176b3ed214370c98ca9f9ec99ee28f31ff63f06c983,238.32582092285156,True,CORAL,LINEAR_COMBINATION,LINEAR_COMBINATION,LINEAR_COMBINATION,u005,LINEAR_COMBINATION,LINEAR_COMBINATION,LINEAR_COMBINATION,LINEAR_COMBINATION,True,LINEAR_COMBINATION,LINEAR_COMBINATION,10,source_color_common,168.78236389160156,True,,False
20,-1,37.10874557495117,d99990a387f0c79b99717c795fff13727d4d82b4edb09141f14944ceff616951,3719a127fb0592d187270e1a020a0cbe27e62a4bbfa038683a9f51a5f1f7411c,759fbfe08170afaba57dbbf525f1d8e7d6a79b000c822d50fd24d2d17bcaf730,219.8387451171875,True,CORAL,LINEAR_COMBINATION,LINEAR_COMBINATION,LINEAR_COMBINATION,u005,LINEAR_COMBINATION,LINEAR_COMBINATION,LINEAR_COMBINATION,LINEAR_COMBINATION,True,LINEAR_COMBINATION,LINEAR_COMBINATION,10,source_color_common,154.38990783691406,True,,False
1,-1,0.6073732376098633,d99990a387f0c79b99717c795fff13727d4d82b4edb09141f14944ceff616951,6f6a04813aa0fed242e19fe4f89308dd391c6ece418342c9864ef17096d15555,a77d5848289b942386b0bbdcdea4eb0f770ca1107b07edb733eba331dee56f73,0.7547281384468079,True,CORAL,LINEAR_COMBINATION,LINEAR_COMBINATION,LINEAR_COMBINATION,u006,LINEAR_COMBINATION,LINEAR_COMBINATION,LINEAR_COMBINATION,LINEAR_COMBINATION,True,LINEAR_COMBINATION,LINEAR_COMBINATION,10,source_color_contrast,0.4972334802150726,True,,False
5,-1,0.8468472361564636,d99990a387f0c79b99717c795fff13727d4d82b4edb09141f14944ceff616951,05f3a1b597f2905b8c044b4d19fdf1c352ae15117c45ecf4882f241e1f884809,5c7b72a0c4ac1fdb333d8176b3ed214370c98ca9f9ec99ee28f31ff63f06c983,1.9842443466186523,True,CORAL,LINEAR_COMBINATION,LINEAR_COMBINATION,LINEAR_COMBINATION,u006,LINEAR_COMBINATION,LINEAR_COMBINATION,LINEAR_COMBINATION,LINEAR_COMBINATION,True,LINEAR_COMBINATION,LINEAR_COMBINATION,10,source_color_contrast,1.0824534893035889,True,,False
20,-1,2.453462600708008,d99990a387f0c79b99717c795fff13727d4d82b4edb09141f14944ceff616951,3719a127fb0592d187270e1a020a0cbe27e62a4bbfa038683a9f51a5f1f7411c,759fbfe08170afaba57dbbf525f1d8e7d6a79b000c822d50fd24d2d17bcaf730,6.9172844886779785,True,CORAL,LINEAR_COMBINATION,LINEAR_COMBINATION,LINEAR_COMBINATION,u006,LINEAR_COMBINATION,LINEAR_COMBINATION,LINEAR_COMBINATION,LINEAR_COMBINATION,True,LINEAR_COMBINATION,LINEAR_COMBINATION,10,source_color_contrast,4.536458969116211,True,,False
1,-1,1.247218370437622,d99990a387f0c79b99717c795fff13727d4d82b4edb09141f14944ceff616951,6f6a04813aa0fed242e19fe4f89308dd391c6ece418342c9864ef17096d15555,a77d5848289b942386b0bbdcdea4eb0f770ca1107b07edb733eba331dee56f73,18.64195251464844,True,CORAL,LINEAR_COMBINATION,LINEAR_COMBINATION,LINEAR_COMBINATION,u007,LINEAR_COMBINATION,LINEAR_COMBINATION,LINEAR_COMBINATION,LINEAR_COMBINATION,True,LINEAR_COMBINATION,LINEAR_COMBINATION,10,color_global,13.183815002441406,False,,False
5,-1,19.626670837402344,d99990a387f0c79b99717c795fff13727d4d82b4edb09141f14944ceff616951,05f3a1b597f2905b8c044b4d19fdf1c352ae15117c45ecf4882f241e1f884809,5c7b72a0c4ac1fdb333d8176b3ed214370c98ca9f9ec99ee28f31ff63f06c983,168.5218048095703,True,CORAL,LINEAR_COMBINATION,LINEAR_COMBINATION,LINEAR_COMBINATION,u007,LINEAR_COMBINATION,LINEAR_COMBINATION,LINEAR_COMBINATION,LINEAR_COMBINATION,True,LINEAR_COMBINATION,LINEAR_COMBINATION,10,color_global,119.34715270996094,False,,False
20,-1,26.23984718322754,d99990a387f0c79b99717c795fff13727d4d82b4edb09141f14944ceff616951,3719a127fb0592d187270e1a020a0cbe27e62a4bbfa038683a9f51a5f1f7411c,759fbfe08170afaba57dbbf525f1d8e7d6a79b000c822d50fd24d2d17bcaf730,155.44947814941406,True,CORAL,LINEAR_COMBINATION,LINEAR_COMBINATION,LINEAR_COMBINATION,u007,LINEAR_COMBINATION,LINEAR_COMBINATION,LINEAR_COMBINATION,LINEAR_COMBINATION,True,LINEAR_COMBINATION,LINEAR_COMBINATION,10,color_global,109.17015075683594,False,,False
1,-1,1.247218370437622,d99990a387f0c79b99717c795fff13727d4d82b4edb09141f14944ceff616951,6f6a04813aa0fed242e19fe4f89308dd391c6ece418342c9864ef17096d15555,a77d5848289b942386b0bbdcdea4eb0f770ca1107b07edb733eba331dee56f73,18.64195251464844,True,CORAL,LINEAR_COMBINATION,LINEAR_COMBINATION,LINEAR_COMBINATION,u008,LINEAR_COMBINATION,LINEAR_COMBINATION,LINEAR_COMBINATION,LINEAR_COMBINATION,True,LINEAR_COMBINATION,LINEAR_COMBINATION,10,color_shift,13.183815002441406,False,,False
5,-1,19.626670837402344,d99990a387f0c79b99717c795fff13727d4d82b4edb09141f14944ceff616951,05f3a1b597f2905b8c044b4d19fdf1c352ae15117c45ecf4882f241e1f884809,5c7b72a0c4ac1fdb333d8176b3ed214370c98ca9f9ec99ee28f31ff63f06c983,168.5218048095703,True,CORAL,LINEAR_COMBINATION,LINEAR_COMBINATION,LINEAR_COMBINATION,u008,LINEAR_COMBINATION,LINEAR_COMBINATION,LINEAR_COMBINATION,LINEAR_COMBINATION,True,LINEAR_COMBINATION,LINEAR_COMBINATION,10,color_shift,119.34715270996094,False,,False
20,-1,26.23984718322754,d99990a387f0c79b99717c795fff13727d4d82b4edb09141f14944ceff616951,3719a127fb0592d187270e1a020a0cbe27e62a4bbfa038683a9f51a5f1f7411c,759fbfe08170afaba57dbbf525f1d8e7d6a79b000c822d50fd24d2d17bcaf730,155.44947814941406,True,CORAL,LINEAR_COMBINATION,LINEAR_COMBINATION,LINEAR_COMBINATION,u008,LINEAR_COMBINATION,LINEAR_COMBINATION,LINEAR_COMBINATION,LINEAR_COMBINATION,True,LINEAR_COMBINATION,LINEAR_COMBINATION,10,color_shift,109.17015075683594,False,,False
1,-1,0.9725745916366576,d99990a387f0c79b99717c795fff13727d4d82b4edb09141f14944ceff616951,6f6a04813aa0fed242e19fe4f89308dd391c6ece418342c9864ef17096d15555,a77d5848289b942386b0bbdcdea4eb0f770ca1107b07edb733eba331dee56f73,4.3045549392700195,True,CORAL,LINEAR_COMBINATION,LINEAR_COMBINATION,LINEAR_COMBINATION,u009,LINEAR_COMBINATION,LINEAR_COMBINATION,LINEAR_COMBINATION,LINEAR_COMBINATION,True,LINEAR_COMBINATION,LINEAR_COMBINATION,10,noise_global,2.348186492919922,False,,False
5,-1,11.266522407531738,d99990a387f0c79b99717c795fff13727d4d82b4edb09141f14944ceff616951,05f3a1b597f2905b8c044b4d19fdf1c352ae15117c45ecf4882f241e1f884809,5c7b72a0c4ac1fdb333d8176b3ed214370c98ca9f9ec99ee28f31ff63f06c983,39.03153610229492,True,CORAL,LINEAR_COMBINATION,LINEAR_COMBINATION,LINEAR_COMBINATION,u009,LINEAR_COMBINATION,LINEAR_COMBINATION,LINEAR_COMBINATION,LINEAR_COMBINATION,True,LINEAR_COMBINATION,LINEAR_COMBINATION,10,noise_global,17.865615844726562,False,,False
20,-1,53.68853759765625,d99990a387f0c79b99717c795fff13727d4d82b4edb09141f14944ceff616951,3719a127fb0592d187270e1a020a0cbe27e62a4bbfa038683a9f51a5f1f7411c,759fbfe08170afaba57dbbf525f1d8e7d6a79b000c822d50fd24d2d17bcaf730,90.79898071289062,True,CORAL,LINEAR_COMBINATION,LINEAR_COMBINATION,LINEAR_COMBINATION,u009,LINEAR_COMBINATION,LINEAR_COMBINATION,LINEAR_COMBINATION,LINEAR_COMBINATION,True,LINEAR_COMBINATION,LINEAR_COMBINATION,10,noise_global,55.32426071166992,False,,False
1,-1,0.9725745916366576,d99990a387f0c79b99717c795fff13727d4d82b4edb09141f14944ceff616951,6f6a04813aa0fed242e19fe4f89308dd391c6ece418342c9864ef17096d15555,a77d5848289b942386b0bbdcdea4eb0f770ca1107b07edb733eba331dee56f73,4.3045549392700195,True,CORAL,LINEAR_COMBINATION,LINEAR_COMBINATION,LINEAR_COMBINATION,u010,LINEAR_COMBINATION,LINEAR_COMBINATION,LINEAR_COMBINATION,LINEAR_COMBINATION,True,LINEAR_COMBINATION,LINEAR_COMBINATION,10,noise_shift,2.348186492919922,False,,False
5,-1,11.266522407531738,d99990a387f0c79b99717c795fff13727d4d82b4edb09141f14944ceff616951,05f3a1b597f2905b8c044b4d19fdf1c352ae15117c45ecf4882f241e1f884809,5c7b72a0c4ac1fdb333d8176b3ed214370c98ca9f9ec99ee28f31ff63f06c983,39.03153610229492,True,CORAL,LINEAR_COMBINATION,LINEAR_COMBINATION,LINEAR_COMBINATION,u010,LINEAR_COMBINATION,LINEAR_COMBINATION,LINEAR_COMBINATION,LINEAR_COMBINATION,True,LINEAR_COMBINATION,LINEAR_COMBINATION,10,noise_shift,17.865615844726562,False,,False
20,-1,53.68853759765625,d99990a387f0c79b99717c795fff13727d4d82b4edb09141f14944ceff616951,3719a127fb0592d187270e1a020a0cbe27e62a4bbfa038683a9f51a5f1f7411c,759fbfe08170afaba57dbbf525f1d8e7d6a79b000c822d50fd24d2d17bcaf730,90.79898071289062,True,CORAL,LINEAR_COMBINATION,LINEAR_COMBINATION,LINEAR_COMBINATION,u010,LINEAR_COMBINATION,LINEAR_COMBINATION,LINEAR_COMBINATION,LINEAR_COMBINATION,True,LINEAR_COMBINATION,LINEAR_COMBINATION,10,noise_shift,55.32426071166992,False,,False
1,0,0.8602547645568848,9f9e345804a36986c1a64fd0eb16fda93442c4123b54732a78de39f837e241d2,c02c9c069ba1ab03daa67eb243f74f5973c69ac04a70be173b8c16607db32374,12e948bc7477991215667a9da0edcc8ffd00f557e380aaa6cea4e9d315154a6d,17.599197387695312,True,ERM,9f9e345804a36986c1a64fd0eb16fda93442c4123b54732a78de39f837e241d2,4f81ffd1f330aafe6d8bdb919c63bf134f85a16a4f0bb0d956b374a0685b008d,675ca99421adfbf906891b36faa43a7699aa682715423d8db13ecb9423336310,u000,9f9e345804a36986c1a64fd0eb16fda93442c4123b54732a78de39f837e241d2,a1c829e4c14eb989d50d42305cbd26e6433be11fb996a2ebe721e72432cf8f0a,8113b9df0c2580c1f7af2e65940d84dd32acbf91ef9a021a20d5d390d483cdbf,9f9e345804a36986c1a64fd0eb16fda93442c4123b54732a78de39f837e241d2,True,a1c829e4c14eb989d50d42305cbd26e6433be11fb996a2ebe721e72432cf8f0a,8113b9df0c2580c1f7af2e65940d84dd32acbf91ef9a021a20d5d390d483cdbf,11,source_env0_color,12.243035316467283,True,,False
5,0,8.354479789733887,9f9e345804a36986c1a64fd0eb16fda93442c4123b54732a78de39f837e241d2,47bf39a9f2bdf31ae249bc60282db24a7231de2a254147496236934dd632a634,d48bd1e28f53732758c807fcf192946ac091ad0e23a2a3fc1d41417753500eba,155.77719116210938,True,ERM,9f9e345804a36986c1a64fd0eb16fda93442c4123b54732a78de39f837e241d2,527b2852a93dc7a779421f9612c74efea56fc7f57ee6462e2b1ffff601f49d69,5eafdc6d1f1aee86f0226f47c248f559c55a7da8067aee837c118a25f5b686c4,u000,9f9e345804a36986c1a64fd0eb16fda93442c4123b54732a78de39f837e241d2,9653f8071cda1d502fe1d6e39bca60016ccfb9ab17fd854b7792fac44edc8cf2,a7d69b9b0892e5d1808a7912b1aa9b3742aadcaac5ccdf8f499a0262ab5622de,9f9e345804a36986c1a64fd0eb16fda93442c4123b54732a78de39f837e241d2,True,9653f8071cda1d502fe1d6e39bca60016ccfb9ab17fd854b7792fac44edc8cf2,a7d69b9b0892e5d1808a7912b1aa9b3742aadcaac5ccdf8f499a0262ab5622de,11,source_env0_color,109.22747039794922,True,,False
20,0,11.755237579345703,9f9e345804a36986c1a64fd0eb16fda93442c4123b54732a78de39f837e241d2,34a366abe6c807e45e2ef1d6eef283e0f7c9444cfc60cc18a0742e809461c4d4,e5e3befc60db32efe8a882ae064ec6b50deabf75e5ef8453c41f48bb648a1a2d,122.8368682861328,True,ERM,9f9e345804a36986c1a64fd0eb16fda93442c4123b54732a78de39f837e241d2,be34b2ccb79161e6b01b5ef4ff34e65540cd3027e3f5b4065eab2f87141d9684,dc6fd11ea42632272665d852c9af9e0a32acce65760b259c40308847703cad65,u000,9f9e345804a36986c1a64fd0eb16fda93442c4123b54732a78de39f837e241d2,4ff682e0e852bf091f469e6f66c99aad874cc6354fc7f6a98866d237ebd2ffaa,8867ae6cbeea4a3435c1fe4a608c46e58b743a781965662a6b696dfab01d3541,9f9e345804a36986c1a64fd0eb16fda93442c4123b54732a78de39f837e241d2,True,4ff682e0e852bf091f469e6f66c99aad874cc6354fc7f6a98866d237ebd2ffaa,8867ae6cbeea4a3435c1fe4a608c46e58b743a781965662a6b696dfab01d3541,11,source_env0_color,89.87531280517578,True,,False
1,1,0.8313707113265991,9f9e345804a36986c1a64fd0eb16fda93442c4123b54732a78de39f837e241d2,c02c9c069ba1ab03daa67eb243f74f5973c69ac04a70be173b8c16607db32374,12e948bc7477991215667a9da0edcc8ffd00f557e380aaa6cea4e9d315154a6d,17.15793228149414,True,ERM,9f9e345804a36986c1a64fd0eb16fda93442c4123b54732a78de39f837e241d2,fdc72221dee37382113b9cccde54c94db7cf8a559b4f3089fba0f0598f4b3fcf,9861fa97db9c5b554e8b063793729f6fe2d93138e555e600256ce30c627cf03d,u001,9f9e345804a36986c1a64fd0eb16fda93442c4123b54732a78de39f837e241d2,dd61299000c43a1f2af53dac8ebf1389ad03657b9df3a93f1afd86ea66371288,967337cb92eca2e6ecd4f38a51bd2e1683f9841db6f2c9ecc33fbeef724e7e36,9f9e345804a36986c1a64fd0eb16fda93442c4123b54732a78de39f837e241d2,True,dd61299000c43a1f2af53dac8ebf1389ad03657b9df3a93f1afd86ea66371288,967337cb92eca2e6ecd4f38a51bd2e1683f9841db6f2c9ecc33fbeef724e7e36,11,source_env1_color,12.079285621643066,True,,False
5,1,7.412307262420654,9f9e345804a36986c1a64fd0eb16fda93442c4123b54732a78de39f837e241d2,47bf39a9f2bdf31ae249bc60282db24a7231de2a254147496236934dd632a634,d48bd1e28f53732758c807fcf192946ac091ad0e23a2a3fc1d41417753500eba,154.45184326171875,True,ERM,9f9e345804a36986c1a64fd0eb16fda93442c4123b54732a78de39f837e241d2,cd739274b9896cfe30a34ef6f1aa2c016211d2b1fdc74692f6744f3940704099,5f59f814e59ab18c364974c5320561fc8855594126b9d2e179cb4f40de10c556,u001,9f9e345804a36986c1a64fd0eb16fda93442c4123b54732a78de39f837e241d2,79ef0ad2ce8d517840015cbf7e54c464c1d7a108df8fc4c5a61c87489feb1721,fbbc413a57764c1b27cca00a1a98fbb5dd280f3aab7aef4a7a83ddc3ef4f6242,9f9e345804a36986c1a64fd0eb16fda93442c4123b54732a78de39f837e241d2,True,79ef0ad2ce8d517840015cbf7e54c464c1d7a108df8fc4c5a61c87489feb1721,fbbc413a57764c1b27cca00a1a98fbb5dd280f3aab7aef4a7a83ddc3ef4f6242,11,source_env1_color,109.20325469970705,True,,False
20,1,17.26946449279785,9f9e345804a36986c1a64fd0eb16fda93442c4123b54732a78de39f837e241d2,34a366abe6c807e45e2ef1d6eef283e0f7c9444cfc60cc18a0742e809461c4d4,e5e3befc60db32efe8a882ae064ec6b50deabf75e5ef8453c41f48bb648a1a2d,121.3068389892578,True,ERM,9f9e345804a36986c1a64fd0eb16fda93442c4123b54732a78de39f837e241d2,4337984fe6ba0d8aea8aeefc45ec28b4ea3ef79c8359a28627507df3a6623c8d,97fe936c852b0f0fd871b620e7bf02a91fecd9cc696e4356c37a6297a7757507,u001,9f9e345804a36986c1a64fd0eb16fda93442c4123b54732a78de39f837e241d2,2f94ae8e1819a17b5c30c2bcafe17c5423869bfc65fe66cf3c4c98e28ba1997c,757604ee46623dcb3dc1954ce068670fa11ffb5aee4b5d76bdd9b45f83dc413c,9f9e345804a36986c1a64fd0eb16fda93442c4123b54732a78de39f837e241d2,True,2f94ae8e1819a17b5c30c2bcafe17c5423869bfc65fe66cf3c4c98e28ba1997c,757604ee46623dcb3dc1954ce068670fa11ffb5aee4b5d76bdd9b45f83dc413c,11,source_env1_color,91.06040954589844,True,,False
1,2,0.0,9f9e345804a36986c1a64fd0eb16fda93442c4123b54732a78de39f837e241d2,c02c9c069ba1ab03daa67eb243f74f5973c69ac04a70be173b8c16607db32374,12e948bc7477991215667a9da0edcc8ffd00f557e380aaa6cea4e9d315154a6d,0.0,True,ERM,LINEAR_COMBINATION,LINEAR_COMBINATION,LINEAR_COMBINATION,u002,LINEAR_COMBINATION,LINEAR_COMBINATION,LINEAR_COMBINATION,LINEAR_COMBINATION,True,LINEAR_COMBINATION,LINEAR_COMBINATION,11,evaluation_color,0.0,False,,False
5,2,0.0,9f9e345804a36986c1a64fd0eb16fda93442c4123b54732a78de39f837e241d2,47bf39a9f2bdf31ae249bc60282db24a7231de2a254147496236934dd632a634,d48bd1e28f53732758c807fcf192946ac091ad0e23a2a3fc1d41417753500eba,0.0,True,ERM,LINEAR_COMBINATION,LINEAR_COMBINATION,LINEAR_COMBINATION,u002,LINEAR_COMBINATION,LINEAR_COMBINATION,LINEAR_COMBINATION,LINEAR_COMBINATION,True,LINEAR_COMBINATION,LINEAR_COMBINATION,11,evaluation_color,0.0,False,,False
20,2,0.0,9f9e345804a36986c1a64fd0eb16fda93442c4123b54732a78de39f837e241d2,34a366abe6c807e45e2ef1d6eef283e0f7c9444cfc60cc18a0742e809461c4d4,e5e3befc60db32efe8a882ae064ec6b50deabf75e5ef8453c41f48bb648a1a2d,0.0,True,ERM,LINEAR_COMBINATION,LINEAR_COMBINATION,LINEAR_COMBINATION,u002,LINEAR_COMBINATION,LINEAR_COMBINATION,LINEAR_COMBINATION,LINEAR_COMBINATION,True,LINEAR_COMBINATION,LINEAR_COMBINATION,11,evaluation_color,0.0,False,,False
1,3,1.2748134136199951,9f9e345804a36986c1a64fd0eb16fda93442c4123b54732a78de39f837e241d2,c02c9c069ba1ab03daa67eb243f74f5973c69ac04a70be173b8c16607db32374,12e948bc7477991215667a9da0edcc8ffd00f557e380aaa6cea4e9d315154a6d,5.600222110748291,True,ERM,9f9e345804a36986c1a64fd0eb16fda93442c4123b54732a78de39f837e241d2,b83582c6bbd7cce443cd3b236f68abe06bd997143a2fef0eee528841a68b1435,6f6971a9b6acd1e6dedca762d9a40491e1da9c9d5d9a80ddea10ba0be30c93e6,u003,9f9e345804a36986c1a64fd0eb16fda93442c4123b54732a78de39f837e241d2,75875dcc77ab8fbb3052036cb1becdc8710eb85652ec1a04044a80e3e224a93a,7f1e2f87676ad2f21162cc38ea5b71e72d136ca798f89ca50b6badedc5a86481,9f9e345804a36986c1a64fd0eb16fda93442c4123b54732a78de39f837e241d2,True,75875dcc77ab8fbb3052036cb1becdc8710eb85652ec1a04044a80e3e224a93a,7f1e2f87676ad2f21162cc38ea5b71e72d136ca798f89ca50b6badedc5a86481,11,source_label_noise,2.8055341243743896,True,,False
5,3,16.055938720703125,9f9e345804a36986c1a64fd0eb16fda93442c4123b54732a78de39f837e241d2,47bf39a9f2bdf31ae249bc60282db24a7231de2a254147496236934dd632a634,d48bd1e28f53732758c807fcf192946ac091ad0e23a2a3fc1d41417753500eba,52.38932800292969,True,ERM,9f9e345804a36986c1a64fd0eb16fda93442c4123b54732a78de39f837e241d2,87d83c522169cd24d1e27508a80be21da17def5ceeb8131936024ffc5ebe8f08,2aa7dda77da9d37e12fc1ee9010d7f3ceae182e9ebd25941cda297d849b8facc,u003,9f9e345804a36986c1a64fd0eb16fda93442c4123b54732a78de39f837e241d2,1e76d9b46c2efb5e1b370dc2f351c030f12208cd2d51586ac698271db5ecb095,675769e6d53528bdbbb44ccab304690f387bd8945c0cc50e90ed0429b2046e0c,9f9e345804a36986c1a64fd0eb16fda93442c4123b54732a78de39f837e241d2,True,1e76d9b46c2efb5e1b370dc2f351c030f12208cd2d51586ac698271db5ecb095,675769e6d53528bdbbb44ccab304690f387bd8945c0cc50e90ed0429b2046e0c,11,source_label_noise,24.48585319519043,True,,False
20,3,80.35657501220703,9f9e345804a36986c1a64fd0eb16fda93442c4123b54732a78de39f837e241d2,34a366abe6c807e45e2ef1d6eef283e0f7c9444cfc60cc18a0742e809461c4d4,e5e3befc60db32efe8a882ae064ec6b50deabf75e5ef8453c41f48bb648a1a2d,129.6600799560547,True,ERM,9f9e345804a36986c1a64fd0eb16fda93442c4123b54732a78de39f837e241d2,351148b69d3c6c10c6e5471e5eddb4830af900a490120c655b1338fdea29e88e,57ba2cce3e43079ed3d0864301670489449647ae250a03d19296ca7c75df0bb7,u003,9f9e345804a36986c1a64fd0eb16fda93442c4123b54732a78de39f837e241d2,01a3087e386c73d6120ee0bfe89db2a7b986538cc7eb7b5516244616b631276b,3163bf0cc0690f8332f7db3904e025718ebbab968e4c732f3ada54b96e54d9d7,9f9e345804a36986c1a64fd0eb16fda93442c4123b54732a78de39f837e241d2,True,01a3087e386c73d6120ee0bfe89db2a7b986538cc7eb7b5516244616b631276b,3163bf0cc0690f8332f7db3904e025718ebbab968e4c732f3ada54b96e54d9d7,11,source_label_noise,98.85243225097656,True,,False
1,4,0.0,9f9e345804a36986c1a64fd0eb16fda93442c4123b54732a78de39f837e241d2,c02c9c069ba1ab03daa67eb243f74f5973c69ac04a70be173b8c16607db32374,12e948bc7477991215667a9da0edcc8ffd00f557e380aaa6cea4e9d315154a6d,0.0,True,ERM,LINEAR_COMBINATION,LINEAR_COMBINATION,LINEAR_COMBINATION,u004,LINEAR_COMBINATION,LINEAR_COMBINATION,LINEAR_COMBINATION,LINEAR_COMBINATION,True,LINEAR_COMBINATION,LINEAR_COMBINATION,11,evaluation_label_noise,0.0,False,,False
5,4,0.0,9f9e345804a36986c1a64fd0eb16fda93442c4123b54732a78de39f837e241d2,47bf39a9f2bdf31ae249bc60282db24a7231de2a254147496236934dd632a634,d48bd1e28f53732758c807fcf192946ac091ad0e23a2a3fc1d41417753500eba,0.0,True,ERM,LINEAR_COMBINATION,LINEAR_COMBINATION,LINEAR_COMBINATION,u004,LINEAR_COMBINATION,LINEAR_COMBINATION,LINEAR_COMBINATION,LINEAR_COMBINATION,True,LINEAR_COMBINATION,LINEAR_COMBINATION,11,evaluation_label_noise,0.0,False,,False
20,4,0.0,9f9e345804a36986c1a64fd0eb16fda93442c4123b54732a78de39f837e241d2,34a366abe6c807e45e2ef1d6eef283e0f7c9444cfc60cc18a0742e809461c4d4,e5e3befc60db32efe8a882ae064ec6b50deabf75e5ef8453c41f48bb648a1a2d,0.0,True,ERM,LINEAR_COMBINATION,LINEAR_COMBINATION,LINEAR_COMBINATION,u004,LINEAR_COMBINATION,LINEAR_COMBINATION,LINEAR_COMBINATION,LINEAR_COMBINATION,True,LINEAR_COMBINATION,LINEAR_COMBINATION,11,evaluation_label_noise,0.0,False,,False
1,-1,1.1923006772994995,9f9e345804a36986c1a64fd0eb16fda93442c4123b54732a78de39f837e241d2,c02c9c069ba1ab03daa67eb243f74f5973c69ac04a70be173b8c16607db32374,12e948bc7477991215667a9da0edcc8ffd00f557e380aaa6cea4e9d315154a6d,24.574113845825195,True,ERM,LINEAR_COMBINATION,LINEAR_COMBINATION,LINEAR_COMBINATION,u005,LINEAR_COMBINATION,LINEAR_COMBINATION,LINEAR_COMBINATION,LINEAR_COMBINATION,True,LINEAR_COMBINATION,LINEAR_COMBINATION,11,source_color_common,17.19671630859375,True,,False
5,-1,11.050817489624023,9f9e345804a36986c1a64fd0eb16fda93442c4123b54732a78de39f837e241d2,47bf39a9f2bdf31ae249bc60282db24a7231de2a254147496236934dd632a634,d48bd1e28f53732758c807fcf192946ac091ad0e23a2a3fc1d41417753500eba,219.34571838378903,True,ERM,LINEAR_COMBINATION,LINEAR_COMBINATION,LINEAR_COMBINATION,u005,LINEAR_COMBINATION,LINEAR_COMBINATION,LINEAR_COMBINATION,LINEAR_COMBINATION,True,LINEAR_COMBINATION,LINEAR_COMBINATION,11,source_color_common,154.44351196289062,True,,False
20,-1,20.319805145263672,9f9e345804a36986c1a64fd0eb16fda93442c4123b54732a78de39f837e241d2,34a366abe6c807e45e2ef1d6eef283e0f7c9444cfc60cc18a0742e809461c4d4,e5e3befc60db32efe8a882ae064ec6b50deabf75e5ef8453c41f48bb648a1a2d,172.44345092773438,True,ERM,LINEAR_COMBINATION,LINEAR_COMBINATION,LINEAR_COMBINATION,u005,LINEAR_COMBINATION,LINEAR_COMBINATION,LINEAR_COMBINATION,LINEAR_COMBINATION,True,LINEAR_COMBINATION,LINEAR_COMBINATION,11,source_color_common,127.8327407836914,True,,False
1,-1,0.0981565341353416,9f9e345804a36986c1a64fd0eb16fda93442c4123b54732a78de39f837e241d2,c02c9c069ba1ab03daa67eb243f74f5973c69ac04a70be173b8c16607db32374,12e948bc7477991215667a9da0edcc8ffd00f557e380aaa6cea4e9d315154a6d,0.4892861247062683,True,ERM,LINEAR_COMBINATION,LINEAR_COMBINATION,LINEAR_COMBINATION,u006,LINEAR_COMBINATION,LINEAR_COMBINATION,LINEAR_COMBINATION,LINEAR_COMBINATION,True,LINEAR_COMBINATION,LINEAR_COMBINATION,11,source_color_contrast,0.2721607983112335,True,,False
5,-1,1.618349313735962,9f9e345804a36986c1a64fd0eb16fda93442c4123b54732a78de39f837e241d2,47bf39a9f2bdf31ae249bc60282db24a7231de2a254147496236934dd632a634,d48bd1e28f53732758c807fcf192946ac091ad0e23a2a3fc1d41417753500eba,3.0597050189971924,True,ERM,LINEAR_COMBINATION,LINEAR_COMBINATION,LINEAR_COMBINATION,u006,LINEAR_COMBINATION,LINEAR_COMBINATION,LINEAR_COMBINATION,LINEAR_COMBINATION,True,LINEAR_COMBINATION,LINEAR_COMBINATION,11,source_color_contrast,1.786373496055603,True,,False
20,-1,4.850310802459717,9f9e345804a36986c1a64fd0eb16fda93442c4123b54732a78de39f837e241d2,34a366abe6c807e45e2ef1d6eef283e0f7c9444cfc60cc18a0742e809461c4d4,e5e3befc60db32efe8a882ae064ec6b50deabf75e5ef8453c41f48bb648a1a2d,8.216316223144531,True,ERM,LINEAR_COMBINATION,LINEAR_COMBINATION,LINEAR_COMBINATION,u006,LINEAR_COMBINATION,LINEAR_COMBINATION,LINEAR_COMBINATION,LINEAR_COMBINATION,True,LINEAR_COMBINATION,LINEAR_COMBINATION,11,source_color_contrast,5.3257293701171875,True,,False
1,-1,0.843083918094635,9f9e345804a36986c1a64fd0eb16fda93442c4123b54732a78de39f837e241d2,c02c9c069ba1ab03daa67eb243f74f5973c69ac04a70be173b8c16607db32374,12e948bc7477991215667a9da0edcc8ffd00f557e380aaa6cea4e9d315154a6d,17.376522064208984,True,ERM,LINEAR_COMBINATION,LINEAR_COMBINATION,LINEAR_COMBINATION,u007,LINEAR_COMBINATION,LINEAR_COMBINATION,LINEAR_COMBINATION,LINEAR_COMBINATION,True,LINEAR_COMBINATION,LINEAR_COMBINATION,11,color_global,12.159914016723633,False,,False
5,-1,7.814108371734619,9f9e345804a36986c1a64fd0eb16fda93442c4123b54732a78de39f837e241d2,47bf39a9f2bdf31ae249bc60282db24a7231de2a254147496236934dd632a634,d48bd1e28f53732758c807fcf192946ac091ad0e23a2a3fc1d41417753500eba,155.10086059570312,True,ERM,LINEAR_COMBINATION,LINEAR_COMBINATION,LINEAR_COMBINATION,u007,LINEAR_COMBINATION,LINEAR_COMBINATION,LINEAR_COMBINATION,LINEAR_COMBINATION,True,LINEAR_COMBINATION,LINEAR_COMBINATION,11,color_global,109.2080535888672,False,,False
20,-1,14.36827278137207,9f9e345804a36986c1a64fd0eb16fda93442c4123b54732a78de39f837e241d2,34a366abe6c807e45e2ef1d6eef283e0f7c9444cfc60cc18a0742e809461c4d4,e5e3befc60db32efe8a882ae064ec6b50deabf75e5ef8453c41f48bb648a1a2d,121.93592834472656,True,ERM,LINEAR_COMBINATION,LINEAR_COMBINATION,LINEAR_COMBINATION,u007,LINEAR_COMBINATION,LINEAR_COMBINATION,LINEAR_COMBINATION,LINEAR_COMBINATION,True,LINEAR_COMBINATION,LINEAR_COMBINATION,11,color_global,90.39139556884766,False,,False
1,-1,0.843083918094635,9f9e345804a36986c1a64fd0eb16fda93442c4123b54732a78de39f837e241d2,c02c9c069ba1ab03daa67eb243f74f5973c69ac04a70be173b8c16607db32374,12e948bc7477991215667a9da0edcc8ffd00f557e380aaa6cea4e9d315154a6d,17.376522064208984,True,ERM,LINEAR_COMBINATION,LINEAR_COMBINATION,LINEAR_COMBINATION,u008,LINEAR_COMBINATION,LINEAR_COMBINATION,LINEAR_COMBINATION,LINEAR_COMBINATION,True,LINEAR_COMBINATION,LINEAR_COMBINATION,11,color_shift,12.159914016723633,False,,False
5,-1,7.814108371734619,9f9e345804a36986c1a64fd0eb16fda93442c4123b54732a78de39f837e241d2,47bf39a9f2bdf31ae249bc60282db24a7231de2a254147496236934dd632a634,d48bd1e28f53732758c807fcf192946ac091ad0e23a2a3fc1d41417753500eba,155.10086059570312,True,ERM,LINEAR_COMBINATION,LINEAR_COMBINATION,LINEAR_COMBINATION,u008,LINEAR_COMBINATION,LINEAR_COMBINATION,LINEAR_COMBINATION,LINEAR_COMBINATION,True,LINEAR_COMBINATION,LINEAR_COMBINATION,11,color_shift,109.2080535888672,False,,False
20,-1,14.36827278137207,9f9e345804a36986c1a64fd0eb16fda93442c4123b54732a78de39f837e241d2,34a366abe6c807e45e2ef1d6eef283e0f7c9444cfc60cc18a0742e809461c4d4,e5e3befc60db32efe8a882ae064ec6b50deabf75e5ef8453c41f48bb648a1a2d,121.93592834472656,True,ERM,LINEAR_COMBINATION,LINEAR_COMBINATION,LINEAR_COMBINATION,u008,LINEAR_COMBINATION,LINEAR_COMBINATION,LINEAR_COMBINATION,LINEAR_COMBINATION,True,LINEAR_COMBINATION,LINEAR_COMBINATION,11,color_shift,90.39139556884766,False,,False
1,-1,0.9014291167259216,9f9e345804a36986c1a64fd0eb16fda93442c4123b54732a78de39f837e241d2,c02c9c069ba1ab03daa67eb243f74f5973c69ac04a70be173b8c16607db32374,12e948bc7477991215667a9da0edcc8ffd00f557e380aaa6cea4e9d315154a6d,3.9599547386169434,True,ERM,LINEAR_COMBINATION,LINEAR_COMBINATION,LINEAR_COMBINATION,u009,LINEAR_COMBINATION,LINEAR_COMBINATION,LINEAR_COMBINATION,LINEAR_COMBINATION,True,LINEAR_COMBINATION,LINEAR_COMBINATION,11,noise_global,1.9838120937347412,False,,False
5,-1,11.353262901306152,9f9e345804a36986c1a64fd0eb16fda93442c4123b54732a78de39f837e241d2,47bf39a9f2bdf31ae249bc60282db24a7231de2a254147496236934dd632a634,d48bd1e28f53732758c807fcf192946ac091ad0e23a2a3fc1d41417753500eba,37.04484939575195,True,ERM,LINEAR_COMBINATION,LINEAR_COMBINATION,LINEAR_COMBINATION,u009,LINEAR_COMBINATION,LINEAR_COMBINATION,LINEAR_COMBINATION,LINEAR_COMBINATION,True,LINEAR_COMBINATION,LINEAR_COMBINATION,11,noise_global,17.314111709594727,False,,False
20,-1,56.8206787109375,9f9e345804a36986c1a64fd0eb16fda93442c4123b54732a78de39f837e241d2,34a366abe6c807e45e2ef1d6eef283e0f7c9444cfc60cc18a0742e809461c4d4,e5e3befc60db32efe8a882ae064ec6b50deabf75e5ef8453c41f48bb648a1a2d,91.68352508544922,True,ERM,LINEAR_COMBINATION,LINEAR_COMBINATION,LINEAR_COMBINATION,u009,LINEAR_COMBINATION,LINEAR_COMBINATION,LINEAR_COMBINATION,LINEAR_COMBINATION,True,LINEAR_COMBINATION,LINEAR_COMBINATION,11,noise_global,69.89922332763672,False,,False
1,-1,0.9014291167259216,9f9e345804a36986c1a64fd0eb16fda93442c4123b54732a78de39f837e241d2,c02c9c069ba1ab03daa67eb243f74f5973c69ac04a70be173b8c16607db32374,12e948bc7477991215667a9da0edcc8ffd00f557e380aaa6cea4e9d315154a6d,3.9599547386169434,True,ERM,LINEAR_COMBINATION,LINEAR_COMBINATION,LINEAR_COMBINATION,u010,LINEAR_COMBINATION,LINEAR_COMBINATION,LINEAR_COMBINATION,LINEAR_COMBINATION,True,LINEAR_COMBINATION,LINEAR_COMBINATION,11,noise_shift,1.9838120937347412,False,,False
5,-1,11.353262901306152,9f9e345804a36986c1a64fd0eb16fda93442c4123b54732a78de39f837e241d2,47bf39a9f2bdf31ae249bc60282db24a7231de2a254147496236934dd632a634,d48bd1e28f53732758c807fcf192946ac091ad0e23a2a3fc1d41417753500eba,37.04484939575195,True,ERM,LINEAR_COMBINATION,LINEAR_COMBINATION,LINEAR_COMBINATION,u010,LINEAR_COMBINATION,LINEAR_COMBINATION,LINEAR_COMBINATION,LINEAR_COMBINATION,True,LINEAR_COMBINATION,LINEAR_COMBINATION,11,noise_shift,17.314111709594727,False,,False
20,-1,56.8206787109375,9f9e345804a36986c1a64fd0eb16fda93442c4123b54732a78de39f837e241d2,34a366abe6c807e45e2ef1d6eef283e0f7c9444cfc60cc18a0742e809461c4d4,e5e3befc60db32efe8a882ae064ec6b50deabf75e5ef8453c41f48bb648a1a2d,91.68352508544922,True,ERM,LINEAR_COMBINATION,LINEAR_COMBINATION,LINEAR_COMBINATION,u010,LINEAR_COMBINATION,LINEAR_COMBINATION,LINEAR_COMBINATION,LINEAR_COMBINATION,True,LINEAR_COMBINATION,LINEAR_COMBINATION,11,noise_shift,69.89922332763672,False,,False
1,0,0.0034546647220849,2c51fb49a70c8aa2f65c5eeacc567b3bb758ade002189f8e960a0d8051022173,0fe2754d4026fc44ed5aa793360790faeb34d3e757beff811cab940104166f7f,c95e07f0c66dbcd64a6e1cf461dfb43e5b9218e54a70b206b183eacb190514f7,0.0671850070357322,True,IRMv1,2c51fb49a70c8aa2f65c5eeacc567b3bb758ade002189f8e960a0d8051022173,49c382406898f95b7ca0b5196c1f3913594b981038c1d9a58fb8a13116d86df9,0aa7b179e3a243e21e8aefd8909a799dc319fc84a33d28b2580eeff78d1a74a0,u000,2c51fb49a70c8aa2f65c5eeacc567b3bb758ade002189f8e960a0d8051022173,29b4c5257da9023cdaa2b4ca0687d3add8ca67b260a7f3468599fc94226316e0,725ec812e277b5645e2fe1baa408df4a5c1edca23b2af8b0acdd08f7db28c9ff,2c51fb49a70c8aa2f65c5eeacc567b3bb758ade002189f8e960a0d8051022173,True,29b4c5257da9023cdaa2b4ca0687d3add8ca67b260a7f3468599fc94226316e0,725ec812e277b5645e2fe1baa408df4a5c1edca23b2af8b0acdd08f7db28c9ff,11,source_env0_color,0.0554265901446342,True,,False
5,0,0.0522250719368457,2c51fb49a70c8aa2f65c5eeacc567b3bb758ade002189f8e960a0d8051022173,21a47bfb849843e77e9072e12b605b207fbc4e66ac1885f3525a5a479a2ceca9,7c309a12da4208b9ba567ad6160c67443f4f7824fb8286045fabf477f4c9a608,1.028461456298828,True,IRMv1,2c51fb49a70c8aa2f65c5eeacc567b3bb758ade002189f8e960a0d8051022173,bae979609a5e9f9415e9fdca0532761c832a03a199325ffbd838c9a6cbd45a11,60baf9e8f67b89d556a08e7816534d33e6200f3521b69423db795a7d4a6e6a62,u000,2c51fb49a70c8aa2f65c5eeacc567b3bb758ade002189f8e960a0d8051022173,824692dedb1959f9017dc4f19880e4f485f36875b2ab933bb4151f45feebcc81,09394f46ec03ea5fdb631bfcc451f5c0409a41d3a1b4513fcb1d9c2a5231a229,2c51fb49a70c8aa2f65c5eeacc567b3bb758ade002189f8e960a0d8051022173,True,824692dedb1959f9017dc4f19880e4f485f36875b2ab933bb4151f45feebcc81,09394f46ec03ea5fdb631bfcc451f5c0409a41d3a1b4513fcb1d9c2a5231a229,11,source_env0_color,0.8192648887634277,True,,False
20,0,0.2615344822406769,2c51fb49a70c8aa2f65c5eeacc567b3bb758ade002189f8e960a0d8051022173,62d96fd5fcc246e38948136c8ccd486abb8765e69f9f7255b3d28b83ad9f6f3b,7d071ded0c22ce82406177ffb19036f87c89aca0423875214aebeac9f861853e,3.342243909835815,True,IRMv1,2c51fb49a70c8aa2f65c5eeacc567b3bb758ade002189f8e960a0d8051022173,495774eeb14d3b11784f7bfef2d6fcdcee9d80949a7b4da4686ae97a6c02283e,0402aef1af44a87ea2ce0f5de0380c7b6edd072aa1dcc38f1a2403fd2e6d26aa,u000,2c51fb49a70c8aa2f65c5eeacc567b3bb758ade002189f8e960a0d8051022173,9c6eaed41c63e0208241a6ddcca974b8c3f2419ad3cbf47de5700274fdb6e76c,31099a2e085d0d588a8d05a41af3d798238cd630e499d834310b5c5c70d5299c,2c51fb49a70c8aa2f65c5eeacc567b3bb758ade002189f8e960a0d8051022173,True,9c6eaed41c63e0208241a6ddcca974b8c3f2419ad3cbf47de5700274fdb6e76c,31099a2e085d0d588a8d05a41af3d798238cd630e499d834310b5c5c70d5299c,11,source_env0_color,2.61935043334961,True,,False
1,1,0.014368362724781,2c51fb49a70c8aa2f65c5eeacc567b3bb758ade002189f8e960a0d8051022173,0fe2754d4026fc44ed5aa793360790faeb34d3e757beff811cab940104166f7f,c95e07f0c66dbcd64a6e1cf461dfb43e5b9218e54a70b206b183eacb190514f7,0.346456378698349,True,IRMv1,2c51fb49a70c8aa2f65c5eeacc567b3bb758ade002189f8e960a0d8051022173,49d6db2a8fd78fa91e31e872962cce19baade92ac8a6e2f2d13e4586d79a426e,429b631f3aec0342abf72d371f49c0f9f4922fba94c894b3b9c97721a163c754,u001,2c51fb49a70c8aa2f65c5eeacc567b3bb758ade002189f8e960a0d8051022173,a50be79f1cda54e0766be4d41cc694daa51936c2cd47a8ae3bae4e4d73d5605e,a5d343e4946511878cd669a74cac6e6fdfedc7388ed5df76d96ef0a04ad74cd3,2c51fb49a70c8aa2f65c5eeacc567b3bb758ade002189f8e960a0d8051022173,True,a50be79f1cda54e0766be4d41cc694daa51936c2cd47a8ae3bae4e4d73d5605e,a5d343e4946511878cd669a74cac6e6fdfedc7388ed5df76d96ef0a04ad74cd3,11,source_env1_color,0.2812493145465851,True,,False
5,1,0.0584898330271244,2c51fb49a70c8aa2f65c5eeacc567b3bb758ade002189f8e960a0d8051022173,21a47bfb849843e77e9072e12b605b207fbc4e66ac1885f3525a5a479a2ceca9,7c309a12da4208b9ba567ad6160c67443f4f7824fb8286045fabf477f4c9a608,1.5002529621124268,True,IRMv1,2c51fb49a70c8aa2f65c5eeacc567b3bb758ade002189f8e960a0d8051022173,5d9ff39edd6dc03f45c659e8d4bf99159d43cf151d8311852b65689d733ba7e2,2231cb8560ee23e70d4a8a6ef0d783524e7e0f95454da0b3fa65056d664a5e8d,u001,2c51fb49a70c8aa2f65c5eeacc567b3bb758ade002189f8e960a0d8051022173,a38b96830bf566303f59dfea16d3ac56650aadd3350d7db5a85bf2505b71d519,a0e49c9d7f8b8e3501963797c90e834f704447753b9a07460d371c9f2a5f167c,2c51fb49a70c8aa2f65c5eeacc567b3bb758ade002189f8e960a0d8051022173,True,a38b96830bf566303f59dfea16d3ac56650aadd3350d7db5a85bf2505b71d519,a0e49c9d7f8b8e3501963797c90e834f704447753b9a07460d371c9f2a5f167c,11,source_env1_color,1.2248008251190186,True,,False
20,1,0.2876236140727997,2c51fb49a70c8aa2f65c5eeacc567b3bb758ade002189f8e960a0d8051022173,62d96fd5fcc246e38948136c8ccd486abb8765e69f9f7255b3d28b83ad9f6f3b,7d071ded0c22ce82406177ffb19036f87c89aca0423875214aebeac9f861853e,4.779513835906982,True,IRMv1,2c51fb49a70c8aa2f65c5eeacc567b3bb758ade002189f8e960a0d8051022173,6a7a334dbf73292194deb465515e9fd05a66916a9e092e694ff2610c1111dcfe,42f6aa76f549d760c3715c0bee3b7c0b26c17c75754cf83089db6acb7c5fd201,u001,2c51fb49a70c8aa2f65c5eeacc567b3bb758ade002189f8e960a0d8051022173,12d21a8fd23d7f351e8af992498884f49d12672167ae0a51f1b28f6665522895,6c70a5237b807f9d933d7d98cef55893678bbc2d53aac85adc8f7b6ce3dcdf31,2c51fb49a70c8aa2f65c5eeacc567b3bb758ade002189f8e960a0d8051022173,True,12d21a8fd23d7f351e8af992498884f49d12672167ae0a51f1b28f6665522895,6c70a5237b807f9d933d7d98cef55893678bbc2d53aac85adc8f7b6ce3dcdf31,11,source_env1_color,3.953602552413941,True,,False
1,2,0.0,2c51fb49a70c8aa2f65c5eeacc567b3bb758ade002189f8e960a0d8051022173,0fe2754d4026fc44ed5aa793360790faeb34d3e757beff811cab940104166f7f,c95e07f0c66dbcd64a6e1cf461dfb43e5b9218e54a70b206b183eacb190514f7,0.0,True,IRMv1,LINEAR_COMBINATION,LINEAR_COMBINATION,LINEAR_COMBINATION,u002,LINEAR_COMBINATION,LINEAR_COMBINATION,LINEAR_COMBINATION,LINEAR_COMBINATION,True,LINEAR_COMBINATION,LINEAR_COMBINATION,11,evaluation_color,0.0,False,,False
5,2,0.0,2c51fb49a70c8aa2f65c5eeacc567b3bb758ade002189f8e960a0d8051022173,21a47bfb849843e77e9072e12b605b207fbc4e66ac1885f3525a5a479a2ceca9,7c309a12da4208b9ba567ad6160c67443f4f7824fb8286045fabf477f4c9a608,0.0,True,IRMv1,LINEAR_COMBINATION,LINEAR_COMBINATION,LINEAR_COMBINATION,u002,LINEAR_COMBINATION,LINEAR_COMBINATION,LINEAR_COMBINATION,LINEAR_COMBINATION,True,LINEAR_COMBINATION,LINEAR_COMBINATION,11,evaluation_color,0.0,False,,False
20,2,0.0,2c51fb49a70c8aa2f65c5eeacc567b3bb758ade002189f8e960a0d8051022173,62d96fd5fcc246e38948136c8ccd486abb8765e69f9f7255b3d28b83ad9f6f3b,7d071ded0c22ce82406177ffb19036f87c89aca0423875214aebeac9f861853e,0.0,True,IRMv1,LINEAR_COMBINATION,LINEAR_COMBINATION,LINEAR_COMBINATION,u002,LINEAR_COMBINATION,LINEAR_COMBINATION,LINEAR_COMBINATION,LINEAR_COMBINATION,True,LINEAR_COMBINATION,LINEAR_COMBINATION,11,evaluation_color,0.0,False,,False
1,3,0.5185750722885132,2c51fb49a70c8aa2f65c5eeacc567b3bb758ade002189f8e960a0d8051022173,0fe2754d4026fc44ed5aa793360790faeb34d3e757beff811cab940104166f7f,c95e07f0c66dbcd64a6e1cf461dfb43e5b9218e54a70b206b183eacb190514f7,8.237354278564453,True,IRMv1,2c51fb49a70c8aa2f65c5eeacc567b3bb758ade002189f8e960a0d8051022173,f7027dd44b7551057fa74607c812874f83f0039d337e3896f8425dff20636c6e,0a25fa2522c785ba61a372be56de6a82b5761cfef99806b6e207df1f3be64286,u003,2c51fb49a70c8aa2f65c5eeacc567b3bb758ade002189f8e960a0d8051022173,a2e463be3b075a5cd455f1d6ac6f589cd5320e42d8c60d46bcf89fb3abb85a0e,4ee5749af59f4f9912c6366ee613886ffbe19e11429578defe4b7dae7e353885,2c51fb49a70c8aa2f65c5eeacc567b3bb758ade002189f8e960a0d8051022173,True,a2e463be3b075a5cd455f1d6ac6f589cd5320e42d8c60d46bcf89fb3abb85a0e,4ee5749af59f4f9912c6366ee613886ffbe19e11429578defe4b7dae7e353885,11,source_label_noise,6.573832988739014,True,,False
5,3,4.07630729675293,2c51fb49a70c8aa2f65c5eeacc567b3bb758ade002189f8e960a0d8051022173,21a47bfb849843e77e9072e12b605b207fbc4e66ac1885f3525a5a479a2ceca9,7c309a12da4208b9ba567ad6160c67443f4f7824fb8286045fabf477f4c9a608,63.44992446899414,True,IRMv1,2c51fb49a70c8aa2f65c5eeacc567b3bb758ade002189f8e960a0d8051022173,d6a612411b578a909eb79b231861ed407a042fbc1e9672aeca4fc8977b5bcfa1,14f8027f3fb290408342f4e85e8e3e5337b25b6f26e053917c500b64638da7c0,u003,2c51fb49a70c8aa2f65c5eeacc567b3bb758ade002189f8e960a0d8051022173,d3b416100108a59d2c7fb9bf223f602cfc42f611f3aa7f600ebc7cfec1930363,1ad8c6a0e178d17c259795ac7e964d01ae91989dbccab48f13b9bae90fca8e2e,2c51fb49a70c8aa2f65c5eeacc567b3bb758ade002189f8e960a0d8051022173,True,d3b416100108a59d2c7fb9bf223f602cfc42f611f3aa7f600ebc7cfec1930363,1ad8c6a0e178d17c259795ac7e964d01ae91989dbccab48f13b9bae90fca8e2e,11,source_label_noise,50.56330871582031,True,,False
20,3,3.7954254150390625,2c51fb49a70c8aa2f65c5eeacc567b3bb758ade002189f8e960a0d8051022173,62d96fd5fcc246e38948136c8ccd486abb8765e69f9f7255b3d28b83ad9f6f3b,7d071ded0c22ce82406177ffb19036f87c89aca0423875214aebeac9f861853e,58.04319381713867,True,IRMv1,2c51fb49a70c8aa2f65c5eeacc567b3bb758ade002189f8e960a0d8051022173,4b855ae225a5dc282047e190f6953a2d848569dfa6f599ec656e659133af21e0,b85e0758723befc49ab10d25efd90e737503e6ea5dac0da773708e7edd176ed2,u003,2c51fb49a70c8aa2f65c5eeacc567b3bb758ade002189f8e960a0d8051022173,1a0d936cc56cba04ec65ca79eb1d2c0cf0bd07d2586ca8f3b35d095726b67502,504c78383cd560f6f5a742006c775a675dc1f4ef5e31fca48e801df94089925b,2c51fb49a70c8aa2f65c5eeacc567b3bb758ade002189f8e960a0d8051022173,True,1a0d936cc56cba04ec65ca79eb1d2c0cf0bd07d2586ca8f3b35d095726b67502,504c78383cd560f6f5a742006c775a675dc1f4ef5e31fca48e801df94089925b,11,source_label_noise,46.01137161254883,True,,False
1,4,0.0,2c51fb49a70c8aa2f65c5eeacc567b3bb758ade002189f8e960a0d8051022173,0fe2754d4026fc44ed5aa793360790faeb34d3e757beff811cab940104166f7f,c95e07f0c66dbcd64a6e1cf461dfb43e5b9218e54a70b206b183eacb190514f7,0.0,True,IRMv1,LINEAR_COMBINATION,LINEAR_COMBINATION,LINEAR_COMBINATION,u004,LINEAR_COMBINATION,LINEAR_COMBINATION,LINEAR_COMBINATION,LINEAR_COMBINATION,True,LINEAR_COMBINATION,LINEAR_COMBINATION,11,evaluation_label_noise,0.0,False,,False
5,4,0.0,2c51fb49a70c8aa2f65c5eeacc567b3bb758ade002189f8e960a0d8051022173,21a47bfb849843e77e9072e12b605b207fbc4e66ac1885f3525a5a479a2ceca9,7c309a12da4208b9ba567ad6160c67443f4f7824fb8286045fabf477f4c9a608,0.0,True,IRMv1,LINEAR_COMBINATION,LINEAR_COMBINATION,LINEAR_COMBINATION,u004,LINEAR_COMBINATION,LINEAR_COMBINATION,LINEAR_COMBINATION,LINEAR_COMBINATION,True,LINEAR_COMBINATION,LINEAR_COMBINATION,11,evaluation_label_noise,0.0,False,,False
20,4,0.0,2c51fb49a70c8aa2f65c5eeacc567b3bb758ade002189f8e960a0d8051022173,62d96fd5fcc246e38948136c8ccd486abb8765e69f9f7255b3d28b83ad9f6f3b,7d071ded0c22ce82406177ffb19036f87c89aca0423875214aebeac9f861853e,0.0,True,IRMv1,LINEAR_COMBINATION,LINEAR_COMBINATION,LINEAR_COMBINATION,u004,LINEAR_COMBINATION,LINEAR_COMBINATION,LINEAR_COMBINATION,LINEAR_COMBINATION,True,LINEAR_COMBINATION,LINEAR_COMBINATION,11,evaluation_label_noise,0.0,False,,False
1,-1,0.0112469913437962,2c51fb49a70c8aa2f65c5eeacc567b3bb758ade002189f8e960a0d8051022173,0fe2754d4026fc44ed5aa793360790faeb34d3e757beff811cab940104166f7f,c95e07f0c66dbcd64a6e1cf461dfb43e5b9218e54a70b206b183eacb190514f7,0.292310893535614,True,IRMv1,LINEAR_COMBINATION,LINEAR_COMBINATION,LINEAR_COMBINATION,u005,LINEAR_COMBINATION,LINEAR_COMBINATION,LINEAR_COMBINATION,LINEAR_COMBINATION,True,LINEAR_COMBINATION,LINEAR_COMBINATION,11,source_color_common,0.237909585237503,True,,False
5,-1,0.0742035135626792,2c51fb49a70c8aa2f65c5eeacc567b3bb758ade002189f8e960a0d8051022173,21a47bfb849843e77e9072e12b605b207fbc4e66ac1885f3525a5a479a2ceca9,7c309a12da4208b9ba567ad6160c67443f4f7824fb8286045fabf477f4c9a608,1.7872912883758545,True,IRMv1,LINEAR_COMBINATION,LINEAR_COMBINATION,LINEAR_COMBINATION,u005,LINEAR_COMBINATION,LINEAR_COMBINATION,LINEAR_COMBINATION,LINEAR_COMBINATION,True,LINEAR_COMBINATION,LINEAR_COMBINATION,11,source_color_common,1.444846272468567,True,,False
20,-1,0.2532652914524078,2c51fb49a70c8aa2f65c5eeacc567b3bb758ade002189f8e960a0d8051022173,62d96fd5fcc246e38948136c8ccd486abb8765e69f9f7255b3d28b83ad9f6f3b,7d071ded0c22ce82406177ffb19036f87c89aca0423875214aebeac9f861853e,5.723419189453125,True,IRMv1,LINEAR_COMBINATION,LINEAR_COMBINATION,LINEAR_COMBINATION,u005,LINEAR_COMBINATION,LINEAR_COMBINATION,LINEAR_COMBINATION,LINEAR_COMBINATION,True,LINEAR_COMBINATION,LINEAR_COMBINATION,11,source_color_common,4.635691165924072,True,,False
1,-1,0.009585915133357,2c51fb49a70c8aa2f65c5eeacc567b3bb758ade002189f8e960a0d8051022173,0fe2754d4026fc44ed5aa793360790faeb34d3e757beff811cab940104166f7f,c95e07f0c66dbcd64a6e1cf461dfb43e5b9218e54a70b206b183eacb190514f7,0.1977376341819763,True,IRMv1,LINEAR_COMBINATION,LINEAR_COMBINATION,LINEAR_COMBINATION,u006,LINEAR_COMBINATION,LINEAR_COMBINATION,LINEAR_COMBINATION,LINEAR_COMBINATION,True,LINEAR_COMBINATION,LINEAR_COMBINATION,11,source_color_contrast,0.1599134504795074,True,,False
5,-1,0.0253447834402322,2c51fb49a70c8aa2f65c5eeacc567b3bb758ade002189f8e960a0d8051022173,21a47bfb849843e77e9072e12b605b207fbc4e66ac1885f3525a5a479a2ceca9,7c309a12da4208b9ba567ad6160c67443f4f7824fb8286045fabf477f4c9a608,0.3377604186534881,True,IRMv1,LINEAR_COMBINATION,LINEAR_COMBINATION,LINEAR_COMBINATION,u006,LINEAR_COMBINATION,LINEAR_COMBINATION,LINEAR_COMBINATION,LINEAR_COMBINATION,True,LINEAR_COMBINATION,LINEAR_COMBINATION,11,source_color_contrast,0.2893983721733093,True,,False
20,-1,0.2949310839176178,2c51fb49a70c8aa2f65c5eeacc567b3bb758ade002189f8e960a0d8051022173,62d96fd5fcc246e38948136c8ccd486abb8765e69f9f7255b3d28b83ad9f6f3b,7d071ded0c22ce82406177ffb19036f87c89aca0423875214aebeac9f861853e,1.1210778951644895,True,IRMv1,LINEAR_COMBINATION,LINEAR_COMBINATION,LINEAR_COMBINATION,u006,LINEAR_COMBINATION,LINEAR_COMBINATION,LINEAR_COMBINATION,LINEAR_COMBINATION,True,LINEAR_COMBINATION,LINEAR_COMBINATION,11,source_color_contrast,1.001167058944702,True,,False
1,-1,0.0079528242349624,2c51fb49a70c8aa2f65c5eeacc567b3bb758ade002189f8e960a0d8051022173,0fe2754d4026fc44ed5aa793360790faeb34d3e757beff811cab940104166f7f,c95e07f0c66dbcd64a6e1cf461dfb43e5b9218e54a70b206b183eacb190514f7,0.206695020198822,True,IRMv1,LINEAR_COMBINATION,LINEAR_COMBINATION,LINEAR_COMBINATION,u007,LINEAR_COMBINATION,LINEAR_COMBINATION,LINEAR_COMBINATION,LINEAR_COMBINATION,True,LINEAR_COMBINATION,LINEAR_COMBINATION,11,color_global,0.1682274937629699,False,,False
5,-1,0.0524698123335838,2c51fb49a70c8aa2f65c5eeacc567b3bb758ade002189f8e960a0d8051022173,21a47bfb849843e77e9072e12b605b207fbc4e66ac1885f3525a5a479a2ceca9,7c309a12da4208b9ba567ad6160c67443f4f7824fb8286045fabf477f4c9a608,1.2638057470321655,True,IRMv1,LINEAR_COMBINATION,LINEAR_COMBINATION,LINEAR_COMBINATION,u007,LINEAR_COMBINATION,LINEAR_COMBINATION,LINEAR_COMBINATION,LINEAR_COMBINATION,True,LINEAR_COMBINATION,LINEAR_COMBINATION,11,color_global,1.021660566329956,False,,False
20,-1,0.1790855973958969,2c51fb49a70c8aa2f65c5eeacc567b3bb758ade002189f8e960a0d8051022173,62d96fd5fcc246e38948136c8ccd486abb8765e69f9f7255b3d28b83ad9f6f3b,7d071ded0c22ce82406177ffb19036f87c89aca0423875214aebeac9f861853e,4.0470685958862305,True,IRMv1,LINEAR_COMBINATION,LINEAR_COMBINATION,LINEAR_COMBINATION,u007,LINEAR_COMBINATION,LINEAR_COMBINATION,LINEAR_COMBINATION,LINEAR_COMBINATION,True,LINEAR_COMBINATION,LINEAR_COMBINATION,11,color_global,3.2779288291931152,False,,False
1,-1,0.0079528242349624,2c51fb49a70c8aa2f65c5eeacc567b3bb758ade002189f8e960a0d8051022173,0fe2754d4026fc44ed5aa793360790faeb34d3e757beff811cab940104166f7f,c95e07f0c66dbcd64a6e1cf461dfb43e5b9218e54a70b206b183eacb190514f7,0.206695020198822,True,IRMv1,LINEAR_COMBINATION,LINEAR_COMBINATION,LINEAR_COMBINATION,u008,LINEAR_COMBINATION,LINEAR_COMBINATION,LINEAR_COMBINATION,LINEAR_COMBINATION,True,LINEAR_COMBINATION,LINEAR_COMBINATION,11,color_shift,0.1682274937629699,False,,False
5,-1,0.0524698123335838,2c51fb49a70c8aa2f65c5eeacc567b3bb758ade002189f8e960a0d8051022173,21a47bfb849843e77e9072e12b605b207fbc4e66ac1885f3525a5a479a2ceca9,7c309a12da4208b9ba567ad6160c67443f4f7824fb8286045fabf477f4c9a608,1.2638057470321655,True,IRMv1,LINEAR_COMBINATION,LINEAR_COMBINATION,LINEAR_COMBINATION,u008,LINEAR_COMBINATION,LINEAR_COMBINATION,LINEAR_COMBINATION,LINEAR_COMBINATION,True,LINEAR_COMBINATION,LINEAR_COMBINATION,11,color_shift,1.021660566329956,False,,False
20,-1,0.1790855973958969,2c51fb49a70c8aa2f65c5eeacc567b3bb758ade002189f8e960a0d8051022173,62d96fd5fcc246e38948136c8ccd486abb8765e69f9f7255b3d28b83ad9f6f3b,7d071ded0c22ce82406177ffb19036f87c89aca0423875214aebeac9f861853e,4.0470685958862305,True,IRMv1,LINEAR_COMBINATION,LINEAR_COMBINATION,LINEAR_COMBINATION,u008,LINEAR_COMBINATION,LINEAR_COMBINATION,LINEAR_COMBINATION,LINEAR_COMBINATION,True,LINEAR_COMBINATION,LINEAR_COMBINATION,11,color_shift,3.2779288291931152,False,,False
1,-1,0.3666879534721374,2c51fb49a70c8aa2f65c5eeacc567b3bb758ade002189f8e960a0d8051022173,0fe2754d4026fc44ed5aa793360790faeb34d3e757beff811cab940104166f7f,c95e07f0c66dbcd64a6e1cf461dfb43e5b9218e54a70b206b183eacb190514f7,5.8246893882751465,True,IRMv1,LINEAR_COMBINATION,LINEAR_COMBINATION,LINEAR_COMBINATION,u009,LINEAR_COMBINATION,LINEAR_COMBINATION,LINEAR_COMBINATION,LINEAR_COMBINATION,True,LINEAR_COMBINATION,LINEAR_COMBINATION,11,noise_global,4.648401737213135,False,,False
5,-1,2.8823843002319336,2c51fb49a70c8aa2f65c5eeacc567b3bb758ade002189f8e960a0d8051022173,21a47bfb849843e77e9072e12b605b207fbc4e66ac1885f3525a5a479a2ceca9,7c309a12da4208b9ba567ad6160c67443f4f7824fb8286045fabf477f4c9a608,44.86587142944336,True,IRMv1,LINEAR_COMBINATION,LINEAR_COMBINATION,LINEAR_COMBINATION,u009,LINEAR_COMBINATION,LINEAR_COMBINATION,LINEAR_COMBINATION,LINEAR_COMBINATION,True,LINEAR_COMBINATION,LINEAR_COMBINATION,11,noise_global,35.753658294677734,False,,False
20,-1,2.6837711334228516,2c51fb49a70c8aa2f65c5eeacc567b3bb758ade002189f8e960a0d8051022173,62d96fd5fcc246e38948136c8ccd486abb8765e69f9f7255b3d28b83ad9f6f3b,7d071ded0c22ce82406177ffb19036f87c89aca0423875214aebeac9f861853e,41.0427360534668,True,IRMv1,LINEAR_COMBINATION,LINEAR_COMBINATION,LINEAR_COMBINATION,u009,LINEAR_COMBINATION,LINEAR_COMBINATION,LINEAR_COMBINATION,LINEAR_COMBINATION,True,LINEAR_COMBINATION,LINEAR_COMBINATION,11,noise_global,32.53495407104492,False,,False
1,-1,0.3666879534721374,2c51fb49a70c8aa2f65c5eeacc567b3bb758ade002189f8e960a0d8051022173,0fe2754d4026fc44ed5aa793360790faeb34d3e757beff811cab940104166f7f,c95e07f0c66dbcd64a6e1cf461dfb43e5b9218e54a70b206b183eacb190514f7,5.8246893882751465,True,IRMv1,LINEAR_COMBINATION,LINEAR_COMBINATION,LINEAR_COMBINATION,u010,LINEAR_COMBINATION,LINEAR_COMBINATION,LINEAR_COMBINATION,LINEAR_COMBINATION,True,LINEAR_COMBINATION,LINEAR_COMBINATION,11,noise_shift,4.648401737213135,False,,False
5,-1,2.8823843002319336,2c51fb49a70c8aa2f65c5eeacc567b3bb758ade002189f8e960a0d8051022173,21a47bfb849843e77e9072e12b605b207fbc4e66ac1885f3525a5a479a2ceca9,7c309a12da4208b9ba567ad6160c67443f4f7824fb8286045fabf477f4c9a608,44.86587142944336,True,IRMv1,LINEAR_COMBINATION,LINEAR_COMBINATION,LINEAR_COMBINATION,u010,LINEAR_COMBINATION,LINEAR_COMBINATION,LINEAR_COMBINATION,LINEAR_COMBINATION,True,LINEAR_COMBINATION,LINEAR_COMBINATION,11,noise_shift,35.753658294677734,False,,False
20,-1,2.6837711334228516,2c51fb49a70c8aa2f65c5eeacc567b3bb758ade002189f8e960a0d8051022173,62d96fd5fcc246e38948136c8ccd486abb8765e69f9f7255b3d28b83ad9f6f3b,7d071ded0c22ce82406177ffb19036f87c89aca0423875214aebeac9f861853e,41.0427360534668,True,IRMv1,LINEAR_COMBINATION,LINEAR_COMBINATION,LINEAR_COMBINATION,u010,LINEAR_COMBINATION,LINEAR_COMBINATION,LINEAR_COMBINATION,LINEAR_COMBINATION,True,LINEAR_COMBINATION,LINEAR_COMBINATION,11,noise_shift,32.53495407104492,False,,False
1,0,0.1497881710529327,1d154b47e0223c31a297a00e557c5233a54d12e39b9dac09ab3b2e3ce8e58cfd,93a076d6faee1dfc283cae2bd1b7cae73f8d0c8c6ec421d7c7432a1a2177a44b,2bbc3ee389b7cdc2a09b87190d043f424c4f958b9140ec03fe645798d4fc1736,0.7505341172218323,True,VREX,1d154b47e0223c31a297a00e557c5233a54d12e39b9dac09ab3b2e3ce8e58cfd,9ed6035d8ccf28c8e740bc0264ba9d4503e352d4260e6583d10f0fcef9b7db8a,cd04d87b82d915559c3008ded7639463aa7c37108e94883b0074dd7107b336ca,u000,1d154b47e0223c31a297a00e557c5233a54d12e39b9dac09ab3b2e3ce8e58cfd,e09cd82119e5e63681da6531891a1148cb6a1e82c8a5ce4dd21e590fc33de77b,a7226e585275c4e35a2436399f01e0e5af3907b1db118948506cd778704dcf9d,1d154b47e0223c31a297a00e557c5233a54d12e39b9dac09ab3b2e3ce8e58cfd,True,e09cd82119e5e63681da6531891a1148cb6a1e82c8a5ce4dd21e590fc33de77b,a7226e585275c4e35a2436399f01e0e5af3907b1db118948506cd778704dcf9d,11,source_env0_color,0.5932307839393616,True,,False
5,0,1.1521077156066897,1d154b47e0223c31a297a00e557c5233a54d12e39b9dac09ab3b2e3ce8e58cfd,afdb0fe2294818c3f4da5158bdb6ffebabaf35240a31cc641c7372f1fa674b89,018a644ac91d3c2d26facafd21230a28c7a22bd8b32acbe7dd64f25e5ba8e1d8,7.893647193908691,True,VREX,1d154b47e0223c31a297a00e557c5233a54d12e39b9dac09ab3b2e3ce8e58cfd,1ea6877bf07e1ea21081304a6875344de8bfb9439f17545ffeb3175869239da9,bce2eca78bc59c14dcc3e765a9ddf467bdfd849d913ff5ff51bab30e0c1297f2,u000,1d154b47e0223c31a297a00e557c5233a54d12e39b9dac09ab3b2e3ce8e58cfd,2c814906cfa5cc696349f95184cd6433af381d02601e7c9c6d230e16a619a183,0f0876cf4cbafe1693afc9644a7c59ad44b37da44e6639e1f97fc2286f941f15,1d154b47e0223c31a297a00e557c5233a54d12e39b9dac09ab3b2e3ce8e58cfd,True,2c814906cfa5cc696349f95184cd6433af381d02601e7c9c6d230e16a619a183,0f0876cf4cbafe1693afc9644a7c59ad44b37da44e6639e1f97fc2286f941f15,11,source_env0_color,6.194843292236328,True,,False
20,0,3.0854732990264893,1d154b47e0223c31a297a00e557c5233a54d12e39b9dac09ab3b2e3ce8e58cfd,888f5c28c15e574c313845ec4f1fbb8fc635d49cac50a8469639d6e297607aad,d8f9fd2797bf13a2777dab0cf3976e5d70db5e93db80f59cb2a14eaa76d860a3,7.592601776123047,True,VREX,1d154b47e0223c31a297a00e557c5233a54d12e39b9dac09ab3b2e3ce8e58cfd,8047fc122765c43fe1a50c2d35a1625a11aded33029cec1727319726e50a630a,bb9dd5c3c472fb56cced0256aef8adadebd397c0543f1d0b7422872a89058992,u000,1d154b47e0223c31a297a00e557c5233a54d12e39b9dac09ab3b2e3ce8e58cfd,678224bb3b0290a149803ad753e0bea78f1df865c5d27b68e460dfa63c1a85c0,bb8c943d12a8bcda4d24839c9b60fc8fe7c02f4328ed4d8a60b44b91519125b8,1d154b47e0223c31a297a00e557c5233a54d12e39b9dac09ab3b2e3ce8e58cfd,True,678224bb3b0290a149803ad753e0bea78f1df865c5d27b68e460dfa63c1a85c0,bb8c943d12a8bcda4d24839c9b60fc8fe7c02f4328ed4d8a60b44b91519125b8,11,source_env0_color,5.951205253601074,True,,False
1,1,0.1591356545686721,1d154b47e0223c31a297a00e557c5233a54d12e39b9dac09ab3b2e3ce8e58cfd,93a076d6faee1dfc283cae2bd1b7cae73f8d0c8c6ec421d7c7432a1a2177a44b,2bbc3ee389b7cdc2a09b87190d043f424c4f958b9140ec03fe645798d4fc1736,0.7523558139801025,True,VREX,1d154b47e0223c31a297a00e557c5233a54d12e39b9dac09ab3b2e3ce8e58cfd,8968fb96de612789d790ae9b26fd17fedf7cddb1441b4ec3d744beb9943dd043,622936c65398b80e143cbb6af9b4a0af6e08543c36b3cf02cf5533f6f62089ab,u001,1d154b47e0223c31a297a00e557c5233a54d12e39b9dac09ab3b2e3ce8e58cfd,13414fbc184fddd45aed38850515ca6250a5fde7169dbb5b7dd268905f4601a7,0ebd78d7f249e5c4f17305e8fcfd76e12946f65dc861aef71d621fc2438bfc5b,1d154b47e0223c31a297a00e557c5233a54d12e39b9dac09ab3b2e3ce8e58cfd,True,13414fbc184fddd45aed38850515ca6250a5fde7169dbb5b7dd268905f4601a7,0ebd78d7f249e5c4f17305e8fcfd76e12946f65dc861aef71d621fc2438bfc5b,11,source_env1_color,0.5990119576454163,True,,False
5,1,1.1580866575241089,1d154b47e0223c31a297a00e557c5233a54d12e39b9dac09ab3b2e3ce8e58cfd,afdb0fe2294818c3f4da5158bdb6ffebabaf35240a31cc641c7372f1fa674b89,018a644ac91d3c2d26facafd21230a28c7a22bd8b32acbe7dd64f25e5ba8e1d8,7.615879535675049,True,VREX,1d154b47e0223c31a297a00e557c5233a54d12e39b9dac09ab3b2e3ce8e58cfd,5de3f48bda6031a996f4891c885ea14406f9c0b5259b0743769bacca499f5aca,3b9f8da78c9d0194dffc01c293dc035c1cfda307688527cf3431b0eb214ad30b,u001,1d154b47e0223c31a297a00e557c5233a54d12e39b9dac09ab3b2e3ce8e58cfd,29a3a29748a647af3c35e7d2a5ba2b1c6dbbbe327da2e8921e937d4314a96563,3ffde533bd76ad6421f9beaad78ad316480a0139fc5a256f36c3c8f72be8419e,1d154b47e0223c31a297a00e557c5233a54d12e39b9dac09ab3b2e3ce8e58cfd,True,29a3a29748a647af3c35e7d2a5ba2b1c6dbbbe327da2e8921e937d4314a96563,3ffde533bd76ad6421f9beaad78ad316480a0139fc5a256f36c3c8f72be8419e,11,source_env1_color,6.00800895690918,True,,False
20,1,2.8656725883483887,1d154b47e0223c31a297a00e557c5233a54d12e39b9dac09ab3b2e3ce8e58cfd,888f5c28c15e574c313845ec4f1fbb8fc635d49cac50a8469639d6e297607aad,d8f9fd2797bf13a2777dab0cf3976e5d70db5e93db80f59cb2a14eaa76d860a3,7.832616329193115,True,VREX,1d154b47e0223c31a297a00e557c5233a54d12e39b9dac09ab3b2e3ce8e58cfd,fc825c5420d85a46857c0957bce028cf0bff5aa56924d56b8b8e725eb2f8eacc,1575a74af256e2d4231bcd69d68babe3d9164a65e11d79a40294bacf6dc1cb1a,u001,1d154b47e0223c31a297a00e557c5233a54d12e39b9dac09ab3b2e3ce8e58cfd,c3b46bdd5c57ab6812345d59af638a39badadaa2a6f9fca3e794f7c9e402282c,923f51139f69791d5e21bf0292ff67f22a1cad2275fa2eb4b5e8768e192b0b06,1d154b47e0223c31a297a00e557c5233a54d12e39b9dac09ab3b2e3ce8e58cfd,True,c3b46bdd5c57ab6812345d59af638a39badadaa2a6f9fca3e794f7c9e402282c,923f51139f69791d5e21bf0292ff67f22a1cad2275fa2eb4b5e8768e192b0b06,11,source_env1_color,6.044538497924805,True,,False
1,2,0.0,1d154b47e0223c31a297a00e557c5233a54d12e39b9dac09ab3b2e3ce8e58cfd,93a076d6faee1dfc283cae2bd1b7cae73f8d0c8c6ec421d7c7432a1a2177a44b,2bbc3ee389b7cdc2a09b87190d043f424c4f958b9140ec03fe645798d4fc1736,0.0,True,VREX,LINEAR_COMBINATION,LINEAR_COMBINATION,LINEAR_COMBINATION,u002,LINEAR_COMBINATION,LINEAR_COMBINATION,LINEAR_COMBINATION,LINEAR_COMBINATION,True,LINEAR_COMBINATION,LINEAR_COMBINATION,11,evaluation_color,0.0,False,,False
5,2,0.0,1d154b47e0223c31a297a00e557c5233a54d12e39b9dac09ab3b2e3ce8e58cfd,afdb0fe2294818c3f4da5158bdb6ffebabaf35240a31cc641c7372f1fa674b89,018a644ac91d3c2d26facafd21230a28c7a22bd8b32acbe7dd64f25e5ba8e1d8,0.0,True,VREX,LINEAR_COMBINATION,LINEAR_COMBINATION,LINEAR_COMBINATION,u002,LINEAR_COMBINATION,LINEAR_COMBINATION,LINEAR_COMBINATION,LINEAR_COMBINATION,True,LINEAR_COMBINATION,LINEAR_COMBINATION,11,evaluation_color,0.0,False,,False
20,2,0.0,1d154b47e0223c31a297a00e557c5233a54d12e39b9dac09ab3b2e3ce8e58cfd,888f5c28c15e574c313845ec4f1fbb8fc635d49cac50a8469639d6e297607aad,d8f9fd2797bf13a2777dab0cf3976e5d70db5e93db80f59cb2a14eaa76d860a3,0.0,True,VREX,LINEAR_COMBINATION,LINEAR_COMBINATION,LINEAR_COMBINATION,u002,LINEAR_COMBINATION,LINEAR_COMBINATION,LINEAR_COMBINATION,LINEAR_COMBINATION,True,LINEAR_COMBINATION,LINEAR_COMBINATION,11,evaluation_color,0.0,False,,False
1,3,0.026568504050374,1d154b47e0223c31a297a00e557c5233a54d12e39b9dac09ab3b2e3ce8e58cfd,93a076d6faee1dfc283cae2bd1b7cae73f8d0c8c6ec421d7c7432a1a2177a44b,2bbc3ee389b7cdc2a09b87190d043f424c4f958b9140ec03fe645798d4fc1736,0.0398771055042743,True,VREX,1d154b47e0223c31a297a00e557c5233a54d12e39b9dac09ab3b2e3ce8e58cfd,7169d6c728990f4b6e640187f09575acb38a802405cd30a8b66b65be18c75396,092777719887725c0feeef81e2b1f7c1f8ca9fa11cbbd0568f61e0cf17834dec,u003,1d154b47e0223c31a297a00e557c5233a54d12e39b9dac09ab3b2e3ce8e58cfd,f999e939d16396fabf8a8142e913798c1da681a630969def7b6fb9394d5a456b,1f33bdfea3f6c2267eca51a18af2b154d5e47b0e954dcfe7a29420a97df4043b,1d154b47e0223c31a297a00e557c5233a54d12e39b9dac09ab3b2e3ce8e58cfd,True,f999e939d16396fabf8a8142e913798c1da681a630969def7b6fb9394d5a456b,1f33bdfea3f6c2267eca51a18af2b154d5e47b0e954dcfe7a29420a97df4043b,11,source_label_noise,0.0321094803512096,True,,False
5,3,0.0722292587161064,1d154b47e0223c31a297a00e557c5233a54d12e39b9dac09ab3b2e3ce8e58cfd,afdb0fe2294818c3f4da5158bdb6ffebabaf35240a31cc641c7372f1fa674b89,018a644ac91d3c2d26facafd21230a28c7a22bd8b32acbe7dd64f25e5ba8e1d8,0.2862471044063568,True,VREX,1d154b47e0223c31a297a00e557c5233a54d12e39b9dac09ab3b2e3ce8e58cfd,dec45227fec6f1c912caacdd8d53e086fb35f6467b9dba9357c241fba0989333,c0706d0b105cfc229a817dc4d7ace45f80eae6e585700c20446b530ee67e24e3,u003,1d154b47e0223c31a297a00e557c5233a54d12e39b9dac09ab3b2e3ce8e58cfd,b9aaa69f0494ec330a509a3393af7241eea4e3ae289f48d3ed372fcaecc853ec,ad66eaa9a0427d3abf527a908caeaa558041f249695bdb40cd79e23e34401c05,1d154b47e0223c31a297a00e557c5233a54d12e39b9dac09ab3b2e3ce8e58cfd,True,b9aaa69f0494ec330a509a3393af7241eea4e3ae289f48d3ed372fcaecc853ec,ad66eaa9a0427d3abf527a908caeaa558041f249695bdb40cd79e23e34401c05,11,source_label_noise,0.2250878065824508,True,,False
20,3,1.0100919008255005,1d154b47e0223c31a297a00e557c5233a54d12e39b9dac09ab3b2e3ce8e58cfd,888f5c28c15e574c313845ec4f1fbb8fc635d49cac50a8469639d6e297607aad,d8f9fd2797bf13a2777dab0cf3976e5d70db5e93db80f59cb2a14eaa76d860a3,1.7249571084976196,True,VREX,1d154b47e0223c31a297a00e557c5233a54d12e39b9dac09ab3b2e3ce8e58cfd,1a32a5c90530cfcb373619c85fd0da4e59796b72955071b486f6274e3402d57a,fc3005a3bb269617c7fe1d0ba0b9fa15bcf7d2ca33d7304fa82854df39cbb110,u003,1d154b47e0223c31a297a00e557c5233a54d12e39b9dac09ab3b2e3ce8e58cfd,fba150487434ef6d9163a8e460ce176a3c9b18940d9b1670caac6969a3fd904b,682aff158a68c5f9b3fd0178eca768a07255025c7b65d8de7c9445ac74a380c0,1d154b47e0223c31a297a00e557c5233a54d12e39b9dac09ab3b2e3ce8e58cfd,True,fba150487434ef6d9163a8e460ce176a3c9b18940d9b1670caac6969a3fd904b,682aff158a68c5f9b3fd0178eca768a07255025c7b65d8de7c9445ac74a380c0,11,source_label_noise,1.3106653690338137,True,,False
1,4,0.0,1d154b47e0223c31a297a00e557c5233a54d12e39b9dac09ab3b2e3ce8e58cfd,93a076d6faee1dfc283cae2bd1b7cae73f8d0c8c6ec421d7c7432a1a2177a44b,2bbc3ee389b7cdc2a09b87190d043f424c4f958b9140ec03fe645798d4fc1736,0.0,True,VREX,LINEAR_COMBINATION,LINEAR_COMBINATION,LINEAR_COMBINATION,u004,LINEAR_COMBINATION,LINEAR_COMBINATION,LINEAR_COMBINATION,LINEAR_COMBINATION,True,LINEAR_COMBINATION,LINEAR_COMBINATION,11,evaluation_label_noise,0.0,False,,False
5,4,0.0,1d154b47e0223c31a297a00e557c5233a54d12e39b9dac09ab3b2e3ce8e58cfd,afdb0fe2294818c3f4da5158bdb6ffebabaf35240a31cc641c7372f1fa674b89,018a644ac91d3c2d26facafd21230a28c7a22bd8b32acbe7dd64f25e5ba8e1d8,0.0,True,VREX,LINEAR_COMBINATION,LINEAR_COMBINATION,LINEAR_COMBINATION,u004,LINEAR_COMBINATION,LINEAR_COMBINATION,LINEAR_COMBINATION,LINEAR_COMBINATION,True,LINEAR_COMBINATION,LINEAR_COMBINATION,11,evaluation_label_noise,0.0,False,,False
20,4,0.0,1d154b47e0223c31a297a00e557c5233a54d12e39b9dac09ab3b2e3ce8e58cfd,888f5c28c15e574c313845ec4f1fbb8fc635d49cac50a8469639d6e297607aad,d8f9fd2797bf13a2777dab0cf3976e5d70db5e93db80f59cb2a14eaa76d860a3,0.0,True,VREX,LINEAR_COMBINATION,LINEAR_COMBINATION,LINEAR_COMBINATION,u004,LINEAR_COMBINATION,LINEAR_COMBINATION,LINEAR_COMBINATION,LINEAR_COMBINATION,True,LINEAR_COMBINATION,LINEAR_COMBINATION,11,evaluation_label_noise,0.0,False,,False
1,-1,0.0077643012627959,1d154b47e0223c31a297a00e557c5233a54d12e39b9dac09ab3b2e3ce8e58cfd,93a076d6faee1dfc283cae2bd1b7cae73f8d0c8c6ec421d7c7432a1a2177a44b,2bbc3ee389b7cdc2a09b87190d043f424c4f958b9140ec03fe645798d4fc1736,0.0127630354836583,True,VREX,LINEAR_COMBINATION,LINEAR_COMBINATION,LINEAR_COMBINATION,u005,LINEAR_COMBINATION,LINEAR_COMBINATION,LINEAR_COMBINATION,LINEAR_COMBINATION,True,LINEAR_COMBINATION,LINEAR_COMBINATION,11,source_color_common,0.0106259286403656,True,,False
5,-1,0.0326898023486137,1d154b47e0223c31a297a00e557c5233a54d12e39b9dac09ab3b2e3ce8e58cfd,afdb0fe2294818c3f4da5158bdb6ffebabaf35240a31cc641c7372f1fa674b89,018a644ac91d3c2d26facafd21230a28c7a22bd8b32acbe7dd64f25e5ba8e1d8,0.2129586338996887,True,VREX,LINEAR_COMBINATION,LINEAR_COMBINATION,LINEAR_COMBINATION,u005,LINEAR_COMBINATION,LINEAR_COMBINATION,LINEAR_COMBINATION,LINEAR_COMBINATION,True,LINEAR_COMBINATION,LINEAR_COMBINATION,11,source_color_common,0.1443948596715927,True,,False
20,-1,0.1889898777008056,1d154b47e0223c31a297a00e557c5233a54d12e39b9dac09ab3b2e3ce8e58cfd,888f5c28c15e574c313845ec4f1fbb8fc635d49cac50a8469639d6e297607aad,d8f9fd2797bf13a2777dab0cf3976e5d70db5e93db80f59cb2a14eaa76d860a3,0.4867677986621856,True,VREX,LINEAR_COMBINATION,LINEAR_COMBINATION,LINEAR_COMBINATION,u005,LINEAR_COMBINATION,LINEAR_COMBINATION,LINEAR_COMBINATION,LINEAR_COMBINATION,True,LINEAR_COMBINATION,LINEAR_COMBINATION,11,source_color_common,0.3071804642677307,True,,False
1,-1,0.218404158949852,1d154b47e0223c31a297a00e557c5233a54d12e39b9dac09ab3b2e3ce8e58cfd,93a076d6faee1dfc283cae2bd1b7cae73f8d0c8c6ec421d7c7432a1a2177a44b,2bbc3ee389b7cdc2a09b87190d043f424c4f958b9140ec03fe645798d4fc1736,1.0626277923583984,True,VREX,LINEAR_COMBINATION,LINEAR_COMBINATION,LINEAR_COMBINATION,u006,LINEAR_COMBINATION,LINEAR_COMBINATION,LINEAR_COMBINATION,LINEAR_COMBINATION,True,LINEAR_COMBINATION,LINEAR_COMBINATION,11,source_color_contrast,0.8429858684539795,True,,False
5,-1,1.633232355117798,1d154b47e0223c31a297a00e557c5233a54d12e39b9dac09ab3b2e3ce8e58cfd,afdb0fe2294818c3f4da5158bdb6ffebabaf35240a31cc641c7372f1fa674b89,018a644ac91d3c2d26facafd21230a28c7a22bd8b32acbe7dd64f25e5ba8e1d8,10.966582298278809,True,VREX,LINEAR_COMBINATION,LINEAR_COMBINATION,LINEAR_COMBINATION,u006,LINEAR_COMBINATION,LINEAR_COMBINATION,LINEAR_COMBINATION,LINEAR_COMBINATION,True,LINEAR_COMBINATION,LINEAR_COMBINATION,11,source_color_contrast,8.628522872924805,True,,False
20,-1,4.206722259521484,1d154b47e0223c31a297a00e557c5233a54d12e39b9dac09ab3b2e3ce8e58cfd,888f5c28c15e574c313845ec4f1fbb8fc635d49cac50a8469639d6e297607aad,d8f9fd2797bf13a2777dab0cf3976e5d70db5e93db80f59cb2a14eaa76d860a3,10.897729873657228,True,VREX,LINEAR_COMBINATION,LINEAR_COMBINATION,LINEAR_COMBINATION,u006,LINEAR_COMBINATION,LINEAR_COMBINATION,LINEAR_COMBINATION,LINEAR_COMBINATION,True,LINEAR_COMBINATION,LINEAR_COMBINATION,11,source_color_contrast,8.47696590423584,True,,False
1,-1,0.0054901898838579,1d154b47e0223c31a297a00e557c5233a54d12e39b9dac09ab3b2e3ce8e58cfd,93a076d6faee1dfc283cae2bd1b7cae73f8d0c8c6ec421d7c7432a1a2177a44b,2bbc3ee389b7cdc2a09b87190d043f424c4f958b9140ec03fe645798d4fc1736,0.0090248296037316,True,VREX,LINEAR_COMBINATION,LINEAR_COMBINATION,LINEAR_COMBINATION,u007,LINEAR_COMBINATION,LINEAR_COMBINATION,LINEAR_COMBINATION,LINEAR_COMBINATION,True,LINEAR_COMBINATION,LINEAR_COMBINATION,11,color_global,0.0075136669911444,False,,False
5,-1,0.0231151822954416,1d154b47e0223c31a297a00e557c5233a54d12e39b9dac09ab3b2e3ce8e58cfd,afdb0fe2294818c3f4da5158bdb6ffebabaf35240a31cc641c7372f1fa674b89,018a644ac91d3c2d26facafd21230a28c7a22bd8b32acbe7dd64f25e5ba8e1d8,0.1505845040082931,True,VREX,LINEAR_COMBINATION,LINEAR_COMBINATION,LINEAR_COMBINATION,u007,LINEAR_COMBINATION,LINEAR_COMBINATION,LINEAR_COMBINATION,LINEAR_COMBINATION,True,LINEAR_COMBINATION,LINEAR_COMBINATION,11,color_global,0.1021025776863098,False,,False
20,-1,0.1336360275745391,1d154b47e0223c31a297a00e557c5233a54d12e39b9dac09ab3b2e3ce8e58cfd,888f5c28c15e574c313845ec4f1fbb8fc635d49cac50a8469639d6e297607aad,d8f9fd2797bf13a2777dab0cf3976e5d70db5e93db80f59cb2a14eaa76d860a3,0.3441968560218811,True,VREX,LINEAR_COMBINATION,LINEAR_COMBINATION,LINEAR_COMBINATION,u007,LINEAR_COMBINATION,LINEAR_COMBINATION,LINEAR_COMBINATION,LINEAR_COMBINATION,True,LINEAR_COMBINATION,LINEAR_COMBINATION,11,color_global,0.2172093987464904,False,,False
1,-1,0.0054901898838579,1d154b47e0223c31a297a00e557c5233a54d12e39b9dac09ab3b2e3ce8e58cfd,93a076d6faee1dfc283cae2bd1b7cae73f8d0c8c6ec421d7c7432a1a2177a44b,2bbc3ee389b7cdc2a09b87190d043f424c4f958b9140ec03fe645798d4fc1736,0.0090248296037316,True,VREX,LINEAR_COMBINATION,LINEAR_COMBINATION,LINEAR_COMBINATION,u008,LINEAR_COMBINATION,LINEAR_COMBINATION,LINEAR_COMBINATION,LINEAR_COMBINATION,True,LINEAR_COMBINATION,LINEAR_COMBINATION,11,color_shift,0.0075136669911444,False,,False
5,-1,0.0231151822954416,1d154b47e0223c31a297a00e557c5233a54d12e39b9dac09ab3b2e3ce8e58cfd,afdb0fe2294818c3f4da5158bdb6ffebabaf35240a31cc641c7372f1fa674b89,018a644ac91d3c2d26facafd21230a28c7a22bd8b32acbe7dd64f25e5ba8e1d8,0.1505845040082931,True,VREX,LINEAR_COMBINATION,LINEAR_COMBINATION,LINEAR_COMBINATION,u008,LINEAR_COMBINATION,LINEAR_COMBINATION,LINEAR_COMBINATION,LINEAR_COMBINATION,True,LINEAR_COMBINATION,LINEAR_COMBINATION,11,color_shift,0.1021025776863098,False,,False
20,-1,0.1336360275745391,1d154b47e0223c31a297a00e557c5233a54d12e39b9dac09ab3b2e3ce8e58cfd,888f5c28c15e574c313845ec4f1fbb8fc635d49cac50a8469639d6e297607aad,d8f9fd2797bf13a2777dab0cf3976e5d70db5e93db80f59cb2a14eaa76d860a3,0.3441968560218811,True,VREX,LINEAR_COMBINATION,LINEAR_COMBINATION,LINEAR_COMBINATION,u008,LINEAR_COMBINATION,LINEAR_COMBINATION,LINEAR_COMBINATION,LINEAR_COMBINATION,True,LINEAR_COMBINATION,LINEAR_COMBINATION,11,color_shift,0.2172093987464904,False,,False
1,-1,0.0187867693603038,1d154b47e0223c31a297a00e557c5233a54d12e39b9dac09ab3b2e3ce8e58cfd,93a076d6faee1dfc283cae2bd1b7cae73f8d0c8c6ec421d7c7432a1a2177a44b,2bbc3ee389b7cdc2a09b87190d043f424c4f958b9140ec03fe645798d4fc1736,0.0281973704695701,True,VREX,LINEAR_COMBINATION,LINEAR_COMBINATION,LINEAR_COMBINATION,u009,LINEAR_COMBINATION,LINEAR_COMBINATION,LINEAR_COMBINATION,LINEAR_COMBINATION,True,LINEAR_COMBINATION,LINEAR_COMBINATION,11,noise_global,0.0227048322558403,False,,False
5,-1,0.0510737970471382,1d154b47e0223c31a297a00e557c5233a54d12e39b9dac09ab3b2e3ce8e58cfd,afdb0fe2294818c3f4da5158bdb6ffebabaf35240a31cc641c7372f1fa674b89,018a644ac91d3c2d26facafd21230a28c7a22bd8b32acbe7dd64f25e5ba8e1d8,0.2024072706699371,True,VREX,LINEAR_COMBINATION,LINEAR_COMBINATION,LINEAR_COMBINATION,u009,LINEAR_COMBINATION,LINEAR_COMBINATION,LINEAR_COMBINATION,LINEAR_COMBINATION,True,LINEAR_COMBINATION,LINEAR_COMBINATION,11,noise_global,0.1591611057519912,False,,False
20,-1,0.7142428159713745,1d154b47e0223c31a297a00e557c5233a54d12e39b9dac09ab3b2e3ce8e58cfd,888f5c28c15e574c313845ec4f1fbb8fc635d49cac50a8469639d6e297607aad,d8f9fd2797bf13a2777dab0cf3976e5d70db5e93db80f59cb2a14eaa76d860a3,1.2197288274765017,True,VREX,LINEAR_COMBINATION,LINEAR_COMBINATION,LINEAR_COMBINATION,u009,LINEAR_COMBINATION,LINEAR_COMBINATION,LINEAR_COMBINATION,LINEAR_COMBINATION,True,LINEAR_COMBINATION,LINEAR_COMBINATION,11,noise_global,0.9267802834510804,False,,False
1,-1,0.0187867693603038,1d154b47e0223c31a297a00e557c5233a54d12e39b9dac09ab3b2e3ce8e58cfd,93a076d6faee1dfc283cae2bd1b7cae73f8d0c8c6ec421d7c7432a1a2177a44b,2bbc3ee389b7cdc2a09b87190d043f424c4f958b9140ec03fe645798d4fc1736,0.0281973704695701,True,VREX,LINEAR_COMBINATION,LINEAR_COMBINATION,LINEAR_COMBINATION,u010,LINEAR_COMBINATION,LINEAR_COMBINATION,LINEAR_COMBINATION,LINEAR_COMBINATION,True,LINEAR_COMBINATION,LINEAR_COMBINATION,11,noise_shift,0.0227048322558403,False,,False
5,-1,0.0510737970471382,1d154b47e0223c31a297a00e557c5233a54d12e39b9dac09ab3b2e3ce8e58cfd,afdb0fe2294818c3f4da5158bdb6ffebabaf35240a31cc641c7372f1fa674b89,018a644ac91d3c2d26facafd21230a28c7a22bd8b32acbe7dd64f25e5ba8e1d8,0.2024072706699371,True,VREX,LINEAR_COMBINATION,LINEAR_COMBINATION,LINEAR_COMBINATION,u010,LINEAR_COMBINATION,LINEAR_COMBINATION,LINEAR_COMBINATION,LINEAR_COMBINATION,True,LINEAR_COMBINATION,LINEAR_COMBINATION,11,noise_shift,0.1591611057519912,False,,False
20,-1,0.7142428159713745,1d154b47e0223c31a297a00e557c5233a54d12e39b9dac09ab3b2e3ce8e58cfd,888f5c28c15e574c313845ec4f1fbb8fc635d49cac50a8469639d6e297607aad,d8f9fd2797bf13a2777dab0cf3976e5d70db5e93db80f59cb2a14eaa76d860a3,1.2197288274765017,True,VREX,LINEAR_COMBINATION,LINEAR_COMBINATION,LINEAR_COMBINATION,u010,LINEAR_COMBINATION,LINEAR_COMBINATION,LINEAR_COMBINATION,LINEAR_COMBINATION,True,LINEAR_COMBINATION,LINEAR_COMBINATION,11,noise_shift,0.9267802834510804,False,,False
1,0,0.0474393330514431,35f875abc254e3a85da7545b716027b44eb593d4293c7115b40dc9e3d4baba24,784d96a8db78d61480723ccff48fefff135a811cc5b07cf3ec47f8586fba3c63,f3765bc695351a88aa08229d031d0f2c92190cdd4c681263c0e483e1fe7d5e29,0.416311502456665,True,FISHR,35f875abc254e3a85da7545b716027b44eb593d4293c7115b40dc9e3d4baba24,1089ec112e375ea8518e55331d46e0da13299859e90d1c0b5a7e86cf07f24b9f,710edc151c79224b8547ef89173f0b59d94266450c604e75cb34ba978938706d,u000,35f875abc254e3a85da7545b716027b44eb593d4293c7115b40dc9e3d4baba24,e225a505053dd43b0574c3966981fa12e1b670551dfbc18b3eac94542550dfb6,133ed0e7a1da9b00a96a3f8c29f39c0081d0d46169a5c75d90af117434a246b0,35f875abc254e3a85da7545b716027b44eb593d4293c7115b40dc9e3d4baba24,True,e225a505053dd43b0574c3966981fa12e1b670551dfbc18b3eac94542550dfb6,133ed0e7a1da9b00a96a3f8c29f39c0081d0d46169a5c75d90af117434a246b0,11,source_env0_color,0.3164985179901123,True,,False
5,0,0.4725687801837921,35f875abc254e3a85da7545b716027b44eb593d4293c7115b40dc9e3d4baba24,6d81b4f015f724c07763d392af4a2731f04aca6f4c449e0f4f5b36cf626df2c0,977491e4729035ddbb81b6d25b3103dff016e0ebb841f670a56ba0044e5a4de1,4.387382984161377,True,FISHR,35f875abc254e3a85da7545b716027b44eb593d4293c7115b40dc9e3d4baba24,8026c9b5ea4b7f2da22d2405ae68323d303a864a2098b6d7c3fba285e4c10f37,82d0e7a44aa46c0157b1307ccac84d354d2f7858083ec6c060398b2c91c6a9fc,u000,35f875abc254e3a85da7545b716027b44eb593d4293c7115b40dc9e3d4baba24,b3119aaec9a379021af2269b6b367c9515f6c3db52f1da574ab3a2fbeac053b9,bd224f28cca654fdd1342e8ed68f49ca9e5098eb7be8373f60b8e78bae4f26a1,35f875abc254e3a85da7545b716027b44eb593d4293c7115b40dc9e3d4baba24,True,b3119aaec9a379021af2269b6b367c9515f6c3db52f1da574ab3a2fbeac053b9,bd224f28cca654fdd1342e8ed68f49ca9e5098eb7be8373f60b8e78bae4f26a1,11,source_env0_color,3.285830020904541,True,,False
20,0,2.1451475620269775,35f875abc254e3a85da7545b716027b44eb593d4293c7115b40dc9e3d4baba24,a3616ed49cda3f366e830df01937a3844095ab221c823379b2ff20465a85976d,682917b2cb2b60cb34caa9701d1d9429cb4508a24db4e6d53b48e96ac94604b8,19.991079330444336,True,FISHR,35f875abc254e3a85da7545b716027b44eb593d4293c7115b40dc9e3d4baba24,4993f629036be5b86ca2831546a57d28d16c5098b68d48d0fb727f4a5149b5b7,451ea01914b9319e0c8a73b4edcd2e72b18d2c864f4946c7238a605fc7f915cd,u000,35f875abc254e3a85da7545b716027b44eb593d4293c7115b40dc9e3d4baba24,11dc56f1f9916609f19c51b67c7d1f2e10c07f484a66eb17746174f422405889,fc48cd64d6bcb0130fba3363bc0995923f46c23d7513388f6ddd02307b039a3c,35f875abc254e3a85da7545b716027b44eb593d4293c7115b40dc9e3d4baba24,True,11dc56f1f9916609f19c51b67c7d1f2e10c07f484a66eb17746174f422405889,fc48cd64d6bcb0130fba3363bc0995923f46c23d7513388f6ddd02307b039a3c,11,source_env0_color,15.039680480957031,True,,False
1,1,0.0452129803597927,35f875abc254e3a85da7545b716027b44eb593d4293c7115b40dc9e3d4baba24,784d96a8db78d61480723ccff48fefff135a811cc5b07cf3ec47f8586fba3c63,f3765bc695351a88aa08229d031d0f2c92190cdd4c681263c0e483e1fe7d5e29,0.3991116881370544,True,FISHR,35f875abc254e3a85da7545b716027b44eb593d4293c7115b40dc9e3d4baba24,6802a77f30e1d68c8ca60e214effdc0a282303b2edd33120128f9551489c592b,05f629fc1d5ee87445d6779a685dc97670b931084586a38d0cc5e34dd4fde479,u001,35f875abc254e3a85da7545b716027b44eb593d4293c7115b40dc9e3d4baba24,0c239d6fb9e86c3cd569f60157f8cdbc1942ffaecc0ce5da4ad498b498f60fb3,aafece2a8ae6578183f8d38c0682168c8454bbcc9636030b3b871229931df1cc,35f875abc254e3a85da7545b716027b44eb593d4293c7115b40dc9e3d4baba24,True,0c239d6fb9e86c3cd569f60157f8cdbc1942ffaecc0ce5da4ad498b498f60fb3,aafece2a8ae6578183f8d38c0682168c8454bbcc9636030b3b871229931df1cc,11,source_env1_color,0.3090319335460663,True,,False
5,1,0.4265182912349701,35f875abc254e3a85da7545b716027b44eb593d4293c7115b40dc9e3d4baba24,6d81b4f015f724c07763d392af4a2731f04aca6f4c449e0f4f5b36cf626df2c0,977491e4729035ddbb81b6d25b3103dff016e0ebb841f670a56ba0044e5a4de1,4.022625923156738,True,FISHR,35f875abc254e3a85da7545b716027b44eb593d4293c7115b40dc9e3d4baba24,77dc9ae8c01398224a54076f6ee55f596b6e3745d303e4a4fa00ca99ffd33261,3debc34b7b2ec6689d1c6742589282c58b331851804eb9af8916eedc515a0155,u001,35f875abc254e3a85da7545b716027b44eb593d4293c7115b40dc9e3d4baba24,d1d845d383fe0f6936c708d2cd35fb279e72135fb50dd7f9ddb1d88bc54e61ad,d063ec89a3ba03b5deb6a1bb5d395f9e00568a2a7005fdfe663f8c78b17115e6,35f875abc254e3a85da7545b716027b44eb593d4293c7115b40dc9e3d4baba24,True,d1d845d383fe0f6936c708d2cd35fb279e72135fb50dd7f9ddb1d88bc54e61ad,d063ec89a3ba03b5deb6a1bb5d395f9e00568a2a7005fdfe663f8c78b17115e6,11,source_env1_color,3.0549278259277344,True,,False
20,1,1.9187514781951904,35f875abc254e3a85da7545b716027b44eb593d4293c7115b40dc9e3d4baba24,a3616ed49cda3f366e830df01937a3844095ab221c823379b2ff20465a85976d,682917b2cb2b60cb34caa9701d1d9429cb4508a24db4e6d53b48e96ac94604b8,18.017507553100582,True,FISHR,35f875abc254e3a85da7545b716027b44eb593d4293c7115b40dc9e3d4baba24,6a25b4f284fb5524ded7726ce1a116f29e0d28baa7b2e0eeae61392d02ee5396,9db6516fa63f561add644a70ee9b1446b4fc1ebf8e8458910d79d90b72bdac4e,u001,35f875abc254e3a85da7545b716027b44eb593d4293c7115b40dc9e3d4baba24,6d416a58636a65c6e3a5e4865626151cda8b6700b72a802eddc0ba471c21282d,e6c769aea4d64226b19763431b9569f9723845fb9018d9c9e5051b20fbd122ef,35f875abc254e3a85da7545b716027b44eb593d4293c7115b40dc9e3d4baba24,True,6d416a58636a65c6e3a5e4865626151cda8b6700b72a802eddc0ba471c21282d,e6c769aea4d64226b19763431b9569f9723845fb9018d9c9e5051b20fbd122ef,11,source_env1_color,13.83443546295166,True,,False
1,2,0.0,35f875abc254e3a85da7545b716027b44eb593d4293c7115b40dc9e3d4baba24,784d96a8db78d61480723ccff48fefff135a811cc5b07cf3ec47f8586fba3c63,f3765bc695351a88aa08229d031d0f2c92190cdd4c681263c0e483e1fe7d5e29,0.0,True,FISHR,LINEAR_COMBINATION,LINEAR_COMBINATION,LINEAR_COMBINATION,u002,LINEAR_COMBINATION,LINEAR_COMBINATION,LINEAR_COMBINATION,LINEAR_COMBINATION,True,LINEAR_COMBINATION,LINEAR_COMBINATION,11,evaluation_color,0.0,False,,False
5,2,0.0,35f875abc254e3a85da7545b716027b44eb593d4293c7115b40dc9e3d4baba24,6d81b4f015f724c07763d392af4a2731f04aca6f4c449e0f4f5b36cf626df2c0,977491e4729035ddbb81b6d25b3103dff016e0ebb841f670a56ba0044e5a4de1,0.0,True,FISHR,LINEAR_COMBINATION,LINEAR_COMBINATION,LINEAR_COMBINATION,u002,LINEAR_COMBINATION,LINEAR_COMBINATION,LINEAR_COMBINATION,LINEAR_COMBINATION,True,LINEAR_COMBINATION,LINEAR_COMBINATION,11,evaluation_color,0.0,False,,False
20,2,0.0,35f875abc254e3a85da7545b716027b44eb593d4293c7115b40dc9e3d4baba24,a3616ed49cda3f366e830df01937a3844095ab221c823379b2ff20465a85976d,682917b2cb2b60cb34caa9701d1d9429cb4508a24db4e6d53b48e96ac94604b8,0.0,True,FISHR,LINEAR_COMBINATION,LINEAR_COMBINATION,LINEAR_COMBINATION,u002,LINEAR_COMBINATION,LINEAR_COMBINATION,LINEAR_COMBINATION,LINEAR_COMBINATION,True,LINEAR_COMBINATION,LINEAR_COMBINATION,11,evaluation_color,0.0,False,,False
1,3,0.0080485800281167,35f875abc254e3a85da7545b716027b44eb593d4293c7115b40dc9e3d4baba24,784d96a8db78d61480723ccff48fefff135a811cc5b07cf3ec47f8586fba3c63,f3765bc695351a88aa08229d031d0f2c92190cdd4c681263c0e483e1fe7d5e29,0.0205699671059846,True,FISHR,35f875abc254e3a85da7545b716027b44eb593d4293c7115b40dc9e3d4baba24,57ded010b5494815a897002a77b29ad0f9719b65690e5fcbbcd94484655ed5b4,9cba3c1b7af728440d44b26b64cf477d668f802972918839215c20f2c101e59d,u003,35f875abc254e3a85da7545b716027b44eb593d4293c7115b40dc9e3d4baba24,4e27639a081930a57649ea7888a73e082fb9ac0fa33fa1933c5c7ce19c3052b0,5b8b71b5544a10a363f0ecc8e65535508a00cd4f8086a4de7eaf30888a5925c1,35f875abc254e3a85da7545b716027b44eb593d4293c7115b40dc9e3d4baba24,True,4e27639a081930a57649ea7888a73e082fb9ac0fa33fa1933c5c7ce19c3052b0,5b8b71b5544a10a363f0ecc8e65535508a00cd4f8086a4de7eaf30888a5925c1,11,source_label_noise,0.0135042360052466,True,,False
5,3,0.0395765788853168,35f875abc254e3a85da7545b716027b44eb593d4293c7115b40dc9e3d4baba24,6d81b4f015f724c07763d392af4a2731f04aca6f4c449e0f4f5b36cf626df2c0,977491e4729035ddbb81b6d25b3103dff016e0ebb841f670a56ba0044e5a4de1,0.1671794205904007,True,FISHR,35f875abc254e3a85da7545b716027b44eb593d4293c7115b40dc9e3d4baba24,5295897e8316a3d59bde758c2289c183a5e6b6d70197a4fc1ec9fd988350c80a,f4149d7e5bdd1a643073b6b77b17b5d332e391d3f78d0eb49a30ad18ee9e4495,u003,35f875abc254e3a85da7545b716027b44eb593d4293c7115b40dc9e3d4baba24,d4417e08a08cafc946a6e8453dd969cab693494309afe943226500be96bda439,ec72997395bbad3dd0ab035fe7f9041aeb31bb51971cb0f64a4637dfca65667e,35f875abc254e3a85da7545b716027b44eb593d4293c7115b40dc9e3d4baba24,True,d4417e08a08cafc946a6e8453dd969cab693494309afe943226500be96bda439,ec72997395bbad3dd0ab035fe7f9041aeb31bb51971cb0f64a4637dfca65667e,11,source_label_noise,0.1417070180177688,True,,False
20,3,0.2921890318393707,35f875abc254e3a85da7545b716027b44eb593d4293c7115b40dc9e3d4baba24,a3616ed49cda3f366e830df01937a3844095ab221c823379b2ff20465a85976d,682917b2cb2b60cb34caa9701d1d9429cb4508a24db4e6d53b48e96ac94604b8,0.7373559474945068,True,FISHR,35f875abc254e3a85da7545b716027b44eb593d4293c7115b40dc9e3d4baba24,11581ce50827fd598b0de36c73d5f7826f2c7e7eb97c16ad6923163fbaf40e6a,41e9f0656d207b56efac60e2c90d84662c1b799a02ba508013666d6aded8423e,u003,35f875abc254e3a85da7545b716027b44eb593d4293c7115b40dc9e3d4baba24,69efec2460e664086761f836091b2479a1ec705a223e614c187826f51d8b472f,5fb6045a87c35b69f7771796f9479091c7a5faa3ac308c42fb4984cb9ae973e1,35f875abc254e3a85da7545b716027b44eb593d4293c7115b40dc9e3d4baba24,True,69efec2460e664086761f836091b2479a1ec705a223e614c187826f51d8b472f,5fb6045a87c35b69f7771796f9479091c7a5faa3ac308c42fb4984cb9ae973e1,11,source_label_noise,0.6215028762817383,True,,False
1,4,0.0,35f875abc254e3a85da7545b716027b44eb593d4293c7115b40dc9e3d4baba24,784d96a8db78d61480723ccff48fefff135a811cc5b07cf3ec47f8586fba3c63,f3765bc695351a88aa08229d031d0f2c92190cdd4c681263c0e483e1fe7d5e29,0.0,True,FISHR,LINEAR_COMBINATION,LINEAR_COMBINATION,LINEAR_COMBINATION,u004,LINEAR_COMBINATION,LINEAR_COMBINATION,LINEAR_COMBINATION,LINEAR_COMBINATION,True,LINEAR_COMBINATION,LINEAR_COMBINATION,11,evaluation_label_noise,0.0,False,,False
5,4,0.0,35f875abc254e3a85da7545b716027b44eb593d4293c7115b40dc9e3d4baba24,6d81b4f015f724c07763d392af4a2731f04aca6f4c449e0f4f5b36cf626df2c0,977491e4729035ddbb81b6d25b3103dff016e0ebb841f670a56ba0044e5a4de1,0.0,True,FISHR,LINEAR_COMBINATION,LINEAR_COMBINATION,LINEAR_COMBINATION,u004,LINEAR_COMBINATION,LINEAR_COMBINATION,LINEAR_COMBINATION,LINEAR_COMBINATION,True,LINEAR_COMBINATION,LINEAR_COMBINATION,11,evaluation_label_noise,0.0,False,,False
20,4,0.0,35f875abc254e3a85da7545b716027b44eb593d4293c7115b40dc9e3d4baba24,a3616ed49cda3f366e830df01937a3844095ab221c823379b2ff20465a85976d,682917b2cb2b60cb34caa9701d1d9429cb4508a24db4e6d53b48e96ac94604b8,0.0,True,FISHR,LINEAR_COMBINATION,LINEAR_COMBINATION,LINEAR_COMBINATION,u004,LINEAR_COMBINATION,LINEAR_COMBINATION,LINEAR_COMBINATION,LINEAR_COMBINATION,True,LINEAR_COMBINATION,LINEAR_COMBINATION,11,evaluation_label_noise,0.0,False,,False
1,-1,0.0038611125200986,35f875abc254e3a85da7545b716027b44eb593d4293c7115b40dc9e3d4baba24,784d96a8db78d61480723ccff48fefff135a811cc5b07cf3ec47f8586fba3c63,f3765bc695351a88aa08229d031d0f2c92190cdd4c681263c0e483e1fe7d5e29,0.0162148475646972,True,FISHR,LINEAR_COMBINATION,LINEAR_COMBINATION,LINEAR_COMBINATION,u005,LINEAR_COMBINATION,LINEAR_COMBINATION,LINEAR_COMBINATION,LINEAR_COMBINATION,True,LINEAR_COMBINATION,LINEAR_COMBINATION,11,source_color_common,0.0102677224203944,True,,False
5,-1,0.040102832019329,35f875abc254e3a85da7545b716027b44eb593d4293c7115b40dc9e3d4baba24,6d81b4f015f724c07763d392af4a2731f04aca6f4c449e0f4f5b36cf626df2c0,977491e4729035ddbb81b6d25b3103dff016e0ebb841f670a56ba0044e5a4de1,0.2678410112857818,True,FISHR,LINEAR_COMBINATION,LINEAR_COMBINATION,LINEAR_COMBINATION,u005,LINEAR_COMBINATION,LINEAR_COMBINATION,LINEAR_COMBINATION,LINEAR_COMBINATION,True,LINEAR_COMBINATION,LINEAR_COMBINATION,11,source_color_common,0.1739932000637054,True,,False
20,-1,0.2698538303375244,35f875abc254e3a85da7545b716027b44eb593d4293c7115b40dc9e3d4baba24,a3616ed49cda3f366e830df01937a3844095ab221c823379b2ff20465a85976d,682917b2cb2b60cb34caa9701d1d9429cb4508a24db4e6d53b48e96ac94604b8,1.4694515466690063,True,FISHR,LINEAR_COMBINATION,LINEAR_COMBINATION,LINEAR_COMBINATION,u005,LINEAR_COMBINATION,LINEAR_COMBINATION,LINEAR_COMBINATION,LINEAR_COMBINATION,True,LINEAR_COMBINATION,LINEAR_COMBINATION,11,source_color_common,0.926929533481598,True,,False
1,-1,0.0654201433062553,35f875abc254e3a85da7545b716027b44eb593d4293c7115b40dc9e3d4baba24,784d96a8db78d61480723ccff48fefff135a811cc5b07cf3ec47f8586fba3c63,f3765bc695351a88aa08229d031d0f2c92190cdd4c681263c0e483e1fe7d5e29,0.5764914751052856,True,FISHR,LINEAR_COMBINATION,LINEAR_COMBINATION,LINEAR_COMBINATION,u006,LINEAR_COMBINATION,LINEAR_COMBINATION,LINEAR_COMBINATION,LINEAR_COMBINATION,True,LINEAR_COMBINATION,LINEAR_COMBINATION,11,source_color_contrast,0.4422291815280914,True,,False
5,-1,0.6353194713592529,35f875abc254e3a85da7545b716027b44eb593d4293c7115b40dc9e3d4baba24,6d81b4f015f724c07763d392af4a2731f04aca6f4c449e0f4f5b36cf626df2c0,977491e4729035ddbb81b6d25b3103dff016e0ebb841f670a56ba0044e5a4de1,5.946335792541504,True,FISHR,LINEAR_COMBINATION,LINEAR_COMBINATION,LINEAR_COMBINATION,u006,LINEAR_COMBINATION,LINEAR_COMBINATION,LINEAR_COMBINATION,LINEAR_COMBINATION,True,LINEAR_COMBINATION,LINEAR_COMBINATION,11,source_color_contrast,4.483189582824707,True,,False
20,-1,2.865387201309204,35f875abc254e3a85da7545b716027b44eb593d4293c7115b40dc9e3d4baba24,a3616ed49cda3f366e830df01937a3844095ab221c823379b2ff20465a85976d,682917b2cb2b60cb34caa9701d1d9429cb4508a24db4e6d53b48e96ac94604b8,26.8721866607666,True,FISHR,LINEAR_COMBINATION,LINEAR_COMBINATION,LINEAR_COMBINATION,u006,LINEAR_COMBINATION,LINEAR_COMBINATION,LINEAR_COMBINATION,LINEAR_COMBINATION,True,LINEAR_COMBINATION,LINEAR_COMBINATION,11,source_color_contrast,20.413827896118164,True,,False
1,-1,0.0027302189264446,35f875abc254e3a85da7545b716027b44eb593d4293c7115b40dc9e3d4baba24,784d96a8db78d61480723ccff48fefff135a811cc5b07cf3ec47f8586fba3c63,f3765bc695351a88aa08229d031d0f2c92190cdd4c681263c0e483e1fe7d5e29,0.0114656286314129,True,FISHR,LINEAR_COMBINATION,LINEAR_COMBINATION,LINEAR_COMBINATION,u007,LINEAR_COMBINATION,LINEAR_COMBINATION,LINEAR_COMBINATION,LINEAR_COMBINATION,True,LINEAR_COMBINATION,LINEAR_COMBINATION,11,color_global,0.0072603765875101,False,,False
5,-1,0.028356984257698,35f875abc254e3a85da7545b716027b44eb593d4293c7115b40dc9e3d4baba24,6d81b4f015f724c07763d392af4a2731f04aca6f4c449e0f4f5b36cf626df2c0,977491e4729035ddbb81b6d25b3103dff016e0ebb841f670a56ba0044e5a4de1,0.1893921941518783,True,FISHR,LINEAR_COMBINATION,LINEAR_COMBINATION,LINEAR_COMBINATION,u007,LINEAR_COMBINATION,LINEAR_COMBINATION,LINEAR_COMBINATION,LINEAR_COMBINATION,True,LINEAR_COMBINATION,LINEAR_COMBINATION,11,color_global,0.1230317652225494,False,,False
20,-1,0.1908154785633087,35f875abc254e3a85da7545b716027b44eb593d4293c7115b40dc9e3d4baba24,a3616ed49cda3f366e830df01937a3844095ab221c823379b2ff20465a85976d,682917b2cb2b60cb34caa9701d1d9429cb4508a24db4e6d53b48e96ac94604b8,1.0390591621398926,True,FISHR,LINEAR_COMBINATION,LINEAR_COMBINATION,LINEAR_COMBINATION,u007,LINEAR_COMBINATION,LINEAR_COMBINATION,LINEAR_COMBINATION,LINEAR_COMBINATION,True,LINEAR_COMBINATION,LINEAR_COMBINATION,11,color_global,0.6554381251335144,False,,False
1,-1,0.0027302189264446,35f875abc254e3a85da7545b716027b44eb593d4293c7115b40dc9e3d4baba24,784d96a8db78d61480723ccff48fefff135a811cc5b07cf3ec47f8586fba3c63,f3765bc695351a88aa08229d031d0f2c92190cdd4c681263c0e483e1fe7d5e29,0.0114656286314129,True,FISHR,LINEAR_COMBINATION,LINEAR_COMBINATION,LINEAR_COMBINATION,u008,LINEAR_COMBINATION,LINEAR_COMBINATION,LINEAR_COMBINATION,LINEAR_COMBINATION,True,LINEAR_COMBINATION,LINEAR_COMBINATION,11,color_shift,0.0072603765875101,False,,False
5,-1,0.028356984257698,35f875abc254e3a85da7545b716027b44eb593d4293c7115b40dc9e3d4baba24,6d81b4f015f724c07763d392af4a2731f04aca6f4c449e0f4f5b36cf626df2c0,977491e4729035ddbb81b6d25b3103dff016e0ebb841f670a56ba0044e5a4de1,0.1893921941518783,True,FISHR,LINEAR_COMBINATION,LINEAR_COMBINATION,LINEAR_COMBINATION,u008,LINEAR_COMBINATION,LINEAR_COMBINATION,LINEAR_COMBINATION,LINEAR_COMBINATION,True,LINEAR_COMBINATION,LINEAR_COMBINATION,11,color_shift,0.1230317652225494,False,,False
20,-1,0.1908154785633087,35f875abc254e3a85da7545b716027b44eb593d4293c7115b40dc9e3d4baba24,a3616ed49cda3f366e830df01937a3844095ab221c823379b2ff20465a85976d,682917b2cb2b60cb34caa9701d1d9429cb4508a24db4e6d53b48e96ac94604b8,1.0390591621398926,True,FISHR,LINEAR_COMBINATION,LINEAR_COMBINATION,LINEAR_COMBINATION,u008,LINEAR_COMBINATION,LINEAR_COMBINATION,LINEAR_COMBINATION,LINEAR_COMBINATION,True,LINEAR_COMBINATION,LINEAR_COMBINATION,11,color_shift,0.6554381251335144,False,,False
1,-1,0.0056912056170403,35f875abc254e3a85da7545b716027b44eb593d4293c7115b40dc9e3d4baba24,784d96a8db78d61480723ccff48fefff135a811cc5b07cf3ec47f8586fba3c63,f3765bc695351a88aa08229d031d0f2c92190cdd4c681263c0e483e1fe7d5e29,0.0145451631397008,True,FISHR,LINEAR_COMBINATION,LINEAR_COMBINATION,LINEAR_COMBINATION,u009,LINEAR_COMBINATION,LINEAR_COMBINATION,LINEAR_COMBINATION,LINEAR_COMBINATION,True,LINEAR_COMBINATION,LINEAR_COMBINATION,11,noise_global,0.0095489369705319,False,,False
5,-1,0.0279848668724298,35f875abc254e3a85da7545b716027b44eb593d4293c7115b40dc9e3d4baba24,6d81b4f015f724c07763d392af4a2731f04aca6f4c449e0f4f5b36cf626df2c0,977491e4729035ddbb81b6d25b3103dff016e0ebb841f670a56ba0044e5a4de1,0.1182137057185173,True,FISHR,LINEAR_COMBINATION,LINEAR_COMBINATION,LINEAR_COMBINATION,u009,LINEAR_COMBINATION,LINEAR_COMBINATION,LINEAR_COMBINATION,LINEAR_COMBINATION,True,LINEAR_COMBINATION,LINEAR_COMBINATION,11,noise_global,0.1002019867300987,False,,False
20,-1,0.206608846783638,35f875abc254e3a85da7545b716027b44eb593d4293c7115b40dc9e3d4baba24,a3616ed49cda3f366e830df01937a3844095ab221c823379b2ff20465a85976d,682917b2cb2b60cb34caa9701d1d9429cb4508a24db4e6d53b48e96ac94604b8,0.521389365196228,True,FISHR,LINEAR_COMBINATION,LINEAR_COMBINATION,LINEAR_COMBINATION,u009,LINEAR_COMBINATION,LINEAR_COMBINATION,LINEAR_COMBINATION,LINEAR_COMBINATION,True,LINEAR_COMBINATION,LINEAR_COMBINATION,11,noise_global,0.4394688904285431,False,,False
1,-1,0.0056912056170403,35f875abc254e3a85da7545b716027b44eb593d4293c7115b40dc9e3d4baba24,784d96a8db78d61480723ccff48fefff135a811cc5b07cf3ec47f8586fba3c63,f3765bc695351a88aa08229d031d0f2c92190cdd4c681263c0e483e1fe7d5e29,0.0145451631397008,True,FISHR,LINEAR_COMBINATION,LINEAR_COMBINATION,LINEAR_COMBINATION,u010,LINEAR_COMBINATION,LINEAR_COMBINATION,LINEAR_COMBINATION,LINEAR_COMBINATION,True,LINEAR_COMBINATION,LINEAR_COMBINATION,11,noise_shift,0.0095489369705319,False,,False
5,-1,0.0279848668724298,35f875abc254e3a85da7545b716027b44eb593d4293c7115b40dc9e3d4baba24,6d81b4f015f724c07763d392af4a2731f04aca6f4c449e0f4f5b36cf626df2c0,977491e4729035ddbb81b6d25b3103dff016e0ebb841f670a56ba0044e5a4de1,0.1182137057185173,True,FISHR,LINEAR_COMBINATION,LINEAR_COMBINATION,LINEAR_COMBINATION,u010,LINEAR_COMBINATION,LINEAR_COMBINATION,LINEAR_COMBINATION,LINEAR_COMBINATION,True,LINEAR_COMBINATION,LINEAR_COMBINATION,11,noise_shift,0.1002019867300987,False,,False
20,-1,0.206608846783638,35f875abc254e3a85da7545b716027b44eb593d4293c7115b40dc9e3d4baba24,a3616ed49cda3f366e830df01937a3844095ab221c823379b2ff20465a85976d,682917b2cb2b60cb34caa9701d1d9429cb4508a24db4e6d53b48e96ac94604b8,0.521389365196228,True,FISHR,LINEAR_COMBINATION,LINEAR_COMBINATION,LINEAR_COMBINATION,u010,LINEAR_COMBINATION,LINEAR_COMBINATION,LINEAR_COMBINATION,LINEAR_COMBINATION,True,LINEAR_COMBINATION,LINEAR_COMBINATION,11,noise_shift,0.4394688904285431,False,,False
1,0,0.8305765986442566,cf84a347dbf54f3e9b1fbdae567f661befa0148df962d84e2338f73b45997d6c,c487fe80db2080348695f0fefc8f32503ed7814997b06f93025cbe50b84b3df1,63bc8d41673411b7a71672279afe3a6cb194e855b890e171ff14bca502b21bf5,17.628360748291016,True,CORAL,cf84a347dbf54f3e9b1fbdae567f661befa0148df962d84e2338f73b45997d6c,50b1cd46b1cea2c4f62d3158c573dae9af04d69aea8f4ad9f6adae785bff5959,be7d128b180fb1d3b2ffbaa3007ac830c466a5bd1fa4f4e978c80eb52bde3564,u000,cf84a347dbf54f3e9b1fbdae567f661befa0148df962d84e2338f73b45997d6c,78f84c687fe7db630770855a5c4ebfd4f82146b917be07182ec7f7c0bddc00b8,75bb765d47cb8bb9dbc6c74568a3623c849c4b17ace75952ca0444079c5547a1,cf84a347dbf54f3e9b1fbdae567f661befa0148df962d84e2338f73b45997d6c,True,78f84c687fe7db630770855a5c4ebfd4f82146b917be07182ec7f7c0bddc00b8,75bb765d47cb8bb9dbc6c74568a3623c849c4b17ace75952ca0444079c5547a1,11,source_env0_color,12.269916534423828,True,,False
5,0,8.35427474975586,cf84a347dbf54f3e9b1fbdae567f661befa0148df962d84e2338f73b45997d6c,47424b027fd28fa51dce7f5d8131b9f25dce55addea42d3bfa5afa78f825c31d,3e96c772cff4e27e87a8cbd71890082b286e2d25d801ca25f5f8f85531acba00,155.82521057128906,True,CORAL,cf84a347dbf54f3e9b1fbdae567f661befa0148df962d84e2338f73b45997d6c,133eacc20e9bb6e6d6a22ed8b90fd59aef258f8ab56771f1895f4b438546152d,f787f2d292ea7fb4d28dac6115178b8eeb389a675cda3ed006315cce9e1a6905,u000,cf84a347dbf54f3e9b1fbdae567f661befa0148df962d84e2338f73b45997d6c,48b26498d0b91b75201b960d4a990ff26bf1c1307979ab8110142af41bf5a923,5d0bb429cfc1fd3238b22a6ab47379eb1603ebe80e748a4819a1e63e24b41fb3,cf84a347dbf54f3e9b1fbdae567f661befa0148df962d84e2338f73b45997d6c,True,48b26498d0b91b75201b960d4a990ff26bf1c1307979ab8110142af41bf5a923,5d0bb429cfc1fd3238b22a6ab47379eb1603ebe80e748a4819a1e63e24b41fb3,11,source_env0_color,109.46016693115234,True,,False
20,0,10.404264450073242,cf84a347dbf54f3e9b1fbdae567f661befa0148df962d84e2338f73b45997d6c,08b6135281e6d196f7f3cfc235c666fe13320ba90ffccd66b97283ef9ac42b06,dd4b9b45daedfb54c63de41bb40e7c0c3a76fc517168eb96524c5add43f6eaa8,126.83175659179688,True,CORAL,cf84a347dbf54f3e9b1fbdae567f661befa0148df962d84e2338f73b45997d6c,0b1686a320d52b4ddaec1d8afae95d9a501060bfb625ded93537a969c00ba9f0,721a249138551db3743d4625032017e00b6e6ee3e8edbfae2a40ae6773025429,u000,cf84a347dbf54f3e9b1fbdae567f661befa0148df962d84e2338f73b45997d6c,277982bad08965a18e6223e6001b32265aa6c8ea53e6a8f3286f277e9cdffa11,c8b76e005a6091bde75a171ba8a0c56e3e585ea08d61dac34b05db1f09057863,cf84a347dbf54f3e9b1fbdae567f661befa0148df962d84e2338f73b45997d6c,True,277982bad08965a18e6223e6001b32265aa6c8ea53e6a8f3286f277e9cdffa11,c8b76e005a6091bde75a171ba8a0c56e3e585ea08d61dac34b05db1f09057863,11,source_env0_color,91.95195770263672,True,,False
1,1,0.8164926767349243,cf84a347dbf54f3e9b1fbdae567f661befa0148df962d84e2338f73b45997d6c,c487fe80db2080348695f0fefc8f32503ed7814997b06f93025cbe50b84b3df1,63bc8d41673411b7a71672279afe3a6cb194e855b890e171ff14bca502b21bf5,17.160730361938477,True,CORAL,cf84a347dbf54f3e9b1fbdae567f661befa0148df962d84e2338f73b45997d6c,eb4fbd6f3bef2bdd1d01784d4d67e950a4302df6c3e1b929dd43e432be4a0095,427e6326c941c6a4f9c9dd49b22ec82305de70ed6a6f62cf9bc1e6f43c528efb,u001,cf84a347dbf54f3e9b1fbdae567f661befa0148df962d84e2338f73b45997d6c,abfff413e4d6c494135e5e10d5fd1273bd8a44a585b5081966bbfa3209c3433b,6d3e17767e562e9905a16408ce986b7a4da4fbd2b35bfbed708509a9f3e0bdd3,cf84a347dbf54f3e9b1fbdae567f661befa0148df962d84e2338f73b45997d6c,True,abfff413e4d6c494135e5e10d5fd1273bd8a44a585b5081966bbfa3209c3433b,6d3e17767e562e9905a16408ce986b7a4da4fbd2b35bfbed708509a9f3e0bdd3,11,source_env1_color,12.089544296264648,True,,False
5,1,7.571282863616943,cf84a347dbf54f3e9b1fbdae567f661befa0148df962d84e2338f73b45997d6c,47424b027fd28fa51dce7f5d8131b9f25dce55addea42d3bfa5afa78f825c31d,3e96c772cff4e27e87a8cbd71890082b286e2d25d801ca25f5f8f85531acba00,154.27464294433594,True,CORAL,cf84a347dbf54f3e9b1fbdae567f661befa0148df962d84e2338f73b45997d6c,9cd1c2304ad229d8ce8d52e157ec460044754f88d278cdbb18786f674a9e5de0,a4b2458fa4a3f88a5cab01d4568a41e326995d6c88d932aa7502e3582f4fcf5d,u001,cf84a347dbf54f3e9b1fbdae567f661befa0148df962d84e2338f73b45997d6c,f62e0f6afb955447df5c784645bfa51dcb8f684b364235aeacdd5ce863a43504,f38e30bd86cf7d3d3221f80dea1e1c32e8065f3f948b161e3754c7a30cecb470,cf84a347dbf54f3e9b1fbdae567f661befa0148df962d84e2338f73b45997d6c,True,f62e0f6afb955447df5c784645bfa51dcb8f684b364235aeacdd5ce863a43504,f38e30bd86cf7d3d3221f80dea1e1c32e8065f3f948b161e3754c7a30cecb470,11,source_env1_color,109.26702880859376,True,,False
20,1,15.10230541229248,cf84a347dbf54f3e9b1fbdae567f661befa0148df962d84e2338f73b45997d6c,08b6135281e6d196f7f3cfc235c666fe13320ba90ffccd66b97283ef9ac42b06,dd4b9b45daedfb54c63de41bb40e7c0c3a76fc517168eb96524c5add43f6eaa8,124.6310577392578,True,CORAL,cf84a347dbf54f3e9b1fbdae567f661befa0148df962d84e2338f73b45997d6c,1028eda7ff5e0c38d063b8870640362b6f4eb9576734f3e06e63be441b69eb59,4aa1dbb9144c2c9c033d1c9fb44423771f57142298811fb50892aabd1ff28448,u001,cf84a347dbf54f3e9b1fbdae567f661befa0148df962d84e2338f73b45997d6c,ecfaf19479b425910e8bec8f682715aef7a2b52f39b535e2d1fd0a06eb9a483c,51253bbe26a13c626ea554c81859830fb41512841dc7a02719c9337a291058ad,cf84a347dbf54f3e9b1fbdae567f661befa0148df962d84e2338f73b45997d6c,True,ecfaf19479b425910e8bec8f682715aef7a2b52f39b535e2d1fd0a06eb9a483c,51253bbe26a13c626ea554c81859830fb41512841dc7a02719c9337a291058ad,11,source_env1_color,92.58796691894533,True,,False
1,2,0.0,cf84a347dbf54f3e9b1fbdae567f661befa0148df962d84e2338f73b45997d6c,c487fe80db2080348695f0fefc8f32503ed7814997b06f93025cbe50b84b3df1,63bc8d41673411b7a71672279afe3a6cb194e855b890e171ff14bca502b21bf5,0.0,True,CORAL,LINEAR_COMBINATION,LINEAR_COMBINATION,LINEAR_COMBINATION,u002,LINEAR_COMBINATION,LINEAR_COMBINATION,LINEAR_COMBINATION,LINEAR_COMBINATION,True,LINEAR_COMBINATION,LINEAR_COMBINATION,11,evaluation_color,0.0,False,,False
5,2,0.0,cf84a347dbf54f3e9b1fbdae567f661befa0148df962d84e2338f73b45997d6c,47424b027fd28fa51dce7f5d8131b9f25dce55addea42d3bfa5afa78f825c31d,3e96c772cff4e27e87a8cbd71890082b286e2d25d801ca25f5f8f85531acba00,0.0,True,CORAL,LINEAR_COMBINATION,LINEAR_COMBINATION,LINEAR_COMBINATION,u002,LINEAR_COMBINATION,LINEAR_COMBINATION,LINEAR_COMBINATION,LINEAR_COMBINATION,True,LINEAR_COMBINATION,LINEAR_COMBINATION,11,evaluation_color,0.0,False,,False
20,2,0.0,cf84a347dbf54f3e9b1fbdae567f661befa0148df962d84e2338f73b45997d6c,08b6135281e6d196f7f3cfc235c666fe13320ba90ffccd66b97283ef9ac42b06,dd4b9b45daedfb54c63de41bb40e7c0c3a76fc517168eb96524c5add43f6eaa8,0.0,True,CORAL,LINEAR_COMBINATION,LINEAR_COMBINATION,LINEAR_COMBINATION,u002,LINEAR_COMBINATION,LINEAR_COMBINATION,LINEAR_COMBINATION,LINEAR_COMBINATION,True,LINEAR_COMBINATION,LINEAR_COMBINATION,11,evaluation_color,0.0,False,,False
1,3,1.3424201011657717,cf84a347dbf54f3e9b1fbdae567f661befa0148df962d84e2338f73b45997d6c,c487fe80db2080348695f0fefc8f32503ed7814997b06f93025cbe50b84b3df1,63bc8d41673411b7a71672279afe3a6cb194e855b890e171ff14bca502b21bf5,5.612217426300049,True,CORAL,cf84a347dbf54f3e9b1fbdae567f661befa0148df962d84e2338f73b45997d6c,9797d04953813059f3bb617b9b60b6bbbd683eb6226c8ddaf477893a14b0260a,187eac7952f9fa3d36da238b4db5e25c3400456117901584d13c40677f261481,u003,cf84a347dbf54f3e9b1fbdae567f661befa0148df962d84e2338f73b45997d6c,4ab19a967511818c0e1415d713e5fa7151aea7d0f81d3c5873404cb7d9fd2486,6cf0a1a55851320b33cb3869347cd591fad8cc3de5ae9f76ea7549d85f277037,cf84a347dbf54f3e9b1fbdae567f661befa0148df962d84e2338f73b45997d6c,True,4ab19a967511818c0e1415d713e5fa7151aea7d0f81d3c5873404cb7d9fd2486,6cf0a1a55851320b33cb3869347cd591fad8cc3de5ae9f76ea7549d85f277037,11,source_label_noise,2.835827112197876,True,,False
5,3,15.952160835266112,cf84a347dbf54f3e9b1fbdae567f661befa0148df962d84e2338f73b45997d6c,47424b027fd28fa51dce7f5d8131b9f25dce55addea42d3bfa5afa78f825c31d,3e96c772cff4e27e87a8cbd71890082b286e2d25d801ca25f5f8f85531acba00,51.77397918701172,True,CORAL,cf84a347dbf54f3e9b1fbdae567f661befa0148df962d84e2338f73b45997d6c,a4c6ab585a822e90de16d1c356fbacc6559d62b40276a06be4fa7661c50a05e2,25d8bbc5dfdcb0daa2d41ff766446c618cb437ba0fa2114d9a47368069eddb05,u003,cf84a347dbf54f3e9b1fbdae567f661befa0148df962d84e2338f73b45997d6c,fc10793c23b36b57a0f3aed4c26b27a5bd0517e149f26fdc8dcbd7f17cc93709,81bdc4cf37665b45d7a68f1770728c4ea0d64becf7577aab3e7ef53e95be39c7,cf84a347dbf54f3e9b1fbdae567f661befa0148df962d84e2338f73b45997d6c,True,fc10793c23b36b57a0f3aed4c26b27a5bd0517e149f26fdc8dcbd7f17cc93709,81bdc4cf37665b45d7a68f1770728c4ea0d64becf7577aab3e7ef53e95be39c7,11,source_label_noise,24.386003494262695,True,,False
20,3,79.48987579345703,cf84a347dbf54f3e9b1fbdae567f661befa0148df962d84e2338f73b45997d6c,08b6135281e6d196f7f3cfc235c666fe13320ba90ffccd66b97283ef9ac42b06,dd4b9b45daedfb54c63de41bb40e7c0c3a76fc517168eb96524c5add43f6eaa8,128.25387573242188,True,CORAL,cf84a347dbf54f3e9b1fbdae567f661befa0148df962d84e2338f73b45997d6c,aa0b3b1d1a4009c65033c0e512c14425a300924495cc515e1e8287b522d9a990,64d0945ccb0e382127e8a6ca9172510dc15da425a17fa9152bd2e2b4d3ccc081,u003,cf84a347dbf54f3e9b1fbdae567f661befa0148df962d84e2338f73b45997d6c,7a4e65ba8691a15e5563c60618aa6021fcf33d9bb44b41781ddfb4fedacdd06c,9e4baf63faf09bc0788782dee291afa2987b3567f5898a82f295d305503cf1e1,cf84a347dbf54f3e9b1fbdae567f661befa0148df962d84e2338f73b45997d6c,True,7a4e65ba8691a15e5563c60618aa6021fcf33d9bb44b41781ddfb4fedacdd06c,9e4baf63faf09bc0788782dee291afa2987b3567f5898a82f295d305503cf1e1,11,source_label_noise,98.89720916748048,True,,False
1,4,0.0,cf84a347dbf54f3e9b1fbdae567f661befa0148df962d84e2338f73b45997d6c,c487fe80db2080348695f0fefc8f32503ed7814997b06f93025cbe50b84b3df1,63bc8d41673411b7a71672279afe3a6cb194e855b890e171ff14bca502b21bf5,0.0,True,CORAL,LINEAR_COMBINATION,LINEAR_COMBINATION,LINEAR_COMBINATION,u004,LINEAR_COMBINATION,LINEAR_COMBINATION,LINEAR_COMBINATION,LINEAR_COMBINATION,True,LINEAR_COMBINATION,LINEAR_COMBINATION,11,evaluation_label_noise,0.0,False,,False
5,4,0.0,cf84a347dbf54f3e9b1fbdae567f661befa0148df962d84e2338f73b45997d6c,47424b027fd28fa51dce7f5d8131b9f25dce55addea42d3bfa5afa78f825c31d,3e96c772cff4e27e87a8cbd71890082b286e2d25d801ca25f5f8f85531acba00,0.0,True,CORAL,LINEAR_COMBINATION,LINEAR_COMBINATION,LINEAR_COMBINATION,u004,LINEAR_COMBINATION,LINEAR_COMBINATION,LINEAR_COMBINATION,LINEAR_COMBINATION,True,LINEAR_COMBINATION,LINEAR_COMBINATION,11,evaluation_label_noise,0.0,False,,False
20,4,0.0,cf84a347dbf54f3e9b1fbdae567f661befa0148df962d84e2338f73b45997d6c,08b6135281e6d196f7f3cfc235c666fe13320ba90ffccd66b97283ef9ac42b06,dd4b9b45daedfb54c63de41bb40e7c0c3a76fc517168eb96524c5add43f6eaa8,0.0,True,CORAL,LINEAR_COMBINATION,LINEAR_COMBINATION,LINEAR_COMBINATION,u004,LINEAR_COMBINATION,LINEAR_COMBINATION,LINEAR_COMBINATION,LINEAR_COMBINATION,True,LINEAR_COMBINATION,LINEAR_COMBINATION,11,evaluation_label_noise,0.0,False,,False
1,-1,1.1613423824310305,cf84a347dbf54f3e9b1fbdae567f661befa0148df962d84e2338f73b45997d6c,c487fe80db2080348695f0fefc8f32503ed7814997b06f93025cbe50b84b3df1,63bc8d41673411b7a71672279afe3a6cb194e855b890e171ff14bca502b21bf5,24.596885681152344,True,CORAL,LINEAR_COMBINATION,LINEAR_COMBINATION,LINEAR_COMBINATION,u005,LINEAR_COMBINATION,LINEAR_COMBINATION,LINEAR_COMBINATION,LINEAR_COMBINATION,True,LINEAR_COMBINATION,LINEAR_COMBINATION,11,source_color_common,17.22304344177246,True,,False
5,-1,11.17431640625,cf84a347dbf54f3e9b1fbdae567f661befa0148df962d84e2338f73b45997d6c,47424b027fd28fa51dce7f5d8131b9f25dce55addea42d3bfa5afa78f825c31d,3e96c772cff4e27e87a8cbd71890082b286e2d25d801ca25f5f8f85531acba00,219.25498962402344,True,CORAL,LINEAR_COMBINATION,LINEAR_COMBINATION,LINEAR_COMBINATION,u005,LINEAR_COMBINATION,LINEAR_COMBINATION,LINEAR_COMBINATION,LINEAR_COMBINATION,True,LINEAR_COMBINATION,LINEAR_COMBINATION,11,source_color_common,154.6536865234375,True,,False
20,-1,17.80770492553711,cf84a347dbf54f3e9b1fbdae567f661befa0148df962d84e2338f73b45997d6c,08b6135281e6d196f7f3cfc235c666fe13320ba90ffccd66b97283ef9ac42b06,dd4b9b45daedfb54c63de41bb40e7c0c3a76fc517168eb96524c5add43f6eaa8,177.65394592285156,True,CORAL,LINEAR_COMBINATION,LINEAR_COMBINATION,LINEAR_COMBINATION,u005,LINEAR_COMBINATION,LINEAR_COMBINATION,LINEAR_COMBINATION,LINEAR_COMBINATION,True,LINEAR_COMBINATION,LINEAR_COMBINATION,11,source_color_common,130.39871215820312,True,,False
1,-1,0.088327556848526,cf84a347dbf54f3e9b1fbdae567f661befa0148df962d84e2338f73b45997d6c,c487fe80db2080348695f0fefc8f32503ed7814997b06f93025cbe50b84b3df1,63bc8d41673411b7a71672279afe3a6cb194e855b890e171ff14bca502b21bf5,0.4929593205451965,True,CORAL,LINEAR_COMBINATION,LINEAR_COMBINATION,LINEAR_COMBINATION,u006,LINEAR_COMBINATION,LINEAR_COMBINATION,LINEAR_COMBINATION,LINEAR_COMBINATION,True,LINEAR_COMBINATION,LINEAR_COMBINATION,11,source_color_contrast,0.2733816802501678,True,,False
5,-1,1.5009609460830688,cf84a347dbf54f3e9b1fbdae567f661befa0148df962d84e2338f73b45997d6c,47424b027fd28fa51dce7f5d8131b9f25dce55addea42d3bfa5afa78f825c31d,3e96c772cff4e27e87a8cbd71890082b286e2d25d801ca25f5f8f85531acba00,3.0693650245666504,True,CORAL,LINEAR_COMBINATION,LINEAR_COMBINATION,LINEAR_COMBINATION,u006,LINEAR_COMBINATION,LINEAR_COMBINATION,LINEAR_COMBINATION,LINEAR_COMBINATION,True,LINEAR_COMBINATION,LINEAR_COMBINATION,11,source_color_contrast,1.74577534198761,True,,False
20,-1,4.383369445800781,cf84a347dbf54f3e9b1fbdae567f661befa0148df962d84e2338f73b45997d6c,08b6135281e6d196f7f3cfc235c666fe13320ba90ffccd66b97283ef9ac42b06,dd4b9b45daedfb54c63de41bb40e7c0c3a76fc517168eb96524c5add43f6eaa8,7.63379955291748,True,CORAL,LINEAR_COMBINATION,LINEAR_COMBINATION,LINEAR_COMBINATION,u006,LINEAR_COMBINATION,LINEAR_COMBINATION,LINEAR_COMBINATION,LINEAR_COMBINATION,True,LINEAR_COMBINATION,LINEAR_COMBINATION,11,source_color_contrast,4.885375022888184,True,,False
1,-1,0.8211930394172668,cf84a347dbf54f3e9b1fbdae567f661befa0148df962d84e2338f73b45997d6c,c487fe80db2080348695f0fefc8f32503ed7814997b06f93025cbe50b84b3df1,63bc8d41673411b7a71672279afe3a6cb194e855b890e171ff14bca502b21bf5,17.39262580871582,True,CORAL,LINEAR_COMBINATION,LINEAR_COMBINATION,LINEAR_COMBINATION,u007,LINEAR_COMBINATION,LINEAR_COMBINATION,LINEAR_COMBINATION,LINEAR_COMBINATION,True,LINEAR_COMBINATION,LINEAR_COMBINATION,11,color_global,12.1785306930542,False,,False
5,-1,7.901435375213623,cf84a347dbf54f3e9b1fbdae567f661befa0148df962d84e2338f73b45997d6c,47424b027fd28fa51dce7f5d8131b9f25dce55addea42d3bfa5afa78f825c31d,3e96c772cff4e27e87a8cbd71890082b286e2d25d801ca25f5f8f85531acba00,155.0366973876953,True,CORAL,LINEAR_COMBINATION,LINEAR_COMBINATION,LINEAR_COMBINATION,u007,LINEAR_COMBINATION,LINEAR_COMBINATION,LINEAR_COMBINATION,LINEAR_COMBINATION,True,LINEAR_COMBINATION,LINEAR_COMBINATION,11,color_global,109.35667419433594,False,,False
20,-1,12.591949462890623,cf84a347dbf54f3e9b1fbdae567f661befa0148df962d84e2338f73b45997d6c,08b6135281e6d196f7f3cfc235c666fe13320ba90ffccd66b97283ef9ac42b06,dd4b9b45daedfb54c63de41bb40e7c0c3a76fc517168eb96524c5add43f6eaa8,125.62030792236328,True,CORAL,LINEAR_COMBINATION,LINEAR_COMBINATION,LINEAR_COMBINATION,u007,LINEAR_COMBINATION,LINEAR_COMBINATION,LINEAR_COMBINATION,LINEAR_COMBINATION,True,LINEAR_COMBINATION,LINEAR_COMBINATION,11,color_global,92.205810546875,False,,False
1,-1,0.8211930394172668,cf84a347dbf54f3e9b1fbdae567f661befa0148df962d84e2338f73b45997d6c,c487fe80db2080348695f0fefc8f32503ed7814997b06f93025cbe50b84b3df1,63bc8d41673411b7a71672279afe3a6cb194e855b890e171ff14bca502b21bf5,17.39262580871582,True,CORAL,LINEAR_COMBINATION,LINEAR_COMBINATION,LINEAR_COMBINATION,u008,LINEAR_COMBINATION,LINEAR_COMBINATION,LINEAR_COMBINATION,LINEAR_COMBINATION,True,LINEAR_COMBINATION,LINEAR_COMBINATION,11,color_shift,12.1785306930542,False,,False
5,-1,7.901435375213623,cf84a347dbf54f3e9b1fbdae567f661befa0148df962d84e2338f73b45997d6c,47424b027fd28fa51dce7f5d8131b9f25dce55addea42d3bfa5afa78f825c31d,3e96c772cff4e27e87a8cbd71890082b286e2d25d801ca25f5f8f85531acba00,155.0366973876953,True,CORAL,LINEAR_COMBINATION,LINEAR_COMBINATION,LINEAR_COMBINATION,u008,LINEAR_COMBINATION,LINEAR_COMBINATION,LINEAR_COMBINATION,LINEAR_COMBINATION,True,LINEAR_COMBINATION,LINEAR_COMBINATION,11,color_shift,109.35667419433594,False,,False
20,-1,12.591949462890623,cf84a347dbf54f3e9b1fbdae567f661befa0148df962d84e2338f73b45997d6c,08b6135281e6d196f7f3cfc235c666fe13320ba90ffccd66b97283ef9ac42b06,dd4b9b45daedfb54c63de41bb40e7c0c3a76fc517168eb96524c5add43f6eaa8,125.62030792236328,True,CORAL,LINEAR_COMBINATION,LINEAR_COMBINATION,LINEAR_COMBINATION,u008,LINEAR_COMBINATION,LINEAR_COMBINATION,LINEAR_COMBINATION,LINEAR_COMBINATION,True,LINEAR_COMBINATION,LINEAR_COMBINATION,11,color_shift,92.205810546875,False,,False
1,-1,0.9492343664169312,cf84a347dbf54f3e9b1fbdae567f661befa0148df962d84e2338f73b45997d6c,c487fe80db2080348695f0fefc8f32503ed7814997b06f93025cbe50b84b3df1,63bc8d41673411b7a71672279afe3a6cb194e855b890e171ff14bca502b21bf5,3.96843695640564,True,CORAL,LINEAR_COMBINATION,LINEAR_COMBINATION,LINEAR_COMBINATION,u009,LINEAR_COMBINATION,LINEAR_COMBINATION,LINEAR_COMBINATION,LINEAR_COMBINATION,True,LINEAR_COMBINATION,LINEAR_COMBINATION,11,noise_global,2.005232572555542,False,,False
5,-1,11.279881477355955,cf84a347dbf54f3e9b1fbdae567f661befa0148df962d84e2338f73b45997d6c,47424b027fd28fa51dce7f5d8131b9f25dce55addea42d3bfa5afa78f825c31d,3e96c772cff4e27e87a8cbd71890082b286e2d25d801ca25f5f8f85531acba00,36.60973358154297,True,CORAL,LINEAR_COMBINATION,LINEAR_COMBINATION,LINEAR_COMBINATION,u009,LINEAR_COMBINATION,LINEAR_COMBINATION,LINEAR_COMBINATION,LINEAR_COMBINATION,True,LINEAR_COMBINATION,LINEAR_COMBINATION,11,noise_global,17.24350929260254,False,,False
20,-1,56.20783233642578,cf84a347dbf54f3e9b1fbdae567f661befa0148df962d84e2338f73b45997d6c,08b6135281e6d196f7f3cfc235c666fe13320ba90ffccd66b97283ef9ac42b06,dd4b9b45daedfb54c63de41bb40e7c0c3a76fc517168eb96524c5add43f6eaa8,90.6891860961914,True,CORAL,LINEAR_COMBINATION,LINEAR_COMBINATION,LINEAR_COMBINATION,u009,LINEAR_COMBINATION,LINEAR_COMBINATION,LINEAR_COMBINATION,LINEAR_COMBINATION,True,LINEAR_COMBINATION,LINEAR_COMBINATION,11,noise_global,69.9308853149414,False,,False
1,-1,0.9492343664169312,cf84a347dbf54f3e9b1fbdae567f661befa0148df962d84e2338f73b45997d6c,c487fe80db2080348695f0fefc8f32503ed7814997b06f93025cbe50b84b3df1,63bc8d41673411b7a71672279afe3a6cb194e855b890e171ff14bca502b21bf5,3.96843695640564,True,CORAL,LINEAR_COMBINATION,LINEAR_COMBINATION,LINEAR_COMBINATION,u010,LINEAR_COMBINATION,LINEAR_COMBINATION,LINEAR_COMBINATION,LINEAR_COMBINATION,True,LINEAR_COMBINATION,LINEAR_COMBINATION,11,noise_shift,2.005232572555542,False,,False
5,-1,11.279881477355955,cf84a347dbf54f3e9b1fbdae567f661befa0148df962d84e2338f73b45997d6c,47424b027fd28fa51dce7f5d8131b9f25dce55addea42d3bfa5afa78f825c31d,3e96c772cff4e27e87a8cbd71890082b286e2d25d801ca25f5f8f85531acba00,36.60973358154297,True,CORAL,LINEAR_COMBINATION,LINEAR_COMBINATION,LINEAR_COMBINATION,u010,LINEAR_COMBINATION,LINEAR_COMBINATION,LINEAR_COMBINATION,LINEAR_COMBINATION,True,LINEAR_COMBINATION,LINEAR_COMBINATION,11,noise_shift,17.24350929260254,False,,False
20,-1,56.20783233642578,cf84a347dbf54f3e9b1fbdae567f661befa0148df962d84e2338f73b45997d6c,08b6135281e6d196f7f3cfc235c666fe13320ba90ffccd66b97283ef9ac42b06,dd4b9b45daedfb54c63de41bb40e7c0c3a76fc517168eb96524c5add43f6eaa8,90.6891860961914,True,CORAL,LINEAR_COMBINATION,LINEAR_COMBINATION,LINEAR_COMBINATION,u010,LINEAR_COMBINATION,LINEAR_COMBINATION,LINEAR_COMBINATION,LINEAR_COMBINATION,True,LINEAR_COMBINATION,LINEAR_COMBINATION,11,noise_shift,69.9308853149414,False,,False
1,0,1.516462326049805,bba06ac2ad59e40da62c472c7e960bfcb742e5909851fd70f18fff8428f9bcd9,47dbad055589315eb0c2d446be4069e81e01154236f3d63762cfcf54ed4577a4,0de2fded83bcaabeff026cf283bcfcc0c8237f872136d8ba9719fa131ffb3ba2,21.26199722290039,True,ERM,bba06ac2ad59e40da62c472c7e960bfcb742e5909851fd70f18fff8428f9bcd9,54703dcc008af56c52d85c9347b9c9dfee7050114bd6dc81c4c1913968d8e315,e6ca48b868d3a4a37ab093a969df8c75c44ac48a9f792e01e5a278eacbd7fd0e,u000,bba06ac2ad59e40da62c472c7e960bfcb742e5909851fd70f18fff8428f9bcd9,fe81cdfc84a2f25c19b11eeca280506d9fa8c6d4aa636b52b8b49d273b84b116,24b8087d74b293c59176d2b7b9f56ef30d6ba778bf363dc9e49b554b05a736d3,bba06ac2ad59e40da62c472c7e960bfcb742e5909851fd70f18fff8428f9bcd9,True,fe81cdfc84a2f25c19b11eeca280506d9fa8c6d4aa636b52b8b49d273b84b116,24b8087d74b293c59176d2b7b9f56ef30d6ba778bf363dc9e49b554b05a736d3,12,source_env0_color,14.965797424316406,True,,False
5,0,8.134818077087402,bba06ac2ad59e40da62c472c7e960bfcb742e5909851fd70f18fff8428f9bcd9,370c1b1176d587959a5f2283763df89a62f21a2760f281ed9910049dafab7862,7b851a706b3f8205f6b9349c15f6201e0d0c669cdc9791d8813a3481e180101d,171.3791961669922,True,ERM,bba06ac2ad59e40da62c472c7e960bfcb742e5909851fd70f18fff8428f9bcd9,d10451478e4c2068641f86f2def981e58ff847ecaddbe19173b211ca596ea175,9213da2fef5db44915170e99abba0386ea539626cb2681e1a2165bb8dba55380,u000,bba06ac2ad59e40da62c472c7e960bfcb742e5909851fd70f18fff8428f9bcd9,6d04fdecb48e249d27338f41e090bc6b360aa79e908c43b82edfc92da10e69d6,1462a9777fbf2737cf2e3dff0a597e0f8d0485b78c5e283f90f1c92a003e153a,bba06ac2ad59e40da62c472c7e960bfcb742e5909851fd70f18fff8428f9bcd9,True,6d04fdecb48e249d27338f41e090bc6b360aa79e908c43b82edfc92da10e69d6,1462a9777fbf2737cf2e3dff0a597e0f8d0485b78c5e283f90f1c92a003e153a,12,source_env0_color,123.18453216552734,True,,False
20,0,18.25908088684082,bba06ac2ad59e40da62c472c7e960bfcb742e5909851fd70f18fff8428f9bcd9,78cdee4a7933f4161a41d49776a226ddc6e6f1dfd18919f561566e4fb4b1b8b6,2dfb421defb5e6367d918b9d7f4476ece9a049fc94ae1b0b6ed7e1ee3f237210,144.87367248535156,True,ERM,bba06ac2ad59e40da62c472c7e960bfcb742e5909851fd70f18fff8428f9bcd9,f4bd8d312e3aea9e18760f6ff10beb02018954d6d9a228689d65cda0c2691ec9,b4f059f911aa92cc385359b84cbaf600b1cf7089c02b1fabfbc640bf74b65778,u000,bba06ac2ad59e40da62c472c7e960bfcb742e5909851fd70f18fff8428f9bcd9,3dbcc2e9fb13824a7b9420677658b6b3d12d5b92f405f4009078e6106d6c7fa6,8c965b60ce38a50b7fd6e13e8272325f76d05503b0b1f4e4c16c2ee06ee80c3d,bba06ac2ad59e40da62c472c7e960bfcb742e5909851fd70f18fff8428f9bcd9,True,3dbcc2e9fb13824a7b9420677658b6b3d12d5b92f405f4009078e6106d6c7fa6,8c965b60ce38a50b7fd6e13e8272325f76d05503b0b1f4e4c16c2ee06ee80c3d,12,source_env0_color,104.94661712646484,True,,False
1,1,1.2754055261611938,bba06ac2ad59e40da62c472c7e960bfcb742e5909851fd70f18fff8428f9bcd9,47dbad055589315eb0c2d446be4069e81e01154236f3d63762cfcf54ed4577a4,0de2fded83bcaabeff026cf283bcfcc0c8237f872136d8ba9719fa131ffb3ba2,21.644603729248047,True,ERM,bba06ac2ad59e40da62c472c7e960bfcb742e5909851fd70f18fff8428f9bcd9,a95099ef3a583d1cec835291baf12d83ce87345467435b99fb38d492758ddc41,acc4ea4899196a30f8f662e5d17a8359bef5215dc507ab09475646a5d799bfcf,u001,bba06ac2ad59e40da62c472c7e960bfcb742e5909851fd70f18fff8428f9bcd9,a5b218a9448990d6fc46c194cc30ed9a1f4d8e82537260516e519ffe8dc917ec,bd6743052e3ade37bdeeb661695dc282dd42875773c501a5a91b1ae1e18f0158,bba06ac2ad59e40da62c472c7e960bfcb742e5909851fd70f18fff8428f9bcd9,True,a5b218a9448990d6fc46c194cc30ed9a1f4d8e82537260516e519ffe8dc917ec,bd6743052e3ade37bdeeb661695dc282dd42875773c501a5a91b1ae1e18f0158,12,source_env1_color,15.233912467956545,True,,False
5,1,7.479624271392822,bba06ac2ad59e40da62c472c7e960bfcb742e5909851fd70f18fff8428f9bcd9,370c1b1176d587959a5f2283763df89a62f21a2760f281ed9910049dafab7862,7b851a706b3f8205f6b9349c15f6201e0d0c669cdc9791d8813a3481e180101d,172.20437622070312,True,ERM,bba06ac2ad59e40da62c472c7e960bfcb742e5909851fd70f18fff8428f9bcd9,14a4352be2aa7e723c2b022214fe8a7db142ca7cfdc87e80bc623d36b200815e,871db9e6011f75e64b180ebc8d1a3dde3378e0cc920b24ca37ab2a31c021c9cc,u001,bba06ac2ad59e40da62c472c7e960bfcb742e5909851fd70f18fff8428f9bcd9,df3b3444d767caa2af16ec68973d7a0b2e3065fd01ef403da30b4085385cee9c,2257862125d622e35d00acadbd651e2147d25d0e899c2653022afa1d23ad85ea,bba06ac2ad59e40da62c472c7e960bfcb742e5909851fd70f18fff8428f9bcd9,True,df3b3444d767caa2af16ec68973d7a0b2e3065fd01ef403da30b4085385cee9c,2257862125d622e35d00acadbd651e2147d25d0e899c2653022afa1d23ad85ea,12,source_env1_color,123.71558380126952,True,,False
20,1,18.876300811767575,bba06ac2ad59e40da62c472c7e960bfcb742e5909851fd70f18fff8428f9bcd9,78cdee4a7933f4161a41d49776a226ddc6e6f1dfd18919f561566e4fb4b1b8b6,2dfb421defb5e6367d918b9d7f4476ece9a049fc94ae1b0b6ed7e1ee3f237210,144.18064880371094,True,ERM,bba06ac2ad59e40da62c472c7e960bfcb742e5909851fd70f18fff8428f9bcd9,72c937782c8b415a02c4a20d7e44031e2068b563b022e00ab8dff30524a18c84,2309f6ce05ac1e97efe9fe685981b3759146f12dcbabd328f9725c1b262a6bf4,u001,bba06ac2ad59e40da62c472c7e960bfcb742e5909851fd70f18fff8428f9bcd9,68a591d8462a30bcd3ba7a88dd6922f2167ec713db2cc62fd5739974c6f4bcc1,853aa07c6d7d6426ad3ce71952d28fb9e4c35457606c542814b83eeaece00e4a,bba06ac2ad59e40da62c472c7e960bfcb742e5909851fd70f18fff8428f9bcd9,True,68a591d8462a30bcd3ba7a88dd6922f2167ec713db2cc62fd5739974c6f4bcc1,853aa07c6d7d6426ad3ce71952d28fb9e4c35457606c542814b83eeaece00e4a,12,source_env1_color,105.615478515625,True,,False
1,2,0.0,bba06ac2ad59e40da62c472c7e960bfcb742e5909851fd70f18fff8428f9bcd9,47dbad055589315eb0c2d446be4069e81e01154236f3d63762cfcf54ed4577a4,0de2fded83bcaabeff026cf283bcfcc0c8237f872136d8ba9719fa131ffb3ba2,0.0,True,ERM,LINEAR_COMBINATION,LINEAR_COMBINATION,LINEAR_COMBINATION,u002,LINEAR_COMBINATION,LINEAR_COMBINATION,LINEAR_COMBINATION,LINEAR_COMBINATION,True,LINEAR_COMBINATION,LINEAR_COMBINATION,12,evaluation_color,0.0,False,,False
5,2,0.0,bba06ac2ad59e40da62c472c7e960bfcb742e5909851fd70f18fff8428f9bcd9,370c1b1176d587959a5f2283763df89a62f21a2760f281ed9910049dafab7862,7b851a706b3f8205f6b9349c15f6201e0d0c669cdc9791d8813a3481e180101d,0.0,True,ERM,LINEAR_COMBINATION,LINEAR_COMBINATION,LINEAR_COMBINATION,u002,LINEAR_COMBINATION,LINEAR_COMBINATION,LINEAR_COMBINATION,LINEAR_COMBINATION,True,LINEAR_COMBINATION,LINEAR_COMBINATION,12,evaluation_color,0.0,False,,False
20,2,0.0,bba06ac2ad59e40da62c472c7e960bfcb742e5909851fd70f18fff8428f9bcd9,78cdee4a7933f4161a41d49776a226ddc6e6f1dfd18919f561566e4fb4b1b8b6,2dfb421defb5e6367d918b9d7f4476ece9a049fc94ae1b0b6ed7e1ee3f237210,0.0,True,ERM,LINEAR_COMBINATION,LINEAR_COMBINATION,LINEAR_COMBINATION,u002,LINEAR_COMBINATION,LINEAR_COMBINATION,LINEAR_COMBINATION,LINEAR_COMBINATION,True,LINEAR_COMBINATION,LINEAR_COMBINATION,12,evaluation_color,0.0,False,,False
1,3,2.2740702629089355,bba06ac2ad59e40da62c472c7e960bfcb742e5909851fd70f18fff8428f9bcd9,47dbad055589315eb0c2d446be4069e81e01154236f3d63762cfcf54ed4577a4,0de2fded83bcaabeff026cf283bcfcc0c8237f872136d8ba9719fa131ffb3ba2,7.400051593780518,True,ERM,bba06ac2ad59e40da62c472c7e960bfcb742e5909851fd70f18fff8428f9bcd9,17e37b07a0a614430bb0ffb024a5cd78036122d7df8e269efbc64032010a915a,762ddbbc30e0e462a1fde142a7190d9fa249ded5d4eda186e62fe0f3db3661c9,u003,bba06ac2ad59e40da62c472c7e960bfcb742e5909851fd70f18fff8428f9bcd9,c858a5e98d32b786640067fbf5bfa5ba129b61046616540afa44755790e8a1b6,2342bedbc28834078994201176e5f53970dae6a3686f9d64407d0b7fbc3ef67e,bba06ac2ad59e40da62c472c7e960bfcb742e5909851fd70f18fff8428f9bcd9,True,c858a5e98d32b786640067fbf5bfa5ba129b61046616540afa44755790e8a1b6,2342bedbc28834078994201176e5f53970dae6a3686f9d64407d0b7fbc3ef67e,12,source_label_noise,3.7686471939086914,True,,False
5,3,16.94861602783203,bba06ac2ad59e40da62c472c7e960bfcb742e5909851fd70f18fff8428f9bcd9,370c1b1176d587959a5f2283763df89a62f21a2760f281ed9910049dafab7862,7b851a706b3f8205f6b9349c15f6201e0d0c669cdc9791d8813a3481e180101d,57.7922477722168,True,ERM,bba06ac2ad59e40da62c472c7e960bfcb742e5909851fd70f18fff8428f9bcd9,b33aacecd55ce2cad0aaa0e69eb69f20724d9aa4d533d096b3fcbec5a16877ca,08f86296f3f530c53bfdd6d8cdf2e1c23ff7e5e6cf80a67451342e659d4b47c1,u003,bba06ac2ad59e40da62c472c7e960bfcb742e5909851fd70f18fff8428f9bcd9,f26bab7ed34ffea889cb6678725cdfa858111f58ec00800b9394e0d87f0dc73d,85a06b56b47aecb1c40da550000bac03016922d472f8d0863b0eb92fef09ef96,bba06ac2ad59e40da62c472c7e960bfcb742e5909851fd70f18fff8428f9bcd9,True,f26bab7ed34ffea889cb6678725cdfa858111f58ec00800b9394e0d87f0dc73d,85a06b56b47aecb1c40da550000bac03016922d472f8d0863b0eb92fef09ef96,12,source_label_noise,24.00711250305176,True,,False
20,3,70.74108123779297,bba06ac2ad59e40da62c472c7e960bfcb742e5909851fd70f18fff8428f9bcd9,78cdee4a7933f4161a41d49776a226ddc6e6f1dfd18919f561566e4fb4b1b8b6,2dfb421defb5e6367d918b9d7f4476ece9a049fc94ae1b0b6ed7e1ee3f237210,127.57211303710938,True,ERM,bba06ac2ad59e40da62c472c7e960bfcb742e5909851fd70f18fff8428f9bcd9,30a0a0e1566ce6f0eeb045c74327055ae75d2bda03fad3ec84b7badd3b61c5dc,a286b73cae62f48986d06e3f510791410321522ef993a00142a22a0fee1ff1a6,u003,bba06ac2ad59e40da62c472c7e960bfcb742e5909851fd70f18fff8428f9bcd9,69888620c2bb54979e9a1318e4c74ea297ca5770ab2ea8c9c84304df097d6118,a3555471357c346075cac4aefc3a15468030cbbb81ba4f94e1633082a125d0d8,bba06ac2ad59e40da62c472c7e960bfcb742e5909851fd70f18fff8428f9bcd9,True,69888620c2bb54979e9a1318e4c74ea297ca5770ab2ea8c9c84304df097d6118,a3555471357c346075cac4aefc3a15468030cbbb81ba4f94e1633082a125d0d8,12,source_label_noise,79.3870849609375,True,,False
1,4,0.0,bba06ac2ad59e40da62c472c7e960bfcb742e5909851fd70f18fff8428f9bcd9,47dbad055589315eb0c2d446be4069e81e01154236f3d63762cfcf54ed4577a4,0de2fded83bcaabeff026cf283bcfcc0c8237f872136d8ba9719fa131ffb3ba2,0.0,True,ERM,LINEAR_COMBINATION,LINEAR_COMBINATION,LINEAR_COMBINATION,u004,LINEAR_COMBINATION,LINEAR_COMBINATION,LINEAR_COMBINATION,LINEAR_COMBINATION,True,LINEAR_COMBINATION,LINEAR_COMBINATION,12,evaluation_label_noise,0.0,False,,False
5,4,0.0,bba06ac2ad59e40da62c472c7e960bfcb742e5909851fd70f18fff8428f9bcd9,370c1b1176d587959a5f2283763df89a62f21a2760f281ed9910049dafab7862,7b851a706b3f8205f6b9349c15f6201e0d0c669cdc9791d8813a3481e180101d,0.0,True,ERM,LINEAR_COMBINATION,LINEAR_COMBINATION,LINEAR_COMBINATION,u004,LINEAR_COMBINATION,LINEAR_COMBINATION,LINEAR_COMBINATION,LINEAR_COMBINATION,True,LINEAR_COMBINATION,LINEAR_COMBINATION,12,evaluation_label_noise,0.0,False,,False
20,4,0.0,bba06ac2ad59e40da62c472c7e960bfcb742e5909851fd70f18fff8428f9bcd9,78cdee4a7933f4161a41d49776a226ddc6e6f1dfd18919f561566e4fb4b1b8b6,2dfb421defb5e6367d918b9d7f4476ece9a049fc94ae1b0b6ed7e1ee3f237210,0.0,True,ERM,LINEAR_COMBINATION,LINEAR_COMBINATION,LINEAR_COMBINATION,u004,LINEAR_COMBINATION,LINEAR_COMBINATION,LINEAR_COMBINATION,LINEAR_COMBINATION,True,LINEAR_COMBINATION,LINEAR_COMBINATION,12,evaluation_label_noise,0.0,False,,False
1,-1,1.9683221578598025,bba06ac2ad59e40da62c472c7e960bfcb742e5909851fd70f18fff8428f9bcd9,47dbad055589315eb0c2d446be4069e81e01154236f3d63762cfcf54ed4577a4,0de2fded83bcaabeff026cf283bcfcc0c8237f872136d8ba9719fa131ffb3ba2,30.33548164367676,True,ERM,LINEAR_COMBINATION,LINEAR_COMBINATION,LINEAR_COMBINATION,u005,LINEAR_COMBINATION,LINEAR_COMBINATION,LINEAR_COMBINATION,LINEAR_COMBINATION,True,LINEAR_COMBINATION,LINEAR_COMBINATION,12,source_color_common,21.352170944213867,True,,False
5,-1,10.968314170837402,bba06ac2ad59e40da62c472c7e960bfcb742e5909851fd70f18fff8428f9bcd9,370c1b1176d587959a5f2283763df89a62f21a2760f281ed9910049dafab7862,7b851a706b3f8205f6b9349c15f6201e0d0c669cdc9791d8813a3481e180101d,242.9298858642578,True,ERM,LINEAR_COMBINATION,LINEAR_COMBINATION,LINEAR_COMBINATION,u005,LINEAR_COMBINATION,LINEAR_COMBINATION,LINEAR_COMBINATION,LINEAR_COMBINATION,True,LINEAR_COMBINATION,LINEAR_COMBINATION,12,source_color_common,174.57606506347656,True,,False
20,-1,26.16503143310547,bba06ac2ad59e40da62c472c7e960bfcb742e5909851fd70f18fff8428f9bcd9,78cdee4a7933f4161a41d49776a226ddc6e6f1dfd18919f561566e4fb4b1b8b6,2dfb421defb5e6367d918b9d7f4476ece9a049fc94ae1b0b6ed7e1ee3f237210,204.2924041748047,True,ERM,LINEAR_COMBINATION,LINEAR_COMBINATION,LINEAR_COMBINATION,u005,LINEAR_COMBINATION,LINEAR_COMBINATION,LINEAR_COMBINATION,LINEAR_COMBINATION,True,LINEAR_COMBINATION,LINEAR_COMBINATION,12,source_color_common,148.8387451171875,True,,False
1,-1,0.2280906587839126,bba06ac2ad59e40da62c472c7e960bfcb742e5909851fd70f18fff8428f9bcd9,47dbad055589315eb0c2d446be4069e81e01154236f3d63762cfcf54ed4577a4,0de2fded83bcaabeff026cf283bcfcc0c8237f872136d8ba9719fa131ffb3ba2,0.5653674602508545,True,ERM,LINEAR_COMBINATION,LINEAR_COMBINATION,LINEAR_COMBINATION,u006,LINEAR_COMBINATION,LINEAR_COMBINATION,LINEAR_COMBINATION,LINEAR_COMBINATION,True,LINEAR_COMBINATION,LINEAR_COMBINATION,12,source_color_contrast,0.3632371425628662,True,,False
5,-1,1.3476417064666748,bba06ac2ad59e40da62c472c7e960bfcb742e5909851fd70f18fff8428f9bcd9,370c1b1176d587959a5f2283763df89a62f21a2760f281ed9910049dafab7862,7b851a706b3f8205f6b9349c15f6201e0d0c669cdc9791d8813a3481e180101d,3.19992995262146,True,ERM,LINEAR_COMBINATION,LINEAR_COMBINATION,LINEAR_COMBINATION,u006,LINEAR_COMBINATION,LINEAR_COMBINATION,LINEAR_COMBINATION,LINEAR_COMBINATION,True,LINEAR_COMBINATION,LINEAR_COMBINATION,12,source_color_contrast,1.7806673049926758,True,,False
20,-1,2.258293628692627,bba06ac2ad59e40da62c472c7e960bfcb742e5909851fd70f18fff8428f9bcd9,78cdee4a7933f4161a41d49776a226ddc6e6f1dfd18919f561566e4fb4b1b8b6,2dfb421defb5e6367d918b9d7f4476ece9a049fc94ae1b0b6ed7e1ee3f237210,6.406745910644531,True,ERM,LINEAR_COMBINATION,LINEAR_COMBINATION,LINEAR_COMBINATION,u006,LINEAR_COMBINATION,LINEAR_COMBINATION,LINEAR_COMBINATION,LINEAR_COMBINATION,True,LINEAR_COMBINATION,LINEAR_COMBINATION,12,source_color_contrast,3.930910348892212,True,,False
1,-1,1.3918139934539795,bba06ac2ad59e40da62c472c7e960bfcb742e5909851fd70f18fff8428f9bcd9,47dbad055589315eb0c2d446be4069e81e01154236f3d63762cfcf54ed4577a4,0de2fded83bcaabeff026cf283bcfcc0c8237f872136d8ba9719fa131ffb3ba2,21.450424194335938,True,ERM,LINEAR_COMBINATION,LINEAR_COMBINATION,LINEAR_COMBINATION,u007,LINEAR_COMBINATION,LINEAR_COMBINATION,LINEAR_COMBINATION,LINEAR_COMBINATION,True,LINEAR_COMBINATION,LINEAR_COMBINATION,12,color_global,15.098264694213867,False,,False
5,-1,7.755768775939941,bba06ac2ad59e40da62c472c7e960bfcb742e5909851fd70f18fff8428f9bcd9,370c1b1176d587959a5f2283763df89a62f21a2760f281ed9910049dafab7862,7b851a706b3f8205f6b9349c15f6201e0d0c669cdc9791d8813a3481e180101d,171.77737426757812,True,ERM,LINEAR_COMBINATION,LINEAR_COMBINATION,LINEAR_COMBINATION,u007,LINEAR_COMBINATION,LINEAR_COMBINATION,LINEAR_COMBINATION,LINEAR_COMBINATION,True,LINEAR_COMBINATION,LINEAR_COMBINATION,12,color_global,123.44392395019533,False,,False
20,-1,18.50147247314453,bba06ac2ad59e40da62c472c7e960bfcb742e5909851fd70f18fff8428f9bcd9,78cdee4a7933f4161a41d49776a226ddc6e6f1dfd18919f561566e4fb4b1b8b6,2dfb421defb5e6367d918b9d7f4476ece9a049fc94ae1b0b6ed7e1ee3f237210,144.45655822753906,True,ERM,LINEAR_COMBINATION,LINEAR_COMBINATION,LINEAR_COMBINATION,u007,LINEAR_COMBINATION,LINEAR_COMBINATION,LINEAR_COMBINATION,LINEAR_COMBINATION,True,LINEAR_COMBINATION,LINEAR_COMBINATION,12,color_global,105.24488830566406,False,,False
1,-1,1.3918139934539795,bba06ac2ad59e40da62c472c7e960bfcb742e5909851fd70f18fff8428f9bcd9,47dbad055589315eb0c2d446be4069e81e01154236f3d63762cfcf54ed4577a4,0de2fded83bcaabeff026cf283bcfcc0c8237f872136d8ba9719fa131ffb3ba2,21.450424194335938,True,ERM,LINEAR_COMBINATION,LINEAR_COMBINATION,LINEAR_COMBINATION,u008,LINEAR_COMBINATION,LINEAR_COMBINATION,LINEAR_COMBINATION,LINEAR_COMBINATION,True,LINEAR_COMBINATION,LINEAR_COMBINATION,12,color_shift,15.098264694213867,False,,False
5,-1,7.755768775939941,bba06ac2ad59e40da62c472c7e960bfcb742e5909851fd70f18fff8428f9bcd9,370c1b1176d587959a5f2283763df89a62f21a2760f281ed9910049dafab7862,7b851a706b3f8205f6b9349c15f6201e0d0c669cdc9791d8813a3481e180101d,171.77737426757812,True,ERM,LINEAR_COMBINATION,LINEAR_COMBINATION,LINEAR_COMBINATION,u008,LINEAR_COMBINATION,LINEAR_COMBINATION,LINEAR_COMBINATION,LINEAR_COMBINATION,True,LINEAR_COMBINATION,LINEAR_COMBINATION,12,color_shift,123.44392395019533,False,,False
20,-1,18.50147247314453,bba06ac2ad59e40da62c472c7e960bfcb742e5909851fd70f18fff8428f9bcd9,78cdee4a7933f4161a41d49776a226ddc6e6f1dfd18919f561566e4fb4b1b8b6,2dfb421defb5e6367d918b9d7f4476ece9a049fc94ae1b0b6ed7e1ee3f237210,144.45655822753906,True,ERM,LINEAR_COMBINATION,LINEAR_COMBINATION,LINEAR_COMBINATION,u008,LINEAR_COMBINATION,LINEAR_COMBINATION,LINEAR_COMBINATION,LINEAR_COMBINATION,True,LINEAR_COMBINATION,LINEAR_COMBINATION,12,color_shift,105.24488830566406,False,,False
1,-1,1.6080104112625122,bba06ac2ad59e40da62c472c7e960bfcb742e5909851fd70f18fff8428f9bcd9,47dbad055589315eb0c2d446be4069e81e01154236f3d63762cfcf54ed4577a4,0de2fded83bcaabeff026cf283bcfcc0c8237f872136d8ba9719fa131ffb3ba2,5.232626438140869,True,ERM,LINEAR_COMBINATION,LINEAR_COMBINATION,LINEAR_COMBINATION,u009,LINEAR_COMBINATION,LINEAR_COMBINATION,LINEAR_COMBINATION,LINEAR_COMBINATION,True,LINEAR_COMBINATION,LINEAR_COMBINATION,12,noise_global,2.6648356914520264,False,,False
5,-1,11.984481811523438,bba06ac2ad59e40da62c472c7e960bfcb742e5909851fd70f18fff8428f9bcd9,370c1b1176d587959a5f2283763df89a62f21a2760f281ed9910049dafab7862,7b851a706b3f8205f6b9349c15f6201e0d0c669cdc9791d8813a3481e180101d,40.865291595458984,True,ERM,LINEAR_COMBINATION,LINEAR_COMBINATION,LINEAR_COMBINATION,u009,LINEAR_COMBINATION,LINEAR_COMBINATION,LINEAR_COMBINATION,LINEAR_COMBINATION,True,LINEAR_COMBINATION,LINEAR_COMBINATION,12,noise_global,16.9755916595459,False,,False
20,-1,50.02149963378906,bba06ac2ad59e40da62c472c7e960bfcb742e5909851fd70f18fff8428f9bcd9,78cdee4a7933f4161a41d49776a226ddc6e6f1dfd18919f561566e4fb4b1b8b6,2dfb421defb5e6367d918b9d7f4476ece9a049fc94ae1b0b6ed7e1ee3f237210,90.20710754394533,True,ERM,LINEAR_COMBINATION,LINEAR_COMBINATION,LINEAR_COMBINATION,u009,LINEAR_COMBINATION,LINEAR_COMBINATION,LINEAR_COMBINATION,LINEAR_COMBINATION,True,LINEAR_COMBINATION,LINEAR_COMBINATION,12,noise_global,56.13514709472656,False,,False
1,-1,1.6080104112625122,bba06ac2ad59e40da62c472c7e960bfcb742e5909851fd70f18fff8428f9bcd9,47dbad055589315eb0c2d446be4069e81e01154236f3d63762cfcf54ed4577a4,0de2fded83bcaabeff026cf283bcfcc0c8237f872136d8ba9719fa131ffb3ba2,5.232626438140869,True,ERM,LINEAR_COMBINATION,LINEAR_COMBINATION,LINEAR_COMBINATION,u010,LINEAR_COMBINATION,LINEAR_COMBINATION,LINEAR_COMBINATION,LINEAR_COMBINATION,True,LINEAR_COMBINATION,LINEAR_COMBINATION,12,noise_shift,2.6648356914520264,False,,False
5,-1,11.984481811523438,bba06ac2ad59e40da62c472c7e960bfcb742e5909851fd70f18fff8428f9bcd9,370c1b1176d587959a5f2283763df89a62f21a2760f281ed9910049dafab7862,7b851a706b3f8205f6b9349c15f6201e0d0c669cdc9791d8813a3481e180101d,40.865291595458984,True,ERM,LINEAR_COMBINATION,LINEAR_COMBINATION,LINEAR_COMBINATION,u010,LINEAR_COMBINATION,LINEAR_COMBINATION,LINEAR_COMBINATION,LINEAR_COMBINATION,True,LINEAR_COMBINATION,LINEAR_COMBINATION,12,noise_shift,16.9755916595459,False,,False
20,-1,50.02149963378906,bba06ac2ad59e40da62c472c7e960bfcb742e5909851fd70f18fff8428f9bcd9,78cdee4a7933f4161a41d49776a226ddc6e6f1dfd18919f561566e4fb4b1b8b6,2dfb421defb5e6367d918b9d7f4476ece9a049fc94ae1b0b6ed7e1ee3f237210,90.20710754394533,True,ERM,LINEAR_COMBINATION,LINEAR_COMBINATION,LINEAR_COMBINATION,u010,LINEAR_COMBINATION,LINEAR_COMBINATION,LINEAR_COMBINATION,LINEAR_COMBINATION,True,LINEAR_COMBINATION,LINEAR_COMBINATION,12,noise_shift,56.13514709472656,False,,False
1,0,0.0384750664234161,a10d0ac3419f896702db7de2a18953fe7900139637b206352c94e6d4a57bc3ca,d5b0a01975c88bc1e84ca612d7d9f5deaa5c40495b2a381efeac2b437958dd9b,d211fb61630ec53d2b25b6da8247985f20cf24eeba78dbcf4aa76ee0707e4d27,0.7386223673820496,True,IRMv1,a10d0ac3419f896702db7de2a18953fe7900139637b206352c94e6d4a57bc3ca,3aabba5c7eea35e675c2648e8ffeac7f666efe04f2190521530d3ea27c9ecebd,2bbaf8cf602fb024af22ea6b64c0d639c78fdb0b21be770797f77c46bfe4e773,u000,a10d0ac3419f896702db7de2a18953fe7900139637b206352c94e6d4a57bc3ca,2e1563e8cdf08705da33f3bd1575ef62c22a94f72ff1da135a4abddc873050fa,5c48bdf4d5a87479c8057491c7bc5d76ca33b8ef38b5f4e57aabb9d36dd8c07d,a10d0ac3419f896702db7de2a18953fe7900139637b206352c94e6d4a57bc3ca,True,2e1563e8cdf08705da33f3bd1575ef62c22a94f72ff1da135a4abddc873050fa,5c48bdf4d5a87479c8057491c7bc5d76ca33b8ef38b5f4e57aabb9d36dd8c07d,12,source_env0_color,0.593949556350708,True,,False
5,0,0.2019178867340088,a10d0ac3419f896702db7de2a18953fe7900139637b206352c94e6d4a57bc3ca,f1f50b29c45f26303427c9f6ac7ee835b1d744f6c2691bc25e7f67c705fd58e1,472b3a4b924486529a1cf7fff9701827542e0951bd3179ecf6b2b701375a3957,3.938776969909668,True,IRMv1,a10d0ac3419f896702db7de2a18953fe7900139637b206352c94e6d4a57bc3ca,34f6a8f5d53240e60aef1f0acf11b719d012de4c4c18b29d7fa85c2786ac2906,2c0fd20ddba492b805c7fa613384f28d39e78c87d9513fa6f1bdae243144400d,u000,a10d0ac3419f896702db7de2a18953fe7900139637b206352c94e6d4a57bc3ca,3cb7b6d0270dcfea5d729a11006dd07d3754e4562d0a1f2e431881510ca6f2b7,1a7bc8a81a3618639923302430da9976c021c750765c82f0a54c18884c2ae352,a10d0ac3419f896702db7de2a18953fe7900139637b206352c94e6d4a57bc3ca,True,3cb7b6d0270dcfea5d729a11006dd07d3754e4562d0a1f2e431881510ca6f2b7,1a7bc8a81a3618639923302430da9976c021c750765c82f0a54c18884c2ae352,12,source_env0_color,3.2477996349334717,True,,False
20,0,0.9271457195281982,a10d0ac3419f896702db7de2a18953fe7900139637b206352c94e6d4a57bc3ca,e7b99d6f1cb66ba84dc7c91f7e5e07bd1bd6511d123b54a4b5463fda44430386,16a4a0984eeb942aa871504a920a8dbdf8139a0532775149f494e51a186fafaf,3.804877281188965,True,IRMv1,a10d0ac3419f896702db7de2a18953fe7900139637b206352c94e6d4a57bc3ca,f84acf410079e6fa3e1a9da8fd91c1db731401b1dae78fc3ab9ccd828d859994,402d8f9631332e643068d34e2fbd0fa93325de9eb626dcd6daec4ff76aadd849,u000,a10d0ac3419f896702db7de2a18953fe7900139637b206352c94e6d4a57bc3ca,2ba889d1769e356bdd98edbcc0a6bc7d8d201dd88d057322c2e7e8c61402e89e,144821f312c09e126553502a481d079ef54a9eae2d3d62d659a60cf3191c0955,a10d0ac3419f896702db7de2a18953fe7900139637b206352c94e6d4a57bc3ca,True,2ba889d1769e356bdd98edbcc0a6bc7d8d201dd88d057322c2e7e8c61402e89e,144821f312c09e126553502a481d079ef54a9eae2d3d62d659a60cf3191c0955,12,source_env0_color,3.1258769035339355,True,,False
1,1,0.0635635033249855,a10d0ac3419f896702db7de2a18953fe7900139637b206352c94e6d4a57bc3ca,d5b0a01975c88bc1e84ca612d7d9f5deaa5c40495b2a381efeac2b437958dd9b,d211fb61630ec53d2b25b6da8247985f20cf24eeba78dbcf4aa76ee0707e4d27,1.1120613813400269,True,IRMv1,a10d0ac3419f896702db7de2a18953fe7900139637b206352c94e6d4a57bc3ca,bdcc28eab9516bd8d0d661ab0ba5551df2d7d7ed8c10f843e43b30570517206b,37634f76742f3bae80056ea96ed3b94719952125bb94f8d5d130985f8b56ba07,u001,a10d0ac3419f896702db7de2a18953fe7900139637b206352c94e6d4a57bc3ca,5a734902f187754efc0034e69651d935ab5899d7bdfcac8f406a1c7bcfd8788d,d353f6135c1272b5ab0b60fb12f14f1d335b8ab28eee7d52a4f17047540a4f03,a10d0ac3419f896702db7de2a18953fe7900139637b206352c94e6d4a57bc3ca,True,5a734902f187754efc0034e69651d935ab5899d7bdfcac8f406a1c7bcfd8788d,d353f6135c1272b5ab0b60fb12f14f1d335b8ab28eee7d52a4f17047540a4f03,12,source_env1_color,0.8976328372955322,True,,False
5,1,0.241095632314682,a10d0ac3419f896702db7de2a18953fe7900139637b206352c94e6d4a57bc3ca,f1f50b29c45f26303427c9f6ac7ee835b1d744f6c2691bc25e7f67c705fd58e1,472b3a4b924486529a1cf7fff9701827542e0951bd3179ecf6b2b701375a3957,5.111291885375977,True,IRMv1,a10d0ac3419f896702db7de2a18953fe7900139637b206352c94e6d4a57bc3ca,1fc36e756722128b388484eff350049ee615efc061393dad737a0acfd7ca5fb1,cdf2c0069a03f924c4f595788c021909a90c550752fc80a450f53286e07593dc,u001,a10d0ac3419f896702db7de2a18953fe7900139637b206352c94e6d4a57bc3ca,06f2e88b6ec4bd7d483b89d9e9a8f3f1bbf23ab6d0c64c28f72cf43f202687bf,c878ba2490be053c2570f0777faef9fdeae9e8f2e677a6c123a11e2f1d319eaf,a10d0ac3419f896702db7de2a18953fe7900139637b206352c94e6d4a57bc3ca,True,06f2e88b6ec4bd7d483b89d9e9a8f3f1bbf23ab6d0c64c28f72cf43f202687bf,c878ba2490be053c2570f0777faef9fdeae9e8f2e677a6c123a11e2f1d319eaf,12,source_env1_color,4.226962089538574,True,,False
20,1,1.2755930423736572,a10d0ac3419f896702db7de2a18953fe7900139637b206352c94e6d4a57bc3ca,e7b99d6f1cb66ba84dc7c91f7e5e07bd1bd6511d123b54a4b5463fda44430386,16a4a0984eeb942aa871504a920a8dbdf8139a0532775149f494e51a186fafaf,3.658223867416382,True,IRMv1,a10d0ac3419f896702db7de2a18953fe7900139637b206352c94e6d4a57bc3ca,5ed6546103bab61e07c64ae6d507e198ce79b46e1538c2d40be30ebe093c3479,f7254ab3b6eda04042554517086fbb10e2601de9297bd342e074b2f83b947611,u001,a10d0ac3419f896702db7de2a18953fe7900139637b206352c94e6d4a57bc3ca,af7e572c2f27e808d33684138331c5c60ef04a3624960bb52f1eba5826c98336,d1a01e39259a16f64ade03c44c86e12aa1998c936756d84851e759060cf3bb5c,a10d0ac3419f896702db7de2a18953fe7900139637b206352c94e6d4a57bc3ca,True,af7e572c2f27e808d33684138331c5c60ef04a3624960bb52f1eba5826c98336,d1a01e39259a16f64ade03c44c86e12aa1998c936756d84851e759060cf3bb5c,12,source_env1_color,3.0715560913085938,True,,False
1,2,0.0,a10d0ac3419f896702db7de2a18953fe7900139637b206352c94e6d4a57bc3ca,d5b0a01975c88bc1e84ca612d7d9f5deaa5c40495b2a381efeac2b437958dd9b,d211fb61630ec53d2b25b6da8247985f20cf24eeba78dbcf4aa76ee0707e4d27,0.0,True,IRMv1,LINEAR_COMBINATION,LINEAR_COMBINATION,LINEAR_COMBINATION,u002,LINEAR_COMBINATION,LINEAR_COMBINATION,LINEAR_COMBINATION,LINEAR_COMBINATION,True,LINEAR_COMBINATION,LINEAR_COMBINATION,12,evaluation_color,0.0,False,,False
5,2,0.0,a10d0ac3419f896702db7de2a18953fe7900139637b206352c94e6d4a57bc3ca,f1f50b29c45f26303427c9f6ac7ee835b1d744f6c2691bc25e7f67c705fd58e1,472b3a4b924486529a1cf7fff9701827542e0951bd3179ecf6b2b701375a3957,0.0,True,IRMv1,LINEAR_COMBINATION,LINEAR_COMBINATION,LINEAR_COMBINATION,u002,LINEAR_COMBINATION,LINEAR_COMBINATION,LINEAR_COMBINATION,LINEAR_COMBINATION,True,LINEAR_COMBINATION,LINEAR_COMBINATION,12,evaluation_color,0.0,False,,False
20,2,0.0,a10d0ac3419f896702db7de2a18953fe7900139637b206352c94e6d4a57bc3ca,e7b99d6f1cb66ba84dc7c91f7e5e07bd1bd6511d123b54a4b5463fda44430386,16a4a0984eeb942aa871504a920a8dbdf8139a0532775149f494e51a186fafaf,0.0,True,IRMv1,LINEAR_COMBINATION,LINEAR_COMBINATION,LINEAR_COMBINATION,u002,LINEAR_COMBINATION,LINEAR_COMBINATION,LINEAR_COMBINATION,LINEAR_COMBINATION,True,LINEAR_COMBINATION,LINEAR_COMBINATION,12,evaluation_color,0.0,False,,False
1,3,1.0779476165771484,a10d0ac3419f896702db7de2a18953fe7900139637b206352c94e6d4a57bc3ca,d5b0a01975c88bc1e84ca612d7d9f5deaa5c40495b2a381efeac2b437958dd9b,d211fb61630ec53d2b25b6da8247985f20cf24eeba78dbcf4aa76ee0707e4d27,9.522950172424316,True,IRMv1,a10d0ac3419f896702db7de2a18953fe7900139637b206352c94e6d4a57bc3ca,3a340fcd585b3d0606a3807cc0814032af6a8e36de2c25ce50f94934752ca654,26a68b3db40863280b37fecd42a761e1f707246fa833a040e442c5d55fa9691f,u003,a10d0ac3419f896702db7de2a18953fe7900139637b206352c94e6d4a57bc3ca,328daa5df14a0bebb155a7f71857b324a75b7cdabb1ff21111eeb7ee9aa094a3,b15af77ab248a6c923b4390edd6e69e332274894c1a3b425394bc52637a40198,a10d0ac3419f896702db7de2a18953fe7900139637b206352c94e6d4a57bc3ca,True,328daa5df14a0bebb155a7f71857b324a75b7cdabb1ff21111eeb7ee9aa094a3,b15af77ab248a6c923b4390edd6e69e332274894c1a3b425394bc52637a40198,12,source_label_noise,7.54559326171875,True,,False
5,3,6.087843418121338,a10d0ac3419f896702db7de2a18953fe7900139637b206352c94e6d4a57bc3ca,f1f50b29c45f26303427c9f6ac7ee835b1d744f6c2691bc25e7f67c705fd58e1,472b3a4b924486529a1cf7fff9701827542e0951bd3179ecf6b2b701375a3957,57.44612503051758,True,IRMv1,a10d0ac3419f896702db7de2a18953fe7900139637b206352c94e6d4a57bc3ca,57b73f0d60d19e135f940ac32d5aeea382c918cea74951efd724aaf2b7d99b08,160ab7a99cd4afb0375c45a42ccbb299b66b67128c1818e2aac3b97a9e2bf3b7,u003,a10d0ac3419f896702db7de2a18953fe7900139637b206352c94e6d4a57bc3ca,8120cf9c0d6f86556bf2aa1cff629c2fb70e845e2a6dbf754e38ecaaeca161d2,688dfb2ae253bbf76c86b342b0be887e1630887bf712957d573cff7312a28ca5,a10d0ac3419f896702db7de2a18953fe7900139637b206352c94e6d4a57bc3ca,True,8120cf9c0d6f86556bf2aa1cff629c2fb70e845e2a6dbf754e38ecaaeca161d2,688dfb2ae253bbf76c86b342b0be887e1630887bf712957d573cff7312a28ca5,12,source_label_noise,45.22710037231445,True,,False
20,3,5.655282497406006,a10d0ac3419f896702db7de2a18953fe7900139637b206352c94e6d4a57bc3ca,e7b99d6f1cb66ba84dc7c91f7e5e07bd1bd6511d123b54a4b5463fda44430386,16a4a0984eeb942aa871504a920a8dbdf8139a0532775149f494e51a186fafaf,43.699012756347656,True,IRMv1,a10d0ac3419f896702db7de2a18953fe7900139637b206352c94e6d4a57bc3ca,e3d09b9ea81819b3b8bd351dd4dcbc74c3564785a6282992b50e32c781651bee,92f68816f866f6366066c2ab9e5481d0862cdc59169f629e77c406d401217a44,u003,a10d0ac3419f896702db7de2a18953fe7900139637b206352c94e6d4a57bc3ca,9556c718879faa580b7171949f7a5c421346b41adaf609cc2f7be5bdaf40fb14,e78fa15a1d6e1cfd09ebe47a679523e182d473bee51ce4b2ea5cd404c997907e,a10d0ac3419f896702db7de2a18953fe7900139637b206352c94e6d4a57bc3ca,True,9556c718879faa580b7171949f7a5c421346b41adaf609cc2f7be5bdaf40fb14,e78fa15a1d6e1cfd09ebe47a679523e182d473bee51ce4b2ea5cd404c997907e,12,source_label_noise,34.32080841064453,True,,False
1,4,0.0,a10d0ac3419f896702db7de2a18953fe7900139637b206352c94e6d4a57bc3ca,d5b0a01975c88bc1e84ca612d7d9f5deaa5c40495b2a381efeac2b437958dd9b,d211fb61630ec53d2b25b6da8247985f20cf24eeba78dbcf4aa76ee0707e4d27,0.0,True,IRMv1,LINEAR_COMBINATION,LINEAR_COMBINATION,LINEAR_COMBINATION,u004,LINEAR_COMBINATION,LINEAR_COMBINATION,LINEAR_COMBINATION,LINEAR_COMBINATION,True,LINEAR_COMBINATION,LINEAR_COMBINATION,12,evaluation_label_noise,0.0,False,,False
5,4,0.0,a10d0ac3419f896702db7de2a18953fe7900139637b206352c94e6d4a57bc3ca,f1f50b29c45f26303427c9f6ac7ee835b1d744f6c2691bc25e7f67c705fd58e1,472b3a4b924486529a1cf7fff9701827542e0951bd3179ecf6b2b701375a3957,0.0,True,IRMv1,LINEAR_COMBINATION,LINEAR_COMBINATION,LINEAR_COMBINATION,u004,LINEAR_COMBINATION,LINEAR_COMBINATION,LINEAR_COMBINATION,LINEAR_COMBINATION,True,LINEAR_COMBINATION,LINEAR_COMBINATION,12,evaluation_label_noise,0.0,False,,False
20,4,0.0,a10d0ac3419f896702db7de2a18953fe7900139637b206352c94e6d4a57bc3ca,e7b99d6f1cb66ba84dc7c91f7e5e07bd1bd6511d123b54a4b5463fda44430386,16a4a0984eeb942aa871504a920a8dbdf8139a0532775149f494e51a186fafaf,0.0,True,IRMv1,LINEAR_COMBINATION,LINEAR_COMBINATION,LINEAR_COMBINATION,u004,LINEAR_COMBINATION,LINEAR_COMBINATION,LINEAR_COMBINATION,LINEAR_COMBINATION,True,LINEAR_COMBINATION,LINEAR_COMBINATION,12,evaluation_label_noise,0.0,False,,False
1,-1,0.071962334215641,a10d0ac3419f896702db7de2a18953fe7900139637b206352c94e6d4a57bc3ca,d5b0a01975c88bc1e84ca612d7d9f5deaa5c40495b2a381efeac2b437958dd9b,d211fb61630ec53d2b25b6da8247985f20cf24eeba78dbcf4aa76ee0707e4d27,1.3085473775863647,True,IRMv1,LINEAR_COMBINATION,LINEAR_COMBINATION,LINEAR_COMBINATION,u005,LINEAR_COMBINATION,LINEAR_COMBINATION,LINEAR_COMBINATION,LINEAR_COMBINATION,True,LINEAR_COMBINATION,LINEAR_COMBINATION,12,source_color_common,1.0546607971191406,True,,False
5,-1,0.299736887216568,a10d0ac3419f896702db7de2a18953fe7900139637b206352c94e6d4a57bc3ca,f1f50b29c45f26303427c9f6ac7ee835b1d744f6c2691bc25e7f67c705fd58e1,472b3a4b924486529a1cf7fff9701827542e0951bd3179ecf6b2b701375a3957,6.397756576538086,True,IRMv1,LINEAR_COMBINATION,LINEAR_COMBINATION,LINEAR_COMBINATION,u005,LINEAR_COMBINATION,LINEAR_COMBINATION,LINEAR_COMBINATION,LINEAR_COMBINATION,True,LINEAR_COMBINATION,LINEAR_COMBINATION,12,source_color_common,5.284542560577393,True,,False
20,-1,1.5547690391540527,a10d0ac3419f896702db7de2a18953fe7900139637b206352c94e6d4a57bc3ca,e7b99d6f1cb66ba84dc7c91f7e5e07bd1bd6511d123b54a4b5463fda44430386,16a4a0984eeb942aa871504a920a8dbdf8139a0532775149f494e51a186fafaf,5.255224227905273,True,IRMv1,LINEAR_COMBINATION,LINEAR_COMBINATION,LINEAR_COMBINATION,u005,LINEAR_COMBINATION,LINEAR_COMBINATION,LINEAR_COMBINATION,LINEAR_COMBINATION,True,LINEAR_COMBINATION,LINEAR_COMBINATION,12,source_color_common,4.362030506134033,True,,False
1,-1,0.0184951666742563,a10d0ac3419f896702db7de2a18953fe7900139637b206352c94e6d4a57bc3ca,d5b0a01975c88bc1e84ca612d7d9f5deaa5c40495b2a381efeac2b437958dd9b,d211fb61630ec53d2b25b6da8247985f20cf24eeba78dbcf4aa76ee0707e4d27,0.2644748091697693,True,IRMv1,LINEAR_COMBINATION,LINEAR_COMBINATION,LINEAR_COMBINATION,u006,LINEAR_COMBINATION,LINEAR_COMBINATION,LINEAR_COMBINATION,LINEAR_COMBINATION,True,LINEAR_COMBINATION,LINEAR_COMBINATION,12,source_color_contrast,0.2149681448936462,True,,False
5,-1,0.0951615944504737,a10d0ac3419f896702db7de2a18953fe7900139637b206352c94e6d4a57bc3ca,f1f50b29c45f26303427c9f6ac7ee835b1d744f6c2691bc25e7f67c705fd58e1,472b3a4b924486529a1cf7fff9701827542e0951bd3179ecf6b2b701375a3957,0.8414127230644226,True,IRMv1,LINEAR_COMBINATION,LINEAR_COMBINATION,LINEAR_COMBINATION,u006,LINEAR_COMBINATION,LINEAR_COMBINATION,LINEAR_COMBINATION,LINEAR_COMBINATION,True,LINEAR_COMBINATION,LINEAR_COMBINATION,12,source_color_contrast,0.699306070804596,True,,False
20,-1,0.2634951472282409,a10d0ac3419f896702db7de2a18953fe7900139637b206352c94e6d4a57bc3ca,e7b99d6f1cb66ba84dc7c91f7e5e07bd1bd6511d123b54a4b5463fda44430386,16a4a0984eeb942aa871504a920a8dbdf8139a0532775149f494e51a186fafaf,0.4922460317611694,True,IRMv1,LINEAR_COMBINATION,LINEAR_COMBINATION,LINEAR_COMBINATION,u006,LINEAR_COMBINATION,LINEAR_COMBINATION,LINEAR_COMBINATION,LINEAR_COMBINATION,True,LINEAR_COMBINATION,LINEAR_COMBINATION,12,source_color_contrast,0.4222045540809631,True,,False
1,-1,0.0508850514888763,a10d0ac3419f896702db7de2a18953fe7900139637b206352c94e6d4a57bc3ca,d5b0a01975c88bc1e84ca612d7d9f5deaa5c40495b2a381efeac2b437958dd9b,d211fb61630ec53d2b25b6da8247985f20cf24eeba78dbcf4aa76ee0707e4d27,0.9252827763557434,True,IRMv1,LINEAR_COMBINATION,LINEAR_COMBINATION,LINEAR_COMBINATION,u007,LINEAR_COMBINATION,LINEAR_COMBINATION,LINEAR_COMBINATION,LINEAR_COMBINATION,True,LINEAR_COMBINATION,LINEAR_COMBINATION,12,color_global,0.7457578182220459,False,,False
5,-1,0.2119459807872772,a10d0ac3419f896702db7de2a18953fe7900139637b206352c94e6d4a57bc3ca,f1f50b29c45f26303427c9f6ac7ee835b1d744f6c2691bc25e7f67c705fd58e1,472b3a4b924486529a1cf7fff9701827542e0951bd3179ecf6b2b701375a3957,4.523897171020508,True,IRMv1,LINEAR_COMBINATION,LINEAR_COMBINATION,LINEAR_COMBINATION,u007,LINEAR_COMBINATION,LINEAR_COMBINATION,LINEAR_COMBINATION,LINEAR_COMBINATION,True,LINEAR_COMBINATION,LINEAR_COMBINATION,12,color_global,3.736735820770264,False,,False
20,-1,1.099387764930725,a10d0ac3419f896702db7de2a18953fe7900139637b206352c94e6d4a57bc3ca,e7b99d6f1cb66ba84dc7c91f7e5e07bd1bd6511d123b54a4b5463fda44430386,16a4a0984eeb942aa871504a920a8dbdf8139a0532775149f494e51a186fafaf,3.7160048484802246,True,IRMv1,LINEAR_COMBINATION,LINEAR_COMBINATION,LINEAR_COMBINATION,u007,LINEAR_COMBINATION,LINEAR_COMBINATION,LINEAR_COMBINATION,LINEAR_COMBINATION,True,LINEAR_COMBINATION,LINEAR_COMBINATION,12,color_global,3.084421396255493,False,,False
1,-1,0.0508850514888763,a10d0ac3419f896702db7de2a18953fe7900139637b206352c94e6d4a57bc3ca,d5b0a01975c88bc1e84ca612d7d9f5deaa5c40495b2a381efeac2b437958dd9b,d211fb61630ec53d2b25b6da8247985f20cf24eeba78dbcf4aa76ee0707e4d27,0.9252827763557434,True,IRMv1,LINEAR_COMBINATION,LINEAR_COMBINATION,LINEAR_COMBINATION,u008,LINEAR_COMBINATION,LINEAR_COMBINATION,LINEAR_COMBINATION,LINEAR_COMBINATION,True,LINEAR_COMBINATION,LINEAR_COMBINATION,12,color_shift,0.7457578182220459,False,,False
5,-1,0.2119459807872772,a10d0ac3419f896702db7de2a18953fe7900139637b206352c94e6d4a57bc3ca,f1f50b29c45f26303427c9f6ac7ee835b1d744f6c2691bc25e7f67c705fd58e1,472b3a4b924486529a1cf7fff9701827542e0951bd3179ecf6b2b701375a3957,4.523897171020508,True,IRMv1,LINEAR_COMBINATION,LINEAR_COMBINATION,LINEAR_COMBINATION,u008,LINEAR_COMBINATION,LINEAR_COMBINATION,LINEAR_COMBINATION,LINEAR_COMBINATION,True,LINEAR_COMBINATION,LINEAR_COMBINATION,12,color_shift,3.736735820770264,False,,False
20,-1,1.099387764930725,a10d0ac3419f896702db7de2a18953fe7900139637b206352c94e6d4a57bc3ca,e7b99d6f1cb66ba84dc7c91f7e5e07bd1bd6511d123b54a4b5463fda44430386,16a4a0984eeb942aa871504a920a8dbdf8139a0532775149f494e51a186fafaf,3.7160048484802246,True,IRMv1,LINEAR_COMBINATION,LINEAR_COMBINATION,LINEAR_COMBINATION,u008,LINEAR_COMBINATION,LINEAR_COMBINATION,LINEAR_COMBINATION,LINEAR_COMBINATION,True,LINEAR_COMBINATION,LINEAR_COMBINATION,12,color_shift,3.084421396255493,False,,False
1,-1,0.7622240781784058,a10d0ac3419f896702db7de2a18953fe7900139637b206352c94e6d4a57bc3ca,d5b0a01975c88bc1e84ca612d7d9f5deaa5c40495b2a381efeac2b437958dd9b,d211fb61630ec53d2b25b6da8247985f20cf24eeba78dbcf4aa76ee0707e4d27,6.733742713928223,True,IRMv1,LINEAR_COMBINATION,LINEAR_COMBINATION,LINEAR_COMBINATION,u009,LINEAR_COMBINATION,LINEAR_COMBINATION,LINEAR_COMBINATION,LINEAR_COMBINATION,True,LINEAR_COMBINATION,LINEAR_COMBINATION,12,noise_global,5.335539817810059,False,,False
5,-1,4.304755210876465,a10d0ac3419f896702db7de2a18953fe7900139637b206352c94e6d4a57bc3ca,f1f50b29c45f26303427c9f6ac7ee835b1d744f6c2691bc25e7f67c705fd58e1,472b3a4b924486529a1cf7fff9701827542e0951bd3179ecf6b2b701375a3957,40.62054061889648,True,IRMv1,LINEAR_COMBINATION,LINEAR_COMBINATION,LINEAR_COMBINATION,u009,LINEAR_COMBINATION,LINEAR_COMBINATION,LINEAR_COMBINATION,LINEAR_COMBINATION,True,LINEAR_COMBINATION,LINEAR_COMBINATION,12,noise_global,31.980388641357425,False,,False
20,-1,3.9988882541656494,a10d0ac3419f896702db7de2a18953fe7900139637b206352c94e6d4a57bc3ca,e7b99d6f1cb66ba84dc7c91f7e5e07bd1bd6511d123b54a4b5463fda44430386,16a4a0984eeb942aa871504a920a8dbdf8139a0532775149f494e51a186fafaf,30.899866104125977,True,IRMv1,LINEAR_COMBINATION,LINEAR_COMBINATION,LINEAR_COMBINATION,u009,LINEAR_COMBINATION,LINEAR_COMBINATION,LINEAR_COMBINATION,LINEAR_COMBINATION,True,LINEAR_COMBINATION,LINEAR_COMBINATION,12,noise_global,24.268476486206055,False,,False
1,-1,0.7622240781784058,a10d0ac3419f896702db7de2a18953fe7900139637b206352c94e6d4a57bc3ca,d5b0a01975c88bc1e84ca612d7d9f5deaa5c40495b2a381efeac2b437958dd9b,d211fb61630ec53d2b25b6da8247985f20cf24eeba78dbcf4aa76ee0707e4d27,6.733742713928223,True,IRMv1,LINEAR_COMBINATION,LINEAR_COMBINATION,LINEAR_COMBINATION,u010,LINEAR_COMBINATION,LINEAR_COMBINATION,LINEAR_COMBINATION,LINEAR_COMBINATION,True,LINEAR_COMBINATION,LINEAR_COMBINATION,12,noise_shift,5.335539817810059,False,,False
5,-1,4.304755210876465,a10d0ac3419f896702db7de2a18953fe7900139637b206352c94e6d4a57bc3ca,f1f50b29c45f26303427c9f6ac7ee835b1d744f6c2691bc25e7f67c705fd58e1,472b3a4b924486529a1cf7fff9701827542e0951bd3179ecf6b2b701375a3957,40.62054061889648,True,IRMv1,LINEAR_COMBINATION,LINEAR_COMBINATION,LINEAR_COMBINATION,u010,LINEAR_COMBINATION,LINEAR_COMBINATION,LINEAR_COMBINATION,LINEAR_COMBINATION,True,LINEAR_COMBINATION,LINEAR_COMBINATION,12,noise_shift,31.980388641357425,False,,False
20,-1,3.9988882541656494,a10d0ac3419f896702db7de2a18953fe7900139637b206352c94e6d4a57bc3ca,e7b99d6f1cb66ba84dc7c91f7e5e07bd1bd6511d123b54a4b5463fda44430386,16a4a0984eeb942aa871504a920a8dbdf8139a0532775149f494e51a186fafaf,30.899866104125977,True,IRMv1,LINEAR_COMBINATION,LINEAR_COMBINATION,LINEAR_COMBINATION,u010,LINEAR_COMBINATION,LINEAR_COMBINATION,LINEAR_COMBINATION,LINEAR_COMBINATION,True,LINEAR_COMBINATION,LINEAR_COMBINATION,12,noise_shift,24.268476486206055,False,,False
1,0,0.0134286871179938,237160c1d1b6d73df3b9796e37ddc3d88f54cbfb7ca00ed89544711d9cadc654,3847392841f692b063f9665ceab14f7e3bb889d81ccf656758853e436ee2995e,89586de86c1c56a8bfeb51c3ba0efe42a1848919a17a676b316c1666e237f2fa,0.1026980429887771,True,VREX,237160c1d1b6d73df3b9796e37ddc3d88f54cbfb7ca00ed89544711d9cadc654,f82111962789f827287691edbd3ff055e81064c893a31fc5f7b00f9069573918,71644e0558a47eb8cd3ed05df8ef9f9d85622516240643986e9d41505cee67a3,u000,237160c1d1b6d73df3b9796e37ddc3d88f54cbfb7ca00ed89544711d9cadc654,203b079008aedfc10ac6433276e00b0254853f21ce33e3b8f70f9cef79b123a8,4b0733a014605be59ff31faea3859ecc22fb196c880e0416b4e8c0fb93d67fb7,237160c1d1b6d73df3b9796e37ddc3d88f54cbfb7ca00ed89544711d9cadc654,True,203b079008aedfc10ac6433276e00b0254853f21ce33e3b8f70f9cef79b123a8,4b0733a014605be59ff31faea3859ecc22fb196c880e0416b4e8c0fb93d67fb7,12,source_env0_color,0.0802664160728454,True,,False
5,0,0.1492319852113723,237160c1d1b6d73df3b9796e37ddc3d88f54cbfb7ca00ed89544711d9cadc654,9d63f26a2103ec0b575fc05b9d34b312ff9c19fe0edc73428e5f76e209918622,09af556eff0bcec6d4837d9ad93b7ae1bec527f630f43e6bf9218880e074ccca,1.2174311876296997,True,VREX,237160c1d1b6d73df3b9796e37ddc3d88f54cbfb7ca00ed89544711d9cadc654,01c53ba57d304b70bdd929e63ae65e2a00953edf76f2003bcbdaf6cc902f746c,b12e7f492772a31a077f7dbc249513b5a9a86cd2ef73bb7db35a44be5fc84d38,u000,237160c1d1b6d73df3b9796e37ddc3d88f54cbfb7ca00ed89544711d9cadc654,0fecdcb6c6e74ea849ab7341b930ef1dabe418f73b74e01de795254fd621ec40,6f058afa70005f4713844daf4c23904957e6aa40b34a0d205d421edc8a92d356,237160c1d1b6d73df3b9796e37ddc3d88f54cbfb7ca00ed89544711d9cadc654,True,0fecdcb6c6e74ea849ab7341b930ef1dabe418f73b74e01de795254fd621ec40,6f058afa70005f4713844daf4c23904957e6aa40b34a0d205d421edc8a92d356,12,source_env0_color,0.9542534351348876,True,,False
20,0,0.8223709464073181,237160c1d1b6d73df3b9796e37ddc3d88f54cbfb7ca00ed89544711d9cadc654,3d06e844c44369730f66aded6e9ccbdce278b6a703b809fc324eadbbd4ed981f,f63e497297404b82acf930ca92e5b8ceb48d7913ef6fe270ed6fc3617703c3e8,4.6356377601623535,True,VREX,237160c1d1b6d73df3b9796e37ddc3d88f54cbfb7ca00ed89544711d9cadc654,7d2d926df370b152644f60e7adee4a45cb69f6c7c9314619ebf15cea98c04029,2e02f6e142c9556ee0967c5bd7c741f3704bcb40ccaf1c9b45c481aa899170f1,u000,237160c1d1b6d73df3b9796e37ddc3d88f54cbfb7ca00ed89544711d9cadc654,5e693f871ccfc9604090787609ac85b28e33ed925c2ba6cea07ec056fb805596,36ec719f6815cf10c48896b1d4f1361fc2578fe511b54de69b46fd7da815a418,237160c1d1b6d73df3b9796e37ddc3d88f54cbfb7ca00ed89544711d9cadc654,True,5e693f871ccfc9604090787609ac85b28e33ed925c2ba6cea07ec056fb805596,36ec719f6815cf10c48896b1d4f1361fc2578fe511b54de69b46fd7da815a418,12,source_env0_color,3.619643449783325,True,,False
1,1,0.0150561910122632,237160c1d1b6d73df3b9796e37ddc3d88f54cbfb7ca00ed89544711d9cadc654,3847392841f692b063f9665ceab14f7e3bb889d81ccf656758853e436ee2995e,89586de86c1c56a8bfeb51c3ba0efe42a1848919a17a676b316c1666e237f2fa,0.1135975047945976,True,VREX,237160c1d1b6d73df3b9796e37ddc3d88f54cbfb7ca00ed89544711d9cadc654,0506b3846f7c83f31f9ccbbe8af5111895241e11ee265afe120acb104e72c6e0,f4a4fc5192dc0f404889fd8a1018e2b6adae25a3024b6879a0c68c55e3af63db,u001,237160c1d1b6d73df3b9796e37ddc3d88f54cbfb7ca00ed89544711d9cadc654,a3f93c37fdbfc40dac575eb3055a9c66e4782ffcbd36cbd33d6fe7942b32ba81,c32625e32f5ef383d00520864aced8be01dd79deab735ff8da5d164a308813cf,237160c1d1b6d73df3b9796e37ddc3d88f54cbfb7ca00ed89544711d9cadc654,True,a3f93c37fdbfc40dac575eb3055a9c66e4782ffcbd36cbd33d6fe7942b32ba81,c32625e32f5ef383d00520864aced8be01dd79deab735ff8da5d164a308813cf,12,source_env1_color,0.0888817608356475,True,,False
5,1,0.1718719601631164,237160c1d1b6d73df3b9796e37ddc3d88f54cbfb7ca00ed89544711d9cadc654,9d63f26a2103ec0b575fc05b9d34b312ff9c19fe0edc73428e5f76e209918622,09af556eff0bcec6d4837d9ad93b7ae1bec527f630f43e6bf9218880e074ccca,1.3952199220657349,True,VREX,237160c1d1b6d73df3b9796e37ddc3d88f54cbfb7ca00ed89544711d9cadc654,c4c00d62fbb70f39e292fa233369a9835c7bfc315acd34608fa97d8ceaa3b2a6,36bc36ea44f5e585ac25aab373d3eda033a428cf6a79d12be32c903062409c4d,u001,237160c1d1b6d73df3b9796e37ddc3d88f54cbfb7ca00ed89544711d9cadc654,d1691df308676fa661d332af291d84069b9528e4831f8345f05def8256a3681a,5e4385645b4bca2fa0464f2bb120bfd6c2c12eb53cfe1b03222a98553b3481aa,237160c1d1b6d73df3b9796e37ddc3d88f54cbfb7ca00ed89544711d9cadc654,True,d1691df308676fa661d332af291d84069b9528e4831f8345f05def8256a3681a,5e4385645b4bca2fa0464f2bb120bfd6c2c12eb53cfe1b03222a98553b3481aa,12,source_env1_color,1.0894131660461426,True,,False
20,1,0.8045804500579834,237160c1d1b6d73df3b9796e37ddc3d88f54cbfb7ca00ed89544711d9cadc654,3d06e844c44369730f66aded6e9ccbdce278b6a703b809fc324eadbbd4ed981f,f63e497297404b82acf930ca92e5b8ceb48d7913ef6fe270ed6fc3617703c3e8,4.868053436279297,True,VREX,237160c1d1b6d73df3b9796e37ddc3d88f54cbfb7ca00ed89544711d9cadc654,3a757dbe03262db94d22bbf03e07c42c7d6814fb094b7a8c8f251583c26d8c82,fba4b9aacab631cb6c8080f60f2c5ea765655546483a15ccd148e511904dd2e1,u001,237160c1d1b6d73df3b9796e37ddc3d88f54cbfb7ca00ed89544711d9cadc654,07d7307cd0691bbc5fb1fc1d636890dc88b1e7c245913e2c128da1607ecbab6e,c2d00bb849464dfb9076eaab141498efe31262cce2113bd6c51c3fe8a7a3aea8,237160c1d1b6d73df3b9796e37ddc3d88f54cbfb7ca00ed89544711d9cadc654,True,07d7307cd0691bbc5fb1fc1d636890dc88b1e7c245913e2c128da1607ecbab6e,c2d00bb849464dfb9076eaab141498efe31262cce2113bd6c51c3fe8a7a3aea8,12,source_env1_color,3.8091881275177,True,,False
1,2,0.0,237160c1d1b6d73df3b9796e37ddc3d88f54cbfb7ca00ed89544711d9cadc654,3847392841f692b063f9665ceab14f7e3bb889d81ccf656758853e436ee2995e,89586de86c1c56a8bfeb51c3ba0efe42a1848919a17a676b316c1666e237f2fa,0.0,True,VREX,LINEAR_COMBINATION,LINEAR_COMBINATION,LINEAR_COMBINATION,u002,LINEAR_COMBINATION,LINEAR_COMBINATION,LINEAR_COMBINATION,LINEAR_COMBINATION,True,LINEAR_COMBINATION,LINEAR_COMBINATION,12,evaluation_color,0.0,False,,False
5,2,0.0,237160c1d1b6d73df3b9796e37ddc3d88f54cbfb7ca00ed89544711d9cadc654,9d63f26a2103ec0b575fc05b9d34b312ff9c19fe0edc73428e5f76e209918622,09af556eff0bcec6d4837d9ad93b7ae1bec527f630f43e6bf9218880e074ccca,0.0,True,VREX,LINEAR_COMBINATION,LINEAR_COMBINATION,LINEAR_COMBINATION,u002,LINEAR_COMBINATION,LINEAR_COMBINATION,LINEAR_COMBINATION,LINEAR_COMBINATION,True,LINEAR_COMBINATION,LINEAR_COMBINATION,12,evaluation_color,0.0,False,,False
20,2,0.0,237160c1d1b6d73df3b9796e37ddc3d88f54cbfb7ca00ed89544711d9cadc654,3d06e844c44369730f66aded6e9ccbdce278b6a703b809fc324eadbbd4ed981f,f63e497297404b82acf930ca92e5b8ceb48d7913ef6fe270ed6fc3617703c3e8,0.0,True,VREX,LINEAR_COMBINATION,LINEAR_COMBINATION,LINEAR_COMBINATION,u002,LINEAR_COMBINATION,LINEAR_COMBINATION,LINEAR_COMBINATION,LINEAR_COMBINATION,True,LINEAR_COMBINATION,LINEAR_COMBINATION,12,evaluation_color,0.0,False,,False
1,3,0.0025245721917599,237160c1d1b6d73df3b9796e37ddc3d88f54cbfb7ca00ed89544711d9cadc654,3847392841f692b063f9665ceab14f7e3bb889d81ccf656758853e436ee2995e,89586de86c1c56a8bfeb51c3ba0efe42a1848919a17a676b316c1666e237f2fa,0.0150554953143,True,VREX,237160c1d1b6d73df3b9796e37ddc3d88f54cbfb7ca00ed89544711d9cadc654,b4ef7aa41bb54b9ee4133648d7c455bca29985d612f35258ea755014e084dfb4,44040ad81542000d07634d61cbccb98f18b0417f48ad889bb0a8dea39174140b,u003,237160c1d1b6d73df3b9796e37ddc3d88f54cbfb7ca00ed89544711d9cadc654,bd0ac2d1d9dd0f30ac65c71083a3251e82c71600fa693f3c2169f6362d2bae99,871fbb4af2a5f4d422aff28dd868f0d906ac21e445ef5a7e6df5db11fc7868c5,237160c1d1b6d73df3b9796e37ddc3d88f54cbfb7ca00ed89544711d9cadc654,True,bd0ac2d1d9dd0f30ac65c71083a3251e82c71600fa693f3c2169f6362d2bae99,871fbb4af2a5f4d422aff28dd868f0d906ac21e445ef5a7e6df5db11fc7868c5,12,source_label_noise,0.0119966184720397,True,,False
5,3,0.0644213780760765,237160c1d1b6d73df3b9796e37ddc3d88f54cbfb7ca00ed89544711d9cadc654,9d63f26a2103ec0b575fc05b9d34b312ff9c19fe0edc73428e5f76e209918622,09af556eff0bcec6d4837d9ad93b7ae1bec527f630f43e6bf9218880e074ccca,0.180212140083313,True,VREX,237160c1d1b6d73df3b9796e37ddc3d88f54cbfb7ca00ed89544711d9cadc654,0d0a4b1b6d846678939c6da54336193fe89bbf1999726142e5a889b69b93ad19,f5f863ebc3f2d4ba2febdea517aa1a5b37292fb0c2e511055eb572a3267c9987,u003,237160c1d1b6d73df3b9796e37ddc3d88f54cbfb7ca00ed89544711d9cadc654,d77915b3e71effd91f2c36c578c0ffec819d1d1a3eb334777abc9c2b250902e9,912962670f839ad7d1ec63d2c8e9628191ded0c81deee9004a7818cfccf5e447,237160c1d1b6d73df3b9796e37ddc3d88f54cbfb7ca00ed89544711d9cadc654,True,d77915b3e71effd91f2c36c578c0ffec819d1d1a3eb334777abc9c2b250902e9,912962670f839ad7d1ec63d2c8e9628191ded0c81deee9004a7818cfccf5e447,12,source_label_noise,0.138589009642601,True,,False
20,3,0.2774926126003265,237160c1d1b6d73df3b9796e37ddc3d88f54cbfb7ca00ed89544711d9cadc654,3d06e844c44369730f66aded6e9ccbdce278b6a703b809fc324eadbbd4ed981f,f63e497297404b82acf930ca92e5b8ceb48d7913ef6fe270ed6fc3617703c3e8,0.830384373664856,True,VREX,237160c1d1b6d73df3b9796e37ddc3d88f54cbfb7ca00ed89544711d9cadc654,3c6a56d81843451544dcade18a5ea172466164bd16558b76b0bebc21c83a32cb,ff373381e3aaa5a9afaf33c41fdfa8cacdc5b07a4403930a50ecaf33b971c271,u003,237160c1d1b6d73df3b9796e37ddc3d88f54cbfb7ca00ed89544711d9cadc654,433c345f1c0a0ac6ba25063d6d1eba2c3644984a51318ce45c85d59f011a9ccc,24907474207201ce3a931d0436bfb7e2b44d45a92e84886508c1dd9f81922492,237160c1d1b6d73df3b9796e37ddc3d88f54cbfb7ca00ed89544711d9cadc654,True,433c345f1c0a0ac6ba25063d6d1eba2c3644984a51318ce45c85d59f011a9ccc,24907474207201ce3a931d0436bfb7e2b44d45a92e84886508c1dd9f81922492,12,source_label_noise,0.6226053237915039,True,,False
1,4,0.0,237160c1d1b6d73df3b9796e37ddc3d88f54cbfb7ca00ed89544711d9cadc654,3847392841f692b063f9665ceab14f7e3bb889d81ccf656758853e436ee2995e,89586de86c1c56a8bfeb51c3ba0efe42a1848919a17a676b316c1666e237f2fa,0.0,True,VREX,LINEAR_COMBINATION,LINEAR_COMBINATION,LINEAR_COMBINATION,u004,LINEAR_COMBINATION,LINEAR_COMBINATION,LINEAR_COMBINATION,LINEAR_COMBINATION,True,LINEAR_COMBINATION,LINEAR_COMBINATION,12,evaluation_label_noise,0.0,False,,False
5,4,0.0,237160c1d1b6d73df3b9796e37ddc3d88f54cbfb7ca00ed89544711d9cadc654,9d63f26a2103ec0b575fc05b9d34b312ff9c19fe0edc73428e5f76e209918622,09af556eff0bcec6d4837d9ad93b7ae1bec527f630f43e6bf9218880e074ccca,0.0,True,VREX,LINEAR_COMBINATION,LINEAR_COMBINATION,LINEAR_COMBINATION,u004,LINEAR_COMBINATION,LINEAR_COMBINATION,LINEAR_COMBINATION,LINEAR_COMBINATION,True,LINEAR_COMBINATION,LINEAR_COMBINATION,12,evaluation_label_noise,0.0,False,,False
20,4,0.0,237160c1d1b6d73df3b9796e37ddc3d88f54cbfb7ca00ed89544711d9cadc654,3d06e844c44369730f66aded6e9ccbdce278b6a703b809fc324eadbbd4ed981f,f63e497297404b82acf930ca92e5b8ceb48d7913ef6fe270ed6fc3617703c3e8,0.0,True,VREX,LINEAR_COMBINATION,LINEAR_COMBINATION,LINEAR_COMBINATION,u004,LINEAR_COMBINATION,LINEAR_COMBINATION,LINEAR_COMBINATION,LINEAR_COMBINATION,True,LINEAR_COMBINATION,LINEAR_COMBINATION,12,evaluation_label_noise,0.0,False,,False
1,-1,0.0012295468477532,237160c1d1b6d73df3b9796e37ddc3d88f54cbfb7ca00ed89544711d9cadc654,3847392841f692b063f9665ceab14f7e3bb889d81ccf656758853e436ee2995e,89586de86c1c56a8bfeb51c3ba0efe42a1848919a17a676b316c1666e237f2fa,0.0078653562813997,True,VREX,LINEAR_COMBINATION,LINEAR_COMBINATION,LINEAR_COMBINATION,u005,LINEAR_COMBINATION,LINEAR_COMBINATION,LINEAR_COMBINATION,LINEAR_COMBINATION,True,LINEAR_COMBINATION,LINEAR_COMBINATION,12,source_color_common,0.0062500806525349,True,,False
5,-1,0.0201028306037187,237160c1d1b6d73df3b9796e37ddc3d88f54cbfb7ca00ed89544711d9cadc654,9d63f26a2103ec0b575fc05b9d34b312ff9c19fe0edc73428e5f76e209918622,09af556eff0bcec6d4837d9ad93b7ae1bec527f630f43e6bf9218880e074ccca,0.1284198760986328,True,VREX,LINEAR_COMBINATION,LINEAR_COMBINATION,LINEAR_COMBINATION,u005,LINEAR_COMBINATION,LINEAR_COMBINATION,LINEAR_COMBINATION,LINEAR_COMBINATION,True,LINEAR_COMBINATION,LINEAR_COMBINATION,12,source_color_common,0.0977060049772262,True,,False
20,-1,0.0606361515820026,237160c1d1b6d73df3b9796e37ddc3d88f54cbfb7ca00ed89544711d9cadc654,3d06e844c44369730f66aded6e9ccbdce278b6a703b809fc324eadbbd4ed981f,f63e497297404b82acf930ca92e5b8ceb48d7913ef6fe270ed6fc3617703c3e8,0.2753877341747284,True,VREX,LINEAR_COMBINATION,LINEAR_COMBINATION,LINEAR_COMBINATION,u005,LINEAR_COMBINATION,LINEAR_COMBINATION,LINEAR_COMBINATION,LINEAR_COMBINATION,True,LINEAR_COMBINATION,LINEAR_COMBINATION,12,source_color_common,0.2321424782276153,True,,False
1,-1,0.0201371945440769,237160c1d1b6d73df3b9796e37ddc3d88f54cbfb7ca00ed89544711d9cadc654,3847392841f692b063f9665ceab14f7e3bb889d81ccf656758853e436ee2995e,89586de86c1c56a8bfeb51c3ba0efe42a1848919a17a676b316c1666e237f2fa,0.1529359817504882,True,VREX,LINEAR_COMBINATION,LINEAR_COMBINATION,LINEAR_COMBINATION,u006,LINEAR_COMBINATION,LINEAR_COMBINATION,LINEAR_COMBINATION,LINEAR_COMBINATION,True,LINEAR_COMBINATION,LINEAR_COMBINATION,12,source_color_contrast,0.1195976659655571,True,,False
5,-1,0.2267289906740188,237160c1d1b6d73df3b9796e37ddc3d88f54cbfb7ca00ed89544711d9cadc654,9d63f26a2103ec0b575fc05b9d34b312ff9c19fe0edc73428e5f76e209918622,09af556eff0bcec6d4837d9ad93b7ae1bec527f630f43e6bf9218880e074ccca,1.847237467765808,True,VREX,LINEAR_COMBINATION,LINEAR_COMBINATION,LINEAR_COMBINATION,u006,LINEAR_COMBINATION,LINEAR_COMBINATION,LINEAR_COMBINATION,LINEAR_COMBINATION,True,LINEAR_COMBINATION,LINEAR_COMBINATION,12,source_color_contrast,1.4449477195739746,True,,False
20,-1,1.1488981246948242,237160c1d1b6d73df3b9796e37ddc3d88f54cbfb7ca00ed89544711d9cadc654,3d06e844c44369730f66aded6e9ccbdce278b6a703b809fc324eadbbd4ed981f,f63e497297404b82acf930ca92e5b8ceb48d7913ef6fe270ed6fc3617703c3e8,6.716490268707275,True,VREX,LINEAR_COMBINATION,LINEAR_COMBINATION,LINEAR_COMBINATION,u006,LINEAR_COMBINATION,LINEAR_COMBINATION,LINEAR_COMBINATION,LINEAR_COMBINATION,True,LINEAR_COMBINATION,LINEAR_COMBINATION,12,source_color_contrast,5.249556541442871,True,,False
1,-1,0.0008694209973327,237160c1d1b6d73df3b9796e37ddc3d88f54cbfb7ca00ed89544711d9cadc654,3847392841f692b063f9665ceab14f7e3bb889d81ccf656758853e436ee2995e,89586de86c1c56a8bfeb51c3ba0efe42a1848919a17a676b316c1666e237f2fa,0.0055616465397179,True,VREX,LINEAR_COMBINATION,LINEAR_COMBINATION,LINEAR_COMBINATION,u007,LINEAR_COMBINATION,LINEAR_COMBINATION,LINEAR_COMBINATION,LINEAR_COMBINATION,True,LINEAR_COMBINATION,LINEAR_COMBINATION,12,color_global,0.0044194748625159,False,,False
5,-1,0.0142148481681942,237160c1d1b6d73df3b9796e37ddc3d88f54cbfb7ca00ed89544711d9cadc654,9d63f26a2103ec0b575fc05b9d34b312ff9c19fe0edc73428e5f76e209918622,09af556eff0bcec6d4837d9ad93b7ae1bec527f630f43e6bf9218880e074ccca,0.0908065736293792,True,VREX,LINEAR_COMBINATION,LINEAR_COMBINATION,LINEAR_COMBINATION,u007,LINEAR_COMBINATION,LINEAR_COMBINATION,LINEAR_COMBINATION,LINEAR_COMBINATION,True,LINEAR_COMBINATION,LINEAR_COMBINATION,12,color_global,0.0690885782241821,False,,False
20,-1,0.042876236140728,237160c1d1b6d73df3b9796e37ddc3d88f54cbfb7ca00ed89544711d9cadc654,3d06e844c44369730f66aded6e9ccbdce278b6a703b809fc324eadbbd4ed981f,f63e497297404b82acf930ca92e5b8ceb48d7913ef6fe270ed6fc3617703c3e8,0.1947285085916519,True,VREX,LINEAR_COMBINATION,LINEAR_COMBINATION,LINEAR_COMBINATION,u007,LINEAR_COMBINATION,LINEAR_COMBINATION,LINEAR_COMBINATION,LINEAR_COMBINATION,True,LINEAR_COMBINATION,LINEAR_COMBINATION,12,color_global,0.164149522781372,False,,False
1,-1,0.0008694209973327,237160c1d1b6d73df3b9796e37ddc3d88f54cbfb7ca00ed89544711d9cadc654,3847392841f692b063f9665ceab14f7e3bb889d81ccf656758853e436ee2995e,89586de86c1c56a8bfeb51c3ba0efe42a1848919a17a676b316c1666e237f2fa,0.0055616465397179,True,VREX,LINEAR_COMBINATION,LINEAR_COMBINATION,LINEAR_COMBINATION,u008,LINEAR_COMBINATION,LINEAR_COMBINATION,LINEAR_COMBINATION,LINEAR_COMBINATION,True,LINEAR_COMBINATION,LINEAR_COMBINATION,12,color_shift,0.0044194748625159,False,,False
5,-1,0.0142148481681942,237160c1d1b6d73df3b9796e37ddc3d88f54cbfb7ca00ed89544711d9cadc654,9d63f26a2103ec0b575fc05b9d34b312ff9c19fe0edc73428e5f76e209918622,09af556eff0bcec6d4837d9ad93b7ae1bec527f630f43e6bf9218880e074ccca,0.0908065736293792,True,VREX,LINEAR_COMBINATION,LINEAR_COMBINATION,LINEAR_COMBINATION,u008,LINEAR_COMBINATION,LINEAR_COMBINATION,LINEAR_COMBINATION,LINEAR_COMBINATION,True,LINEAR_COMBINATION,LINEAR_COMBINATION,12,color_shift,0.0690885782241821,False,,False
20,-1,0.042876236140728,237160c1d1b6d73df3b9796e37ddc3d88f54cbfb7ca00ed89544711d9cadc654,3d06e844c44369730f66aded6e9ccbdce278b6a703b809fc324eadbbd4ed981f,f63e497297404b82acf930ca92e5b8ceb48d7913ef6fe270ed6fc3617703c3e8,0.1947285085916519,True,VREX,LINEAR_COMBINATION,LINEAR_COMBINATION,LINEAR_COMBINATION,u008,LINEAR_COMBINATION,LINEAR_COMBINATION,LINEAR_COMBINATION,LINEAR_COMBINATION,True,LINEAR_COMBINATION,LINEAR_COMBINATION,12,color_shift,0.164149522781372,False,,False
1,-1,0.0017851419979706,237160c1d1b6d73df3b9796e37ddc3d88f54cbfb7ca00ed89544711d9cadc654,3847392841f692b063f9665ceab14f7e3bb889d81ccf656758853e436ee2995e,89586de86c1c56a8bfeb51c3ba0efe42a1848919a17a676b316c1666e237f2fa,0.010645842179656,True,VREX,LINEAR_COMBINATION,LINEAR_COMBINATION,LINEAR_COMBINATION,u009,LINEAR_COMBINATION,LINEAR_COMBINATION,LINEAR_COMBINATION,LINEAR_COMBINATION,True,LINEAR_COMBINATION,LINEAR_COMBINATION,12,noise_global,0.0084828902035951,False,,False
5,-1,0.0455527938902378,237160c1d1b6d73df3b9796e37ddc3d88f54cbfb7ca00ed89544711d9cadc654,9d63f26a2103ec0b575fc05b9d34b312ff9c19fe0edc73428e5f76e209918622,09af556eff0bcec6d4837d9ad93b7ae1bec527f630f43e6bf9218880e074ccca,0.1274292171001434,True,VREX,LINEAR_COMBINATION,LINEAR_COMBINATION,LINEAR_COMBINATION,u009,LINEAR_COMBINATION,LINEAR_COMBINATION,LINEAR_COMBINATION,LINEAR_COMBINATION,True,LINEAR_COMBINATION,LINEAR_COMBINATION,12,noise_global,0.0979972183704376,False,,False
20,-1,0.1962169110774994,237160c1d1b6d73df3b9796e37ddc3d88f54cbfb7ca00ed89544711d9cadc654,3d06e844c44369730f66aded6e9ccbdce278b6a703b809fc324eadbbd4ed981f,f63e497297404b82acf930ca92e5b8ceb48d7913ef6fe270ed6fc3617703c3e8,0.587170422077179,True,VREX,LINEAR_COMBINATION,LINEAR_COMBINATION,LINEAR_COMBINATION,u009,LINEAR_COMBINATION,LINEAR_COMBINATION,LINEAR_COMBINATION,LINEAR_COMBINATION,True,LINEAR_COMBINATION,LINEAR_COMBINATION,12,noise_global,0.440248429775238,False,,False
1,-1,0.0017851419979706,237160c1d1b6d73df3b9796e37ddc3d88f54cbfb7ca00ed89544711d9cadc654,3847392841f692b063f9665ceab14f7e3bb889d81ccf656758853e436ee2995e,89586de86c1c56a8bfeb51c3ba0efe42a1848919a17a676b316c1666e237f2fa,0.010645842179656,True,VREX,LINEAR_COMBINATION,LINEAR_COMBINATION,LINEAR_COMBINATION,u010,LINEAR_COMBINATION,LINEAR_COMBINATION,LINEAR_COMBINATION,LINEAR_COMBINATION,True,LINEAR_COMBINATION,LINEAR_COMBINATION,12,noise_shift,0.0084828902035951,False,,False
5,-1,0.0455527938902378,237160c1d1b6d73df3b9796e37ddc3d88f54cbfb7ca00ed89544711d9cadc654,9d63f26a2103ec0b575fc05b9d34b312ff9c19fe0edc73428e5f76e209918622,09af556eff0bcec6d4837d9ad93b7ae1bec527f630f43e6bf9218880e074ccca,0.1274292171001434,True,VREX,LINEAR_COMBINATION,LINEAR_COMBINATION,LINEAR_COMBINATION,u010,LINEAR_COMBINATION,LINEAR_COMBINATION,LINEAR_COMBINATION,LINEAR_COMBINATION,True,LINEAR_COMBINATION,LINEAR_COMBINATION,12,noise_shift,0.0979972183704376,False,,False
20,-1,0.1962169110774994,237160c1d1b6d73df3b9796e37ddc3d88f54cbfb7ca00ed89544711d9cadc654,3d06e844c44369730f66aded6e9ccbdce278b6a703b809fc324eadbbd4ed981f,f63e497297404b82acf930ca92e5b8ceb48d7913ef6fe270ed6fc3617703c3e8,0.587170422077179,True,VREX,LINEAR_COMBINATION,LINEAR_COMBINATION,LINEAR_COMBINATION,u010,LINEAR_COMBINATION,LINEAR_COMBINATION,LINEAR_COMBINATION,LINEAR_COMBINATION,True,LINEAR_COMBINATION,LINEAR_COMBINATION,12,noise_shift,0.440248429775238,False,,False
1,0,0.0440437234938144,e4c301fe5e30ebb1be078731ac0cabd68ad175cdbc19faa73a299a30f9e178ba,82743d8382f86514bb17f1c8027bb8e790a70084d22c361955feb608e885ee5f,7360601cf09d97fd3c08e6f3e989ef273d6e60c675474cf873fc5cd7f2e32938,0.2057235538959503,True,FISHR,e4c301fe5e30ebb1be078731ac0cabd68ad175cdbc19faa73a299a30f9e178ba,997624b04f3d08747a30fba2321f416ad0a6c85c267edcb4e84b6c1aa7f3131d,6c007ece15aa3440d9a39f19222c979a7b4c5d9cc04639a04769d99d25674dd5,u000,e4c301fe5e30ebb1be078731ac0cabd68ad175cdbc19faa73a299a30f9e178ba,f97620ce8d3624703a8e7f733ce0438642eedbc81e88b6651d1dd88385393c64,a7e519ef05b91437794d1c1f71460e5ad50e1bb15482f6ddc73d1a4352fc284f,e4c301fe5e30ebb1be078731ac0cabd68ad175cdbc19faa73a299a30f9e178ba,True,f97620ce8d3624703a8e7f733ce0438642eedbc81e88b6651d1dd88385393c64,a7e519ef05b91437794d1c1f71460e5ad50e1bb15482f6ddc73d1a4352fc284f,12,source_env0_color,0.1512878388166427,True,,False
5,0,0.5001686811447144,e4c301fe5e30ebb1be078731ac0cabd68ad175cdbc19faa73a299a30f9e178ba,2900e29a9803447e60e7ea4c2f35743889ea6867eeed2a7ddf85cfb34f18c355,6fc316557bec5fe2176f6b5a1a6eba5b629eb3ce48d0d9031bd4ef88dc6a2aaf,2.2805042266845703,True,FISHR,e4c301fe5e30ebb1be078731ac0cabd68ad175cdbc19faa73a299a30f9e178ba,bbad19a53a94c978a3d9e8b5441dcc31cec5211dc41953ad515eea6a6605abef,091784b421528141c590aefd3aef6a386d6df2932ca2c03134e8561360207f7e,u000,e4c301fe5e30ebb1be078731ac0cabd68ad175cdbc19faa73a299a30f9e178ba,ce1beef445d3c9f29220d4ef659ef92759827c48390787e75ac0433b448e31b2,46030f864e7d51dced3b7ef05efce6161421edcfbdd8d59fe621dc7797658b09,e4c301fe5e30ebb1be078731ac0cabd68ad175cdbc19faa73a299a30f9e178ba,True,ce1beef445d3c9f29220d4ef659ef92759827c48390787e75ac0433b448e31b2,46030f864e7d51dced3b7ef05efce6161421edcfbdd8d59fe621dc7797658b09,12,source_env0_color,1.651078701019287,True,,False
20,0,1.6280664205551147,e4c301fe5e30ebb1be078731ac0cabd68ad175cdbc19faa73a299a30f9e178ba,3b324c10a70ce7008919250b2a0866f1a5eb104e95446115d06911c2a747c221,19da2451290ffa9e48be4139bc89881b3838d8d311a4844a8999856cd1c179c3,7.47846794128418,True,FISHR,e4c301fe5e30ebb1be078731ac0cabd68ad175cdbc19faa73a299a30f9e178ba,f1600fba8ca2e91811c230acd17b1c3615de35a8c1987d44cd131b52cde64be1,c7bde7210a5920bbed4d057014f09d0ad244b2845b380b87543b6ad5da7e17bf,u000,e4c301fe5e30ebb1be078731ac0cabd68ad175cdbc19faa73a299a30f9e178ba,2e77588ae8243aef1667d727ea31199a12f92d9d9b343eb32e3dcc9092313e77,12bb8d1601b09258563615ebba62e9f165143df86610367e733d2063b9bab1a6,e4c301fe5e30ebb1be078731ac0cabd68ad175cdbc19faa73a299a30f9e178ba,True,2e77588ae8243aef1667d727ea31199a12f92d9d9b343eb32e3dcc9092313e77,12bb8d1601b09258563615ebba62e9f165143df86610367e733d2063b9bab1a6,12,source_env0_color,5.475171089172363,True,,False
1,1,0.0383300967514514,e4c301fe5e30ebb1be078731ac0cabd68ad175cdbc19faa73a299a30f9e178ba,82743d8382f86514bb17f1c8027bb8e790a70084d22c361955feb608e885ee5f,7360601cf09d97fd3c08e6f3e989ef273d6e60c675474cf873fc5cd7f2e32938,0.1817908138036728,True,FISHR,e4c301fe5e30ebb1be078731ac0cabd68ad175cdbc19faa73a299a30f9e178ba,3db6b89b95fe96c1ebb275a4d09f54d89cedb8fa10504bcba685be46d5df983d,6107c377a2a1b8cbc15501d1cf430d29a1087399ddcb8935f152c3d1a8a5939e,u001,e4c301fe5e30ebb1be078731ac0cabd68ad175cdbc19faa73a299a30f9e178ba,7ddc878a33a62821120dabb3ca46614733c6ba472a93de6825b291f6fbaa7476,eea80a3a7f95be11c39d25ada594fcc699fa4520380f36ebb8bf95df458f51cc,e4c301fe5e30ebb1be078731ac0cabd68ad175cdbc19faa73a299a30f9e178ba,True,7ddc878a33a62821120dabb3ca46614733c6ba472a93de6825b291f6fbaa7476,eea80a3a7f95be11c39d25ada594fcc699fa4520380f36ebb8bf95df458f51cc,12,source_env1_color,0.1335352957248687,True,,False
5,1,0.4299891293048858,e4c301fe5e30ebb1be078731ac0cabd68ad175cdbc19faa73a299a30f9e178ba,2900e29a9803447e60e7ea4c2f35743889ea6867eeed2a7ddf85cfb34f18c355,6fc316557bec5fe2176f6b5a1a6eba5b629eb3ce48d0d9031bd4ef88dc6a2aaf,1.989720582962036,True,FISHR,e4c301fe5e30ebb1be078731ac0cabd68ad175cdbc19faa73a299a30f9e178ba,d801410917bf8966a4eab3a8395e3409072f10d79f8a25770a248b0bdd12ea01,bce9d7191b78167c466f27e9f2e1ce0482a6c0cab98b6269a547e412b89a4d78,u001,e4c301fe5e30ebb1be078731ac0cabd68ad175cdbc19faa73a299a30f9e178ba,79765c1fba45af55bea7374aab263fc1ca2900e7a918a49cf5f479afcee42f81,0537a0266798d647ecf81078272bcff4d5a5a151ba51fbb6ed7b383935ac7cd7,e4c301fe5e30ebb1be078731ac0cabd68ad175cdbc19faa73a299a30f9e178ba,True,79765c1fba45af55bea7374aab263fc1ca2900e7a918a49cf5f479afcee42f81,0537a0266798d647ecf81078272bcff4d5a5a151ba51fbb6ed7b383935ac7cd7,12,source_env1_color,1.4361474514007568,True,,False
20,1,1.1999472379684448,e4c301fe5e30ebb1be078731ac0cabd68ad175cdbc19faa73a299a30f9e178ba,3b324c10a70ce7008919250b2a0866f1a5eb104e95446115d06911c2a747c221,19da2451290ffa9e48be4139bc89881b3838d8d311a4844a8999856cd1c179c3,5.7667412757873535,True,FISHR,e4c301fe5e30ebb1be078731ac0cabd68ad175cdbc19faa73a299a30f9e178ba,bdd0df0ccfc126a9da07126ff37c67824c7d0329e6f4c01bd1c9c30bf46f5430,e44b1a7c4a7225bd0238a11b7fa5bad902f470646cbc2580afe67e3195a8d9f3,u001,e4c301fe5e30ebb1be078731ac0cabd68ad175cdbc19faa73a299a30f9e178ba,5501ceb316d7847c940b5bec651e61e102487f5c3e2927d2c383a758f95e0787,7507d4141a87dc922e421336e227c6f4d9d5560d24daedc990cc795e9b37dde3,e4c301fe5e30ebb1be078731ac0cabd68ad175cdbc19faa73a299a30f9e178ba,True,5501ceb316d7847c940b5bec651e61e102487f5c3e2927d2c383a758f95e0787,7507d4141a87dc922e421336e227c6f4d9d5560d24daedc990cc795e9b37dde3,12,source_env1_color,4.245698928833008,True,,False
1,2,0.0,e4c301fe5e30ebb1be078731ac0cabd68ad175cdbc19faa73a299a30f9e178ba,82743d8382f86514bb17f1c8027bb8e790a70084d22c361955feb608e885ee5f,7360601cf09d97fd3c08e6f3e989ef273d6e60c675474cf873fc5cd7f2e32938,0.0,True,FISHR,LINEAR_COMBINATION,LINEAR_COMBINATION,LINEAR_COMBINATION,u002,LINEAR_COMBINATION,LINEAR_COMBINATION,LINEAR_COMBINATION,LINEAR_COMBINATION,True,LINEAR_COMBINATION,LINEAR_COMBINATION,12,evaluation_color,0.0,False,,False
5,2,0.0,e4c301fe5e30ebb1be078731ac0cabd68ad175cdbc19faa73a299a30f9e178ba,2900e29a9803447e60e7ea4c2f35743889ea6867eeed2a7ddf85cfb34f18c355,6fc316557bec5fe2176f6b5a1a6eba5b629eb3ce48d0d9031bd4ef88dc6a2aaf,0.0,True,FISHR,LINEAR_COMBINATION,LINEAR_COMBINATION,LINEAR_COMBINATION,u002,LINEAR_COMBINATION,LINEAR_COMBINATION,LINEAR_COMBINATION,LINEAR_COMBINATION,True,LINEAR_COMBINATION,LINEAR_COMBINATION,12,evaluation_color,0.0,False,,False
20,2,0.0,e4c301fe5e30ebb1be078731ac0cabd68ad175cdbc19faa73a299a30f9e178ba,3b324c10a70ce7008919250b2a0866f1a5eb104e95446115d06911c2a747c221,19da2451290ffa9e48be4139bc89881b3838d8d311a4844a8999856cd1c179c3,0.0,True,FISHR,LINEAR_COMBINATION,LINEAR_COMBINATION,LINEAR_COMBINATION,u002,LINEAR_COMBINATION,LINEAR_COMBINATION,LINEAR_COMBINATION,LINEAR_COMBINATION,True,LINEAR_COMBINATION,LINEAR_COMBINATION,12,evaluation_color,0.0,False,,False
1,3,0.0026110205799341,e4c301fe5e30ebb1be078731ac0cabd68ad175cdbc19faa73a299a30f9e178ba,82743d8382f86514bb17f1c8027bb8e790a70084d22c361955feb608e885ee5f,7360601cf09d97fd3c08e6f3e989ef273d6e60c675474cf873fc5cd7f2e32938,0.0067918328568339,True,FISHR,e4c301fe5e30ebb1be078731ac0cabd68ad175cdbc19faa73a299a30f9e178ba,9455283e92addc541bbbd8946e5d1dc3d025841becbe64dc412d2e8d2d75c7f5,c3d6bf03adc456a903b143b57366ff8af2a595bd8e5ba1245eb29b4992d5ad01,u003,e4c301fe5e30ebb1be078731ac0cabd68ad175cdbc19faa73a299a30f9e178ba,d02f1ecb2210448f2adac3bca248deb45ae7677c7a92143a247c4d955c5b7ca8,bb4468b8e977ffea9713786cf7a16e9e8876eebf4c7313b30efb7d8890bb6f7e,e4c301fe5e30ebb1be078731ac0cabd68ad175cdbc19faa73a299a30f9e178ba,True,d02f1ecb2210448f2adac3bca248deb45ae7677c7a92143a247c4d955c5b7ca8,bb4468b8e977ffea9713786cf7a16e9e8876eebf4c7313b30efb7d8890bb6f7e,12,source_label_noise,0.0046189092099666,True,,False
5,3,0.0362983681261539,e4c301fe5e30ebb1be078731ac0cabd68ad175cdbc19faa73a299a30f9e178ba,2900e29a9803447e60e7ea4c2f35743889ea6867eeed2a7ddf85cfb34f18c355,6fc316557bec5fe2176f6b5a1a6eba5b629eb3ce48d0d9031bd4ef88dc6a2aaf,0.0784810334444046,True,FISHR,e4c301fe5e30ebb1be078731ac0cabd68ad175cdbc19faa73a299a30f9e178ba,e1c548219f889790bbf516d2b44b10ce56393376f07689170a6f0d4f6c972081,767de14a70c288d36764326b27f3bf78014c17ecaa88ca774a95792140af6a43,u003,e4c301fe5e30ebb1be078731ac0cabd68ad175cdbc19faa73a299a30f9e178ba,20026e17f18842d9a2ffc7015acc46e089d17e9fce5d9b0004e83630e4b9f25b,877010dea848b6db99c87ec902df7ed12e126e8bec4c6472de505eeed1548d9e,e4c301fe5e30ebb1be078731ac0cabd68ad175cdbc19faa73a299a30f9e178ba,True,20026e17f18842d9a2ffc7015acc46e089d17e9fce5d9b0004e83630e4b9f25b,877010dea848b6db99c87ec902df7ed12e126e8bec4c6472de505eeed1548d9e,12,source_label_noise,0.0704611614346504,True,,False
20,3,0.320004403591156,e4c301fe5e30ebb1be078731ac0cabd68ad175cdbc19faa73a299a30f9e178ba,3b324c10a70ce7008919250b2a0866f1a5eb104e95446115d06911c2a747c221,19da2451290ffa9e48be4139bc89881b3838d8d311a4844a8999856cd1c179c3,0.7096326947212219,True,FISHR,e4c301fe5e30ebb1be078731ac0cabd68ad175cdbc19faa73a299a30f9e178ba,cace2973782505c22bb844392e617fea0f1de58a8b2933e33bad47e3afdd1523,931752d0e0905ff013c179a5d79eec31b8d6f868e776e1ddc75842348dbcff9b,u003,e4c301fe5e30ebb1be078731ac0cabd68ad175cdbc19faa73a299a30f9e178ba,0d73710962e80710c2421795d0ebce41a2e69a92026a73af0619e2cf3599b7be,0e1687d035c82d0455f722c835954e05110ba68c7007a03aac6b3fd8181a10a6,e4c301fe5e30ebb1be078731ac0cabd68ad175cdbc19faa73a299a30f9e178ba,True,0d73710962e80710c2421795d0ebce41a2e69a92026a73af0619e2cf3599b7be,0e1687d035c82d0455f722c835954e05110ba68c7007a03aac6b3fd8181a10a6,12,source_label_noise,0.6058980822563171,True,,False
1,4,0.0,e4c301fe5e30ebb1be078731ac0cabd68ad175cdbc19faa73a299a30f9e178ba,82743d8382f86514bb17f1c8027bb8e790a70084d22c361955feb608e885ee5f,7360601cf09d97fd3c08e6f3e989ef273d6e60c675474cf873fc5cd7f2e32938,0.0,True,FISHR,LINEAR_COMBINATION,LINEAR_COMBINATION,LINEAR_COMBINATION,u004,LINEAR_COMBINATION,LINEAR_COMBINATION,LINEAR_COMBINATION,LINEAR_COMBINATION,True,LINEAR_COMBINATION,LINEAR_COMBINATION,12,evaluation_label_noise,0.0,False,,False
5,4,0.0,e4c301fe5e30ebb1be078731ac0cabd68ad175cdbc19faa73a299a30f9e178ba,2900e29a9803447e60e7ea4c2f35743889ea6867eeed2a7ddf85cfb34f18c355,6fc316557bec5fe2176f6b5a1a6eba5b629eb3ce48d0d9031bd4ef88dc6a2aaf,0.0,True,FISHR,LINEAR_COMBINATION,LINEAR_COMBINATION,LINEAR_COMBINATION,u004,LINEAR_COMBINATION,LINEAR_COMBINATION,LINEAR_COMBINATION,LINEAR_COMBINATION,True,LINEAR_COMBINATION,LINEAR_COMBINATION,12,evaluation_label_noise,0.0,False,,False
20,4,0.0,e4c301fe5e30ebb1be078731ac0cabd68ad175cdbc19faa73a299a30f9e178ba,3b324c10a70ce7008919250b2a0866f1a5eb104e95446115d06911c2a747c221,19da2451290ffa9e48be4139bc89881b3838d8d311a4844a8999856cd1c179c3,0.0,True,FISHR,LINEAR_COMBINATION,LINEAR_COMBINATION,LINEAR_COMBINATION,u004,LINEAR_COMBINATION,LINEAR_COMBINATION,LINEAR_COMBINATION,LINEAR_COMBINATION,True,LINEAR_COMBINATION,LINEAR_COMBINATION,12,evaluation_label_noise,0.0,False,,False
1,-1,0.0042187343351542,e4c301fe5e30ebb1be078731ac0cabd68ad175cdbc19faa73a299a30f9e178ba,82743d8382f86514bb17f1c8027bb8e790a70084d22c361955feb608e885ee5f,7360601cf09d97fd3c08e6f3e989ef273d6e60c675474cf873fc5cd7f2e32938,0.0176721811294555,True,FISHR,LINEAR_COMBINATION,LINEAR_COMBINATION,LINEAR_COMBINATION,u005,LINEAR_COMBINATION,LINEAR_COMBINATION,LINEAR_COMBINATION,LINEAR_COMBINATION,True,LINEAR_COMBINATION,LINEAR_COMBINATION,12,source_color_common,0.0129709066823124,True,,False
5,-1,0.0504798032343387,e4c301fe5e30ebb1be078731ac0cabd68ad175cdbc19faa73a299a30f9e178ba,2900e29a9803447e60e7ea4c2f35743889ea6867eeed2a7ddf85cfb34f18c355,6fc316557bec5fe2176f6b5a1a6eba5b629eb3ce48d0d9031bd4ef88dc6a2aaf,0.2088800817728042,True,FISHR,LINEAR_COMBINATION,LINEAR_COMBINATION,LINEAR_COMBINATION,u005,LINEAR_COMBINATION,LINEAR_COMBINATION,LINEAR_COMBINATION,LINEAR_COMBINATION,True,LINEAR_COMBINATION,LINEAR_COMBINATION,12,source_color_common,0.1537658423185348,True,,False
20,-1,0.3069618046283722,e4c301fe5e30ebb1be078731ac0cabd68ad175cdbc19faa73a299a30f9e178ba,3b324c10a70ce7008919250b2a0866f1a5eb104e95446115d06911c2a747c221,19da2451290ffa9e48be4139bc89881b3838d8d311a4844a8999856cd1c179c3,1.2272380590438845,True,FISHR,LINEAR_COMBINATION,LINEAR_COMBINATION,LINEAR_COMBINATION,u005,LINEAR_COMBINATION,LINEAR_COMBINATION,LINEAR_COMBINATION,LINEAR_COMBINATION,True,LINEAR_COMBINATION,LINEAR_COMBINATION,12,source_color_common,0.8810350894927979,True,,False
1,-1,0.0582344271242618,e4c301fe5e30ebb1be078731ac0cabd68ad175cdbc19faa73a299a30f9e178ba,82743d8382f86514bb17f1c8027bb8e790a70084d22c361955feb608e885ee5f,7360601cf09d97fd3c08e6f3e989ef273d6e60c675474cf873fc5cd7f2e32938,0.2739667296409607,True,FISHR,LINEAR_COMBINATION,LINEAR_COMBINATION,LINEAR_COMBINATION,u006,LINEAR_COMBINATION,LINEAR_COMBINATION,LINEAR_COMBINATION,LINEAR_COMBINATION,True,LINEAR_COMBINATION,LINEAR_COMBINATION,12,source_color_contrast,0.2013738751411438,True,,False
5,-1,0.6576557755470276,e4c301fe5e30ebb1be078731ac0cabd68ad175cdbc19faa73a299a30f9e178ba,2900e29a9803447e60e7ea4c2f35743889ea6867eeed2a7ddf85cfb34f18c355,6fc316557bec5fe2176f6b5a1a6eba5b629eb3ce48d0d9031bd4ef88dc6a2aaf,3.0192806720733643,True,FISHR,LINEAR_COMBINATION,LINEAR_COMBINATION,LINEAR_COMBINATION,u006,LINEAR_COMBINATION,LINEAR_COMBINATION,LINEAR_COMBINATION,LINEAR_COMBINATION,True,LINEAR_COMBINATION,LINEAR_COMBINATION,12,source_color_contrast,2.182873249053955,True,,False
20,-1,1.999061942100525,e4c301fe5e30ebb1be078731ac0cabd68ad175cdbc19faa73a299a30f9e178ba,3b324c10a70ce7008919250b2a0866f1a5eb104e95446115d06911c2a747c221,19da2451290ffa9e48be4139bc89881b3838d8d311a4844a8999856cd1c179c3,9.363582611083984,True,FISHR,LINEAR_COMBINATION,LINEAR_COMBINATION,LINEAR_COMBINATION,u006,LINEAR_COMBINATION,LINEAR_COMBINATION,LINEAR_COMBINATION,LINEAR_COMBINATION,True,LINEAR_COMBINATION,LINEAR_COMBINATION,12,source_color_contrast,6.872208595275879,True,,False
1,-1,0.0029830955900251,e4c301fe5e30ebb1be078731ac0cabd68ad175cdbc19faa73a299a30f9e178ba,82743d8382f86514bb17f1c8027bb8e790a70084d22c361955feb608e885ee5f,7360601cf09d97fd3c08e6f3e989ef273d6e60c675474cf873fc5cd7f2e32938,0.0124961202964186,True,FISHR,LINEAR_COMBINATION,LINEAR_COMBINATION,LINEAR_COMBINATION,u007,LINEAR_COMBINATION,LINEAR_COMBINATION,LINEAR_COMBINATION,LINEAR_COMBINATION,True,LINEAR_COMBINATION,LINEAR_COMBINATION,12,color_global,0.0091718155890703,False,,False
5,-1,0.0356946140527725,e4c301fe5e30ebb1be078731ac0cabd68ad175cdbc19faa73a299a30f9e178ba,2900e29a9803447e60e7ea4c2f35743889ea6867eeed2a7ddf85cfb34f18c355,6fc316557bec5fe2176f6b5a1a6eba5b629eb3ce48d0d9031bd4ef88dc6a2aaf,0.1477005183696746,True,FISHR,LINEAR_COMBINATION,LINEAR_COMBINATION,LINEAR_COMBINATION,u007,LINEAR_COMBINATION,LINEAR_COMBINATION,LINEAR_COMBINATION,LINEAR_COMBINATION,True,LINEAR_COMBINATION,LINEAR_COMBINATION,12,color_global,0.1087288707494735,False,,False
20,-1,0.2170547693967819,e4c301fe5e30ebb1be078731ac0cabd68ad175cdbc19faa73a299a30f9e178ba,3b324c10a70ce7008919250b2a0866f1a5eb104e95446115d06911c2a747c221,19da2451290ffa9e48be4139bc89881b3838d8d311a4844a8999856cd1c179c3,0.8677883744239807,True,FISHR,LINEAR_COMBINATION,LINEAR_COMBINATION,LINEAR_COMBINATION,u007,LINEAR_COMBINATION,LINEAR_COMBINATION,LINEAR_COMBINATION,LINEAR_COMBINATION,True,LINEAR_COMBINATION,LINEAR_COMBINATION,12,color_global,0.6229858994483948,False,,False
1,-1,0.0029830955900251,e4c301fe5e30ebb1be078731ac0cabd68ad175cdbc19faa73a299a30f9e178ba,82743d8382f86514bb17f1c8027bb8e790a70084d22c361955feb608e885ee5f,7360601cf09d97fd3c08e6f3e989ef273d6e60c675474cf873fc5cd7f2e32938,0.0124961202964186,True,FISHR,LINEAR_COMBINATION,LINEAR_COMBINATION,LINEAR_COMBINATION,u008,LINEAR_COMBINATION,LINEAR_COMBINATION,LINEAR_COMBINATION,LINEAR_COMBINATION,True,LINEAR_COMBINATION,LINEAR_COMBINATION,12,color_shift,0.0091718155890703,False,,False
5,-1,0.0356946140527725,e4c301fe5e30ebb1be078731ac0cabd68ad175cdbc19faa73a299a30f9e178ba,2900e29a9803447e60e7ea4c2f35743889ea6867eeed2a7ddf85cfb34f18c355,6fc316557bec5fe2176f6b5a1a6eba5b629eb3ce48d0d9031bd4ef88dc6a2aaf,0.1477005183696746,True,FISHR,LINEAR_COMBINATION,LINEAR_COMBINATION,LINEAR_COMBINATION,u008,LINEAR_COMBINATION,LINEAR_COMBINATION,LINEAR_COMBINATION,LINEAR_COMBINATION,True,LINEAR_COMBINATION,LINEAR_COMBINATION,12,color_shift,0.1087288707494735,False,,False
20,-1,0.2170547693967819,e4c301fe5e30ebb1be078731ac0cabd68ad175cdbc19faa73a299a30f9e178ba,3b324c10a70ce7008919250b2a0866f1a5eb104e95446115d06911c2a747c221,19da2451290ffa9e48be4139bc89881b3838d8d311a4844a8999856cd1c179c3,0.8677883744239807,True,FISHR,LINEAR_COMBINATION,LINEAR_COMBINATION,LINEAR_COMBINATION,u008,LINEAR_COMBINATION,LINEAR_COMBINATION,LINEAR_COMBINATION,LINEAR_COMBINATION,True,LINEAR_COMBINATION,LINEAR_COMBINATION,12,color_shift,0.6229858994483948,False,,False
1,-1,0.0018462704028934,e4c301fe5e30ebb1be078731ac0cabd68ad175cdbc19faa73a299a30f9e178ba,82743d8382f86514bb17f1c8027bb8e790a70084d22c361955feb608e885ee5f,7360601cf09d97fd3c08e6f3e989ef273d6e60c675474cf873fc5cd7f2e32938,0.0048025511205196,True,FISHR,LINEAR_COMBINATION,LINEAR_COMBINATION,LINEAR_COMBINATION,u009,LINEAR_COMBINATION,LINEAR_COMBINATION,LINEAR_COMBINATION,LINEAR_COMBINATION,True,LINEAR_COMBINATION,LINEAR_COMBINATION,12,noise_global,0.0032660618890076,False,,False
5,-1,0.0256668217480182,e4c301fe5e30ebb1be078731ac0cabd68ad175cdbc19faa73a299a30f9e178ba,2900e29a9803447e60e7ea4c2f35743889ea6867eeed2a7ddf85cfb34f18c355,6fc316557bec5fe2176f6b5a1a6eba5b629eb3ce48d0d9031bd4ef88dc6a2aaf,0.0554944686591625,True,FISHR,LINEAR_COMBINATION,LINEAR_COMBINATION,LINEAR_COMBINATION,u009,LINEAR_COMBINATION,LINEAR_COMBINATION,LINEAR_COMBINATION,LINEAR_COMBINATION,True,LINEAR_COMBINATION,LINEAR_COMBINATION,12,noise_global,0.0498235672712326,False,,False
20,-1,0.2262772768735885,e4c301fe5e30ebb1be078731ac0cabd68ad175cdbc19faa73a299a30f9e178ba,3b324c10a70ce7008919250b2a0866f1a5eb104e95446115d06911c2a747c221,19da2451290ffa9e48be4139bc89881b3838d8d311a4844a8999856cd1c179c3,0.5017860531806946,True,FISHR,LINEAR_COMBINATION,LINEAR_COMBINATION,LINEAR_COMBINATION,u009,LINEAR_COMBINATION,LINEAR_COMBINATION,LINEAR_COMBINATION,LINEAR_COMBINATION,True,LINEAR_COMBINATION,LINEAR_COMBINATION,12,noise_global,0.428434669971466,False,,False
1,-1,0.0018462704028934,e4c301fe5e30ebb1be078731ac0cabd68ad175cdbc19faa73a299a30f9e178ba,82743d8382f86514bb17f1c8027bb8e790a70084d22c361955feb608e885ee5f,7360601cf09d97fd3c08e6f3e989ef273d6e60c675474cf873fc5cd7f2e32938,0.0048025511205196,True,FISHR,LINEAR_COMBINATION,LINEAR_COMBINATION,LINEAR_COMBINATION,u010,LINEAR_COMBINATION,LINEAR_COMBINATION,LINEAR_COMBINATION,LINEAR_COMBINATION,True,LINEAR_COMBINATION,LINEAR_COMBINATION,12,noise_shift,0.0032660618890076,False,,False
5,-1,0.0256668217480182,e4c301fe5e30ebb1be078731ac0cabd68ad175cdbc19faa73a299a30f9e178ba,2900e29a9803447e60e7ea4c2f35743889ea6867eeed2a7ddf85cfb34f18c355,6fc316557bec5fe2176f6b5a1a6eba5b629eb3ce48d0d9031bd4ef88dc6a2aaf,0.0554944686591625,True,FISHR,LINEAR_COMBINATION,LINEAR_COMBINATION,LINEAR_COMBINATION,u010,LINEAR_COMBINATION,LINEAR_COMBINATION,LINEAR_COMBINATION,LINEAR_COMBINATION,True,LINEAR_COMBINATION,LINEAR_COMBINATION,12,noise_shift,0.0498235672712326,False,,False
20,-1,0.2262772768735885,e4c301fe5e30ebb1be078731ac0cabd68ad175cdbc19faa73a299a30f9e178ba,3b324c10a70ce7008919250b2a0866f1a5eb104e95446115d06911c2a747c221,19da2451290ffa9e48be4139bc89881b3838d8d311a4844a8999856cd1c179c3,0.5017860531806946,True,FISHR,LINEAR_COMBINATION,LINEAR_COMBINATION,LINEAR_COMBINATION,u010,LINEAR_COMBINATION,LINEAR_COMBINATION,LINEAR_COMBINATION,LINEAR_COMBINATION,True,LINEAR_COMBINATION,LINEAR_COMBINATION,12,noise_shift,0.428434669971466,False,,False
1,0,1.3785415887832642,940c457b8ad452b0b04506f73618b4fde9d189809f631d280b35bba96727796a,bdfdb6a65c54c7ef4c0cdaa24fc9ef0967afee0796ae806460eddb9f251a8970,64ab6c29330b70def9cbd5fda5ad20d973ee62e2631ad2f0a586bc402b14feea,20.573427200317383,True,CORAL,940c457b8ad452b0b04506f73618b4fde9d189809f631d280b35bba96727796a,d392da3e75f071e39daf29ada6629c222c3794ea0f43096d490681d6918f1efc,b6249b3a9464b0bf11b7b23235f27ce888c97b8ac691c200aab449f601db52ed,u000,940c457b8ad452b0b04506f73618b4fde9d189809f631d280b35bba96727796a,117be932637feacf83ccc6543b905f4ee68735c6c91c979249bd292703f53dbc,3410be18893f8f8743ea530ddb9da028ee91246b230e84534d6e929053e7fe80,940c457b8ad452b0b04506f73618b4fde9d189809f631d280b35bba96727796a,True,117be932637feacf83ccc6543b905f4ee68735c6c91c979249bd292703f53dbc,3410be18893f8f8743ea530ddb9da028ee91246b230e84534d6e929053e7fe80,12,source_env0_color,14.345952987670898,True,,False
5,0,7.994613170623779,940c457b8ad452b0b04506f73618b4fde9d189809f631d280b35bba96727796a,f45fa3c570c04e95918d68febc06066c2224070731af31a8c0196740f27de2ed,e2c30c5ee7af3006f7f2c0d4a3844ec105ea3443de9e5cb72b1363c534820e8c,167.5125732421875,True,CORAL,940c457b8ad452b0b04506f73618b4fde9d189809f631d280b35bba96727796a,d6a1e7bc481385ef533939dee9ddaff9e2d3ae5b354d215653d167f326bd2a08,912f3e15a5cdc2693a57c67092492751f240f2299eeb47be6281053f0f5b12c7,u000,940c457b8ad452b0b04506f73618b4fde9d189809f631d280b35bba96727796a,383a23f21237725457b900131fe70153ca822ed653949c0cb291177d71c9106b,165b66057abe8fe3e68fe47ef3f64d911345eaf0216ebf8fbb02102484d7338d,940c457b8ad452b0b04506f73618b4fde9d189809f631d280b35bba96727796a,True,383a23f21237725457b900131fe70153ca822ed653949c0cb291177d71c9106b,165b66057abe8fe3e68fe47ef3f64d911345eaf0216ebf8fbb02102484d7338d,12,source_env0_color,120.19847869873048,True,,False
20,0,13.68979549407959,940c457b8ad452b0b04506f73618b4fde9d189809f631d280b35bba96727796a,efd333dd967de7a9d4dd777b537008d49bf6c423f297622b8c8dd467f58d5c04,a14726f6eee7f177a3be74c8c373fff6f99b1f92265309827daaa1d2f00ec132,140.5777587890625,True,CORAL,940c457b8ad452b0b04506f73618b4fde9d189809f631d280b35bba96727796a,79ccc9b77d5f1370746730a2662b260026ec11786cb5cd890bc97bec297f836e,a4d0fa5d14e16959fbc81c41781e64b62c1e96cf6efe8936b16ccf125dfae43b,u000,940c457b8ad452b0b04506f73618b4fde9d189809f631d280b35bba96727796a,22393a8e252af20a94450da1a1e248493bc3e8296fe95584b65c4250d3a77452,ac40c2439d4f3b9882603bffd6f65642b0f77668e6b425f91003c65026f15845,940c457b8ad452b0b04506f73618b4fde9d189809f631d280b35bba96727796a,True,22393a8e252af20a94450da1a1e248493bc3e8296fe95584b65c4250d3a77452,ac40c2439d4f3b9882603bffd6f65642b0f77668e6b425f91003c65026f15845,12,source_env0_color,101.37921142578124,True,,False
1,1,1.1699974536895752,940c457b8ad452b0b04506f73618b4fde9d189809f631d280b35bba96727796a,bdfdb6a65c54c7ef4c0cdaa24fc9ef0967afee0796ae806460eddb9f251a8970,64ab6c29330b70def9cbd5fda5ad20d973ee62e2631ad2f0a586bc402b14feea,20.95867919921875,True,CORAL,940c457b8ad452b0b04506f73618b4fde9d189809f631d280b35bba96727796a,61bf777f1deaa5db798fe554681c33105060d86915867f88f16bd274195de459,4606a7173ac23f4491f81292f1205d10586968e6da3d0532d54fae3287650f3d,u001,940c457b8ad452b0b04506f73618b4fde9d189809f631d280b35bba96727796a,e1a461fbe6c384841891ed675f221f687102ac96e406e7475bc42fca085fd7aa,17ff61879a368865f03e82a2dbb6894b31f26616da22645b6afa35dea3ecf91d,940c457b8ad452b0b04506f73618b4fde9d189809f631d280b35bba96727796a,True,e1a461fbe6c384841891ed675f221f687102ac96e406e7475bc42fca085fd7aa,17ff61879a368865f03e82a2dbb6894b31f26616da22645b6afa35dea3ecf91d,12,source_env1_color,14.630451202392578,True,,False
5,1,7.40916109085083,940c457b8ad452b0b04506f73618b4fde9d189809f631d280b35bba96727796a,f45fa3c570c04e95918d68febc06066c2224070731af31a8c0196740f27de2ed,e2c30c5ee7af3006f7f2c0d4a3844ec105ea3443de9e5cb72b1363c534820e8c,168.4414520263672,True,CORAL,940c457b8ad452b0b04506f73618b4fde9d189809f631d280b35bba96727796a,095819dda7949c569df378d773aaceedd8d8225872b4acdf424832cf46d137e8,e615aa173549a31f27c9d41673b9ebeff31240538c66d118c1b3ac4421f234de,u001,940c457b8ad452b0b04506f73618b4fde9d189809f631d280b35bba96727796a,9e6eac65ee39ee0acab50e8a45cea3fc4566ee492eb446f275663a78fddcf5da,351880b97b640debdbeee0ab42f3d7432dcb640ab3939cebe9342ade2c586b19,940c457b8ad452b0b04506f73618b4fde9d189809f631d280b35bba96727796a,True,9e6eac65ee39ee0acab50e8a45cea3fc4566ee492eb446f275663a78fddcf5da,351880b97b640debdbeee0ab42f3d7432dcb640ab3939cebe9342ade2c586b19,12,source_env1_color,120.81966400146484,True,,False
20,1,15.56109619140625,940c457b8ad452b0b04506f73618b4fde9d189809f631d280b35bba96727796a,efd333dd967de7a9d4dd777b537008d49bf6c423f297622b8c8dd467f58d5c04,a14726f6eee7f177a3be74c8c373fff6f99b1f92265309827daaa1d2f00ec132,139.70095825195312,True,CORAL,940c457b8ad452b0b04506f73618b4fde9d189809f631d280b35bba96727796a,6ecfa81c0b5d2feb75add09365e2a32d4c967007d1830e265454c29728efd1cb,8033a1fdf689ee3fd0e562cab51b4d8007d5d0fa6670345aab1cf9dec3835308,u001,940c457b8ad452b0b04506f73618b4fde9d189809f631d280b35bba96727796a,9b5e3dc33e49f07e6647af202e46b0253a2367930faba2b48a73871c27f6ec9f,4d1e5c1d8b9be5a2be0ed060f765535eaa8fa639329e52e89079d4993fa5e79a,940c457b8ad452b0b04506f73618b4fde9d189809f631d280b35bba96727796a,True,9b5e3dc33e49f07e6647af202e46b0253a2367930faba2b48a73871c27f6ec9f,4d1e5c1d8b9be5a2be0ed060f765535eaa8fa639329e52e89079d4993fa5e79a,12,source_env1_color,101.98014068603516,True,,False
1,2,0.0,940c457b8ad452b0b04506f73618b4fde9d189809f631d280b35bba96727796a,bdfdb6a65c54c7ef4c0cdaa24fc9ef0967afee0796ae806460eddb9f251a8970,64ab6c29330b70def9cbd5fda5ad20d973ee62e2631ad2f0a586bc402b14feea,0.0,True,CORAL,LINEAR_COMBINATION,LINEAR_COMBINATION,LINEAR_COMBINATION,u002,LINEAR_COMBINATION,LINEAR_COMBINATION,LINEAR_COMBINATION,LINEAR_COMBINATION,True,LINEAR_COMBINATION,LINEAR_COMBINATION,12,evaluation_color,0.0,False,,False
5,2,0.0,940c457b8ad452b0b04506f73618b4fde9d189809f631d280b35bba96727796a,f45fa3c570c04e95918d68febc06066c2224070731af31a8c0196740f27de2ed,e2c30c5ee7af3006f7f2c0d4a3844ec105ea3443de9e5cb72b1363c534820e8c,0.0,True,CORAL,LINEAR_COMBINATION,LINEAR_COMBINATION,LINEAR_COMBINATION,u002,LINEAR_COMBINATION,LINEAR_COMBINATION,LINEAR_COMBINATION,LINEAR_COMBINATION,True,LINEAR_COMBINATION,LINEAR_COMBINATION,12,evaluation_color,0.0,False,,False
20,2,0.0,940c457b8ad452b0b04506f73618b4fde9d189809f631d280b35bba96727796a,efd333dd967de7a9d4dd777b537008d49bf6c423f297622b8c8dd467f58d5c04,a14726f6eee7f177a3be74c8c373fff6f99b1f92265309827daaa1d2f00ec132,0.0,True,CORAL,LINEAR_COMBINATION,LINEAR_COMBINATION,LINEAR_COMBINATION,u002,LINEAR_COMBINATION,LINEAR_COMBINATION,LINEAR_COMBINATION,LINEAR_COMBINATION,True,LINEAR_COMBINATION,LINEAR_COMBINATION,12,evaluation_color,0.0,False,,False
1,3,2.3001039028167725,940c457b8ad452b0b04506f73618b4fde9d189809f631d280b35bba96727796a,bdfdb6a65c54c7ef4c0cdaa24fc9ef0967afee0796ae806460eddb9f251a8970,64ab6c29330b70def9cbd5fda5ad20d973ee62e2631ad2f0a586bc402b14feea,7.42359733581543,True,CORAL,940c457b8ad452b0b04506f73618b4fde9d189809f631d280b35bba96727796a,f07b9267c9a03bf50cd7f9bc4e336407edda57c938b139ca8e799023031fc5d4,44398e42f02d21dac9030fbeb66b42d13f974cb4cdda942955122b422eddbe6f,u003,940c457b8ad452b0b04506f73618b4fde9d189809f631d280b35bba96727796a,e7be7567da038975825fc032df22ff90183d493aaf36133b03c2d5b92d67ff7d,8b3dd419a51eedd929e9d7a2128773477c871ae067131ab2587041d1d6fce1a2,940c457b8ad452b0b04506f73618b4fde9d189809f631d280b35bba96727796a,True,e7be7567da038975825fc032df22ff90183d493aaf36133b03c2d5b92d67ff7d,8b3dd419a51eedd929e9d7a2128773477c871ae067131ab2587041d1d6fce1a2,12,source_label_noise,3.6582112312316895,True,,False
5,3,16.43488883972168,940c457b8ad452b0b04506f73618b4fde9d189809f631d280b35bba96727796a,f45fa3c570c04e95918d68febc06066c2224070731af31a8c0196740f27de2ed,e2c30c5ee7af3006f7f2c0d4a3844ec105ea3443de9e5cb72b1363c534820e8c,57.64011001586914,True,CORAL,940c457b8ad452b0b04506f73618b4fde9d189809f631d280b35bba96727796a,27dae5c0a07647d20a43ec0aba5b853bc68d53a13f130f9c50bd0a982b05b2d6,e5f0bd35355c955052a11861a7a5452948da29e793360c4e4ed9322d3466a1ca,u003,940c457b8ad452b0b04506f73618b4fde9d189809f631d280b35bba96727796a,baa3b6415c00397b03e36696616f2d5b5794046a5520e701f371e5d6e413de84,f33c0d448438cd0482996c5f363db43e23e3a9bc07d5681d53351a09a18dead9,940c457b8ad452b0b04506f73618b4fde9d189809f631d280b35bba96727796a,True,baa3b6415c00397b03e36696616f2d5b5794046a5520e701f371e5d6e413de84,f33c0d448438cd0482996c5f363db43e23e3a9bc07d5681d53351a09a18dead9,12,source_label_noise,23.37186050415039,True,,False
20,3,71.67610931396484,940c457b8ad452b0b04506f73618b4fde9d189809f631d280b35bba96727796a,efd333dd967de7a9d4dd777b537008d49bf6c423f297622b8c8dd467f58d5c04,a14726f6eee7f177a3be74c8c373fff6f99b1f92265309827daaa1d2f00ec132,128.0378875732422,True,CORAL,940c457b8ad452b0b04506f73618b4fde9d189809f631d280b35bba96727796a,9804e831009f8650359e70566529d8d343874bf288372759ad00cdb77f8efdda,41bd474956b29f1d26342f234ff36d0cfd9c3922783918817f919139cf337c7e,u003,940c457b8ad452b0b04506f73618b4fde9d189809f631d280b35bba96727796a,13c080684305c3d2e1749f8a4020e852b4be0841152a910d9baca21497b5a7e4,2fd63fa55dd6a2d683ef19d0af1ab7438e7293f8cf7169b024daa96c28763cc7,940c457b8ad452b0b04506f73618b4fde9d189809f631d280b35bba96727796a,True,13c080684305c3d2e1749f8a4020e852b4be0841152a910d9baca21497b5a7e4,2fd63fa55dd6a2d683ef19d0af1ab7438e7293f8cf7169b024daa96c28763cc7,12,source_label_noise,81.98786926269531,True,,False
1,4,0.0,940c457b8ad452b0b04506f73618b4fde9d189809f631d280b35bba96727796a,bdfdb6a65c54c7ef4c0cdaa24fc9ef0967afee0796ae806460eddb9f251a8970,64ab6c29330b70def9cbd5fda5ad20d973ee62e2631ad2f0a586bc402b14feea,0.0,True,CORAL,LINEAR_COMBINATION,LINEAR_COMBINATION,LINEAR_COMBINATION,u004,LINEAR_COMBINATION,LINEAR_COMBINATION,LINEAR_COMBINATION,LINEAR_COMBINATION,True,LINEAR_COMBINATION,LINEAR_COMBINATION,12,evaluation_label_noise,0.0,False,,False
5,4,0.0,940c457b8ad452b0b04506f73618b4fde9d189809f631d280b35bba96727796a,f45fa3c570c04e95918d68febc06066c2224070731af31a8c0196740f27de2ed,e2c30c5ee7af3006f7f2c0d4a3844ec105ea3443de9e5cb72b1363c534820e8c,0.0,True,CORAL,LINEAR_COMBINATION,LINEAR_COMBINATION,LINEAR_COMBINATION,u004,LINEAR_COMBINATION,LINEAR_COMBINATION,LINEAR_COMBINATION,LINEAR_COMBINATION,True,LINEAR_COMBINATION,LINEAR_COMBINATION,12,evaluation_label_noise,0.0,False,,False
20,4,0.0,940c457b8ad452b0b04506f73618b4fde9d189809f631d280b35bba96727796a,efd333dd967de7a9d4dd777b537008d49bf6c423f297622b8c8dd467f58d5c04,a14726f6eee7f177a3be74c8c373fff6f99b1f92265309827daaa1d2f00ec132,0.0,True,CORAL,LINEAR_COMBINATION,LINEAR_COMBINATION,LINEAR_COMBINATION,u004,LINEAR_COMBINATION,LINEAR_COMBINATION,LINEAR_COMBINATION,LINEAR_COMBINATION,True,LINEAR_COMBINATION,LINEAR_COMBINATION,12,evaluation_label_noise,0.0,False,,False
1,-1,1.7951544523239136,940c457b8ad452b0b04506f73618b4fde9d189809f631d280b35bba96727796a,bdfdb6a65c54c7ef4c0cdaa24fc9ef0967afee0796ae806460eddb9f251a8970,64ab6c29330b70def9cbd5fda5ad20d973ee62e2631ad2f0a586bc402b14feea,29.363880157470703,True,CORAL,LINEAR_COMBINATION,LINEAR_COMBINATION,LINEAR_COMBINATION,u005,LINEAR_COMBINATION,LINEAR_COMBINATION,LINEAR_COMBINATION,LINEAR_COMBINATION,True,LINEAR_COMBINATION,LINEAR_COMBINATION,12,source_color_common,20.487369537353516,True,,False
5,-1,10.824576377868652,940c457b8ad452b0b04506f73618b4fde9d189809f631d280b35bba96727796a,f45fa3c570c04e95918d68febc06066c2224070731af31a8c0196740f27de2ed,e2c30c5ee7af3006f7f2c0d4a3844ec105ea3443de9e5cb72b1363c534820e8c,237.5340576171875,True,CORAL,LINEAR_COMBINATION,LINEAR_COMBINATION,LINEAR_COMBINATION,u005,LINEAR_COMBINATION,LINEAR_COMBINATION,LINEAR_COMBINATION,LINEAR_COMBINATION,True,LINEAR_COMBINATION,LINEAR_COMBINATION,12,source_color_common,170.4170684814453,True,,False
20,-1,20.58113670349121,940c457b8ad452b0b04506f73618b4fde9d189809f631d280b35bba96727796a,efd333dd967de7a9d4dd777b537008d49bf6c423f297622b8c8dd467f58d5c04,a14726f6eee7f177a3be74c8c373fff6f99b1f92265309827daaa1d2f00ec132,198.0926971435547,True,CORAL,LINEAR_COMBINATION,LINEAR_COMBINATION,LINEAR_COMBINATION,u005,LINEAR_COMBINATION,LINEAR_COMBINATION,LINEAR_COMBINATION,LINEAR_COMBINATION,True,LINEAR_COMBINATION,LINEAR_COMBINATION,12,source_color_common,143.7519989013672,True,,False
1,-1,0.2160834223031997,940c457b8ad452b0b04506f73618b4fde9d189809f631d280b35bba96727796a,bdfdb6a65c54c7ef4c0cdaa24fc9ef0967afee0796ae806460eddb9f251a8970,64ab6c29330b70def9cbd5fda5ad20d973ee62e2631ad2f0a586bc402b14feea,0.542880117893219,True,CORAL,LINEAR_COMBINATION,LINEAR_COMBINATION,LINEAR_COMBINATION,u006,LINEAR_COMBINATION,LINEAR_COMBINATION,LINEAR_COMBINATION,LINEAR_COMBINATION,True,LINEAR_COMBINATION,LINEAR_COMBINATION,12,source_color_contrast,0.3524504005908966,True,,False
5,-1,1.279866337776184,940c457b8ad452b0b04506f73618b4fde9d189809f631d280b35bba96727796a,f45fa3c570c04e95918d68febc06066c2224070731af31a8c0196740f27de2ed,e2c30c5ee7af3006f7f2c0d4a3844ec105ea3443de9e5cb72b1363c534820e8c,3.2477922439575195,True,CORAL,LINEAR_COMBINATION,LINEAR_COMBINATION,LINEAR_COMBINATION,u006,LINEAR_COMBINATION,LINEAR_COMBINATION,LINEAR_COMBINATION,LINEAR_COMBINATION,True,LINEAR_COMBINATION,LINEAR_COMBINATION,12,source_color_contrast,1.7569687366485596,True,,False
20,-1,2.444374084472656,940c457b8ad452b0b04506f73618b4fde9d189809f631d280b35bba96727796a,efd333dd967de7a9d4dd777b537008d49bf6c423f297622b8c8dd467f58d5c04,a14726f6eee7f177a3be74c8c373fff6f99b1f92265309827daaa1d2f00ec132,6.144111156463623,True,CORAL,LINEAR_COMBINATION,LINEAR_COMBINATION,LINEAR_COMBINATION,u006,LINEAR_COMBINATION,LINEAR_COMBINATION,LINEAR_COMBINATION,LINEAR_COMBINATION,True,LINEAR_COMBINATION,LINEAR_COMBINATION,12,source_color_contrast,3.613221883773804,True,,False
1,-1,1.269365906715393,940c457b8ad452b0b04506f73618b4fde9d189809f631d280b35bba96727796a,bdfdb6a65c54c7ef4c0cdaa24fc9ef0967afee0796ae806460eddb9f251a8970,64ab6c29330b70def9cbd5fda5ad20d973ee62e2631ad2f0a586bc402b14feea,20.763399124145508,True,CORAL,LINEAR_COMBINATION,LINEAR_COMBINATION,LINEAR_COMBINATION,u007,LINEAR_COMBINATION,LINEAR_COMBINATION,LINEAR_COMBINATION,LINEAR_COMBINATION,True,LINEAR_COMBINATION,LINEAR_COMBINATION,12,color_global,14.486757278442385,False,,False
5,-1,7.654131889343262,940c457b8ad452b0b04506f73618b4fde9d189809f631d280b35bba96727796a,f45fa3c570c04e95918d68febc06066c2224070731af31a8c0196740f27de2ed,e2c30c5ee7af3006f7f2c0d4a3844ec105ea3443de9e5cb72b1363c534820e8c,167.96194458007812,True,CORAL,LINEAR_COMBINATION,LINEAR_COMBINATION,LINEAR_COMBINATION,u007,LINEAR_COMBINATION,LINEAR_COMBINATION,LINEAR_COMBINATION,LINEAR_COMBINATION,True,LINEAR_COMBINATION,LINEAR_COMBINATION,12,color_global,120.50306701660156,False,,False
20,-1,14.553062438964844,940c457b8ad452b0b04506f73618b4fde9d189809f631d280b35bba96727796a,efd333dd967de7a9d4dd777b537008d49bf6c423f297622b8c8dd467f58d5c04,a14726f6eee7f177a3be74c8c373fff6f99b1f92265309827daaa1d2f00ec132,140.07269287109375,True,CORAL,LINEAR_COMBINATION,LINEAR_COMBINATION,LINEAR_COMBINATION,u007,LINEAR_COMBINATION,LINEAR_COMBINATION,LINEAR_COMBINATION,LINEAR_COMBINATION,True,LINEAR_COMBINATION,LINEAR_COMBINATION,12,color_global,101.64801788330078,False,,False
1,-1,1.269365906715393,940c457b8ad452b0b04506f73618b4fde9d189809f631d280b35bba96727796a,bdfdb6a65c54c7ef4c0cdaa24fc9ef0967afee0796ae806460eddb9f251a8970,64ab6c29330b70def9cbd5fda5ad20d973ee62e2631ad2f0a586bc402b14feea,20.763399124145508,True,CORAL,LINEAR_COMBINATION,LINEAR_COMBINATION,LINEAR_COMBINATION,u008,LINEAR_COMBINATION,LINEAR_COMBINATION,LINEAR_COMBINATION,LINEAR_COMBINATION,True,LINEAR_COMBINATION,LINEAR_COMBINATION,12,color_shift,14.486757278442385,False,,False
5,-1,7.654131889343262,940c457b8ad452b0b04506f73618b4fde9d189809f631d280b35bba96727796a,f45fa3c570c04e95918d68febc06066c2224070731af31a8c0196740f27de2ed,e2c30c5ee7af3006f7f2c0d4a3844ec105ea3443de9e5cb72b1363c534820e8c,167.96194458007812,True,CORAL,LINEAR_COMBINATION,LINEAR_COMBINATION,LINEAR_COMBINATION,u008,LINEAR_COMBINATION,LINEAR_COMBINATION,LINEAR_COMBINATION,LINEAR_COMBINATION,True,LINEAR_COMBINATION,LINEAR_COMBINATION,12,color_shift,120.50306701660156,False,,False
20,-1,14.553062438964844,940c457b8ad452b0b04506f73618b4fde9d189809f631d280b35bba96727796a,efd333dd967de7a9d4dd777b537008d49bf6c423f297622b8c8dd467f58d5c04,a14726f6eee7f177a3be74c8c373fff6f99b1f92265309827daaa1d2f00ec132,140.07269287109375,True,CORAL,LINEAR_COMBINATION,LINEAR_COMBINATION,LINEAR_COMBINATION,u008,LINEAR_COMBINATION,LINEAR_COMBINATION,LINEAR_COMBINATION,LINEAR_COMBINATION,True,LINEAR_COMBINATION,LINEAR_COMBINATION,12,color_shift,101.64801788330078,False,,False
1,-1,1.626418948173523,940c457b8ad452b0b04506f73618b4fde9d189809f631d280b35bba96727796a,bdfdb6a65c54c7ef4c0cdaa24fc9ef0967afee0796ae806460eddb9f251a8970,64ab6c29330b70def9cbd5fda5ad20d973ee62e2631ad2f0a586bc402b14feea,5.249276161193848,True,CORAL,LINEAR_COMBINATION,LINEAR_COMBINATION,LINEAR_COMBINATION,u009,LINEAR_COMBINATION,LINEAR_COMBINATION,LINEAR_COMBINATION,LINEAR_COMBINATION,True,LINEAR_COMBINATION,LINEAR_COMBINATION,12,noise_global,2.5867459774017334,False,,False
5,-1,11.621221542358398,940c457b8ad452b0b04506f73618b4fde9d189809f631d280b35bba96727796a,f45fa3c570c04e95918d68febc06066c2224070731af31a8c0196740f27de2ed,e2c30c5ee7af3006f7f2c0d4a3844ec105ea3443de9e5cb72b1363c534820e8c,40.75770950317383,True,CORAL,LINEAR_COMBINATION,LINEAR_COMBINATION,LINEAR_COMBINATION,u009,LINEAR_COMBINATION,LINEAR_COMBINATION,LINEAR_COMBINATION,LINEAR_COMBINATION,True,LINEAR_COMBINATION,LINEAR_COMBINATION,12,noise_global,16.52640151977539,False,,False
20,-1,50.68266296386719,940c457b8ad452b0b04506f73618b4fde9d189809f631d280b35bba96727796a,efd333dd967de7a9d4dd777b537008d49bf6c423f297622b8c8dd467f58d5c04,a14726f6eee7f177a3be74c8c373fff6f99b1f92265309827daaa1d2f00ec132,90.53645324707033,True,CORAL,LINEAR_COMBINATION,LINEAR_COMBINATION,LINEAR_COMBINATION,u009,LINEAR_COMBINATION,LINEAR_COMBINATION,LINEAR_COMBINATION,LINEAR_COMBINATION,True,LINEAR_COMBINATION,LINEAR_COMBINATION,12,noise_global,57.974178314208984,False,,False
1,-1,1.626418948173523,940c457b8ad452b0b04506f73618b4fde9d189809f631d280b35bba96727796a,bdfdb6a65c54c7ef4c0cdaa24fc9ef0967afee0796ae806460eddb9f251a8970,64ab6c29330b70def9cbd5fda5ad20d973ee62e2631ad2f0a586bc402b14feea,5.249276161193848,True,CORAL,LINEAR_COMBINATION,LINEAR_COMBINATION,LINEAR_COMBINATION,u010,LINEAR_COMBINATION,LINEAR_COMBINATION,LINEAR_COMBINATION,LINEAR_COMBINATION,True,LINEAR_COMBINATION,LINEAR_COMBINATION,12,noise_shift,2.5867459774017334,False,,False
5,-1,11.621221542358398,940c457b8ad452b0b04506f73618b4fde9d189809f631d280b35bba96727796a,f45fa3c570c04e95918d68febc06066c2224070731af31a8c0196740f27de2ed,e2c30c5ee7af3006f7f2c0d4a3844ec105ea3443de9e5cb72b1363c534820e8c,40.75770950317383,True,CORAL,LINEAR_COMBINATION,LINEAR_COMBINATION,LINEAR_COMBINATION,u010,LINEAR_COMBINATION,LINEAR_COMBINATION,LINEAR_COMBINATION,LINEAR_COMBINATION,True,LINEAR_COMBINATION,LINEAR_COMBINATION,12,noise_shift,16.52640151977539,False,,False
20,-1,50.68266296386719,940c457b8ad452b0b04506f73618b4fde9d189809f631d280b35bba96727796a,efd333dd967de7a9d4dd777b537008d49bf6c423f297622b8c8dd467f58d5c04,a14726f6eee7f177a3be74c8c373fff6f99b1f92265309827daaa1d2f00ec132,90.53645324707033,True,CORAL,LINEAR_COMBINATION,LINEAR_COMBINATION,LINEAR_COMBINATION,u010,LINEAR_COMBINATION,LINEAR_COMBINATION,LINEAR_COMBINATION,LINEAR_COMBINATION,True,LINEAR_COMBINATION,LINEAR_COMBINATION,12,noise_shift,57.974178314208984,False,,False
1,0,1.5496002435684204,167c301976bfb649bf46ed8fb10c5e2d497e7db3fb6c5053ac7ffc58f422c4b2,c5f769ca6bdce5d14e3583dd03b13cd55f5345301f4ca83f9d36de14ce11c8c2,72e80fa46ee7a2763269dfe1b2d9bcdb2b54fc8de3d190fb86e27d770563ee48,20.49396324157715,True,ERM,167c301976bfb649bf46ed8fb10c5e2d497e7db3fb6c5053ac7ffc58f422c4b2,f0f829f5177d670c7ecfa4293970a3a62305802dc4759d943560aa96c688bda7,6bbcaef9e3d8f5ad626e3728deb079d30436f78f3cff3c0fe39d14610d522055,u000,167c301976bfb649bf46ed8fb10c5e2d497e7db3fb6c5053ac7ffc58f422c4b2,51a02922776c5b36f895894e8619483104fd83c4646902225360878dd1c38157,c0318faa3b6d2bfdc5e5084322a034ba5ca4e9827880a8ea226e9feed8e04fce,167c301976bfb649bf46ed8fb10c5e2d497e7db3fb6c5053ac7ffc58f422c4b2,True,51a02922776c5b36f895894e8619483104fd83c4646902225360878dd1c38157,c0318faa3b6d2bfdc5e5084322a034ba5ca4e9827880a8ea226e9feed8e04fce,13,source_env0_color,14.463955879211426,True,,False
5,0,6.5516252517700195,167c301976bfb649bf46ed8fb10c5e2d497e7db3fb6c5053ac7ffc58f422c4b2,e49da3b61db0f59015ea95cfe717dcf0d9f3df410ecbbb0f4378671200fc318c,69f27fe512ea2ddaa429cf865ce4a22dd6a1de883155577fdae871390c5debcf,173.02005004882812,True,ERM,167c301976bfb649bf46ed8fb10c5e2d497e7db3fb6c5053ac7ffc58f422c4b2,79482c018827c9bc39da5b7347f3201ba497f8326b713a75d5a253bff85774dd,f36e2f17caeb4d45244682799530f51c31f6c6c0bffe4127452623f5c1430f33,u000,167c301976bfb649bf46ed8fb10c5e2d497e7db3fb6c5053ac7ffc58f422c4b2,8b26dd6071121b2cc9ca5263940e8e6f3009811ae6612b6df41134f9aac8d321,5e78c2446de13d55994cc282b0c14fcb372d76d8a997ffe1651641a8ea4cdb13,167c301976bfb649bf46ed8fb10c5e2d497e7db3fb6c5053ac7ffc58f422c4b2,True,8b26dd6071121b2cc9ca5263940e8e6f3009811ae6612b6df41134f9aac8d321,5e78c2446de13d55994cc282b0c14fcb372d76d8a997ffe1651641a8ea4cdb13,13,source_env0_color,123.84717559814452,True,,False
20,0,8.299971580505371,167c301976bfb649bf46ed8fb10c5e2d497e7db3fb6c5053ac7ffc58f422c4b2,733b3579454456f2f86a21fa35d2e8f56614d91db79b95a76abd620f7321ce33,191332f8fe5e34dea681221d0197c862ff3e5031c7f229fd40d10b1f4be5210e,145.36129760742188,True,ERM,167c301976bfb649bf46ed8fb10c5e2d497e7db3fb6c5053ac7ffc58f422c4b2,0909ac042789ae6664cc067054abab652c41618173a324afd8c181c076c62820,eade351ee7e18667c946ba6cf266375c7dd6d2b4105c24fef5fce89e7fd2449b,u000,167c301976bfb649bf46ed8fb10c5e2d497e7db3fb6c5053ac7ffc58f422c4b2,2172fd9cd517d7c481ba453ea528aef74abe7b99d7a5f95a3cbf2f0181697a51,f1e0da1f729aa6003f74d01a1ffe721f5d9299fb996c549ef50d18df116dcc7e,167c301976bfb649bf46ed8fb10c5e2d497e7db3fb6c5053ac7ffc58f422c4b2,True,2172fd9cd517d7c481ba453ea528aef74abe7b99d7a5f95a3cbf2f0181697a51,f1e0da1f729aa6003f74d01a1ffe721f5d9299fb996c549ef50d18df116dcc7e,13,source_env0_color,105.83635711669922,True,,False
1,1,1.594623327255249,167c301976bfb649bf46ed8fb10c5e2d497e7db3fb6c5053ac7ffc58f422c4b2,c5f769ca6bdce5d14e3583dd03b13cd55f5345301f4ca83f9d36de14ce11c8c2,72e80fa46ee7a2763269dfe1b2d9bcdb2b54fc8de3d190fb86e27d770563ee48,21.230722427368164,True,ERM,167c301976bfb649bf46ed8fb10c5e2d497e7db3fb6c5053ac7ffc58f422c4b2,33b132a26ce82e56d1787a7b44745fff473ea791116c0167b60fd3a2dd5b38c7,1038d616215b602ff38e01144f7cf4af3e9df322e3eaa86b831615c89d71eb7d,u001,167c301976bfb649bf46ed8fb10c5e2d497e7db3fb6c5053ac7ffc58f422c4b2,951f5971eee4013a8ccc9350fd0104587ea3af698703604b6c036183e919a524,b4725fbadb094c6b4bbd22789554da3712f0cd5efe9a87c4a2472ad9dbd32f28,167c301976bfb649bf46ed8fb10c5e2d497e7db3fb6c5053ac7ffc58f422c4b2,True,951f5971eee4013a8ccc9350fd0104587ea3af698703604b6c036183e919a524,b4725fbadb094c6b4bbd22789554da3712f0cd5efe9a87c4a2472ad9dbd32f28,13,source_env1_color,15.00131130218506,True,,False
5,1,7.179577827453613,167c301976bfb649bf46ed8fb10c5e2d497e7db3fb6c5053ac7ffc58f422c4b2,e49da3b61db0f59015ea95cfe717dcf0d9f3df410ecbbb0f4378671200fc318c,69f27fe512ea2ddaa429cf865ce4a22dd6a1de883155577fdae871390c5debcf,175.85862731933594,True,ERM,167c301976bfb649bf46ed8fb10c5e2d497e7db3fb6c5053ac7ffc58f422c4b2,286e99386b03edc4c2842387f15858a3bd16302675d4595d6aa15d5c5863d72e,a44e1c8813afd0fcecbf47be4ac63fa7474d0b9762775c740d09a0d7a85fb755,u001,167c301976bfb649bf46ed8fb10c5e2d497e7db3fb6c5053ac7ffc58f422c4b2,5fdca6191af24b9dd7c6cc227d8542916b98a48a27fbcca23d2dd9c1a684c6ae,33b25a34d452743a462e4072220b589d688575824089a0553cdeb8c213d92da8,167c301976bfb649bf46ed8fb10c5e2d497e7db3fb6c5053ac7ffc58f422c4b2,True,5fdca6191af24b9dd7c6cc227d8542916b98a48a27fbcca23d2dd9c1a684c6ae,33b25a34d452743a462e4072220b589d688575824089a0553cdeb8c213d92da8,13,source_env1_color,125.90516662597656,True,,False
20,1,10.380959510803224,167c301976bfb649bf46ed8fb10c5e2d497e7db3fb6c5053ac7ffc58f422c4b2,733b3579454456f2f86a21fa35d2e8f56614d91db79b95a76abd620f7321ce33,191332f8fe5e34dea681221d0197c862ff3e5031c7f229fd40d10b1f4be5210e,148.70448303222656,True,ERM,167c301976bfb649bf46ed8fb10c5e2d497e7db3fb6c5053ac7ffc58f422c4b2,886cabef3d8e386f3876040953fc6fa8283f499fa4a5937ccd617efebdfce1e7,720683bc77c8ac9756f4f0e0f71c025ba230432025dd331d95c01f3e6e29366f,u001,167c301976bfb649bf46ed8fb10c5e2d497e7db3fb6c5053ac7ffc58f422c4b2,c1afddbb7885b76ff17a47304b51cdb19d2b600ba21cead01993d106cf9ba392,1f8f42eddeb35a879939a76d181bf387ab597a80dc643112e34d816e71c52c4e,167c301976bfb649bf46ed8fb10c5e2d497e7db3fb6c5053ac7ffc58f422c4b2,True,c1afddbb7885b76ff17a47304b51cdb19d2b600ba21cead01993d106cf9ba392,1f8f42eddeb35a879939a76d181bf387ab597a80dc643112e34d816e71c52c4e,13,source_env1_color,107.7486343383789,True,,False
1,2,0.0,167c301976bfb649bf46ed8fb10c5e2d497e7db3fb6c5053ac7ffc58f422c4b2,c5f769ca6bdce5d14e3583dd03b13cd55f5345301f4ca83f9d36de14ce11c8c2,72e80fa46ee7a2763269dfe1b2d9bcdb2b54fc8de3d190fb86e27d770563ee48,0.0,True,ERM,LINEAR_COMBINATION,LINEAR_COMBINATION,LINEAR_COMBINATION,u002,LINEAR_COMBINATION,LINEAR_COMBINATION,LINEAR_COMBINATION,LINEAR_COMBINATION,True,LINEAR_COMBINATION,LINEAR_COMBINATION,13,evaluation_color,0.0,False,,False
5,2,0.0,167c301976bfb649bf46ed8fb10c5e2d497e7db3fb6c5053ac7ffc58f422c4b2,e49da3b61db0f59015ea95cfe717dcf0d9f3df410ecbbb0f4378671200fc318c,69f27fe512ea2ddaa429cf865ce4a22dd6a1de883155577fdae871390c5debcf,0.0,True,ERM,LINEAR_COMBINATION,LINEAR_COMBINATION,LINEAR_COMBINATION,u002,LINEAR_COMBINATION,LINEAR_COMBINATION,LINEAR_COMBINATION,LINEAR_COMBINATION,True,LINEAR_COMBINATION,LINEAR_COMBINATION,13,evaluation_color,0.0,False,,False
20,2,0.0,167c301976bfb649bf46ed8fb10c5e2d497e7db3fb6c5053ac7ffc58f422c4b2,733b3579454456f2f86a21fa35d2e8f56614d91db79b95a76abd620f7321ce33,191332f8fe5e34dea681221d0197c862ff3e5031c7f229fd40d10b1f4be5210e,0.0,True,ERM,LINEAR_COMBINATION,LINEAR_COMBINATION,LINEAR_COMBINATION,u002,LINEAR_COMBINATION,LINEAR_COMBINATION,LINEAR_COMBINATION,LINEAR_COMBINATION,True,LINEAR_COMBINATION,LINEAR_COMBINATION,13,evaluation_color,0.0,False,,False
1,3,1.8265564441680908,167c301976bfb649bf46ed8fb10c5e2d497e7db3fb6c5053ac7ffc58f422c4b2,c5f769ca6bdce5d14e3583dd03b13cd55f5345301f4ca83f9d36de14ce11c8c2,72e80fa46ee7a2763269dfe1b2d9bcdb2b54fc8de3d190fb86e27d770563ee48,7.416531562805176,True,ERM,167c301976bfb649bf46ed8fb10c5e2d497e7db3fb6c5053ac7ffc58f422c4b2,5115e2a7f5192b9805c9e1c72984a34ec7775af40b522e1187cfe40622316114,06ee23b8ba5f39006eab712632ec4d1250d3cac39b29bb72f73c33a382177c30,u003,167c301976bfb649bf46ed8fb10c5e2d497e7db3fb6c5053ac7ffc58f422c4b2,9bd48e72338eda4e596e932f01d6d784207ec58a4fd48a30f912d723b6388cc2,b6290f49f7ee88def3a2699f10a4e5686fa83f31a60c8649796f281c0b51e117,167c301976bfb649bf46ed8fb10c5e2d497e7db3fb6c5053ac7ffc58f422c4b2,True,9bd48e72338eda4e596e932f01d6d784207ec58a4fd48a30f912d723b6388cc2,b6290f49f7ee88def3a2699f10a4e5686fa83f31a60c8649796f281c0b51e117,13,source_label_noise,4.027482509613037,True,,False
5,3,16.161415100097656,167c301976bfb649bf46ed8fb10c5e2d497e7db3fb6c5053ac7ffc58f422c4b2,e49da3b61db0f59015ea95cfe717dcf0d9f3df410ecbbb0f4378671200fc318c,69f27fe512ea2ddaa429cf865ce4a22dd6a1de883155577fdae871390c5debcf,59.91891098022461,True,ERM,167c301976bfb649bf46ed8fb10c5e2d497e7db3fb6c5053ac7ffc58f422c4b2,58c559150fc740678be82a644a7c16feb581ad4634712dc6c6f67e2895de337a,ca77a8ce5a9f4c4f91e1e11f357b151a448a5331ab78c731fb4ec9e56690d601,u003,167c301976bfb649bf46ed8fb10c5e2d497e7db3fb6c5053ac7ffc58f422c4b2,4f8f6baa7b3cc56729fb58cc97ea53adf0f5c0e0e8b6a122059e2d32ab139ef7,ce3075de3b18d192a4e3f888fd51b3b42d1684e4daa384364d8179fa2571caa3,167c301976bfb649bf46ed8fb10c5e2d497e7db3fb6c5053ac7ffc58f422c4b2,True,4f8f6baa7b3cc56729fb58cc97ea53adf0f5c0e0e8b6a122059e2d32ab139ef7,ce3075de3b18d192a4e3f888fd51b3b42d1684e4daa384364d8179fa2571caa3,13,source_label_noise,27.34434509277344,True,,False
20,3,77.23704528808594,167c301976bfb649bf46ed8fb10c5e2d497e7db3fb6c5053ac7ffc58f422c4b2,733b3579454456f2f86a21fa35d2e8f56614d91db79b95a76abd620f7321ce33,191332f8fe5e34dea681221d0197c862ff3e5031c7f229fd40d10b1f4be5210e,123.1296615600586,True,ERM,167c301976bfb649bf46ed8fb10c5e2d497e7db3fb6c5053ac7ffc58f422c4b2,d7ee2f7e925abfb4c9e7d5842e33f8181e8062be6975531a2ebe3f7624c9ac88,3faa5a4dce2407ae44b421f5741520f83b5c0d3cf8a3c4ec99ce62074356b2e1,u003,167c301976bfb649bf46ed8fb10c5e2d497e7db3fb6c5053ac7ffc58f422c4b2,3e99374b3f68490f888cc163abcd236ff4e2e3a8206cb11668e2ef8a1687e37e,bb227e3dd658510503285f9037ff16e92e12fd665c405f02f859ab94d9fb278e,167c301976bfb649bf46ed8fb10c5e2d497e7db3fb6c5053ac7ffc58f422c4b2,True,3e99374b3f68490f888cc163abcd236ff4e2e3a8206cb11668e2ef8a1687e37e,bb227e3dd658510503285f9037ff16e92e12fd665c405f02f859ab94d9fb278e,13,source_label_noise,81.01508331298828,True,,False
1,4,0.0,167c301976bfb649bf46ed8fb10c5e2d497e7db3fb6c5053ac7ffc58f422c4b2,c5f769ca6bdce5d14e3583dd03b13cd55f5345301f4ca83f9d36de14ce11c8c2,72e80fa46ee7a2763269dfe1b2d9bcdb2b54fc8de3d190fb86e27d770563ee48,0.0,True,ERM,LINEAR_COMBINATION,LINEAR_COMBINATION,LINEAR_COMBINATION,u004,LINEAR_COMBINATION,LINEAR_COMBINATION,LINEAR_COMBINATION,LINEAR_COMBINATION,True,LINEAR_COMBINATION,LINEAR_COMBINATION,13,evaluation_label_noise,0.0,False,,False
5,4,0.0,167c301976bfb649bf46ed8fb10c5e2d497e7db3fb6c5053ac7ffc58f422c4b2,e49da3b61db0f59015ea95cfe717dcf0d9f3df410ecbbb0f4378671200fc318c,69f27fe512ea2ddaa429cf865ce4a22dd6a1de883155577fdae871390c5debcf,0.0,True,ERM,LINEAR_COMBINATION,LINEAR_COMBINATION,LINEAR_COMBINATION,u004,LINEAR_COMBINATION,LINEAR_COMBINATION,LINEAR_COMBINATION,LINEAR_COMBINATION,True,LINEAR_COMBINATION,LINEAR_COMBINATION,13,evaluation_label_noise,0.0,False,,False
20,4,0.0,167c301976bfb649bf46ed8fb10c5e2d497e7db3fb6c5053ac7ffc58f422c4b2,733b3579454456f2f86a21fa35d2e8f56614d91db79b95a76abd620f7321ce33,191332f8fe5e34dea681221d0197c862ff3e5031c7f229fd40d10b1f4be5210e,0.0,True,ERM,LINEAR_COMBINATION,LINEAR_COMBINATION,LINEAR_COMBINATION,u004,LINEAR_COMBINATION,LINEAR_COMBINATION,LINEAR_COMBINATION,LINEAR_COMBINATION,True,LINEAR_COMBINATION,LINEAR_COMBINATION,13,evaluation_label_noise,0.0,False,,False
1,-1,2.218888998031616,167c301976bfb649bf46ed8fb10c5e2d497e7db3fb6c5053ac7ffc58f422c4b2,c5f769ca6bdce5d14e3583dd03b13cd55f5345301f4ca83f9d36de14ce11c8c2,72e80fa46ee7a2763269dfe1b2d9bcdb2b54fc8de3d190fb86e27d770563ee48,29.500831604003903,True,ERM,LINEAR_COMBINATION,LINEAR_COMBINATION,LINEAR_COMBINATION,u005,LINEAR_COMBINATION,LINEAR_COMBINATION,LINEAR_COMBINATION,LINEAR_COMBINATION,True,LINEAR_COMBINATION,LINEAR_COMBINATION,13,source_color_common,20.83354759216309,True,,False
5,-1,9.610188484191896,167c301976bfb649bf46ed8fb10c5e2d497e7db3fb6c5053ac7ffc58f422c4b2,e49da3b61db0f59015ea95cfe717dcf0d9f3df410ecbbb0f4378671200fc318c,69f27fe512ea2ddaa429cf865ce4a22dd6a1de883155577fdae871390c5debcf,246.67767333984375,True,ERM,LINEAR_COMBINATION,LINEAR_COMBINATION,LINEAR_COMBINATION,u005,LINEAR_COMBINATION,LINEAR_COMBINATION,LINEAR_COMBINATION,LINEAR_COMBINATION,True,LINEAR_COMBINATION,LINEAR_COMBINATION,13,source_color_common,176.59490966796875,True,,False
20,-1,12.864218711853027,167c301976bfb649bf46ed8fb10c5e2d497e7db3fb6c5053ac7ffc58f422c4b2,733b3579454456f2f86a21fa35d2e8f56614d91db79b95a76abd620f7321ce33,191332f8fe5e34dea681221d0197c862ff3e5031c7f229fd40d10b1f4be5210e,207.8525848388672,True,ERM,LINEAR_COMBINATION,LINEAR_COMBINATION,LINEAR_COMBINATION,u005,LINEAR_COMBINATION,LINEAR_COMBINATION,LINEAR_COMBINATION,LINEAR_COMBINATION,True,LINEAR_COMBINATION,LINEAR_COMBINATION,13,source_color_common,150.98336791992188,True,,False
1,-1,0.1435842663049698,167c301976bfb649bf46ed8fb10c5e2d497e7db3fb6c5053ac7ffc58f422c4b2,c5f769ca6bdce5d14e3583dd03b13cd55f5345301f4ca83f9d36de14ce11c8c2,72e80fa46ee7a2763269dfe1b2d9bcdb2b54fc8de3d190fb86e27d770563ee48,0.6687561869621277,True,ERM,LINEAR_COMBINATION,LINEAR_COMBINATION,LINEAR_COMBINATION,u006,LINEAR_COMBINATION,LINEAR_COMBINATION,LINEAR_COMBINATION,LINEAR_COMBINATION,True,LINEAR_COMBINATION,LINEAR_COMBINATION,13,source_color_contrast,0.4566997587680816,True,,False
5,-1,1.4541071653366089,167c301976bfb649bf46ed8fb10c5e2d497e7db3fb6c5053ac7ffc58f422c4b2,e49da3b61db0f59015ea95cfe717dcf0d9f3df410ecbbb0f4378671200fc318c,69f27fe512ea2ddaa429cf865ce4a22dd6a1de883155577fdae871390c5debcf,3.508882761001587,True,ERM,LINEAR_COMBINATION,LINEAR_COMBINATION,LINEAR_COMBINATION,u006,LINEAR_COMBINATION,LINEAR_COMBINATION,LINEAR_COMBINATION,LINEAR_COMBINATION,True,LINEAR_COMBINATION,LINEAR_COMBINATION,13,source_color_contrast,2.1157381534576416,True,,False
20,-1,3.341515302658081,167c301976bfb649bf46ed8fb10c5e2d497e7db3fb6c5053ac7ffc58f422c4b2,733b3579454456f2f86a21fa35d2e8f56614d91db79b95a76abd620f7321ce33,191332f8fe5e34dea681221d0197c862ff3e5031c7f229fd40d10b1f4be5210e,6.343931674957275,True,ERM,LINEAR_COMBINATION,LINEAR_COMBINATION,LINEAR_COMBINATION,u006,LINEAR_COMBINATION,LINEAR_COMBINATION,LINEAR_COMBINATION,LINEAR_COMBINATION,True,LINEAR_COMBINATION,LINEAR_COMBINATION,13,source_color_contrast,3.8894100189208984,True,,False
1,-1,1.5689914226531982,167c301976bfb649bf46ed8fb10c5e2d497e7db3fb6c5053ac7ffc58f422c4b2,c5f769ca6bdce5d14e3583dd03b13cd55f5345301f4ca83f9d36de14ce11c8c2,72e80fa46ee7a2763269dfe1b2d9bcdb2b54fc8de3d190fb86e27d770563ee48,20.86023712158203,True,ERM,LINEAR_COMBINATION,LINEAR_COMBINATION,LINEAR_COMBINATION,u007,LINEAR_COMBINATION,LINEAR_COMBINATION,LINEAR_COMBINATION,LINEAR_COMBINATION,True,LINEAR_COMBINATION,LINEAR_COMBINATION,13,color_global,14.731544494628906,False,,False
5,-1,6.795429229736328,167c301976bfb649bf46ed8fb10c5e2d497e7db3fb6c5053ac7ffc58f422c4b2,e49da3b61db0f59015ea95cfe717dcf0d9f3df410ecbbb0f4378671200fc318c,69f27fe512ea2ddaa429cf865ce4a22dd6a1de883155577fdae871390c5debcf,174.42745971679688,True,ERM,LINEAR_COMBINATION,LINEAR_COMBINATION,LINEAR_COMBINATION,u007,LINEAR_COMBINATION,LINEAR_COMBINATION,LINEAR_COMBINATION,LINEAR_COMBINATION,True,LINEAR_COMBINATION,LINEAR_COMBINATION,13,color_global,124.8714599609375,False,,False
20,-1,9.096376419067385,167c301976bfb649bf46ed8fb10c5e2d497e7db3fb6c5053ac7ffc58f422c4b2,733b3579454456f2f86a21fa35d2e8f56614d91db79b95a76abd620f7321ce33,191332f8fe5e34dea681221d0197c862ff3e5031c7f229fd40d10b1f4be5210e,146.97396850585938,True,ERM,LINEAR_COMBINATION,LINEAR_COMBINATION,LINEAR_COMBINATION,u007,LINEAR_COMBINATION,LINEAR_COMBINATION,LINEAR_COMBINATION,LINEAR_COMBINATION,True,LINEAR_COMBINATION,LINEAR_COMBINATION,13,color_global,106.76136016845705,False,,False
1,-1,1.5689914226531982,167c301976bfb649bf46ed8fb10c5e2d497e7db3fb6c5053ac7ffc58f422c4b2,c5f769ca6bdce5d14e3583dd03b13cd55f5345301f4ca83f9d36de14ce11c8c2,72e80fa46ee7a2763269dfe1b2d9bcdb2b54fc8de3d190fb86e27d770563ee48,20.86023712158203,True,ERM,LINEAR_COMBINATION,LINEAR_COMBINATION,LINEAR_COMBINATION,u008,LINEAR_COMBINATION,LINEAR_COMBINATION,LINEAR_COMBINATION,LINEAR_COMBINATION,True,LINEAR_COMBINATION,LINEAR_COMBINATION,13,color_shift,14.731544494628906,False,,False
5,-1,6.795429229736328,167c301976bfb649bf46ed8fb10c5e2d497e7db3fb6c5053ac7ffc58f422c4b2,e49da3b61db0f59015ea95cfe717dcf0d9f3df410ecbbb0f4378671200fc318c,69f27fe512ea2ddaa429cf865ce4a22dd6a1de883155577fdae871390c5debcf,174.42745971679688,True,ERM,LINEAR_COMBINATION,LINEAR_COMBINATION,LINEAR_COMBINATION,u008,LINEAR_COMBINATION,LINEAR_COMBINATION,LINEAR_COMBINATION,LINEAR_COMBINATION,True,LINEAR_COMBINATION,LINEAR_COMBINATION,13,color_shift,124.8714599609375,False,,False
20,-1,9.096376419067385,167c301976bfb649bf46ed8fb10c5e2d497e7db3fb6c5053ac7ffc58f422c4b2,733b3579454456f2f86a21fa35d2e8f56614d91db79b95a76abd620f7321ce33,191332f8fe5e34dea681221d0197c862ff3e5031c7f229fd40d10b1f4be5210e,146.97396850585938,True,ERM,LINEAR_COMBINATION,LINEAR_COMBINATION,LINEAR_COMBINATION,u008,LINEAR_COMBINATION,LINEAR_COMBINATION,LINEAR_COMBINATION,LINEAR_COMBINATION,True,LINEAR_COMBINATION,LINEAR_COMBINATION,13,color_shift,106.76136016845705,False,,False
1,-1,1.2915704250335691,167c301976bfb649bf46ed8fb10c5e2d497e7db3fb6c5053ac7ffc58f422c4b2,c5f769ca6bdce5d14e3583dd03b13cd55f5345301f4ca83f9d36de14ce11c8c2,72e80fa46ee7a2763269dfe1b2d9bcdb2b54fc8de3d190fb86e27d770563ee48,5.244279861450195,True,ERM,LINEAR_COMBINATION,LINEAR_COMBINATION,LINEAR_COMBINATION,u009,LINEAR_COMBINATION,LINEAR_COMBINATION,LINEAR_COMBINATION,LINEAR_COMBINATION,True,LINEAR_COMBINATION,LINEAR_COMBINATION,13,noise_global,2.847860097885132,False,,False
5,-1,11.42784595489502,167c301976bfb649bf46ed8fb10c5e2d497e7db3fb6c5053ac7ffc58f422c4b2,e49da3b61db0f59015ea95cfe717dcf0d9f3df410ecbbb0f4378671200fc318c,69f27fe512ea2ddaa429cf865ce4a22dd6a1de883155577fdae871390c5debcf,42.36906814575195,True,ERM,LINEAR_COMBINATION,LINEAR_COMBINATION,LINEAR_COMBINATION,u009,LINEAR_COMBINATION,LINEAR_COMBINATION,LINEAR_COMBINATION,LINEAR_COMBINATION,True,LINEAR_COMBINATION,LINEAR_COMBINATION,13,noise_global,19.335372924804688,False,,False
20,-1,54.61484146118164,167c301976bfb649bf46ed8fb10c5e2d497e7db3fb6c5053ac7ffc58f422c4b2,733b3579454456f2f86a21fa35d2e8f56614d91db79b95a76abd620f7321ce33,191332f8fe5e34dea681221d0197c862ff3e5031c7f229fd40d10b1f4be5210e,87.0658187866211,True,ERM,LINEAR_COMBINATION,LINEAR_COMBINATION,LINEAR_COMBINATION,u009,LINEAR_COMBINATION,LINEAR_COMBINATION,LINEAR_COMBINATION,LINEAR_COMBINATION,True,LINEAR_COMBINATION,LINEAR_COMBINATION,13,noise_global,57.28631210327149,False,,False
1,-1,1.2915704250335691,167c301976bfb649bf46ed8fb10c5e2d497e7db3fb6c5053ac7ffc58f422c4b2,c5f769ca6bdce5d14e3583dd03b13cd55f5345301f4ca83f9d36de14ce11c8c2,72e80fa46ee7a2763269dfe1b2d9bcdb2b54fc8de3d190fb86e27d770563ee48,5.244279861450195,True,ERM,LINEAR_COMBINATION,LINEAR_COMBINATION,LINEAR_COMBINATION,u010,LINEAR_COMBINATION,LINEAR_COMBINATION,LINEAR_COMBINATION,LINEAR_COMBINATION,True,LINEAR_COMBINATION,LINEAR_COMBINATION,13,noise_shift,2.847860097885132,False,,False
5,-1,11.42784595489502,167c301976bfb649bf46ed8fb10c5e2d497e7db3fb6c5053ac7ffc58f422c4b2,e49da3b61db0f59015ea95cfe717dcf0d9f3df410ecbbb0f4378671200fc318c,69f27fe512ea2ddaa429cf865ce4a22dd6a1de883155577fdae871390c5debcf,42.36906814575195,True,ERM,LINEAR_COMBINATION,LINEAR_COMBINATION,LINEAR_COMBINATION,u010,LINEAR_COMBINATION,LINEAR_COMBINATION,LINEAR_COMBINATION,LINEAR_COMBINATION,True,LINEAR_COMBINATION,LINEAR_COMBINATION,13,noise_shift,19.335372924804688,False,,False
20,-1,54.61484146118164,167c301976bfb649bf46ed8fb10c5e2d497e7db3fb6c5053ac7ffc58f422c4b2,733b3579454456f2f86a21fa35d2e8f56614d91db79b95a76abd620f7321ce33,191332f8fe5e34dea681221d0197c862ff3e5031c7f229fd40d10b1f4be5210e,87.0658187866211,True,ERM,LINEAR_COMBINATION,LINEAR_COMBINATION,LINEAR_COMBINATION,u010,LINEAR_COMBINATION,LINEAR_COMBINATION,LINEAR_COMBINATION,LINEAR_COMBINATION,True,LINEAR_COMBINATION,LINEAR_COMBINATION,13,noise_shift,57.28631210327149,False,,False
1,0,0.0283271577209234,3cd1a5f4985d5652c87b99e72507cfa31e542dea860617ffc48a047bbf2996e5,76d3c943e3ca26ef2e04a576330867c069ab21059a84cebd17baf0bf67aeff47,730a180fd66132f091711b165087f1b2da92bd25c276a772da771b32ea3f1152,0.1148214116692543,True,IRMv1,3cd1a5f4985d5652c87b99e72507cfa31e542dea860617ffc48a047bbf2996e5,fd76a311f5b5f52dce7af681ea0c901b4926121e5d76fe702112dd5b9babd617,a1d59dd5fa45f95053d73188c76fe6a8a5f276002539a87768ebb4124aebd457,u000,3cd1a5f4985d5652c87b99e72507cfa31e542dea860617ffc48a047bbf2996e5,66b663a665101658787d9effcb42ec5a74080eb1b3897c9e85c3019dd8abc741,d5b4e7f2f73ba90b726e4cd9fc7316c0f3a838d248d85ec5e24ce2d9648d5d33,3cd1a5f4985d5652c87b99e72507cfa31e542dea860617ffc48a047bbf2996e5,True,66b663a665101658787d9effcb42ec5a74080eb1b3897c9e85c3019dd8abc741,d5b4e7f2f73ba90b726e4cd9fc7316c0f3a838d248d85ec5e24ce2d9648d5d33,13,source_env0_color,0.0908793210983276,True,,False
5,0,0.3096601665019989,3cd1a5f4985d5652c87b99e72507cfa31e542dea860617ffc48a047bbf2996e5,68f99e2e2ecf1b2076f3c9b07babefaf22ac6c20c4e73670303b108d03984ac7,bf5c2442768534cc9668a23f88f20798ad12282177ed1c22f95b519472c70902,1.2931519746780396,True,IRMv1,3cd1a5f4985d5652c87b99e72507cfa31e542dea860617ffc48a047bbf2996e5,6dd755aeddb715a5d115b8e95e3e90aab9225713b09cc0f36d776c9a7479028c,e50b17a8ee30d5fd9dce3e55afd9918159e1dac8c2725cd657c0e9157413215c,u000,3cd1a5f4985d5652c87b99e72507cfa31e542dea860617ffc48a047bbf2996e5,1234dc5a9c1875a9648a455b75ca9f75eefd5db10fe4fea2b451cbaa905c90b3,3722c4a7b1e9841434911bbe87a75e93561a005542e83d507ca256292fdc3611,3cd1a5f4985d5652c87b99e72507cfa31e542dea860617ffc48a047bbf2996e5,True,1234dc5a9c1875a9648a455b75ca9f75eefd5db10fe4fea2b451cbaa905c90b3,3722c4a7b1e9841434911bbe87a75e93561a005542e83d507ca256292fdc3611,13,source_env0_color,1.0217477083206177,True,,False
20,0,1.2636789083480835,3cd1a5f4985d5652c87b99e72507cfa31e542dea860617ffc48a047bbf2996e5,2199070d88d3bf181d8d4a01e69561842cf012bbfa3b3b0965fa823564ab8522,993af8398e82a1b04b639ed5247296cf255b2f4b36b510d84b6dceb02d3bad23,2.1699323654174805,True,IRMv1,3cd1a5f4985d5652c87b99e72507cfa31e542dea860617ffc48a047bbf2996e5,7e56aaa5fae0e708abe2d7d0311f62bdfc4ce8969c452797b166efc903a54c8a,b9788f173d13289fcc0faf643086d3b729b771d10cb0d216387923a90e1fbcce,u000,3cd1a5f4985d5652c87b99e72507cfa31e542dea860617ffc48a047bbf2996e5,cb590b103c788a828ea339435cf98d4a0735a82b73c23b63ac145df8cc2055e8,c816ffed29aaad9bc6fa4d2bccb4e1f4f7300d53b330bffb651b77d36f0c7167,3cd1a5f4985d5652c87b99e72507cfa31e542dea860617ffc48a047bbf2996e5,True,cb590b103c788a828ea339435cf98d4a0735a82b73c23b63ac145df8cc2055e8,c816ffed29aaad9bc6fa4d2bccb4e1f4f7300d53b330bffb651b77d36f0c7167,13,source_env0_color,1.9388601779937744,True,,False
1,1,0.0456454642117023,3cd1a5f4985d5652c87b99e72507cfa31e542dea860617ffc48a047bbf2996e5,76d3c943e3ca26ef2e04a576330867c069ab21059a84cebd17baf0bf67aeff47,730a180fd66132f091711b165087f1b2da92bd25c276a772da771b32ea3f1152,0.5488823056221008,True,IRMv1,3cd1a5f4985d5652c87b99e72507cfa31e542dea860617ffc48a047bbf2996e5,444a5dd6b1b3539460a0f1ffb1bb4e645ba0138f4727a2abf10c938c128ec0d9,6d6c97a69a888fada1f72618ea6e5337a675c15af47866da4548fe121709c3db,u001,3cd1a5f4985d5652c87b99e72507cfa31e542dea860617ffc48a047bbf2996e5,c55ec7671a14dc346f6d22dbbc31bca4bda9e5317ee3fb7306296f17d33dd333,968768682755461f7613d37cbc91498b701a9047182fcd0514afc98ab37d7fa2,3cd1a5f4985d5652c87b99e72507cfa31e542dea860617ffc48a047bbf2996e5,True,c55ec7671a14dc346f6d22dbbc31bca4bda9e5317ee3fb7306296f17d33dd333,968768682755461f7613d37cbc91498b701a9047182fcd0514afc98ab37d7fa2,13,source_env1_color,0.445071280002594,True,,False
5,1,0.2839714288711548,3cd1a5f4985d5652c87b99e72507cfa31e542dea860617ffc48a047bbf2996e5,68f99e2e2ecf1b2076f3c9b07babefaf22ac6c20c4e73670303b108d03984ac7,bf5c2442768534cc9668a23f88f20798ad12282177ed1c22f95b519472c70902,5.30640172958374,True,IRMv1,3cd1a5f4985d5652c87b99e72507cfa31e542dea860617ffc48a047bbf2996e5,600cfcb057a49aab2da3dcfefdf1240e441e2ed9bd748681e88badca8e1f2b5f,d1f87b310fedea3fd7055cc98512dc249c29ba3c9a03a1e7f42639a549358540,u001,3cd1a5f4985d5652c87b99e72507cfa31e542dea860617ffc48a047bbf2996e5,495e1fa3d05b6a3135218254060500d85e15ba541e9f2ab388fcbd045c70108b,7419812933193edc4a22724e4d0960f3486bcad4a1aab481a119e1c7a5f7cf33,3cd1a5f4985d5652c87b99e72507cfa31e542dea860617ffc48a047bbf2996e5,True,495e1fa3d05b6a3135218254060500d85e15ba541e9f2ab388fcbd045c70108b,7419812933193edc4a22724e4d0960f3486bcad4a1aab481a119e1c7a5f7cf33,13,source_env1_color,4.335371494293213,True,,False
20,1,1.538707613945007,3cd1a5f4985d5652c87b99e72507cfa31e542dea860617ffc48a047bbf2996e5,2199070d88d3bf181d8d4a01e69561842cf012bbfa3b3b0965fa823564ab8522,993af8398e82a1b04b639ed5247296cf255b2f4b36b510d84b6dceb02d3bad23,3.312870740890503,True,IRMv1,3cd1a5f4985d5652c87b99e72507cfa31e542dea860617ffc48a047bbf2996e5,8707ac2e4541fcc31fbdcfe51ec45d3b4c9d5778b7349529e5ea23f2cefbd228,ba02a35b515978ed94deabbe30d49006393894901a78f6f47107bad67d3bbdc4,u001,3cd1a5f4985d5652c87b99e72507cfa31e542dea860617ffc48a047bbf2996e5,72954c1ac03525359b310ddc5dbf07f7319559862e28f9985e38837796c56c36,878629583ed6117adb23e8c4621060c3521a3718c73226e642aacd7dff3b0d68,3cd1a5f4985d5652c87b99e72507cfa31e542dea860617ffc48a047bbf2996e5,True,72954c1ac03525359b310ddc5dbf07f7319559862e28f9985e38837796c56c36,878629583ed6117adb23e8c4621060c3521a3718c73226e642aacd7dff3b0d68,13,source_env1_color,2.873849391937256,True,,False
1,2,0.0,3cd1a5f4985d5652c87b99e72507cfa31e542dea860617ffc48a047bbf2996e5,76d3c943e3ca26ef2e04a576330867c069ab21059a84cebd17baf0bf67aeff47,730a180fd66132f091711b165087f1b2da92bd25c276a772da771b32ea3f1152,0.0,True,IRMv1,LINEAR_COMBINATION,LINEAR_COMBINATION,LINEAR_COMBINATION,u002,LINEAR_COMBINATION,LINEAR_COMBINATION,LINEAR_COMBINATION,LINEAR_COMBINATION,True,LINEAR_COMBINATION,LINEAR_COMBINATION,13,evaluation_color,0.0,False,,False
5,2,0.0,3cd1a5f4985d5652c87b99e72507cfa31e542dea860617ffc48a047bbf2996e5,68f99e2e2ecf1b2076f3c9b07babefaf22ac6c20c4e73670303b108d03984ac7,bf5c2442768534cc9668a23f88f20798ad12282177ed1c22f95b519472c70902,0.0,True,IRMv1,LINEAR_COMBINATION,LINEAR_COMBINATION,LINEAR_COMBINATION,u002,LINEAR_COMBINATION,LINEAR_COMBINATION,LINEAR_COMBINATION,LINEAR_COMBINATION,True,LINEAR_COMBINATION,LINEAR_COMBINATION,13,evaluation_color,0.0,False,,False
20,2,0.0,3cd1a5f4985d5652c87b99e72507cfa31e542dea860617ffc48a047bbf2996e5,2199070d88d3bf181d8d4a01e69561842cf012bbfa3b3b0965fa823564ab8522,993af8398e82a1b04b639ed5247296cf255b2f4b36b510d84b6dceb02d3bad23,0.0,True,IRMv1,LINEAR_COMBINATION,LINEAR_COMBINATION,LINEAR_COMBINATION,u002,LINEAR_COMBINATION,LINEAR_COMBINATION,LINEAR_COMBINATION,LINEAR_COMBINATION,True,LINEAR_COMBINATION,LINEAR_COMBINATION,13,evaluation_color,0.0,False,,False
1,3,0.9105949997901917,3cd1a5f4985d5652c87b99e72507cfa31e542dea860617ffc48a047bbf2996e5,76d3c943e3ca26ef2e04a576330867c069ab21059a84cebd17baf0bf67aeff47,730a180fd66132f091711b165087f1b2da92bd25c276a772da771b32ea3f1152,6.299530506134033,True,IRMv1,3cd1a5f4985d5652c87b99e72507cfa31e542dea860617ffc48a047bbf2996e5,1a3d9fe8a0386a33d2e79a9570e72c5958e2bf16d1d687af20758d468a2a7b1c,f329a95b5e3ee00bb20e4a3498564d4e1e0a0c31d7b71a0473b65a031180f852,u003,3cd1a5f4985d5652c87b99e72507cfa31e542dea860617ffc48a047bbf2996e5,80fd80cb9c31e71ad0b02fd7d81537473179f60fa19f0e2b92c2471e80a7e29b,0fd22c2c5179fe701e2ad75b8262b656c28493b39ec01803833daf2175970849,3cd1a5f4985d5652c87b99e72507cfa31e542dea860617ffc48a047bbf2996e5,True,80fd80cb9c31e71ad0b02fd7d81537473179f60fa19f0e2b92c2471e80a7e29b,0fd22c2c5179fe701e2ad75b8262b656c28493b39ec01803833daf2175970849,13,source_label_noise,5.044781684875488,True,,False
5,3,6.429250717163086,3cd1a5f4985d5652c87b99e72507cfa31e542dea860617ffc48a047bbf2996e5,68f99e2e2ecf1b2076f3c9b07babefaf22ac6c20c4e73670303b108d03984ac7,bf5c2442768534cc9668a23f88f20798ad12282177ed1c22f95b519472c70902,47.58388137817383,True,IRMv1,3cd1a5f4985d5652c87b99e72507cfa31e542dea860617ffc48a047bbf2996e5,a71a4439092e611564b4ff6c3db8e99ab64d759da0241cc8c962c99e8bf9f3e2,19514466e473953bc52a04ed5b34b6dbb3da1c8e631e7a7c1b79bb32dce7cbb4,u003,3cd1a5f4985d5652c87b99e72507cfa31e542dea860617ffc48a047bbf2996e5,eb9a37aa508940ef6ef78d403e8a208140899a3be95a239758c1d40c76e7fcd2,0ccdec12cb20597a3cb561c6c088f1444733d5a8ba9fe0cb0abd1cc6ca6ddff2,3cd1a5f4985d5652c87b99e72507cfa31e542dea860617ffc48a047bbf2996e5,True,eb9a37aa508940ef6ef78d403e8a208140899a3be95a239758c1d40c76e7fcd2,0ccdec12cb20597a3cb561c6c088f1444733d5a8ba9fe0cb0abd1cc6ca6ddff2,13,source_label_noise,38.07600021362305,True,,False
20,3,6.230396747589111,3cd1a5f4985d5652c87b99e72507cfa31e542dea860617ffc48a047bbf2996e5,2199070d88d3bf181d8d4a01e69561842cf012bbfa3b3b0965fa823564ab8522,993af8398e82a1b04b639ed5247296cf255b2f4b36b510d84b6dceb02d3bad23,38.07307052612305,True,IRMv1,3cd1a5f4985d5652c87b99e72507cfa31e542dea860617ffc48a047bbf2996e5,fa3e19818fcd3605d374097557ab24c0e551f284aad2cd7cc7deddd8227ec9f9,e85b638598c946119c077d54c101e6e3f31662a6e504bce328a25909055a1f65,u003,3cd1a5f4985d5652c87b99e72507cfa31e542dea860617ffc48a047bbf2996e5,48f1d7bf7b949f43e2b72de13fe7ad262640f2b5f703033005b7034f33519e04,2aca7b9f9e95617d6d75efe5f0ebed8e926026b0e0be35cf6e124a33aab282f6,3cd1a5f4985d5652c87b99e72507cfa31e542dea860617ffc48a047bbf2996e5,True,48f1d7bf7b949f43e2b72de13fe7ad262640f2b5f703033005b7034f33519e04,2aca7b9f9e95617d6d75efe5f0ebed8e926026b0e0be35cf6e124a33aab282f6,13,source_label_noise,30.27153205871582,True,,False
1,4,0.0,3cd1a5f4985d5652c87b99e72507cfa31e542dea860617ffc48a047bbf2996e5,76d3c943e3ca26ef2e04a576330867c069ab21059a84cebd17baf0bf67aeff47,730a180fd66132f091711b165087f1b2da92bd25c276a772da771b32ea3f1152,0.0,True,IRMv1,LINEAR_COMBINATION,LINEAR_COMBINATION,LINEAR_COMBINATION,u004,LINEAR_COMBINATION,LINEAR_COMBINATION,LINEAR_COMBINATION,LINEAR_COMBINATION,True,LINEAR_COMBINATION,LINEAR_COMBINATION,13,evaluation_label_noise,0.0,False,,False
5,4,0.0,3cd1a5f4985d5652c87b99e72507cfa31e542dea860617ffc48a047bbf2996e5,68f99e2e2ecf1b2076f3c9b07babefaf22ac6c20c4e73670303b108d03984ac7,bf5c2442768534cc9668a23f88f20798ad12282177ed1c22f95b519472c70902,0.0,True,IRMv1,LINEAR_COMBINATION,LINEAR_COMBINATION,LINEAR_COMBINATION,u004,LINEAR_COMBINATION,LINEAR_COMBINATION,LINEAR_COMBINATION,LINEAR_COMBINATION,True,LINEAR_COMBINATION,LINEAR_COMBINATION,13,evaluation_label_noise,0.0,False,,False
20,4,0.0,3cd1a5f4985d5652c87b99e72507cfa31e542dea860617ffc48a047bbf2996e5,2199070d88d3bf181d8d4a01e69561842cf012bbfa3b3b0965fa823564ab8522,993af8398e82a1b04b639ed5247296cf255b2f4b36b510d84b6dceb02d3bad23,0.0,True,IRMv1,LINEAR_COMBINATION,LINEAR_COMBINATION,LINEAR_COMBINATION,u004,LINEAR_COMBINATION,LINEAR_COMBINATION,LINEAR_COMBINATION,LINEAR_COMBINATION,True,LINEAR_COMBINATION,LINEAR_COMBINATION,13,evaluation_label_noise,0.0,False,,False
1,-1,0.0514757633209228,3cd1a5f4985d5652c87b99e72507cfa31e542dea860617ffc48a047bbf2996e5,76d3c943e3ca26ef2e04a576330867c069ab21059a84cebd17baf0bf67aeff47,730a180fd66132f091711b165087f1b2da92bd25c276a772da771b32ea3f1152,0.4674000144004822,True,IRMv1,LINEAR_COMBINATION,LINEAR_COMBINATION,LINEAR_COMBINATION,u005,LINEAR_COMBINATION,LINEAR_COMBINATION,LINEAR_COMBINATION,LINEAR_COMBINATION,True,LINEAR_COMBINATION,LINEAR_COMBINATION,13,source_color_common,0.3771759569644928,True,,False
5,-1,0.3934748768806457,3cd1a5f4985d5652c87b99e72507cfa31e542dea860617ffc48a047bbf2996e5,68f99e2e2ecf1b2076f3c9b07babefaf22ac6c20c4e73670303b108d03984ac7,bf5c2442768534cc9668a23f88f20798ad12282177ed1c22f95b519472c70902,4.634350299835205,True,IRMv1,LINEAR_COMBINATION,LINEAR_COMBINATION,LINEAR_COMBINATION,u005,LINEAR_COMBINATION,LINEAR_COMBINATION,LINEAR_COMBINATION,LINEAR_COMBINATION,True,LINEAR_COMBINATION,LINEAR_COMBINATION,13,source_color_common,3.7581729888916016,True,,False
20,-1,0.2141158580780029,3cd1a5f4985d5652c87b99e72507cfa31e542dea860617ffc48a047bbf2996e5,2199070d88d3bf181d8d4a01e69561842cf012bbfa3b3b0965fa823564ab8522,993af8398e82a1b04b639ed5247296cf255b2f4b36b510d84b6dceb02d3bad23,1.0793781280517578,True,IRMv1,LINEAR_COMBINATION,LINEAR_COMBINATION,LINEAR_COMBINATION,u005,LINEAR_COMBINATION,LINEAR_COMBINATION,LINEAR_COMBINATION,LINEAR_COMBINATION,True,LINEAR_COMBINATION,LINEAR_COMBINATION,13,source_color_common,0.8335033059120178,True,,False
1,-1,0.0153682138770818,3cd1a5f4985d5652c87b99e72507cfa31e542dea860617ffc48a047bbf2996e5,76d3c943e3ca26ef2e04a576330867c069ab21059a84cebd17baf0bf67aeff47,730a180fd66132f091711b165087f1b2da92bd25c276a772da771b32ea3f1152,0.309827446937561,True,IRMv1,LINEAR_COMBINATION,LINEAR_COMBINATION,LINEAR_COMBINATION,u006,LINEAR_COMBINATION,LINEAR_COMBINATION,LINEAR_COMBINATION,LINEAR_COMBINATION,True,LINEAR_COMBINATION,LINEAR_COMBINATION,13,source_color_contrast,0.2531516551971435,True,,False
5,-1,0.147332027554512,3cd1a5f4985d5652c87b99e72507cfa31e542dea860617ffc48a047bbf2996e5,68f99e2e2ecf1b2076f3c9b07babefaf22ac6c20c4e73670303b108d03984ac7,bf5c2442768534cc9668a23f88f20798ad12282177ed1c22f95b519472c70902,2.8901453018188477,True,IRMv1,LINEAR_COMBINATION,LINEAR_COMBINATION,LINEAR_COMBINATION,u006,LINEAR_COMBINATION,LINEAR_COMBINATION,LINEAR_COMBINATION,LINEAR_COMBINATION,True,LINEAR_COMBINATION,LINEAR_COMBINATION,13,source_color_contrast,2.390721321105957,True,,False
20,-1,1.979560613632202,3cd1a5f4985d5652c87b99e72507cfa31e542dea860617ffc48a047bbf2996e5,2199070d88d3bf181d8d4a01e69561842cf012bbfa3b3b0965fa823564ab8522,993af8398e82a1b04b639ed5247296cf255b2f4b36b510d84b6dceb02d3bad23,3.810335874557495,True,IRMv1,LINEAR_COMBINATION,LINEAR_COMBINATION,LINEAR_COMBINATION,u006,LINEAR_COMBINATION,LINEAR_COMBINATION,LINEAR_COMBINATION,LINEAR_COMBINATION,True,LINEAR_COMBINATION,LINEAR_COMBINATION,13,source_color_contrast,3.365035057067871,True,,False
1,-1,0.0363988652825355,3cd1a5f4985d5652c87b99e72507cfa31e542dea860617ffc48a047bbf2996e5,76d3c943e3ca26ef2e04a576330867c069ab21059a84cebd17baf0bf67aeff47,730a180fd66132f091711b165087f1b2da92bd25c276a772da771b32ea3f1152,0.3305017054080963,True,IRMv1,LINEAR_COMBINATION,LINEAR_COMBINATION,LINEAR_COMBINATION,u007,LINEAR_COMBINATION,LINEAR_COMBINATION,LINEAR_COMBINATION,LINEAR_COMBINATION,True,LINEAR_COMBINATION,LINEAR_COMBINATION,13,color_global,0.2667036950588226,False,,False
5,-1,0.2782287299633026,3cd1a5f4985d5652c87b99e72507cfa31e542dea860617ffc48a047bbf2996e5,68f99e2e2ecf1b2076f3c9b07babefaf22ac6c20c4e73670303b108d03984ac7,bf5c2442768534cc9668a23f88f20798ad12282177ed1c22f95b519472c70902,3.2769806385040283,True,IRMv1,LINEAR_COMBINATION,LINEAR_COMBINATION,LINEAR_COMBINATION,u007,LINEAR_COMBINATION,LINEAR_COMBINATION,LINEAR_COMBINATION,LINEAR_COMBINATION,True,LINEAR_COMBINATION,LINEAR_COMBINATION,13,color_global,2.6574296951293945,False,,False
20,-1,0.1514027714729309,3cd1a5f4985d5652c87b99e72507cfa31e542dea860617ffc48a047bbf2996e5,2199070d88d3bf181d8d4a01e69561842cf012bbfa3b3b0965fa823564ab8522,993af8398e82a1b04b639ed5247296cf255b2f4b36b510d84b6dceb02d3bad23,0.7632356286048889,True,IRMv1,LINEAR_COMBINATION,LINEAR_COMBINATION,LINEAR_COMBINATION,u007,LINEAR_COMBINATION,LINEAR_COMBINATION,LINEAR_COMBINATION,LINEAR_COMBINATION,True,LINEAR_COMBINATION,LINEAR_COMBINATION,13,color_global,0.5893758535385132,False,,False
1,-1,0.0363988652825355,3cd1a5f4985d5652c87b99e72507cfa31e542dea860617ffc48a047bbf2996e5,76d3c943e3ca26ef2e04a576330867c069ab21059a84cebd17baf0bf67aeff47,730a180fd66132f091711b165087f1b2da92bd25c276a772da771b32ea3f1152,0.3305017054080963,True,IRMv1,LINEAR_COMBINATION,LINEAR_COMBINATION,LINEAR_COMBINATION,u008,LINEAR_COMBINATION,LINEAR_COMBINATION,LINEAR_COMBINATION,LINEAR_COMBINATION,True,LINEAR_COMBINATION,LINEAR_COMBINATION,13,color_shift,0.2667036950588226,False,,False
5,-1,0.2782287299633026,3cd1a5f4985d5652c87b99e72507cfa31e542dea860617ffc48a047bbf2996e5,68f99e2e2ecf1b2076f3c9b07babefaf22ac6c20c4e73670303b108d03984ac7,bf5c2442768534cc9668a23f88f20798ad12282177ed1c22f95b519472c70902,3.2769806385040283,True,IRMv1,LINEAR_COMBINATION,LINEAR_COMBINATION,LINEAR_COMBINATION,u008,LINEAR_COMBINATION,LINEAR_COMBINATION,LINEAR_COMBINATION,LINEAR_COMBINATION,True,LINEAR_COMBINATION,LINEAR_COMBINATION,13,color_shift,2.6574296951293945,False,,False
20,-1,0.1514027714729309,3cd1a5f4985d5652c87b99e72507cfa31e542dea860617ffc48a047bbf2996e5,2199070d88d3bf181d8d4a01e69561842cf012bbfa3b3b0965fa823564ab8522,993af8398e82a1b04b639ed5247296cf255b2f4b36b510d84b6dceb02d3bad23,0.7632356286048889,True,IRMv1,LINEAR_COMBINATION,LINEAR_COMBINATION,LINEAR_COMBINATION,u008,LINEAR_COMBINATION,LINEAR_COMBINATION,LINEAR_COMBINATION,LINEAR_COMBINATION,True,LINEAR_COMBINATION,LINEAR_COMBINATION,13,color_shift,0.5893758535385132,False,,False
1,-1,0.6438878774642944,3cd1a5f4985d5652c87b99e72507cfa31e542dea860617ffc48a047bbf2996e5,76d3c943e3ca26ef2e04a576330867c069ab21059a84cebd17baf0bf67aeff47,730a180fd66132f091711b165087f1b2da92bd25c276a772da771b32ea3f1152,4.454440593719482,True,IRMv1,LINEAR_COMBINATION,LINEAR_COMBINATION,LINEAR_COMBINATION,u009,LINEAR_COMBINATION,LINEAR_COMBINATION,LINEAR_COMBINATION,LINEAR_COMBINATION,True,LINEAR_COMBINATION,LINEAR_COMBINATION,13,noise_global,3.567199230194092,False,,False
5,-1,4.546166896820068,3cd1a5f4985d5652c87b99e72507cfa31e542dea860617ffc48a047bbf2996e5,68f99e2e2ecf1b2076f3c9b07babefaf22ac6c20c4e73670303b108d03984ac7,bf5c2442768534cc9668a23f88f20798ad12282177ed1c22f95b519472c70902,33.646881103515625,True,IRMv1,LINEAR_COMBINATION,LINEAR_COMBINATION,LINEAR_COMBINATION,u009,LINEAR_COMBINATION,LINEAR_COMBINATION,LINEAR_COMBINATION,LINEAR_COMBINATION,True,LINEAR_COMBINATION,LINEAR_COMBINATION,13,noise_global,26.92379570007324,False,,False
20,-1,4.405555725097656,3cd1a5f4985d5652c87b99e72507cfa31e542dea860617ffc48a047bbf2996e5,2199070d88d3bf181d8d4a01e69561842cf012bbfa3b3b0965fa823564ab8522,993af8398e82a1b04b639ed5247296cf255b2f4b36b510d84b6dceb02d3bad23,26.92172622680664,True,IRMv1,LINEAR_COMBINATION,LINEAR_COMBINATION,LINEAR_COMBINATION,u009,LINEAR_COMBINATION,LINEAR_COMBINATION,LINEAR_COMBINATION,LINEAR_COMBINATION,True,LINEAR_COMBINATION,LINEAR_COMBINATION,13,noise_global,21.40520477294922,False,,False
1,-1,0.6438878774642944,3cd1a5f4985d5652c87b99e72507cfa31e542dea860617ffc48a047bbf2996e5,76d3c943e3ca26ef2e04a576330867c069ab21059a84cebd17baf0bf67aeff47,730a180fd66132f091711b165087f1b2da92bd25c276a772da771b32ea3f1152,4.454440593719482,True,IRMv1,LINEAR_COMBINATION,LINEAR_COMBINATION,LINEAR_COMBINATION,u010,LINEAR_COMBINATION,LINEAR_COMBINATION,LINEAR_COMBINATION,LINEAR_COMBINATION,True,LINEAR_COMBINATION,LINEAR_COMBINATION,13,noise_shift,3.567199230194092,False,,False
5,-1,4.546166896820068,3cd1a5f4985d5652c87b99e72507cfa31e542dea860617ffc48a047bbf2996e5,68f99e2e2ecf1b2076f3c9b07babefaf22ac6c20c4e73670303b108d03984ac7,bf5c2442768534cc9668a23f88f20798ad12282177ed1c22f95b519472c70902,33.646881103515625,True,IRMv1,LINEAR_COMBINATION,LINEAR_COMBINATION,LINEAR_COMBINATION,u010,LINEAR_COMBINATION,LINEAR_COMBINATION,LINEAR_COMBINATION,LINEAR_COMBINATION,True,LINEAR_COMBINATION,LINEAR_COMBINATION,13,noise_shift,26.92379570007324,False,,False
20,-1,4.405555725097656,3cd1a5f4985d5652c87b99e72507cfa31e542dea860617ffc48a047bbf2996e5,2199070d88d3bf181d8d4a01e69561842cf012bbfa3b3b0965fa823564ab8522,993af8398e82a1b04b639ed5247296cf255b2f4b36b510d84b6dceb02d3bad23,26.92172622680664,True,IRMv1,LINEAR_COMBINATION,LINEAR_COMBINATION,LINEAR_COMBINATION,u010,LINEAR_COMBINATION,LINEAR_COMBINATION,LINEAR_COMBINATION,LINEAR_COMBINATION,True,LINEAR_COMBINATION,LINEAR_COMBINATION,13,noise_shift,21.40520477294922,False,,False
1,0,0.113955982029438,31fd4db952a13c42c1208e0b0969f0a751e60af7a228cd45b11e8763610d01c3,302c4c87524ea0a31d335476e7db1133351e5e62b216a16f7ae32f13c98a9a6d,183e4b8670a54d92b750c4740b1a542bb2148f6e0080f68bbe507f8e7f7ee62b,0.7461327314376831,True,VREX,31fd4db952a13c42c1208e0b0969f0a751e60af7a228cd45b11e8763610d01c3,f383e678f42b6ac9d1362f1cd4fa60f8818c669a0c0201d5d2f6c8b1261cc6f7,16c97bcb564ac2aa6d91f65121244ea6a8a3815722982d4222837ca7ceea48c4,u000,31fd4db952a13c42c1208e0b0969f0a751e60af7a228cd45b11e8763610d01c3,7a30b146b2f46d950cf0fbac15f1634b82ffff4b4c4d717b5a97d4fa3c14bf4e,089de89d834cd376b94f5da70fa3a862b0037266af73be09d92f8931cd8b5f00,31fd4db952a13c42c1208e0b0969f0a751e60af7a228cd45b11e8763610d01c3,True,7a30b146b2f46d950cf0fbac15f1634b82ffff4b4c4d717b5a97d4fa3c14bf4e,089de89d834cd376b94f5da70fa3a862b0037266af73be09d92f8931cd8b5f00,13,source_env0_color,0.5935503244400024,True,,False
5,0,0.765678882598877,31fd4db952a13c42c1208e0b0969f0a751e60af7a228cd45b11e8763610d01c3,91577a75b53e5b47243292ae2317e23593e17d615ac38dab358f62d728ab51a7,e3e5bbf957be26256acf13c72b8e37aaa0a8f8f6c56e98bf5689ce53f4cd2360,5.892617702484131,True,VREX,31fd4db952a13c42c1208e0b0969f0a751e60af7a228cd45b11e8763610d01c3,452dcb81848281432cca0487e6703f21fb94e7c067a988e13a5b47f8b31158e5,cac81245691f516378ec5181e08a7ee7b176e7d2375e4c787af95aa3e1c2f5cd,u000,31fd4db952a13c42c1208e0b0969f0a751e60af7a228cd45b11e8763610d01c3,18448e2120c64e0486a0ead14af04fe603d7167428404c8ef6136dda4a734ca4,46ab966488f2571a603bb8bb22f0415369931b83a1f0a6e9c43b8cfeaba0491b,31fd4db952a13c42c1208e0b0969f0a751e60af7a228cd45b11e8763610d01c3,True,18448e2120c64e0486a0ead14af04fe603d7167428404c8ef6136dda4a734ca4,46ab966488f2571a603bb8bb22f0415369931b83a1f0a6e9c43b8cfeaba0491b,13,source_env0_color,4.677167892456055,True,,False
20,0,1.525094509124756,31fd4db952a13c42c1208e0b0969f0a751e60af7a228cd45b11e8763610d01c3,1567626e216dc667963de8ec7a8ce15f2f42c23157aa1983c903f886a291fbaa,3faef855a63a379cb962a6b1b89d6cd3efcb402f44cdd5f03691220dee91d5f3,5.045873641967773,True,VREX,31fd4db952a13c42c1208e0b0969f0a751e60af7a228cd45b11e8763610d01c3,496ba0d8559e51f186ac36fe008ec2cfa3eba809376d6a282f13841fd5ec8ad0,6b92487ec12b9ff462e82d442af0a689db9ea153863add376ca0805d4fa3f70b,u000,31fd4db952a13c42c1208e0b0969f0a751e60af7a228cd45b11e8763610d01c3,60be2a61297d112c69e167d473c1744768bf7ca5f8b53001c0b1252b1b414e71,9a44f338823ef8ba586da7dc2d0f14f6db77380860876264019a4a94e908ab1e,31fd4db952a13c42c1208e0b0969f0a751e60af7a228cd45b11e8763610d01c3,True,60be2a61297d112c69e167d473c1744768bf7ca5f8b53001c0b1252b1b414e71,9a44f338823ef8ba586da7dc2d0f14f6db77380860876264019a4a94e908ab1e,13,source_env0_color,4.228163719177246,True,,False
1,1,0.1180262267589569,31fd4db952a13c42c1208e0b0969f0a751e60af7a228cd45b11e8763610d01c3,302c4c87524ea0a31d335476e7db1133351e5e62b216a16f7ae32f13c98a9a6d,183e4b8670a54d92b750c4740b1a542bb2148f6e0080f68bbe507f8e7f7ee62b,0.7835013270378113,True,VREX,31fd4db952a13c42c1208e0b0969f0a751e60af7a228cd45b11e8763610d01c3,098ab34b0bbaac3ef1854d9b54fa2c63edb792b8c52df6cea98e0c3c4a0373a5,ec9be18204872c37ecb6486025efa26d605ca54d6e76aa9e10d926193df6207d,u001,31fd4db952a13c42c1208e0b0969f0a751e60af7a228cd45b11e8763610d01c3,b722cf479ef5fa55ab2df546586ffc80cc5f5d0fcbf5292eab7f43b34d3dd002,797b2dc1bcfa21074a4a27b4e14292648cf384ac6dd31166ac41bdd98052bda8,31fd4db952a13c42c1208e0b0969f0a751e60af7a228cd45b11e8763610d01c3,True,b722cf479ef5fa55ab2df546586ffc80cc5f5d0fcbf5292eab7f43b34d3dd002,797b2dc1bcfa21074a4a27b4e14292648cf384ac6dd31166ac41bdd98052bda8,13,source_env1_color,0.6216875314712524,True,,False
5,1,0.7561798095703125,31fd4db952a13c42c1208e0b0969f0a751e60af7a228cd45b11e8763610d01c3,91577a75b53e5b47243292ae2317e23593e17d615ac38dab358f62d728ab51a7,e3e5bbf957be26256acf13c72b8e37aaa0a8f8f6c56e98bf5689ce53f4cd2360,5.868139266967773,True,VREX,31fd4db952a13c42c1208e0b0969f0a751e60af7a228cd45b11e8763610d01c3,3e64cca8c6547e6b5018ac6df786fce20717332a793ccdcacbec7a58fc755059,d44993bf86f8611df796193709f6d4f8e8f1364cd73329fe6a19d93ec9543373,u001,31fd4db952a13c42c1208e0b0969f0a751e60af7a228cd45b11e8763610d01c3,a9ab84987924a8b22a1c9a42653153b11666ac1e59963291a16eb388a43c504d,2c26a825afb219a3b3dd7152f6c53f1e0aba3f0377a4c11de7445f7efb2e918a,31fd4db952a13c42c1208e0b0969f0a751e60af7a228cd45b11e8763610d01c3,True,a9ab84987924a8b22a1c9a42653153b11666ac1e59963291a16eb388a43c504d,2c26a825afb219a3b3dd7152f6c53f1e0aba3f0377a4c11de7445f7efb2e918a,13,source_env1_color,4.651448726654053,True,,False
20,1,1.518471598625183,31fd4db952a13c42c1208e0b0969f0a751e60af7a228cd45b11e8763610d01c3,1567626e216dc667963de8ec7a8ce15f2f42c23157aa1983c903f886a291fbaa,3faef855a63a379cb962a6b1b89d6cd3efcb402f44cdd5f03691220dee91d5f3,5.063623905181885,True,VREX,31fd4db952a13c42c1208e0b0969f0a751e60af7a228cd45b11e8763610d01c3,040e1bdf2eef6721d25c4fe279b518dd1eb63855237b06e385d284a2739b750c,edef760db0341f88b052658cfb46d8b37aaa4bca4c5aab3cc8d5cd3efb8f052d,u001,31fd4db952a13c42c1208e0b0969f0a751e60af7a228cd45b11e8763610d01c3,ff196c4b0ab51be5bd383b34215abd5b672d4d4daf05ea406967c805aa568770,9e055383b7db46bb13bb2619f344a0b2a307c235d407be0b4615c9bd7933c98f,31fd4db952a13c42c1208e0b0969f0a751e60af7a228cd45b11e8763610d01c3,True,ff196c4b0ab51be5bd383b34215abd5b672d4d4daf05ea406967c805aa568770,9e055383b7db46bb13bb2619f344a0b2a307c235d407be0b4615c9bd7933c98f,13,source_env1_color,4.257523059844971,True,,False
1,2,0.0,31fd4db952a13c42c1208e0b0969f0a751e60af7a228cd45b11e8763610d01c3,302c4c87524ea0a31d335476e7db1133351e5e62b216a16f7ae32f13c98a9a6d,183e4b8670a54d92b750c4740b1a542bb2148f6e0080f68bbe507f8e7f7ee62b,0.0,True,VREX,LINEAR_COMBINATION,LINEAR_COMBINATION,LINEAR_COMBINATION,u002,LINEAR_COMBINATION,LINEAR_COMBINATION,LINEAR_COMBINATION,LINEAR_COMBINATION,True,LINEAR_COMBINATION,LINEAR_COMBINATION,13,evaluation_color,0.0,False,,False
5,2,0.0,31fd4db952a13c42c1208e0b0969f0a751e60af7a228cd45b11e8763610d01c3,91577a75b53e5b47243292ae2317e23593e17d615ac38dab358f62d728ab51a7,e3e5bbf957be26256acf13c72b8e37aaa0a8f8f6c56e98bf5689ce53f4cd2360,0.0,True,VREX,LINEAR_COMBINATION,LINEAR_COMBINATION,LINEAR_COMBINATION,u002,LINEAR_COMBINATION,LINEAR_COMBINATION,LINEAR_COMBINATION,LINEAR_COMBINATION,True,LINEAR_COMBINATION,LINEAR_COMBINATION,13,evaluation_color,0.0,False,,False
20,2,0.0,31fd4db952a13c42c1208e0b0969f0a751e60af7a228cd45b11e8763610d01c3,1567626e216dc667963de8ec7a8ce15f2f42c23157aa1983c903f886a291fbaa,3faef855a63a379cb962a6b1b89d6cd3efcb402f44cdd5f03691220dee91d5f3,0.0,True,VREX,LINEAR_COMBINATION,LINEAR_COMBINATION,LINEAR_COMBINATION,u002,LINEAR_COMBINATION,LINEAR_COMBINATION,LINEAR_COMBINATION,LINEAR_COMBINATION,True,LINEAR_COMBINATION,LINEAR_COMBINATION,13,evaluation_color,0.0,False,,False
1,3,0.0082875620573759,31fd4db952a13c42c1208e0b0969f0a751e60af7a228cd45b11e8763610d01c3,302c4c87524ea0a31d335476e7db1133351e5e62b216a16f7ae32f13c98a9a6d,183e4b8670a54d92b750c4740b1a542bb2148f6e0080f68bbe507f8e7f7ee62b,0.0140625312924385,True,VREX,31fd4db952a13c42c1208e0b0969f0a751e60af7a228cd45b11e8763610d01c3,bea765530a0542137a9bfa5ee58a83b2f3299fcbd4b0f4df799694013ed1ebbd,d5492ca4472a4a19fbe133ef4bb043ce1367fa0a73b6b80be6a22f5f0cc48404,u003,31fd4db952a13c42c1208e0b0969f0a751e60af7a228cd45b11e8763610d01c3,75a9cacac3b95206818be100a6676cad5f5e6063bc50f0939ab7069f9b6d59a9,fde3e205141c5a793063791617e03b35ad93624a02d0e3206ae9e3ea216e01f5,31fd4db952a13c42c1208e0b0969f0a751e60af7a228cd45b11e8763610d01c3,True,75a9cacac3b95206818be100a6676cad5f5e6063bc50f0939ab7069f9b6d59a9,fde3e205141c5a793063791617e03b35ad93624a02d0e3206ae9e3ea216e01f5,13,source_label_noise,0.01093565300107,True,,False
5,3,0.0375464186072349,31fd4db952a13c42c1208e0b0969f0a751e60af7a228cd45b11e8763610d01c3,91577a75b53e5b47243292ae2317e23593e17d615ac38dab358f62d728ab51a7,e3e5bbf957be26256acf13c72b8e37aaa0a8f8f6c56e98bf5689ce53f4cd2360,0.2178399413824081,True,VREX,31fd4db952a13c42c1208e0b0969f0a751e60af7a228cd45b11e8763610d01c3,60e5e3ac0cbe3e066e179680fdefbc35827cb5d90d471bcb7906f0fa2e6d29a2,15986a930a03bc8c6dccde540998605b9147bd5ebca2aab89abbaf05236318b4,u003,31fd4db952a13c42c1208e0b0969f0a751e60af7a228cd45b11e8763610d01c3,bd0cc05911c83fdb914985f38659d7c463e72d9f463bc7350cd1d13349980955,c973228645c1465dcfda190c30bb3280e232e7c9cca65b711dd080a6f22217f1,31fd4db952a13c42c1208e0b0969f0a751e60af7a228cd45b11e8763610d01c3,True,bd0cc05911c83fdb914985f38659d7c463e72d9f463bc7350cd1d13349980955,c973228645c1465dcfda190c30bb3280e232e7c9cca65b711dd080a6f22217f1,13,source_label_noise,0.1827860623598098,True,,False
20,3,0.0624814331531524,31fd4db952a13c42c1208e0b0969f0a751e60af7a228cd45b11e8763610d01c3,1567626e216dc667963de8ec7a8ce15f2f42c23157aa1983c903f886a291fbaa,3faef855a63a379cb962a6b1b89d6cd3efcb402f44cdd5f03691220dee91d5f3,0.196629449725151,True,VREX,31fd4db952a13c42c1208e0b0969f0a751e60af7a228cd45b11e8763610d01c3,046dff84cfa3993628f0d2a4c49bcb572871a0d32ef36bae7b0b0f8ccbac92fc,bac8fde1928846edbe6e5acbe248c6db7d0e895ef3ed79dc4544bb69d95ab5e0,u003,31fd4db952a13c42c1208e0b0969f0a751e60af7a228cd45b11e8763610d01c3,ebf7bfef625cc173e9cbad5585e7eb46098513304997c67ac74f4ba8aef2d035,55ef03f0afb000a29ffc22389f682efa2f7b4c7760dc536de1948a4ee95e83e3,31fd4db952a13c42c1208e0b0969f0a751e60af7a228cd45b11e8763610d01c3,True,ebf7bfef625cc173e9cbad5585e7eb46098513304997c67ac74f4ba8aef2d035,55ef03f0afb000a29ffc22389f682efa2f7b4c7760dc536de1948a4ee95e83e3,13,source_label_noise,0.1587596833705902,True,,False
1,4,0.0,31fd4db952a13c42c1208e0b0969f0a751e60af7a228cd45b11e8763610d01c3,302c4c87524ea0a31d335476e7db1133351e5e62b216a16f7ae32f13c98a9a6d,183e4b8670a54d92b750c4740b1a542bb2148f6e0080f68bbe507f8e7f7ee62b,0.0,True,VREX,LINEAR_COMBINATION,LINEAR_COMBINATION,LINEAR_COMBINATION,u004,LINEAR_COMBINATION,LINEAR_COMBINATION,LINEAR_COMBINATION,LINEAR_COMBINATION,True,LINEAR_COMBINATION,LINEAR_COMBINATION,13,evaluation_label_noise,0.0,False,,False
5,4,0.0,31fd4db952a13c42c1208e0b0969f0a751e60af7a228cd45b11e8763610d01c3,91577a75b53e5b47243292ae2317e23593e17d615ac38dab358f62d728ab51a7,e3e5bbf957be26256acf13c72b8e37aaa0a8f8f6c56e98bf5689ce53f4cd2360,0.0,True,VREX,LINEAR_COMBINATION,LINEAR_COMBINATION,LINEAR_COMBINATION,u004,LINEAR_COMBINATION,LINEAR_COMBINATION,LINEAR_COMBINATION,LINEAR_COMBINATION,True,LINEAR_COMBINATION,LINEAR_COMBINATION,13,evaluation_label_noise,0.0,False,,False
20,4,0.0,31fd4db952a13c42c1208e0b0969f0a751e60af7a228cd45b11e8763610d01c3,1567626e216dc667963de8ec7a8ce15f2f42c23157aa1983c903f886a291fbaa,3faef855a63a379cb962a6b1b89d6cd3efcb402f44cdd5f03691220dee91d5f3,0.0,True,VREX,LINEAR_COMBINATION,LINEAR_COMBINATION,LINEAR_COMBINATION,u004,LINEAR_COMBINATION,LINEAR_COMBINATION,LINEAR_COMBINATION,LINEAR_COMBINATION,True,LINEAR_COMBINATION,LINEAR_COMBINATION,13,evaluation_label_noise,0.0,False,,False
1,-1,0.0037564984522759,31fd4db952a13c42c1208e0b0969f0a751e60af7a228cd45b11e8763610d01c3,302c4c87524ea0a31d335476e7db1133351e5e62b216a16f7ae32f13c98a9a6d,183e4b8670a54d92b750c4740b1a542bb2148f6e0080f68bbe507f8e7f7ee62b,0.027125746011734,True,VREX,LINEAR_COMBINATION,LINEAR_COMBINATION,LINEAR_COMBINATION,u005,LINEAR_COMBINATION,LINEAR_COMBINATION,LINEAR_COMBINATION,LINEAR_COMBINATION,True,LINEAR_COMBINATION,LINEAR_COMBINATION,13,source_color_common,0.0204173866659402,True,,False
5,-1,0.0137441754341125,31fd4db952a13c42c1208e0b0969f0a751e60af7a228cd45b11e8763610d01c3,91577a75b53e5b47243292ae2317e23593e17d615ac38dab358f62d728ab51a7,e3e5bbf957be26256acf13c72b8e37aaa0a8f8f6c56e98bf5689ce53f4cd2360,0.0419317446649074,True,VREX,LINEAR_COMBINATION,LINEAR_COMBINATION,LINEAR_COMBINATION,u005,LINEAR_COMBINATION,LINEAR_COMBINATION,LINEAR_COMBINATION,LINEAR_COMBINATION,True,LINEAR_COMBINATION,LINEAR_COMBINATION,13,source_color_common,0.0353225655853748,True,,False
20,-1,0.0484832227230072,31fd4db952a13c42c1208e0b0969f0a751e60af7a228cd45b11e8763610d01c3,1567626e216dc667963de8ec7a8ce15f2f42c23157aa1983c903f886a291fbaa,3faef855a63a379cb962a6b1b89d6cd3efcb402f44cdd5f03691220dee91d5f3,0.1510452479124069,True,VREX,LINEAR_COMBINATION,LINEAR_COMBINATION,LINEAR_COMBINATION,u005,LINEAR_COMBINATION,LINEAR_COMBINATION,LINEAR_COMBINATION,LINEAR_COMBINATION,True,LINEAR_COMBINATION,LINEAR_COMBINATION,13,source_color_common,0.1267195343971252,True,,False
1,-1,0.1640184074640274,31fd4db952a13c42c1208e0b0969f0a751e60af7a228cd45b11e8763610d01c3,302c4c87524ea0a31d335476e7db1133351e5e62b216a16f7ae32f13c98a9a6d,183e4b8670a54d92b750c4740b1a542bb2148f6e0080f68bbe507f8e7f7ee62b,1.0815973281860352,True,VREX,LINEAR_COMBINATION,LINEAR_COMBINATION,LINEAR_COMBINATION,u006,LINEAR_COMBINATION,LINEAR_COMBINATION,LINEAR_COMBINATION,LINEAR_COMBINATION,True,LINEAR_COMBINATION,LINEAR_COMBINATION,13,source_color_contrast,0.8592907190322876,True,,False
5,-1,1.0760498046875,31fd4db952a13c42c1208e0b0969f0a751e60af7a228cd45b11e8763610d01c3,91577a75b53e5b47243292ae2317e23593e17d615ac38dab358f62d728ab51a7,e3e5bbf957be26256acf13c72b8e37aaa0a8f8f6c56e98bf5689ce53f4cd2360,8.316022872924805,True,VREX,LINEAR_COMBINATION,LINEAR_COMBINATION,LINEAR_COMBINATION,u006,LINEAR_COMBINATION,LINEAR_COMBINATION,LINEAR_COMBINATION,LINEAR_COMBINATION,True,LINEAR_COMBINATION,LINEAR_COMBINATION,13,source_color_contrast,6.596258163452148,True,,False
20,-1,2.151585102081299,31fd4db952a13c42c1208e0b0969f0a751e60af7a228cd45b11e8763610d01c3,1567626e216dc667963de8ec7a8ce15f2f42c23157aa1983c903f886a291fbaa,3faef855a63a379cb962a6b1b89d6cd3efcb402f44cdd5f03691220dee91d5f3,7.146909713745117,True,VREX,LINEAR_COMBINATION,LINEAR_COMBINATION,LINEAR_COMBINATION,u006,LINEAR_COMBINATION,LINEAR_COMBINATION,LINEAR_COMBINATION,LINEAR_COMBINATION,True,LINEAR_COMBINATION,LINEAR_COMBINATION,13,source_color_contrast,5.998985290527344,True,,False
1,-1,0.0026562453713268,31fd4db952a13c42c1208e0b0969f0a751e60af7a228cd45b11e8763610d01c3,302c4c87524ea0a31d335476e7db1133351e5e62b216a16f7ae32f13c98a9a6d,183e4b8670a54d92b750c4740b1a542bb2148f6e0080f68bbe507f8e7f7ee62b,0.0191807989031076,True,VREX,LINEAR_COMBINATION,LINEAR_COMBINATION,LINEAR_COMBINATION,u007,LINEAR_COMBINATION,LINEAR_COMBINATION,LINEAR_COMBINATION,LINEAR_COMBINATION,True,LINEAR_COMBINATION,LINEAR_COMBINATION,13,color_global,0.0144372712820768,False,,False
5,-1,0.0097185997292399,31fd4db952a13c42c1208e0b0969f0a751e60af7a228cd45b11e8763610d01c3,91577a75b53e5b47243292ae2317e23593e17d615ac38dab358f62d728ab51a7,e3e5bbf957be26256acf13c72b8e37aaa0a8f8f6c56e98bf5689ce53f4cd2360,0.0296502206474542,True,VREX,LINEAR_COMBINATION,LINEAR_COMBINATION,LINEAR_COMBINATION,u007,LINEAR_COMBINATION,LINEAR_COMBINATION,LINEAR_COMBINATION,LINEAR_COMBINATION,True,LINEAR_COMBINATION,LINEAR_COMBINATION,13,color_global,0.024976821616292,False,,False
20,-1,0.0342828147113323,31fd4db952a13c42c1208e0b0969f0a751e60af7a228cd45b11e8763610d01c3,1567626e216dc667963de8ec7a8ce15f2f42c23157aa1983c903f886a291fbaa,3faef855a63a379cb962a6b1b89d6cd3efcb402f44cdd5f03691220dee91d5f3,0.1068051308393478,True,VREX,LINEAR_COMBINATION,LINEAR_COMBINATION,LINEAR_COMBINATION,u007,LINEAR_COMBINATION,LINEAR_COMBINATION,LINEAR_COMBINATION,LINEAR_COMBINATION,True,LINEAR_COMBINATION,LINEAR_COMBINATION,13,color_global,0.0896042510867118,False,,False
1,-1,0.0026562453713268,31fd4db952a13c42c1208e0b0969f0a751e60af7a228cd45b11e8763610d01c3,302c4c87524ea0a31d335476e7db1133351e5e62b216a16f7ae32f13c98a9a6d,183e4b8670a54d92b750c4740b1a542bb2148f6e0080f68bbe507f8e7f7ee62b,0.0191807989031076,True,VREX,LINEAR_COMBINATION,LINEAR_COMBINATION,LINEAR_COMBINATION,u008,LINEAR_COMBINATION,LINEAR_COMBINATION,LINEAR_COMBINATION,LINEAR_COMBINATION,True,LINEAR_COMBINATION,LINEAR_COMBINATION,13,color_shift,0.0144372712820768,False,,False
5,-1,0.0097185997292399,31fd4db952a13c42c1208e0b0969f0a751e60af7a228cd45b11e8763610d01c3,91577a75b53e5b47243292ae2317e23593e17d615ac38dab358f62d728ab51a7,e3e5bbf957be26256acf13c72b8e37aaa0a8f8f6c56e98bf5689ce53f4cd2360,0.0296502206474542,True,VREX,LINEAR_COMBINATION,LINEAR_COMBINATION,LINEAR_COMBINATION,u008,LINEAR_COMBINATION,LINEAR_COMBINATION,LINEAR_COMBINATION,LINEAR_COMBINATION,True,LINEAR_COMBINATION,LINEAR_COMBINATION,13,color_shift,0.024976821616292,False,,False
20,-1,0.0342828147113323,31fd4db952a13c42c1208e0b0969f0a751e60af7a228cd45b11e8763610d01c3,1567626e216dc667963de8ec7a8ce15f2f42c23157aa1983c903f886a291fbaa,3faef855a63a379cb962a6b1b89d6cd3efcb402f44cdd5f03691220dee91d5f3,0.1068051308393478,True,VREX,LINEAR_COMBINATION,LINEAR_COMBINATION,LINEAR_COMBINATION,u008,LINEAR_COMBINATION,LINEAR_COMBINATION,LINEAR_COMBINATION,LINEAR_COMBINATION,True,LINEAR_COMBINATION,LINEAR_COMBINATION,13,color_shift,0.0896042510867118,False,,False
1,-1,0.0058601913042366,31fd4db952a13c42c1208e0b0969f0a751e60af7a228cd45b11e8763610d01c3,302c4c87524ea0a31d335476e7db1133351e5e62b216a16f7ae32f13c98a9a6d,183e4b8670a54d92b750c4740b1a542bb2148f6e0080f68bbe507f8e7f7ee62b,0.0099437115713953,True,VREX,LINEAR_COMBINATION,LINEAR_COMBINATION,LINEAR_COMBINATION,u009,LINEAR_COMBINATION,LINEAR_COMBINATION,LINEAR_COMBINATION,LINEAR_COMBINATION,True,LINEAR_COMBINATION,LINEAR_COMBINATION,13,noise_global,0.0077326740138232,False,,False
5,-1,0.0265493243932724,31fd4db952a13c42c1208e0b0969f0a751e60af7a228cd45b11e8763610d01c3,91577a75b53e5b47243292ae2317e23593e17d615ac38dab358f62d728ab51a7,e3e5bbf957be26256acf13c72b8e37aaa0a8f8f6c56e98bf5689ce53f4cd2360,0.1540360897779464,True,VREX,LINEAR_COMBINATION,LINEAR_COMBINATION,LINEAR_COMBINATION,u009,LINEAR_COMBINATION,LINEAR_COMBINATION,LINEAR_COMBINATION,LINEAR_COMBINATION,True,LINEAR_COMBINATION,LINEAR_COMBINATION,13,noise_global,0.1292492747306823,False,,False
20,-1,0.0441810451447963,31fd4db952a13c42c1208e0b0969f0a751e60af7a228cd45b11e8763610d01c3,1567626e216dc667963de8ec7a8ce15f2f42c23157aa1983c903f886a291fbaa,3faef855a63a379cb962a6b1b89d6cd3efcb402f44cdd5f03691220dee91d5f3,0.1390380263328552,True,VREX,LINEAR_COMBINATION,LINEAR_COMBINATION,LINEAR_COMBINATION,u009,LINEAR_COMBINATION,LINEAR_COMBINATION,LINEAR_COMBINATION,LINEAR_COMBINATION,True,LINEAR_COMBINATION,LINEAR_COMBINATION,13,noise_global,0.1122600361704826,False,,False
1,-1,0.0058601913042366,31fd4db952a13c42c1208e0b0969f0a751e60af7a228cd45b11e8763610d01c3,302c4c87524ea0a31d335476e7db1133351e5e62b216a16f7ae32f13c98a9a6d,183e4b8670a54d92b750c4740b1a542bb2148f6e0080f68bbe507f8e7f7ee62b,0.0099437115713953,True,VREX,LINEAR_COMBINATION,LINEAR_COMBINATION,LINEAR_COMBINATION,u010,LINEAR_COMBINATION,LINEAR_COMBINATION,LINEAR_COMBINATION,LINEAR_COMBINATION,True,LINEAR_COMBINATION,LINEAR_COMBINATION,13,noise_shift,0.0077326740138232,False,,False
5,-1,0.0265493243932724,31fd4db952a13c42c1208e0b0969f0a751e60af7a228cd45b11e8763610d01c3,91577a75b53e5b47243292ae2317e23593e17d615ac38dab358f62d728ab51a7,e3e5bbf957be26256acf13c72b8e37aaa0a8f8f6c56e98bf5689ce53f4cd2360,0.1540360897779464,True,VREX,LINEAR_COMBINATION,LINEAR_COMBINATION,LINEAR_COMBINATION,u010,LINEAR_COMBINATION,LINEAR_COMBINATION,LINEAR_COMBINATION,LINEAR_COMBINATION,True,LINEAR_COMBINATION,LINEAR_COMBINATION,13,noise_shift,0.1292492747306823,False,,False
20,-1,0.0441810451447963,31fd4db952a13c42c1208e0b0969f0a751e60af7a228cd45b11e8763610d01c3,1567626e216dc667963de8ec7a8ce15f2f42c23157aa1983c903f886a291fbaa,3faef855a63a379cb962a6b1b89d6cd3efcb402f44cdd5f03691220dee91d5f3,0.1390380263328552,True,VREX,LINEAR_COMBINATION,LINEAR_COMBINATION,LINEAR_COMBINATION,u010,LINEAR_COMBINATION,LINEAR_COMBINATION,LINEAR_COMBINATION,LINEAR_COMBINATION,True,LINEAR_COMBINATION,LINEAR_COMBINATION,13,noise_shift,0.1122600361704826,False,,False
1,0,0.0263163149356842,08117c13f5429f7af4a3226395d4eceda2073682d6e19897127e4e743895ed8c,b2b3e8f6494e42443742081ea01a5809bd2647a71435490d4fdef8a9827649f0,e0171dc5dd394f59ac4f827eac284e589ef62a700d5af2130c14700547642108,0.1848303228616714,True,FISHR,08117c13f5429f7af4a3226395d4eceda2073682d6e19897127e4e743895ed8c,bdc2f1f4be8afb86b0bdeb5ef51ff335323343e708fe15f1fe938e220b0514af,45860d5f0daf1e69f466eaa4ebbccc96f3a15b0a33adfdd715dd79816317d8c1,u000,08117c13f5429f7af4a3226395d4eceda2073682d6e19897127e4e743895ed8c,543d6862878c99efbe2f5e0a8096155ffbffa37a3d5fdbc7e65a57278dd06b98,7e0460f1fc5af9de2e3f54864a6101fe952eaccedb66f4fc297d0cdfbf9829dc,08117c13f5429f7af4a3226395d4eceda2073682d6e19897127e4e743895ed8c,True,543d6862878c99efbe2f5e0a8096155ffbffa37a3d5fdbc7e65a57278dd06b98,7e0460f1fc5af9de2e3f54864a6101fe952eaccedb66f4fc297d0cdfbf9829dc,13,source_env0_color,0.1467798501253128,True,,False
5,0,0.3201700448989868,08117c13f5429f7af4a3226395d4eceda2073682d6e19897127e4e743895ed8c,e2f94a1aca4b219c3f62d7564f97c0f206fe1930521c1ea46c632395b8920977,ec98d4f882182d5ba5d73a1c47090b9dfb057b28ad2a40bd35f2b80bb193e3e8,2.245251178741455,True,FISHR,08117c13f5429f7af4a3226395d4eceda2073682d6e19897127e4e743895ed8c,255f1ee7e157b9bbc85fe5796b9c1e1601d4c497d34f1176d1184a345ac73b3a,3e0ecbace08a31e7ac5eae1d4a93497267da3eaaf89ebde48dfec5d3af9248f2,u000,08117c13f5429f7af4a3226395d4eceda2073682d6e19897127e4e743895ed8c,6b2800ec3593d3b0c99bc92413f22ee08589b50098365ab05b70c5fda2ea8a79,cf2f8278badcec90f2a9539df007621395b54b0031a0c3a42554316e14e47885,08117c13f5429f7af4a3226395d4eceda2073682d6e19897127e4e743895ed8c,True,6b2800ec3593d3b0c99bc92413f22ee08589b50098365ab05b70c5fda2ea8a79,cf2f8278badcec90f2a9539df007621395b54b0031a0c3a42554316e14e47885,13,source_env0_color,1.801775336265564,True,,False
20,0,2.429040908813477,08117c13f5429f7af4a3226395d4eceda2073682d6e19897127e4e743895ed8c,b2bea7f915cf4f1cfe56e75a19c24757bccdc1865178c9742690291304122397,27bc669cdb9a699dd4682befa19f979d82be2dff988c8b8db116159b10a2f19e,17.046987533569336,True,FISHR,08117c13f5429f7af4a3226395d4eceda2073682d6e19897127e4e743895ed8c,90113ad5d039d138f38060d5639ee419ffe468d7de83c7e3b7b123d096d1f7a5,ac4fd56f032b139243bf8b2efdbfcc81af6c866ff91abc40e808b80ce17ccfff,u000,08117c13f5429f7af4a3226395d4eceda2073682d6e19897127e4e743895ed8c,8ca2a2f9cd192b6fac927d9e443257cc6ccf3266ac1a25bcf1ff30454704f09c,e2bc42e139a23ba7933de5dda81edb07caa66697fd591f84f2800b72643ad7b0,08117c13f5429f7af4a3226395d4eceda2073682d6e19897127e4e743895ed8c,True,8ca2a2f9cd192b6fac927d9e443257cc6ccf3266ac1a25bcf1ff30454704f09c,e2bc42e139a23ba7933de5dda81edb07caa66697fd591f84f2800b72643ad7b0,13,source_env0_color,13.898998260498049,True,,False
1,1,0.0242057349532842,08117c13f5429f7af4a3226395d4eceda2073682d6e19897127e4e743895ed8c,b2b3e8f6494e42443742081ea01a5809bd2647a71435490d4fdef8a9827649f0,e0171dc5dd394f59ac4f827eac284e589ef62a700d5af2130c14700547642108,0.1679902076721191,True,FISHR,08117c13f5429f7af4a3226395d4eceda2073682d6e19897127e4e743895ed8c,8bf27a7a812651ad514612a7315158b68ff46f08435bdb6004fb3edfdd075889,70074da8eebc8d97f8e8e8b944d0f5b7badd2df5678fab2005fd61ac6adf9493,u001,08117c13f5429f7af4a3226395d4eceda2073682d6e19897127e4e743895ed8c,990726707b35afd87c07e0990d4d5b035a06420d4c7d29e8596a2facff6fc45e,381dd6a67a1d9e826e08f4c89cb364401ba482cd67565015c9580a3c7583a0d4,08117c13f5429f7af4a3226395d4eceda2073682d6e19897127e4e743895ed8c,True,990726707b35afd87c07e0990d4d5b035a06420d4c7d29e8596a2facff6fc45e,381dd6a67a1d9e826e08f4c89cb364401ba482cd67565015c9580a3c7583a0d4,13,source_env1_color,0.1327026188373565,True,,False
5,1,0.2884742617607116,08117c13f5429f7af4a3226395d4eceda2073682d6e19897127e4e743895ed8c,e2f94a1aca4b219c3f62d7564f97c0f206fe1930521c1ea46c632395b8920977,ec98d4f882182d5ba5d73a1c47090b9dfb057b28ad2a40bd35f2b80bb193e3e8,2.015385627746582,True,FISHR,08117c13f5429f7af4a3226395d4eceda2073682d6e19897127e4e743895ed8c,4928865336c0bdaf1514cc4f321130f460820666f54dbe48d004bdec82d44afe,2c8b8a0a72804119a545f895f45a1256f0b1b4f1c02adf509ab21e9f0f0867de,u001,08117c13f5429f7af4a3226395d4eceda2073682d6e19897127e4e743895ed8c,72fdd527ec84fdb9a5292fe98642a87325715d9137b7ec21362eb05e5ce57493,7d51fcdb237fe42a089a352106acdbea48aac63615935c875a1c40ff47a39218,08117c13f5429f7af4a3226395d4eceda2073682d6e19897127e4e743895ed8c,True,72fdd527ec84fdb9a5292fe98642a87325715d9137b7ec21362eb05e5ce57493,7d51fcdb237fe42a089a352106acdbea48aac63615935c875a1c40ff47a39218,13,source_env1_color,1.6128360033035278,True,,False
20,1,2.244450092315674,08117c13f5429f7af4a3226395d4eceda2073682d6e19897127e4e743895ed8c,b2bea7f915cf4f1cfe56e75a19c24757bccdc1865178c9742690291304122397,27bc669cdb9a699dd4682befa19f979d82be2dff988c8b8db116159b10a2f19e,15.689343452453612,True,FISHR,08117c13f5429f7af4a3226395d4eceda2073682d6e19897127e4e743895ed8c,0fa00fc8bba10180f7bef09b48f1ff808d8ca5ada1acb370df00431467d69416,9c78fb6705c6ad0e02218afed49f689b05f9f411cb89a8ce83b6b10f273fef0c,u001,08117c13f5429f7af4a3226395d4eceda2073682d6e19897127e4e743895ed8c,5518d4b69ff9e3f9e72059b5f053f5ed36590a80c6f122058faa4ed001278f99,ccfc187d67865134d45be0ce8a80c010c7a41d4316b2f04379cdd6b9275ca6a8,08117c13f5429f7af4a3226395d4eceda2073682d6e19897127e4e743895ed8c,True,5518d4b69ff9e3f9e72059b5f053f5ed36590a80c6f122058faa4ed001278f99,ccfc187d67865134d45be0ce8a80c010c7a41d4316b2f04379cdd6b9275ca6a8,13,source_env1_color,12.773462295532228,True,,False
1,2,0.0,08117c13f5429f7af4a3226395d4eceda2073682d6e19897127e4e743895ed8c,b2b3e8f6494e42443742081ea01a5809bd2647a71435490d4fdef8a9827649f0,e0171dc5dd394f59ac4f827eac284e589ef62a700d5af2130c14700547642108,0.0,True,FISHR,LINEAR_COMBINATION,LINEAR_COMBINATION,LINEAR_COMBINATION,u002,LINEAR_COMBINATION,LINEAR_COMBINATION,LINEAR_COMBINATION,LINEAR_COMBINATION,True,LINEAR_COMBINATION,LINEAR_COMBINATION,13,evaluation_color,0.0,False,,False
5,2,0.0,08117c13f5429f7af4a3226395d4eceda2073682d6e19897127e4e743895ed8c,e2f94a1aca4b219c3f62d7564f97c0f206fe1930521c1ea46c632395b8920977,ec98d4f882182d5ba5d73a1c47090b9dfb057b28ad2a40bd35f2b80bb193e3e8,0.0,True,FISHR,LINEAR_COMBINATION,LINEAR_COMBINATION,LINEAR_COMBINATION,u002,LINEAR_COMBINATION,LINEAR_COMBINATION,LINEAR_COMBINATION,LINEAR_COMBINATION,True,LINEAR_COMBINATION,LINEAR_COMBINATION,13,evaluation_color,0.0,False,,False
20,2,0.0,08117c13f5429f7af4a3226395d4eceda2073682d6e19897127e4e743895ed8c,b2bea7f915cf4f1cfe56e75a19c24757bccdc1865178c9742690291304122397,27bc669cdb9a699dd4682befa19f979d82be2dff988c8b8db116159b10a2f19e,0.0,True,FISHR,LINEAR_COMBINATION,LINEAR_COMBINATION,LINEAR_COMBINATION,u002,LINEAR_COMBINATION,LINEAR_COMBINATION,LINEAR_COMBINATION,LINEAR_COMBINATION,True,LINEAR_COMBINATION,LINEAR_COMBINATION,13,evaluation_color,0.0,False,,False
1,3,0.0033249668776988,08117c13f5429f7af4a3226395d4eceda2073682d6e19897127e4e743895ed8c,b2b3e8f6494e42443742081ea01a5809bd2647a71435490d4fdef8a9827649f0,e0171dc5dd394f59ac4f827eac284e589ef62a700d5af2130c14700547642108,0.0108938263729214,True,FISHR,08117c13f5429f7af4a3226395d4eceda2073682d6e19897127e4e743895ed8c,610d4704fe981d8de2c2e01b1ceb83dce2a9cd0077a585904862543c8d88916f,85d818e0b697586e72da71976a8c9cf14516792570300d62f7ced1a2fe464b61,u003,08117c13f5429f7af4a3226395d4eceda2073682d6e19897127e4e743895ed8c,55cf9050bb22ac7157398efbde62b9464ea4effc3edc6ce827ef525ea4530d5d,f5e0e4ab99780a116c3dea39026c758cf4aaa8ec48d3eb5cfd23c61f61f2ed2a,08117c13f5429f7af4a3226395d4eceda2073682d6e19897127e4e743895ed8c,True,55cf9050bb22ac7157398efbde62b9464ea4effc3edc6ce827ef525ea4530d5d,f5e0e4ab99780a116c3dea39026c758cf4aaa8ec48d3eb5cfd23c61f61f2ed2a,13,source_label_noise,0.0101185198873281,True,,False
5,3,0.0337835177779197,08117c13f5429f7af4a3226395d4eceda2073682d6e19897127e4e743895ed8c,e2f94a1aca4b219c3f62d7564f97c0f206fe1930521c1ea46c632395b8920977,ec98d4f882182d5ba5d73a1c47090b9dfb057b28ad2a40bd35f2b80bb193e3e8,0.1444498002529144,True,FISHR,08117c13f5429f7af4a3226395d4eceda2073682d6e19897127e4e743895ed8c,3bb13bf68c411ade0d572fa3b7d5a9196f4145b4bd4e7dd0bd8e68c265d40889,c9b99717f02952f52ec82d1418dd4ffe588cefc7b284305ccb2a91b16bdff6b2,u003,08117c13f5429f7af4a3226395d4eceda2073682d6e19897127e4e743895ed8c,e0a77811b358705d898cf843a853d999113dc08d74b441cc556c400df92b11fe,60f14b5af29da298be88f03807b7f507da2af3e8571da4dda1059e00d1b068aa,08117c13f5429f7af4a3226395d4eceda2073682d6e19897127e4e743895ed8c,True,e0a77811b358705d898cf843a853d999113dc08d74b441cc556c400df92b11fe,60f14b5af29da298be88f03807b7f507da2af3e8571da4dda1059e00d1b068aa,13,source_label_noise,0.1369388997554779,True,,False
20,3,0.2526204884052276,08117c13f5429f7af4a3226395d4eceda2073682d6e19897127e4e743895ed8c,b2bea7f915cf4f1cfe56e75a19c24757bccdc1865178c9742690291304122397,27bc669cdb9a699dd4682befa19f979d82be2dff988c8b8db116159b10a2f19e,1.0361298322677612,True,FISHR,08117c13f5429f7af4a3226395d4eceda2073682d6e19897127e4e743895ed8c,b58c6f66cf885a1448d07ecd648ab4a9e739781aa638f91dafc602c6e6e90e25,70073e2a7aef094c7d39ed62c4453d100f242dad0268ea6150a9c637b2c7e96e,u003,08117c13f5429f7af4a3226395d4eceda2073682d6e19897127e4e743895ed8c,6632d1b304543bf3fbddcc692df64eb09ad6646624785570dfed59cb8711ad43,93097bd56a81794950abe157a3f1abdbcc601b55428895be4acd33a21b306a1c,08117c13f5429f7af4a3226395d4eceda2073682d6e19897127e4e743895ed8c,True,6632d1b304543bf3fbddcc692df64eb09ad6646624785570dfed59cb8711ad43,93097bd56a81794950abe157a3f1abdbcc601b55428895be4acd33a21b306a1c,13,source_label_noise,0.9984995126724244,True,,False
1,4,0.0,08117c13f5429f7af4a3226395d4eceda2073682d6e19897127e4e743895ed8c,b2b3e8f6494e42443742081ea01a5809bd2647a71435490d4fdef8a9827649f0,e0171dc5dd394f59ac4f827eac284e589ef62a700d5af2130c14700547642108,0.0,True,FISHR,LINEAR_COMBINATION,LINEAR_COMBINATION,LINEAR_COMBINATION,u004,LINEAR_COMBINATION,LINEAR_COMBINATION,LINEAR_COMBINATION,LINEAR_COMBINATION,True,LINEAR_COMBINATION,LINEAR_COMBINATION,13,evaluation_label_noise,0.0,False,,False
5,4,0.0,08117c13f5429f7af4a3226395d4eceda2073682d6e19897127e4e743895ed8c,e2f94a1aca4b219c3f62d7564f97c0f206fe1930521c1ea46c632395b8920977,ec98d4f882182d5ba5d73a1c47090b9dfb057b28ad2a40bd35f2b80bb193e3e8,0.0,True,FISHR,LINEAR_COMBINATION,LINEAR_COMBINATION,LINEAR_COMBINATION,u004,LINEAR_COMBINATION,LINEAR_COMBINATION,LINEAR_COMBINATION,LINEAR_COMBINATION,True,LINEAR_COMBINATION,LINEAR_COMBINATION,13,evaluation_label_noise,0.0,False,,False
20,4,0.0,08117c13f5429f7af4a3226395d4eceda2073682d6e19897127e4e743895ed8c,b2bea7f915cf4f1cfe56e75a19c24757bccdc1865178c9742690291304122397,27bc669cdb9a699dd4682befa19f979d82be2dff988c8b8db116159b10a2f19e,0.0,True,FISHR,LINEAR_COMBINATION,LINEAR_COMBINATION,LINEAR_COMBINATION,u004,LINEAR_COMBINATION,LINEAR_COMBINATION,LINEAR_COMBINATION,LINEAR_COMBINATION,True,LINEAR_COMBINATION,LINEAR_COMBINATION,13,evaluation_label_noise,0.0,False,,False
1,-1,0.001655479776673,08117c13f5429f7af4a3226395d4eceda2073682d6e19897127e4e743895ed8c,b2b3e8f6494e42443742081ea01a5809bd2647a71435490d4fdef8a9827649f0,e0171dc5dd394f59ac4f827eac284e589ef62a700d5af2130c14700547642108,0.012179696932435,True,FISHR,LINEAR_COMBINATION,LINEAR_COMBINATION,LINEAR_COMBINATION,u005,LINEAR_COMBINATION,LINEAR_COMBINATION,LINEAR_COMBINATION,LINEAR_COMBINATION,True,LINEAR_COMBINATION,LINEAR_COMBINATION,13,source_color_common,0.0101633528247475,True,,False
5,-1,0.0232880823314189,08117c13f5429f7af4a3226395d4eceda2073682d6e19897127e4e743895ed8c,e2f94a1aca4b219c3f62d7564f97c0f206fe1930521c1ea46c632395b8920977,ec98d4f882182d5ba5d73a1c47090b9dfb057b28ad2a40bd35f2b80bb193e3e8,0.1654757857322693,True,FISHR,LINEAR_COMBINATION,LINEAR_COMBINATION,LINEAR_COMBINATION,u005,LINEAR_COMBINATION,LINEAR_COMBINATION,LINEAR_COMBINATION,LINEAR_COMBINATION,True,LINEAR_COMBINATION,LINEAR_COMBINATION,13,source_color_common,0.1359727084636688,True,,False
20,-1,0.1409976780414581,08117c13f5429f7af4a3226395d4eceda2073682d6e19897127e4e743895ed8c,b2bea7f915cf4f1cfe56e75a19c24757bccdc1865178c9742690291304122397,27bc669cdb9a699dd4682befa19f979d82be2dff988c8b8db116159b10a2f19e,0.9770734906196594,True,FISHR,LINEAR_COMBINATION,LINEAR_COMBINATION,LINEAR_COMBINATION,u005,LINEAR_COMBINATION,LINEAR_COMBINATION,LINEAR_COMBINATION,LINEAR_COMBINATION,True,LINEAR_COMBINATION,LINEAR_COMBINATION,13,source_color_common,0.8119593858718872,True,,False
1,-1,0.0357172973453998,08117c13f5429f7af4a3226395d4eceda2073682d6e19897127e4e743895ed8c,b2b3e8f6494e42443742081ea01a5809bd2647a71435490d4fdef8a9827649f0,e0171dc5dd394f59ac4f827eac284e589ef62a700d5af2130c14700547642108,0.2494686692953109,True,FISHR,LINEAR_COMBINATION,LINEAR_COMBINATION,LINEAR_COMBINATION,u006,LINEAR_COMBINATION,LINEAR_COMBINATION,LINEAR_COMBINATION,LINEAR_COMBINATION,True,LINEAR_COMBINATION,LINEAR_COMBINATION,13,source_color_contrast,0.1976132988929748,True,,False
5,-1,0.4303300380706787,08117c13f5429f7af4a3226395d4eceda2073682d6e19897127e4e743895ed8c,e2f94a1aca4b219c3f62d7564f97c0f206fe1930521c1ea46c632395b8920977,ec98d4f882182d5ba5d73a1c47090b9dfb057b28ad2a40bd35f2b80bb193e3e8,3.0125653743743896,True,FISHR,LINEAR_COMBINATION,LINEAR_COMBINATION,LINEAR_COMBINATION,u006,LINEAR_COMBINATION,LINEAR_COMBINATION,LINEAR_COMBINATION,LINEAR_COMBINATION,True,LINEAR_COMBINATION,LINEAR_COMBINATION,13,source_color_contrast,2.4143624305725098,True,,False
20,-1,3.3042266368865967,08117c13f5429f7af4a3226395d4eceda2073682d6e19897127e4e743895ed8c,b2bea7f915cf4f1cfe56e75a19c24757bccdc1865178c9742690291304122397,27bc669cdb9a699dd4682befa19f979d82be2dff988c8b8db116159b10a2f19e,23.14736557006836,True,FISHR,LINEAR_COMBINATION,LINEAR_COMBINATION,LINEAR_COMBINATION,u006,LINEAR_COMBINATION,LINEAR_COMBINATION,LINEAR_COMBINATION,LINEAR_COMBINATION,True,LINEAR_COMBINATION,LINEAR_COMBINATION,13,source_color_contrast,18.85959243774414,True,,False
1,-1,0.001170600997284,08117c13f5429f7af4a3226395d4eceda2073682d6e19897127e4e743895ed8c,b2b3e8f6494e42443742081ea01a5809bd2647a71435490d4fdef8a9827649f0,e0171dc5dd394f59ac4f827eac284e589ef62a700d5af2130c14700547642108,0.0086123468354344,True,FISHR,LINEAR_COMBINATION,LINEAR_COMBINATION,LINEAR_COMBINATION,u007,LINEAR_COMBINATION,LINEAR_COMBINATION,LINEAR_COMBINATION,LINEAR_COMBINATION,True,LINEAR_COMBINATION,LINEAR_COMBINATION,13,color_global,0.0071865762583911,False,,False
5,-1,0.0164671596139669,08117c13f5429f7af4a3226395d4eceda2073682d6e19897127e4e743895ed8c,e2f94a1aca4b219c3f62d7564f97c0f206fe1930521c1ea46c632395b8920977,ec98d4f882182d5ba5d73a1c47090b9dfb057b28ad2a40bd35f2b80bb193e3e8,0.117009051144123,True,FISHR,LINEAR_COMBINATION,LINEAR_COMBINATION,LINEAR_COMBINATION,u007,LINEAR_COMBINATION,LINEAR_COMBINATION,LINEAR_COMBINATION,LINEAR_COMBINATION,True,LINEAR_COMBINATION,LINEAR_COMBINATION,13,color_global,0.0961472243070602,False,,False
20,-1,0.099700428545475,08117c13f5429f7af4a3226395d4eceda2073682d6e19897127e4e743895ed8c,b2bea7f915cf4f1cfe56e75a19c24757bccdc1865178c9742690291304122397,27bc669cdb9a699dd4682befa19f979d82be2dff988c8b8db116159b10a2f19e,0.6908952593803406,True,FISHR,LINEAR_COMBINATION,LINEAR_COMBINATION,LINEAR_COMBINATION,u007,LINEAR_COMBINATION,LINEAR_COMBINATION,LINEAR_COMBINATION,LINEAR_COMBINATION,True,LINEAR_COMBINATION,LINEAR_COMBINATION,13,color_global,0.5741419792175293,False,,False
1,-1,0.001170600997284,08117c13f5429f7af4a3226395d4eceda2073682d6e19897127e4e743895ed8c,b2b3e8f6494e42443742081ea01a5809bd2647a71435490d4fdef8a9827649f0,e0171dc5dd394f59ac4f827eac284e589ef62a700d5af2130c14700547642108,0.0086123468354344,True,FISHR,LINEAR_COMBINATION,LINEAR_COMBINATION,LINEAR_COMBINATION,u008,LINEAR_COMBINATION,LINEAR_COMBINATION,LINEAR_COMBINATION,LINEAR_COMBINATION,True,LINEAR_COMBINATION,LINEAR_COMBINATION,13,color_shift,0.0071865762583911,False,,False
5,-1,0.0164671596139669,08117c13f5429f7af4a3226395d4eceda2073682d6e19897127e4e743895ed8c,e2f94a1aca4b219c3f62d7564f97c0f206fe1930521c1ea46c632395b8920977,ec98d4f882182d5ba5d73a1c47090b9dfb057b28ad2a40bd35f2b80bb193e3e8,0.117009051144123,True,FISHR,LINEAR_COMBINATION,LINEAR_COMBINATION,LINEAR_COMBINATION,u008,LINEAR_COMBINATION,LINEAR_COMBINATION,LINEAR_COMBINATION,LINEAR_COMBINATION,True,LINEAR_COMBINATION,LINEAR_COMBINATION,13,color_shift,0.0961472243070602,False,,False
20,-1,0.099700428545475,08117c13f5429f7af4a3226395d4eceda2073682d6e19897127e4e743895ed8c,b2bea7f915cf4f1cfe56e75a19c24757bccdc1865178c9742690291304122397,27bc669cdb9a699dd4682befa19f979d82be2dff988c8b8db116159b10a2f19e,0.6908952593803406,True,FISHR,LINEAR_COMBINATION,LINEAR_COMBINATION,LINEAR_COMBINATION,u008,LINEAR_COMBINATION,LINEAR_COMBINATION,LINEAR_COMBINATION,LINEAR_COMBINATION,True,LINEAR_COMBINATION,LINEAR_COMBINATION,13,color_shift,0.5741419792175293,False,,False
1,-1,0.0023511066101491,08117c13f5429f7af4a3226395d4eceda2073682d6e19897127e4e743895ed8c,b2b3e8f6494e42443742081ea01a5809bd2647a71435490d4fdef8a9827649f0,e0171dc5dd394f59ac4f827eac284e589ef62a700d5af2130c14700547642108,0.0077030984684824,True,FISHR,LINEAR_COMBINATION,LINEAR_COMBINATION,LINEAR_COMBINATION,u009,LINEAR_COMBINATION,LINEAR_COMBINATION,LINEAR_COMBINATION,LINEAR_COMBINATION,True,LINEAR_COMBINATION,LINEAR_COMBINATION,13,noise_global,0.0071548735722899,False,,False
5,-1,0.0238885544240474,08117c13f5429f7af4a3226395d4eceda2073682d6e19897127e4e743895ed8c,e2f94a1aca4b219c3f62d7564f97c0f206fe1930521c1ea46c632395b8920977,ec98d4f882182d5ba5d73a1c47090b9dfb057b28ad2a40bd35f2b80bb193e3e8,0.1021414250135421,True,FISHR,LINEAR_COMBINATION,LINEAR_COMBINATION,LINEAR_COMBINATION,u009,LINEAR_COMBINATION,LINEAR_COMBINATION,LINEAR_COMBINATION,LINEAR_COMBINATION,True,LINEAR_COMBINATION,LINEAR_COMBINATION,13,noise_global,0.0968304276466369,False,,False
20,-1,0.1786296516656875,08117c13f5429f7af4a3226395d4eceda2073682d6e19897127e4e743895ed8c,b2bea7f915cf4f1cfe56e75a19c24757bccdc1865178c9742690291304122397,27bc669cdb9a699dd4682befa19f979d82be2dff988c8b8db116159b10a2f19e,0.7326544523239136,True,FISHR,LINEAR_COMBINATION,LINEAR_COMBINATION,LINEAR_COMBINATION,u009,LINEAR_COMBINATION,LINEAR_COMBINATION,LINEAR_COMBINATION,LINEAR_COMBINATION,True,LINEAR_COMBINATION,LINEAR_COMBINATION,13,noise_global,0.7060457468032837,False,,False
1,-1,0.0023511066101491,08117c13f5429f7af4a3226395d4eceda2073682d6e19897127e4e743895ed8c,b2b3e8f6494e42443742081ea01a5809bd2647a71435490d4fdef8a9827649f0,e0171dc5dd394f59ac4f827eac284e589ef62a700d5af2130c14700547642108,0.0077030984684824,True,FISHR,LINEAR_COMBINATION,LINEAR_COMBINATION,LINEAR_COMBINATION,u010,LINEAR_COMBINATION,LINEAR_COMBINATION,LINEAR_COMBINATION,LINEAR_COMBINATION,True,LINEAR_COMBINATION,LINEAR_COMBINATION,13,noise_shift,0.0071548735722899,False,,False
5,-1,0.0238885544240474,08117c13f5429f7af4a3226395d4eceda2073682d6e19897127e4e743895ed8c,e2f94a1aca4b219c3f62d7564f97c0f206fe1930521c1ea46c632395b8920977,ec98d4f882182d5ba5d73a1c47090b9dfb057b28ad2a40bd35f2b80bb193e3e8,0.1021414250135421,True,FISHR,LINEAR_COMBINATION,LINEAR_COMBINATION,LINEAR_COMBINATION,u010,LINEAR_COMBINATION,LINEAR_COMBINATION,LINEAR_COMBINATION,LINEAR_COMBINATION,True,LINEAR_COMBINATION,LINEAR_COMBINATION,13,noise_shift,0.0968304276466369,False,,False
20,-1,0.1786296516656875,08117c13f5429f7af4a3226395d4eceda2073682d6e19897127e4e743895ed8c,b2bea7f915cf4f1cfe56e75a19c24757bccdc1865178c9742690291304122397,27bc669cdb9a699dd4682befa19f979d82be2dff988c8b8db116159b10a2f19e,0.7326544523239136,True,FISHR,LINEAR_COMBINATION,LINEAR_COMBINATION,LINEAR_COMBINATION,u010,LINEAR_COMBINATION,LINEAR_COMBINATION,LINEAR_COMBINATION,LINEAR_COMBINATION,True,LINEAR_COMBINATION,LINEAR_COMBINATION,13,noise_shift,0.7060457468032837,False,,False
1,0,1.6872694492340088,4a34a6e07097f49b87cd42f41597a961dc95730590076f91ea7367f38c80f242,fbb20856e8b77cb3c40ebdbd31c733745f665c15ed1e236cd9e6031bcb15f5de,715e9d501a5684661c54ecf91dd420c0ec10285b255ac484d76ffcc17cc2b512,20.60298538208008,True,CORAL,4a34a6e07097f49b87cd42f41597a961dc95730590076f91ea7367f38c80f242,f21aeeabe7d7580c8ab4f5e27112ebb57d33484ae54736d214843368786f0d88,e6a2110b25f3ada9ce9659c12331479eec9cb4ced64f9d0be4d501f73665a55b,u000,4a34a6e07097f49b87cd42f41597a961dc95730590076f91ea7367f38c80f242,6c2d6b082cd7635c15e2c4e6d53a99a5fd867fcc1851c5a5ccd9e340eb7a5eb6,dd0ee5681725d969f8bf6d9535bacb17e45961b562b974bbe8f3e67d0aa66db5,4a34a6e07097f49b87cd42f41597a961dc95730590076f91ea7367f38c80f242,True,6c2d6b082cd7635c15e2c4e6d53a99a5fd867fcc1851c5a5ccd9e340eb7a5eb6,dd0ee5681725d969f8bf6d9535bacb17e45961b562b974bbe8f3e67d0aa66db5,13,source_env0_color,14.52707290649414,True,,False
5,0,6.7471795082092285,4a34a6e07097f49b87cd42f41597a961dc95730590076f91ea7367f38c80f242,9d6bf319aabfe4c214d7453a0cb068f1007205fa3fdc3b7f2d4967bf879f24b1,c6a43b3a06765cbe864b8588dabc1a2439dd61e331cd5db7d259061916505853,173.02731323242188,True,CORAL,4a34a6e07097f49b87cd42f41597a961dc95730590076f91ea7367f38c80f242,3e7d443a21a78f12c335a8f01db7551a236be1e987b51046c2194ff181f4195e,d3ab8d59f302a327f0a583ea392b02cb56a115d8a665d5ee682005e4709c3a78,u000,4a34a6e07097f49b87cd42f41597a961dc95730590076f91ea7367f38c80f242,0192255f117db23abd1ef6aa63c5da644322e8c45b25546f8395dc30e72cf051,e95af494bacdc8b4b92940ccafd3757d1458eba874875c4344f091798f7b97b6,4a34a6e07097f49b87cd42f41597a961dc95730590076f91ea7367f38c80f242,True,0192255f117db23abd1ef6aa63c5da644322e8c45b25546f8395dc30e72cf051,e95af494bacdc8b4b92940ccafd3757d1458eba874875c4344f091798f7b97b6,13,source_env0_color,123.7094497680664,True,,False
20,0,10.665538787841797,4a34a6e07097f49b87cd42f41597a961dc95730590076f91ea7367f38c80f242,6185f4ea3ddca92e2e903385b6203cbfef8c25d0a93b181309970b4bdd007dfc,f5d0332ce93562d09bd9117b8c758c16eef410d58c60ced17a2bbdc15a486a1e,144.9583740234375,True,CORAL,4a34a6e07097f49b87cd42f41597a961dc95730590076f91ea7367f38c80f242,9f615a6c7866f41aceae3bdf74cb0890d346b5a3940e3fcfc492ab5722f90a94,f8b2c5db896cd003b88c681d068e7296da0a4f2233425b55270796a8e36d8adb,u000,4a34a6e07097f49b87cd42f41597a961dc95730590076f91ea7367f38c80f242,bbbd678ad889a01f118970704db7ebaed1c61403b9a6530ec9622bf8afaf4be0,216d398094f7a3be4ba9ddb9f1e00e54859ac80e806800c998bdd4ed5c47f828,4a34a6e07097f49b87cd42f41597a961dc95730590076f91ea7367f38c80f242,True,bbbd678ad889a01f118970704db7ebaed1c61403b9a6530ec9622bf8afaf4be0,216d398094f7a3be4ba9ddb9f1e00e54859ac80e806800c998bdd4ed5c47f828,13,source_env0_color,106.1598663330078,True,,False
1,1,1.8413890600204468,4a34a6e07097f49b87cd42f41597a961dc95730590076f91ea7367f38c80f242,fbb20856e8b77cb3c40ebdbd31c733745f665c15ed1e236cd9e6031bcb15f5de,715e9d501a5684661c54ecf91dd420c0ec10285b255ac484d76ffcc17cc2b512,21.32862091064453,True,CORAL,4a34a6e07097f49b87cd42f41597a961dc95730590076f91ea7367f38c80f242,bfef5d15a88d7426a5ef623defed7e7782ff3fe8985cd3e0c1ac4655be99782a,dac617f85afa1a4b4bf73763affe7bb802f0ffa9a897f8065876f8cbc03ba59d,u001,4a34a6e07097f49b87cd42f41597a961dc95730590076f91ea7367f38c80f242,f850e96a7b5aa138ba5202cd006558fb6e1285f3d0221d470eda7bc86283e0b2,05bad8af3340929f73bd8ce4beee42a1f436fdd01ad434be98073d00040f45c9,4a34a6e07097f49b87cd42f41597a961dc95730590076f91ea7367f38c80f242,True,f850e96a7b5aa138ba5202cd006558fb6e1285f3d0221d470eda7bc86283e0b2,05bad8af3340929f73bd8ce4beee42a1f436fdd01ad434be98073d00040f45c9,13,source_env1_color,15.038968086242676,True,,False
5,1,7.233989238739014,4a34a6e07097f49b87cd42f41597a961dc95730590076f91ea7367f38c80f242,9d6bf319aabfe4c214d7453a0cb068f1007205fa3fdc3b7f2d4967bf879f24b1,c6a43b3a06765cbe864b8588dabc1a2439dd61e331cd5db7d259061916505853,175.54495239257812,True,CORAL,4a34a6e07097f49b87cd42f41597a961dc95730590076f91ea7367f38c80f242,0910f4b7c6f5f91f0030492810a2f50925c589a3f2bf7058d18148dcbcdcee8c,540770a4a598a841fac508ef1bcd34126c54d1533828c4bcc539382781a28ec4,u001,4a34a6e07097f49b87cd42f41597a961dc95730590076f91ea7367f38c80f242,48b5dfa1bc4304f97abd1edbf3c1e77eca958ddd1b0891da7fe3377dfcf624f4,ab92df76f7e0c8845fda8ac947db2ed959a6e88444d58957c0caf429d828b9ef,4a34a6e07097f49b87cd42f41597a961dc95730590076f91ea7367f38c80f242,True,48b5dfa1bc4304f97abd1edbf3c1e77eca958ddd1b0891da7fe3377dfcf624f4,ab92df76f7e0c8845fda8ac947db2ed959a6e88444d58957c0caf429d828b9ef,13,source_env1_color,125.51016998291016,True,,False
20,1,12.773259162902832,4a34a6e07097f49b87cd42f41597a961dc95730590076f91ea7367f38c80f242,6185f4ea3ddca92e2e903385b6203cbfef8c25d0a93b181309970b4bdd007dfc,f5d0332ce93562d09bd9117b8c758c16eef410d58c60ced17a2bbdc15a486a1e,147.90798950195312,True,CORAL,4a34a6e07097f49b87cd42f41597a961dc95730590076f91ea7367f38c80f242,8c98c996a9f8c18c4dab7eb42aa51f6192c7f42f4060fb6eed3052b81ece2a4a,2a7e4ed4bbcfedb5b6df72e7c30babe3b9043772a7adc22f9c746dd17ae7c66d,u001,4a34a6e07097f49b87cd42f41597a961dc95730590076f91ea7367f38c80f242,d26cb8b74d16b53a2ce353732db667a8e021e5c80930724c209373016d7e0106,8e2dcf86eace3356b8177122dd809130e6acb499cce2317f40046eebecbb9085,4a34a6e07097f49b87cd42f41597a961dc95730590076f91ea7367f38c80f242,True,d26cb8b74d16b53a2ce353732db667a8e021e5c80930724c209373016d7e0106,8e2dcf86eace3356b8177122dd809130e6acb499cce2317f40046eebecbb9085,13,source_env1_color,107.529541015625,True,,False
1,2,0.0,4a34a6e07097f49b87cd42f41597a961dc95730590076f91ea7367f38c80f242,fbb20856e8b77cb3c40ebdbd31c733745f665c15ed1e236cd9e6031bcb15f5de,715e9d501a5684661c54ecf91dd420c0ec10285b255ac484d76ffcc17cc2b512,0.0,True,CORAL,LINEAR_COMBINATION,LINEAR_COMBINATION,LINEAR_COMBINATION,u002,LINEAR_COMBINATION,LINEAR_COMBINATION,LINEAR_COMBINATION,LINEAR_COMBINATION,True,LINEAR_COMBINATION,LINEAR_COMBINATION,13,evaluation_color,0.0,False,,False
5,2,0.0,4a34a6e07097f49b87cd42f41597a961dc95730590076f91ea7367f38c80f242,9d6bf319aabfe4c214d7453a0cb068f1007205fa3fdc3b7f2d4967bf879f24b1,c6a43b3a06765cbe864b8588dabc1a2439dd61e331cd5db7d259061916505853,0.0,True,CORAL,LINEAR_COMBINATION,LINEAR_COMBINATION,LINEAR_COMBINATION,u002,LINEAR_COMBINATION,LINEAR_COMBINATION,LINEAR_COMBINATION,LINEAR_COMBINATION,True,LINEAR_COMBINATION,LINEAR_COMBINATION,13,evaluation_color,0.0,False,,False
20,2,0.0,4a34a6e07097f49b87cd42f41597a961dc95730590076f91ea7367f38c80f242,6185f4ea3ddca92e2e903385b6203cbfef8c25d0a93b181309970b4bdd007dfc,f5d0332ce93562d09bd9117b8c758c16eef410d58c60ced17a2bbdc15a486a1e,0.0,True,CORAL,LINEAR_COMBINATION,LINEAR_COMBINATION,LINEAR_COMBINATION,u002,LINEAR_COMBINATION,LINEAR_COMBINATION,LINEAR_COMBINATION,LINEAR_COMBINATION,True,LINEAR_COMBINATION,LINEAR_COMBINATION,13,evaluation_color,0.0,False,,False
1,3,1.9029395580291748,4a34a6e07097f49b87cd42f41597a961dc95730590076f91ea7367f38c80f242,fbb20856e8b77cb3c40ebdbd31c733745f665c15ed1e236cd9e6031bcb15f5de,715e9d501a5684661c54ecf91dd420c0ec10285b255ac484d76ffcc17cc2b512,7.553001880645752,True,CORAL,4a34a6e07097f49b87cd42f41597a961dc95730590076f91ea7367f38c80f242,f7e5135cd36a3c648b44c6f509d4ee42336ed10bd7a2c31b2f9b62ccd04f73ef,f7b916672a4d36f6a34cb8acfcdb51082542b71fa7cdb4ce532d704938142ec0,u003,4a34a6e07097f49b87cd42f41597a961dc95730590076f91ea7367f38c80f242,a342b88918ec6f3737ed7be62c8720bbdbc09c5fd9d2a352f21eadd0812410ab,a5193b4d806d8886e08df345b4f309d37272cd4bfcd58cc89ba7e6289dd7162d,4a34a6e07097f49b87cd42f41597a961dc95730590076f91ea7367f38c80f242,True,a342b88918ec6f3737ed7be62c8720bbdbc09c5fd9d2a352f21eadd0812410ab,a5193b4d806d8886e08df345b4f309d37272cd4bfcd58cc89ba7e6289dd7162d,13,source_label_noise,4.096568584442139,True,,False
5,3,16.550294876098633,4a34a6e07097f49b87cd42f41597a961dc95730590076f91ea7367f38c80f242,9d6bf319aabfe4c214d7453a0cb068f1007205fa3fdc3b7f2d4967bf879f24b1,c6a43b3a06765cbe864b8588dabc1a2439dd61e331cd5db7d259061916505853,59.719993591308594,True,CORAL,4a34a6e07097f49b87cd42f41597a961dc95730590076f91ea7367f38c80f242,972cfd49365d761ee8e2a533d44a457a6078bf194a0e50ca32166ce8cbbbb1f6,f7f59f53daad2dce87caa474f2ce325c9383ff21c9131c2a6785f89e89e80362,u003,4a34a6e07097f49b87cd42f41597a961dc95730590076f91ea7367f38c80f242,3e3846344ed67a92b628a8cb738132ef695989e89df7098a0e9f6bd3acde8541,bd1bab13bbce805e6029b65f844bdcca0661a5a75a0810d63a2a5458df3d526b,4a34a6e07097f49b87cd42f41597a961dc95730590076f91ea7367f38c80f242,True,3e3846344ed67a92b628a8cb738132ef695989e89df7098a0e9f6bd3acde8541,bd1bab13bbce805e6029b65f844bdcca0661a5a75a0810d63a2a5458df3d526b,13,source_label_noise,26.87751007080078,True,,False
20,3,77.1826400756836,4a34a6e07097f49b87cd42f41597a961dc95730590076f91ea7367f38c80f242,6185f4ea3ddca92e2e903385b6203cbfef8c25d0a93b181309970b4bdd007dfc,f5d0332ce93562d09bd9117b8c758c16eef410d58c60ced17a2bbdc15a486a1e,120.44864654541016,True,CORAL,4a34a6e07097f49b87cd42f41597a961dc95730590076f91ea7367f38c80f242,2ecba10396821bbe97525a0dc693e201ddd23297f0c9ddbb6545fdb4624495a4,853052c609d83f2da7ff7faea462b1b0fabf5a740d4bac73bc9803d2e8cc0fbc,u003,4a34a6e07097f49b87cd42f41597a961dc95730590076f91ea7367f38c80f242,0d5c98591ed76df9a8902d6414a6e5d8b16c843b58e1a69c279569cf9c9e5c95,d0586a2fa1a72f95936df2b2f2cfea76998b1b7f81dc237e90bbf411def27374,4a34a6e07097f49b87cd42f41597a961dc95730590076f91ea7367f38c80f242,True,0d5c98591ed76df9a8902d6414a6e5d8b16c843b58e1a69c279569cf9c9e5c95,d0586a2fa1a72f95936df2b2f2cfea76998b1b7f81dc237e90bbf411def27374,13,source_label_noise,79.72784423828125,True,,False
1,4,0.0,4a34a6e07097f49b87cd42f41597a961dc95730590076f91ea7367f38c80f242,fbb20856e8b77cb3c40ebdbd31c733745f665c15ed1e236cd9e6031bcb15f5de,715e9d501a5684661c54ecf91dd420c0ec10285b255ac484d76ffcc17cc2b512,0.0,True,CORAL,LINEAR_COMBINATION,LINEAR_COMBINATION,LINEAR_COMBINATION,u004,LINEAR_COMBINATION,LINEAR_COMBINATION,LINEAR_COMBINATION,LINEAR_COMBINATION,True,LINEAR_COMBINATION,LINEAR_COMBINATION,13,evaluation_label_noise,0.0,False,,False
5,4,0.0,4a34a6e07097f49b87cd42f41597a961dc95730590076f91ea7367f38c80f242,9d6bf319aabfe4c214d7453a0cb068f1007205fa3fdc3b7f2d4967bf879f24b1,c6a43b3a06765cbe864b8588dabc1a2439dd61e331cd5db7d259061916505853,0.0,True,CORAL,LINEAR_COMBINATION,LINEAR_COMBINATION,LINEAR_COMBINATION,u004,LINEAR_COMBINATION,LINEAR_COMBINATION,LINEAR_COMBINATION,LINEAR_COMBINATION,True,LINEAR_COMBINATION,LINEAR_COMBINATION,13,evaluation_label_noise,0.0,False,,False
20,4,0.0,4a34a6e07097f49b87cd42f41597a961dc95730590076f91ea7367f38c80f242,6185f4ea3ddca92e2e903385b6203cbfef8c25d0a93b181309970b4bdd007dfc,f5d0332ce93562d09bd9117b8c758c16eef410d58c60ced17a2bbdc15a486a1e,0.0,True,CORAL,LINEAR_COMBINATION,LINEAR_COMBINATION,LINEAR_COMBINATION,u004,LINEAR_COMBINATION,LINEAR_COMBINATION,LINEAR_COMBINATION,LINEAR_COMBINATION,True,LINEAR_COMBINATION,LINEAR_COMBINATION,13,evaluation_label_noise,0.0,False,,False
1,-1,2.492453098297119,4a34a6e07097f49b87cd42f41597a961dc95730590076f91ea7367f38c80f242,fbb20856e8b77cb3c40ebdbd31c733745f665c15ed1e236cd9e6031bcb15f5de,715e9d501a5684661c54ecf91dd420c0ec10285b255ac484d76ffcc17cc2b512,29.647382736206055,True,CORAL,LINEAR_COMBINATION,LINEAR_COMBINATION,LINEAR_COMBINATION,u005,LINEAR_COMBINATION,LINEAR_COMBINATION,LINEAR_COMBINATION,LINEAR_COMBINATION,True,LINEAR_COMBINATION,LINEAR_COMBINATION,13,source_color_common,20.904979705810547,True,,False
5,-1,9.666754722595217,4a34a6e07097f49b87cd42f41597a961dc95730590076f91ea7367f38c80f242,9d6bf319aabfe4c214d7453a0cb068f1007205fa3fdc3b7f2d4967bf879f24b1,c6a43b3a06765cbe864b8588dabc1a2439dd61e331cd5db7d259061916505853,246.45803833007812,True,CORAL,LINEAR_COMBINATION,LINEAR_COMBINATION,LINEAR_COMBINATION,u005,LINEAR_COMBINATION,LINEAR_COMBINATION,LINEAR_COMBINATION,LINEAR_COMBINATION,True,LINEAR_COMBINATION,LINEAR_COMBINATION,13,source_color_common,176.21742248535156,True,,False
20,-1,16.339542388916016,4a34a6e07097f49b87cd42f41597a961dc95730590076f91ea7367f38c80f242,6185f4ea3ddca92e2e903385b6203cbfef8c25d0a93b181309970b4bdd007dfc,f5d0332ce93562d09bd9117b8c758c16eef410d58c60ced17a2bbdc15a486a1e,207.008544921875,True,CORAL,LINEAR_COMBINATION,LINEAR_COMBINATION,LINEAR_COMBINATION,u005,LINEAR_COMBINATION,LINEAR_COMBINATION,LINEAR_COMBINATION,LINEAR_COMBINATION,True,LINEAR_COMBINATION,LINEAR_COMBINATION,13,source_color_common,151.05825805664062,True,,False
1,-1,0.1589631140232086,4a34a6e07097f49b87cd42f41597a961dc95730590076f91ea7367f38c80f242,fbb20856e8b77cb3c40ebdbd31c733745f665c15ed1e236cd9e6031bcb15f5de,715e9d501a5684661c54ecf91dd420c0ec10285b255ac484d76ffcc17cc2b512,0.6526296734809875,True,CORAL,LINEAR_COMBINATION,LINEAR_COMBINATION,LINEAR_COMBINATION,u006,LINEAR_COMBINATION,LINEAR_COMBINATION,LINEAR_COMBINATION,LINEAR_COMBINATION,True,LINEAR_COMBINATION,LINEAR_COMBINATION,13,source_color_contrast,0.4337275326251983,True,,False
5,-1,2.0997273921966553,4a34a6e07097f49b87cd42f41597a961dc95730590076f91ea7367f38c80f242,9d6bf319aabfe4c214d7453a0cb068f1007205fa3fdc3b7f2d4967bf879f24b1,c6a43b3a06765cbe864b8588dabc1a2439dd61e331cd5db7d259061916505853,3.5928502082824707,True,CORAL,LINEAR_COMBINATION,LINEAR_COMBINATION,LINEAR_COMBINATION,u006,LINEAR_COMBINATION,LINEAR_COMBINATION,LINEAR_COMBINATION,LINEAR_COMBINATION,True,LINEAR_COMBINATION,LINEAR_COMBINATION,13,source_color_contrast,2.0596964359283447,True,,False
20,-1,3.1510634422302246,4a34a6e07097f49b87cd42f41597a961dc95730590076f91ea7367f38c80f242,6185f4ea3ddca92e2e903385b6203cbfef8c25d0a93b181309970b4bdd007dfc,f5d0332ce93562d09bd9117b8c758c16eef410d58c60ced17a2bbdc15a486a1e,6.095742225646973,True,CORAL,LINEAR_COMBINATION,LINEAR_COMBINATION,LINEAR_COMBINATION,u006,LINEAR_COMBINATION,LINEAR_COMBINATION,LINEAR_COMBINATION,LINEAR_COMBINATION,True,LINEAR_COMBINATION,LINEAR_COMBINATION,13,source_color_contrast,3.731300115585327,True,,False
1,-1,1.7624304294586182,4a34a6e07097f49b87cd42f41597a961dc95730590076f91ea7367f38c80f242,fbb20856e8b77cb3c40ebdbd31c733745f665c15ed1e236cd9e6031bcb15f5de,715e9d501a5684661c54ecf91dd420c0ec10285b255ac484d76ffcc17cc2b512,20.963865280151367,True,CORAL,LINEAR_COMBINATION,LINEAR_COMBINATION,LINEAR_COMBINATION,u007,LINEAR_COMBINATION,LINEAR_COMBINATION,LINEAR_COMBINATION,LINEAR_COMBINATION,True,LINEAR_COMBINATION,LINEAR_COMBINATION,13,color_global,14.782052993774414,False,,False
5,-1,6.835427761077881,4a34a6e07097f49b87cd42f41597a961dc95730590076f91ea7367f38c80f242,9d6bf319aabfe4c214d7453a0cb068f1007205fa3fdc3b7f2d4967bf879f24b1,c6a43b3a06765cbe864b8588dabc1a2439dd61e331cd5db7d259061916505853,174.27215576171875,True,CORAL,LINEAR_COMBINATION,LINEAR_COMBINATION,LINEAR_COMBINATION,u007,LINEAR_COMBINATION,LINEAR_COMBINATION,LINEAR_COMBINATION,LINEAR_COMBINATION,True,LINEAR_COMBINATION,LINEAR_COMBINATION,13,color_global,124.6045379638672,False,,False
20,-1,11.55380153656006,4a34a6e07097f49b87cd42f41597a961dc95730590076f91ea7367f38c80f242,6185f4ea3ddca92e2e903385b6203cbfef8c25d0a93b181309970b4bdd007dfc,f5d0332ce93562d09bd9117b8c758c16eef410d58c60ced17a2bbdc15a486a1e,146.3771514892578,True,CORAL,LINEAR_COMBINATION,LINEAR_COMBINATION,LINEAR_COMBINATION,u007,LINEAR_COMBINATION,LINEAR_COMBINATION,LINEAR_COMBINATION,LINEAR_COMBINATION,True,LINEAR_COMBINATION,LINEAR_COMBINATION,13,color_global,106.81432342529295,False,,False
1,-1,1.7624304294586182,4a34a6e07097f49b87cd42f41597a961dc95730590076f91ea7367f38c80f242,fbb20856e8b77cb3c40ebdbd31c733745f665c15ed1e236cd9e6031bcb15f5de,715e9d501a5684661c54ecf91dd420c0ec10285b255ac484d76ffcc17cc2b512,20.963865280151367,True,CORAL,LINEAR_COMBINATION,LINEAR_COMBINATION,LINEAR_COMBINATION,u008,LINEAR_COMBINATION,LINEAR_COMBINATION,LINEAR_COMBINATION,LINEAR_COMBINATION,True,LINEAR_COMBINATION,LINEAR_COMBINATION,13,color_shift,14.782052993774414,False,,False
5,-1,6.835427761077881,4a34a6e07097f49b87cd42f41597a961dc95730590076f91ea7367f38c80f242,9d6bf319aabfe4c214d7453a0cb068f1007205fa3fdc3b7f2d4967bf879f24b1,c6a43b3a06765cbe864b8588dabc1a2439dd61e331cd5db7d259061916505853,174.27215576171875,True,CORAL,LINEAR_COMBINATION,LINEAR_COMBINATION,LINEAR_COMBINATION,u008,LINEAR_COMBINATION,LINEAR_COMBINATION,LINEAR_COMBINATION,LINEAR_COMBINATION,True,LINEAR_COMBINATION,LINEAR_COMBINATION,13,color_shift,124.6045379638672,False,,False
20,-1,11.55380153656006,4a34a6e07097f49b87cd42f41597a961dc95730590076f91ea7367f38c80f242,6185f4ea3ddca92e2e903385b6203cbfef8c25d0a93b181309970b4bdd007dfc,f5d0332ce93562d09bd9117b8c758c16eef410d58c60ced17a2bbdc15a486a1e,146.3771514892578,True,CORAL,LINEAR_COMBINATION,LINEAR_COMBINATION,LINEAR_COMBINATION,u008,LINEAR_COMBINATION,LINEAR_COMBINATION,LINEAR_COMBINATION,LINEAR_COMBINATION,True,LINEAR_COMBINATION,LINEAR_COMBINATION,13,color_shift,106.81432342529295,False,,False
1,-1,1.3455814123153689,4a34a6e07097f49b87cd42f41597a961dc95730590076f91ea7367f38c80f242,fbb20856e8b77cb3c40ebdbd31c733745f665c15ed1e236cd9e6031bcb15f5de,715e9d501a5684661c54ecf91dd420c0ec10285b255ac484d76ffcc17cc2b512,5.340778827667236,True,CORAL,LINEAR_COMBINATION,LINEAR_COMBINATION,LINEAR_COMBINATION,u009,LINEAR_COMBINATION,LINEAR_COMBINATION,LINEAR_COMBINATION,LINEAR_COMBINATION,True,LINEAR_COMBINATION,LINEAR_COMBINATION,13,noise_global,2.896711587905884,False,,False
5,-1,11.702824592590332,4a34a6e07097f49b87cd42f41597a961dc95730590076f91ea7367f38c80f242,9d6bf319aabfe4c214d7453a0cb068f1007205fa3fdc3b7f2d4967bf879f24b1,c6a43b3a06765cbe864b8588dabc1a2439dd61e331cd5db7d259061916505853,42.22840881347656,True,CORAL,LINEAR_COMBINATION,LINEAR_COMBINATION,LINEAR_COMBINATION,u009,LINEAR_COMBINATION,LINEAR_COMBINATION,LINEAR_COMBINATION,LINEAR_COMBINATION,True,LINEAR_COMBINATION,LINEAR_COMBINATION,13,noise_global,19.005268096923828,False,,False
20,-1,54.57637023925781,4a34a6e07097f49b87cd42f41597a961dc95730590076f91ea7367f38c80f242,6185f4ea3ddca92e2e903385b6203cbfef8c25d0a93b181309970b4bdd007dfc,f5d0332ce93562d09bd9117b8c758c16eef410d58c60ced17a2bbdc15a486a1e,85.17005920410156,True,CORAL,LINEAR_COMBINATION,LINEAR_COMBINATION,LINEAR_COMBINATION,u009,LINEAR_COMBINATION,LINEAR_COMBINATION,LINEAR_COMBINATION,LINEAR_COMBINATION,True,LINEAR_COMBINATION,LINEAR_COMBINATION,13,noise_global,56.3760986328125,False,,False
1,-1,1.3455814123153689,4a34a6e07097f49b87cd42f41597a961dc95730590076f91ea7367f38c80f242,fbb20856e8b77cb3c40ebdbd31c733745f665c15ed1e236cd9e6031bcb15f5de,715e9d501a5684661c54ecf91dd420c0ec10285b255ac484d76ffcc17cc2b512,5.340778827667236,True,CORAL,LINEAR_COMBINATION,LINEAR_COMBINATION,LINEAR_COMBINATION,u010,LINEAR_COMBINATION,LINEAR_COMBINATION,LINEAR_COMBINATION,LINEAR_COMBINATION,True,LINEAR_COMBINATION,LINEAR_COMBINATION,13,noise_shift,2.896711587905884,False,,False
5,-1,11.702824592590332,4a34a6e07097f49b87cd42f41597a961dc95730590076f91ea7367f38c80f242,9d6bf319aabfe4c214d7453a0cb068f1007205fa3fdc3b7f2d4967bf879f24b1,c6a43b3a06765cbe864b8588dabc1a2439dd61e331cd5db7d259061916505853,42.22840881347656,True,CORAL,LINEAR_COMBINATION,LINEAR_COMBINATION,LINEAR_COMBINATION,u010,LINEAR_COMBINATION,LINEAR_COMBINATION,LINEAR_COMBINATION,LINEAR_COMBINATION,True,LINEAR_COMBINATION,LINEAR_COMBINATION,13,noise_shift,19.005268096923828,False,,False
20,-1,54.57637023925781,4a34a6e07097f49b87cd42f41597a961dc95730590076f91ea7367f38c80f242,6185f4ea3ddca92e2e903385b6203cbfef8c25d0a93b181309970b4bdd007dfc,f5d0332ce93562d09bd9117b8c758c16eef410d58c60ced17a2bbdc15a486a1e,85.17005920410156,True,CORAL,LINEAR_COMBINATION,LINEAR_COMBINATION,LINEAR_COMBINATION,u010,LINEAR_COMBINATION,LINEAR_COMBINATION,LINEAR_COMBINATION,LINEAR_COMBINATION,True,LINEAR_COMBINATION,LINEAR_COMBINATION,13,noise_shift,56.3760986328125,False,,False
1,0,3.191075086593628,ba091b8d330bbdff22bbadadbd330367b304f0285d7a7411eddc1253d0e3120f,edbd080e3b6c9f324f1143063a0ec64f704bf3e7d21c514a94dd7a25fcc81403,c121b0c6a45778f16895b18c8c858d53cb5650bcb4b576f1e29c8329e344c80e,18.34286880493164,True,ERM,ba091b8d330bbdff22bbadadbd330367b304f0285d7a7411eddc1253d0e3120f,7390468c732912c639eaba7e6c35a8e12aabbb29d2b8c099e0e7b9375416d14e,07eda9e738a9f294dfa2992f5568a57aefaffd77bf62c470379af7f9c92ad22e,u000,ba091b8d330bbdff22bbadadbd330367b304f0285d7a7411eddc1253d0e3120f,8ec05e7cb66516dc50a54b9acf48076b1b21a645b8630c928f1818d1af9cf571,dc4188821e148fee5fb84f61f8b5e71b8f7be95b30dee96709de6441d3d08bb1,ba091b8d330bbdff22bbadadbd330367b304f0285d7a7411eddc1253d0e3120f,True,8ec05e7cb66516dc50a54b9acf48076b1b21a645b8630c928f1818d1af9cf571,dc4188821e148fee5fb84f61f8b5e71b8f7be95b30dee96709de6441d3d08bb1,14,source_env0_color,13.676323890686035,True,,False
5,0,15.851609230041504,ba091b8d330bbdff22bbadadbd330367b304f0285d7a7411eddc1253d0e3120f,b58c875d730cf0ccce64c44a38a54913947bf4ca41407b791c00d298792a8190,e3a567de87d70180ed0ecf5aed5c0d7080641091268e1eda35e98b81631e0592,151.2068634033203,True,ERM,ba091b8d330bbdff22bbadadbd330367b304f0285d7a7411eddc1253d0e3120f,87f7308371ba6b030dd9dd9590cf58d61c9ae7cd32426954741151cc99293606,93dab4729553d72fe84a227ebc7bf85f029e274a2916a7492eab6b8f00bc80f4,u000,ba091b8d330bbdff22bbadadbd330367b304f0285d7a7411eddc1253d0e3120f,de67a6ece417302daa4f99452a5c5dc9627a70e7a4e15178ef157e729b1d0837,f49ca38934df7b725cbd26cb5b5cdae4fddee521a39a9b0155b9fc4ae1ce6a93,ba091b8d330bbdff22bbadadbd330367b304f0285d7a7411eddc1253d0e3120f,True,de67a6ece417302daa4f99452a5c5dc9627a70e7a4e15178ef157e729b1d0837,f49ca38934df7b725cbd26cb5b5cdae4fddee521a39a9b0155b9fc4ae1ce6a93,14,source_env0_color,112.0301284790039,True,,False
20,0,22.55376434326172,ba091b8d330bbdff22bbadadbd330367b304f0285d7a7411eddc1253d0e3120f,48f5c25c4c320f222d64a93810db22b59c0dc175d0ed1b1b847b34b5913113a4,2ddfbfb4f6be9200ef55b8bf483380c7a748d13ef8aec180ce2d41a9fc4a9a73,111.78414154052734,True,ERM,ba091b8d330bbdff22bbadadbd330367b304f0285d7a7411eddc1253d0e3120f,864443a81c0cea167e5797b86cb69c43dbe41a6cb12851a46ce35c8f2d830409,7613140ec981cba093f5754ebb7cab1b98a3c179cd8c0c4ab8c504099d87cf6e,u000,ba091b8d330bbdff22bbadadbd330367b304f0285d7a7411eddc1253d0e3120f,dfed58eadc359d500a43ac576fb1c6eb072c5537e92bfc3d06cb9d17a0a14997,c38030df8d0b1127f70e96114e74d8a8471377ceb4f829bfc063dbb294ec5ad4,ba091b8d330bbdff22bbadadbd330367b304f0285d7a7411eddc1253d0e3120f,True,dfed58eadc359d500a43ac576fb1c6eb072c5537e92bfc3d06cb9d17a0a14997,c38030df8d0b1127f70e96114e74d8a8471377ceb4f829bfc063dbb294ec5ad4,14,source_env0_color,79.7341079711914,True,,False
1,1,3.5751872062683105,ba091b8d330bbdff22bbadadbd330367b304f0285d7a7411eddc1253d0e3120f,edbd080e3b6c9f324f1143063a0ec64f704bf3e7d21c514a94dd7a25fcc81403,c121b0c6a45778f16895b18c8c858d53cb5650bcb4b576f1e29c8329e344c80e,18.203468322753903,True,ERM,ba091b8d330bbdff22bbadadbd330367b304f0285d7a7411eddc1253d0e3120f,effbd8c6524de947fb66c67076adc11cbcfe8670d98f3fb395f34bd3d8732ec1,e4d5fd6df650ca582e054b6d3bb76e024b15cbe5a78a3bdcc329571eeb35a65c,u001,ba091b8d330bbdff22bbadadbd330367b304f0285d7a7411eddc1253d0e3120f,e967a645211c1d81b523a1c5b9340d79d7e8ab984adf99bd769c2c02b361472c,e49daefc3fa3f111db22732be4256ee7ff1c5172b7467574a71af63d963bc4e0,ba091b8d330bbdff22bbadadbd330367b304f0285d7a7411eddc1253d0e3120f,True,e967a645211c1d81b523a1c5b9340d79d7e8ab984adf99bd769c2c02b361472c,e49daefc3fa3f111db22732be4256ee7ff1c5172b7467574a71af63d963bc4e0,14,source_env1_color,13.547866821289062,True,,False
5,1,15.230493545532228,ba091b8d330bbdff22bbadadbd330367b304f0285d7a7411eddc1253d0e3120f,b58c875d730cf0ccce64c44a38a54913947bf4ca41407b791c00d298792a8190,e3a567de87d70180ed0ecf5aed5c0d7080641091268e1eda35e98b81631e0592,150.96864318847656,True,ERM,ba091b8d330bbdff22bbadadbd330367b304f0285d7a7411eddc1253d0e3120f,b99957bd08d699335d118b8832aa8cd85f433df9ca376aa6361b7bbeb8387945,08e21b08ba55cac9746129efd801e604ac3a24f383ba1b0cd89a551db1b1f947,u001,ba091b8d330bbdff22bbadadbd330367b304f0285d7a7411eddc1253d0e3120f,63288c49e41143ed4cde317b42b0dd4ff8920b086eeca187fa470fbb6a526dc2,586a33cfdb6dd26d2897e6faf8af50977fcc2e71abd16f244f26f6bd71d6b511,ba091b8d330bbdff22bbadadbd330367b304f0285d7a7411eddc1253d0e3120f,True,63288c49e41143ed4cde317b42b0dd4ff8920b086eeca187fa470fbb6a526dc2,586a33cfdb6dd26d2897e6faf8af50977fcc2e71abd16f244f26f6bd71d6b511,14,source_env1_color,111.7370147705078,True,,False
20,1,27.072277069091797,ba091b8d330bbdff22bbadadbd330367b304f0285d7a7411eddc1253d0e3120f,48f5c25c4c320f222d64a93810db22b59c0dc175d0ed1b1b847b34b5913113a4,2ddfbfb4f6be9200ef55b8bf483380c7a748d13ef8aec180ce2d41a9fc4a9a73,112.81575775146484,True,ERM,ba091b8d330bbdff22bbadadbd330367b304f0285d7a7411eddc1253d0e3120f,4a322b9158af4ff0cb995827bbfde1d05f1f8734a63bd0246638b736f9b622b3,f3f2a5f0b9c696c3dee73fc372d6f02777105322acb876882aa35ecb97d59538,u001,ba091b8d330bbdff22bbadadbd330367b304f0285d7a7411eddc1253d0e3120f,1a1ebebdd50bf3898877cc130417b06080aa94b2a1f7d848be2823758e2b86dd,34a981d9ff0aab0a0b6e51876ed03531783c0036432b98e13dc022a40bdb1e47,ba091b8d330bbdff22bbadadbd330367b304f0285d7a7411eddc1253d0e3120f,True,1a1ebebdd50bf3898877cc130417b06080aa94b2a1f7d848be2823758e2b86dd,34a981d9ff0aab0a0b6e51876ed03531783c0036432b98e13dc022a40bdb1e47,14,source_env1_color,81.60267639160156,True,,False
1,2,0.0,ba091b8d330bbdff22bbadadbd330367b304f0285d7a7411eddc1253d0e3120f,edbd080e3b6c9f324f1143063a0ec64f704bf3e7d21c514a94dd7a25fcc81403,c121b0c6a45778f16895b18c8c858d53cb5650bcb4b576f1e29c8329e344c80e,0.0,True,ERM,LINEAR_COMBINATION,LINEAR_COMBINATION,LINEAR_COMBINATION,u002,LINEAR_COMBINATION,LINEAR_COMBINATION,LINEAR_COMBINATION,LINEAR_COMBINATION,True,LINEAR_COMBINATION,LINEAR_COMBINATION,14,evaluation_color,0.0,False,,False
5,2,0.0,ba091b8d330bbdff22bbadadbd330367b304f0285d7a7411eddc1253d0e3120f,b58c875d730cf0ccce64c44a38a54913947bf4ca41407b791c00d298792a8190,e3a567de87d70180ed0ecf5aed5c0d7080641091268e1eda35e98b81631e0592,0.0,True,ERM,LINEAR_COMBINATION,LINEAR_COMBINATION,LINEAR_COMBINATION,u002,LINEAR_COMBINATION,LINEAR_COMBINATION,LINEAR_COMBINATION,LINEAR_COMBINATION,True,LINEAR_COMBINATION,LINEAR_COMBINATION,14,evaluation_color,0.0,False,,False
20,2,0.0,ba091b8d330bbdff22bbadadbd330367b304f0285d7a7411eddc1253d0e3120f,48f5c25c4c320f222d64a93810db22b59c0dc175d0ed1b1b847b34b5913113a4,2ddfbfb4f6be9200ef55b8bf483380c7a748d13ef8aec180ce2d41a9fc4a9a73,0.0,True,ERM,LINEAR_COMBINATION,LINEAR_COMBINATION,LINEAR_COMBINATION,u002,LINEAR_COMBINATION,LINEAR_COMBINATION,LINEAR_COMBINATION,LINEAR_COMBINATION,True,LINEAR_COMBINATION,LINEAR_COMBINATION,14,evaluation_color,0.0,False,,False
1,3,2.5572779178619385,ba091b8d330bbdff22bbadadbd330367b304f0285d7a7411eddc1253d0e3120f,edbd080e3b6c9f324f1143063a0ec64f704bf3e7d21c514a94dd7a25fcc81403,c121b0c6a45778f16895b18c8c858d53cb5650bcb4b576f1e29c8329e344c80e,6.409071922302246,True,ERM,ba091b8d330bbdff22bbadadbd330367b304f0285d7a7411eddc1253d0e3120f,fa13a3ffcf444b32f4675d0c8d698f7595fd0fdfe68f1d74c479d5e744ac2a9c,f3d128b40f2aaa9b3f398e146b935844830cba14ed7454dec24a805c7aa2b92e,u003,ba091b8d330bbdff22bbadadbd330367b304f0285d7a7411eddc1253d0e3120f,a31dead316c3960eaff902696f58f931444adacfea3d7ded06d6f131c09ebd95,799982bb96ec533cb9516c097db170e214544ceae527b84001021c3e8693266e,ba091b8d330bbdff22bbadadbd330367b304f0285d7a7411eddc1253d0e3120f,True,a31dead316c3960eaff902696f58f931444adacfea3d7ded06d6f131c09ebd95,799982bb96ec533cb9516c097db170e214544ceae527b84001021c3e8693266e,14,source_label_noise,3.683612585067749,True,,False
5,3,19.657461166381836,ba091b8d330bbdff22bbadadbd330367b304f0285d7a7411eddc1253d0e3120f,b58c875d730cf0ccce64c44a38a54913947bf4ca41407b791c00d298792a8190,e3a567de87d70180ed0ecf5aed5c0d7080641091268e1eda35e98b81631e0592,51.03007125854492,True,ERM,ba091b8d330bbdff22bbadadbd330367b304f0285d7a7411eddc1253d0e3120f,51ae25263fb43d2b41409cdf6b7e25e50293a3ab8b00416fcebcb2d1af5881b5,786e258818a61454975f7e3f19b249c1a816a5a84586706381139d466b27d19b,u003,ba091b8d330bbdff22bbadadbd330367b304f0285d7a7411eddc1253d0e3120f,42f33d1eebe61d48af3421f0e5a8941edad80b511c71ee21be6ef999444dc379,f3c950b4544dc5ed408dde2cb0b3cb3d2c58d8a92496b2d175bdf107e20f7c98,ba091b8d330bbdff22bbadadbd330367b304f0285d7a7411eddc1253d0e3120f,True,42f33d1eebe61d48af3421f0e5a8941edad80b511c71ee21be6ef999444dc379,f3c950b4544dc5ed408dde2cb0b3cb3d2c58d8a92496b2d175bdf107e20f7c98,14,source_label_noise,24.55339813232422,True,,False
20,3,76.35335540771484,ba091b8d330bbdff22bbadadbd330367b304f0285d7a7411eddc1253d0e3120f,48f5c25c4c320f222d64a93810db22b59c0dc175d0ed1b1b847b34b5913113a4,2ddfbfb4f6be9200ef55b8bf483380c7a748d13ef8aec180ce2d41a9fc4a9a73,125.73409271240234,True,ERM,ba091b8d330bbdff22bbadadbd330367b304f0285d7a7411eddc1253d0e3120f,6b6f35f78a94b1598f6f52178335e0832e6f1ddd1321fc51b0aafdeea1188c42,511db5241aea89e3d053a93ade6839931a5ab5f0e702e060d8454b11d22b6343,u003,ba091b8d330bbdff22bbadadbd330367b304f0285d7a7411eddc1253d0e3120f,faedc6c2c148dd8e14c0d51c607596a00454346a2af36641204ac1d6d07bf53d,9e2d061626b0974491ebeafc91d2bc23a39f447ce49d0b07158dafbc25a84be5,ba091b8d330bbdff22bbadadbd330367b304f0285d7a7411eddc1253d0e3120f,True,faedc6c2c148dd8e14c0d51c607596a00454346a2af36641204ac1d6d07bf53d,9e2d061626b0974491ebeafc91d2bc23a39f447ce49d0b07158dafbc25a84be5,14,source_label_noise,96.36397552490234,True,,False
1,4,0.0,ba091b8d330bbdff22bbadadbd330367b304f0285d7a7411eddc1253d0e3120f,edbd080e3b6c9f324f1143063a0ec64f704bf3e7d21c514a94dd7a25fcc81403,c121b0c6a45778f16895b18c8c858d53cb5650bcb4b576f1e29c8329e344c80e,0.0,True,ERM,LINEAR_COMBINATION,LINEAR_COMBINATION,LINEAR_COMBINATION,u004,LINEAR_COMBINATION,LINEAR_COMBINATION,LINEAR_COMBINATION,LINEAR_COMBINATION,True,LINEAR_COMBINATION,LINEAR_COMBINATION,14,evaluation_label_noise,0.0,False,,False
5,4,0.0,ba091b8d330bbdff22bbadadbd330367b304f0285d7a7411eddc1253d0e3120f,b58c875d730cf0ccce64c44a38a54913947bf4ca41407b791c00d298792a8190,e3a567de87d70180ed0ecf5aed5c0d7080641091268e1eda35e98b81631e0592,0.0,True,ERM,LINEAR_COMBINATION,LINEAR_COMBINATION,LINEAR_COMBINATION,u004,LINEAR_COMBINATION,LINEAR_COMBINATION,LINEAR_COMBINATION,LINEAR_COMBINATION,True,LINEAR_COMBINATION,LINEAR_COMBINATION,14,evaluation_label_noise,0.0,False,,False
20,4,0.0,ba091b8d330bbdff22bbadadbd330367b304f0285d7a7411eddc1253d0e3120f,48f5c25c4c320f222d64a93810db22b59c0dc175d0ed1b1b847b34b5913113a4,2ddfbfb4f6be9200ef55b8bf483380c7a748d13ef8aec180ce2d41a9fc4a9a73,0.0,True,ERM,LINEAR_COMBINATION,LINEAR_COMBINATION,LINEAR_COMBINATION,u004,LINEAR_COMBINATION,LINEAR_COMBINATION,LINEAR_COMBINATION,LINEAR_COMBINATION,True,LINEAR_COMBINATION,LINEAR_COMBINATION,14,evaluation_label_noise,0.0,False,,False
1,-1,4.78253173828125,ba091b8d330bbdff22bbadadbd330367b304f0285d7a7411eddc1253d0e3120f,edbd080e3b6c9f324f1143063a0ec64f704bf3e7d21c514a94dd7a25fcc81403,c121b0c6a45778f16895b18c8c858d53cb5650bcb4b576f1e29c8329e344c80e,25.8372859954834,True,ERM,LINEAR_COMBINATION,LINEAR_COMBINATION,LINEAR_COMBINATION,u005,LINEAR_COMBINATION,LINEAR_COMBINATION,LINEAR_COMBINATION,LINEAR_COMBINATION,True,LINEAR_COMBINATION,LINEAR_COMBINATION,14,source_color_common,19.247093200683594,True,,False
5,-1,21.96636009216309,ba091b8d330bbdff22bbadadbd330367b304f0285d7a7411eddc1253d0e3120f,b58c875d730cf0ccce64c44a38a54913947bf4ca41407b791c00d298792a8190,e3a567de87d70180ed0ecf5aed5c0d7080641091268e1eda35e98b81631e0592,213.6519470214844,True,ERM,LINEAR_COMBINATION,LINEAR_COMBINATION,LINEAR_COMBINATION,u005,LINEAR_COMBINATION,LINEAR_COMBINATION,LINEAR_COMBINATION,LINEAR_COMBINATION,True,LINEAR_COMBINATION,LINEAR_COMBINATION,14,source_color_common,158.2185516357422,True,,False
20,-1,35.02853012084961,ba091b8d330bbdff22bbadadbd330367b304f0285d7a7411eddc1253d0e3120f,48f5c25c4c320f222d64a93810db22b59c0dc175d0ed1b1b847b34b5913113a4,2ddfbfb4f6be9200ef55b8bf483380c7a748d13ef8aec180ce2d41a9fc4a9a73,158.70794677734375,True,ERM,LINEAR_COMBINATION,LINEAR_COMBINATION,LINEAR_COMBINATION,u005,LINEAR_COMBINATION,LINEAR_COMBINATION,LINEAR_COMBINATION,LINEAR_COMBINATION,True,LINEAR_COMBINATION,LINEAR_COMBINATION,14,source_color_common,114.0134735107422,True,,False
1,-1,0.3038323521614074,ba091b8d330bbdff22bbadadbd330367b304f0285d7a7411eddc1253d0e3120f,edbd080e3b6c9f324f1143063a0ec64f704bf3e7d21c514a94dd7a25fcc81403,c121b0c6a45778f16895b18c8c858d53cb5650bcb4b576f1e29c8329e344c80e,0.5117291808128357,True,ERM,LINEAR_COMBINATION,LINEAR_COMBINATION,LINEAR_COMBINATION,u006,LINEAR_COMBINATION,LINEAR_COMBINATION,LINEAR_COMBINATION,LINEAR_COMBINATION,True,LINEAR_COMBINATION,LINEAR_COMBINATION,14,source_color_contrast,0.368669182062149,True,,False
5,-1,0.8488460183143616,ba091b8d330bbdff22bbadadbd330367b304f0285d7a7411eddc1253d0e3120f,b58c875d730cf0ccce64c44a38a54913947bf4ca41407b791c00d298792a8190,e3a567de87d70180ed0ecf5aed5c0d7080641091268e1eda35e98b81631e0592,2.810288906097412,True,ERM,LINEAR_COMBINATION,LINEAR_COMBINATION,LINEAR_COMBINATION,u006,LINEAR_COMBINATION,LINEAR_COMBINATION,LINEAR_COMBINATION,LINEAR_COMBINATION,True,LINEAR_COMBINATION,LINEAR_COMBINATION,14,source_color_contrast,1.673367977142334,True,,False
20,-1,3.818689823150635,ba091b8d330bbdff22bbadadbd330367b304f0285d7a7411eddc1253d0e3120f,48f5c25c4c320f222d64a93810db22b59c0dc175d0ed1b1b847b34b5913113a4,2ddfbfb4f6be9200ef55b8bf483380c7a748d13ef8aec180ce2d41a9fc4a9a73,5.905448913574219,True,ERM,LINEAR_COMBINATION,LINEAR_COMBINATION,LINEAR_COMBINATION,u006,LINEAR_COMBINATION,LINEAR_COMBINATION,LINEAR_COMBINATION,LINEAR_COMBINATION,True,LINEAR_COMBINATION,LINEAR_COMBINATION,14,source_color_contrast,4.177664756774902,True,,False
1,-1,3.381760835647583,ba091b8d330bbdff22bbadadbd330367b304f0285d7a7411eddc1253d0e3120f,edbd080e3b6c9f324f1143063a0ec64f704bf3e7d21c514a94dd7a25fcc81403,c121b0c6a45778f16895b18c8c858d53cb5650bcb4b576f1e29c8329e344c80e,18.26972007751465,True,ERM,LINEAR_COMBINATION,LINEAR_COMBINATION,LINEAR_COMBINATION,u007,LINEAR_COMBINATION,LINEAR_COMBINATION,LINEAR_COMBINATION,LINEAR_COMBINATION,True,LINEAR_COMBINATION,LINEAR_COMBINATION,14,color_global,13.609750747680664,False,,False
5,-1,15.53256130218506,ba091b8d330bbdff22bbadadbd330367b304f0285d7a7411eddc1253d0e3120f,b58c875d730cf0ccce64c44a38a54913947bf4ca41407b791c00d298792a8190,e3a567de87d70180ed0ecf5aed5c0d7080641091268e1eda35e98b81631e0592,151.07473754882812,True,ERM,LINEAR_COMBINATION,LINEAR_COMBINATION,LINEAR_COMBINATION,u007,LINEAR_COMBINATION,LINEAR_COMBINATION,LINEAR_COMBINATION,LINEAR_COMBINATION,True,LINEAR_COMBINATION,LINEAR_COMBINATION,14,color_global,111.87740325927734,False,,False
20,-1,24.768909454345703,ba091b8d330bbdff22bbadadbd330367b304f0285d7a7411eddc1253d0e3120f,48f5c25c4c320f222d64a93810db22b59c0dc175d0ed1b1b847b34b5913113a4,2ddfbfb4f6be9200ef55b8bf483380c7a748d13ef8aec180ce2d41a9fc4a9a73,112.22345733642578,True,ERM,LINEAR_COMBINATION,LINEAR_COMBINATION,LINEAR_COMBINATION,u007,LINEAR_COMBINATION,LINEAR_COMBINATION,LINEAR_COMBINATION,LINEAR_COMBINATION,True,LINEAR_COMBINATION,LINEAR_COMBINATION,14,color_global,80.61969757080078,False,,False
1,-1,3.381760835647583,ba091b8d330bbdff22bbadadbd330367b304f0285d7a7411eddc1253d0e3120f,edbd080e3b6c9f324f1143063a0ec64f704bf3e7d21c514a94dd7a25fcc81403,c121b0c6a45778f16895b18c8c858d53cb5650bcb4b576f1e29c8329e344c80e,18.26972007751465,True,ERM,LINEAR_COMBINATION,LINEAR_COMBINATION,LINEAR_COMBINATION,u008,LINEAR_COMBINATION,LINEAR_COMBINATION,LINEAR_COMBINATION,LINEAR_COMBINATION,True,LINEAR_COMBINATION,LINEAR_COMBINATION,14,color_shift,13.609750747680664,False,,False
5,-1,15.53256130218506,ba091b8d330bbdff22bbadadbd330367b304f0285d7a7411eddc1253d0e3120f,b58c875d730cf0ccce64c44a38a54913947bf4ca41407b791c00d298792a8190,e3a567de87d70180ed0ecf5aed5c0d7080641091268e1eda35e98b81631e0592,151.07473754882812,True,ERM,LINEAR_COMBINATION,LINEAR_COMBINATION,LINEAR_COMBINATION,u008,LINEAR_COMBINATION,LINEAR_COMBINATION,LINEAR_COMBINATION,LINEAR_COMBINATION,True,LINEAR_COMBINATION,LINEAR_COMBINATION,14,color_shift,111.87740325927734,False,,False
20,-1,24.768909454345703,ba091b8d330bbdff22bbadadbd330367b304f0285d7a7411eddc1253d0e3120f,48f5c25c4c320f222d64a93810db22b59c0dc175d0ed1b1b847b34b5913113a4,2ddfbfb4f6be9200ef55b8bf483380c7a748d13ef8aec180ce2d41a9fc4a9a73,112.22345733642578,True,ERM,LINEAR_COMBINATION,LINEAR_COMBINATION,LINEAR_COMBINATION,u008,LINEAR_COMBINATION,LINEAR_COMBINATION,LINEAR_COMBINATION,LINEAR_COMBINATION,True,LINEAR_COMBINATION,LINEAR_COMBINATION,14,color_shift,80.61969757080078,False,,False
1,-1,1.808268666267395,ba091b8d330bbdff22bbadadbd330367b304f0285d7a7411eddc1253d0e3120f,edbd080e3b6c9f324f1143063a0ec64f704bf3e7d21c514a94dd7a25fcc81403,c121b0c6a45778f16895b18c8c858d53cb5650bcb4b576f1e29c8329e344c80e,4.53189754486084,True,ERM,LINEAR_COMBINATION,LINEAR_COMBINATION,LINEAR_COMBINATION,u009,LINEAR_COMBINATION,LINEAR_COMBINATION,LINEAR_COMBINATION,LINEAR_COMBINATION,True,LINEAR_COMBINATION,LINEAR_COMBINATION,14,noise_global,2.6047074794769287,False,,False
5,-1,13.899924278259276,ba091b8d330bbdff22bbadadbd330367b304f0285d7a7411eddc1253d0e3120f,b58c875d730cf0ccce64c44a38a54913947bf4ca41407b791c00d298792a8190,e3a567de87d70180ed0ecf5aed5c0d7080641091268e1eda35e98b81631e0592,36.083709716796875,True,ERM,LINEAR_COMBINATION,LINEAR_COMBINATION,LINEAR_COMBINATION,u009,LINEAR_COMBINATION,LINEAR_COMBINATION,LINEAR_COMBINATION,LINEAR_COMBINATION,True,LINEAR_COMBINATION,LINEAR_COMBINATION,14,noise_global,17.361873626708984,False,,False
20,-1,53.98997497558594,ba091b8d330bbdff22bbadadbd330367b304f0285d7a7411eddc1253d0e3120f,48f5c25c4c320f222d64a93810db22b59c0dc175d0ed1b1b847b34b5913113a4,2ddfbfb4f6be9200ef55b8bf483380c7a748d13ef8aec180ce2d41a9fc4a9a73,88.90742492675781,True,ERM,LINEAR_COMBINATION,LINEAR_COMBINATION,LINEAR_COMBINATION,u009,LINEAR_COMBINATION,LINEAR_COMBINATION,LINEAR_COMBINATION,LINEAR_COMBINATION,True,LINEAR_COMBINATION,LINEAR_COMBINATION,14,noise_global,68.13961791992188,False,,False
1,-1,1.808268666267395,ba091b8d330bbdff22bbadadbd330367b304f0285d7a7411eddc1253d0e3120f,edbd080e3b6c9f324f1143063a0ec64f704bf3e7d21c514a94dd7a25fcc81403,c121b0c6a45778f16895b18c8c858d53cb5650bcb4b576f1e29c8329e344c80e,4.53189754486084,True,ERM,LINEAR_COMBINATION,LINEAR_COMBINATION,LINEAR_COMBINATION,u010,LINEAR_COMBINATION,LINEAR_COMBINATION,LINEAR_COMBINATION,LINEAR_COMBINATION,True,LINEAR_COMBINATION,LINEAR_COMBINATION,14,noise_shift,2.6047074794769287,False,,False
5,-1,13.899924278259276,ba091b8d330bbdff22bbadadbd330367b304f0285d7a7411eddc1253d0e3120f,b58c875d730cf0ccce64c44a38a54913947bf4ca41407b791c00d298792a8190,e3a567de87d70180ed0ecf5aed5c0d7080641091268e1eda35e98b81631e0592,36.083709716796875,True,ERM,LINEAR_COMBINATION,LINEAR_COMBINATION,LINEAR_COMBINATION,u010,LINEAR_COMBINATION,LINEAR_COMBINATION,LINEAR_COMBINATION,LINEAR_COMBINATION,True,LINEAR_COMBINATION,LINEAR_COMBINATION,14,noise_shift,17.361873626708984,False,,False
20,-1,53.98997497558594,ba091b8d330bbdff22bbadadbd330367b304f0285d7a7411eddc1253d0e3120f,48f5c25c4c320f222d64a93810db22b59c0dc175d0ed1b1b847b34b5913113a4,2ddfbfb4f6be9200ef55b8bf483380c7a748d13ef8aec180ce2d41a9fc4a9a73,88.90742492675781,True,ERM,LINEAR_COMBINATION,LINEAR_COMBINATION,LINEAR_COMBINATION,u010,LINEAR_COMBINATION,LINEAR_COMBINATION,LINEAR_COMBINATION,LINEAR_COMBINATION,True,LINEAR_COMBINATION,LINEAR_COMBINATION,14,noise_shift,68.13961791992188,False,,False
1,0,0.0219330079853534,2290ea38ac5f746c70e6e92878e216ab1c5d85a1e2070381e84ef3ba5bd54d97,fa66da86e354936e61c390b3ba284afa6a7703a143d1d445ac2606967599d996,4956ec94aefd24c98c8066db7a2ab72156e4af1929cc7fb290c28ab93a63402c,0.239074170589447,True,IRMv1,2290ea38ac5f746c70e6e92878e216ab1c5d85a1e2070381e84ef3ba5bd54d97,1210f3e0e122478dd06692a2abefe8f44a9c050941da04ed70552a4922a7b5d0,2aad41efcbe9af354a6c925d484e9f097c8cc71968abb63e1d4155ea6f4113c2,u000,2290ea38ac5f746c70e6e92878e216ab1c5d85a1e2070381e84ef3ba5bd54d97,9c9f413a29864d6ed5420b8a36a81cc95903b58017d8f48f33968b6599b44930,ccccf351c0ba3449d6ee98ed9bbfd7e87375b46d1d1bd7546014ea474c62a59b,2290ea38ac5f746c70e6e92878e216ab1c5d85a1e2070381e84ef3ba5bd54d97,True,9c9f413a29864d6ed5420b8a36a81cc95903b58017d8f48f33968b6599b44930,ccccf351c0ba3449d6ee98ed9bbfd7e87375b46d1d1bd7546014ea474c62a59b,14,source_env0_color,0.1971310377120971,True,,False
5,0,1.0328125953674316,2290ea38ac5f746c70e6e92878e216ab1c5d85a1e2070381e84ef3ba5bd54d97,7a9e9f4fec06b4a47688cf88928ecfcea9dfe767fde5ea4668bb9739fbd1df0e,cc8c39db65308cf6d711171e2c0af4daadf30c6a443add1f9014b374c5454f88,3.242079019546509,True,IRMv1,2290ea38ac5f746c70e6e92878e216ab1c5d85a1e2070381e84ef3ba5bd54d97,06ec27358b0c3218880bc46e59ebc6b0801f93dac9de3f2624b1e0c98ea71ff0,075f5e6f8dce4c5f0d3ccdce63042bb92040dfc6e7c520c8bc952bbe7e4e62a3,u000,2290ea38ac5f746c70e6e92878e216ab1c5d85a1e2070381e84ef3ba5bd54d97,ef7fc3afc460cd6ba0164809c9e243f3b4a3dc691fb45fa8946d90b6350f47d3,a2c9ea33e77e4594a0bf0457ea6f875f198d01c8c4c45f06c6e30bd2243d7ef1,2290ea38ac5f746c70e6e92878e216ab1c5d85a1e2070381e84ef3ba5bd54d97,True,ef7fc3afc460cd6ba0164809c9e243f3b4a3dc691fb45fa8946d90b6350f47d3,a2c9ea33e77e4594a0bf0457ea6f875f198d01c8c4c45f06c6e30bd2243d7ef1,14,source_env0_color,2.796213388442993,True,,False
20,0,8.423318862915039,2290ea38ac5f746c70e6e92878e216ab1c5d85a1e2070381e84ef3ba5bd54d97,b2459f8487fb0a5ee180d37bea7950849ceb7052e631ebab6a4387d07dd2f9c6,356468ea718024b5196674c2a818e25e511618b705c2ce776758e15ed4a67ba3,19.079914093017575,True,IRMv1,2290ea38ac5f746c70e6e92878e216ab1c5d85a1e2070381e84ef3ba5bd54d97,e3e4b23e2393feec390565e16b294b327dfdea6ea481d7494ba7a93fc454a5d7,e5213a207429e612c95d930b233132358fbea80d233fc7accb3b98fb43d4f8a5,u000,2290ea38ac5f746c70e6e92878e216ab1c5d85a1e2070381e84ef3ba5bd54d97,fa2f9e50fa19e608d73775a1ff94bb121f8e5633e82b45c8a1830fdf8c0b5bc0,5f3c9becf2e023e15723b377caec748556737532465a30ff1822add58126966d,2290ea38ac5f746c70e6e92878e216ab1c5d85a1e2070381e84ef3ba5bd54d97,True,fa2f9e50fa19e608d73775a1ff94bb121f8e5633e82b45c8a1830fdf8c0b5bc0,5f3c9becf2e023e15723b377caec748556737532465a30ff1822add58126966d,14,source_env0_color,16.61404800415039,True,,False
1,1,0.0468314215540885,2290ea38ac5f746c70e6e92878e216ab1c5d85a1e2070381e84ef3ba5bd54d97,fa66da86e354936e61c390b3ba284afa6a7703a143d1d445ac2606967599d996,4956ec94aefd24c98c8066db7a2ab72156e4af1929cc7fb290c28ab93a63402c,0.6309252977371216,True,IRMv1,2290ea38ac5f746c70e6e92878e216ab1c5d85a1e2070381e84ef3ba5bd54d97,d4841d84d893de7ea15b4b678fbf6f7ec036e859624a38e56576cdfb0eabe427,d6bcef42ca0926155c64c3ac5036cc2d784254535e744a468a0537c4a4500eb1,u001,2290ea38ac5f746c70e6e92878e216ab1c5d85a1e2070381e84ef3ba5bd54d97,774bddbc22e18eaeabf45f940918a57701aac3bafb5292ac40059424ad9f2bcb,1d7d9579c3c4598e8e211cf4a8640b03a3170f75da36214c78303513a65c3cdd,2290ea38ac5f746c70e6e92878e216ab1c5d85a1e2070381e84ef3ba5bd54d97,True,774bddbc22e18eaeabf45f940918a57701aac3bafb5292ac40059424ad9f2bcb,1d7d9579c3c4598e8e211cf4a8640b03a3170f75da36214c78303513a65c3cdd,14,source_env1_color,0.5295943021774292,True,,False
5,1,0.4892579019069671,2290ea38ac5f746c70e6e92878e216ab1c5d85a1e2070381e84ef3ba5bd54d97,7a9e9f4fec06b4a47688cf88928ecfcea9dfe767fde5ea4668bb9739fbd1df0e,cc8c39db65308cf6d711171e2c0af4daadf30c6a443add1f9014b374c5454f88,1.2390316724777222,True,IRMv1,2290ea38ac5f746c70e6e92878e216ab1c5d85a1e2070381e84ef3ba5bd54d97,3b04a424bbc6ad37b448449200dae5af497664e48ea9c47c01cc4490e0f224fe,317deab250a25639652a6269b216e705711ff553870cb9a6a137e595f3ab3a8b,u001,2290ea38ac5f746c70e6e92878e216ab1c5d85a1e2070381e84ef3ba5bd54d97,2db243064e53be46a87c6f9ac7a5d1a0dc51e85ef3b9de3073161ab5a24bf664,770e57cf567710ec71c29fe04f7b66ebd2bd1bd71792e6ac5e820f84864cb5ba,2290ea38ac5f746c70e6e92878e216ab1c5d85a1e2070381e84ef3ba5bd54d97,True,2db243064e53be46a87c6f9ac7a5d1a0dc51e85ef3b9de3073161ab5a24bf664,770e57cf567710ec71c29fe04f7b66ebd2bd1bd71792e6ac5e820f84864cb5ba,14,source_env1_color,1.0742982625961304,True,,False
20,1,3.641664505004883,2290ea38ac5f746c70e6e92878e216ab1c5d85a1e2070381e84ef3ba5bd54d97,b2459f8487fb0a5ee180d37bea7950849ceb7052e631ebab6a4387d07dd2f9c6,356468ea718024b5196674c2a818e25e511618b705c2ce776758e15ed4a67ba3,7.989100933074951,True,IRMv1,2290ea38ac5f746c70e6e92878e216ab1c5d85a1e2070381e84ef3ba5bd54d97,887ea21533b8184b8fac840bac7d7f87f4dbc1e5238465a40482cfd62f834466,e668e25ffa407dd275eee99490f640c7b0d102a5e6f2a46b0c8b5a43f20a844d,u001,2290ea38ac5f746c70e6e92878e216ab1c5d85a1e2070381e84ef3ba5bd54d97,1aedec20b872638e6fb4c418d75402422a8d19534a81d821e81f09d43562e8ee,410ef4421c07b7a5e182f66267951bcf2ebe001f7f0659be0250f8785caf5a05,2290ea38ac5f746c70e6e92878e216ab1c5d85a1e2070381e84ef3ba5bd54d97,True,1aedec20b872638e6fb4c418d75402422a8d19534a81d821e81f09d43562e8ee,410ef4421c07b7a5e182f66267951bcf2ebe001f7f0659be0250f8785caf5a05,14,source_env1_color,6.818136692047119,True,,False
1,2,0.0,2290ea38ac5f746c70e6e92878e216ab1c5d85a1e2070381e84ef3ba5bd54d97,fa66da86e354936e61c390b3ba284afa6a7703a143d1d445ac2606967599d996,4956ec94aefd24c98c8066db7a2ab72156e4af1929cc7fb290c28ab93a63402c,0.0,True,IRMv1,LINEAR_COMBINATION,LINEAR_COMBINATION,LINEAR_COMBINATION,u002,LINEAR_COMBINATION,LINEAR_COMBINATION,LINEAR_COMBINATION,LINEAR_COMBINATION,True,LINEAR_COMBINATION,LINEAR_COMBINATION,14,evaluation_color,0.0,False,,False
5,2,0.0,2290ea38ac5f746c70e6e92878e216ab1c5d85a1e2070381e84ef3ba5bd54d97,7a9e9f4fec06b4a47688cf88928ecfcea9dfe767fde5ea4668bb9739fbd1df0e,cc8c39db65308cf6d711171e2c0af4daadf30c6a443add1f9014b374c5454f88,0.0,True,IRMv1,LINEAR_COMBINATION,LINEAR_COMBINATION,LINEAR_COMBINATION,u002,LINEAR_COMBINATION,LINEAR_COMBINATION,LINEAR_COMBINATION,LINEAR_COMBINATION,True,LINEAR_COMBINATION,LINEAR_COMBINATION,14,evaluation_color,0.0,False,,False
20,2,0.0,2290ea38ac5f746c70e6e92878e216ab1c5d85a1e2070381e84ef3ba5bd54d97,b2459f8487fb0a5ee180d37bea7950849ceb7052e631ebab6a4387d07dd2f9c6,356468ea718024b5196674c2a818e25e511618b705c2ce776758e15ed4a67ba3,0.0,True,IRMv1,LINEAR_COMBINATION,LINEAR_COMBINATION,LINEAR_COMBINATION,u002,LINEAR_COMBINATION,LINEAR_COMBINATION,LINEAR_COMBINATION,LINEAR_COMBINATION,True,LINEAR_COMBINATION,LINEAR_COMBINATION,14,evaluation_color,0.0,False,,False
1,3,0.6124207377433777,2290ea38ac5f746c70e6e92878e216ab1c5d85a1e2070381e84ef3ba5bd54d97,fa66da86e354936e61c390b3ba284afa6a7703a143d1d445ac2606967599d996,4956ec94aefd24c98c8066db7a2ab72156e4af1929cc7fb290c28ab93a63402c,7.750745296478272,True,IRMv1,2290ea38ac5f746c70e6e92878e216ab1c5d85a1e2070381e84ef3ba5bd54d97,4eacee6f24fc1c9c420d0891d476742416a2bcb4036ca8b9ab989222a6ac54e7,67bf2844815419cebe70be54b9bfad5327626425149d1d4e44d012a527399481,u003,2290ea38ac5f746c70e6e92878e216ab1c5d85a1e2070381e84ef3ba5bd54d97,422e0f5f0a27fc33588d3fda9483e92b704a96bea3ce9b0dfaf1cac6f53a7dcb,98418304904f5e3476a9fa6a2f29078fd044467adf1dfa19381885eeefd877bb,2290ea38ac5f746c70e6e92878e216ab1c5d85a1e2070381e84ef3ba5bd54d97,True,422e0f5f0a27fc33588d3fda9483e92b704a96bea3ce9b0dfaf1cac6f53a7dcb,98418304904f5e3476a9fa6a2f29078fd044467adf1dfa19381885eeefd877bb,14,source_label_noise,6.460347652435303,True,,False
5,3,5.179582118988037,2290ea38ac5f746c70e6e92878e216ab1c5d85a1e2070381e84ef3ba5bd54d97,7a9e9f4fec06b4a47688cf88928ecfcea9dfe767fde5ea4668bb9739fbd1df0e,cc8c39db65308cf6d711171e2c0af4daadf30c6a443add1f9014b374c5454f88,55.97594451904297,True,IRMv1,2290ea38ac5f746c70e6e92878e216ab1c5d85a1e2070381e84ef3ba5bd54d97,e8f6d70c8f19dbfa63f56b20a4b0e9604342ddcb5556de1de618638b72a93454,d1c5b6ddc15b0bea3771133aefaefd716781859410dfeeaa9572f6fc0354b660,u003,2290ea38ac5f746c70e6e92878e216ab1c5d85a1e2070381e84ef3ba5bd54d97,0413edece19814975ffea3febebc65d37ec13193f84d1af91ec1fdabd37628e6,612b40332d7d3e13b2bc4a1a7b14b214fa9439e6ad230b9437990b49b51f34c4,2290ea38ac5f746c70e6e92878e216ab1c5d85a1e2070381e84ef3ba5bd54d97,True,0413edece19814975ffea3febebc65d37ec13193f84d1af91ec1fdabd37628e6,612b40332d7d3e13b2bc4a1a7b14b214fa9439e6ad230b9437990b49b51f34c4,14,source_label_noise,46.15104675292969,True,,False
20,3,7.767307758331299,2290ea38ac5f746c70e6e92878e216ab1c5d85a1e2070381e84ef3ba5bd54d97,b2459f8487fb0a5ee180d37bea7950849ceb7052e631ebab6a4387d07dd2f9c6,356468ea718024b5196674c2a818e25e511618b705c2ce776758e15ed4a67ba3,39.89081954956055,True,IRMv1,2290ea38ac5f746c70e6e92878e216ab1c5d85a1e2070381e84ef3ba5bd54d97,959b84f1e01f8a5a064ab50733cdd5e0984985df226cef565c1c6bde588e7f09,588fc402a2f193afad60f2cee55be199c8c00c6f6856d5d3a6caaa6b519ed59a,u003,2290ea38ac5f746c70e6e92878e216ab1c5d85a1e2070381e84ef3ba5bd54d97,8faf970c221ffa2d7c21711174f11ccf30506dd31b02837ab6780d53eca8adbf,721a7112d835365ae4f11fd48cbffd1da5cc8b666cb01a475bb8f6488261ebf0,2290ea38ac5f746c70e6e92878e216ab1c5d85a1e2070381e84ef3ba5bd54d97,True,8faf970c221ffa2d7c21711174f11ccf30506dd31b02837ab6780d53eca8adbf,721a7112d835365ae4f11fd48cbffd1da5cc8b666cb01a475bb8f6488261ebf0,14,source_label_noise,32.06291961669922,True,,False
1,4,0.0,2290ea38ac5f746c70e6e92878e216ab1c5d85a1e2070381e84ef3ba5bd54d97,fa66da86e354936e61c390b3ba284afa6a7703a143d1d445ac2606967599d996,4956ec94aefd24c98c8066db7a2ab72156e4af1929cc7fb290c28ab93a63402c,0.0,True,IRMv1,LINEAR_COMBINATION,LINEAR_COMBINATION,LINEAR_COMBINATION,u004,LINEAR_COMBINATION,LINEAR_COMBINATION,LINEAR_COMBINATION,LINEAR_COMBINATION,True,LINEAR_COMBINATION,LINEAR_COMBINATION,14,evaluation_label_noise,0.0,False,,False
5,4,0.0,2290ea38ac5f746c70e6e92878e216ab1c5d85a1e2070381e84ef3ba5bd54d97,7a9e9f4fec06b4a47688cf88928ecfcea9dfe767fde5ea4668bb9739fbd1df0e,cc8c39db65308cf6d711171e2c0af4daadf30c6a443add1f9014b374c5454f88,0.0,True,IRMv1,LINEAR_COMBINATION,LINEAR_COMBINATION,LINEAR_COMBINATION,u004,LINEAR_COMBINATION,LINEAR_COMBINATION,LINEAR_COMBINATION,LINEAR_COMBINATION,True,LINEAR_COMBINATION,LINEAR_COMBINATION,14,evaluation_label_noise,0.0,False,,False
20,4,0.0,2290ea38ac5f746c70e6e92878e216ab1c5d85a1e2070381e84ef3ba5bd54d97,b2459f8487fb0a5ee180d37bea7950849ceb7052e631ebab6a4387d07dd2f9c6,356468ea718024b5196674c2a818e25e511618b705c2ce776758e15ed4a67ba3,0.0,True,IRMv1,LINEAR_COMBINATION,LINEAR_COMBINATION,LINEAR_COMBINATION,u004,LINEAR_COMBINATION,LINEAR_COMBINATION,LINEAR_COMBINATION,LINEAR_COMBINATION,True,LINEAR_COMBINATION,LINEAR_COMBINATION,14,evaluation_label_noise,0.0,False,,False
1,-1,0.0257376264780759,2290ea38ac5f746c70e6e92878e216ab1c5d85a1e2070381e84ef3ba5bd54d97,fa66da86e354936e61c390b3ba284afa6a7703a143d1d445ac2606967599d996,4956ec94aefd24c98c8066db7a2ab72156e4af1929cc7fb290c28ab93a63402c,0.6110159754753113,True,IRMv1,LINEAR_COMBINATION,LINEAR_COMBINATION,LINEAR_COMBINATION,u005,LINEAR_COMBINATION,LINEAR_COMBINATION,LINEAR_COMBINATION,LINEAR_COMBINATION,True,LINEAR_COMBINATION,LINEAR_COMBINATION,14,source_color_common,0.5097932815551758,True,,False
5,-1,1.0760512351989746,2290ea38ac5f746c70e6e92878e216ab1c5d85a1e2070381e84ef3ba5bd54d97,7a9e9f4fec06b4a47688cf88928ecfcea9dfe767fde5ea4668bb9739fbd1df0e,cc8c39db65308cf6d711171e2c0af4daadf30c6a443add1f9014b374c5454f88,3.161604642868042,True,IRMv1,LINEAR_COMBINATION,LINEAR_COMBINATION,LINEAR_COMBINATION,u005,LINEAR_COMBINATION,LINEAR_COMBINATION,LINEAR_COMBINATION,LINEAR_COMBINATION,True,LINEAR_COMBINATION,LINEAR_COMBINATION,14,source_color_common,2.7299911975860596,True,,False
20,-1,3.4128928184509277,2290ea38ac5f746c70e6e92878e216ab1c5d85a1e2070381e84ef3ba5bd54d97,b2459f8487fb0a5ee180d37bea7950849ceb7052e631ebab6a4387d07dd2f9c6,356468ea718024b5196674c2a818e25e511618b705c2ce776758e15ed4a67ba3,14.294805526733398,True,IRMv1,LINEAR_COMBINATION,LINEAR_COMBINATION,LINEAR_COMBINATION,u005,LINEAR_COMBINATION,LINEAR_COMBINATION,LINEAR_COMBINATION,LINEAR_COMBINATION,True,LINEAR_COMBINATION,LINEAR_COMBINATION,14,source_color_common,12.130951881408691,True,,False
1,-1,0.0448532402515411,2290ea38ac5f746c70e6e92878e216ab1c5d85a1e2070381e84ef3ba5bd54d97,fa66da86e354936e61c390b3ba284afa6a7703a143d1d445ac2606967599d996,4956ec94aefd24c98c8066db7a2ab72156e4af1929cc7fb290c28ab93a63402c,0.2861516177654266,True,IRMv1,LINEAR_COMBINATION,LINEAR_COMBINATION,LINEAR_COMBINATION,u006,LINEAR_COMBINATION,LINEAR_COMBINATION,LINEAR_COMBINATION,LINEAR_COMBINATION,True,LINEAR_COMBINATION,LINEAR_COMBINATION,14,source_color_contrast,0.2438064664602279,True,,False
5,-1,0.3849532902240753,2290ea38ac5f746c70e6e92878e216ab1c5d85a1e2070381e84ef3ba5bd54d97,7a9e9f4fec06b4a47688cf88928ecfcea9dfe767fde5ea4668bb9739fbd1df0e,cc8c39db65308cf6d711171e2c0af4daadf30c6a443add1f9014b374c5454f88,1.4319685697555542,True,IRMv1,LINEAR_COMBINATION,LINEAR_COMBINATION,LINEAR_COMBINATION,u006,LINEAR_COMBINATION,LINEAR_COMBINATION,LINEAR_COMBINATION,LINEAR_COMBINATION,True,LINEAR_COMBINATION,LINEAR_COMBINATION,14,source_color_contrast,1.232913374900818,True,,False
20,-1,8.518579483032227,2290ea38ac5f746c70e6e92878e216ab1c5d85a1e2070381e84ef3ba5bd54d97,b2459f8487fb0a5ee180d37bea7950849ceb7052e631ebab6a4387d07dd2f9c6,356468ea718024b5196674c2a818e25e511618b705c2ce776758e15ed4a67ba3,14.950834274291992,True,IRMv1,LINEAR_COMBINATION,LINEAR_COMBINATION,LINEAR_COMBINATION,u006,LINEAR_COMBINATION,LINEAR_COMBINATION,LINEAR_COMBINATION,LINEAR_COMBINATION,True,LINEAR_COMBINATION,LINEAR_COMBINATION,14,source_color_contrast,13.242114067077637,True,,False
1,-1,0.0181992501020431,2290ea38ac5f746c70e6e92878e216ab1c5d85a1e2070381e84ef3ba5bd54d97,fa66da86e354936e61c390b3ba284afa6a7703a143d1d445ac2606967599d996,4956ec94aefd24c98c8066db7a2ab72156e4af1929cc7fb290c28ab93a63402c,0.4320535659790039,True,IRMv1,LINEAR_COMBINATION,LINEAR_COMBINATION,LINEAR_COMBINATION,u007,LINEAR_COMBINATION,LINEAR_COMBINATION,LINEAR_COMBINATION,LINEAR_COMBINATION,True,LINEAR_COMBINATION,LINEAR_COMBINATION,14,color_global,0.3604782819747925,False,,False
5,-1,0.7608831524848938,2290ea38ac5f746c70e6e92878e216ab1c5d85a1e2070381e84ef3ba5bd54d97,7a9e9f4fec06b4a47688cf88928ecfcea9dfe767fde5ea4668bb9739fbd1df0e,cc8c39db65308cf6d711171e2c0af4daadf30c6a443add1f9014b374c5454f88,2.2355921268463135,True,IRMv1,LINEAR_COMBINATION,LINEAR_COMBINATION,LINEAR_COMBINATION,u007,LINEAR_COMBINATION,LINEAR_COMBINATION,LINEAR_COMBINATION,LINEAR_COMBINATION,True,LINEAR_COMBINATION,LINEAR_COMBINATION,14,color_global,1.9303953647613523,False,,False
20,-1,2.4132797718048096,2290ea38ac5f746c70e6e92878e216ab1c5d85a1e2070381e84ef3ba5bd54d97,b2459f8487fb0a5ee180d37bea7950849ceb7052e631ebab6a4387d07dd2f9c6,356468ea718024b5196674c2a818e25e511618b705c2ce776758e15ed4a67ba3,10.107954025268556,True,IRMv1,LINEAR_COMBINATION,LINEAR_COMBINATION,LINEAR_COMBINATION,u007,LINEAR_COMBINATION,LINEAR_COMBINATION,LINEAR_COMBINATION,LINEAR_COMBINATION,True,LINEAR_COMBINATION,LINEAR_COMBINATION,14,color_global,8.577878952026367,False,,False
1,-1,0.0181992501020431,2290ea38ac5f746c70e6e92878e216ab1c5d85a1e2070381e84ef3ba5bd54d97,fa66da86e354936e61c390b3ba284afa6a7703a143d1d445ac2606967599d996,4956ec94aefd24c98c8066db7a2ab72156e4af1929cc7fb290c28ab93a63402c,0.4320535659790039,True,IRMv1,LINEAR_COMBINATION,LINEAR_COMBINATION,LINEAR_COMBINATION,u008,LINEAR_COMBINATION,LINEAR_COMBINATION,LINEAR_COMBINATION,LINEAR_COMBINATION,True,LINEAR_COMBINATION,LINEAR_COMBINATION,14,color_shift,0.3604782819747925,False,,False
5,-1,0.7608831524848938,2290ea38ac5f746c70e6e92878e216ab1c5d85a1e2070381e84ef3ba5bd54d97,7a9e9f4fec06b4a47688cf88928ecfcea9dfe767fde5ea4668bb9739fbd1df0e,cc8c39db65308cf6d711171e2c0af4daadf30c6a443add1f9014b374c5454f88,2.2355921268463135,True,IRMv1,LINEAR_COMBINATION,LINEAR_COMBINATION,LINEAR_COMBINATION,u008,LINEAR_COMBINATION,LINEAR_COMBINATION,LINEAR_COMBINATION,LINEAR_COMBINATION,True,LINEAR_COMBINATION,LINEAR_COMBINATION,14,color_shift,1.9303953647613523,False,,False
20,-1,2.4132797718048096,2290ea38ac5f746c70e6e92878e216ab1c5d85a1e2070381e84ef3ba5bd54d97,b2459f8487fb0a5ee180d37bea7950849ceb7052e631ebab6a4387d07dd2f9c6,356468ea718024b5196674c2a818e25e511618b705c2ce776758e15ed4a67ba3,10.107954025268556,True,IRMv1,LINEAR_COMBINATION,LINEAR_COMBINATION,LINEAR_COMBINATION,u008,LINEAR_COMBINATION,LINEAR_COMBINATION,LINEAR_COMBINATION,LINEAR_COMBINATION,True,LINEAR_COMBINATION,LINEAR_COMBINATION,14,color_shift,8.577878952026367,False,,False
1,-1,0.4330468475818634,2290ea38ac5f746c70e6e92878e216ab1c5d85a1e2070381e84ef3ba5bd54d97,fa66da86e354936e61c390b3ba284afa6a7703a143d1d445ac2606967599d996,4956ec94aefd24c98c8066db7a2ab72156e4af1929cc7fb290c28ab93a63402c,5.480604648590088,True,IRMv1,LINEAR_COMBINATION,LINEAR_COMBINATION,LINEAR_COMBINATION,u009,LINEAR_COMBINATION,LINEAR_COMBINATION,LINEAR_COMBINATION,LINEAR_COMBINATION,True,LINEAR_COMBINATION,LINEAR_COMBINATION,14,noise_global,4.568155765533447,False,,False
5,-1,3.662517547607422,2290ea38ac5f746c70e6e92878e216ab1c5d85a1e2070381e84ef3ba5bd54d97,7a9e9f4fec06b4a47688cf88928ecfcea9dfe767fde5ea4668bb9739fbd1df0e,cc8c39db65308cf6d711171e2c0af4daadf30c6a443add1f9014b374c5454f88,39.58097076416016,True,IRMv1,LINEAR_COMBINATION,LINEAR_COMBINATION,LINEAR_COMBINATION,u009,LINEAR_COMBINATION,LINEAR_COMBINATION,LINEAR_COMBINATION,LINEAR_COMBINATION,True,LINEAR_COMBINATION,LINEAR_COMBINATION,14,noise_global,32.63372039794922,False,,False
20,-1,5.492315769195557,2290ea38ac5f746c70e6e92878e216ab1c5d85a1e2070381e84ef3ba5bd54d97,b2459f8487fb0a5ee180d37bea7950849ceb7052e631ebab6a4387d07dd2f9c6,356468ea718024b5196674c2a818e25e511618b705c2ce776758e15ed4a67ba3,28.20706558227539,True,IRMv1,LINEAR_COMBINATION,LINEAR_COMBINATION,LINEAR_COMBINATION,u009,LINEAR_COMBINATION,LINEAR_COMBINATION,LINEAR_COMBINATION,LINEAR_COMBINATION,True,LINEAR_COMBINATION,LINEAR_COMBINATION,14,noise_global,22.67190933227539,False,,False
1,-1,0.4330468475818634,2290ea38ac5f746c70e6e92878e216ab1c5d85a1e2070381e84ef3ba5bd54d97,fa66da86e354936e61c390b3ba284afa6a7703a143d1d445ac2606967599d996,4956ec94aefd24c98c8066db7a2ab72156e4af1929cc7fb290c28ab93a63402c,5.480604648590088,True,IRMv1,LINEAR_COMBINATION,LINEAR_COMBINATION,LINEAR_COMBINATION,u010,LINEAR_COMBINATION,LINEAR_COMBINATION,LINEAR_COMBINATION,LINEAR_COMBINATION,True,LINEAR_COMBINATION,LINEAR_COMBINATION,14,noise_shift,4.568155765533447,False,,False
5,-1,3.662517547607422,2290ea38ac5f746c70e6e92878e216ab1c5d85a1e2070381e84ef3ba5bd54d97,7a9e9f4fec06b4a47688cf88928ecfcea9dfe767fde5ea4668bb9739fbd1df0e,cc8c39db65308cf6d711171e2c0af4daadf30c6a443add1f9014b374c5454f88,39.58097076416016,True,IRMv1,LINEAR_COMBINATION,LINEAR_COMBINATION,LINEAR_COMBINATION,u010,LINEAR_COMBINATION,LINEAR_COMBINATION,LINEAR_COMBINATION,LINEAR_COMBINATION,True,LINEAR_COMBINATION,LINEAR_COMBINATION,14,noise_shift,32.63372039794922,False,,False
20,-1,5.492315769195557,2290ea38ac5f746c70e6e92878e216ab1c5d85a1e2070381e84ef3ba5bd54d97,b2459f8487fb0a5ee180d37bea7950849ceb7052e631ebab6a4387d07dd2f9c6,356468ea718024b5196674c2a818e25e511618b705c2ce776758e15ed4a67ba3,28.20706558227539,True,IRMv1,LINEAR_COMBINATION,LINEAR_COMBINATION,LINEAR_COMBINATION,u010,LINEAR_COMBINATION,LINEAR_COMBINATION,LINEAR_COMBINATION,LINEAR_COMBINATION,True,LINEAR_COMBINATION,LINEAR_COMBINATION,14,noise_shift,22.67190933227539,False,,False
1,0,0.0349869690835475,1a993db1d54a35d69e8b041ffb80e8f6b2b88754faf77c301c30fe271983a4ff,719a4ade1798a6ba552421d1d3035f5dc2442459fef7770d3ba3fa87274d9e9c,4e214353f435093124d778de52fec603b07cb8e86b6f9fe594764b2ca16a3b57,0.3667469322681427,True,VREX,1a993db1d54a35d69e8b041ffb80e8f6b2b88754faf77c301c30fe271983a4ff,3309c04abaeb94ed251ba0e6efb32779799ad73512f65bf163f553447a2fb6ad,57574242772bef14bc0beab25d32ce4bc1b3fc430a8d37fe882398b1b076ec54,u000,1a993db1d54a35d69e8b041ffb80e8f6b2b88754faf77c301c30fe271983a4ff,5212a7efc750cdba149223c0ce31cfc3493c80b95a58e5d3cd486c233e477e89,bada64d9c6f4411731d41f628c076c4a94cf77c560499b54c2ba2c9385d24006,1a993db1d54a35d69e8b041ffb80e8f6b2b88754faf77c301c30fe271983a4ff,True,5212a7efc750cdba149223c0ce31cfc3493c80b95a58e5d3cd486c233e477e89,bada64d9c6f4411731d41f628c076c4a94cf77c560499b54c2ba2c9385d24006,14,source_env0_color,0.2981587946414947,True,,False
5,0,0.8244905471801758,1a993db1d54a35d69e8b041ffb80e8f6b2b88754faf77c301c30fe271983a4ff,22e2d807b9b07b747574037ea417ca31e87de42e04a7e6528bc522dea2ba906e,30330bbfad1072ba9d97e5bf6cb307766c6f8dbc5e949d6e882d0624e04abdbb,5.855380058288574,True,VREX,1a993db1d54a35d69e8b041ffb80e8f6b2b88754faf77c301c30fe271983a4ff,ff31716fb2c20c6f7842df01780d0020d4abed828af0d0943d3f55d2ab458acc,4527faedefee1077ce8a86fad2c1ba5d4c693f6225570304876835c909f734f2,u000,1a993db1d54a35d69e8b041ffb80e8f6b2b88754faf77c301c30fe271983a4ff,eb8b6bd9fe79662b3c60c6d19a96c22a2573f9e1b2557a0a4ace19c78bd4669c,3aef1fee3a558490a87f414bdce40def1ff77882ba6ba686e9acfa9c4320305d,1a993db1d54a35d69e8b041ffb80e8f6b2b88754faf77c301c30fe271983a4ff,True,eb8b6bd9fe79662b3c60c6d19a96c22a2573f9e1b2557a0a4ace19c78bd4669c,3aef1fee3a558490a87f414bdce40def1ff77882ba6ba686e9acfa9c4320305d,14,source_env0_color,4.801637172698975,True,,False
20,0,1.43900465965271,1a993db1d54a35d69e8b041ffb80e8f6b2b88754faf77c301c30fe271983a4ff,ee40ed4446b1fc3ef7c817ff1a2b452700a598f7fa4e7c00d1d56df92a5a6156,0f33f407524ab7448883793f5d0be46fc0aa3d8339dbbcb6ff6f0d722c4aebda,4.694604873657227,True,VREX,1a993db1d54a35d69e8b041ffb80e8f6b2b88754faf77c301c30fe271983a4ff,24f560898ecf8744662b62bf247385166d72a953b345f59a02fc6e01d57ab374,8e9bfea591275024f1daf952a729b89457483ae81967e01c52a032da5887845c,u000,1a993db1d54a35d69e8b041ffb80e8f6b2b88754faf77c301c30fe271983a4ff,4f724f4a9692a6e4e46267d6ad7988bfa453ba6ebcc776564df43b1082390302,d773e2bd858173495e01d13a0aafd64539bb6cbbc73b4eb83f39b1b2d7bddf83,1a993db1d54a35d69e8b041ffb80e8f6b2b88754faf77c301c30fe271983a4ff,True,4f724f4a9692a6e4e46267d6ad7988bfa453ba6ebcc776564df43b1082390302,d773e2bd858173495e01d13a0aafd64539bb6cbbc73b4eb83f39b1b2d7bddf83,14,source_env0_color,3.778863668441773,True,,False
1,1,0.0326432399451732,1a993db1d54a35d69e8b041ffb80e8f6b2b88754faf77c301c30fe271983a4ff,719a4ade1798a6ba552421d1d3035f5dc2442459fef7770d3ba3fa87274d9e9c,4e214353f435093124d778de52fec603b07cb8e86b6f9fe594764b2ca16a3b57,0.3437372744083404,True,VREX,1a993db1d54a35d69e8b041ffb80e8f6b2b88754faf77c301c30fe271983a4ff,e4329248c5bb635fc2b92221ed2e60e2e6e75a0021b7773570e603873fe3099e,54b75125734e40c46bef4629555a982aa0fb6346896d6eb92a3997c5cecec5b1,u001,1a993db1d54a35d69e8b041ffb80e8f6b2b88754faf77c301c30fe271983a4ff,3d5a1ace64837b238e4c973e859e83a45151788113c7915d10bf5649eb28e2c2,82f3da0c8117fa64f21468184ea89647987326aa05a3352459658e8560b2476b,1a993db1d54a35d69e8b041ffb80e8f6b2b88754faf77c301c30fe271983a4ff,True,3d5a1ace64837b238e4c973e859e83a45151788113c7915d10bf5649eb28e2c2,82f3da0c8117fa64f21468184ea89647987326aa05a3352459658e8560b2476b,14,source_env1_color,0.2793806195259094,True,,False
5,1,0.7823423147201538,1a993db1d54a35d69e8b041ffb80e8f6b2b88754faf77c301c30fe271983a4ff,22e2d807b9b07b747574037ea417ca31e87de42e04a7e6528bc522dea2ba906e,30330bbfad1072ba9d97e5bf6cb307766c6f8dbc5e949d6e882d0624e04abdbb,5.532821178436279,True,VREX,1a993db1d54a35d69e8b041ffb80e8f6b2b88754faf77c301c30fe271983a4ff,b16a635dbced7bb3f25e6ed5409f4a2970e9a7b91d99e95e46596f52a4abfb77,62ae33e03d6e15382134b624d18c15b229efd13aee5b5dfbbe7dbd970f5a24a7,u001,1a993db1d54a35d69e8b041ffb80e8f6b2b88754faf77c301c30fe271983a4ff,a5c2e541797670c333c1ac39da57fa4d5e484dc3c95b26701ee859e4374abc12,0220ee65240897a609b426cf3cf89552dc65ee5037c51c36a48470efea7b6965,1a993db1d54a35d69e8b041ffb80e8f6b2b88754faf77c301c30fe271983a4ff,True,a5c2e541797670c333c1ac39da57fa4d5e484dc3c95b26701ee859e4374abc12,0220ee65240897a609b426cf3cf89552dc65ee5037c51c36a48470efea7b6965,14,source_env1_color,4.536652565002441,True,,False
20,1,1.357540249824524,1a993db1d54a35d69e8b041ffb80e8f6b2b88754faf77c301c30fe271983a4ff,ee40ed4446b1fc3ef7c817ff1a2b452700a598f7fa4e7c00d1d56df92a5a6156,0f33f407524ab7448883793f5d0be46fc0aa3d8339dbbcb6ff6f0d722c4aebda,4.498404026031494,True,VREX,1a993db1d54a35d69e8b041ffb80e8f6b2b88754faf77c301c30fe271983a4ff,f067b64d4dafcf421e3485a572ed42ac7550f06f672499134eae0b54684742e4,88e3f53627d29456cec6776c418dc2b69f7a61dcbd16697a1d5badb91f3a73cf,u001,1a993db1d54a35d69e8b041ffb80e8f6b2b88754faf77c301c30fe271983a4ff,a6594d895874f81868b6ee7dc2c45acad71816e1e9e126635d37aa13e95405a9,fccfea28c504dfa24694bc3f562f37f08ee25c038529366d607facb3794690b0,1a993db1d54a35d69e8b041ffb80e8f6b2b88754faf77c301c30fe271983a4ff,True,a6594d895874f81868b6ee7dc2c45acad71816e1e9e126635d37aa13e95405a9,fccfea28c504dfa24694bc3f562f37f08ee25c038529366d607facb3794690b0,14,source_env1_color,3.631616353988647,True,,False
1,2,0.0,1a993db1d54a35d69e8b041ffb80e8f6b2b88754faf77c301c30fe271983a4ff,719a4ade1798a6ba552421d1d3035f5dc2442459fef7770d3ba3fa87274d9e9c,4e214353f435093124d778de52fec603b07cb8e86b6f9fe594764b2ca16a3b57,0.0,True,VREX,LINEAR_COMBINATION,LINEAR_COMBINATION,LINEAR_COMBINATION,u002,LINEAR_COMBINATION,LINEAR_COMBINATION,LINEAR_COMBINATION,LINEAR_COMBINATION,True,LINEAR_COMBINATION,LINEAR_COMBINATION,14,evaluation_color,0.0,False,,False
5,2,0.0,1a993db1d54a35d69e8b041ffb80e8f6b2b88754faf77c301c30fe271983a4ff,22e2d807b9b07b747574037ea417ca31e87de42e04a7e6528bc522dea2ba906e,30330bbfad1072ba9d97e5bf6cb307766c6f8dbc5e949d6e882d0624e04abdbb,0.0,True,VREX,LINEAR_COMBINATION,LINEAR_COMBINATION,LINEAR_COMBINATION,u002,LINEAR_COMBINATION,LINEAR_COMBINATION,LINEAR_COMBINATION,LINEAR_COMBINATION,True,LINEAR_COMBINATION,LINEAR_COMBINATION,14,evaluation_color,0.0,False,,False
20,2,0.0,1a993db1d54a35d69e8b041ffb80e8f6b2b88754faf77c301c30fe271983a4ff,ee40ed4446b1fc3ef7c817ff1a2b452700a598f7fa4e7c00d1d56df92a5a6156,0f33f407524ab7448883793f5d0be46fc0aa3d8339dbbcb6ff6f0d722c4aebda,0.0,True,VREX,LINEAR_COMBINATION,LINEAR_COMBINATION,LINEAR_COMBINATION,u002,LINEAR_COMBINATION,LINEAR_COMBINATION,LINEAR_COMBINATION,LINEAR_COMBINATION,True,LINEAR_COMBINATION,LINEAR_COMBINATION,14,evaluation_color,0.0,False,,False
1,3,0.0284175220876932,1a993db1d54a35d69e8b041ffb80e8f6b2b88754faf77c301c30fe271983a4ff,719a4ade1798a6ba552421d1d3035f5dc2442459fef7770d3ba3fa87274d9e9c,4e214353f435093124d778de52fec603b07cb8e86b6f9fe594764b2ca16a3b57,0.0524338521063327,True,VREX,1a993db1d54a35d69e8b041ffb80e8f6b2b88754faf77c301c30fe271983a4ff,90e4f6f3aaac9e0930578fbe802d76b560d37ac657b8f8c81d12f5718cc7906c,79cda34a42748261232804ea42ee0c7c3c3069b3c6826bca71424d55bb33fa7c,u003,1a993db1d54a35d69e8b041ffb80e8f6b2b88754faf77c301c30fe271983a4ff,410a1940eae8158187585fcdfeb413dc877c7d27e0bafd2ed67529f902fd4aaa,bf9dc488f62047b43910bbe31d3642e7f71d750f9044612efd59b247f8ed8243,1a993db1d54a35d69e8b041ffb80e8f6b2b88754faf77c301c30fe271983a4ff,True,410a1940eae8158187585fcdfeb413dc877c7d27e0bafd2ed67529f902fd4aaa,bf9dc488f62047b43910bbe31d3642e7f71d750f9044612efd59b247f8ed8243,14,source_label_noise,0.0401878058910369,True,,False
5,3,0.0440053530037403,1a993db1d54a35d69e8b041ffb80e8f6b2b88754faf77c301c30fe271983a4ff,22e2d807b9b07b747574037ea417ca31e87de42e04a7e6528bc522dea2ba906e,30330bbfad1072ba9d97e5bf6cb307766c6f8dbc5e949d6e882d0624e04abdbb,0.4024820625782013,True,VREX,1a993db1d54a35d69e8b041ffb80e8f6b2b88754faf77c301c30fe271983a4ff,2b8f70fd9afce55d57d765b33cc729f0418468f55e5918ff7967154060081a89,f8c31bb28b63d78838863952eff08ad413774766edc5b7567df60167f2dba826,u003,1a993db1d54a35d69e8b041ffb80e8f6b2b88754faf77c301c30fe271983a4ff,fd10f75e6405915362f8c10f4ab8b2afbd7a4f0f03b0e171ac8a8537a80dac26,932c207b3b12bc2168e5c4acdea863bc28f8c3aa7b408d26f504411bbcc24753,1a993db1d54a35d69e8b041ffb80e8f6b2b88754faf77c301c30fe271983a4ff,True,fd10f75e6405915362f8c10f4ab8b2afbd7a4f0f03b0e171ac8a8537a80dac26,932c207b3b12bc2168e5c4acdea863bc28f8c3aa7b408d26f504411bbcc24753,14,source_label_noise,0.3144532442092895,True,,False
20,3,0.6464250087738037,1a993db1d54a35d69e8b041ffb80e8f6b2b88754faf77c301c30fe271983a4ff,ee40ed4446b1fc3ef7c817ff1a2b452700a598f7fa4e7c00d1d56df92a5a6156,0f33f407524ab7448883793f5d0be46fc0aa3d8339dbbcb6ff6f0d722c4aebda,1.1432124376296997,True,VREX,1a993db1d54a35d69e8b041ffb80e8f6b2b88754faf77c301c30fe271983a4ff,c2572e0b6ed1c59cb11405209a43d8fc8f48bcb9c60cf80bd7e20ecf0ade9da4,0e7f873ab7bb9aa45465d541b3433e109db5ee93802b5c5b40c697dad576475f,u003,1a993db1d54a35d69e8b041ffb80e8f6b2b88754faf77c301c30fe271983a4ff,4a222f6f2ecda986adb010fb96eac58836329400861e87f92b472481b3f928cb,5f904378607c90bdc8c636cdbe344414a31f54dac81c895af39c710724b21570,1a993db1d54a35d69e8b041ffb80e8f6b2b88754faf77c301c30fe271983a4ff,True,4a222f6f2ecda986adb010fb96eac58836329400861e87f92b472481b3f928cb,5f904378607c90bdc8c636cdbe344414a31f54dac81c895af39c710724b21570,14,source_label_noise,0.9191840887069702,True,,False
1,4,0.0,1a993db1d54a35d69e8b041ffb80e8f6b2b88754faf77c301c30fe271983a4ff,719a4ade1798a6ba552421d1d3035f5dc2442459fef7770d3ba3fa87274d9e9c,4e214353f435093124d778de52fec603b07cb8e86b6f9fe594764b2ca16a3b57,0.0,True,VREX,LINEAR_COMBINATION,LINEAR_COMBINATION,LINEAR_COMBINATION,u004,LINEAR_COMBINATION,LINEAR_COMBINATION,LINEAR_COMBINATION,LINEAR_COMBINATION,True,LINEAR_COMBINATION,LINEAR_COMBINATION,14,evaluation_label_noise,0.0,False,,False
5,4,0.0,1a993db1d54a35d69e8b041ffb80e8f6b2b88754faf77c301c30fe271983a4ff,22e2d807b9b07b747574037ea417ca31e87de42e04a7e6528bc522dea2ba906e,30330bbfad1072ba9d97e5bf6cb307766c6f8dbc5e949d6e882d0624e04abdbb,0.0,True,VREX,LINEAR_COMBINATION,LINEAR_COMBINATION,LINEAR_COMBINATION,u004,LINEAR_COMBINATION,LINEAR_COMBINATION,LINEAR_COMBINATION,LINEAR_COMBINATION,True,LINEAR_COMBINATION,LINEAR_COMBINATION,14,evaluation_label_noise,0.0,False,,False
20,4,0.0,1a993db1d54a35d69e8b041ffb80e8f6b2b88754faf77c301c30fe271983a4ff,ee40ed4446b1fc3ef7c817ff1a2b452700a598f7fa4e7c00d1d56df92a5a6156,0f33f407524ab7448883793f5d0be46fc0aa3d8339dbbcb6ff6f0d722c4aebda,0.0,True,VREX,LINEAR_COMBINATION,LINEAR_COMBINATION,LINEAR_COMBINATION,u004,LINEAR_COMBINATION,LINEAR_COMBINATION,LINEAR_COMBINATION,LINEAR_COMBINATION,True,LINEAR_COMBINATION,LINEAR_COMBINATION,14,evaluation_label_noise,0.0,False,,False
1,-1,0.002056966535747,1a993db1d54a35d69e8b041ffb80e8f6b2b88754faf77c301c30fe271983a4ff,719a4ade1798a6ba552421d1d3035f5dc2442459fef7770d3ba3fa87274d9e9c,4e214353f435093124d778de52fec603b07cb8e86b6f9fe594764b2ca16a3b57,0.0165048278868198,True,VREX,LINEAR_COMBINATION,LINEAR_COMBINATION,LINEAR_COMBINATION,u005,LINEAR_COMBINATION,LINEAR_COMBINATION,LINEAR_COMBINATION,LINEAR_COMBINATION,True,LINEAR_COMBINATION,LINEAR_COMBINATION,14,source_color_common,0.0134713090956211,True,,False
5,-1,0.0305667575448751,1a993db1d54a35d69e8b041ffb80e8f6b2b88754faf77c301c30fe271983a4ff,22e2d807b9b07b747574037ea417ca31e87de42e04a7e6528bc522dea2ba906e,30330bbfad1072ba9d97e5bf6cb307766c6f8dbc5e949d6e882d0624e04abdbb,0.2293115556240081,True,VREX,LINEAR_COMBINATION,LINEAR_COMBINATION,LINEAR_COMBINATION,u005,LINEAR_COMBINATION,LINEAR_COMBINATION,LINEAR_COMBINATION,LINEAR_COMBINATION,True,LINEAR_COMBINATION,LINEAR_COMBINATION,14,source_color_common,0.1883603781461715,True,,False
20,-1,0.077390432357788,1a993db1d54a35d69e8b041ffb80e8f6b2b88754faf77c301c30fe271983a4ff,ee40ed4446b1fc3ef7c817ff1a2b452700a598f7fa4e7c00d1d56df92a5a6156,0f33f407524ab7448883793f5d0be46fc0aa3d8339dbbcb6ff6f0d722c4aebda,0.1938909739255905,True,VREX,LINEAR_COMBINATION,LINEAR_COMBINATION,LINEAR_COMBINATION,u005,LINEAR_COMBINATION,LINEAR_COMBINATION,LINEAR_COMBINATION,LINEAR_COMBINATION,True,LINEAR_COMBINATION,LINEAR_COMBINATION,14,source_color_common,0.1565890163183212,True,,False
1,-1,0.0478062555193901,1a993db1d54a35d69e8b041ffb80e8f6b2b88754faf77c301c30fe271983a4ff,719a4ade1798a6ba552421d1d3035f5dc2442459fef7770d3ba3fa87274d9e9c,4e214353f435093124d778de52fec603b07cb8e86b6f9fe594764b2ca16a3b57,0.5023804903030396,True,VREX,LINEAR_COMBINATION,LINEAR_COMBINATION,LINEAR_COMBINATION,u006,LINEAR_COMBINATION,LINEAR_COMBINATION,LINEAR_COMBINATION,LINEAR_COMBINATION,True,LINEAR_COMBINATION,LINEAR_COMBINATION,14,source_color_contrast,0.4083757102489471,True,,False
5,-1,1.1361820697784424,1a993db1d54a35d69e8b041ffb80e8f6b2b88754faf77c301c30fe271983a4ff,22e2d807b9b07b747574037ea417ca31e87de42e04a7e6528bc522dea2ba906e,30330bbfad1072ba9d97e5bf6cb307766c6f8dbc5e949d6e882d0624e04abdbb,8.052638053894043,True,VREX,LINEAR_COMBINATION,LINEAR_COMBINATION,LINEAR_COMBINATION,u006,LINEAR_COMBINATION,LINEAR_COMBINATION,LINEAR_COMBINATION,LINEAR_COMBINATION,True,LINEAR_COMBINATION,LINEAR_COMBINATION,14,source_color_contrast,6.603139877319336,True,,False
20,-1,1.9767802953720093,1a993db1d54a35d69e8b041ffb80e8f6b2b88754faf77c301c30fe271983a4ff,ee40ed4446b1fc3ef7c817ff1a2b452700a598f7fa4e7c00d1d56df92a5a6156,0f33f407524ab7448883793f5d0be46fc0aa3d8339dbbcb6ff6f0d722c4aebda,6.499026775360107,True,VREX,LINEAR_COMBINATION,LINEAR_COMBINATION,LINEAR_COMBINATION,u006,LINEAR_COMBINATION,LINEAR_COMBINATION,LINEAR_COMBINATION,LINEAR_COMBINATION,True,LINEAR_COMBINATION,LINEAR_COMBINATION,14,source_color_contrast,5.23869514465332,True,,False
1,-1,0.0014544951263815,1a993db1d54a35d69e8b041ffb80e8f6b2b88754faf77c301c30fe271983a4ff,719a4ade1798a6ba552421d1d3035f5dc2442459fef7770d3ba3fa87274d9e9c,4e214353f435093124d778de52fec603b07cb8e86b6f9fe594764b2ca16a3b57,0.0116706760600209,True,VREX,LINEAR_COMBINATION,LINEAR_COMBINATION,LINEAR_COMBINATION,u007,LINEAR_COMBINATION,LINEAR_COMBINATION,LINEAR_COMBINATION,LINEAR_COMBINATION,True,LINEAR_COMBINATION,LINEAR_COMBINATION,14,color_global,0.0095256548374891,False,,False
5,-1,0.0216139629483222,1a993db1d54a35d69e8b041ffb80e8f6b2b88754faf77c301c30fe271983a4ff,22e2d807b9b07b747574037ea417ca31e87de42e04a7e6528bc522dea2ba906e,30330bbfad1072ba9d97e5bf6cb307766c6f8dbc5e949d6e882d0624e04abdbb,0.1621477603912353,True,VREX,LINEAR_COMBINATION,LINEAR_COMBINATION,LINEAR_COMBINATION,u007,LINEAR_COMBINATION,LINEAR_COMBINATION,LINEAR_COMBINATION,LINEAR_COMBINATION,True,LINEAR_COMBINATION,LINEAR_COMBINATION,14,color_global,0.1331908851861953,False,,False
20,-1,0.0547233000397682,1a993db1d54a35d69e8b041ffb80e8f6b2b88754faf77c301c30fe271983a4ff,ee40ed4446b1fc3ef7c817ff1a2b452700a598f7fa4e7c00d1d56df92a5a6156,0f33f407524ab7448883793f5d0be46fc0aa3d8339dbbcb6ff6f0d722c4aebda,0.1371016204357147,True,VREX,LINEAR_COMBINATION,LINEAR_COMBINATION,LINEAR_COMBINATION,u007,LINEAR_COMBINATION,LINEAR_COMBINATION,LINEAR_COMBINATION,LINEAR_COMBINATION,True,LINEAR_COMBINATION,LINEAR_COMBINATION,14,color_global,0.1107251569628715,False,,False
1,-1,0.0014544951263815,1a993db1d54a35d69e8b041ffb80e8f6b2b88754faf77c301c30fe271983a4ff,719a4ade1798a6ba552421d1d3035f5dc2442459fef7770d3ba3fa87274d9e9c,4e214353f435093124d778de52fec603b07cb8e86b6f9fe594764b2ca16a3b57,0.0116706760600209,True,VREX,LINEAR_COMBINATION,LINEAR_COMBINATION,LINEAR_COMBINATION,u008,LINEAR_COMBINATION,LINEAR_COMBINATION,LINEAR_COMBINATION,LINEAR_COMBINATION,True,LINEAR_COMBINATION,LINEAR_COMBINATION,14,color_shift,0.0095256548374891,False,,False
5,-1,0.0216139629483222,1a993db1d54a35d69e8b041ffb80e8f6b2b88754faf77c301c30fe271983a4ff,22e2d807b9b07b747574037ea417ca31e87de42e04a7e6528bc522dea2ba906e,30330bbfad1072ba9d97e5bf6cb307766c6f8dbc5e949d6e882d0624e04abdbb,0.1621477603912353,True,VREX,LINEAR_COMBINATION,LINEAR_COMBINATION,LINEAR_COMBINATION,u008,LINEAR_COMBINATION,LINEAR_COMBINATION,LINEAR_COMBINATION,LINEAR_COMBINATION,True,LINEAR_COMBINATION,LINEAR_COMBINATION,14,color_shift,0.1331908851861953,False,,False
20,-1,0.0547233000397682,1a993db1d54a35d69e8b041ffb80e8f6b2b88754faf77c301c30fe271983a4ff,ee40ed4446b1fc3ef7c817ff1a2b452700a598f7fa4e7c00d1d56df92a5a6156,0f33f407524ab7448883793f5d0be46fc0aa3d8339dbbcb6ff6f0d722c4aebda,0.1371016204357147,True,VREX,LINEAR_COMBINATION,LINEAR_COMBINATION,LINEAR_COMBINATION,u008,LINEAR_COMBINATION,LINEAR_COMBINATION,LINEAR_COMBINATION,LINEAR_COMBINATION,True,LINEAR_COMBINATION,LINEAR_COMBINATION,14,color_shift,0.1107251569628715,False,,False
1,-1,0.020094221457839,1a993db1d54a35d69e8b041ffb80e8f6b2b88754faf77c301c30fe271983a4ff,719a4ade1798a6ba552421d1d3035f5dc2442459fef7770d3ba3fa87274d9e9c,4e214353f435093124d778de52fec603b07cb8e86b6f9fe594764b2ca16a3b57,0.0370763316750526,True,VREX,LINEAR_COMBINATION,LINEAR_COMBINATION,LINEAR_COMBINATION,u009,LINEAR_COMBINATION,LINEAR_COMBINATION,LINEAR_COMBINATION,LINEAR_COMBINATION,True,LINEAR_COMBINATION,LINEAR_COMBINATION,14,noise_global,0.0284170694649219,False,,False
5,-1,0.0311164818704128,1a993db1d54a35d69e8b041ffb80e8f6b2b88754faf77c301c30fe271983a4ff,22e2d807b9b07b747574037ea417ca31e87de42e04a7e6528bc522dea2ba906e,30330bbfad1072ba9d97e5bf6cb307766c6f8dbc5e949d6e882d0624e04abdbb,0.284597784280777,True,VREX,LINEAR_COMBINATION,LINEAR_COMBINATION,LINEAR_COMBINATION,u009,LINEAR_COMBINATION,LINEAR_COMBINATION,LINEAR_COMBINATION,LINEAR_COMBINATION,True,LINEAR_COMBINATION,LINEAR_COMBINATION,14,noise_global,0.2223520278930664,False,,False
20,-1,0.4570914804935455,1a993db1d54a35d69e8b041ffb80e8f6b2b88754faf77c301c30fe271983a4ff,ee40ed4446b1fc3ef7c817ff1a2b452700a598f7fa4e7c00d1d56df92a5a6156,0f33f407524ab7448883793f5d0be46fc0aa3d8339dbbcb6ff6f0d722c4aebda,0.808373212814331,True,VREX,LINEAR_COMBINATION,LINEAR_COMBINATION,LINEAR_COMBINATION,u009,LINEAR_COMBINATION,LINEAR_COMBINATION,LINEAR_COMBINATION,LINEAR_COMBINATION,True,LINEAR_COMBINATION,LINEAR_COMBINATION,14,noise_global,0.6499612927436829,False,,False
1,-1,0.020094221457839,1a993db1d54a35d69e8b041ffb80e8f6b2b88754faf77c301c30fe271983a4ff,719a4ade1798a6ba552421d1d3035f5dc2442459fef7770d3ba3fa87274d9e9c,4e214353f435093124d778de52fec603b07cb8e86b6f9fe594764b2ca16a3b57,0.0370763316750526,True,VREX,LINEAR_COMBINATION,LINEAR_COMBINATION,LINEAR_COMBINATION,u010,LINEAR_COMBINATION,LINEAR_COMBINATION,LINEAR_COMBINATION,LINEAR_COMBINATION,True,LINEAR_COMBINATION,LINEAR_COMBINATION,14,noise_shift,0.0284170694649219,False,,False
5,-1,0.0311164818704128,1a993db1d54a35d69e8b041ffb80e8f6b2b88754faf77c301c30fe271983a4ff,22e2d807b9b07b747574037ea417ca31e87de42e04a7e6528bc522dea2ba906e,30330bbfad1072ba9d97e5bf6cb307766c6f8dbc5e949d6e882d0624e04abdbb,0.284597784280777,True,VREX,LINEAR_COMBINATION,LINEAR_COMBINATION,LINEAR_COMBINATION,u010,LINEAR_COMBINATION,LINEAR_COMBINATION,LINEAR_COMBINATION,LINEAR_COMBINATION,True,LINEAR_COMBINATION,LINEAR_COMBINATION,14,noise_shift,0.2223520278930664,False,,False
20,-1,0.4570914804935455,1a993db1d54a35d69e8b041ffb80e8f6b2b88754faf77c301c30fe271983a4ff,ee40ed4446b1fc3ef7c817ff1a2b452700a598f7fa4e7c00d1d56df92a5a6156,0f33f407524ab7448883793f5d0be46fc0aa3d8339dbbcb6ff6f0d722c4aebda,0.808373212814331,True,VREX,LINEAR_COMBINATION,LINEAR_COMBINATION,LINEAR_COMBINATION,u010,LINEAR_COMBINATION,LINEAR_COMBINATION,LINEAR_COMBINATION,LINEAR_COMBINATION,True,LINEAR_COMBINATION,LINEAR_COMBINATION,14,noise_shift,0.6499612927436829,False,,False
1,0,0.0234360955655574,9028de6a99b4a374e6374a91b4ec23516eae70dde14c55543e3c52bbc9628df1,a61c713abcd5a9d006809c388c974a7dfcc565fddce1d69fad624d223ef0846b,84e5215f80bab87b9ddcaeda6d977f52f958dadd01ea21c43ce076731618a3be,0.2362460196018219,True,FISHR,9028de6a99b4a374e6374a91b4ec23516eae70dde14c55543e3c52bbc9628df1,17be012c11399d0236cc0e0fd5c39a2d0c7681b3440d941a59a52e477ca5bc8f,2b1ed06956acea26f1940a74eb37bef142cff0b7891ddc0ebc7eb59bb55a8765,u000,9028de6a99b4a374e6374a91b4ec23516eae70dde14c55543e3c52bbc9628df1,662125265d779c035eaec1e86a0d6768d47e1f0aafe5bddd7ef4326f233aa69b,ee7f087849a36edb4f70b0e313e3b965e6c53ac8953eff877c0e7cbcb6d1676e,9028de6a99b4a374e6374a91b4ec23516eae70dde14c55543e3c52bbc9628df1,True,662125265d779c035eaec1e86a0d6768d47e1f0aafe5bddd7ef4326f233aa69b,ee7f087849a36edb4f70b0e313e3b965e6c53ac8953eff877c0e7cbcb6d1676e,14,source_env0_color,0.1912076920270919,True,,False
5,0,0.2423754036426544,9028de6a99b4a374e6374a91b4ec23516eae70dde14c55543e3c52bbc9628df1,606a204722130b2ca98539d2d0eb52c13f3ab177bb509f299934ebb6d3533ba8,0e2bd4a15b919b3bf6bf19435a48fba5fbead887003bf8bad6fb1c3a1af104e0,2.554393768310547,True,FISHR,9028de6a99b4a374e6374a91b4ec23516eae70dde14c55543e3c52bbc9628df1,7c9dddb18ca0b8cb7c3c8db7cf1d732df4c2f1b0365cb5f8d159fdac5061a187,f86b35b948391f8fad1e3a382b4e23610dd3d0bf697e2667ecc34f2914078422,u000,9028de6a99b4a374e6374a91b4ec23516eae70dde14c55543e3c52bbc9628df1,824a22e157c70bb1b2d5b14d7e3a1c9fa85002291463505f947844b8067764d7,952f595b44e9a979f3766c3e5938e20b95fbf46275d15aa1b436a4f86b73c852,9028de6a99b4a374e6374a91b4ec23516eae70dde14c55543e3c52bbc9628df1,True,824a22e157c70bb1b2d5b14d7e3a1c9fa85002291463505f947844b8067764d7,952f595b44e9a979f3766c3e5938e20b95fbf46275d15aa1b436a4f86b73c852,14,source_env0_color,2.0547564029693604,True,,False
20,0,1.50067937374115,9028de6a99b4a374e6374a91b4ec23516eae70dde14c55543e3c52bbc9628df1,2f9854cc69a9523930df0e607545eb849325fad9046bdb235b9fd2ddc5f0acfa,94087ce7e581e3cf546c1cd86b6f22f16175e40968e1c2e6bd5402b219b0c4dc,16.40140724182129,True,FISHR,9028de6a99b4a374e6374a91b4ec23516eae70dde14c55543e3c52bbc9628df1,42beb493cd3f76f81efcb2018be9e633b25030c8b47733aa7a45abf51de219cc,4bd7e68bffd89934c17e2d79fba2825898e2e4d2b1d53c8b42c8c24710067ed2,u000,9028de6a99b4a374e6374a91b4ec23516eae70dde14c55543e3c52bbc9628df1,ca81280ce3f4aa173d755325a2798452080c080234ffd1e0f7658d88fdd60efd,355a734ceadf0a105dffa1b6d6a718a1d8593e477b51c1032419145bcdf54ec3,9028de6a99b4a374e6374a91b4ec23516eae70dde14c55543e3c52bbc9628df1,True,ca81280ce3f4aa173d755325a2798452080c080234ffd1e0f7658d88fdd60efd,355a734ceadf0a105dffa1b6d6a718a1d8593e477b51c1032419145bcdf54ec3,14,source_env0_color,13.389019966125488,True,,False
1,1,0.0203513484448194,9028de6a99b4a374e6374a91b4ec23516eae70dde14c55543e3c52bbc9628df1,a61c713abcd5a9d006809c388c974a7dfcc565fddce1d69fad624d223ef0846b,84e5215f80bab87b9ddcaeda6d977f52f958dadd01ea21c43ce076731618a3be,0.1999340653419494,True,FISHR,9028de6a99b4a374e6374a91b4ec23516eae70dde14c55543e3c52bbc9628df1,0cd7bedc0df56255068717d3650b4a0e67158d32d469126bc4276755cec0a1dc,6e4606a3405f0bd3ee6aa9505f53118552fafe5e25d21aaab7b7345adc9543e0,u001,9028de6a99b4a374e6374a91b4ec23516eae70dde14c55543e3c52bbc9628df1,ff5afe327074c467fbe2d49c0e3c79bfcfee1f8b4f49d24d609bc5dbcd3dac5c,807bdbca7b41c5efadee159465c55c42bb25a1314af81b356059f742236af3ed,9028de6a99b4a374e6374a91b4ec23516eae70dde14c55543e3c52bbc9628df1,True,ff5afe327074c467fbe2d49c0e3c79bfcfee1f8b4f49d24d609bc5dbcd3dac5c,807bdbca7b41c5efadee159465c55c42bb25a1314af81b356059f742236af3ed,14,source_env1_color,0.161385953426361,True,,False
5,1,0.2000390589237213,9028de6a99b4a374e6374a91b4ec23516eae70dde14c55543e3c52bbc9628df1,606a204722130b2ca98539d2d0eb52c13f3ab177bb509f299934ebb6d3533ba8,0e2bd4a15b919b3bf6bf19435a48fba5fbead887003bf8bad6fb1c3a1af104e0,2.0869383811950684,True,FISHR,9028de6a99b4a374e6374a91b4ec23516eae70dde14c55543e3c52bbc9628df1,e6a864952626b8b3a5c71f5486040afd3a29ce209e4fc0e1de0b76a967038fca,f257af7c7bdc1803c0c1e4aa65ae12cacc1dd8a6e6cba9b14cc811318551e082,u001,9028de6a99b4a374e6374a91b4ec23516eae70dde14c55543e3c52bbc9628df1,74882922012c0d144389c3d05ae6c3128f091a057019d78a68a711bab6ee43f1,475170166fbd0f55af12fb7e5f8f8c12ffff4e80a73dd79f049c476ed172b142,9028de6a99b4a374e6374a91b4ec23516eae70dde14c55543e3c52bbc9628df1,True,74882922012c0d144389c3d05ae6c3128f091a057019d78a68a711bab6ee43f1,475170166fbd0f55af12fb7e5f8f8c12ffff4e80a73dd79f049c476ed172b142,14,source_env1_color,1.6733601093292236,True,,False
20,1,1.3180184364318848,9028de6a99b4a374e6374a91b4ec23516eae70dde14c55543e3c52bbc9628df1,2f9854cc69a9523930df0e607545eb849325fad9046bdb235b9fd2ddc5f0acfa,94087ce7e581e3cf546c1cd86b6f22f16175e40968e1c2e6bd5402b219b0c4dc,14.390690803527832,True,FISHR,9028de6a99b4a374e6374a91b4ec23516eae70dde14c55543e3c52bbc9628df1,01cd3efd46e7b27f0f76275712f7c00ce84214a8957a0f5f5a2b01ac311587be,46a98b4b24b28fd638517f30556e0d7319e79ec60b9fa5e247ec688d4a61b418,u001,9028de6a99b4a374e6374a91b4ec23516eae70dde14c55543e3c52bbc9628df1,d3cc775a4983a542fd5d1afdfb99e80502c22f1fcd9bf2ac025312ab41dcc482,16fb7fa90265fe0fa2c4e1da09a8c5f385e8efa29ff3915e8f8d99c89e86bf0c,9028de6a99b4a374e6374a91b4ec23516eae70dde14c55543e3c52bbc9628df1,True,d3cc775a4983a542fd5d1afdfb99e80502c22f1fcd9bf2ac025312ab41dcc482,16fb7fa90265fe0fa2c4e1da09a8c5f385e8efa29ff3915e8f8d99c89e86bf0c,14,source_env1_color,11.74167537689209,True,,False
1,2,0.0,9028de6a99b4a374e6374a91b4ec23516eae70dde14c55543e3c52bbc9628df1,a61c713abcd5a9d006809c388c974a7dfcc565fddce1d69fad624d223ef0846b,84e5215f80bab87b9ddcaeda6d977f52f958dadd01ea21c43ce076731618a3be,0.0,True,FISHR,LINEAR_COMBINATION,LINEAR_COMBINATION,LINEAR_COMBINATION,u002,LINEAR_COMBINATION,LINEAR_COMBINATION,LINEAR_COMBINATION,LINEAR_COMBINATION,True,LINEAR_COMBINATION,LINEAR_COMBINATION,14,evaluation_color,0.0,False,,False
5,2,0.0,9028de6a99b4a374e6374a91b4ec23516eae70dde14c55543e3c52bbc9628df1,606a204722130b2ca98539d2d0eb52c13f3ab177bb509f299934ebb6d3533ba8,0e2bd4a15b919b3bf6bf19435a48fba5fbead887003bf8bad6fb1c3a1af104e0,0.0,True,FISHR,LINEAR_COMBINATION,LINEAR_COMBINATION,LINEAR_COMBINATION,u002,LINEAR_COMBINATION,LINEAR_COMBINATION,LINEAR_COMBINATION,LINEAR_COMBINATION,True,LINEAR_COMBINATION,LINEAR_COMBINATION,14,evaluation_color,0.0,False,,False
20,2,0.0,9028de6a99b4a374e6374a91b4ec23516eae70dde14c55543e3c52bbc9628df1,2f9854cc69a9523930df0e607545eb849325fad9046bdb235b9fd2ddc5f0acfa,94087ce7e581e3cf546c1cd86b6f22f16175e40968e1c2e6bd5402b219b0c4dc,0.0,True,FISHR,LINEAR_COMBINATION,LINEAR_COMBINATION,LINEAR_COMBINATION,u002,LINEAR_COMBINATION,LINEAR_COMBINATION,LINEAR_COMBINATION,LINEAR_COMBINATION,True,LINEAR_COMBINATION,LINEAR_COMBINATION,14,evaluation_color,0.0,False,,False
1,3,0.0062375664710998,9028de6a99b4a374e6374a91b4ec23516eae70dde14c55543e3c52bbc9628df1,a61c713abcd5a9d006809c388c974a7dfcc565fddce1d69fad624d223ef0846b,84e5215f80bab87b9ddcaeda6d977f52f958dadd01ea21c43ce076731618a3be,0.017705651000142,True,FISHR,9028de6a99b4a374e6374a91b4ec23516eae70dde14c55543e3c52bbc9628df1,fc5df73a7922083dd35772eca10997af1419dd9151b54746e6cee4e67ff0366c,9e48e2294faab271a5b2b155b31d636689389ea31e2ca86f8d8a9022dda5a287,u003,9028de6a99b4a374e6374a91b4ec23516eae70dde14c55543e3c52bbc9628df1,1deb05be58ebd7bbb900e97da98d084602f563a2eabfb4ecf076f7e1a2fe5ded,c50dd876e579aee5d1c92daa4bd22f3d2cead0875413a4b0e74688938aa97099,9028de6a99b4a374e6374a91b4ec23516eae70dde14c55543e3c52bbc9628df1,True,1deb05be58ebd7bbb900e97da98d084602f563a2eabfb4ecf076f7e1a2fe5ded,c50dd876e579aee5d1c92daa4bd22f3d2cead0875413a4b0e74688938aa97099,14,source_label_noise,0.009278473444283,True,,False
5,3,0.0553423017263412,9028de6a99b4a374e6374a91b4ec23516eae70dde14c55543e3c52bbc9628df1,606a204722130b2ca98539d2d0eb52c13f3ab177bb509f299934ebb6d3533ba8,0e2bd4a15b919b3bf6bf19435a48fba5fbead887003bf8bad6fb1c3a1af104e0,0.1812598705291748,True,FISHR,9028de6a99b4a374e6374a91b4ec23516eae70dde14c55543e3c52bbc9628df1,6d23ab6dc5d5e3e43616500c41e23b4be925213bb897da52acdd66d98baabc64,4286cc5fd0e39d358cc3032368406d25c39789e9977e54687af366e7478882f0,u003,9028de6a99b4a374e6374a91b4ec23516eae70dde14c55543e3c52bbc9628df1,9672329fd4a740ca73076c98d01b1a7bf408d10a871da4a920ac4338c8b536f3,81dfefbc7aabfe9a4848ba18412c9e09831ae299817860d3e3453b3296f4e8f2,9028de6a99b4a374e6374a91b4ec23516eae70dde14c55543e3c52bbc9628df1,True,9672329fd4a740ca73076c98d01b1a7bf408d10a871da4a920ac4338c8b536f3,81dfefbc7aabfe9a4848ba18412c9e09831ae299817860d3e3453b3296f4e8f2,14,source_label_noise,0.1656407862901687,True,,False
20,3,0.3080397248268127,9028de6a99b4a374e6374a91b4ec23516eae70dde14c55543e3c52bbc9628df1,2f9854cc69a9523930df0e607545eb849325fad9046bdb235b9fd2ddc5f0acfa,94087ce7e581e3cf546c1cd86b6f22f16175e40968e1c2e6bd5402b219b0c4dc,0.765285313129425,True,FISHR,9028de6a99b4a374e6374a91b4ec23516eae70dde14c55543e3c52bbc9628df1,094e4915a98cc748793e1a64ce0d04dc19a658f5fc08b502de42572e5b9a448e,8c50d0156c6a23cfe9804a1d0437ad6c5eef73072960201fe39a75d49da8648d,u003,9028de6a99b4a374e6374a91b4ec23516eae70dde14c55543e3c52bbc9628df1,42bc1c1511efa647385559b88a5007ccddc317efbbe8227a93b5677e01fa733e,69a9f207a834171855f7734ccf5c42f097ad4b74986e6df3a72217d7a1eb3b96,9028de6a99b4a374e6374a91b4ec23516eae70dde14c55543e3c52bbc9628df1,True,42bc1c1511efa647385559b88a5007ccddc317efbbe8227a93b5677e01fa733e,69a9f207a834171855f7734ccf5c42f097ad4b74986e6df3a72217d7a1eb3b96,14,source_label_noise,0.539494514465332,True,,False
1,4,0.0,9028de6a99b4a374e6374a91b4ec23516eae70dde14c55543e3c52bbc9628df1,a61c713abcd5a9d006809c388c974a7dfcc565fddce1d69fad624d223ef0846b,84e5215f80bab87b9ddcaeda6d977f52f958dadd01ea21c43ce076731618a3be,0.0,True,FISHR,LINEAR_COMBINATION,LINEAR_COMBINATION,LINEAR_COMBINATION,u004,LINEAR_COMBINATION,LINEAR_COMBINATION,LINEAR_COMBINATION,LINEAR_COMBINATION,True,LINEAR_COMBINATION,LINEAR_COMBINATION,14,evaluation_label_noise,0.0,False,,False
5,4,0.0,9028de6a99b4a374e6374a91b4ec23516eae70dde14c55543e3c52bbc9628df1,606a204722130b2ca98539d2d0eb52c13f3ab177bb509f299934ebb6d3533ba8,0e2bd4a15b919b3bf6bf19435a48fba5fbead887003bf8bad6fb1c3a1af104e0,0.0,True,FISHR,LINEAR_COMBINATION,LINEAR_COMBINATION,LINEAR_COMBINATION,u004,LINEAR_COMBINATION,LINEAR_COMBINATION,LINEAR_COMBINATION,LINEAR_COMBINATION,True,LINEAR_COMBINATION,LINEAR_COMBINATION,14,evaluation_label_noise,0.0,False,,False
20,4,0.0,9028de6a99b4a374e6374a91b4ec23516eae70dde14c55543e3c52bbc9628df1,2f9854cc69a9523930df0e607545eb849325fad9046bdb235b9fd2ddc5f0acfa,94087ce7e581e3cf546c1cd86b6f22f16175e40968e1c2e6bd5402b219b0c4dc,0.0,True,FISHR,LINEAR_COMBINATION,LINEAR_COMBINATION,LINEAR_COMBINATION,u004,LINEAR_COMBINATION,LINEAR_COMBINATION,LINEAR_COMBINATION,LINEAR_COMBINATION,True,LINEAR_COMBINATION,LINEAR_COMBINATION,14,evaluation_label_noise,0.0,False,,False
1,-1,0.0025837291032075,9028de6a99b4a374e6374a91b4ec23516eae70dde14c55543e3c52bbc9628df1,a61c713abcd5a9d006809c388c974a7dfcc565fddce1d69fad624d223ef0846b,84e5215f80bab87b9ddcaeda6d977f52f958dadd01ea21c43ce076731618a3be,0.0259497743099927,True,FISHR,LINEAR_COMBINATION,LINEAR_COMBINATION,LINEAR_COMBINATION,u005,LINEAR_COMBINATION,LINEAR_COMBINATION,LINEAR_COMBINATION,LINEAR_COMBINATION,True,LINEAR_COMBINATION,LINEAR_COMBINATION,14,source_color_common,0.0213486887514591,True,,False
5,-1,0.0315401814877986,9028de6a99b4a374e6374a91b4ec23516eae70dde14c55543e3c52bbc9628df1,606a204722130b2ca98539d2d0eb52c13f3ab177bb509f299934ebb6d3533ba8,0e2bd4a15b919b3bf6bf19435a48fba5fbead887003bf8bad6fb1c3a1af104e0,0.3313037455081939,True,FISHR,LINEAR_COMBINATION,LINEAR_COMBINATION,LINEAR_COMBINATION,u005,LINEAR_COMBINATION,LINEAR_COMBINATION,LINEAR_COMBINATION,LINEAR_COMBINATION,True,LINEAR_COMBINATION,LINEAR_COMBINATION,14,source_color_common,0.2702731788158417,True,,False
20,-1,0.1907413005828857,9028de6a99b4a374e6374a91b4ec23516eae70dde14c55543e3c52bbc9628df1,2f9854cc69a9523930df0e607545eb849325fad9046bdb235b9fd2ddc5f0acfa,94087ce7e581e3cf546c1cd86b6f22f16175e40968e1c2e6bd5402b219b0c4dc,1.4400603771209717,True,FISHR,LINEAR_COMBINATION,LINEAR_COMBINATION,LINEAR_COMBINATION,u005,LINEAR_COMBINATION,LINEAR_COMBINATION,LINEAR_COMBINATION,LINEAR_COMBINATION,True,LINEAR_COMBINATION,LINEAR_COMBINATION,14,source_color_common,1.1824623346328735,True,,False
1,-1,0.0309314131736755,9028de6a99b4a374e6374a91b4ec23516eae70dde14c55543e3c52bbc9628df1,a61c713abcd5a9d006809c388c974a7dfcc565fddce1d69fad624d223ef0846b,84e5215f80bab87b9ddcaeda6d977f52f958dadd01ea21c43ce076731618a3be,0.308402955532074,True,FISHR,LINEAR_COMBINATION,LINEAR_COMBINATION,LINEAR_COMBINATION,u006,LINEAR_COMBINATION,LINEAR_COMBINATION,LINEAR_COMBINATION,LINEAR_COMBINATION,True,LINEAR_COMBINATION,LINEAR_COMBINATION,14,source_color_contrast,0.2492990791797638,True,,False
5,-1,0.3126766085624695,9028de6a99b4a374e6374a91b4ec23516eae70dde14c55543e3c52bbc9628df1,606a204722130b2ca98539d2d0eb52c13f3ab177bb509f299934ebb6d3533ba8,0e2bd4a15b919b3bf6bf19435a48fba5fbead887003bf8bad6fb1c3a1af104e0,3.2818403244018555,True,FISHR,LINEAR_COMBINATION,LINEAR_COMBINATION,LINEAR_COMBINATION,u006,LINEAR_COMBINATION,LINEAR_COMBINATION,LINEAR_COMBINATION,LINEAR_COMBINATION,True,LINEAR_COMBINATION,LINEAR_COMBINATION,14,source_color_contrast,2.6361165046691895,True,,False
20,-1,1.9881722927093504,9028de6a99b4a374e6374a91b4ec23516eae70dde14c55543e3c52bbc9628df1,2f9854cc69a9523930df0e607545eb849325fad9046bdb235b9fd2ddc5f0acfa,94087ce7e581e3cf546c1cd86b6f22f16175e40968e1c2e6bd5402b219b0c4dc,21.77209854125977,True,FISHR,LINEAR_COMBINATION,LINEAR_COMBINATION,LINEAR_COMBINATION,u006,LINEAR_COMBINATION,LINEAR_COMBINATION,LINEAR_COMBINATION,LINEAR_COMBINATION,True,LINEAR_COMBINATION,LINEAR_COMBINATION,14,source_color_contrast,17.768918991088867,True,,False
1,-1,0.0018269723514094,9028de6a99b4a374e6374a91b4ec23516eae70dde14c55543e3c52bbc9628df1,a61c713abcd5a9d006809c388c974a7dfcc565fddce1d69fad624d223ef0846b,84e5215f80bab87b9ddcaeda6d977f52f958dadd01ea21c43ce076731618a3be,0.0183492638170719,True,FISHR,LINEAR_COMBINATION,LINEAR_COMBINATION,LINEAR_COMBINATION,u007,LINEAR_COMBINATION,LINEAR_COMBINATION,LINEAR_COMBINATION,LINEAR_COMBINATION,True,LINEAR_COMBINATION,LINEAR_COMBINATION,14,color_global,0.0150958038866519,False,,False
5,-1,0.0223022773861885,9028de6a99b4a374e6374a91b4ec23516eae70dde14c55543e3c52bbc9628df1,606a204722130b2ca98539d2d0eb52c13f3ab177bb509f299934ebb6d3533ba8,0e2bd4a15b919b3bf6bf19435a48fba5fbead887003bf8bad6fb1c3a1af104e0,0.2342671453952789,True,FISHR,LINEAR_COMBINATION,LINEAR_COMBINATION,LINEAR_COMBINATION,u007,LINEAR_COMBINATION,LINEAR_COMBINATION,LINEAR_COMBINATION,LINEAR_COMBINATION,True,LINEAR_COMBINATION,LINEAR_COMBINATION,14,color_global,0.1911119818687439,False,,False
20,-1,0.134874477982521,9028de6a99b4a374e6374a91b4ec23516eae70dde14c55543e3c52bbc9628df1,2f9854cc69a9523930df0e607545eb849325fad9046bdb235b9fd2ddc5f0acfa,94087ce7e581e3cf546c1cd86b6f22f16175e40968e1c2e6bd5402b219b0c4dc,1.0182764530181885,True,FISHR,LINEAR_COMBINATION,LINEAR_COMBINATION,LINEAR_COMBINATION,u007,LINEAR_COMBINATION,LINEAR_COMBINATION,LINEAR_COMBINATION,LINEAR_COMBINATION,True,LINEAR_COMBINATION,LINEAR_COMBINATION,14,color_global,0.8361272215843201,False,,False
1,-1,0.0018269723514094,9028de6a99b4a374e6374a91b4ec23516eae70dde14c55543e3c52bbc9628df1,a61c713abcd5a9d006809c388c974a7dfcc565fddce1d69fad624d223ef0846b,84e5215f80bab87b9ddcaeda6d977f52f958dadd01ea21c43ce076731618a3be,0.0183492638170719,True,FISHR,LINEAR_COMBINATION,LINEAR_COMBINATION,LINEAR_COMBINATION,u008,LINEAR_COMBINATION,LINEAR_COMBINATION,LINEAR_COMBINATION,LINEAR_COMBINATION,True,LINEAR_COMBINATION,LINEAR_COMBINATION,14,color_shift,0.0150958038866519,False,,False
5,-1,0.0223022773861885,9028de6a99b4a374e6374a91b4ec23516eae70dde14c55543e3c52bbc9628df1,606a204722130b2ca98539d2d0eb52c13f3ab177bb509f299934ebb6d3533ba8,0e2bd4a15b919b3bf6bf19435a48fba5fbead887003bf8bad6fb1c3a1af104e0,0.2342671453952789,True,FISHR,LINEAR_COMBINATION,LINEAR_COMBINATION,LINEAR_COMBINATION,u008,LINEAR_COMBINATION,LINEAR_COMBINATION,LINEAR_COMBINATION,LINEAR_COMBINATION,True,LINEAR_COMBINATION,LINEAR_COMBINATION,14,color_shift,0.1911119818687439,False,,False
20,-1,0.134874477982521,9028de6a99b4a374e6374a91b4ec23516eae70dde14c55543e3c52bbc9628df1,2f9854cc69a9523930df0e607545eb849325fad9046bdb235b9fd2ddc5f0acfa,94087ce7e581e3cf546c1cd86b6f22f16175e40968e1c2e6bd5402b219b0c4dc,1.0182764530181885,True,FISHR,LINEAR_COMBINATION,LINEAR_COMBINATION,LINEAR_COMBINATION,u008,LINEAR_COMBINATION,LINEAR_COMBINATION,LINEAR_COMBINATION,LINEAR_COMBINATION,True,LINEAR_COMBINATION,LINEAR_COMBINATION,14,color_shift,0.8361272215843201,False,,False
1,-1,0.0044106254354119,9028de6a99b4a374e6374a91b4ec23516eae70dde14c55543e3c52bbc9628df1,a61c713abcd5a9d006809c388c974a7dfcc565fddce1d69fad624d223ef0846b,84e5215f80bab87b9ddcaeda6d977f52f958dadd01ea21c43ce076731618a3be,0.012519784271717,True,FISHR,LINEAR_COMBINATION,LINEAR_COMBINATION,LINEAR_COMBINATION,u009,LINEAR_COMBINATION,LINEAR_COMBINATION,LINEAR_COMBINATION,LINEAR_COMBINATION,True,LINEAR_COMBINATION,LINEAR_COMBINATION,14,noise_global,0.0065608718432486,False,,False
5,-1,0.0391329191625118,9028de6a99b4a374e6374a91b4ec23516eae70dde14c55543e3c52bbc9628df1,606a204722130b2ca98539d2d0eb52c13f3ab177bb509f299934ebb6d3533ba8,0e2bd4a15b919b3bf6bf19435a48fba5fbead887003bf8bad6fb1c3a1af104e0,0.1281700730323791,True,FISHR,LINEAR_COMBINATION,LINEAR_COMBINATION,LINEAR_COMBINATION,u009,LINEAR_COMBINATION,LINEAR_COMBINATION,LINEAR_COMBINATION,LINEAR_COMBINATION,True,LINEAR_COMBINATION,LINEAR_COMBINATION,14,noise_global,0.1171257197856903,False,,False
20,-1,0.2178169637918472,9028de6a99b4a374e6374a91b4ec23516eae70dde14c55543e3c52bbc9628df1,2f9854cc69a9523930df0e607545eb849325fad9046bdb235b9fd2ddc5f0acfa,94087ce7e581e3cf546c1cd86b6f22f16175e40968e1c2e6bd5402b219b0c4dc,0.5411384701728821,True,FISHR,LINEAR_COMBINATION,LINEAR_COMBINATION,LINEAR_COMBINATION,u009,LINEAR_COMBINATION,LINEAR_COMBINATION,LINEAR_COMBINATION,LINEAR_COMBINATION,True,LINEAR_COMBINATION,LINEAR_COMBINATION,14,noise_global,0.3814802169799804,False,,False
1,-1,0.0044106254354119,9028de6a99b4a374e6374a91b4ec23516eae70dde14c55543e3c52bbc9628df1,a61c713abcd5a9d006809c388c974a7dfcc565fddce1d69fad624d223ef0846b,84e5215f80bab87b9ddcaeda6d977f52f958dadd01ea21c43ce076731618a3be,0.012519784271717,True,FISHR,LINEAR_COMBINATION,LINEAR_COMBINATION,LINEAR_COMBINATION,u010,LINEAR_COMBINATION,LINEAR_COMBINATION,LINEAR_COMBINATION,LINEAR_COMBINATION,True,LINEAR_COMBINATION,LINEAR_COMBINATION,14,noise_shift,0.0065608718432486,False,,False
5,-1,0.0391329191625118,9028de6a99b4a374e6374a91b4ec23516eae70dde14c55543e3c52bbc9628df1,606a204722130b2ca98539d2d0eb52c13f3ab177bb509f299934ebb6d3533ba8,0e2bd4a15b919b3bf6bf19435a48fba5fbead887003bf8bad6fb1c3a1af104e0,0.1281700730323791,True,FISHR,LINEAR_COMBINATION,LINEAR_COMBINATION,LINEAR_COMBINATION,u010,LINEAR_COMBINATION,LINEAR_COMBINATION,LINEAR_COMBINATION,LINEAR_COMBINATION,True,LINEAR_COMBINATION,LINEAR_COMBINATION,14,noise_shift,0.1171257197856903,False,,False
20,-1,0.2178169637918472,9028de6a99b4a374e6374a91b4ec23516eae70dde14c55543e3c52bbc9628df1,2f9854cc69a9523930df0e607545eb849325fad9046bdb235b9fd2ddc5f0acfa,94087ce7e581e3cf546c1cd86b6f22f16175e40968e1c2e6bd5402b219b0c4dc,0.5411384701728821,True,FISHR,LINEAR_COMBINATION,LINEAR_COMBINATION,LINEAR_COMBINATION,u010,LINEAR_COMBINATION,LINEAR_COMBINATION,LINEAR_COMBINATION,LINEAR_COMBINATION,True,LINEAR_COMBINATION,LINEAR_COMBINATION,14,noise_shift,0.3814802169799804,False,,False
1,0,2.9341185092926025,8580550a69b2fe050521725562069aa0b5477b733e32cb332129b0b1d7442f49,f23e17bcdb9ec1b2eab49751b1d332029748a3d4bd487c2dedd05521d4d629a6,7dcdc87ec1e3996b5ae5e6f6a073ec52ef179595df221ff938028222e3c151cb,17.3109130859375,True,CORAL,8580550a69b2fe050521725562069aa0b5477b733e32cb332129b0b1d7442f49,fb8458e69511347c25e5f6026b1e096e36656333379232fb38585b5a333e315e,ffe483d077169b6e70a4e5b51672fd31811624840072b2a65d81d581210e945b,u000,8580550a69b2fe050521725562069aa0b5477b733e32cb332129b0b1d7442f49,cbb505c6393d035de82660e5b37ede668aea7c6e6a12c31b1a4daad0615c7c60,5bc76787c438444d75853a9a4da4257f5bd265e1efde09697dec268051bc0fca,8580550a69b2fe050521725562069aa0b5477b733e32cb332129b0b1d7442f49,True,cbb505c6393d035de82660e5b37ede668aea7c6e6a12c31b1a4daad0615c7c60,5bc76787c438444d75853a9a4da4257f5bd265e1efde09697dec268051bc0fca,14,source_env0_color,12.96734619140625,True,,False
5,0,17.07988166809082,8580550a69b2fe050521725562069aa0b5477b733e32cb332129b0b1d7442f49,88643b52addd1646ee5aa56c23f60713bd41c057d5543538f05c58e6a48c2b6e,a644769807678d60ba684d1b2b477856b26f515bb28a081f428f1b46f3bc5cd7,150.64320373535156,True,CORAL,8580550a69b2fe050521725562069aa0b5477b733e32cb332129b0b1d7442f49,f793d1449368748f99d0df706ff3e048f707ec5470c9c47c9cd3c2c9d88161d3,041c253a9366c3cbd182ebada2c4982942695f053a8671be07035e560030ae9c,u000,8580550a69b2fe050521725562069aa0b5477b733e32cb332129b0b1d7442f49,0ed0585087ebe3f772fe8683f27b75ad18ace75a2c694c977265a98c68b7e14f,dbbb51f94e7cd655d49f47966dc96d124794d01c17d74d95941fcd5ad724240e,8580550a69b2fe050521725562069aa0b5477b733e32cb332129b0b1d7442f49,True,0ed0585087ebe3f772fe8683f27b75ad18ace75a2c694c977265a98c68b7e14f,dbbb51f94e7cd655d49f47966dc96d124794d01c17d74d95941fcd5ad724240e,14,source_env0_color,111.83394622802734,True,,False
20,0,22.51706886291504,8580550a69b2fe050521725562069aa0b5477b733e32cb332129b0b1d7442f49,9aaf577a1dd976b395da70f992346fcd81ac30c9e356a32b9d54ed12f9d1f839,c66d0ace41fbf938d131c6aa79da26bb3fdd3ecbd0a385fa0b538c6706968456,110.77564239501952,True,CORAL,8580550a69b2fe050521725562069aa0b5477b733e32cb332129b0b1d7442f49,2b7f7169a7603840fc399045850618a34aeae76baf0da3341581e42e69e52250,8bb953886017c26ebf687b6ccce0587c092a4a6b247fb78c8acaafc3ec8675a3,u000,8580550a69b2fe050521725562069aa0b5477b733e32cb332129b0b1d7442f49,31650ef4000b1fd0da792bafa07fb5cc2726fc9c325e9c49155b616496a64f23,29c0ebdd79a907dfb3c789cc23b3eae7da22594afbd47423e846ce112fa075fa,8580550a69b2fe050521725562069aa0b5477b733e32cb332129b0b1d7442f49,True,31650ef4000b1fd0da792bafa07fb5cc2726fc9c325e9c49155b616496a64f23,29c0ebdd79a907dfb3c789cc23b3eae7da22594afbd47423e846ce112fa075fa,14,source_env0_color,78.44908905029297,True,,False
1,1,3.2376863956451416,8580550a69b2fe050521725562069aa0b5477b733e32cb332129b0b1d7442f49,f23e17bcdb9ec1b2eab49751b1d332029748a3d4bd487c2dedd05521d4d629a6,7dcdc87ec1e3996b5ae5e6f6a073ec52ef179595df221ff938028222e3c151cb,17.187057495117188,True,CORAL,8580550a69b2fe050521725562069aa0b5477b733e32cb332129b0b1d7442f49,17c7bca8c27e11a9d4046f3ca2726573372536a50023fb30dbde8bfd3b2191ea,7d08b0b7655025e48e6fcc189c78af0629b0c235028ad5214916cdff2ab9152a,u001,8580550a69b2fe050521725562069aa0b5477b733e32cb332129b0b1d7442f49,06bd48e118c6d87782b585ea30c61a7b47eda3797bb2c7d7c8965e21802293ea,c9d5e1e9dc9b1117d8a968761dbf760c071e5a17a5fbb81c158dd710abca64ba,8580550a69b2fe050521725562069aa0b5477b733e32cb332129b0b1d7442f49,True,06bd48e118c6d87782b585ea30c61a7b47eda3797bb2c7d7c8965e21802293ea,c9d5e1e9dc9b1117d8a968761dbf760c071e5a17a5fbb81c158dd710abca64ba,14,source_env1_color,12.853256225585938,True,,False
5,1,16.340618133544922,8580550a69b2fe050521725562069aa0b5477b733e32cb332129b0b1d7442f49,88643b52addd1646ee5aa56c23f60713bd41c057d5543538f05c58e6a48c2b6e,a644769807678d60ba684d1b2b477856b26f515bb28a081f428f1b46f3bc5cd7,150.05532836914062,True,CORAL,8580550a69b2fe050521725562069aa0b5477b733e32cb332129b0b1d7442f49,db9d236b446d6e5e7f80a26a660312ede15f61e7092528729bff80e6f7ce6f9d,78bda0264e4c37e38c265eb2909532e14042fe2f4731c7031eee5ad64d81296d,u001,8580550a69b2fe050521725562069aa0b5477b733e32cb332129b0b1d7442f49,4a345173482a201ffb22f82efd453120cb9eb53cd5ab1313b708f64659901e25,b0a911a5d4b661678023b4eb493c0c0c8abfe4b1f5fe8431cbd2c3b9505b438c,8580550a69b2fe050521725562069aa0b5477b733e32cb332129b0b1d7442f49,True,4a345173482a201ffb22f82efd453120cb9eb53cd5ab1313b708f64659901e25,b0a911a5d4b661678023b4eb493c0c0c8abfe4b1f5fe8431cbd2c3b9505b438c,14,source_env1_color,111.40660095214844,True,,False
20,1,27.431371688842773,8580550a69b2fe050521725562069aa0b5477b733e32cb332129b0b1d7442f49,9aaf577a1dd976b395da70f992346fcd81ac30c9e356a32b9d54ed12f9d1f839,c66d0ace41fbf938d131c6aa79da26bb3fdd3ecbd0a385fa0b538c6706968456,111.79557037353516,True,CORAL,8580550a69b2fe050521725562069aa0b5477b733e32cb332129b0b1d7442f49,88ba6b5e6f0d546cb3b2409b99233fa1a4bb7c29806fce529fe60e122ae4a7b3,4a4028c0f3b84252059161db262b7a9a83e97851f72ac5f4679ea2cc9db22734,u001,8580550a69b2fe050521725562069aa0b5477b733e32cb332129b0b1d7442f49,87bd63ef70a6c2ab962c65b105fa2a74de521d2a2b4ad7f1ef68f5c141c954c8,f7c70f5a493e55e7c8710a43a40373e03ae8b4baec417226f774668dd5020fca,8580550a69b2fe050521725562069aa0b5477b733e32cb332129b0b1d7442f49,True,87bd63ef70a6c2ab962c65b105fa2a74de521d2a2b4ad7f1ef68f5c141c954c8,f7c70f5a493e55e7c8710a43a40373e03ae8b4baec417226f774668dd5020fca,14,source_env1_color,80.23876953125,True,,False
1,2,0.0,8580550a69b2fe050521725562069aa0b5477b733e32cb332129b0b1d7442f49,f23e17bcdb9ec1b2eab49751b1d332029748a3d4bd487c2dedd05521d4d629a6,7dcdc87ec1e3996b5ae5e6f6a073ec52ef179595df221ff938028222e3c151cb,0.0,True,CORAL,LINEAR_COMBINATION,LINEAR_COMBINATION,LINEAR_COMBINATION,u002,LINEAR_COMBINATION,LINEAR_COMBINATION,LINEAR_COMBINATION,LINEAR_COMBINATION,True,LINEAR_COMBINATION,LINEAR_COMBINATION,14,evaluation_color,0.0,False,,False
5,2,0.0,8580550a69b2fe050521725562069aa0b5477b733e32cb332129b0b1d7442f49,88643b52addd1646ee5aa56c23f60713bd41c057d5543538f05c58e6a48c2b6e,a644769807678d60ba684d1b2b477856b26f515bb28a081f428f1b46f3bc5cd7,0.0,True,CORAL,LINEAR_COMBINATION,LINEAR_COMBINATION,LINEAR_COMBINATION,u002,LINEAR_COMBINATION,LINEAR_COMBINATION,LINEAR_COMBINATION,LINEAR_COMBINATION,True,LINEAR_COMBINATION,LINEAR_COMBINATION,14,evaluation_color,0.0,False,,False
20,2,0.0,8580550a69b2fe050521725562069aa0b5477b733e32cb332129b0b1d7442f49,9aaf577a1dd976b395da70f992346fcd81ac30c9e356a32b9d54ed12f9d1f839,c66d0ace41fbf938d131c6aa79da26bb3fdd3ecbd0a385fa0b538c6706968456,0.0,True,CORAL,LINEAR_COMBINATION,LINEAR_COMBINATION,LINEAR_COMBINATION,u002,LINEAR_COMBINATION,LINEAR_COMBINATION,LINEAR_COMBINATION,LINEAR_COMBINATION,True,LINEAR_COMBINATION,LINEAR_COMBINATION,14,evaluation_color,0.0,False,,False
1,3,2.2919535636901855,8580550a69b2fe050521725562069aa0b5477b733e32cb332129b0b1d7442f49,f23e17bcdb9ec1b2eab49751b1d332029748a3d4bd487c2dedd05521d4d629a6,7dcdc87ec1e3996b5ae5e6f6a073ec52ef179595df221ff938028222e3c151cb,5.655611515045166,True,CORAL,8580550a69b2fe050521725562069aa0b5477b733e32cb332129b0b1d7442f49,5464589da17e1576b73a02065f892d30c97ad06c875c047eecf6cd96b99a9e1c,1838b5a0954abef8aa771d91ed02879a2d0e21a9148f6c78198c8dbcf60d78d7,u003,8580550a69b2fe050521725562069aa0b5477b733e32cb332129b0b1d7442f49,b7eb54a4dc27357f3afa534e48df4f82e96b6f264c342a8b034c808a038a1cd5,8002abcf4ee0b719f84486cf31b4ccf7ecd2854a95b656759a24394e6ad990de,8580550a69b2fe050521725562069aa0b5477b733e32cb332129b0b1d7442f49,True,b7eb54a4dc27357f3afa534e48df4f82e96b6f264c342a8b034c808a038a1cd5,8002abcf4ee0b719f84486cf31b4ccf7ecd2854a95b656759a24394e6ad990de,14,source_label_noise,3.1873323917388916,True,,False
5,3,19.86464500427246,8580550a69b2fe050521725562069aa0b5477b733e32cb332129b0b1d7442f49,88643b52addd1646ee5aa56c23f60713bd41c057d5543538f05c58e6a48c2b6e,a644769807678d60ba684d1b2b477856b26f515bb28a081f428f1b46f3bc5cd7,48.78770446777344,True,CORAL,8580550a69b2fe050521725562069aa0b5477b733e32cb332129b0b1d7442f49,57d6ae2fe674c3d66aba6c48a7f77c4a6a0adaa7d222dc0a333c4a613330f1bb,a61c5f3f84becbf2c283287f27b543856f881db11c1001c96d7816035e080227,u003,8580550a69b2fe050521725562069aa0b5477b733e32cb332129b0b1d7442f49,9b0d5e1d2079a2aece89281c9d62907d00a09636dbd69e86bc1e6ffbb25063af,151e7b0e00604915a076d3d0d15f0035055574cbf8db19ac0ce590ce8ab0ee35,8580550a69b2fe050521725562069aa0b5477b733e32cb332129b0b1d7442f49,True,9b0d5e1d2079a2aece89281c9d62907d00a09636dbd69e86bc1e6ffbb25063af,151e7b0e00604915a076d3d0d15f0035055574cbf8db19ac0ce590ce8ab0ee35,14,source_label_noise,23.4444580078125,True,,False
20,3,77.10479736328125,8580550a69b2fe050521725562069aa0b5477b733e32cb332129b0b1d7442f49,9aaf577a1dd976b395da70f992346fcd81ac30c9e356a32b9d54ed12f9d1f839,c66d0ace41fbf938d131c6aa79da26bb3fdd3ecbd0a385fa0b538c6706968456,122.51087951660156,True,CORAL,8580550a69b2fe050521725562069aa0b5477b733e32cb332129b0b1d7442f49,9466ffaff2765c15db512346b07d769ace4bd898faec5ee15d2674e11e0ef78c,83d097441997c90ac1926288b8c8a6cc92fa058dfdb379d88c030f4b9490e3dd,u003,8580550a69b2fe050521725562069aa0b5477b733e32cb332129b0b1d7442f49,7f2df91ef80a494d9fb21619dd7bf53369ec2c20c7ed16df07f95d3638fd82f4,0eddbcb687501f0294a725bae00eeead4aa148d89854c2aebdb6e478a0ccdff3,8580550a69b2fe050521725562069aa0b5477b733e32cb332129b0b1d7442f49,True,7f2df91ef80a494d9fb21619dd7bf53369ec2c20c7ed16df07f95d3638fd82f4,0eddbcb687501f0294a725bae00eeead4aa148d89854c2aebdb6e478a0ccdff3,14,source_label_noise,92.84660339355467,True,,False
1,4,0.0,8580550a69b2fe050521725562069aa0b5477b733e32cb332129b0b1d7442f49,f23e17bcdb9ec1b2eab49751b1d332029748a3d4bd487c2dedd05521d4d629a6,7dcdc87ec1e3996b5ae5e6f6a073ec52ef179595df221ff938028222e3c151cb,0.0,True,CORAL,LINEAR_COMBINATION,LINEAR_COMBINATION,LINEAR_COMBINATION,u004,LINEAR_COMBINATION,LINEAR_COMBINATION,LINEAR_COMBINATION,LINEAR_COMBINATION,True,LINEAR_COMBINATION,LINEAR_COMBINATION,14,evaluation_label_noise,0.0,False,,False
5,4,0.0,8580550a69b2fe050521725562069aa0b5477b733e32cb332129b0b1d7442f49,88643b52addd1646ee5aa56c23f60713bd41c057d5543538f05c58e6a48c2b6e,a644769807678d60ba684d1b2b477856b26f515bb28a081f428f1b46f3bc5cd7,0.0,True,CORAL,LINEAR_COMBINATION,LINEAR_COMBINATION,LINEAR_COMBINATION,u004,LINEAR_COMBINATION,LINEAR_COMBINATION,LINEAR_COMBINATION,LINEAR_COMBINATION,True,LINEAR_COMBINATION,LINEAR_COMBINATION,14,evaluation_label_noise,0.0,False,,False
20,4,0.0,8580550a69b2fe050521725562069aa0b5477b733e32cb332129b0b1d7442f49,9aaf577a1dd976b395da70f992346fcd81ac30c9e356a32b9d54ed12f9d1f839,c66d0ace41fbf938d131c6aa79da26bb3fdd3ecbd0a385fa0b538c6706968456,0.0,True,CORAL,LINEAR_COMBINATION,LINEAR_COMBINATION,LINEAR_COMBINATION,u004,LINEAR_COMBINATION,LINEAR_COMBINATION,LINEAR_COMBINATION,LINEAR_COMBINATION,True,LINEAR_COMBINATION,LINEAR_COMBINATION,14,evaluation_label_noise,0.0,False,,False
1,-1,4.361982822418213,8580550a69b2fe050521725562069aa0b5477b733e32cb332129b0b1d7442f49,f23e17bcdb9ec1b2eab49751b1d332029748a3d4bd487c2dedd05521d4d629a6,7dcdc87ec1e3996b5ae5e6f6a073ec52ef179595df221ff938028222e3c151cb,24.389415740966797,True,CORAL,LINEAR_COMBINATION,LINEAR_COMBINATION,LINEAR_COMBINATION,u005,LINEAR_COMBINATION,LINEAR_COMBINATION,LINEAR_COMBINATION,LINEAR_COMBINATION,True,LINEAR_COMBINATION,LINEAR_COMBINATION,14,source_color_common,18.254961013793945,True,,False
5,-1,23.619585037231445,8580550a69b2fe050521725562069aa0b5477b733e32cb332129b0b1d7442f49,88643b52addd1646ee5aa56c23f60713bd41c057d5543538f05c58e6a48c2b6e,a644769807678d60ba684d1b2b477856b26f515bb28a081f428f1b46f3bc5cd7,212.6068572998047,True,CORAL,LINEAR_COMBINATION,LINEAR_COMBINATION,LINEAR_COMBINATION,u005,LINEAR_COMBINATION,LINEAR_COMBINATION,LINEAR_COMBINATION,LINEAR_COMBINATION,True,LINEAR_COMBINATION,LINEAR_COMBINATION,14,source_color_common,157.84608459472656,True,,False
20,-1,35.222320556640625,8580550a69b2fe050521725562069aa0b5477b733e32cb332129b0b1d7442f49,9aaf577a1dd976b395da70f992346fcd81ac30c9e356a32b9d54ed12f9d1f839,c66d0ace41fbf938d131c6aa79da26bb3fdd3ecbd0a385fa0b538c6706968456,157.27256774902344,True,CORAL,LINEAR_COMBINATION,LINEAR_COMBINATION,LINEAR_COMBINATION,u005,LINEAR_COMBINATION,LINEAR_COMBINATION,LINEAR_COMBINATION,LINEAR_COMBINATION,True,LINEAR_COMBINATION,LINEAR_COMBINATION,14,source_color_common,112.14362335205078,True,,False
1,-1,0.2544961273670196,8580550a69b2fe050521725562069aa0b5477b733e32cb332129b0b1d7442f49,f23e17bcdb9ec1b2eab49751b1d332029748a3d4bd487c2dedd05521d4d629a6,7dcdc87ec1e3996b5ae5e6f6a073ec52ef179595df221ff938028222e3c151cb,0.4680211842060089,True,CORAL,LINEAR_COMBINATION,LINEAR_COMBINATION,LINEAR_COMBINATION,u006,LINEAR_COMBINATION,LINEAR_COMBINATION,LINEAR_COMBINATION,LINEAR_COMBINATION,True,LINEAR_COMBINATION,LINEAR_COMBINATION,14,source_color_contrast,0.3384688794612884,True,,False
5,-1,0.923766553401947,8580550a69b2fe050521725562069aa0b5477b733e32cb332129b0b1d7442f49,88643b52addd1646ee5aa56c23f60713bd41c057d5543538f05c58e6a48c2b6e,a644769807678d60ba684d1b2b477856b26f515bb28a081f428f1b46f3bc5cd7,2.8792917728424072,True,CORAL,LINEAR_COMBINATION,LINEAR_COMBINATION,LINEAR_COMBINATION,u006,LINEAR_COMBINATION,LINEAR_COMBINATION,LINEAR_COMBINATION,LINEAR_COMBINATION,True,LINEAR_COMBINATION,LINEAR_COMBINATION,14,source_color_contrast,1.6968411207199097,True,,False
20,-1,4.345896244049072,8580550a69b2fe050521725562069aa0b5477b733e32cb332129b0b1d7442f49,9aaf577a1dd976b395da70f992346fcd81ac30c9e356a32b9d54ed12f9d1f839,c66d0ace41fbf938d131c6aa79da26bb3fdd3ecbd0a385fa0b538c6706968456,5.90184211730957,True,CORAL,LINEAR_COMBINATION,LINEAR_COMBINATION,LINEAR_COMBINATION,u006,LINEAR_COMBINATION,LINEAR_COMBINATION,LINEAR_COMBINATION,LINEAR_COMBINATION,True,LINEAR_COMBINATION,LINEAR_COMBINATION,14,source_color_contrast,4.04046630859375,True,,False
1,-1,3.08438777923584,8580550a69b2fe050521725562069aa0b5477b733e32cb332129b0b1d7442f49,f23e17bcdb9ec1b2eab49751b1d332029748a3d4bd487c2dedd05521d4d629a6,7dcdc87ec1e3996b5ae5e6f6a073ec52ef179595df221ff938028222e3c151cb,17.245922088623047,True,CORAL,LINEAR_COMBINATION,LINEAR_COMBINATION,LINEAR_COMBINATION,u007,LINEAR_COMBINATION,LINEAR_COMBINATION,LINEAR_COMBINATION,LINEAR_COMBINATION,True,LINEAR_COMBINATION,LINEAR_COMBINATION,14,color_global,12.908206939697266,False,,False
5,-1,16.701568603515625,8580550a69b2fe050521725562069aa0b5477b733e32cb332129b0b1d7442f49,88643b52addd1646ee5aa56c23f60713bd41c057d5543538f05c58e6a48c2b6e,a644769807678d60ba684d1b2b477856b26f515bb28a081f428f1b46f3bc5cd7,150.33575439453125,True,CORAL,LINEAR_COMBINATION,LINEAR_COMBINATION,LINEAR_COMBINATION,u007,LINEAR_COMBINATION,LINEAR_COMBINATION,LINEAR_COMBINATION,LINEAR_COMBINATION,True,LINEAR_COMBINATION,LINEAR_COMBINATION,14,color_global,111.6140365600586,False,,False
20,-1,24.905941009521484,8580550a69b2fe050521725562069aa0b5477b733e32cb332129b0b1d7442f49,9aaf577a1dd976b395da70f992346fcd81ac30c9e356a32b9d54ed12f9d1f839,c66d0ace41fbf938d131c6aa79da26bb3fdd3ecbd0a385fa0b538c6706968456,111.20850372314452,True,CORAL,LINEAR_COMBINATION,LINEAR_COMBINATION,LINEAR_COMBINATION,u007,LINEAR_COMBINATION,LINEAR_COMBINATION,LINEAR_COMBINATION,LINEAR_COMBINATION,True,LINEAR_COMBINATION,LINEAR_COMBINATION,14,color_global,79.29751586914062,False,,False
1,-1,3.08438777923584,8580550a69b2fe050521725562069aa0b5477b733e32cb332129b0b1d7442f49,f23e17bcdb9ec1b2eab49751b1d332029748a3d4bd487c2dedd05521d4d629a6,7dcdc87ec1e3996b5ae5e6f6a073ec52ef179595df221ff938028222e3c151cb,17.245922088623047,True,CORAL,LINEAR_COMBINATION,LINEAR_COMBINATION,LINEAR_COMBINATION,u008,LINEAR_COMBINATION,LINEAR_COMBINATION,LINEAR_COMBINATION,LINEAR_COMBINATION,True,LINEAR_COMBINATION,LINEAR_COMBINATION,14,color_shift,12.908206939697266,False,,False
5,-1,16.701568603515625,8580550a69b2fe050521725562069aa0b5477b733e32cb332129b0b1d7442f49,88643b52addd1646ee5aa56c23f60713bd41c057d5543538f05c58e6a48c2b6e,a644769807678d60ba684d1b2b477856b26f515bb28a081f428f1b46f3bc5cd7,150.33575439453125,True,CORAL,LINEAR_COMBINATION,LINEAR_COMBINATION,LINEAR_COMBINATION,u008,LINEAR_COMBINATION,LINEAR_COMBINATION,LINEAR_COMBINATION,LINEAR_COMBINATION,True,LINEAR_COMBINATION,LINEAR_COMBINATION,14,color_shift,111.6140365600586,False,,False
20,-1,24.905941009521484,8580550a69b2fe050521725562069aa0b5477b733e32cb332129b0b1d7442f49,9aaf577a1dd976b395da70f992346fcd81ac30c9e356a32b9d54ed12f9d1f839,c66d0ace41fbf938d131c6aa79da26bb3fdd3ecbd0a385fa0b538c6706968456,111.20850372314452,True,CORAL,LINEAR_COMBINATION,LINEAR_COMBINATION,LINEAR_COMBINATION,u008,LINEAR_COMBINATION,LINEAR_COMBINATION,LINEAR_COMBINATION,LINEAR_COMBINATION,True,LINEAR_COMBINATION,LINEAR_COMBINATION,14,color_shift,79.29751586914062,False,,False
1,-1,1.62065589427948,8580550a69b2fe050521725562069aa0b5477b733e32cb332129b0b1d7442f49,f23e17bcdb9ec1b2eab49751b1d332029748a3d4bd487c2dedd05521d4d629a6,7dcdc87ec1e3996b5ae5e6f6a073ec52ef179595df221ff938028222e3c151cb,3.9991214275360103,True,CORAL,LINEAR_COMBINATION,LINEAR_COMBINATION,LINEAR_COMBINATION,u009,LINEAR_COMBINATION,LINEAR_COMBINATION,LINEAR_COMBINATION,LINEAR_COMBINATION,True,LINEAR_COMBINATION,LINEAR_COMBINATION,14,noise_global,2.2537841796875,False,,False
5,-1,14.04642391204834,8580550a69b2fe050521725562069aa0b5477b733e32cb332129b0b1d7442f49,88643b52addd1646ee5aa56c23f60713bd41c057d5543538f05c58e6a48c2b6e,a644769807678d60ba684d1b2b477856b26f515bb28a081f428f1b46f3bc5cd7,34.49811553955078,True,CORAL,LINEAR_COMBINATION,LINEAR_COMBINATION,LINEAR_COMBINATION,u009,LINEAR_COMBINATION,LINEAR_COMBINATION,LINEAR_COMBINATION,LINEAR_COMBINATION,True,LINEAR_COMBINATION,LINEAR_COMBINATION,14,noise_global,16.577733993530273,False,,False
20,-1,54.52132415771485,8580550a69b2fe050521725562069aa0b5477b733e32cb332129b0b1d7442f49,9aaf577a1dd976b395da70f992346fcd81ac30c9e356a32b9d54ed12f9d1f839,c66d0ace41fbf938d131c6aa79da26bb3fdd3ecbd0a385fa0b538c6706968456,86.6282730102539,True,CORAL,LINEAR_COMBINATION,LINEAR_COMBINATION,LINEAR_COMBINATION,u009,LINEAR_COMBINATION,LINEAR_COMBINATION,LINEAR_COMBINATION,LINEAR_COMBINATION,True,LINEAR_COMBINATION,LINEAR_COMBINATION,14,noise_global,65.6524658203125,False,,False
1,-1,1.62065589427948,8580550a69b2fe050521725562069aa0b5477b733e32cb332129b0b1d7442f49,f23e17bcdb9ec1b2eab49751b1d332029748a3d4bd487c2dedd05521d4d629a6,7dcdc87ec1e3996b5ae5e6f6a073ec52ef179595df221ff938028222e3c151cb,3.9991214275360103,True,CORAL,LINEAR_COMBINATION,LINEAR_COMBINATION,LINEAR_COMBINATION,u010,LINEAR_COMBINATION,LINEAR_COMBINATION,LINEAR_COMBINATION,LINEAR_COMBINATION,True,LINEAR_COMBINATION,LINEAR_COMBINATION,14,noise_shift,2.2537841796875,False,,False
5,-1,14.04642391204834,8580550a69b2fe050521725562069aa0b5477b733e32cb332129b0b1d7442f49,88643b52addd1646ee5aa56c23f60713bd41c057d5543538f05c58e6a48c2b6e,a644769807678d60ba684d1b2b477856b26f515bb28a081f428f1b46f3bc5cd7,34.49811553955078,True,CORAL,LINEAR_COMBINATION,LINEAR_COMBINATION,LINEAR_COMBINATION,u010,LINEAR_COMBINATION,LINEAR_COMBINATION,LINEAR_COMBINATION,LINEAR_COMBINATION,True,LINEAR_COMBINATION,LINEAR_COMBINATION,14,noise_shift,16.577733993530273,False,,False
20,-1,54.52132415771485,8580550a69b2fe050521725562069aa0b5477b733e32cb332129b0b1d7442f49,9aaf577a1dd976b395da70f992346fcd81ac30c9e356a32b9d54ed12f9d1f839,c66d0ace41fbf938d131c6aa79da26bb3fdd3ecbd0a385fa0b538c6706968456,86.6282730102539,True,CORAL,LINEAR_COMBINATION,LINEAR_COMBINATION,LINEAR_COMBINATION,u010,LINEAR_COMBINATION,LINEAR_COMBINATION,LINEAR_COMBINATION,LINEAR_COMBINATION,True,LINEAR_COMBINATION,LINEAR_COMBINATION,14,noise_shift,65.6524658203125,False,,False
