K,array_key,bank,basis_index,method,response_norm,seed,semantic_direction
1,ERM__10__u000__K1__source,source,0,ERM,13.37802505493164,10,source_env0_color
1,ERM__10__u000__K1__counterfactual_red,counterfactual_red,0,ERM,13.293103218078613,10,source_env0_color
1,ERM__10__u000__K1__counterfactual_green,counterfactual_green,0,ERM,13.679742813110352,10,source_env0_color
1,ERM__10__u000__K1__clean_task,clean_task,0,ERM,1.0384325981140137,10,source_env0_color
5,ERM__10__u000__K5__source,source,0,ERM,120.32699584960938,10,source_env0_color
5,ERM__10__u000__K5__counterfactual_red,counterfactual_red,0,ERM,130.37815856933594,10,source_env0_color
5,ERM__10__u000__K5__counterfactual_green,counterfactual_green,0,ERM,110.56161499023438,10,source_env0_color
5,ERM__10__u000__K5__clean_task,clean_task,0,ERM,19.203725814819336,10,source_env0_color
20,ERM__10__u000__K20__source,source,0,ERM,110.41726684570312,10,source_env0_color
20,ERM__10__u000__K20__counterfactual_red,counterfactual_red,0,ERM,132.22467041015625,10,source_env0_color
20,ERM__10__u000__K20__counterfactual_green,counterfactual_green,0,ERM,87.01592254638672,10,source_env0_color
20,ERM__10__u000__K20__clean_task,clean_task,0,ERM,23.374814987182617,10,source_env0_color
1,ERM__10__u001__K1__source,source,1,ERM,13.260421752929688,10,source_env1_color
1,ERM__10__u001__K1__counterfactual_red,counterfactual_red,1,ERM,13.892265319824219,10,source_env1_color
1,ERM__10__u001__K1__counterfactual_green,counterfactual_green,1,ERM,12.908442497253418,10,source_env1_color
1,ERM__10__u001__K1__clean_task,clean_task,1,ERM,1.7587318420410156,10,source_env1_color
5,ERM__10__u001__K5__source,source,1,ERM,119.9331283569336,10,source_env1_color
5,ERM__10__u001__K5__counterfactual_red,counterfactual_red,1,ERM,129.17274475097656,10,source_env1_color
5,ERM__10__u001__K5__counterfactual_green,counterfactual_green,1,ERM,111.07176208496094,10,source_env1_color
5,ERM__10__u001__K5__clean_task,clean_task,1,ERM,18.960933685302734,10,source_env1_color
20,ERM__10__u001__K20__source,source,1,ERM,109.54381561279297,10,source_env1_color
20,ERM__10__u001__K20__counterfactual_red,counterfactual_red,1,ERM,131.6741943359375,10,source_env1_color
20,ERM__10__u001__K20__counterfactual_green,counterfactual_green,1,ERM,86.28057098388672,10,source_env1_color
20,ERM__10__u001__K20__clean_task,clean_task,1,ERM,22.834272384643555,10,source_env1_color
1,ERM__10__u002__K1__source,source,2,ERM,0.0,10,evaluation_color
1,ERM__10__u002__K1__counterfactual_red,counterfactual_red,2,ERM,0.0,10,evaluation_color
1,ERM__10__u002__K1__counterfactual_green,counterfactual_green,2,ERM,0.0,10,evaluation_color
1,ERM__10__u002__K1__clean_task,clean_task,2,ERM,0.0,10,evaluation_color
5,ERM__10__u002__K5__source,source,2,ERM,0.0,10,evaluation_color
5,ERM__10__u002__K5__counterfactual_red,counterfactual_red,2,ERM,0.0,10,evaluation_color
5,ERM__10__u002__K5__counterfactual_green,counterfactual_green,2,ERM,0.0,10,evaluation_color
5,ERM__10__u002__K5__clean_task,clean_task,2,ERM,0.0,10,evaluation_color
20,ERM__10__u002__K20__source,source,2,ERM,0.0,10,evaluation_color
20,ERM__10__u002__K20__counterfactual_red,counterfactual_red,2,ERM,0.0,10,evaluation_color
20,ERM__10__u002__K20__counterfactual_green,counterfactual_green,2,ERM,0.0,10,evaluation_color
20,ERM__10__u002__K20__clean_task,clean_task,2,ERM,0.0,10,evaluation_color
1,ERM__10__u003__K1__source,source,3,ERM,3.3838839530944824,10,source_label_noise
1,ERM__10__u003__K1__counterfactual_red,counterfactual_red,3,ERM,3.307384490966797,10,source_label_noise
1,ERM__10__u003__K1__counterfactual_green,counterfactual_green,3,ERM,5.404952049255371,10,source_label_noise
1,ERM__10__u003__K1__clean_task,clean_task,3,ERM,1.4494361877441406,10,source_label_noise
5,ERM__10__u003__K5__source,source,3,ERM,25.77175521850586,10,source_label_noise
5,ERM__10__u003__K5__counterfactual_red,counterfactual_red,3,ERM,43.65673828125,10,source_label_noise
5,ERM__10__u003__K5__counterfactual_green,counterfactual_green,3,ERM,36.766971588134766,10,source_label_noise
5,ERM__10__u003__K5__clean_task,clean_task,3,ERM,15.763236045837402,10,source_label_noise
20,ERM__10__u003__K20__source,source,3,ERM,79.86833190917969,10,source_label_noise
20,ERM__10__u003__K20__counterfactual_red,counterfactual_red,3,ERM,100.15760803222656,10,source_label_noise
20,ERM__10__u003__K20__counterfactual_green,counterfactual_green,3,ERM,89.02876281738281,10,source_label_noise
20,ERM__10__u003__K20__clean_task,clean_task,3,ERM,78.20361328125,10,source_label_noise
1,ERM__10__u004__K1__source,source,4,ERM,0.0,10,evaluation_label_noise
1,ERM__10__u004__K1__counterfactual_red,counterfactual_red,4,ERM,0.0,10,evaluation_label_noise
1,ERM__10__u004__K1__counterfactual_green,counterfactual_green,4,ERM,0.0,10,evaluation_label_noise
1,ERM__10__u004__K1__clean_task,clean_task,4,ERM,0.0,10,evaluation_label_noise
5,ERM__10__u004__K5__source,source,4,ERM,0.0,10,evaluation_label_noise
5,ERM__10__u004__K5__counterfactual_red,counterfactual_red,4,ERM,0.0,10,evaluation_label_noise
5,ERM__10__u004__K5__counterfactual_green,counterfactual_green,4,ERM,0.0,10,evaluation_label_noise
5,ERM__10__u004__K5__clean_task,clean_task,4,ERM,0.0,10,evaluation_label_noise
20,ERM__10__u004__K20__source,source,4,ERM,0.0,10,evaluation_label_noise
20,ERM__10__u004__K20__counterfactual_red,counterfactual_red,4,ERM,0.0,10,evaluation_label_noise
20,ERM__10__u004__K20__counterfactual_green,counterfactual_green,4,ERM,0.0,10,evaluation_label_noise
20,ERM__10__u004__K20__clean_task,clean_task,4,ERM,0.0,10,evaluation_label_noise
1,ERM__10__u005__K1__source,source,-1,ERM,18.83005714416504,10,source_color_common
1,ERM__10__u005__K1__counterfactual_red,counterfactual_red,-1,ERM,19.22101593017578,10,source_color_common
1,ERM__10__u005__K1__counterfactual_green,counterfactual_green,-1,ERM,18.799585342407227,10,source_color_common
1,ERM__10__u005__K1__clean_task,clean_task,-1,ERM,1.948786735534668,10,source_color_common
5,ERM__10__u005__K5__source,source,-1,ERM,169.88507080078125,10,source_color_common
5,ERM__10__u005__K5__counterfactual_red,counterfactual_red,-1,ERM,183.52635192871094,10,source_color_common
5,ERM__10__u005__K5__counterfactual_green,counterfactual_green,-1,ERM,156.71017456054688,10,source_color_common
5,ERM__10__u005__K5__clean_task,clean_task,-1,ERM,26.97576141357422,10,source_color_common
20,ERM__10__u005__K20__source,source,-1,ERM,155.46661376953125,10,source_color_common
20,ERM__10__u005__K20__counterfactual_red,counterfactual_red,-1,ERM,186.55604553222656,10,source_color_common
20,ERM__10__u005__K20__counterfactual_green,counterfactual_green,-1,ERM,122.41232299804688,10,source_color_common
20,ERM__10__u005__K20__clean_task,clean_task,-1,ERM,32.559913635253906,10,source_color_common
1,ERM__10__u006__K1__source,source,-1,ERM,0.48910340666770935,10,source_color_contrast
1,ERM__10__u006__K1__counterfactual_red,counterfactual_red,-1,ERM,0.5041179656982422,10,source_color_contrast
1,ERM__10__u006__K1__counterfactual_green,counterfactual_green,-1,ERM,0.5820826888084412,10,source_color_contrast
1,ERM__10__u006__K1__clean_task,clean_task,-1,ERM,0.6113182902336121,10,source_color_contrast
5,ERM__10__u006__K5__source,source,-1,ERM,1.266158103942871,10,source_color_contrast
5,ERM__10__u006__K5__counterfactual_red,counterfactual_red,-1,ERM,1.462607979774475,10,source_color_contrast
5,ERM__10__u006__K5__counterfactual_green,counterfactual_green,-1,ERM,1.6517243385314941,10,source_color_contrast
5,ERM__10__u006__K5__clean_task,clean_task,-1,ERM,0.7799303531646729,10,source_color_contrast
20,ERM__10__u006__K20__source,source,-1,ERM,4.684877395629883,10,source_color_contrast
20,ERM__10__u006__K20__counterfactual_red,counterfactual_red,-1,ERM,4.277743816375732,10,source_color_contrast
20,ERM__10__u006__K20__counterfactual_green,counterfactual_green,-1,ERM,5.597346305847168,10,source_color_contrast
20,ERM__10__u006__K20__clean_task,clean_task,-1,ERM,2.7637126445770264,10,source_color_contrast
1,ERM__10__u007__K1__source,source,-1,ERM,13.314862251281738,10,color_global
1,ERM__10__u007__K1__counterfactual_red,counterfactual_red,-1,ERM,13.59131145477295,10,color_global
1,ERM__10__u007__K1__counterfactual_green,counterfactual_green,-1,ERM,13.293314933776855,10,color_global
1,ERM__10__u007__K1__clean_task,clean_task,-1,ERM,1.3780003786087036,10,color_global
5,ERM__10__u007__K5__source,source,-1,ERM,120.12688446044922,10,color_global
5,ERM__10__u007__K5__counterfactual_red,counterfactual_red,-1,ERM,129.77273559570312,10,color_global
5,ERM__10__u007__K5__counterfactual_green,counterfactual_green,-1,ERM,110.81082916259766,10,color_global
5,ERM__10__u007__K5__clean_task,clean_task,-1,ERM,19.074745178222656,10,color_global
20,ERM__10__u007__K20__source,source,-1,ERM,109.93150329589844,10,color_global
20,ERM__10__u007__K20__counterfactual_red,counterfactual_red,-1,ERM,131.91505432128906,10,color_global
20,ERM__10__u007__K20__counterfactual_green,counterfactual_green,-1,ERM,86.55858612060547,10,color_global
20,ERM__10__u007__K20__clean_task,clean_task,-1,ERM,23.023334503173828,10,color_global
1,ERM__10__u008__K1__source,source,-1,ERM,13.314862251281738,10,color_shift
1,ERM__10__u008__K1__counterfactual_red,counterfactual_red,-1,ERM,13.59131145477295,10,color_shift
1,ERM__10__u008__K1__counterfactual_green,counterfactual_green,-1,ERM,13.293314933776855,10,color_shift
1,ERM__10__u008__K1__clean_task,clean_task,-1,ERM,1.3780003786087036,10,color_shift
5,ERM__10__u008__K5__source,source,-1,ERM,120.12688446044922,10,color_shift
5,ERM__10__u008__K5__counterfactual_red,counterfactual_red,-1,ERM,129.77273559570312,10,color_shift
5,ERM__10__u008__K5__counterfactual_green,counterfactual_green,-1,ERM,110.81082916259766,10,color_shift
5,ERM__10__u008__K5__clean_task,clean_task,-1,ERM,19.074745178222656,10,color_shift
20,ERM__10__u008__K20__source,source,-1,ERM,109.93150329589844,10,color_shift
20,ERM__10__u008__K20__counterfactual_red,counterfactual_red,-1,ERM,131.91505432128906,10,color_shift
20,ERM__10__u008__K20__counterfactual_green,counterfactual_green,-1,ERM,86.55858612060547,10,color_shift
20,ERM__10__u008__K20__clean_task,clean_task,-1,ERM,23.023334503173828,10,color_shift
1,ERM__10__u009__K1__source,source,-1,ERM,2.3927674293518066,10,noise_global
1,ERM__10__u009__K1__counterfactual_red,counterfactual_red,-1,ERM,2.3386738300323486,10,noise_global
1,ERM__10__u009__K1__counterfactual_green,counterfactual_green,-1,ERM,3.821878433227539,10,noise_global
1,ERM__10__u009__K1__clean_task,clean_task,-1,ERM,1.0249061584472656,10,noise_global
5,ERM__10__u009__K5__source,source,-1,ERM,18.2233829498291,10,noise_global
5,ERM__10__u009__K5__counterfactual_red,counterfactual_red,-1,ERM,30.869972229003906,10,noise_global
5,ERM__10__u009__K5__counterfactual_green,counterfactual_green,-1,ERM,25.9981746673584,10,noise_global
5,ERM__10__u009__K5__clean_task,clean_task,-1,ERM,11.14629077911377,10,noise_global
20,ERM__10__u009__K20__source,source,-1,ERM,56.475433349609375,10,noise_global
20,ERM__10__u009__K20__counterfactual_red,counterfactual_red,-1,ERM,70.8221206665039,10,noise_global
20,ERM__10__u009__K20__counterfactual_green,counterfactual_green,-1,ERM,62.952842712402344,10,noise_global
20,ERM__10__u009__K20__clean_task,clean_task,-1,ERM,55.298309326171875,10,noise_global
1,ERM__10__u010__K1__source,source,-1,ERM,2.3927674293518066,10,noise_shift
1,ERM__10__u010__K1__counterfactual_red,counterfactual_red,-1,ERM,2.3386738300323486,10,noise_shift
1,ERM__10__u010__K1__counterfactual_green,counterfactual_green,-1,ERM,3.821878433227539,10,noise_shift
1,ERM__10__u010__K1__clean_task,clean_task,-1,ERM,1.0249061584472656,10,noise_shift
5,ERM__10__u010__K5__source,source,-1,ERM,18.2233829498291,10,noise_shift
5,ERM__10__u010__K5__counterfactual_red,counterfactual_red,-1,ERM,30.869972229003906,10,noise_shift
5,ERM__10__u010__K5__counterfactual_green,counterfactual_green,-1,ERM,25.9981746673584,10,noise_shift
5,ERM__10__u010__K5__clean_task,clean_task,-1,ERM,11.14629077911377,10,noise_shift
20,ERM__10__u010__K20__source,source,-1,ERM,56.475433349609375,10,noise_shift
20,ERM__10__u010__K20__counterfactual_red,counterfactual_red,-1,ERM,70.8221206665039,10,noise_shift
20,ERM__10__u010__K20__counterfactual_green,counterfactual_green,-1,ERM,62.952842712402344,10,noise_shift
20,ERM__10__u010__K20__clean_task,clean_task,-1,ERM,55.298309326171875,10,noise_shift
1,IRMv1__10__u000__K1__source,source,0,IRMv1,0.5534514784812927,10,source_env0_color
1,IRMv1__10__u000__K1__counterfactual_red,counterfactual_red,0,IRMv1,0.5129595398902893,10,source_env0_color
1,IRMv1__10__u000__K1__counterfactual_green,counterfactual_green,0,IRMv1,0.4389009177684784,10,source_env0_color
1,IRMv1__10__u000__K1__clean_task,clean_task,0,IRMv1,0.026532389223575592,10,source_env0_color
5,IRMv1__10__u000__K5__source,source,0,IRMv1,3.3541924953460693,10,source_env0_color
5,IRMv1__10__u000__K5__counterfactual_red,counterfactual_red,0,IRMv1,3.1389424800872803,10,source_env0_color
5,IRMv1__10__u000__K5__counterfactual_green,counterfactual_green,0,IRMv1,2.569718360900879,10,source_env0_color
5,IRMv1__10__u000__K5__clean_task,clean_task,0,IRMv1,0.184317484498024,10,source_env0_color
20,IRMv1__10__u000__K20__source,source,0,IRMv1,4.371805667877197,10,source_env0_color
20,IRMv1__10__u000__K20__counterfactual_red,counterfactual_red,0,IRMv1,4.429356575012207,10,source_env0_color
20,IRMv1__10__u000__K20__counterfactual_green,counterfactual_green,0,IRMv1,2.6885197162628174,10,source_env0_color
20,IRMv1__10__u000__K20__clean_task,clean_task,0,IRMv1,0.6696602702140808,10,source_env0_color
1,IRMv1__10__u001__K1__source,source,1,IRMv1,0.595761775970459,10,source_env1_color
1,IRMv1__10__u001__K1__counterfactual_red,counterfactual_red,1,IRMv1,0.5303006768226624,10,source_env1_color
1,IRMv1__10__u001__K1__counterfactual_green,counterfactual_green,1,IRMv1,0.4969247579574585,10,source_env1_color
1,IRMv1__10__u001__K1__clean_task,clean_task,1,IRMv1,0.033658068627119064,10,source_env1_color
5,IRMv1__10__u001__K5__source,source,1,IRMv1,3.387787342071533,10,source_env1_color
5,IRMv1__10__u001__K5__counterfactual_red,counterfactual_red,1,IRMv1,3.0874290466308594,10,source_env1_color
5,IRMv1__10__u001__K5__counterfactual_green,counterfactual_green,1,IRMv1,2.6663057804107666,10,source_env1_color
5,IRMv1__10__u001__K5__clean_task,clean_task,1,IRMv1,0.2006455659866333,10,source_env1_color
20,IRMv1__10__u001__K20__source,source,1,IRMv1,4.2830400466918945,10,source_env1_color
20,IRMv1__10__u001__K20__counterfactual_red,counterfactual_red,1,IRMv1,4.064627170562744,10,source_env1_color
20,IRMv1__10__u001__K20__counterfactual_green,counterfactual_green,1,IRMv1,3.0526647567749023,10,source_env1_color
20,IRMv1__10__u001__K20__clean_task,clean_task,1,IRMv1,0.4199088215827942,10,source_env1_color
1,IRMv1__10__u002__K1__source,source,2,IRMv1,0.0,10,evaluation_color
1,IRMv1__10__u002__K1__counterfactual_red,counterfactual_red,2,IRMv1,0.0,10,evaluation_color
1,IRMv1__10__u002__K1__counterfactual_green,counterfactual_green,2,IRMv1,0.0,10,evaluation_color
1,IRMv1__10__u002__K1__clean_task,clean_task,2,IRMv1,0.0,10,evaluation_color
5,IRMv1__10__u002__K5__source,source,2,IRMv1,0.0,10,evaluation_color
5,IRMv1__10__u002__K5__counterfactual_red,counterfactual_red,2,IRMv1,0.0,10,evaluation_color
5,IRMv1__10__u002__K5__counterfactual_green,counterfactual_green,2,IRMv1,0.0,10,evaluation_color
5,IRMv1__10__u002__K5__clean_task,clean_task,2,IRMv1,0.0,10,evaluation_color
20,IRMv1__10__u002__K20__source,source,2,IRMv1,0.0,10,evaluation_color
20,IRMv1__10__u002__K20__counterfactual_red,counterfactual_red,2,IRMv1,0.0,10,evaluation_color
20,IRMv1__10__u002__K20__counterfactual_green,counterfactual_green,2,IRMv1,0.0,10,evaluation_color
20,IRMv1__10__u002__K20__clean_task,clean_task,2,IRMv1,0.0,10,evaluation_color
1,IRMv1__10__u003__K1__source,source,3,IRMv1,4.218096733093262,10,source_label_noise
1,IRMv1__10__u003__K1__counterfactual_red,counterfactual_red,3,IRMv1,3.782966136932373,10,source_label_noise
1,IRMv1__10__u003__K1__counterfactual_green,counterfactual_green,3,IRMv1,3.5282328128814697,10,source_label_noise
1,IRMv1__10__u003__K1__clean_task,clean_task,3,IRMv1,0.22482585906982422,10,source_label_noise
5,IRMv1__10__u003__K5__source,source,3,IRMv1,35.81367492675781,10,source_label_noise
5,IRMv1__10__u003__K5__counterfactual_red,counterfactual_red,3,IRMv1,31.213787078857422,10,source_label_noise
5,IRMv1__10__u003__K5__counterfactual_green,counterfactual_green,3,IRMv1,30.794170379638672,10,source_label_noise
5,IRMv1__10__u003__K5__clean_task,clean_task,3,IRMv1,2.374716281890869,10,source_label_noise
20,IRMv1__10__u003__K20__source,source,3,IRMv1,33.07709884643555,10,source_label_noise
20,IRMv1__10__u003__K20__counterfactual_red,counterfactual_red,3,IRMv1,29.891157150268555,10,source_label_noise
20,IRMv1__10__u003__K20__counterfactual_green,counterfactual_green,3,IRMv1,27.04981803894043,10,source_label_noise
20,IRMv1__10__u003__K20__clean_task,clean_task,3,IRMv1,1.4765598773956299,10,source_label_noise
1,IRMv1__10__u004__K1__source,source,4,IRMv1,0.0,10,evaluation_label_noise
1,IRMv1__10__u004__K1__counterfactual_red,counterfactual_red,4,IRMv1,0.0,10,evaluation_label_noise
1,IRMv1__10__u004__K1__counterfactual_green,counterfactual_green,4,IRMv1,0.0,10,evaluation_label_noise
1,IRMv1__10__u004__K1__clean_task,clean_task,4,IRMv1,0.0,10,evaluation_label_noise
5,IRMv1__10__u004__K5__source,source,4,IRMv1,0.0,10,evaluation_label_noise
5,IRMv1__10__u004__K5__counterfactual_red,counterfactual_red,4,IRMv1,0.0,10,evaluation_label_noise
5,IRMv1__10__u004__K5__counterfactual_green,counterfactual_green,4,IRMv1,0.0,10,evaluation_label_noise
5,IRMv1__10__u004__K5__clean_task,clean_task,4,IRMv1,0.0,10,evaluation_label_noise
20,IRMv1__10__u004__K20__source,source,4,IRMv1,0.0,10,evaluation_label_noise
20,IRMv1__10__u004__K20__counterfactual_red,counterfactual_red,4,IRMv1,0.0,10,evaluation_label_noise
20,IRMv1__10__u004__K20__counterfactual_green,counterfactual_green,4,IRMv1,0.0,10,evaluation_label_noise
20,IRMv1__10__u004__K20__clean_task,clean_task,4,IRMv1,0.0,10,evaluation_label_noise
1,IRMv1__10__u005__K1__source,source,-1,IRMv1,0.8123865723609924,10,source_color_common
1,IRMv1__10__u005__K1__counterfactual_red,counterfactual_red,-1,IRMv1,0.7376590371131897,10,source_color_common
1,IRMv1__10__u005__K1__counterfactual_green,counterfactual_green,-1,IRMv1,0.6616925597190857,10,source_color_common
1,IRMv1__10__u005__K1__clean_task,clean_task,-1,IRMv1,0.04043972119688988,10,source_color_common
5,IRMv1__10__u005__K5__source,source,-1,IRMv1,4.766535758972168,10,source_color_common
5,IRMv1__10__u005__K5__counterfactual_red,counterfactual_red,-1,IRMv1,4.402119159698486,10,source_color_common
5,IRMv1__10__u005__K5__counterfactual_green,counterfactual_green,-1,IRMv1,3.7022159099578857,10,source_color_common
5,IRMv1__10__u005__K5__clean_task,clean_task,-1,IRMv1,0.26532286405563354,10,source_color_common
20,IRMv1__10__u005__K20__source,source,-1,IRMv1,6.111048698425293,10,source_color_common
20,IRMv1__10__u005__K20__counterfactual_red,counterfactual_red,-1,IRMv1,6.003638744354248,10,source_color_common
20,IRMv1__10__u005__K20__counterfactual_green,counterfactual_green,-1,IRMv1,4.057478427886963,10,source_color_common
20,IRMv1__10__u005__K20__clean_task,clean_task,-1,IRMv1,0.7349644303321838,10,source_color_common
1,IRMv1__10__u006__K1__source,source,-1,IRMv1,0.035617925226688385,10,source_color_contrast
1,IRMv1__10__u006__K1__counterfactual_red,counterfactual_red,-1,IRMv1,0.014331209473311901,10,source_color_contrast
1,IRMv1__10__u006__K1__counterfactual_green,counterfactual_green,-1,IRMv1,0.041607558727264404,10,source_color_contrast
1,IRMv1__10__u006__K1__clean_task,clean_task,-1,IRMv1,0.014193732291460037,10,source_color_contrast
5,IRMv1__10__u006__K5__source,source,-1,IRMv1,0.08858025074005127,10,source_color_contrast
5,IRMv1__10__u006__K5__counterfactual_red,counterfactual_red,-1,IRMv1,0.08078563213348389,10,source_color_contrast
5,IRMv1__10__u006__K5__counterfactual_green,counterfactual_green,-1,IRMv1,0.07898188382387161,10,source_color_contrast
5,IRMv1__10__u006__K5__clean_task,clean_task,-1,IRMv1,0.06193021684885025,10,source_color_contrast
20,IRMv1__10__u006__K20__source,source,-1,IRMv1,0.33496522903442383,10,source_color_contrast
20,IRMv1__10__u006__K20__counterfactual_red,counterfactual_red,-1,IRMv1,0.3109874725341797,10,source_color_contrast
20,IRMv1__10__u006__K20__counterfactual_green,counterfactual_green,-1,IRMv1,0.289429247379303,10,source_color_contrast
20,IRMv1__10__u006__K20__clean_task,clean_task,-1,IRMv1,0.2908531725406647,10,source_color_contrast
1,IRMv1__10__u007__K1__source,source,-1,IRMv1,0.574444055557251,10,color_global
1,IRMv1__10__u007__K1__counterfactual_red,counterfactual_red,-1,IRMv1,0.5216037631034851,10,color_global
1,IRMv1__10__u007__K1__counterfactual_green,counterfactual_green,-1,IRMv1,0.467887282371521,10,color_global
1,IRMv1__10__u007__K1__clean_task,clean_task,-1,IRMv1,0.028595203533768654,10,color_global
5,IRMv1__10__u007__K5__source,source,-1,IRMv1,3.3704497814178467,10,color_global
5,IRMv1__10__u007__K5__counterfactual_red,counterfactual_red,-1,IRMv1,3.1127684116363525,10,color_global
5,IRMv1__10__u007__K5__counterfactual_green,counterfactual_green,-1,IRMv1,2.6178619861602783,10,color_global
5,IRMv1__10__u007__K5__clean_task,clean_task,-1,IRMv1,0.18761160969734192,10,color_global
20,IRMv1__10__u007__K20__source,source,-1,IRMv1,4.321164131164551,10,color_global
20,IRMv1__10__u007__K20__counterfactual_red,counterfactual_red,-1,IRMv1,4.245213508605957,10,color_global
20,IRMv1__10__u007__K20__counterfactual_green,counterfactual_green,-1,IRMv1,2.869070529937744,10,color_global
20,IRMv1__10__u007__K20__clean_task,clean_task,-1,IRMv1,0.5196983218193054,10,color_global
1,IRMv1__10__u008__K1__source,source,-1,IRMv1,0.574444055557251,10,color_shift
1,IRMv1__10__u008__K1__counterfactual_red,counterfactual_red,-1,IRMv1,0.5216037631034851,10,color_shift
1,IRMv1__10__u008__K1__counterfactual_green,counterfactual_green,-1,IRMv1,0.467887282371521,10,color_shift
1,IRMv1__10__u008__K1__clean_task,clean_task,-1,IRMv1,0.028595203533768654,10,color_shift
5,IRMv1__10__u008__K5__source,source,-1,IRMv1,3.3704497814178467,10,color_shift
5,IRMv1__10__u008__K5__counterfactual_red,counterfactual_red,-1,IRMv1,3.1127684116363525,10,color_shift
5,IRMv1__10__u008__K5__counterfactual_green,counterfactual_green,-1,IRMv1,2.6178619861602783,10,color_shift
5,IRMv1__10__u008__K5__clean_task,clean_task,-1,IRMv1,0.18761160969734192,10,color_shift
20,IRMv1__10__u008__K20__source,source,-1,IRMv1,4.321164131164551,10,color_shift
20,IRMv1__10__u008__K20__counterfactual_red,counterfactual_red,-1,IRMv1,4.245213508605957,10,color_shift
20,IRMv1__10__u008__K20__counterfactual_green,counterfactual_green,-1,IRMv1,2.869070529937744,10,color_shift
20,IRMv1__10__u008__K20__clean_task,clean_task,-1,IRMv1,0.5196983218193054,10,color_shift
1,IRMv1__10__u009__K1__source,source,-1,IRMv1,2.98264479637146,10,noise_global
1,IRMv1__10__u009__K1__counterfactual_red,counterfactual_red,-1,IRMv1,2.6749610900878906,10,noise_global
1,IRMv1__10__u009__K1__counterfactual_green,counterfactual_green,-1,IRMv1,2.4948372840881348,10,noise_global
1,IRMv1__10__u009__K1__clean_task,clean_task,-1,IRMv1,0.15897588431835175,10,noise_global
5,IRMv1__10__u009__K5__source,source,-1,IRMv1,25.324092864990234,10,noise_global
5,IRMv1__10__u009__K5__counterfactual_red,counterfactual_red,-1,IRMv1,22.07147979736328,10,noise_global
5,IRMv1__10__u009__K5__counterfactual_green,counterfactual_green,-1,IRMv1,21.77476692199707,10,noise_global
5,IRMv1__10__u009__K5__clean_task,clean_task,-1,IRMv1,1.67917799949646,10,noise_global
20,IRMv1__10__u009__K20__source,source,-1,IRMv1,23.389039993286133,10,noise_global
20,IRMv1__10__u009__K20__counterfactual_red,counterfactual_red,-1,IRMv1,21.136240005493164,10,noise_global
20,IRMv1__10__u009__K20__counterfactual_green,counterfactual_green,-1,IRMv1,19.12710952758789,10,noise_global
20,IRMv1__10__u009__K20__clean_task,clean_task,-1,IRMv1,1.0440855026245117,10,noise_global
1,IRMv1__10__u010__K1__source,source,-1,IRMv1,2.98264479637146,10,noise_shift
1,IRMv1__10__u010__K1__counterfactual_red,counterfactual_red,-1,IRMv1,2.6749610900878906,10,noise_shift
1,IRMv1__10__u010__K1__counterfactual_green,counterfactual_green,-1,IRMv1,2.4948372840881348,10,noise_shift
1,IRMv1__10__u010__K1__clean_task,clean_task,-1,IRMv1,0.15897588431835175,10,noise_shift
5,IRMv1__10__u010__K5__source,source,-1,IRMv1,25.324092864990234,10,noise_shift
5,IRMv1__10__u010__K5__counterfactual_red,counterfactual_red,-1,IRMv1,22.07147979736328,10,noise_shift
5,IRMv1__10__u010__K5__counterfactual_green,counterfactual_green,-1,IRMv1,21.77476692199707,10,noise_shift
5,IRMv1__10__u010__K5__clean_task,clean_task,-1,IRMv1,1.67917799949646,10,noise_shift
20,IRMv1__10__u010__K20__source,source,-1,IRMv1,23.389039993286133,10,noise_shift
20,IRMv1__10__u010__K20__counterfactual_red,counterfactual_red,-1,IRMv1,21.136240005493164,10,noise_shift
20,IRMv1__10__u010__K20__counterfactual_green,counterfactual_green,-1,IRMv1,19.12710952758789,10,noise_shift
20,IRMv1__10__u010__K20__clean_task,clean_task,-1,IRMv1,1.0440855026245117,10,noise_shift
1,VREX__10__u000__K1__source,source,0,VREX,0.6747755408287048,10,source_env0_color
1,VREX__10__u000__K1__counterfactual_red,counterfactual_red,0,VREX,0.4143963158130646,10,source_env0_color
1,VREX__10__u000__K1__counterfactual_green,counterfactual_green,0,VREX,0.766021728515625,10,source_env0_color
1,VREX__10__u000__K1__clean_task,clean_task,0,VREX,0.1401016265153885,10,source_env0_color
5,VREX__10__u000__K5__source,source,0,VREX,5.6919264793396,10,source_env0_color
5,VREX__10__u000__K5__counterfactual_red,counterfactual_red,0,VREX,3.9723284244537354,10,source_env0_color
5,VREX__10__u000__K5__counterfactual_green,counterfactual_green,0,VREX,6.138373851776123,10,source_env0_color
5,VREX__10__u000__K5__clean_task,clean_task,0,VREX,0.9425123333930969,10,source_env0_color
20,VREX__10__u000__K20__source,source,0,VREX,5.254523754119873,10,source_env0_color
20,VREX__10__u000__K20__counterfactual_red,counterfactual_red,0,VREX,6.030998706817627,10,source_env0_color
20,VREX__10__u000__K20__counterfactual_green,counterfactual_green,0,VREX,2.306774616241455,10,source_env0_color
20,VREX__10__u000__K20__clean_task,clean_task,0,VREX,2.526852607727051,10,source_env0_color
1,VREX__10__u001__K1__source,source,1,VREX,0.6695235967636108,10,source_env1_color
1,VREX__10__u001__K1__counterfactual_red,counterfactual_red,1,VREX,0.4160747528076172,10,source_env1_color
1,VREX__10__u001__K1__counterfactual_green,counterfactual_green,1,VREX,0.7604777216911316,10,source_env1_color
1,VREX__10__u001__K1__clean_task,clean_task,1,VREX,0.137016162276268,10,source_env1_color
5,VREX__10__u001__K5__source,source,1,VREX,5.7967448234558105,10,source_env1_color
5,VREX__10__u001__K5__counterfactual_red,counterfactual_red,1,VREX,4.081600189208984,10,source_env1_color
5,VREX__10__u001__K5__counterfactual_green,counterfactual_green,1,VREX,6.242454528808594,10,source_env1_color
5,VREX__10__u001__K5__clean_task,clean_task,1,VREX,0.9459086656570435,10,source_env1_color
20,VREX__10__u001__K20__source,source,1,VREX,6.067718982696533,10,source_env1_color
20,VREX__10__u001__K20__counterfactual_red,counterfactual_red,1,VREX,7.1981964111328125,10,source_env1_color
20,VREX__10__u001__K20__counterfactual_green,counterfactual_green,1,VREX,1.4671001434326172,10,source_env1_color
20,VREX__10__u001__K20__clean_task,clean_task,1,VREX,3.239980936050415,10,source_env1_color
1,VREX__10__u002__K1__source,source,2,VREX,0.0,10,evaluation_color
1,VREX__10__u002__K1__counterfactual_red,counterfactual_red,2,VREX,0.0,10,evaluation_color
1,VREX__10__u002__K1__counterfactual_green,counterfactual_green,2,VREX,0.0,10,evaluation_color
1,VREX__10__u002__K1__clean_task,clean_task,2,VREX,0.0,10,evaluation_color
5,VREX__10__u002__K5__source,source,2,VREX,0.0,10,evaluation_color
5,VREX__10__u002__K5__counterfactual_red,counterfactual_red,2,VREX,0.0,10,evaluation_color
5,VREX__10__u002__K5__counterfactual_green,counterfactual_green,2,VREX,0.0,10,evaluation_color
5,VREX__10__u002__K5__clean_task,clean_task,2,VREX,0.0,10,evaluation_color
20,VREX__10__u002__K20__source,source,2,VREX,0.0,10,evaluation_color
20,VREX__10__u002__K20__counterfactual_red,counterfactual_red,2,VREX,0.0,10,evaluation_color
20,VREX__10__u002__K20__counterfactual_green,counterfactual_green,2,VREX,0.0,10,evaluation_color
20,VREX__10__u002__K20__clean_task,clean_task,2,VREX,0.0,10,evaluation_color
1,VREX__10__u003__K1__source,source,3,VREX,0.224890798330307,10,source_label_noise
1,VREX__10__u003__K1__counterfactual_red,counterfactual_red,3,VREX,0.04756775125861168,10,source_label_noise
1,VREX__10__u003__K1__counterfactual_green,counterfactual_green,3,VREX,0.29474854469299316,10,source_label_noise
1,VREX__10__u003__K1__clean_task,clean_task,3,VREX,0.14543989300727844,10,source_label_noise
5,VREX__10__u003__K5__source,source,3,VREX,0.8637057542800903,10,source_label_noise
5,VREX__10__u003__K5__counterfactual_red,counterfactual_red,3,VREX,0.290060818195343,10,source_label_noise
5,VREX__10__u003__K5__counterfactual_green,counterfactual_green,3,VREX,1.0976701974868774,10,source_label_noise
5,VREX__10__u003__K5__clean_task,clean_task,3,VREX,0.6064198017120361,10,source_label_noise
20,VREX__10__u003__K20__source,source,3,VREX,7.3660383224487305,10,source_label_noise
20,VREX__10__u003__K20__counterfactual_red,counterfactual_red,3,VREX,7.338188171386719,10,source_label_noise
20,VREX__10__u003__K20__counterfactual_green,counterfactual_green,3,VREX,5.618698596954346,10,source_label_noise
20,VREX__10__u003__K20__clean_task,clean_task,3,VREX,5.679808616638184,10,source_label_noise
1,VREX__10__u004__K1__source,source,4,VREX,0.0,10,evaluation_label_noise
1,VREX__10__u004__K1__counterfactual_red,counterfactual_red,4,VREX,0.0,10,evaluation_label_noise
1,VREX__10__u004__K1__counterfactual_green,counterfactual_green,4,VREX,0.0,10,evaluation_label_noise
1,VREX__10__u004__K1__clean_task,clean_task,4,VREX,0.0,10,evaluation_label_noise
5,VREX__10__u004__K5__source,source,4,VREX,0.0,10,evaluation_label_noise
5,VREX__10__u004__K5__counterfactual_red,counterfactual_red,4,VREX,0.0,10,evaluation_label_noise
5,VREX__10__u004__K5__counterfactual_green,counterfactual_green,4,VREX,0.0,10,evaluation_label_noise
5,VREX__10__u004__K5__clean_task,clean_task,4,VREX,0.0,10,evaluation_label_noise
20,VREX__10__u004__K20__source,source,4,VREX,0.0,10,evaluation_label_noise
20,VREX__10__u004__K20__counterfactual_red,counterfactual_red,4,VREX,0.0,10,evaluation_label_noise
20,VREX__10__u004__K20__counterfactual_green,counterfactual_green,4,VREX,0.0,10,evaluation_label_noise
20,VREX__10__u004__K20__clean_task,clean_task,4,VREX,0.0,10,evaluation_label_noise
1,VREX__10__u005__K1__source,source,-1,VREX,0.0080960588529706,10,source_color_common
1,VREX__10__u005__K1__counterfactual_red,counterfactual_red,-1,VREX,0.0055650025606155396,10,source_color_common
1,VREX__10__u005__K1__counterfactual_green,counterfactual_green,-1,VREX,0.007418109569698572,10,source_color_common
1,VREX__10__u005__K1__clean_task,clean_task,-1,VREX,0.003421045606955886,10,source_color_common
5,VREX__10__u005__K5__source,source,-1,VREX,0.08320162445306778,10,source_color_common
5,VREX__10__u005__K5__counterfactual_red,counterfactual_red,-1,VREX,0.08114821463823318,10,source_color_common
5,VREX__10__u005__K5__counterfactual_green,counterfactual_green,-1,VREX,0.08060873299837112,10,source_color_common
5,VREX__10__u005__K5__clean_task,clean_task,-1,VREX,0.022923849523067474,10,source_color_common
20,VREX__10__u005__K20__source,source,-1,VREX,1.0100613832473755,10,source_color_common
20,VREX__10__u005__K20__counterfactual_red,counterfactual_red,-1,VREX,0.875942587852478,10,source_color_common
20,VREX__10__u005__K20__counterfactual_green,counterfactual_green,-1,VREX,0.7568944096565247,10,source_color_common
20,VREX__10__u005__K20__clean_task,clean_task,-1,VREX,0.5571181774139404,10,source_color_common
1,VREX__10__u006__K1__source,source,-1,VREX,0.9505358338356018,10,source_color_contrast
1,VREX__10__u006__K1__counterfactual_red,counterfactual_red,-1,VREX,0.5872065424919128,10,source_color_contrast
1,VREX__10__u006__K1__counterfactual_green,counterfactual_green,-1,VREX,1.079379677772522,10,source_color_contrast
1,VREX__10__u006__K1__clean_task,clean_task,-1,VREX,0.19593414664268494,10,source_color_contrast
5,VREX__10__u006__K5__source,source,-1,VREX,8.123629570007324,10,source_color_contrast
5,VREX__10__u006__K5__counterfactual_red,counterfactual_red,-1,VREX,5.6949334144592285,10,source_color_contrast
5,VREX__10__u006__K5__counterfactual_green,counterfactual_green,-1,VREX,8.75450611114502,10,source_color_contrast
5,VREX__10__u006__K5__clean_task,clean_task,-1,VREX,1.335120677947998,10,source_color_contrast
20,VREX__10__u006__K20__source,source,-1,VREX,7.962851524353027,10,source_color_contrast
20,VREX__10__u006__K20__counterfactual_red,counterfactual_red,-1,VREX,9.34985065460205,10,source_color_contrast
20,VREX__10__u006__K20__counterfactual_green,counterfactual_green,-1,VREX,2.6269187927246094,10,source_color_contrast
20,VREX__10__u006__K20__clean_task,clean_task,-1,VREX,4.0708818435668945,10,source_color_contrast
1,VREX__10__u007__K1__source,source,-1,VREX,0.0057247779332101345,10,color_global
1,VREX__10__u007__K1__counterfactual_red,counterfactual_red,-1,VREX,0.003935050684958696,10,color_global
1,VREX__10__u007__K1__counterfactual_green,counterfactual_green,-1,VREX,0.00524539640173316,10,color_global
1,VREX__10__u007__K1__clean_task,clean_task,-1,VREX,0.002419044729322195,10,color_global
5,VREX__10__u007__K5__source,source,-1,VREX,0.05883243307471275,10,color_global
5,VREX__10__u007__K5__counterfactual_red,counterfactual_red,-1,VREX,0.05738045275211334,10,color_global
5,VREX__10__u007__K5__counterfactual_green,counterfactual_green,-1,VREX,0.05699898675084114,10,color_global
5,VREX__10__u007__K5__clean_task,clean_task,-1,VREX,0.01620960794389248,10,color_global
20,VREX__10__u007__K20__source,source,-1,VREX,0.7142212390899658,10,color_global
20,VREX__10__u007__K20__counterfactual_red,counterfactual_red,-1,VREX,0.6193850040435791,10,color_global
20,VREX__10__u007__K20__counterfactual_green,counterfactual_green,-1,VREX,0.5352051854133606,10,color_global
20,VREX__10__u007__K20__clean_task,clean_task,-1,VREX,0.3939420282840729,10,color_global
1,VREX__10__u008__K1__source,source,-1,VREX,0.0057247779332101345,10,color_shift
1,VREX__10__u008__K1__counterfactual_red,counterfactual_red,-1,VREX,0.003935050684958696,10,color_shift
1,VREX__10__u008__K1__counterfactual_green,counterfactual_green,-1,VREX,0.00524539640173316,10,color_shift
1,VREX__10__u008__K1__clean_task,clean_task,-1,VREX,0.002419044729322195,10,color_shift
5,VREX__10__u008__K5__source,source,-1,VREX,0.05883243307471275,10,color_shift
5,VREX__10__u008__K5__counterfactual_red,counterfactual_red,-1,VREX,0.05738045275211334,10,color_shift
5,VREX__10__u008__K5__counterfactual_green,counterfactual_green,-1,VREX,0.05699898675084114,10,color_shift
5,VREX__10__u008__K5__clean_task,clean_task,-1,VREX,0.01620960794389248,10,color_shift
20,VREX__10__u008__K20__source,source,-1,VREX,0.7142212390899658,10,color_shift
20,VREX__10__u008__K20__counterfactual_red,counterfactual_red,-1,VREX,0.6193850040435791,10,color_shift
20,VREX__10__u008__K20__counterfactual_green,counterfactual_green,-1,VREX,0.5352051854133606,10,color_shift
20,VREX__10__u008__K20__clean_task,clean_task,-1,VREX,0.3939420282840729,10,color_shift
1,VREX__10__u009__K1__source,source,-1,VREX,0.15902180969715118,10,noise_global
1,VREX__10__u009__K1__counterfactual_red,counterfactual_red,-1,VREX,0.03363547846674919,10,noise_global
1,VREX__10__u009__K1__counterfactual_green,counterfactual_green,-1,VREX,0.20841868221759796,10,noise_global
1,VREX__10__u009__K1__clean_task,clean_task,-1,VREX,0.10284154117107391,10,noise_global
5,VREX__10__u009__K5__source,source,-1,VREX,0.6107321977615356,10,noise_global
5,VREX__10__u009__K5__counterfactual_red,counterfactual_red,-1,VREX,0.20510397851467133,10,noise_global
5,VREX__10__u009__K5__counterfactual_green,counterfactual_green,-1,VREX,0.7761699557304382,10,noise_global
5,VREX__10__u009__K5__clean_task,clean_task,-1,VREX,0.42880353331565857,10,noise_global
20,VREX__10__u009__K20__source,source,-1,VREX,5.20857572555542,10,noise_global
20,VREX__10__u009__K20__counterfactual_red,counterfactual_red,-1,VREX,5.188882350921631,10,noise_global
20,VREX__10__u009__K20__counterfactual_green,counterfactual_green,-1,VREX,3.973019599914551,10,noise_global
20,VREX__10__u009__K20__clean_task,clean_task,-1,VREX,4.016231060028076,10,noise_global
1,VREX__10__u010__K1__source,source,-1,VREX,0.15902180969715118,10,noise_shift
1,VREX__10__u010__K1__counterfactual_red,counterfactual_red,-1,VREX,0.03363547846674919,10,noise_shift
1,VREX__10__u010__K1__counterfactual_green,counterfactual_green,-1,VREX,0.20841868221759796,10,noise_shift
1,VREX__10__u010__K1__clean_task,clean_task,-1,VREX,0.10284154117107391,10,noise_shift
5,VREX__10__u010__K5__source,source,-1,VREX,0.6107321977615356,10,noise_shift
5,VREX__10__u010__K5__counterfactual_red,counterfactual_red,-1,VREX,0.20510397851467133,10,noise_shift
5,VREX__10__u010__K5__counterfactual_green,counterfactual_green,-1,VREX,0.7761699557304382,10,noise_shift
5,VREX__10__u010__K5__clean_task,clean_task,-1,VREX,0.42880353331565857,10,noise_shift
20,VREX__10__u010__K20__source,source,-1,VREX,5.20857572555542,10,noise_shift
20,VREX__10__u010__K20__counterfactual_red,counterfactual_red,-1,VREX,5.188882350921631,10,noise_shift
20,VREX__10__u010__K20__counterfactual_green,counterfactual_green,-1,VREX,3.973019599914551,10,noise_shift
20,VREX__10__u010__K20__clean_task,clean_task,-1,VREX,4.016231060028076,10,noise_shift
1,FISHR__10__u000__K1__source,source,0,FISHR,0.195729061961174,10,source_env0_color
1,FISHR__10__u000__K1__counterfactual_red,counterfactual_red,0,FISHR,0.23292995989322662,10,source_env0_color
1,FISHR__10__u000__K1__counterfactual_green,counterfactual_green,0,FISHR,0.0846780464053154,10,source_env0_color
1,FISHR__10__u000__K1__clean_task,clean_task,0,FISHR,0.059038639068603516,10,source_env0_color
5,FISHR__10__u000__K5__source,source,0,FISHR,2.956688404083252,10,source_env0_color
5,FISHR__10__u000__K5__counterfactual_red,counterfactual_red,0,FISHR,3.428797483444214,10,source_env0_color
5,FISHR__10__u000__K5__counterfactual_green,counterfactual_green,0,FISHR,1.4465794563293457,10,source_env0_color
5,FISHR__10__u000__K5__clean_task,clean_task,0,FISHR,0.7101733684539795,10,source_env0_color
20,FISHR__10__u000__K20__source,source,0,FISHR,19.302196502685547,10,source_env0_color
20,FISHR__10__u000__K20__counterfactual_red,counterfactual_red,0,FISHR,22.16385269165039,10,source_env0_color
20,FISHR__10__u000__K20__counterfactual_green,counterfactual_green,0,FISHR,9.972368240356445,10,source_env0_color
20,FISHR__10__u000__K20__clean_task,clean_task,0,FISHR,4.257869720458984,10,source_env0_color
1,FISHR__10__u001__K1__source,source,1,FISHR,0.17227323353290558,10,source_env1_color
1,FISHR__10__u001__K1__counterfactual_red,counterfactual_red,1,FISHR,0.20593982934951782,10,source_env1_color
1,FISHR__10__u001__K1__counterfactual_green,counterfactual_green,1,FISHR,0.07331769913434982,10,source_env1_color
1,FISHR__10__u001__K1__clean_task,clean_task,1,FISHR,0.0541585236787796,10,source_env1_color
5,FISHR__10__u001__K5__source,source,1,FISHR,2.5861897468566895,10,source_env1_color
5,FISHR__10__u001__K5__counterfactual_red,counterfactual_red,1,FISHR,3.006751537322998,10,source_env1_color
5,FISHR__10__u001__K5__counterfactual_green,counterfactual_green,1,FISHR,1.2529418468475342,10,source_env1_color
5,FISHR__10__u001__K5__clean_task,clean_task,1,FISHR,0.6304163336753845,10,source_env1_color
20,FISHR__10__u001__K20__source,source,1,FISHR,17.73313331604004,10,source_env1_color
20,FISHR__10__u001__K20__counterfactual_red,counterfactual_red,1,FISHR,20.3331298828125,10,source_env1_color
20,FISHR__10__u001__K20__counterfactual_green,counterfactual_green,1,FISHR,9.037179946899414,10,source_env1_color
20,FISHR__10__u001__K20__clean_task,clean_task,1,FISHR,3.936675548553467,10,source_env1_color
1,FISHR__10__u002__K1__source,source,2,FISHR,0.0,10,evaluation_color
1,FISHR__10__u002__K1__counterfactual_red,counterfactual_red,2,FISHR,0.0,10,evaluation_color
1,FISHR__10__u002__K1__counterfactual_green,counterfactual_green,2,FISHR,0.0,10,evaluation_color
1,FISHR__10__u002__K1__clean_task,clean_task,2,FISHR,0.0,10,evaluation_color
5,FISHR__10__u002__K5__source,source,2,FISHR,0.0,10,evaluation_color
5,FISHR__10__u002__K5__counterfactual_red,counterfactual_red,2,FISHR,0.0,10,evaluation_color
5,FISHR__10__u002__K5__counterfactual_green,counterfactual_green,2,FISHR,0.0,10,evaluation_color
5,FISHR__10__u002__K5__clean_task,clean_task,2,FISHR,0.0,10,evaluation_color
20,FISHR__10__u002__K20__source,source,2,FISHR,0.0,10,evaluation_color
20,FISHR__10__u002__K20__counterfactual_red,counterfactual_red,2,FISHR,0.0,10,evaluation_color
20,FISHR__10__u002__K20__counterfactual_green,counterfactual_green,2,FISHR,0.0,10,evaluation_color
20,FISHR__10__u002__K20__clean_task,clean_task,2,FISHR,0.0,10,evaluation_color
1,FISHR__10__u003__K1__source,source,3,FISHR,0.10105568170547485,10,source_label_noise
1,FISHR__10__u003__K1__counterfactual_red,counterfactual_red,3,FISHR,0.11954884976148605,10,source_label_noise
1,FISHR__10__u003__K1__counterfactual_green,counterfactual_green,3,FISHR,0.03791749104857445,10,source_label_noise
1,FISHR__10__u003__K1__clean_task,clean_task,3,FISHR,0.03264254704117775,10,source_label_noise
5,FISHR__10__u003__K5__source,source,3,FISHR,0.6548749804496765,10,source_label_noise
5,FISHR__10__u003__K5__counterfactual_red,counterfactual_red,3,FISHR,0.7545191049575806,10,source_label_noise
5,FISHR__10__u003__K5__counterfactual_green,counterfactual_green,3,FISHR,0.27554115653038025,10,source_label_noise
5,FISHR__10__u003__K5__clean_task,clean_task,3,FISHR,0.18740998208522797,10,source_label_noise
20,FISHR__10__u003__K20__source,source,3,FISHR,0.763003408908844,10,source_label_noise
20,FISHR__10__u003__K20__counterfactual_red,counterfactual_red,3,FISHR,0.819121778011322,10,source_label_noise
20,FISHR__10__u003__K20__counterfactual_green,counterfactual_green,3,FISHR,0.2723163366317749,10,source_label_noise
20,FISHR__10__u003__K20__clean_task,clean_task,3,FISHR,0.23151148855686188,10,source_label_noise
1,FISHR__10__u004__K1__source,source,4,FISHR,0.0,10,evaluation_label_noise
1,FISHR__10__u004__K1__counterfactual_red,counterfactual_red,4,FISHR,0.0,10,evaluation_label_noise
1,FISHR__10__u004__K1__counterfactual_green,counterfactual_green,4,FISHR,0.0,10,evaluation_label_noise
1,FISHR__10__u004__K1__clean_task,clean_task,4,FISHR,0.0,10,evaluation_label_noise
5,FISHR__10__u004__K5__source,source,4,FISHR,0.0,10,evaluation_label_noise
5,FISHR__10__u004__K5__counterfactual_red,counterfactual_red,4,FISHR,0.0,10,evaluation_label_noise
5,FISHR__10__u004__K5__counterfactual_green,counterfactual_green,4,FISHR,0.0,10,evaluation_label_noise
5,FISHR__10__u004__K5__clean_task,clean_task,4,FISHR,0.0,10,evaluation_label_noise
20,FISHR__10__u004__K20__source,source,4,FISHR,0.0,10,evaluation_label_noise
20,FISHR__10__u004__K20__counterfactual_red,counterfactual_red,4,FISHR,0.0,10,evaluation_label_noise
20,FISHR__10__u004__K20__counterfactual_green,counterfactual_green,4,FISHR,0.0,10,evaluation_label_noise
20,FISHR__10__u004__K20__clean_task,clean_task,4,FISHR,0.0,10,evaluation_label_noise
1,FISHR__10__u005__K1__source,source,-1,FISHR,0.016913430765271187,10,source_color_common
1,FISHR__10__u005__K1__counterfactual_red,counterfactual_red,-1,FISHR,0.01920340582728386,10,source_color_common
1,FISHR__10__u005__K1__counterfactual_green,counterfactual_green,-1,FISHR,0.008555466309189796,10,source_color_common
1,FISHR__10__u005__K1__clean_task,clean_task,-1,FISHR,0.0035601286217570305,10,source_color_common
5,FISHR__10__u005__K5__source,source,-1,FISHR,0.26319432258605957,10,source_color_common
5,FISHR__10__u005__K5__counterfactual_red,counterfactual_red,-1,FISHR,0.29900822043418884,10,source_color_common
5,FISHR__10__u005__K5__counterfactual_green,counterfactual_green,-1,FISHR,0.13846398890018463,10,source_color_common
5,FISHR__10__u005__K5__clean_task,clean_task,-1,FISHR,0.056982096284627914,10,source_color_common
20,FISHR__10__u005__K20__source,source,-1,FISHR,1.1583505868911743,10,source_color_common
20,FISHR__10__u005__K20__counterfactual_red,counterfactual_red,-1,FISHR,1.3358714580535889,10,source_color_common
20,FISHR__10__u005__K20__counterfactual_green,counterfactual_green,-1,FISHR,0.6939315795898438,10,source_color_common
20,FISHR__10__u005__K20__clean_task,clean_task,-1,FISHR,0.25429368019104004,10,source_color_common
1,FISHR__10__u006__K1__source,source,-1,FISHR,0.2601958215236664,10,source_color_contrast
1,FISHR__10__u006__K1__counterfactual_red,counterfactual_red,-1,FISHR,0.31032049655914307,10,source_color_contrast
1,FISHR__10__u006__K1__counterfactual_green,counterfactual_green,-1,FISHR,0.11168106645345688,10,source_color_contrast
1,FISHR__10__u006__K1__clean_task,clean_task,-1,FISHR,0.0800376906991005,10,source_color_contrast
5,FISHR__10__u006__K5__source,source,-1,FISHR,3.919325351715088,10,source_color_contrast
5,FISHR__10__u006__K5__counterfactual_red,counterfactual_red,-1,FISHR,4.550582408905029,10,source_color_contrast
5,FISHR__10__u006__K5__counterfactual_green,counterfactual_green,-1,FISHR,1.9087387323379517,10,source_color_contrast
5,FISHR__10__u006__K5__clean_task,clean_task,-1,FISHR,0.9479050636291504,10,source_color_contrast
20,FISHR__10__u006__K20__source,source,-1,FISHR,26.18581771850586,10,source_color_contrast
20,FISHR__10__u006__K20__counterfactual_red,counterfactual_red,-1,FISHR,30.048093795776367,10,source_color_contrast
20,FISHR__10__u006__K20__counterfactual_green,counterfactual_green,-1,FISHR,13.44013500213623,10,source_color_contrast
20,FISHR__10__u006__K20__clean_task,clean_task,-1,FISHR,5.793289661407471,10,source_color_contrast
1,FISHR__10__u007__K1__source,source,-1,FISHR,0.011959601193666458,10,color_global
1,FISHR__10__u007__K1__counterfactual_red,counterfactual_red,-1,FISHR,0.013578858226537704,10,color_global
1,FISHR__10__u007__K1__counterfactual_green,counterfactual_green,-1,FISHR,0.006049628369510174,10,color_global
1,FISHR__10__u007__K1__clean_task,clean_task,-1,FISHR,0.0025173912290483713,10,color_global
5,FISHR__10__u007__K5__source,source,-1,FISHR,0.18610648810863495,10,color_global
5,FISHR__10__u007__K5__counterfactual_red,counterfactual_red,-1,FISHR,0.21143075823783875,10,color_global
5,FISHR__10__u007__K5__counterfactual_green,counterfactual_green,-1,FISHR,0.09790882468223572,10,color_global
5,FISHR__10__u007__K5__clean_task,clean_task,-1,FISHR,0.04029242694377899,10,color_global
20,FISHR__10__u007__K20__source,source,-1,FISHR,0.8190775513648987,10,color_global
20,FISHR__10__u007__K20__counterfactual_red,counterfactual_red,-1,FISHR,0.9446038603782654,10,color_global
20,FISHR__10__u007__K20__counterfactual_green,counterfactual_green,-1,FISHR,0.49068373441696167,10,color_global
20,FISHR__10__u007__K20__clean_task,clean_task,-1,FISHR,0.17981280386447906,10,color_global
1,FISHR__10__u008__K1__source,source,-1,FISHR,0.011959601193666458,10,color_shift
1,FISHR__10__u008__K1__counterfactual_red,counterfactual_red,-1,FISHR,0.013578858226537704,10,color_shift
1,FISHR__10__u008__K1__counterfactual_green,counterfactual_green,-1,FISHR,0.006049628369510174,10,color_shift
1,FISHR__10__u008__K1__clean_task,clean_task,-1,FISHR,0.0025173912290483713,10,color_shift
5,FISHR__10__u008__K5__source,source,-1,FISHR,0.18610648810863495,10,color_shift
5,FISHR__10__u008__K5__counterfactual_red,counterfactual_red,-1,FISHR,0.21143075823783875,10,color_shift
5,FISHR__10__u008__K5__counterfactual_green,counterfactual_green,-1,FISHR,0.09790882468223572,10,color_shift
5,FISHR__10__u008__K5__clean_task,clean_task,-1,FISHR,0.04029242694377899,10,color_shift
20,FISHR__10__u008__K20__source,source,-1,FISHR,0.8190775513648987,10,color_shift
20,FISHR__10__u008__K20__counterfactual_red,counterfactual_red,-1,FISHR,0.9446038603782654,10,color_shift
20,FISHR__10__u008__K20__counterfactual_green,counterfactual_green,-1,FISHR,0.49068373441696167,10,color_shift
20,FISHR__10__u008__K20__clean_task,clean_task,-1,FISHR,0.17981280386447906,10,color_shift
1,FISHR__10__u009__K1__source,source,-1,FISHR,0.0714571550488472,10,noise_global
1,FISHR__10__u009__K1__counterfactual_red,counterfactual_red,-1,FISHR,0.08453380316495895,10,noise_global
1,FISHR__10__u009__K1__counterfactual_green,counterfactual_green,-1,FISHR,0.026811715215444565,10,noise_global
1,FISHR__10__u009__K1__clean_task,clean_task,-1,FISHR,0.023081766441464424,10,noise_global
5,FISHR__10__u009__K5__source,source,-1,FISHR,0.46306654810905457,10,noise_global
5,FISHR__10__u009__K5__counterfactual_red,counterfactual_red,-1,FISHR,0.5335255861282349,10,noise_global
5,FISHR__10__u009__K5__counterfactual_green,counterfactual_green,-1,FISHR,0.1948370337486267,10,noise_global
5,FISHR__10__u009__K5__clean_task,clean_task,-1,FISHR,0.13251885771751404,10,noise_global
20,FISHR__10__u009__K20__source,source,-1,FISHR,0.5395248532295227,10,noise_global
20,FISHR__10__u009__K20__counterfactual_red,counterfactual_red,-1,FISHR,0.5792065262794495,10,noise_global
20,FISHR__10__u009__K20__counterfactual_green,counterfactual_green,-1,FISHR,0.1925567239522934,10,noise_global
20,FISHR__10__u009__K20__clean_task,clean_task,-1,FISHR,0.1637033373117447,10,noise_global
1,FISHR__10__u010__K1__source,source,-1,FISHR,0.0714571550488472,10,noise_shift
1,FISHR__10__u010__K1__counterfactual_red,counterfactual_red,-1,FISHR,0.08453380316495895,10,noise_shift
1,FISHR__10__u010__K1__counterfactual_green,counterfactual_green,-1,FISHR,0.026811715215444565,10,noise_shift
1,FISHR__10__u010__K1__clean_task,clean_task,-1,FISHR,0.023081766441464424,10,noise_shift
5,FISHR__10__u010__K5__source,source,-1,FISHR,0.46306654810905457,10,noise_shift
5,FISHR__10__u010__K5__counterfactual_red,counterfactual_red,-1,FISHR,0.5335255861282349,10,noise_shift
5,FISHR__10__u010__K5__counterfactual_green,counterfactual_green,-1,FISHR,0.1948370337486267,10,noise_shift
5,FISHR__10__u010__K5__clean_task,clean_task,-1,FISHR,0.13251885771751404,10,noise_shift
20,FISHR__10__u010__K20__source,source,-1,FISHR,0.5395248532295227,10,noise_shift
20,FISHR__10__u010__K20__counterfactual_red,counterfactual_red,-1,FISHR,0.5792065262794495,10,noise_shift
20,FISHR__10__u010__K20__counterfactual_green,counterfactual_green,-1,FISHR,0.1925567239522934,10,noise_shift
20,FISHR__10__u010__K20__clean_task,clean_task,-1,FISHR,0.1637033373117447,10,noise_shift
1,CORAL__10__u000__K1__source,source,0,CORAL,13.244790077209473,10,source_env0_color
1,CORAL__10__u000__K1__counterfactual_red,counterfactual_red,0,CORAL,12.815940856933594,10,source_env0_color
1,CORAL__10__u000__K1__counterfactual_green,counterfactual_green,0,CORAL,13.580924987792969,10,source_env0_color
1,CORAL__10__u000__K1__clean_task,clean_task,0,CORAL,0.9765692949295044,10,source_env0_color
5,CORAL__10__u000__K5__source,source,0,CORAL,119.50859069824219,10,source_env0_color
5,CORAL__10__u000__K5__counterfactual_red,counterfactual_red,0,CORAL,128.78970336914062,10,source_env0_color
5,CORAL__10__u000__K5__counterfactual_green,counterfactual_green,0,CORAL,108.89012908935547,10,source_env0_color
5,CORAL__10__u000__K5__clean_task,clean_task,0,CORAL,19.960561752319336,10,source_env0_color
20,CORAL__10__u000__K20__source,source,0,CORAL,109.56150817871094,10,source_env0_color
20,CORAL__10__u000__K20__counterfactual_red,counterfactual_red,0,CORAL,131.1348876953125,10,source_env0_color
20,CORAL__10__u000__K20__counterfactual_green,counterfactual_green,0,CORAL,84.19214630126953,10,source_env0_color
20,CORAL__10__u000__K20__clean_task,clean_task,0,CORAL,25.98021697998047,10,source_env0_color
1,CORAL__10__u001__K1__source,source,1,CORAL,13.131972312927246,10,source_env1_color
1,CORAL__10__u001__K1__counterfactual_red,counterfactual_red,1,CORAL,13.46243667602539,10,source_env1_color
1,CORAL__10__u001__K1__counterfactual_green,counterfactual_green,1,CORAL,12.871953964233398,10,source_env1_color
1,CORAL__10__u001__K1__clean_task,clean_task,1,CORAL,1.589441180229187,10,source_env1_color
5,CORAL__10__u001__K5__source,source,1,CORAL,119.1904296875,10,source_env1_color
5,CORAL__10__u001__K5__counterfactual_red,counterfactual_red,1,CORAL,127.77178192138672,10,source_env1_color
5,CORAL__10__u001__K5__counterfactual_green,counterfactual_green,1,CORAL,109.69802856445312,10,source_env1_color
5,CORAL__10__u001__K5__clean_task,clean_task,1,CORAL,19.305585861206055,10,source_env1_color
20,CORAL__10__u001__K20__source,source,1,CORAL,108.87193298339844,10,source_env1_color
20,CORAL__10__u001__K20__counterfactual_red,counterfactual_red,1,CORAL,131.1063690185547,10,source_env1_color
20,CORAL__10__u001__K20__counterfactual_green,counterfactual_green,1,CORAL,83.0865249633789,10,source_env1_color
20,CORAL__10__u001__K20__clean_task,clean_task,1,CORAL,26.610279083251953,10,source_env1_color
1,CORAL__10__u002__K1__source,source,2,CORAL,0.0,10,evaluation_color
1,CORAL__10__u002__K1__counterfactual_red,counterfactual_red,2,CORAL,0.0,10,evaluation_color
1,CORAL__10__u002__K1__counterfactual_green,counterfactual_green,2,CORAL,0.0,10,evaluation_color
1,CORAL__10__u002__K1__clean_task,clean_task,2,CORAL,0.0,10,evaluation_color
5,CORAL__10__u002__K5__source,source,2,CORAL,0.0,10,evaluation_color
5,CORAL__10__u002__K5__counterfactual_red,counterfactual_red,2,CORAL,0.0,10,evaluation_color
5,CORAL__10__u002__K5__counterfactual_green,counterfactual_green,2,CORAL,0.0,10,evaluation_color
5,CORAL__10__u002__K5__clean_task,clean_task,2,CORAL,0.0,10,evaluation_color
20,CORAL__10__u002__K20__source,source,2,CORAL,0.0,10,evaluation_color
20,CORAL__10__u002__K20__counterfactual_red,counterfactual_red,2,CORAL,0.0,10,evaluation_color
20,CORAL__10__u002__K20__counterfactual_green,counterfactual_green,2,CORAL,0.0,10,evaluation_color
20,CORAL__10__u002__K20__clean_task,clean_task,2,CORAL,0.0,10,evaluation_color
1,CORAL__10__u003__K1__source,source,3,CORAL,3.3208374977111816,10,source_label_noise
1,CORAL__10__u003__K1__counterfactual_red,counterfactual_red,3,CORAL,3.180148124694824,10,source_label_noise
1,CORAL__10__u003__K1__counterfactual_green,counterfactual_green,3,CORAL,5.190861701965332,10,source_label_noise
1,CORAL__10__u003__K1__clean_task,clean_task,3,CORAL,1.375428318977356,10,source_label_noise
5,CORAL__10__u003__K5__source,source,3,CORAL,25.26579475402832,10,source_label_noise
5,CORAL__10__u003__K5__counterfactual_red,counterfactual_red,3,CORAL,42.71009063720703,10,source_label_noise
5,CORAL__10__u003__K5__counterfactual_green,counterfactual_green,3,CORAL,34.96812438964844,10,source_label_noise
5,CORAL__10__u003__K5__clean_task,clean_task,3,CORAL,15.933269500732422,10,source_label_noise
20,CORAL__10__u003__K20__source,source,3,CORAL,78.24031829833984,10,source_label_noise
20,CORAL__10__u003__K20__counterfactual_red,counterfactual_red,3,CORAL,95.30224609375,10,source_label_noise
20,CORAL__10__u003__K20__counterfactual_green,counterfactual_green,3,CORAL,86.06040954589844,10,source_label_noise
20,CORAL__10__u003__K20__clean_task,clean_task,3,CORAL,75.92706298828125,10,source_label_noise
1,CORAL__10__u004__K1__source,source,4,CORAL,0.0,10,evaluation_label_noise
1,CORAL__10__u004__K1__counterfactual_red,counterfactual_red,4,CORAL,0.0,10,evaluation_label_noise
1,CORAL__10__u004__K1__counterfactual_green,counterfactual_green,4,CORAL,0.0,10,evaluation_label_noise
1,CORAL__10__u004__K1__clean_task,clean_task,4,CORAL,0.0,10,evaluation_label_noise
5,CORAL__10__u004__K5__source,source,4,CORAL,0.0,10,evaluation_label_noise
5,CORAL__10__u004__K5__counterfactual_red,counterfactual_red,4,CORAL,0.0,10,evaluation_label_noise
5,CORAL__10__u004__K5__counterfactual_green,counterfactual_green,4,CORAL,0.0,10,evaluation_label_noise
5,CORAL__10__u004__K5__clean_task,clean_task,4,CORAL,0.0,10,evaluation_label_noise
20,CORAL__10__u004__K20__source,source,4,CORAL,0.0,10,evaluation_label_noise
20,CORAL__10__u004__K20__counterfactual_red,counterfactual_red,4,CORAL,0.0,10,evaluation_label_noise
20,CORAL__10__u004__K20__counterfactual_green,counterfactual_green,4,CORAL,0.0,10,evaluation_label_noise
20,CORAL__10__u004__K20__clean_task,clean_task,4,CORAL,0.0,10,evaluation_label_noise
1,CORAL__10__u005__K1__source,source,-1,CORAL,18.64472770690918,10,source_color_common
1,CORAL__10__u005__K1__counterfactual_red,counterfactual_red,-1,CORAL,18.579557418823242,10,source_color_common
1,CORAL__10__u005__K1__counterfactual_green,counterfactual_green,-1,CORAL,18.70413589477539,10,source_color_common
1,CORAL__10__u005__K1__clean_task,clean_task,-1,CORAL,1.7638334035873413,10,source_color_common
5,CORAL__10__u005__K5__source,source,-1,CORAL,168.78236389160156,10,source_color_common
5,CORAL__10__u005__K5__counterfactual_red,counterfactual_red,-1,CORAL,181.4127960205078,10,source_color_common
5,CORAL__10__u005__K5__counterfactual_green,counterfactual_green,-1,CORAL,154.55935668945312,10,source_color_common
5,CORAL__10__u005__K5__clean_task,clean_task,-1,CORAL,27.756305694580078,10,source_color_common
20,CORAL__10__u005__K20__source,source,-1,CORAL,154.38990783691406,10,source_color_common
20,CORAL__10__u005__K20__counterfactual_red,counterfactual_red,-1,CORAL,185.38441467285156,10,source_color_common
20,CORAL__10__u005__K20__counterfactual_green,counterfactual_green,-1,CORAL,118.15961456298828,10,source_color_common
20,CORAL__10__u005__K20__clean_task,clean_task,-1,CORAL,37.10874557495117,10,source_color_common
1,CORAL__10__u006__K1__source,source,-1,CORAL,0.497233510017395,10,source_color_contrast
1,CORAL__10__u006__K1__counterfactual_red,counterfactual_red,-1,CORAL,0.5343841910362244,10,source_color_contrast
1,CORAL__10__u006__K1__counterfactual_green,counterfactual_green,-1,CORAL,0.5329616069793701,10,source_color_contrast
1,CORAL__10__u006__K1__clean_task,clean_task,-1,CORAL,0.6073732972145081,10,source_color_contrast
5,CORAL__10__u006__K5__source,source,-1,CORAL,1.0824536085128784,10,source_color_contrast
5,CORAL__10__u006__K5__counterfactual_red,counterfactual_red,-1,CORAL,1.347198724746704,10,source_color_contrast
5,CORAL__10__u006__K5__counterfactual_green,counterfactual_green,-1,CORAL,1.4568051099777222,10,source_color_contrast
5,CORAL__10__u006__K5__clean_task,clean_task,-1,CORAL,0.8468472361564636,10,source_color_contrast
20,CORAL__10__u006__K20__source,source,-1,CORAL,4.536458492279053,10,source_color_contrast
20,CORAL__10__u006__K20__counterfactual_red,counterfactual_red,-1,CORAL,4.225586414337158,10,source_color_contrast
20,CORAL__10__u006__K20__counterfactual_green,counterfactual_green,-1,CORAL,5.476609706878662,10,source_color_contrast
20,CORAL__10__u006__K20__clean_task,clean_task,-1,CORAL,2.453462600708008,10,source_color_contrast
1,CORAL__10__u007__K1__source,source,-1,CORAL,13.18381404876709,10,color_global
1,CORAL__10__u007__K1__counterfactual_red,counterfactual_red,-1,CORAL,13.137730598449707,10,color_global
1,CORAL__10__u007__K1__counterfactual_green,counterfactual_green,-1,CORAL,13.225820541381836,10,color_global
1,CORAL__10__u007__K1__clean_task,clean_task,-1,CORAL,1.2472186088562012,10,color_global
5,CORAL__10__u007__K5__source,source,-1,CORAL,119.34716033935547,10,color_global
5,CORAL__10__u007__K5__counterfactual_red,counterfactual_red,-1,CORAL,128.27821350097656,10,color_global
5,CORAL__10__u007__K5__counterfactual_green,counterfactual_green,-1,CORAL,109.28997039794922,10,color_global
5,CORAL__10__u007__K5__clean_task,clean_task,-1,CORAL,19.626672744750977,10,color_global
20,CORAL__10__u007__K20__source,source,-1,CORAL,109.17015075683594,10,color_global
20,CORAL__10__u007__K20__counterfactual_red,counterfactual_red,-1,CORAL,131.08657836914062,10,color_global
20,CORAL__10__u007__K20__counterfactual_green,counterfactual_green,-1,CORAL,83.55146789550781,10,color_global
20,CORAL__10__u007__K20__clean_task,clean_task,-1,CORAL,26.239849090576172,10,color_global
1,CORAL__10__u008__K1__source,source,-1,CORAL,13.18381404876709,10,color_shift
1,CORAL__10__u008__K1__counterfactual_red,counterfactual_red,-1,CORAL,13.137730598449707,10,color_shift
1,CORAL__10__u008__K1__counterfactual_green,counterfactual_green,-1,CORAL,13.225820541381836,10,color_shift
1,CORAL__10__u008__K1__clean_task,clean_task,-1,CORAL,1.2472186088562012,10,color_shift
5,CORAL__10__u008__K5__source,source,-1,CORAL,119.34716033935547,10,color_shift
5,CORAL__10__u008__K5__counterfactual_red,counterfactual_red,-1,CORAL,128.27821350097656,10,color_shift
5,CORAL__10__u008__K5__counterfactual_green,counterfactual_green,-1,CORAL,109.28997039794922,10,color_shift
5,CORAL__10__u008__K5__clean_task,clean_task,-1,CORAL,19.626672744750977,10,color_shift
20,CORAL__10__u008__K20__source,source,-1,CORAL,109.17015075683594,10,color_shift
20,CORAL__10__u008__K20__counterfactual_red,counterfactual_red,-1,CORAL,131.08657836914062,10,color_shift
20,CORAL__10__u008__K20__counterfactual_green,counterfactual_green,-1,CORAL,83.55146789550781,10,color_shift
20,CORAL__10__u008__K20__clean_task,clean_task,-1,CORAL,26.239849090576172,10,color_shift
1,CORAL__10__u009__K1__source,source,-1,CORAL,2.348186731338501,10,noise_global
1,CORAL__10__u009__K1__counterfactual_red,counterfactual_red,-1,CORAL,2.248704433441162,10,noise_global
1,CORAL__10__u009__K1__counterfactual_green,counterfactual_green,-1,CORAL,3.6704936027526855,10,noise_global
1,CORAL__10__u009__K1__clean_task,clean_task,-1,CORAL,0.9725746512413025,10,noise_global
5,CORAL__10__u009__K5__source,source,-1,CORAL,17.86561393737793,10,noise_global
5,CORAL__10__u009__K5__counterfactual_red,counterfactual_red,-1,CORAL,30.200593948364258,10,noise_global
5,CORAL__10__u009__K5__counterfactual_green,counterfactual_green,-1,CORAL,24.7261962890625,10,noise_global
5,CORAL__10__u009__K5__clean_task,clean_task,-1,CORAL,11.266522407531738,10,noise_global
20,CORAL__10__u009__K20__source,source,-1,CORAL,55.32426071166992,10,noise_global
20,CORAL__10__u009__K20__counterfactual_red,counterfactual_red,-1,CORAL,67.38886260986328,10,noise_global
20,CORAL__10__u009__K20__counterfactual_green,counterfactual_green,-1,CORAL,60.85390090942383,10,noise_global
20,CORAL__10__u009__K20__clean_task,clean_task,-1,CORAL,53.68853759765625,10,noise_global
1,CORAL__10__u010__K1__source,source,-1,CORAL,2.348186731338501,10,noise_shift
1,CORAL__10__u010__K1__counterfactual_red,counterfactual_red,-1,CORAL,2.248704433441162,10,noise_shift
1,CORAL__10__u010__K1__counterfactual_green,counterfactual_green,-1,CORAL,3.6704936027526855,10,noise_shift
1,CORAL__10__u010__K1__clean_task,clean_task,-1,CORAL,0.9725746512413025,10,noise_shift
5,CORAL__10__u010__K5__source,source,-1,CORAL,17.86561393737793,10,noise_shift
5,CORAL__10__u010__K5__counterfactual_red,counterfactual_red,-1,CORAL,30.200593948364258,10,noise_shift
5,CORAL__10__u010__K5__counterfactual_green,counterfactual_green,-1,CORAL,24.7261962890625,10,noise_shift
5,CORAL__10__u010__K5__clean_task,clean_task,-1,CORAL,11.266522407531738,10,noise_shift
20,CORAL__10__u010__K20__source,source,-1,CORAL,55.32426071166992,10,noise_shift
20,CORAL__10__u010__K20__counterfactual_red,counterfactual_red,-1,CORAL,67.38886260986328,10,noise_shift
20,CORAL__10__u010__K20__counterfactual_green,counterfactual_green,-1,CORAL,60.85390090942383,10,noise_shift
20,CORAL__10__u010__K20__clean_task,clean_task,-1,CORAL,53.68853759765625,10,noise_shift
1,ERM__11__u000__K1__source,source,0,ERM,12.243035316467285,11,source_env0_color
1,ERM__11__u000__K1__counterfactual_red,counterfactual_red,0,ERM,12.779412269592285,11,source_env0_color
1,ERM__11__u000__K1__counterfactual_green,counterfactual_green,0,ERM,12.100345611572266,11,source_env0_color
1,ERM__11__u000__K1__clean_task,clean_task,0,ERM,0.8602547645568848,11,source_env0_color
5,ERM__11__u000__K5__source,source,0,ERM,109.22746276855469,11,source_env0_color
5,ERM__11__u000__K5__counterfactual_red,counterfactual_red,0,ERM,115.77327728271484,11,source_env0_color
5,ERM__11__u000__K5__counterfactual_green,counterfactual_green,0,ERM,104.22612762451172,11,source_env0_color
5,ERM__11__u000__K5__clean_task,clean_task,0,ERM,8.354479789733887,11,source_env0_color
20,ERM__11__u000__K20__source,source,0,ERM,89.87532043457031,11,source_env0_color
20,ERM__11__u000__K20__counterfactual_red,counterfactual_red,0,ERM,94.2774429321289,11,source_env0_color
20,ERM__11__u000__K20__counterfactual_green,counterfactual_green,0,ERM,78.74427795410156,11,source_env0_color
20,ERM__11__u000__K20__clean_task,clean_task,0,ERM,11.755237579345703,11,source_env0_color
1,ERM__11__u001__K1__source,source,1,ERM,12.079285621643066,11,source_env1_color
1,ERM__11__u001__K1__counterfactual_red,counterfactual_red,1,ERM,12.426840782165527,11,source_env1_color
1,ERM__11__u001__K1__counterfactual_green,counterfactual_green,1,ERM,11.830818176269531,11,source_env1_color
1,ERM__11__u001__K1__clean_task,clean_task,1,ERM,0.8313707709312439,11,source_env1_color
5,ERM__11__u001__K5__source,source,1,ERM,109.2032470703125,11,source_env1_color
5,ERM__11__u001__K5__counterfactual_red,counterfactual_red,1,ERM,113.37141418457031,11,source_env1_color
5,ERM__11__u001__K5__counterfactual_green,counterfactual_green,1,ERM,104.89181518554688,11,source_env1_color
5,ERM__11__u001__K5__clean_task,clean_task,1,ERM,7.412306785583496,11,source_env1_color
20,ERM__11__u001__K20__source,source,1,ERM,91.06041717529297,11,source_env1_color
20,ERM__11__u001__K20__counterfactual_red,counterfactual_red,1,ERM,97.89505004882812,11,source_env1_color
20,ERM__11__u001__K20__counterfactual_green,counterfactual_green,1,ERM,71.6373519897461,11,source_env1_color
20,ERM__11__u001__K20__clean_task,clean_task,1,ERM,17.26946449279785,11,source_env1_color
1,ERM__11__u002__K1__source,source,2,ERM,0.0,11,evaluation_color
1,ERM__11__u002__K1__counterfactual_red,counterfactual_red,2,ERM,0.0,11,evaluation_color
1,ERM__11__u002__K1__counterfactual_green,counterfactual_green,2,ERM,0.0,11,evaluation_color
1,ERM__11__u002__K1__clean_task,clean_task,2,ERM,0.0,11,evaluation_color
5,ERM__11__u002__K5__source,source,2,ERM,0.0,11,evaluation_color
5,ERM__11__u002__K5__counterfactual_red,counterfactual_red,2,ERM,0.0,11,evaluation_color
5,ERM__11__u002__K5__counterfactual_green,counterfactual_green,2,ERM,0.0,11,evaluation_color
5,ERM__11__u002__K5__clean_task,clean_task,2,ERM,0.0,11,evaluation_color
20,ERM__11__u002__K20__source,source,2,ERM,0.0,11,evaluation_color
20,ERM__11__u002__K20__counterfactual_red,counterfactual_red,2,ERM,0.0,11,evaluation_color
20,ERM__11__u002__K20__counterfactual_green,counterfactual_green,2,ERM,0.0,11,evaluation_color
20,ERM__11__u002__K20__clean_task,clean_task,2,ERM,0.0,11,evaluation_color
1,ERM__11__u003__K1__source,source,3,ERM,2.8055341243743896,11,source_label_noise
1,ERM__11__u003__K1__counterfactual_red,counterfactual_red,3,ERM,3.940281867980957,11,source_label_noise
1,ERM__11__u003__K1__counterfactual_green,counterfactual_green,3,ERM,3.9795312881469727,11,source_label_noise
1,ERM__11__u003__K1__clean_task,clean_task,3,ERM,1.2748132944107056,11,source_label_noise
5,ERM__11__u003__K5__source,source,3,ERM,24.485855102539062,11,source_label_noise
5,ERM__11__u003__K5__counterfactual_red,counterfactual_red,3,ERM,40.30541229248047,11,source_label_noise
5,ERM__11__u003__K5__counterfactual_green,counterfactual_green,3,ERM,33.46813201904297,11,source_label_noise
5,ERM__11__u003__K5__clean_task,clean_task,3,ERM,16.055940628051758,11,source_label_noise
20,ERM__11__u003__K20__source,source,3,ERM,98.85244750976562,11,source_label_noise
20,ERM__11__u003__K20__counterfactual_red,counterfactual_red,3,ERM,85.75550842285156,11,source_label_noise
20,ERM__11__u003__K20__counterfactual_green,counterfactual_green,3,ERM,97.25086212158203,11,source_label_noise
20,ERM__11__u003__K20__clean_task,clean_task,3,ERM,80.35657501220703,11,source_label_noise
1,ERM__11__u004__K1__source,source,4,ERM,0.0,11,evaluation_label_noise
1,ERM__11__u004__K1__counterfactual_red,counterfactual_red,4,ERM,0.0,11,evaluation_label_noise
1,ERM__11__u004__K1__counterfactual_green,counterfactual_green,4,ERM,0.0,11,evaluation_label_noise
1,ERM__11__u004__K1__clean_task,clean_task,4,ERM,0.0,11,evaluation_label_noise
5,ERM__11__u004__K5__source,source,4,ERM,0.0,11,evaluation_label_noise
5,ERM__11__u004__K5__counterfactual_red,counterfactual_red,4,ERM,0.0,11,evaluation_label_noise
5,ERM__11__u004__K5__counterfactual_green,counterfactual_green,4,ERM,0.0,11,evaluation_label_noise
5,ERM__11__u004__K5__clean_task,clean_task,4,ERM,0.0,11,evaluation_label_noise
20,ERM__11__u004__K20__source,source,4,ERM,0.0,11,evaluation_label_noise
20,ERM__11__u004__K20__counterfactual_red,counterfactual_red,4,ERM,0.0,11,evaluation_label_noise
20,ERM__11__u004__K20__counterfactual_green,counterfactual_green,4,ERM,0.0,11,evaluation_label_noise
20,ERM__11__u004__K20__clean_task,clean_task,4,ERM,0.0,11,evaluation_label_noise
1,ERM__11__u005__K1__source,source,-1,ERM,17.196714401245117,11,source_color_common
1,ERM__11__u005__K1__counterfactual_red,counterfactual_red,-1,ERM,17.821182250976562,11,source_color_common
1,ERM__11__u005__K1__counterfactual_green,counterfactual_green,-1,ERM,16.920177459716797,11,source_color_common
1,ERM__11__u005__K1__clean_task,clean_task,-1,ERM,1.1923006772994995,11,source_color_common
5,ERM__11__u005__K5__source,source,-1,ERM,154.44351196289062,11,source_color_common
5,ERM__11__u005__K5__counterfactual_red,counterfactual_red,-1,ERM,162.01620483398438,11,source_color_common
5,ERM__11__u005__K5__counterfactual_green,counterfactual_green,-1,ERM,147.86241149902344,11,source_color_common
5,ERM__11__u005__K5__clean_task,clean_task,-1,ERM,11.050817489624023,11,source_color_common
20,ERM__11__u005__K20__source,source,-1,ERM,127.8327407836914,11,source_color_common
20,ERM__11__u005__K20__counterfactual_red,counterfactual_red,-1,ERM,135.82369995117188,11,source_color_common
20,ERM__11__u005__K20__counterfactual_green,counterfactual_green,-1,ERM,106.24812316894531,11,source_color_common
20,ERM__11__u005__K20__clean_task,clean_task,-1,ERM,20.319807052612305,11,source_color_common
1,ERM__11__u006__K1__source,source,-1,ERM,0.2721608281135559,11,source_color_contrast
1,ERM__11__u006__K1__counterfactual_red,counterfactual_red,-1,ERM,0.38106492161750793,11,source_color_contrast
1,ERM__11__u006__K1__counterfactual_green,counterfactual_green,-1,ERM,0.3069046139717102,11,source_color_contrast
1,ERM__11__u006__K1__clean_task,clean_task,-1,ERM,0.09815653413534164,11,source_color_contrast
5,ERM__11__u006__K5__source,source,-1,ERM,1.786373496055603,11,source_color_contrast
5,ERM__11__u006__K5__counterfactual_red,counterfactual_red,-1,ERM,2.6974282264709473,11,source_color_contrast
5,ERM__11__u006__K5__counterfactual_green,counterfactual_green,-1,ERM,1.4441864490509033,11,source_color_contrast
5,ERM__11__u006__K5__clean_task,clean_task,-1,ERM,1.618349313735962,11,source_color_contrast
20,ERM__11__u006__K20__source,source,-1,ERM,5.325729846954346,11,source_color_contrast
20,ERM__11__u006__K20__counterfactual_red,counterfactual_red,-1,ERM,4.858009338378906,11,source_color_contrast
20,ERM__11__u006__K20__counterfactual_green,counterfactual_green,-1,ERM,6.626280307769775,11,source_color_contrast
20,ERM__11__u006__K20__clean_task,clean_task,-1,ERM,4.850311279296875,11,source_color_contrast
1,ERM__11__u007__K1__source,source,-1,ERM,12.159913063049316,11,color_global
1,ERM__11__u007__K1__counterfactual_red,counterfactual_red,-1,ERM,12.601478576660156,11,color_global
1,ERM__11__u007__K1__counterfactual_green,counterfactual_green,-1,ERM,11.964372634887695,11,color_global
1,ERM__11__u007__K1__clean_task,clean_task,-1,ERM,0.843083918094635,11,color_global
5,ERM__11__u007__K5__source,source,-1,ERM,109.20805358886719,11,color_global
5,ERM__11__u007__K5__counterfactual_red,counterfactual_red,-1,ERM,114.56275939941406,11,color_global
5,ERM__11__u007__K5__counterfactual_green,counterfactual_green,-1,ERM,104.55452728271484,11,color_global
5,ERM__11__u007__K5__clean_task,clean_task,-1,ERM,7.814108371734619,11,color_global
20,ERM__11__u007__K20__source,source,-1,ERM,90.39139556884766,11,color_global
20,ERM__11__u007__K20__counterfactual_red,counterfactual_red,-1,ERM,96.04186248779297,11,color_global
20,ERM__11__u007__K20__counterfactual_green,counterfactual_green,-1,ERM,75.12876892089844,11,color_global
20,ERM__11__u007__K20__clean_task,clean_task,-1,ERM,14.36827278137207,11,color_global
1,ERM__11__u008__K1__source,source,-1,ERM,12.159913063049316,11,color_shift
1,ERM__11__u008__K1__counterfactual_red,counterfactual_red,-1,ERM,12.601478576660156,11,color_shift
1,ERM__11__u008__K1__counterfactual_green,counterfactual_green,-1,ERM,11.964372634887695,11,color_shift
1,ERM__11__u008__K1__clean_task,clean_task,-1,ERM,0.843083918094635,11,color_shift
5,ERM__11__u008__K5__source,source,-1,ERM,109.20805358886719,11,color_shift
5,ERM__11__u008__K5__counterfactual_red,counterfactual_red,-1,ERM,114.56275939941406,11,color_shift
5,ERM__11__u008__K5__counterfactual_green,counterfactual_green,-1,ERM,104.55452728271484,11,color_shift
5,ERM__11__u008__K5__clean_task,clean_task,-1,ERM,7.814108371734619,11,color_shift
20,ERM__11__u008__K20__source,source,-1,ERM,90.39139556884766,11,color_shift
20,ERM__11__u008__K20__counterfactual_red,counterfactual_red,-1,ERM,96.04186248779297,11,color_shift
20,ERM__11__u008__K20__counterfactual_green,counterfactual_green,-1,ERM,75.12876892089844,11,color_shift
20,ERM__11__u008__K20__clean_task,clean_task,-1,ERM,14.36827278137207,11,color_shift
1,ERM__11__u009__K1__source,source,-1,ERM,1.9838120937347412,11,noise_global
1,ERM__11__u009__K1__counterfactual_red,counterfactual_red,-1,ERM,2.7861998081207275,11,noise_global
1,ERM__11__u009__K1__counterfactual_green,counterfactual_green,-1,ERM,2.8139536380767822,11,noise_global
1,ERM__11__u009__K1__clean_task,clean_task,-1,ERM,0.9014291167259216,11,noise_global
5,ERM__11__u009__K5__source,source,-1,ERM,17.31411361694336,11,noise_global
5,ERM__11__u009__K5__counterfactual_red,counterfactual_red,-1,ERM,28.500228881835938,11,noise_global
5,ERM__11__u009__K5__counterfactual_green,counterfactual_green,-1,ERM,23.665542602539062,11,noise_global
5,ERM__11__u009__K5__clean_task,clean_task,-1,ERM,11.353263854980469,11,noise_global
20,ERM__11__u009__K20__source,source,-1,ERM,69.89923095703125,11,noise_global
20,ERM__11__u009__K20__counterfactual_red,counterfactual_red,-1,ERM,60.63829803466797,11,noise_global
20,ERM__11__u009__K20__counterfactual_green,counterfactual_green,-1,ERM,68.7667465209961,11,noise_global
20,ERM__11__u009__K20__clean_task,clean_task,-1,ERM,56.8206787109375,11,noise_global
1,ERM__11__u010__K1__source,source,-1,ERM,1.9838120937347412,11,noise_shift
1,ERM__11__u010__K1__counterfactual_red,counterfactual_red,-1,ERM,2.7861998081207275,11,noise_shift
1,ERM__11__u010__K1__counterfactual_green,counterfactual_green,-1,ERM,2.8139536380767822,11,noise_shift
1,ERM__11__u010__K1__clean_task,clean_task,-1,ERM,0.9014291167259216,11,noise_shift
5,ERM__11__u010__K5__source,source,-1,ERM,17.31411361694336,11,noise_shift
5,ERM__11__u010__K5__counterfactual_red,counterfactual_red,-1,ERM,28.500228881835938,11,noise_shift
5,ERM__11__u010__K5__counterfactual_green,counterfactual_green,-1,ERM,23.665542602539062,11,noise_shift
5,ERM__11__u010__K5__clean_task,clean_task,-1,ERM,11.353263854980469,11,noise_shift
20,ERM__11__u010__K20__source,source,-1,ERM,69.89923095703125,11,noise_shift
20,ERM__11__u010__K20__counterfactual_red,counterfactual_red,-1,ERM,60.63829803466797,11,noise_shift
20,ERM__11__u010__K20__counterfactual_green,counterfactual_green,-1,ERM,68.7667465209961,11,noise_shift
20,ERM__11__u010__K20__clean_task,clean_task,-1,ERM,56.8206787109375,11,noise_shift
1,IRMv1__11__u000__K1__source,source,0,IRMv1,0.05542659014463425,11,source_env0_color
1,IRMv1__11__u000__K1__counterfactual_red,counterfactual_red,0,IRMv1,0.050813984125852585,11,source_env0_color
1,IRMv1__11__u000__K1__counterfactual_green,counterfactual_green,0,IRMv1,0.0439518503844738,11,source_env0_color
1,IRMv1__11__u000__K1__clean_task,clean_task,0,IRMv1,0.0034546649549156427,11,source_env0_color
5,IRMv1__11__u000__K5__source,source,0,IRMv1,0.8192649483680725,11,source_env0_color
5,IRMv1__11__u000__K5__counterfactual_red,counterfactual_red,0,IRMv1,0.7308967709541321,11,source_env0_color
5,IRMv1__11__u000__K5__counterfactual_green,counterfactual_green,0,IRMv1,0.7235487699508667,11,source_env0_color
5,IRMv1__11__u000__K5__clean_task,clean_task,0,IRMv1,0.05222507566213608,11,source_env0_color
20,IRMv1__11__u000__K20__source,source,0,IRMv1,2.6193504333496094,11,source_env0_color
20,IRMv1__11__u000__K20__counterfactual_red,counterfactual_red,0,IRMv1,2.5442569255828857,11,source_env0_color
20,IRMv1__11__u000__K20__counterfactual_green,counterfactual_green,0,IRMv1,2.16733717918396,11,source_env0_color
20,IRMv1__11__u000__K20__clean_task,clean_task,0,IRMv1,0.26153451204299927,11,source_env0_color
1,IRMv1__11__u001__K1__source,source,1,IRMv1,0.2812493145465851,11,source_env1_color
1,IRMv1__11__u001__K1__counterfactual_red,counterfactual_red,1,IRMv1,0.24675120413303375,11,source_env1_color
1,IRMv1__11__u001__K1__counterfactual_green,counterfactual_green,1,IRMv1,0.2431991994380951,11,source_env1_color
1,IRMv1__11__u001__K1__clean_task,clean_task,1,IRMv1,0.014368363656103611,11,source_env1_color
5,IRMv1__11__u001__K5__source,source,1,IRMv1,1.2248008251190186,11,source_env1_color
5,IRMv1__11__u001__K5__counterfactual_red,counterfactual_red,1,IRMv1,1.0816723108291626,11,source_env1_color
5,IRMv1__11__u001__K5__counterfactual_green,counterfactual_green,1,IRMv1,1.039588451385498,11,source_env1_color
5,IRMv1__11__u001__K5__clean_task,clean_task,1,IRMv1,0.0584898367524147,11,source_env1_color
20,IRMv1__11__u001__K20__source,source,1,IRMv1,3.9536023139953613,11,source_env1_color
20,IRMv1__11__u001__K20__counterfactual_red,counterfactual_red,1,IRMv1,3.3315317630767822,11,source_env1_color
20,IRMv1__11__u001__K20__counterfactual_green,counterfactual_green,1,IRMv1,3.427046060562134,11,source_env1_color
20,IRMv1__11__u001__K20__clean_task,clean_task,1,IRMv1,0.2876236140727997,11,source_env1_color
1,IRMv1__11__u002__K1__source,source,2,IRMv1,0.0,11,evaluation_color
1,IRMv1__11__u002__K1__counterfactual_red,counterfactual_red,2,IRMv1,0.0,11,evaluation_color
1,IRMv1__11__u002__K1__counterfactual_green,counterfactual_green,2,IRMv1,0.0,11,evaluation_color
1,IRMv1__11__u002__K1__clean_task,clean_task,2,IRMv1,0.0,11,evaluation_color
5,IRMv1__11__u002__K5__source,source,2,IRMv1,0.0,11,evaluation_color
5,IRMv1__11__u002__K5__counterfactual_red,counterfactual_red,2,IRMv1,0.0,11,evaluation_color
5,IRMv1__11__u002__K5__counterfactual_green,counterfactual_green,2,IRMv1,0.0,11,evaluation_color
5,IRMv1__11__u002__K5__clean_task,clean_task,2,IRMv1,0.0,11,evaluation_color
20,IRMv1__11__u002__K20__source,source,2,IRMv1,0.0,11,evaluation_color
20,IRMv1__11__u002__K20__counterfactual_red,counterfactual_red,2,IRMv1,0.0,11,evaluation_color
20,IRMv1__11__u002__K20__counterfactual_green,counterfactual_green,2,IRMv1,0.0,11,evaluation_color
20,IRMv1__11__u002__K20__clean_task,clean_task,2,IRMv1,0.0,11,evaluation_color
1,IRMv1__11__u003__K1__source,source,3,IRMv1,6.573832988739014,11,source_label_noise
1,IRMv1__11__u003__K1__counterfactual_red,counterfactual_red,3,IRMv1,5.652827739715576,11,source_label_noise
1,IRMv1__11__u003__K1__counterfactual_green,counterfactual_green,3,IRMv1,5.991623401641846,11,source_label_noise
1,IRMv1__11__u003__K1__clean_task,clean_task,3,IRMv1,0.5185750722885132,11,source_label_noise
5,IRMv1__11__u003__K5__source,source,3,IRMv1,50.56331253051758,11,source_label_noise
5,IRMv1__11__u003__K5__counterfactual_red,counterfactual_red,3,IRMv1,43.641090393066406,11,source_label_noise
5,IRMv1__11__u003__K5__counterfactual_green,counterfactual_green,3,IRMv1,46.058101654052734,11,source_label_noise
5,IRMv1__11__u003__K5__clean_task,clean_task,3,IRMv1,4.07630729675293,11,source_label_noise
20,IRMv1__11__u003__K20__source,source,3,IRMv1,46.01137161254883,11,source_label_noise
20,IRMv1__11__u003__K20__counterfactual_red,counterfactual_red,3,IRMv1,40.70806121826172,11,source_label_noise
20,IRMv1__11__u003__K20__counterfactual_green,counterfactual_green,3,IRMv1,41.37471008300781,11,source_label_noise
20,IRMv1__11__u003__K20__clean_task,clean_task,3,IRMv1,3.7954254150390625,11,source_label_noise
1,IRMv1__11__u004__K1__source,source,4,IRMv1,0.0,11,evaluation_label_noise
1,IRMv1__11__u004__K1__counterfactual_red,counterfactual_red,4,IRMv1,0.0,11,evaluation_label_noise
1,IRMv1__11__u004__K1__counterfactual_green,counterfactual_green,4,IRMv1,0.0,11,evaluation_label_noise
1,IRMv1__11__u004__K1__clean_task,clean_task,4,IRMv1,0.0,11,evaluation_label_noise
5,IRMv1__11__u004__K5__source,source,4,IRMv1,0.0,11,evaluation_label_noise
5,IRMv1__11__u004__K5__counterfactual_red,counterfactual_red,4,IRMv1,0.0,11,evaluation_label_noise
5,IRMv1__11__u004__K5__counterfactual_green,counterfactual_green,4,IRMv1,0.0,11,evaluation_label_noise
5,IRMv1__11__u004__K5__clean_task,clean_task,4,IRMv1,0.0,11,evaluation_label_noise
20,IRMv1__11__u004__K20__source,source,4,IRMv1,0.0,11,evaluation_label_noise
20,IRMv1__11__u004__K20__counterfactual_red,counterfactual_red,4,IRMv1,0.0,11,evaluation_label_noise
20,IRMv1__11__u004__K20__counterfactual_green,counterfactual_green,4,IRMv1,0.0,11,evaluation_label_noise
20,IRMv1__11__u004__K20__clean_task,clean_task,4,IRMv1,0.0,11,evaluation_label_noise
1,IRMv1__11__u005__K1__source,source,-1,IRMv1,0.23790958523750305,11,source_color_common
1,IRMv1__11__u005__K1__counterfactual_red,counterfactual_red,-1,IRMv1,0.21031154692173004,11,source_color_common
1,IRMv1__11__u005__K1__counterfactual_green,counterfactual_green,-1,IRMv1,0.203014075756073,11,source_color_common
1,IRMv1__11__u005__K1__clean_task,clean_task,-1,IRMv1,0.011246991343796253,11,source_color_common
5,IRMv1__11__u005__K5__source,source,-1,IRMv1,1.444846272468567,11,source_color_common
5,IRMv1__11__u005__K5__counterfactual_red,counterfactual_red,-1,IRMv1,1.2808634042739868,11,source_color_common
5,IRMv1__11__u005__K5__counterfactual_green,counterfactual_green,-1,IRMv1,1.2465145587921143,11,source_color_common
5,IRMv1__11__u005__K5__clean_task,clean_task,-1,IRMv1,0.07420351356267929,11,source_color_common
20,IRMv1__11__u005__K20__source,source,-1,IRMv1,4.635691165924072,11,source_color_common
20,IRMv1__11__u005__K20__counterfactual_red,counterfactual_red,-1,IRMv1,4.141209125518799,11,source_color_common
20,IRMv1__11__u005__K20__counterfactual_green,counterfactual_green,-1,IRMv1,3.950685501098633,11,source_color_common
20,IRMv1__11__u005__K20__clean_task,clean_task,-1,IRMv1,0.25326526165008545,11,source_color_common
1,IRMv1__11__u006__K1__source,source,-1,IRMv1,0.15991345047950745,11,source_color_contrast
1,IRMv1__11__u006__K1__counterfactual_red,counterfactual_red,-1,IRMv1,0.1386984884738922,11,source_color_contrast
1,IRMv1__11__u006__K1__counterfactual_green,counterfactual_green,-1,IRMv1,0.14093580842018127,11,source_color_contrast
1,IRMv1__11__u006__K1__clean_task,clean_task,-1,IRMv1,0.009585915133357048,11,source_color_contrast
5,IRMv1__11__u006__K5__source,source,-1,IRMv1,0.2893983721733093,11,source_color_contrast
5,IRMv1__11__u006__K5__counterfactual_red,counterfactual_red,-1,IRMv1,0.2522180378437042,11,source_color_contrast
5,IRMv1__11__u006__K5__counterfactual_green,counterfactual_green,-1,IRMv1,0.2246512472629547,11,source_color_contrast
5,IRMv1__11__u006__K5__clean_task,clean_task,-1,IRMv1,0.025344781577587128,11,source_color_contrast
20,IRMv1__11__u006__K20__source,source,-1,IRMv1,1.0011671781539917,11,source_color_contrast
20,IRMv1__11__u006__K20__counterfactual_red,counterfactual_red,-1,IRMv1,0.6501817107200623,11,source_color_contrast
20,IRMv1__11__u006__K20__counterfactual_green,counterfactual_green,-1,IRMv1,0.9132793545722961,11,source_color_contrast
20,IRMv1__11__u006__K20__clean_task,clean_task,-1,IRMv1,0.2949310839176178,11,source_color_contrast
1,IRMv1__11__u007__K1__source,source,-1,IRMv1,0.16822749376296997,11,color_global
1,IRMv1__11__u007__K1__counterfactual_red,counterfactual_red,-1,IRMv1,0.14871272444725037,11,color_global
1,IRMv1__11__u007__K1__counterfactual_green,counterfactual_green,-1,IRMv1,0.14355263113975525,11,color_global
1,IRMv1__11__u007__K1__clean_task,clean_task,-1,IRMv1,0.007952824234962463,11,color_global
5,IRMv1__11__u007__K5__source,source,-1,IRMv1,1.021660566329956,11,color_global
5,IRMv1__11__u007__K5__counterfactual_red,counterfactual_red,-1,IRMv1,0.9057072401046753,11,color_global
5,IRMv1__11__u007__K5__counterfactual_green,counterfactual_green,-1,IRMv1,0.8814189434051514,11,color_global
5,IRMv1__11__u007__K5__clean_task,clean_task,-1,IRMv1,0.05246980860829353,11,color_global
20,IRMv1__11__u007__K20__source,source,-1,IRMv1,3.277928590774536,11,color_global
20,IRMv1__11__u007__K20__counterfactual_red,counterfactual_red,-1,IRMv1,2.928277015686035,11,color_global
20,IRMv1__11__u007__K20__counterfactual_green,counterfactual_green,-1,IRMv1,2.7935564517974854,11,color_global
20,IRMv1__11__u007__K20__clean_task,clean_task,-1,IRMv1,0.1790855973958969,11,color_global
1,IRMv1__11__u008__K1__source,source,-1,IRMv1,0.16822749376296997,11,color_shift
1,IRMv1__11__u008__K1__counterfactual_red,counterfactual_red,-1,IRMv1,0.14871272444725037,11,color_shift
1,IRMv1__11__u008__K1__counterfactual_green,counterfactual_green,-1,IRMv1,0.14355263113975525,11,color_shift
1,IRMv1__11__u008__K1__clean_task,clean_task,-1,IRMv1,0.007952824234962463,11,color_shift
5,IRMv1__11__u008__K5__source,source,-1,IRMv1,1.021660566329956,11,color_shift
5,IRMv1__11__u008__K5__counterfactual_red,counterfactual_red,-1,IRMv1,0.9057072401046753,11,color_shift
5,IRMv1__11__u008__K5__counterfactual_green,counterfactual_green,-1,IRMv1,0.8814189434051514,11,color_shift
5,IRMv1__11__u008__K5__clean_task,clean_task,-1,IRMv1,0.05246980860829353,11,color_shift
20,IRMv1__11__u008__K20__source,source,-1,IRMv1,3.277928590774536,11,color_shift
20,IRMv1__11__u008__K20__counterfactual_red,counterfactual_red,-1,IRMv1,2.928277015686035,11,color_shift
20,IRMv1__11__u008__K20__counterfactual_green,counterfactual_green,-1,IRMv1,2.7935564517974854,11,color_shift
20,IRMv1__11__u008__K20__clean_task,clean_task,-1,IRMv1,0.1790855973958969,11,color_shift
1,IRMv1__11__u009__K1__source,source,-1,IRMv1,4.648401737213135,11,noise_global
1,IRMv1__11__u009__K1__counterfactual_red,counterfactual_red,-1,IRMv1,3.997152805328369,11,noise_global
1,IRMv1__11__u009__K1__counterfactual_green,counterfactual_green,-1,IRMv1,4.236717700958252,11,noise_global
1,IRMv1__11__u009__K1__clean_task,clean_task,-1,IRMv1,0.36668795347213745,11,noise_global
5,IRMv1__11__u009__K5__source,source,-1,IRMv1,35.753658294677734,11,noise_global
5,IRMv1__11__u009__K5__counterfactual_red,counterfactual_red,-1,IRMv1,30.858909606933594,11,noise_global
5,IRMv1__11__u009__K5__counterfactual_green,counterfactual_green,-1,IRMv1,32.567996978759766,11,noise_global
5,IRMv1__11__u009__K5__clean_task,clean_task,-1,IRMv1,2.8823843002319336,11,noise_global
20,IRMv1__11__u009__K20__source,source,-1,IRMv1,32.53495407104492,11,noise_global
20,IRMv1__11__u009__K20__counterfactual_red,counterfactual_red,-1,IRMv1,28.78494644165039,11,noise_global
20,IRMv1__11__u009__K20__counterfactual_green,counterfactual_green,-1,IRMv1,29.256338119506836,11,noise_global
20,IRMv1__11__u009__K20__clean_task,clean_task,-1,IRMv1,2.6837708950042725,11,noise_global
1,IRMv1__11__u010__K1__source,source,-1,IRMv1,4.648401737213135,11,noise_shift
1,IRMv1__11__u010__K1__counterfactual_red,counterfactual_red,-1,IRMv1,3.997152805328369,11,noise_shift
1,IRMv1__11__u010__K1__counterfactual_green,counterfactual_green,-1,IRMv1,4.236717700958252,11,noise_shift
1,IRMv1__11__u010__K1__clean_task,clean_task,-1,IRMv1,0.36668795347213745,11,noise_shift
5,IRMv1__11__u010__K5__source,source,-1,IRMv1,35.753658294677734,11,noise_shift
5,IRMv1__11__u010__K5__counterfactual_red,counterfactual_red,-1,IRMv1,30.858909606933594,11,noise_shift
5,IRMv1__11__u010__K5__counterfactual_green,counterfactual_green,-1,IRMv1,32.567996978759766,11,noise_shift
5,IRMv1__11__u010__K5__clean_task,clean_task,-1,IRMv1,2.8823843002319336,11,noise_shift
20,IRMv1__11__u010__K20__source,source,-1,IRMv1,32.53495407104492,11,noise_shift
20,IRMv1__11__u010__K20__counterfactual_red,counterfactual_red,-1,IRMv1,28.78494644165039,11,noise_shift
20,IRMv1__11__u010__K20__counterfactual_green,counterfactual_green,-1,IRMv1,29.256338119506836,11,noise_shift
20,IRMv1__11__u010__K20__clean_task,clean_task,-1,IRMv1,2.6837708950042725,11,noise_shift
1,VREX__11__u000__K1__source,source,0,VREX,0.5932307839393616,11,source_env0_color
1,VREX__11__u000__K1__counterfactual_red,counterfactual_red,0,VREX,0.4137797951698303,11,source_env0_color
1,VREX__11__u000__K1__counterfactual_green,counterfactual_green,0,VREX,0.6261690855026245,11,source_env0_color
1,VREX__11__u000__K1__clean_task,clean_task,0,VREX,0.14978817105293274,11,source_env0_color
5,VREX__11__u000__K5__source,source,0,VREX,6.19484281539917,11,source_env0_color
5,VREX__11__u000__K5__counterfactual_red,counterfactual_red,0,VREX,4.952083587646484,11,source_env0_color
5,VREX__11__u000__K5__counterfactual_green,counterfactual_green,0,VREX,6.1470746994018555,11,source_env0_color
5,VREX__11__u000__K5__clean_task,clean_task,0,VREX,1.1521075963974,11,source_env0_color
20,VREX__11__u000__K20__source,source,0,VREX,5.951205730438232,11,source_env0_color
20,VREX__11__u000__K20__counterfactual_red,counterfactual_red,0,VREX,1.7352391481399536,11,source_env0_color
20,VREX__11__u000__K20__counterfactual_green,counterfactual_green,0,VREX,7.391653537750244,11,source_env0_color
20,VREX__11__u000__K20__clean_task,clean_task,0,VREX,3.0854732990264893,11,source_env0_color
1,VREX__11__u001__K1__source,source,1,VREX,0.5990119576454163,11,source_env1_color
1,VREX__11__u001__K1__counterfactual_red,counterfactual_red,1,VREX,0.40467000007629395,11,source_env1_color
1,VREX__11__u001__K1__counterfactual_green,counterfactual_green,1,VREX,0.6342566013336182,11,source_env1_color
1,VREX__11__u001__K1__clean_task,clean_task,1,VREX,0.15913566946983337,11,source_env1_color
5,VREX__11__u001__K5__source,source,1,VREX,6.0080084800720215,11,source_env1_color
5,VREX__11__u001__K5__counterfactual_red,counterfactual_red,1,VREX,4.7283172607421875,11,source_env1_color
5,VREX__11__u001__K5__counterfactual_green,counterfactual_green,1,VREX,5.97031307220459,11,source_env1_color
5,VREX__11__u001__K5__clean_task,clean_task,1,VREX,1.1580867767333984,11,source_env1_color
20,VREX__11__u001__K20__source,source,1,VREX,6.044539928436279,11,source_env1_color
20,VREX__11__u001__K20__counterfactual_red,counterfactual_red,1,VREX,2.149724245071411,11,source_env1_color
20,VREX__11__u001__K20__counterfactual_green,counterfactual_green,1,VREX,7.53183650970459,11,source_env1_color
20,VREX__11__u001__K20__clean_task,clean_task,1,VREX,2.8656725883483887,11,source_env1_color
1,VREX__11__u002__K1__source,source,2,VREX,0.0,11,evaluation_color
1,VREX__11__u002__K1__counterfactual_red,counterfactual_red,2,VREX,0.0,11,evaluation_color
1,VREX__11__u002__K1__counterfactual_green,counterfactual_green,2,VREX,0.0,11,evaluation_color
1,VREX__11__u002__K1__clean_task,clean_task,2,VREX,0.0,11,evaluation_color
5,VREX__11__u002__K5__source,source,2,VREX,0.0,11,evaluation_color
5,VREX__11__u002__K5__counterfactual_red,counterfactual_red,2,VREX,0.0,11,evaluation_color
5,VREX__11__u002__K5__counterfactual_green,counterfactual_green,2,VREX,0.0,11,evaluation_color
5,VREX__11__u002__K5__clean_task,clean_task,2,VREX,0.0,11,evaluation_color
20,VREX__11__u002__K20__source,source,2,VREX,0.0,11,evaluation_color
20,VREX__11__u002__K20__counterfactual_red,counterfactual_red,2,VREX,0.0,11,evaluation_color
20,VREX__11__u002__K20__counterfactual_green,counterfactual_green,2,VREX,0.0,11,evaluation_color
20,VREX__11__u002__K20__clean_task,clean_task,2,VREX,0.0,11,evaluation_color
1,VREX__11__u003__K1__source,source,3,VREX,0.03210947662591934,11,source_label_noise
1,VREX__11__u003__K1__counterfactual_red,counterfactual_red,3,VREX,0.024475039914250374,11,source_label_noise
1,VREX__11__u003__K1__counterfactual_green,counterfactual_green,3,VREX,0.03148263320326805,11,source_label_noise
1,VREX__11__u003__K1__clean_task,clean_task,3,VREX,0.02656850591301918,11,source_label_noise
5,VREX__11__u003__K5__source,source,3,VREX,0.22508780658245087,11,source_label_noise
5,VREX__11__u003__K5__counterfactual_red,counterfactual_red,3,VREX,0.2685142159461975,11,source_label_noise
5,VREX__11__u003__K5__counterfactual_green,counterfactual_green,3,VREX,0.09918420016765594,11,source_label_noise
5,VREX__11__u003__K5__clean_task,clean_task,3,VREX,0.07222925126552582,11,source_label_noise
20,VREX__11__u003__K20__source,source,3,VREX,1.310665249824524,11,source_label_noise
20,VREX__11__u003__K20__counterfactual_red,counterfactual_red,3,VREX,0.9396563172340393,11,source_label_noise
20,VREX__11__u003__K20__counterfactual_green,counterfactual_green,3,VREX,1.4465553760528564,11,source_label_noise
20,VREX__11__u003__K20__clean_task,clean_task,3,VREX,1.0100919008255005,11,source_label_noise
1,VREX__11__u004__K1__source,source,4,VREX,0.0,11,evaluation_label_noise
1,VREX__11__u004__K1__counterfactual_red,counterfactual_red,4,VREX,0.0,11,evaluation_label_noise
1,VREX__11__u004__K1__counterfactual_green,counterfactual_green,4,VREX,0.0,11,evaluation_label_noise
1,VREX__11__u004__K1__clean_task,clean_task,4,VREX,0.0,11,evaluation_label_noise
5,VREX__11__u004__K5__source,source,4,VREX,0.0,11,evaluation_label_noise
5,VREX__11__u004__K5__counterfactual_red,counterfactual_red,4,VREX,0.0,11,evaluation_label_noise
5,VREX__11__u004__K5__counterfactual_green,counterfactual_green,4,VREX,0.0,11,evaluation_label_noise
5,VREX__11__u004__K5__clean_task,clean_task,4,VREX,0.0,11,evaluation_label_noise
20,VREX__11__u004__K20__source,source,4,VREX,0.0,11,evaluation_label_noise
20,VREX__11__u004__K20__counterfactual_red,counterfactual_red,4,VREX,0.0,11,evaluation_label_noise
20,VREX__11__u004__K20__counterfactual_green,counterfactual_green,4,VREX,0.0,11,evaluation_label_noise
20,VREX__11__u004__K20__clean_task,clean_task,4,VREX,0.0,11,evaluation_label_noise
1,VREX__11__u005__K1__source,source,-1,VREX,0.0106259286403656,11,source_color_common
1,VREX__11__u005__K1__counterfactual_red,counterfactual_red,-1,VREX,0.008492101915180683,11,source_color_common
1,VREX__11__u005__K1__counterfactual_green,counterfactual_green,-1,VREX,0.00952781829982996,11,source_color_common
1,VREX__11__u005__K1__clean_task,clean_task,-1,VREX,0.0077643003314733505,11,source_color_common
5,VREX__11__u005__K5__source,source,-1,VREX,0.1443948596715927,11,source_color_common
5,VREX__11__u005__K5__counterfactual_red,counterfactual_red,-1,VREX,0.16559816896915436,11,source_color_common
5,VREX__11__u005__K5__counterfactual_green,counterfactual_green,-1,VREX,0.1338977813720703,11,source_color_common
5,VREX__11__u005__K5__clean_task,clean_task,-1,VREX,0.03268980607390404,11,source_color_common
20,VREX__11__u005__K20__source,source,-1,VREX,0.3071804642677307,11,source_color_common
20,VREX__11__u005__K20__counterfactual_red,counterfactual_red,-1,VREX,0.40294113755226135,11,source_color_common
20,VREX__11__u005__K20__counterfactual_green,counterfactual_green,-1,VREX,0.2730958163738251,11,source_color_common
20,VREX__11__u005__K20__clean_task,clean_task,-1,VREX,0.18898987770080566,11,source_color_common
1,VREX__11__u006__K1__source,source,-1,VREX,0.8429858684539795,11,source_color_contrast
1,VREX__11__u006__K1__counterfactual_red,counterfactual_red,-1,VREX,0.5787048935890198,11,source_color_contrast
1,VREX__11__u006__K1__counterfactual_green,counterfactual_green,-1,VREX,0.8912229537963867,11,source_color_contrast
1,VREX__11__u006__K1__clean_task,clean_task,-1,VREX,0.2184041440486908,11,source_color_contrast
5,VREX__11__u006__K5__source,source,-1,VREX,8.628521919250488,11,source_color_contrast
5,VREX__11__u006__K5__counterfactual_red,counterfactual_red,-1,VREX,6.844902515411377,11,source_color_contrast
5,VREX__11__u006__K5__counterfactual_green,counterfactual_green,-1,VREX,8.56815242767334,11,source_color_contrast
5,VREX__11__u006__K5__clean_task,clean_task,-1,VREX,1.6332324743270874,11,source_color_contrast
20,VREX__11__u006__K20__source,source,-1,VREX,8.476964950561523,11,source_color_contrast
20,VREX__11__u006__K20__counterfactual_red,counterfactual_red,-1,VREX,2.7331314086914062,11,source_color_contrast
20,VREX__11__u006__K20__counterfactual_green,counterfactual_green,-1,VREX,10.549431800842285,11,source_color_contrast
20,VREX__11__u006__K20__clean_task,clean_task,-1,VREX,4.206721782684326,11,source_color_contrast
1,VREX__11__u007__K1__source,source,-1,VREX,0.007513666991144419,11,color_global
1,VREX__11__u007__K1__counterfactual_red,counterfactual_red,-1,VREX,0.0060048229061067104,11,color_global
1,VREX__11__u007__K1__counterfactual_green,counterfactual_green,-1,VREX,0.006737185176461935,11,color_global
1,VREX__11__u007__K1__clean_task,clean_task,-1,VREX,0.005490189418196678,11,color_global
5,VREX__11__u007__K5__source,source,-1,VREX,0.10210257768630981,11,color_global
5,VREX__11__u007__K5__counterfactual_red,counterfactual_red,-1,VREX,0.11709558963775635,11,color_global
5,VREX__11__u007__K5__counterfactual_green,counterfactual_green,-1,VREX,0.09468003362417221,11,color_global
5,VREX__11__u007__K5__clean_task,clean_task,-1,VREX,0.023115182295441628,11,color_global
20,VREX__11__u007__K20__source,source,-1,VREX,0.21720938384532928,11,color_global
20,VREX__11__u007__K20__counterfactual_red,counterfactual_red,-1,VREX,0.28492242097854614,11,color_global
20,VREX__11__u007__K20__counterfactual_green,counterfactual_green,-1,VREX,0.19310791790485382,11,color_global
20,VREX__11__u007__K20__clean_task,clean_task,-1,VREX,0.13363602757453918,11,color_global
1,VREX__11__u008__K1__source,source,-1,VREX,0.007513666991144419,11,color_shift
1,VREX__11__u008__K1__counterfactual_red,counterfactual_red,-1,VREX,0.0060048229061067104,11,color_shift
1,VREX__11__u008__K1__counterfactual_green,counterfactual_green,-1,VREX,0.006737185176461935,11,color_shift
1,VREX__11__u008__K1__clean_task,clean_task,-1,VREX,0.005490189418196678,11,color_shift
5,VREX__11__u008__K5__source,source,-1,VREX,0.10210257768630981,11,color_shift
5,VREX__11__u008__K5__counterfactual_red,counterfactual_red,-1,VREX,0.11709558963775635,11,color_shift
5,VREX__11__u008__K5__counterfactual_green,counterfactual_green,-1,VREX,0.09468003362417221,11,color_shift
5,VREX__11__u008__K5__clean_task,clean_task,-1,VREX,0.023115182295441628,11,color_shift
20,VREX__11__u008__K20__source,source,-1,VREX,0.21720938384532928,11,color_shift
20,VREX__11__u008__K20__counterfactual_red,counterfactual_red,-1,VREX,0.28492242097854614,11,color_shift
20,VREX__11__u008__K20__counterfactual_green,counterfactual_green,-1,VREX,0.19310791790485382,11,color_shift
20,VREX__11__u008__K20__clean_task,clean_task,-1,VREX,0.13363602757453918,11,color_shift
1,VREX__11__u009__K1__source,source,-1,VREX,0.022704828530550003,11,noise_global
1,VREX__11__u009__K1__counterfactual_red,counterfactual_red,-1,VREX,0.017306465655565262,11,noise_global
1,VREX__11__u009__K1__counterfactual_green,counterfactual_green,-1,VREX,0.02226158045232296,11,noise_global
1,VREX__11__u009__K1__clean_task,clean_task,-1,VREX,0.01878676936030388,11,noise_global
5,VREX__11__u009__K5__source,source,-1,VREX,0.15916110575199127,11,noise_global
5,VREX__11__u009__K5__counterfactual_red,counterfactual_red,-1,VREX,0.18986821174621582,11,noise_global
5,VREX__11__u009__K5__counterfactual_green,counterfactual_green,-1,VREX,0.07013382017612457,11,noise_global
5,VREX__11__u009__K5__clean_task,clean_task,-1,VREX,0.051073793321847916,11,noise_global
20,VREX__11__u009__K20__source,source,-1,VREX,0.9267802834510803,11,noise_global
20,VREX__11__u009__K20__counterfactual_red,counterfactual_red,-1,VREX,0.6644372940063477,11,noise_global
20,VREX__11__u009__K20__counterfactual_green,counterfactual_green,-1,VREX,1.0228691101074219,11,noise_global
20,VREX__11__u009__K20__clean_task,clean_task,-1,VREX,0.7142428159713745,11,noise_global
1,VREX__11__u010__K1__source,source,-1,VREX,0.022704828530550003,11,noise_shift
1,VREX__11__u010__K1__counterfactual_red,counterfactual_red,-1,VREX,0.017306465655565262,11,noise_shift
1,VREX__11__u010__K1__counterfactual_green,counterfactual_green,-1,VREX,0.02226158045232296,11,noise_shift
1,VREX__11__u010__K1__clean_task,clean_task,-1,VREX,0.01878676936030388,11,noise_shift
5,VREX__11__u010__K5__source,source,-1,VREX,0.15916110575199127,11,noise_shift
5,VREX__11__u010__K5__counterfactual_red,counterfactual_red,-1,VREX,0.18986821174621582,11,noise_shift
5,VREX__11__u010__K5__counterfactual_green,counterfactual_green,-1,VREX,0.07013382017612457,11,noise_shift
5,VREX__11__u010__K5__clean_task,clean_task,-1,VREX,0.051073793321847916,11,noise_shift
20,VREX__11__u010__K20__source,source,-1,VREX,0.9267802834510803,11,noise_shift
20,VREX__11__u010__K20__counterfactual_red,counterfactual_red,-1,VREX,0.6644372940063477,11,noise_shift
20,VREX__11__u010__K20__counterfactual_green,counterfactual_green,-1,VREX,1.0228691101074219,11,noise_shift
20,VREX__11__u010__K20__clean_task,clean_task,-1,VREX,0.7142428159713745,11,noise_shift
1,FISHR__11__u000__K1__source,source,0,FISHR,0.3164985179901123,11,source_env0_color
1,FISHR__11__u000__K1__counterfactual_red,counterfactual_red,0,FISHR,0.33970510959625244,11,source_env0_color
1,FISHR__11__u000__K1__counterfactual_green,counterfactual_green,0,FISHR,0.24065682291984558,11,source_env0_color
1,FISHR__11__u000__K1__clean_task,clean_task,0,FISHR,0.0474393367767334,11,source_env0_color
5,FISHR__11__u000__K5__source,source,0,FISHR,3.285830020904541,11,source_env0_color
5,FISHR__11__u000__K5__counterfactual_red,counterfactual_red,0,FISHR,3.484973192214966,11,source_env0_color
5,FISHR__11__u000__K5__counterfactual_green,counterfactual_green,0,FISHR,2.6653501987457275,11,source_env0_color
5,FISHR__11__u000__K5__clean_task,clean_task,0,FISHR,0.4725687801837921,11,source_env0_color
20,FISHR__11__u000__K20__source,source,0,FISHR,15.039680480957031,11,source_env0_color
20,FISHR__11__u000__K20__counterfactual_red,counterfactual_red,0,FISHR,15.552254676818848,11,source_env0_color
20,FISHR__11__u000__K20__counterfactual_green,counterfactual_green,0,FISHR,12.560672760009766,11,source_env0_color
20,FISHR__11__u000__K20__clean_task,clean_task,0,FISHR,2.1451475620269775,11,source_env0_color
1,FISHR__11__u001__K1__source,source,1,FISHR,0.30903199315071106,11,source_env1_color
1,FISHR__11__u001__K1__counterfactual_red,counterfactual_red,1,FISHR,0.32431066036224365,11,source_env1_color
1,FISHR__11__u001__K1__counterfactual_green,counterfactual_green,1,FISHR,0.23262150585651398,11,source_env1_color
1,FISHR__11__u001__K1__clean_task,clean_task,1,FISHR,0.04521298035979271,11,source_env1_color
5,FISHR__11__u001__K5__source,source,1,FISHR,3.054927349090576,11,source_env1_color
5,FISHR__11__u001__K5__counterfactual_red,counterfactual_red,1,FISHR,3.1985628604888916,11,source_env1_color
5,FISHR__11__u001__K5__counterfactual_green,counterfactual_green,1,FISHR,2.439408540725708,11,source_env1_color
5,FISHR__11__u001__K5__clean_task,clean_task,1,FISHR,0.4265182912349701,11,source_env1_color
20,FISHR__11__u001__K20__source,source,1,FISHR,13.83443546295166,11,source_env1_color
20,FISHR__11__u001__K20__counterfactual_red,counterfactual_red,1,FISHR,14.001084327697754,11,source_env1_color
20,FISHR__11__u001__K20__counterfactual_green,counterfactual_green,1,FISHR,11.340205192565918,11,source_env1_color
20,FISHR__11__u001__K20__clean_task,clean_task,1,FISHR,1.9187514781951904,11,source_env1_color
1,FISHR__11__u002__K1__source,source,2,FISHR,0.0,11,evaluation_color
1,FISHR__11__u002__K1__counterfactual_red,counterfactual_red,2,FISHR,0.0,11,evaluation_color
1,FISHR__11__u002__K1__counterfactual_green,counterfactual_green,2,FISHR,0.0,11,evaluation_color
1,FISHR__11__u002__K1__clean_task,clean_task,2,FISHR,0.0,11,evaluation_color
5,FISHR__11__u002__K5__source,source,2,FISHR,0.0,11,evaluation_color
5,FISHR__11__u002__K5__counterfactual_red,counterfactual_red,2,FISHR,0.0,11,evaluation_color
5,FISHR__11__u002__K5__counterfactual_green,counterfactual_green,2,FISHR,0.0,11,evaluation_color
5,FISHR__11__u002__K5__clean_task,clean_task,2,FISHR,0.0,11,evaluation_color
20,FISHR__11__u002__K20__source,source,2,FISHR,0.0,11,evaluation_color
20,FISHR__11__u002__K20__counterfactual_red,counterfactual_red,2,FISHR,0.0,11,evaluation_color
20,FISHR__11__u002__K20__counterfactual_green,counterfactual_green,2,FISHR,0.0,11,evaluation_color
20,FISHR__11__u002__K20__clean_task,clean_task,2,FISHR,0.0,11,evaluation_color
1,FISHR__11__u003__K1__source,source,3,FISHR,0.013504236936569214,11,source_label_noise
1,FISHR__11__u003__K1__counterfactual_red,counterfactual_red,3,FISHR,0.01641761139035225,11,source_label_noise
1,FISHR__11__u003__K1__counterfactual_green,counterfactual_green,3,FISHR,0.012392966076731682,11,source_label_noise
1,FISHR__11__u003__K1__clean_task,clean_task,3,FISHR,0.008048580028116703,11,source_label_noise
5,FISHR__11__u003__K5__source,source,3,FISHR,0.14170701801776886,11,source_label_noise
5,FISHR__11__u003__K5__counterfactual_red,counterfactual_red,3,FISHR,0.07950634509325027,11,source_label_noise
5,FISHR__11__u003__K5__counterfactual_green,counterfactual_green,3,FISHR,0.14706359803676605,11,source_label_noise
5,FISHR__11__u003__K5__clean_task,clean_task,3,FISHR,0.03957657888531685,11,source_label_noise
20,FISHR__11__u003__K20__source,source,3,FISHR,0.6215028166770935,11,source_label_noise
20,FISHR__11__u003__K20__counterfactual_red,counterfactual_red,3,FISHR,0.4487585723400116,11,source_label_noise
20,FISHR__11__u003__K20__counterfactual_green,counterfactual_green,3,FISHR,0.5850721597671509,11,source_label_noise
20,FISHR__11__u003__K20__clean_task,clean_task,3,FISHR,0.2921890318393707,11,source_label_noise
1,FISHR__11__u004__K1__source,source,4,FISHR,0.0,11,evaluation_label_noise
1,FISHR__11__u004__K1__counterfactual_red,counterfactual_red,4,FISHR,0.0,11,evaluation_label_noise
1,FISHR__11__u004__K1__counterfactual_green,counterfactual_green,4,FISHR,0.0,11,evaluation_label_noise
1,FISHR__11__u004__K1__clean_task,clean_task,4,FISHR,0.0,11,evaluation_label_noise
5,FISHR__11__u004__K5__source,source,4,FISHR,0.0,11,evaluation_label_noise
5,FISHR__11__u004__K5__counterfactual_red,counterfactual_red,4,FISHR,0.0,11,evaluation_label_noise
5,FISHR__11__u004__K5__counterfactual_green,counterfactual_green,4,FISHR,0.0,11,evaluation_label_noise
5,FISHR__11__u004__K5__clean_task,clean_task,4,FISHR,0.0,11,evaluation_label_noise
20,FISHR__11__u004__K20__source,source,4,FISHR,0.0,11,evaluation_label_noise
20,FISHR__11__u004__K20__counterfactual_red,counterfactual_red,4,FISHR,0.0,11,evaluation_label_noise
20,FISHR__11__u004__K20__counterfactual_green,counterfactual_green,4,FISHR,0.0,11,evaluation_label_noise
20,FISHR__11__u004__K20__clean_task,clean_task,4,FISHR,0.0,11,evaluation_label_noise
1,FISHR__11__u005__K1__source,source,-1,FISHR,0.010267723351716995,11,source_color_common
1,FISHR__11__u005__K1__counterfactual_red,counterfactual_red,-1,FISHR,0.01268004346638918,11,source_color_common
1,FISHR__11__u005__K1__counterfactual_green,counterfactual_green,-1,FISHR,0.010106323286890984,11,source_color_common
1,FISHR__11__u005__K1__clean_task,clean_task,-1,FISHR,0.0038611125200986862,11,source_color_common
5,FISHR__11__u005__K5__source,source,-1,FISHR,0.17399318516254425,11,source_color_common
5,FISHR__11__u005__K5__counterfactual_red,counterfactual_red,-1,FISHR,0.21066530048847198,11,source_color_common
5,FISHR__11__u005__K5__counterfactual_green,counterfactual_green,-1,FISHR,0.16540534794330597,11,source_color_common
5,FISHR__11__u005__K5__clean_task,clean_task,-1,FISHR,0.04010283201932907,11,source_color_common
20,FISHR__11__u005__K20__source,source,-1,FISHR,0.9269295334815979,11,source_color_common
20,FISHR__11__u005__K20__counterfactual_red,counterfactual_red,-1,FISHR,1.1599624156951904,11,source_color_common
20,FISHR__11__u005__K20__counterfactual_green,counterfactual_green,-1,FISHR,0.9020949602127075,11,source_color_common
20,FISHR__11__u005__K20__clean_task,clean_task,-1,FISHR,0.269853800535202,11,source_color_common
1,FISHR__11__u006__K1__source,source,-1,FISHR,0.44222918152809143,11,source_color_contrast
1,FISHR__11__u006__K1__counterfactual_red,counterfactual_red,-1,FISHR,0.46948501467704773,11,source_color_contrast
1,FISHR__11__u006__K1__counterfactual_green,counterfactual_green,-1,FISHR,0.33455392718315125,11,source_color_contrast
1,FISHR__11__u006__K1__clean_task,clean_task,-1,FISHR,0.06542015075683594,11,source_color_contrast
5,FISHR__11__u006__K5__source,source,-1,FISHR,4.483189582824707,11,source_color_contrast
5,FISHR__11__u006__K5__counterfactual_red,counterfactual_red,-1,FISHR,4.7256178855896,11,source_color_contrast
5,FISHR__11__u006__K5__counterfactual_green,counterfactual_green,-1,FISHR,3.6093554496765137,11,source_color_contrast
5,FISHR__11__u006__K5__clean_task,clean_task,-1,FISHR,0.6353194713592529,11,source_color_contrast
20,FISHR__11__u006__K20__source,source,-1,FISHR,20.413827896118164,11,source_color_contrast
20,FISHR__11__u006__K20__counterfactual_red,counterfactual_red,-1,FISHR,20.893957138061523,11,source_color_contrast
20,FISHR__11__u006__K20__counterfactual_green,counterfactual_green,-1,FISHR,16.8984317779541,11,source_color_contrast
20,FISHR__11__u006__K20__clean_task,clean_task,-1,FISHR,2.865387201309204,11,source_color_contrast
1,FISHR__11__u007__K1__source,source,-1,FISHR,0.007260376587510109,11,color_global
1,FISHR__11__u007__K1__counterfactual_red,counterfactual_red,-1,FISHR,0.008966145105659962,11,color_global
1,FISHR__11__u007__K1__counterfactual_green,counterfactual_green,-1,FISHR,0.007146249525249004,11,color_global
1,FISHR__11__u007__K1__clean_task,clean_task,-1,FISHR,0.0027302189264446497,11,color_global
5,FISHR__11__u007__K5__source,source,-1,FISHR,0.12303175032138824,11,color_global
5,FISHR__11__u007__K5__counterfactual_red,counterfactual_red,-1,FISHR,0.1489628702402115,11,color_global
5,FISHR__11__u007__K5__counterfactual_green,counterfactual_green,-1,FISHR,0.11695924401283264,11,color_global
5,FISHR__11__u007__K5__clean_task,clean_task,-1,FISHR,0.02835698425769806,11,color_global
20,FISHR__11__u007__K20__source,source,-1,FISHR,0.6554381847381592,11,color_global
20,FISHR__11__u007__K20__counterfactual_red,counterfactual_red,-1,FISHR,0.8202173113822937,11,color_global
20,FISHR__11__u007__K20__counterfactual_green,counterfactual_green,-1,FISHR,0.6378775238990784,11,color_global
20,FISHR__11__u007__K20__clean_task,clean_task,-1,FISHR,0.19081547856330872,11,color_global
1,FISHR__11__u008__K1__source,source,-1,FISHR,0.007260376587510109,11,color_shift
1,FISHR__11__u008__K1__counterfactual_red,counterfactual_red,-1,FISHR,0.008966145105659962,11,color_shift
1,FISHR__11__u008__K1__counterfactual_green,counterfactual_green,-1,FISHR,0.007146249525249004,11,color_shift
1,FISHR__11__u008__K1__clean_task,clean_task,-1,FISHR,0.0027302189264446497,11,color_shift
5,FISHR__11__u008__K5__source,source,-1,FISHR,0.12303175032138824,11,color_shift
5,FISHR__11__u008__K5__counterfactual_red,counterfactual_red,-1,FISHR,0.1489628702402115,11,color_shift
5,FISHR__11__u008__K5__counterfactual_green,counterfactual_green,-1,FISHR,0.11695924401283264,11,color_shift
5,FISHR__11__u008__K5__clean_task,clean_task,-1,FISHR,0.02835698425769806,11,color_shift
20,FISHR__11__u008__K20__source,source,-1,FISHR,0.6554381847381592,11,color_shift
20,FISHR__11__u008__K20__counterfactual_red,counterfactual_red,-1,FISHR,0.8202173113822937,11,color_shift
20,FISHR__11__u008__K20__counterfactual_green,counterfactual_green,-1,FISHR,0.6378775238990784,11,color_shift
20,FISHR__11__u008__K20__clean_task,clean_task,-1,FISHR,0.19081547856330872,11,color_shift
1,FISHR__11__u009__K1__source,source,-1,FISHR,0.00954893697053194,11,noise_global
1,FISHR__11__u009__K1__counterfactual_red,counterfactual_red,-1,FISHR,0.011609002947807312,11,noise_global
1,FISHR__11__u009__K1__counterfactual_green,counterfactual_green,-1,FISHR,0.008763150312006474,11,noise_global
1,FISHR__11__u009__K1__clean_task,clean_task,-1,FISHR,0.005691205617040396,11,noise_global
5,FISHR__11__u009__K5__source,source,-1,FISHR,0.10020199418067932,11,noise_global
5,FISHR__11__u009__K5__counterfactual_red,counterfactual_red,-1,FISHR,0.056219473481178284,11,noise_global
5,FISHR__11__u009__K5__counterfactual_green,counterfactual_green,-1,FISHR,0.10398966819047928,11,noise_global
5,FISHR__11__u009__K5__clean_task,clean_task,-1,FISHR,0.027984866872429848,11,noise_global
20,FISHR__11__u009__K20__source,source,-1,FISHR,0.4394688606262207,11,noise_global
20,FISHR__11__u009__K20__counterfactual_red,counterfactual_red,-1,FISHR,0.31732022762298584,11,noise_global
20,FISHR__11__u009__K20__counterfactual_green,counterfactual_green,-1,FISHR,0.41370847821235657,11,noise_global
20,FISHR__11__u009__K20__clean_task,clean_task,-1,FISHR,0.206608846783638,11,noise_global
1,FISHR__11__u010__K1__source,source,-1,FISHR,0.00954893697053194,11,noise_shift
1,FISHR__11__u010__K1__counterfactual_red,counterfactual_red,-1,FISHR,0.011609002947807312,11,noise_shift
1,FISHR__11__u010__K1__counterfactual_green,counterfactual_green,-1,FISHR,0.008763150312006474,11,noise_shift
1,FISHR__11__u010__K1__clean_task,clean_task,-1,FISHR,0.005691205617040396,11,noise_shift
5,FISHR__11__u010__K5__source,source,-1,FISHR,0.10020199418067932,11,noise_shift
5,FISHR__11__u010__K5__counterfactual_red,counterfactual_red,-1,FISHR,0.056219473481178284,11,noise_shift
5,FISHR__11__u010__K5__counterfactual_green,counterfactual_green,-1,FISHR,0.10398966819047928,11,noise_shift
5,FISHR__11__u010__K5__clean_task,clean_task,-1,FISHR,0.027984866872429848,11,noise_shift
20,FISHR__11__u010__K20__source,source,-1,FISHR,0.4394688606262207,11,noise_shift
20,FISHR__11__u010__K20__counterfactual_red,counterfactual_red,-1,FISHR,0.31732022762298584,11,noise_shift
20,FISHR__11__u010__K20__counterfactual_green,counterfactual_green,-1,FISHR,0.41370847821235657,11,noise_shift
20,FISHR__11__u010__K20__clean_task,clean_task,-1,FISHR,0.206608846783638,11,noise_shift
1,CORAL__11__u000__K1__source,source,0,CORAL,12.269916534423828,11,source_env0_color
1,CORAL__11__u000__K1__counterfactual_red,counterfactual_red,0,CORAL,12.58676528930664,11,source_env0_color
1,CORAL__11__u000__K1__counterfactual_green,counterfactual_green,0,CORAL,12.342305183410645,11,source_env0_color
1,CORAL__11__u000__K1__clean_task,clean_task,0,CORAL,0.8305765986442566,11,source_env0_color
5,CORAL__11__u000__K5__source,source,0,CORAL,109.46016693115234,11,source_env0_color
5,CORAL__11__u000__K5__counterfactual_red,counterfactual_red,0,CORAL,115.07059478759766,11,source_env0_color
5,CORAL__11__u000__K5__counterfactual_green,counterfactual_green,0,CORAL,105.07262420654297,11,source_env0_color
5,CORAL__11__u000__K5__clean_task,clean_task,0,CORAL,8.354275703430176,11,source_env0_color
20,CORAL__11__u000__K20__source,source,0,CORAL,91.95195770263672,11,source_env0_color
20,CORAL__11__u000__K20__counterfactual_red,counterfactual_red,0,CORAL,96.23365020751953,11,source_env0_color
20,CORAL__11__u000__K20__counterfactual_green,counterfactual_green,0,CORAL,82.6158676147461,11,source_env0_color
20,CORAL__11__u000__K20__clean_task,clean_task,0,CORAL,10.404264450073242,11,source_env0_color
1,CORAL__11__u001__K1__source,source,1,CORAL,12.089544296264648,11,source_env1_color
1,CORAL__11__u001__K1__counterfactual_red,counterfactual_red,1,CORAL,12.253510475158691,11,source_env1_color
1,CORAL__11__u001__K1__counterfactual_green,counterfactual_green,1,CORAL,12.014246940612793,11,source_env1_color
1,CORAL__11__u001__K1__clean_task,clean_task,1,CORAL,0.8164926767349243,11,source_env1_color
5,CORAL__11__u001__K5__source,source,1,CORAL,109.26703643798828,11,source_env1_color
5,CORAL__11__u001__K5__counterfactual_red,counterfactual_red,1,CORAL,112.56078338623047,11,source_env1_color
5,CORAL__11__u001__K5__counterfactual_green,counterfactual_green,1,CORAL,105.50228881835938,11,source_env1_color
5,CORAL__11__u001__K5__clean_task,clean_task,1,CORAL,7.571281909942627,11,source_env1_color
20,CORAL__11__u001__K20__source,source,1,CORAL,92.58796691894531,11,source_env1_color
20,CORAL__11__u001__K20__counterfactual_red,counterfactual_red,1,CORAL,99.02143096923828,11,source_env1_color
20,CORAL__11__u001__K20__counterfactual_green,counterfactual_green,1,CORAL,75.6812973022461,11,source_env1_color
20,CORAL__11__u001__K20__clean_task,clean_task,1,CORAL,15.102304458618164,11,source_env1_color
1,CORAL__11__u002__K1__source,source,2,CORAL,0.0,11,evaluation_color
1,CORAL__11__u002__K1__counterfactual_red,counterfactual_red,2,CORAL,0.0,11,evaluation_color
1,CORAL__11__u002__K1__counterfactual_green,counterfactual_green,2,CORAL,0.0,11,evaluation_color
1,CORAL__11__u002__K1__clean_task,clean_task,2,CORAL,0.0,11,evaluation_color
5,CORAL__11__u002__K5__source,source,2,CORAL,0.0,11,evaluation_color
5,CORAL__11__u002__K5__counterfactual_red,counterfactual_red,2,CORAL,0.0,11,evaluation_color
5,CORAL__11__u002__K5__counterfactual_green,counterfactual_green,2,CORAL,0.0,11,evaluation_color
5,CORAL__11__u002__K5__clean_task,clean_task,2,CORAL,0.0,11,evaluation_color
20,CORAL__11__u002__K20__source,source,2,CORAL,0.0,11,evaluation_color
20,CORAL__11__u002__K20__counterfactual_red,counterfactual_red,2,CORAL,0.0,11,evaluation_color
20,CORAL__11__u002__K20__counterfactual_green,counterfactual_green,2,CORAL,0.0,11,evaluation_color
20,CORAL__11__u002__K20__clean_task,clean_task,2,CORAL,0.0,11,evaluation_color
1,CORAL__11__u003__K1__source,source,3,CORAL,2.835827112197876,11,source_label_noise
1,CORAL__11__u003__K1__counterfactual_red,counterfactual_red,3,CORAL,3.694838523864746,11,source_label_noise
1,CORAL__11__u003__K1__counterfactual_green,counterfactual_green,3,CORAL,4.2243523597717285,11,source_label_noise
1,CORAL__11__u003__K1__clean_task,clean_task,3,CORAL,1.3424201011657715,11,source_label_noise
5,CORAL__11__u003__K5__source,source,3,CORAL,24.386003494262695,11,source_label_noise
5,CORAL__11__u003__K5__counterfactual_red,counterfactual_red,3,CORAL,38.61552047729492,11,source_label_noise
5,CORAL__11__u003__K5__counterfactual_green,counterfactual_green,3,CORAL,34.48748779296875,11,source_label_noise
5,CORAL__11__u003__K5__clean_task,clean_task,3,CORAL,15.952160835266113,11,source_label_noise
20,CORAL__11__u003__K20__source,source,3,CORAL,98.897216796875,11,source_label_noise
20,CORAL__11__u003__K20__counterfactual_red,counterfactual_red,3,CORAL,83.1622085571289,11,source_label_noise
20,CORAL__11__u003__K20__counterfactual_green,counterfactual_green,3,CORAL,97.63762664794922,11,source_label_noise
20,CORAL__11__u003__K20__clean_task,clean_task,3,CORAL,79.48988342285156,11,source_label_noise
1,CORAL__11__u004__K1__source,source,4,CORAL,0.0,11,evaluation_label_noise
1,CORAL__11__u004__K1__counterfactual_red,counterfactual_red,4,CORAL,0.0,11,evaluation_label_noise
1,CORAL__11__u004__K1__counterfactual_green,counterfactual_green,4,CORAL,0.0,11,evaluation_label_noise
1,CORAL__11__u004__K1__clean_task,clean_task,4,CORAL,0.0,11,evaluation_label_noise
5,CORAL__11__u004__K5__source,source,4,CORAL,0.0,11,evaluation_label_noise
5,CORAL__11__u004__K5__counterfactual_red,counterfactual_red,4,CORAL,0.0,11,evaluation_label_noise
5,CORAL__11__u004__K5__counterfactual_green,counterfactual_green,4,CORAL,0.0,11,evaluation_label_noise
5,CORAL__11__u004__K5__clean_task,clean_task,4,CORAL,0.0,11,evaluation_label_noise
20,CORAL__11__u004__K20__source,source,4,CORAL,0.0,11,evaluation_label_noise
20,CORAL__11__u004__K20__counterfactual_red,counterfactual_red,4,CORAL,0.0,11,evaluation_label_noise
20,CORAL__11__u004__K20__counterfactual_green,counterfactual_green,4,CORAL,0.0,11,evaluation_label_noise
20,CORAL__11__u004__K20__clean_task,clean_task,4,CORAL,0.0,11,evaluation_label_noise
1,CORAL__11__u005__K1__source,source,-1,CORAL,17.223041534423828,11,source_color_common
1,CORAL__11__u005__K1__counterfactual_red,counterfactual_red,-1,CORAL,17.562517166137695,11,source_color_common
1,CORAL__11__u005__K1__counterfactual_green,counterfactual_green,-1,CORAL,17.221057891845703,11,source_color_common
1,CORAL__11__u005__K1__clean_task,clean_task,-1,CORAL,1.1613423824310303,11,source_color_common
5,CORAL__11__u005__K5__source,source,-1,CORAL,154.6536865234375,11,source_color_common
5,CORAL__11__u005__K5__counterfactual_red,counterfactual_red,-1,CORAL,160.94677734375,11,source_color_common
5,CORAL__11__u005__K5__counterfactual_green,counterfactual_green,-1,CORAL,148.89215087890625,11,source_color_common
5,CORAL__11__u005__K5__clean_task,clean_task,-1,CORAL,11.174315452575684,11,source_color_common
20,CORAL__11__u005__K20__source,source,-1,CORAL,130.3987274169922,11,source_color_common
20,CORAL__11__u005__K20__counterfactual_red,counterfactual_red,-1,CORAL,138.0004119873047,11,source_color_common
20,CORAL__11__u005__K20__counterfactual_green,counterfactual_green,-1,CORAL,111.87855529785156,11,source_color_common
20,CORAL__11__u005__K20__clean_task,clean_task,-1,CORAL,17.80770492553711,11,source_color_common
1,CORAL__11__u006__K1__source,source,-1,CORAL,0.27338168025016785,11,source_color_contrast
1,CORAL__11__u006__K1__counterfactual_red,counterfactual_red,-1,CORAL,0.3649905025959015,11,source_color_contrast
1,CORAL__11__u006__K1__counterfactual_green,counterfactual_green,-1,CORAL,0.33134686946868896,11,source_color_contrast
1,CORAL__11__u006__K1__clean_task,clean_task,-1,CORAL,0.088327556848526,11,source_color_contrast
5,CORAL__11__u006__K5__source,source,-1,CORAL,1.7457753419876099,11,source_color_contrast
5,CORAL__11__u006__K5__counterfactual_red,counterfactual_red,-1,CORAL,2.7026686668395996,11,source_color_contrast
5,CORAL__11__u006__K5__counterfactual_green,counterfactual_green,-1,CORAL,1.4548476934432983,11,source_color_contrast
5,CORAL__11__u006__K5__clean_task,clean_task,-1,CORAL,1.5009608268737793,11,source_color_contrast
20,CORAL__11__u006__K20__source,source,-1,CORAL,4.885374546051025,11,source_color_contrast
20,CORAL__11__u006__K20__counterfactual_red,counterfactual_red,-1,CORAL,4.695310592651367,11,source_color_contrast
20,CORAL__11__u006__K20__counterfactual_green,counterfactual_green,-1,CORAL,6.019049167633057,11,source_color_contrast
20,CORAL__11__u006__K20__clean_task,clean_task,-1,CORAL,4.3833699226379395,11,source_color_contrast
1,CORAL__11__u007__K1__source,source,-1,CORAL,12.1785306930542,11,color_global
1,CORAL__11__u007__K1__counterfactual_red,counterfactual_red,-1,CORAL,12.418574333190918,11,color_global
1,CORAL__11__u007__K1__counterfactual_green,counterfactual_green,-1,CORAL,12.17712688446045,11,color_global
1,CORAL__11__u007__K1__clean_task,clean_task,-1,CORAL,0.8211930394172668,11,color_global
5,CORAL__11__u007__K5__source,source,-1,CORAL,109.35667419433594,11,color_global
5,CORAL__11__u007__K5__counterfactual_red,counterfactual_red,-1,CORAL,113.80656433105469,11,color_global
5,CORAL__11__u007__K5__counterfactual_green,counterfactual_green,-1,CORAL,105.28264617919922,11,color_global
5,CORAL__11__u007__K5__clean_task,clean_task,-1,CORAL,7.901434898376465,11,color_global
20,CORAL__11__u007__K20__source,source,-1,CORAL,92.20581817626953,11,color_global
20,CORAL__11__u007__K20__counterfactual_red,counterfactual_red,-1,CORAL,97.5810317993164,11,color_global
20,CORAL__11__u007__K20__counterfactual_green,counterfactual_green,-1,CORAL,79.1100845336914,11,color_global
20,CORAL__11__u007__K20__clean_task,clean_task,-1,CORAL,12.591949462890625,11,color_global
1,CORAL__11__u008__K1__source,source,-1,CORAL,12.1785306930542,11,color_shift
1,CORAL__11__u008__K1__counterfactual_red,counterfactual_red,-1,CORAL,12.418574333190918,11,color_shift
1,CORAL__11__u008__K1__counterfactual_green,counterfactual_green,-1,CORAL,12.17712688446045,11,color_shift
1,CORAL__11__u008__K1__clean_task,clean_task,-1,CORAL,0.8211930394172668,11,color_shift
5,CORAL__11__u008__K5__source,source,-1,CORAL,109.35667419433594,11,color_shift
5,CORAL__11__u008__K5__counterfactual_red,counterfactual_red,-1,CORAL,113.80656433105469,11,color_shift
5,CORAL__11__u008__K5__counterfactual_green,counterfactual_green,-1,CORAL,105.28264617919922,11,color_shift
5,CORAL__11__u008__K5__clean_task,clean_task,-1,CORAL,7.901434898376465,11,color_shift
20,CORAL__11__u008__K20__source,source,-1,CORAL,92.20581817626953,11,color_shift
20,CORAL__11__u008__K20__counterfactual_red,counterfactual_red,-1,CORAL,97.5810317993164,11,color_shift
20,CORAL__11__u008__K20__counterfactual_green,counterfactual_green,-1,CORAL,79.1100845336914,11,color_shift
20,CORAL__11__u008__K20__clean_task,clean_task,-1,CORAL,12.591949462890625,11,color_shift
1,CORAL__11__u009__K1__source,source,-1,CORAL,2.005232572555542,11,noise_global
1,CORAL__11__u009__K1__counterfactual_red,counterfactual_red,-1,CORAL,2.612645387649536,11,noise_global
1,CORAL__11__u009__K1__counterfactual_green,counterfactual_green,-1,CORAL,2.9870681762695312,11,noise_global
1,CORAL__11__u009__K1__clean_task,clean_task,-1,CORAL,0.9492342472076416,11,noise_global
5,CORAL__11__u009__K5__source,source,-1,CORAL,17.24350929260254,11,noise_global
5,CORAL__11__u009__K5__counterfactual_red,counterfactual_red,-1,CORAL,27.305295944213867,11,noise_global
5,CORAL__11__u009__K5__counterfactual_green,counterfactual_green,-1,CORAL,24.386335372924805,11,noise_global
5,CORAL__11__u009__K5__clean_task,clean_task,-1,CORAL,11.279881477355957,11,noise_global
20,CORAL__11__u009__K20__source,source,-1,CORAL,69.9308853149414,11,noise_global
20,CORAL__11__u009__K20__counterfactual_red,counterfactual_red,-1,CORAL,58.804561614990234,11,noise_global
20,CORAL__11__u009__K20__counterfactual_green,counterfactual_green,-1,CORAL,69.04022979736328,11,noise_global
20,CORAL__11__u009__K20__clean_task,clean_task,-1,CORAL,56.20783233642578,11,noise_global
1,CORAL__11__u010__K1__source,source,-1,CORAL,2.005232572555542,11,noise_shift
1,CORAL__11__u010__K1__counterfactual_red,counterfactual_red,-1,CORAL,2.612645387649536,11,noise_shift
1,CORAL__11__u010__K1__counterfactual_green,counterfactual_green,-1,CORAL,2.9870681762695312,11,noise_shift
1,CORAL__11__u010__K1__clean_task,clean_task,-1,CORAL,0.9492342472076416,11,noise_shift
5,CORAL__11__u010__K5__source,source,-1,CORAL,17.24350929260254,11,noise_shift
5,CORAL__11__u010__K5__counterfactual_red,counterfactual_red,-1,CORAL,27.305295944213867,11,noise_shift
5,CORAL__11__u010__K5__counterfactual_green,counterfactual_green,-1,CORAL,24.386335372924805,11,noise_shift
5,CORAL__11__u010__K5__clean_task,clean_task,-1,CORAL,11.279881477355957,11,noise_shift
20,CORAL__11__u010__K20__source,source,-1,CORAL,69.9308853149414,11,noise_shift
20,CORAL__11__u010__K20__counterfactual_red,counterfactual_red,-1,CORAL,58.804561614990234,11,noise_shift
20,CORAL__11__u010__K20__counterfactual_green,counterfactual_green,-1,CORAL,69.04022979736328,11,noise_shift
20,CORAL__11__u010__K20__clean_task,clean_task,-1,CORAL,56.20783233642578,11,noise_shift
1,ERM__12__u000__K1__source,source,0,ERM,14.965798377990723,12,source_env0_color
1,ERM__12__u000__K1__counterfactual_red,counterfactual_red,0,ERM,16.31529426574707,12,source_env0_color
1,ERM__12__u000__K1__counterfactual_green,counterfactual_green,0,ERM,13.633917808532715,12,source_env0_color
1,ERM__12__u000__K1__clean_task,clean_task,0,ERM,1.5164623260498047,12,source_env0_color
5,ERM__12__u000__K5__source,source,0,ERM,123.18453979492188,12,source_env0_color
5,ERM__12__u000__K5__counterfactual_red,counterfactual_red,0,ERM,123.40886688232422,12,source_env0_color
5,ERM__12__u000__K5__counterfactual_green,counterfactual_green,0,ERM,118.9162826538086,12,source_env0_color
5,ERM__12__u000__K5__clean_task,clean_task,0,ERM,8.134818077087402,12,source_env0_color
20,ERM__12__u000__K20__source,source,0,ERM,104.94661712646484,12,source_env0_color
20,ERM__12__u000__K20__counterfactual_red,counterfactual_red,0,ERM,108.8035888671875,12,source_env0_color
20,ERM__12__u000__K20__counterfactual_green,counterfactual_green,0,ERM,95.65645599365234,12,source_env0_color
20,ERM__12__u000__K20__clean_task,clean_task,0,ERM,18.259078979492188,12,source_env0_color
1,ERM__12__u001__K1__source,source,1,ERM,15.233911514282227,12,source_env1_color
1,ERM__12__u001__K1__counterfactual_red,counterfactual_red,1,ERM,16.456405639648438,12,source_env1_color
1,ERM__12__u001__K1__counterfactual_green,counterfactual_green,1,ERM,14.059711456298828,12,source_env1_color
1,ERM__12__u001__K1__clean_task,clean_task,1,ERM,1.2754055261611938,12,source_env1_color
5,ERM__12__u001__K5__source,source,1,ERM,123.71558380126953,12,source_env1_color
5,ERM__12__u001__K5__counterfactual_red,counterfactual_red,1,ERM,123.24935913085938,12,source_env1_color
5,ERM__12__u001__K5__counterfactual_green,counterfactual_green,1,ERM,120.26611328125,12,source_env1_color
5,ERM__12__u001__K5__clean_task,clean_task,1,ERM,7.479624271392822,12,source_env1_color
20,ERM__12__u001__K20__source,source,1,ERM,105.615478515625,12,source_env1_color
20,ERM__12__u001__K20__counterfactual_red,counterfactual_red,1,ERM,108.02857208251953,12,source_env1_color
20,ERM__12__u001__K20__counterfactual_green,counterfactual_green,1,ERM,95.48763275146484,12,source_env1_color
20,ERM__12__u001__K20__clean_task,clean_task,1,ERM,18.876300811767578,12,source_env1_color
1,ERM__12__u002__K1__source,source,2,ERM,0.0,12,evaluation_color
1,ERM__12__u002__K1__counterfactual_red,counterfactual_red,2,ERM,0.0,12,evaluation_color
1,ERM__12__u002__K1__counterfactual_green,counterfactual_green,2,ERM,0.0,12,evaluation_color
1,ERM__12__u002__K1__clean_task,clean_task,2,ERM,0.0,12,evaluation_color
5,ERM__12__u002__K5__source,source,2,ERM,0.0,12,evaluation_color
5,ERM__12__u002__K5__counterfactual_red,counterfactual_red,2,ERM,0.0,12,evaluation_color
5,ERM__12__u002__K5__counterfactual_green,counterfactual_green,2,ERM,0.0,12,evaluation_color
5,ERM__12__u002__K5__clean_task,clean_task,2,ERM,0.0,12,evaluation_color
20,ERM__12__u002__K20__source,source,2,ERM,0.0,12,evaluation_color
20,ERM__12__u002__K20__counterfactual_red,counterfactual_red,2,ERM,0.0,12,evaluation_color
20,ERM__12__u002__K20__counterfactual_green,counterfactual_green,2,ERM,0.0,12,evaluation_color
20,ERM__12__u002__K20__clean_task,clean_task,2,ERM,0.0,12,evaluation_color
1,ERM__12__u003__K1__source,source,3,ERM,3.7686476707458496,12,source_label_noise
1,ERM__12__u003__K1__counterfactual_red,counterfactual_red,3,ERM,6.7324137687683105,12,source_label_noise
1,ERM__12__u003__K1__counterfactual_green,counterfactual_green,3,ERM,3.0717034339904785,12,source_label_noise
1,ERM__12__u003__K1__clean_task,clean_task,3,ERM,2.2740702629089355,12,source_label_noise
5,ERM__12__u003__K5__source,source,3,ERM,24.007112503051758,12,source_label_noise
5,ERM__12__u003__K5__counterfactual_red,counterfactual_red,3,ERM,48.59733200073242,12,source_label_noise
5,ERM__12__u003__K5__counterfactual_green,counterfactual_green,3,ERM,31.27688217163086,12,source_label_noise
5,ERM__12__u003__K5__clean_task,clean_task,3,ERM,16.94861602783203,12,source_label_noise
20,ERM__12__u003__K20__source,source,3,ERM,79.3870849609375,12,source_label_noise
20,ERM__12__u003__K20__counterfactual_red,counterfactual_red,3,ERM,95.30244445800781,12,source_label_noise
20,ERM__12__u003__K20__counterfactual_green,counterfactual_green,3,ERM,84.80619049072266,12,source_label_noise
20,ERM__12__u003__K20__clean_task,clean_task,3,ERM,70.74108123779297,12,source_label_noise
1,ERM__12__u004__K1__source,source,4,ERM,0.0,12,evaluation_label_noise
1,ERM__12__u004__K1__counterfactual_red,counterfactual_red,4,ERM,0.0,12,evaluation_label_noise
1,ERM__12__u004__K1__counterfactual_green,counterfactual_green,4,ERM,0.0,12,evaluation_label_noise
1,ERM__12__u004__K1__clean_task,clean_task,4,ERM,0.0,12,evaluation_label_noise
5,ERM__12__u004__K5__source,source,4,ERM,0.0,12,evaluation_label_noise
5,ERM__12__u004__K5__counterfactual_red,counterfactual_red,4,ERM,0.0,12,evaluation_label_noise
5,ERM__12__u004__K5__counterfactual_green,counterfactual_green,4,ERM,0.0,12,evaluation_label_noise
5,ERM__12__u004__K5__clean_task,clean_task,4,ERM,0.0,12,evaluation_label_noise
20,ERM__12__u004__K20__source,source,4,ERM,0.0,12,evaluation_label_noise
20,ERM__12__u004__K20__counterfactual_red,counterfactual_red,4,ERM,0.0,12,evaluation_label_noise
20,ERM__12__u004__K20__counterfactual_green,counterfactual_green,4,ERM,0.0,12,evaluation_label_noise
20,ERM__12__u004__K20__clean_task,clean_task,4,ERM,0.0,12,evaluation_label_noise
1,ERM__12__u005__K1__source,source,-1,ERM,21.352170944213867,12,source_color_common
1,ERM__12__u005__K1__counterfactual_red,counterfactual_red,-1,ERM,23.16940689086914,12,source_color_common
1,ERM__12__u005__K1__counterfactual_green,counterfactual_green,-1,ERM,19.581119537353516,12,source_color_common
1,ERM__12__u005__K1__clean_task,clean_task,-1,ERM,1.9683220386505127,12,source_color_common
5,ERM__12__u005__K5__source,source,-1,ERM,174.57606506347656,12,source_color_common
5,ERM__12__u005__K5__counterfactual_red,counterfactual_red,-1,ERM,174.3931121826172,12,source_color_common
5,ERM__12__u005__K5__counterfactual_green,counterfactual_green,-1,ERM,169.12118530273438,12,source_color_common
5,ERM__12__u005__K5__clean_task,clean_task,-1,ERM,10.968313217163086,12,source_color_common
20,ERM__12__u005__K20__source,source,-1,ERM,148.83872985839844,12,source_color_common
20,ERM__12__u005__K20__counterfactual_red,counterfactual_red,-1,ERM,153.25025939941406,12,source_color_common
20,ERM__12__u005__K20__counterfactual_green,counterfactual_green,-1,ERM,135.0916290283203,12,source_color_common
20,ERM__12__u005__K20__clean_task,clean_task,-1,ERM,26.16503143310547,12,source_color_common
1,ERM__12__u006__K1__source,source,-1,ERM,0.3632371127605438,12,source_color_contrast
1,ERM__12__u006__K1__counterfactual_red,counterfactual_red,-1,ERM,0.42510250210762024,12,source_color_contrast
1,ERM__12__u006__K1__counterfactual_green,counterfactual_green,-1,ERM,0.37273070216178894,12,source_color_contrast
1,ERM__12__u006__K1__clean_task,clean_task,-1,ERM,0.22809064388275146,12,source_color_contrast
5,ERM__12__u006__K5__source,source,-1,ERM,1.7806673049926758,12,source_color_contrast
5,ERM__12__u006__K5__counterfactual_red,counterfactual_red,-1,ERM,2.6827549934387207,12,source_color_contrast
5,ERM__12__u006__K5__counterfactual_green,counterfactual_green,-1,ERM,1.7442418336868286,12,source_color_contrast
5,ERM__12__u006__K5__clean_task,clean_task,-1,ERM,1.3476417064666748,12,source_color_contrast
20,ERM__12__u006__K20__source,source,-1,ERM,3.9309098720550537,12,source_color_contrast
20,ERM__12__u006__K20__counterfactual_red,counterfactual_red,-1,ERM,4.769843101501465,12,source_color_contrast
20,ERM__12__u006__K20__counterfactual_green,counterfactual_green,-1,ERM,4.2772650718688965,12,source_color_contrast
20,ERM__12__u006__K20__clean_task,clean_task,-1,ERM,2.258293390274048,12,source_color_contrast
1,ERM__12__u007__K1__source,source,-1,ERM,15.098264694213867,12,color_global
1,ERM__12__u007__K1__counterfactual_red,counterfactual_red,-1,ERM,16.38324546813965,12,color_global
1,ERM__12__u007__K1__counterfactual_green,counterfactual_green,-1,ERM,13.845943450927734,12,color_global
1,ERM__12__u007__K1__clean_task,clean_task,-1,ERM,1.39181387424469,12,color_global
5,ERM__12__u007__K5__source,source,-1,ERM,123.44392395019531,12,color_global
5,ERM__12__u007__K5__counterfactual_red,counterfactual_red,-1,ERM,123.3145523071289,12,color_global
5,ERM__12__u007__K5__counterfactual_green,counterfactual_green,-1,ERM,119.58673858642578,12,color_global
5,ERM__12__u007__K5__clean_task,clean_task,-1,ERM,7.7557692527771,12,color_global
20,ERM__12__u007__K20__source,source,-1,ERM,105.24488067626953,12,color_global
20,ERM__12__u007__K20__counterfactual_red,counterfactual_red,-1,ERM,108.36429595947266,12,color_global
20,ERM__12__u007__K20__counterfactual_green,counterfactual_green,-1,ERM,95.52421569824219,12,color_global
20,ERM__12__u007__K20__clean_task,clean_task,-1,ERM,18.5014705657959,12,color_global
1,ERM__12__u008__K1__source,source,-1,ERM,15.098264694213867,12,color_shift
1,ERM__12__u008__K1__counterfactual_red,counterfactual_red,-1,ERM,16.38324546813965,12,color_shift
1,ERM__12__u008__K1__counterfactual_green,counterfactual_green,-1,ERM,13.845943450927734,12,color_shift
1,ERM__12__u008__K1__clean_task,clean_task,-1,ERM,1.39181387424469,12,color_shift
5,ERM__12__u008__K5__source,source,-1,ERM,123.44392395019531,12,color_shift
5,ERM__12__u008__K5__counterfactual_red,counterfactual_red,-1,ERM,123.3145523071289,12,color_shift
5,ERM__12__u008__K5__counterfactual_green,counterfactual_green,-1,ERM,119.58673858642578,12,color_shift
5,ERM__12__u008__K5__clean_task,clean_task,-1,ERM,7.7557692527771,12,color_shift
20,ERM__12__u008__K20__source,source,-1,ERM,105.24488067626953,12,color_shift
20,ERM__12__u008__K20__counterfactual_red,counterfactual_red,-1,ERM,108.36429595947266,12,color_shift
20,ERM__12__u008__K20__counterfactual_green,counterfactual_green,-1,ERM,95.52421569824219,12,color_shift
20,ERM__12__u008__K20__clean_task,clean_task,-1,ERM,18.5014705657959,12,color_shift
1,ERM__12__u009__K1__source,source,-1,ERM,2.6648361682891846,12,noise_global
1,ERM__12__u009__K1__counterfactual_red,counterfactual_red,-1,ERM,4.76053524017334,12,noise_global
1,ERM__12__u009__K1__counterfactual_green,counterfactual_green,-1,ERM,2.1720223426818848,12,noise_global
1,ERM__12__u009__K1__clean_task,clean_task,-1,ERM,1.6080105304718018,12,noise_global
5,ERM__12__u009__K5__source,source,-1,ERM,16.9755916595459,12,noise_global
5,ERM__12__u009__K5__counterfactual_red,counterfactual_red,-1,ERM,34.363502502441406,12,noise_global
5,ERM__12__u009__K5__counterfactual_green,counterfactual_green,-1,ERM,22.1160945892334,12,noise_global
5,ERM__12__u009__K5__clean_task,clean_task,-1,ERM,11.984481811523438,12,noise_global
20,ERM__12__u009__K20__source,source,-1,ERM,56.13514709472656,12,noise_global
20,ERM__12__u009__K20__counterfactual_red,counterfactual_red,-1,ERM,67.38900756835938,12,noise_global
20,ERM__12__u009__K20__counterfactual_green,counterfactual_green,-1,ERM,59.9670295715332,12,noise_global
20,ERM__12__u009__K20__clean_task,clean_task,-1,ERM,50.02149963378906,12,noise_global
1,ERM__12__u010__K1__source,source,-1,ERM,2.6648361682891846,12,noise_shift
1,ERM__12__u010__K1__counterfactual_red,counterfactual_red,-1,ERM,4.76053524017334,12,noise_shift
1,ERM__12__u010__K1__counterfactual_green,counterfactual_green,-1,ERM,2.1720223426818848,12,noise_shift
1,ERM__12__u010__K1__clean_task,clean_task,-1,ERM,1.6080105304718018,12,noise_shift
5,ERM__12__u010__K5__source,source,-1,ERM,16.9755916595459,12,noise_shift
5,ERM__12__u010__K5__counterfactual_red,counterfactual_red,-1,ERM,34.363502502441406,12,noise_shift
5,ERM__12__u010__K5__counterfactual_green,counterfactual_green,-1,ERM,22.1160945892334,12,noise_shift
5,ERM__12__u010__K5__clean_task,clean_task,-1,ERM,11.984481811523438,12,noise_shift
20,ERM__12__u010__K20__source,source,-1,ERM,56.13514709472656,12,noise_shift
20,ERM__12__u010__K20__counterfactual_red,counterfactual_red,-1,ERM,67.38900756835938,12,noise_shift
20,ERM__12__u010__K20__counterfactual_green,counterfactual_green,-1,ERM,59.9670295715332,12,noise_shift
20,ERM__12__u010__K20__clean_task,clean_task,-1,ERM,50.02149963378906,12,noise_shift
1,IRMv1__12__u000__K1__source,source,0,IRMv1,0.593949556350708,12,source_env0_color
1,IRMv1__12__u000__K1__counterfactual_red,counterfactual_red,0,IRMv1,0.5168546438217163,12,source_env0_color
1,IRMv1__12__u000__K1__counterfactual_green,counterfactual_green,0,IRMv1,0.5276592373847961,12,source_env0_color
1,IRMv1__12__u000__K1__clean_task,clean_task,0,IRMv1,0.03847506269812584,12,source_env0_color
5,IRMv1__12__u000__K5__source,source,0,IRMv1,3.2477996349334717,12,source_env0_color
5,IRMv1__12__u000__K5__counterfactual_red,counterfactual_red,0,IRMv1,2.55496883392334,12,source_env0_color
5,IRMv1__12__u000__K5__counterfactual_green,counterfactual_green,0,IRMv1,2.9976820945739746,12,source_env0_color
5,IRMv1__12__u000__K5__clean_task,clean_task,0,IRMv1,0.20191790163516998,12,source_env0_color
20,IRMv1__12__u000__K20__source,source,0,IRMv1,3.1258769035339355,12,source_env0_color
20,IRMv1__12__u000__K20__counterfactual_red,counterfactual_red,0,IRMv1,1.5041601657867432,12,source_env0_color
20,IRMv1__12__u000__K20__counterfactual_green,counterfactual_green,0,IRMv1,3.494938373565674,12,source_env0_color
20,IRMv1__12__u000__K20__clean_task,clean_task,0,IRMv1,0.9271457195281982,12,source_env0_color
1,IRMv1__12__u001__K1__source,source,1,IRMv1,0.8976327776908875,12,source_env1_color
1,IRMv1__12__u001__K1__counterfactual_red,counterfactual_red,1,IRMv1,0.7868589162826538,12,source_env1_color
1,IRMv1__12__u001__K1__counterfactual_green,counterfactual_green,1,IRMv1,0.7858328819274902,12,source_env1_color
1,IRMv1__12__u001__K1__clean_task,clean_task,1,IRMv1,0.0635635033249855,12,source_env1_color
5,IRMv1__12__u001__K5__source,source,1,IRMv1,4.226962566375732,12,source_env1_color
5,IRMv1__12__u001__K5__counterfactual_red,counterfactual_red,1,IRMv1,3.4569034576416016,12,source_env1_color
5,IRMv1__12__u001__K5__counterfactual_green,counterfactual_green,1,IRMv1,3.764986515045166,12,source_env1_color
5,IRMv1__12__u001__K5__clean_task,clean_task,1,IRMv1,0.2410956174135208,12,source_env1_color
20,IRMv1__12__u001__K20__source,source,1,IRMv1,3.0715560913085938,12,source_env1_color
20,IRMv1__12__u001__K20__counterfactual_red,counterfactual_red,1,IRMv1,0.9495770335197449,12,source_env1_color
20,IRMv1__12__u001__K20__counterfactual_green,counterfactual_green,1,IRMv1,3.532832145690918,12,source_env1_color
20,IRMv1__12__u001__K20__clean_task,clean_task,1,IRMv1,1.2755930423736572,12,source_env1_color
1,IRMv1__12__u002__K1__source,source,2,IRMv1,0.0,12,evaluation_color
1,IRMv1__12__u002__K1__counterfactual_red,counterfactual_red,2,IRMv1,0.0,12,evaluation_color
1,IRMv1__12__u002__K1__counterfactual_green,counterfactual_green,2,IRMv1,0.0,12,evaluation_color
1,IRMv1__12__u002__K1__clean_task,clean_task,2,IRMv1,0.0,12,evaluation_color
5,IRMv1__12__u002__K5__source,source,2,IRMv1,0.0,12,evaluation_color
5,IRMv1__12__u002__K5__counterfactual_red,counterfactual_red,2,IRMv1,0.0,12,evaluation_color
5,IRMv1__12__u002__K5__counterfactual_green,counterfactual_green,2,IRMv1,0.0,12,evaluation_color
5,IRMv1__12__u002__K5__clean_task,clean_task,2,IRMv1,0.0,12,evaluation_color
20,IRMv1__12__u002__K20__source,source,2,IRMv1,0.0,12,evaluation_color
20,IRMv1__12__u002__K20__counterfactual_red,counterfactual_red,2,IRMv1,0.0,12,evaluation_color
20,IRMv1__12__u002__K20__counterfactual_green,counterfactual_green,2,IRMv1,0.0,12,evaluation_color
20,IRMv1__12__u002__K20__clean_task,clean_task,2,IRMv1,0.0,12,evaluation_color
1,IRMv1__12__u003__K1__source,source,3,IRMv1,7.54559326171875,12,source_label_noise
1,IRMv1__12__u003__K1__counterfactual_red,counterfactual_red,3,IRMv1,7.2782979011535645,12,source_label_noise
1,IRMv1__12__u003__K1__counterfactual_green,counterfactual_green,3,IRMv1,6.141088008880615,12,source_label_noise
1,IRMv1__12__u003__K1__clean_task,clean_task,3,IRMv1,1.0779476165771484,12,source_label_noise
5,IRMv1__12__u003__K5__source,source,3,IRMv1,45.22710037231445,12,source_label_noise
5,IRMv1__12__u003__K5__counterfactual_red,counterfactual_red,3,IRMv1,43.13093948364258,12,source_label_noise
5,IRMv1__12__u003__K5__counterfactual_green,counterfactual_green,3,IRMv1,37.944427490234375,12,source_label_noise
5,IRMv1__12__u003__K5__clean_task,clean_task,3,IRMv1,6.087843418121338,12,source_label_noise
20,IRMv1__12__u003__K20__source,source,3,IRMv1,34.32080841064453,12,source_label_noise
20,IRMv1__12__u003__K20__counterfactual_red,counterfactual_red,3,IRMv1,33.903289794921875,12,source_label_noise
20,IRMv1__12__u003__K20__counterfactual_green,counterfactual_green,3,IRMv1,27.571191787719727,12,source_label_noise
20,IRMv1__12__u003__K20__clean_task,clean_task,3,IRMv1,5.655282020568848,12,source_label_noise
1,IRMv1__12__u004__K1__source,source,4,IRMv1,0.0,12,evaluation_label_noise
1,IRMv1__12__u004__K1__counterfactual_red,counterfactual_red,4,IRMv1,0.0,12,evaluation_label_noise
1,IRMv1__12__u004__K1__counterfactual_green,counterfactual_green,4,IRMv1,0.0,12,evaluation_label_noise
1,IRMv1__12__u004__K1__clean_task,clean_task,4,IRMv1,0.0,12,evaluation_label_noise
5,IRMv1__12__u004__K5__source,source,4,IRMv1,0.0,12,evaluation_label_noise
5,IRMv1__12__u004__K5__counterfactual_red,counterfactual_red,4,IRMv1,0.0,12,evaluation_label_noise
5,IRMv1__12__u004__K5__counterfactual_green,counterfactual_green,4,IRMv1,0.0,12,evaluation_label_noise
5,IRMv1__12__u004__K5__clean_task,clean_task,4,IRMv1,0.0,12,evaluation_label_noise
20,IRMv1__12__u004__K20__source,source,4,IRMv1,0.0,12,evaluation_label_noise
20,IRMv1__12__u004__K20__counterfactual_red,counterfactual_red,4,IRMv1,0.0,12,evaluation_label_noise
20,IRMv1__12__u004__K20__counterfactual_green,counterfactual_green,4,IRMv1,0.0,12,evaluation_label_noise
20,IRMv1__12__u004__K20__clean_task,clean_task,4,IRMv1,0.0,12,evaluation_label_noise
1,IRMv1__12__u005__K1__source,source,-1,IRMv1,1.0546607971191406,12,source_color_common
1,IRMv1__12__u005__K1__counterfactual_red,counterfactual_red,-1,IRMv1,0.9218387603759766,12,source_color_common
1,IRMv1__12__u005__K1__counterfactual_green,counterfactual_green,-1,IRMv1,0.9287139177322388,12,source_color_common
1,IRMv1__12__u005__K1__clean_task,clean_task,-1,IRMv1,0.07196234166622162,12,source_color_common
5,IRMv1__12__u005__K5__source,source,-1,IRMv1,5.284542083740234,12,source_color_common
5,IRMv1__12__u005__K5__counterfactual_red,counterfactual_red,-1,IRMv1,4.250718593597412,12,source_color_common
5,IRMv1__12__u005__K5__counterfactual_green,counterfactual_green,-1,IRMv1,4.781493663787842,12,source_color_common
5,IRMv1__12__u005__K5__clean_task,clean_task,-1,IRMv1,0.299736887216568,12,source_color_common
20,IRMv1__12__u005__K20__source,source,-1,IRMv1,4.362030029296875,12,source_color_common
20,IRMv1__12__u005__K20__counterfactual_red,counterfactual_red,-1,IRMv1,1.7199782133102417,12,source_color_common
20,IRMv1__12__u005__K20__counterfactual_green,counterfactual_green,-1,IRMv1,4.965788841247559,12,source_color_common
20,IRMv1__12__u005__K20__clean_task,clean_task,-1,IRMv1,1.5547690391540527,12,source_color_common
1,IRMv1__12__u006__K1__source,source,-1,IRMv1,0.21496814489364624,12,source_color_contrast
1,IRMv1__12__u006__K1__counterfactual_red,counterfactual_red,-1,IRMv1,0.19104675948619843,12,source_color_contrast
1,IRMv1__12__u006__K1__counterfactual_green,counterfactual_green,-1,IRMv1,0.18288809061050415,12,source_color_contrast
1,IRMv1__12__u006__K1__clean_task,clean_task,-1,IRMv1,0.018495164811611176,12,source_color_contrast
5,IRMv1__12__u006__K5__source,source,-1,IRMv1,0.699306070804596,12,source_color_contrast
5,IRMv1__12__u006__K5__counterfactual_red,counterfactual_red,-1,IRMv1,0.6398720145225525,12,source_color_contrast
5,IRMv1__12__u006__K5__counterfactual_green,counterfactual_green,-1,IRMv1,0.5463874340057373,12,source_color_contrast
5,IRMv1__12__u006__K5__clean_task,clean_task,-1,IRMv1,0.09516159445047379,12,source_color_contrast
20,IRMv1__12__u006__K20__source,source,-1,IRMv1,0.4222045838832855,12,source_color_contrast
20,IRMv1__12__u006__K20__counterfactual_red,counterfactual_red,-1,IRMv1,0.4537286162376404,12,source_color_contrast
20,IRMv1__12__u006__K20__counterfactual_green,counterfactual_green,-1,IRMv1,0.1908833533525467,12,source_color_contrast
20,IRMv1__12__u006__K20__clean_task,clean_task,-1,IRMv1,0.26349514722824097,12,source_color_contrast
1,IRMv1__12__u007__K1__source,source,-1,IRMv1,0.7457578182220459,12,color_global
1,IRMv1__12__u007__K1__counterfactual_red,counterfactual_red,-1,IRMv1,0.651838481426239,12,color_global
1,IRMv1__12__u007__K1__counterfactual_green,counterfactual_green,-1,IRMv1,0.6566998958587646,12,color_global
1,IRMv1__12__u007__K1__clean_task,clean_task,-1,IRMv1,0.05088505893945694,12,color_global
5,IRMv1__12__u007__K5__source,source,-1,IRMv1,3.7367355823516846,12,color_global
5,IRMv1__12__u007__K5__counterfactual_red,counterfactual_red,-1,IRMv1,3.0057122707366943,12,color_global
5,IRMv1__12__u007__K5__counterfactual_green,counterfactual_green,-1,IRMv1,3.3810267448425293,12,color_global
5,IRMv1__12__u007__K5__clean_task,clean_task,-1,IRMv1,0.21194598078727722,12,color_global
20,IRMv1__12__u007__K20__source,source,-1,IRMv1,3.084420919418335,12,color_global
20,IRMv1__12__u007__K20__counterfactual_red,counterfactual_red,-1,IRMv1,1.2162082195281982,12,color_global
20,IRMv1__12__u007__K20__counterfactual_green,counterfactual_green,-1,IRMv1,3.511343002319336,12,color_global
20,IRMv1__12__u007__K20__clean_task,clean_task,-1,IRMv1,1.099387764930725,12,color_global
1,IRMv1__12__u008__K1__source,source,-1,IRMv1,0.7457578182220459,12,color_shift
1,IRMv1__12__u008__K1__counterfactual_red,counterfactual_red,-1,IRMv1,0.651838481426239,12,color_shift
1,IRMv1__12__u008__K1__counterfactual_green,counterfactual_green,-1,IRMv1,0.6566998958587646,12,color_shift
1,IRMv1__12__u008__K1__clean_task,clean_task,-1,IRMv1,0.05088505893945694,12,color_shift
5,IRMv1__12__u008__K5__source,source,-1,IRMv1,3.7367355823516846,12,color_shift
5,IRMv1__12__u008__K5__counterfactual_red,counterfactual_red,-1,IRMv1,3.0057122707366943,12,color_shift
5,IRMv1__12__u008__K5__counterfactual_green,counterfactual_green,-1,IRMv1,3.3810267448425293,12,color_shift
5,IRMv1__12__u008__K5__clean_task,clean_task,-1,IRMv1,0.21194598078727722,12,color_shift
20,IRMv1__12__u008__K20__source,source,-1,IRMv1,3.084420919418335,12,color_shift
20,IRMv1__12__u008__K20__counterfactual_red,counterfactual_red,-1,IRMv1,1.2162082195281982,12,color_shift
20,IRMv1__12__u008__K20__counterfactual_green,counterfactual_green,-1,IRMv1,3.511343002319336,12,color_shift
20,IRMv1__12__u008__K20__clean_task,clean_task,-1,IRMv1,1.099387764930725,12,color_shift
1,IRMv1__12__u009__K1__source,source,-1,IRMv1,5.335539817810059,12,noise_global
1,IRMv1__12__u009__K1__counterfactual_red,counterfactual_red,-1,IRMv1,5.146533489227295,12,noise_global
1,IRMv1__12__u009__K1__counterfactual_green,counterfactual_green,-1,IRMv1,4.342404842376709,12,noise_global
1,IRMv1__12__u009__K1__clean_task,clean_task,-1,IRMv1,0.762224018573761,12,noise_global
5,IRMv1__12__u009__K5__source,source,-1,IRMv1,31.980388641357422,12,noise_global
5,IRMv1__12__u009__K5__counterfactual_red,counterfactual_red,-1,IRMv1,30.498178482055664,12,noise_global
5,IRMv1__12__u009__K5__counterfactual_green,counterfactual_green,-1,IRMv1,26.830759048461914,12,noise_global
5,IRMv1__12__u009__K5__clean_task,clean_task,-1,IRMv1,4.304755210876465,12,noise_global
20,IRMv1__12__u009__K20__source,source,-1,IRMv1,24.268476486206055,12,noise_global
20,IRMv1__12__u009__K20__counterfactual_red,counterfactual_red,-1,IRMv1,23.973243713378906,12,noise_global
20,IRMv1__12__u009__K20__counterfactual_green,counterfactual_green,-1,IRMv1,19.495777130126953,12,noise_global
20,IRMv1__12__u009__K20__clean_task,clean_task,-1,IRMv1,3.9988880157470703,12,noise_global
1,IRMv1__12__u010__K1__source,source,-1,IRMv1,5.335539817810059,12,noise_shift
1,IRMv1__12__u010__K1__counterfactual_red,counterfactual_red,-1,IRMv1,5.146533489227295,12,noise_shift
1,IRMv1__12__u010__K1__counterfactual_green,counterfactual_green,-1,IRMv1,4.342404842376709,12,noise_shift
1,IRMv1__12__u010__K1__clean_task,clean_task,-1,IRMv1,0.762224018573761,12,noise_shift
5,IRMv1__12__u010__K5__source,source,-1,IRMv1,31.980388641357422,12,noise_shift
5,IRMv1__12__u010__K5__counterfactual_red,counterfactual_red,-1,IRMv1,30.498178482055664,12,noise_shift
5,IRMv1__12__u010__K5__counterfactual_green,counterfactual_green,-1,IRMv1,26.830759048461914,12,noise_shift
5,IRMv1__12__u010__K5__clean_task,clean_task,-1,IRMv1,4.304755210876465,12,noise_shift
20,IRMv1__12__u010__K20__source,source,-1,IRMv1,24.268476486206055,12,noise_shift
20,IRMv1__12__u010__K20__counterfactual_red,counterfactual_red,-1,IRMv1,23.973243713378906,12,noise_shift
20,IRMv1__12__u010__K20__counterfactual_green,counterfactual_green,-1,IRMv1,19.495777130126953,12,noise_shift
20,IRMv1__12__u010__K20__clean_task,clean_task,-1,IRMv1,3.9988880157470703,12,noise_shift
1,VREX__12__u000__K1__source,source,0,VREX,0.08026642352342606,12,source_env0_color
1,VREX__12__u000__K1__counterfactual_red,counterfactual_red,0,VREX,0.06557954847812653,12,source_env0_color
1,VREX__12__u000__K1__counterfactual_green,counterfactual_green,0,VREX,0.07903296500444412,12,source_env0_color
1,VREX__12__u000__K1__clean_task,clean_task,0,VREX,0.013428687117993832,12,source_env0_color
5,VREX__12__u000__K5__source,source,0,VREX,0.9542534351348877,12,source_env0_color
5,VREX__12__u000__K5__counterfactual_red,counterfactual_red,0,VREX,0.8489817380905151,12,source_env0_color
5,VREX__12__u000__K5__counterfactual_green,counterfactual_green,0,VREX,0.8725643157958984,12,source_env0_color
5,VREX__12__u000__K5__clean_task,clean_task,0,VREX,0.14923198521137238,12,source_env0_color
20,VREX__12__u000__K20__source,source,0,VREX,3.619643449783325,12,source_env0_color
20,VREX__12__u000__K20__counterfactual_red,counterfactual_red,0,VREX,2.263800621032715,12,source_env0_color
20,VREX__12__u000__K20__counterfactual_green,counterfactual_green,0,VREX,4.045287132263184,12,source_env0_color
20,VREX__12__u000__K20__clean_task,clean_task,0,VREX,0.8223709464073181,12,source_env0_color
1,VREX__12__u001__K1__source,source,1,VREX,0.08888176083564758,12,source_env1_color
1,VREX__12__u001__K1__counterfactual_red,counterfactual_red,1,VREX,0.07178831100463867,12,source_env1_color
1,VREX__12__u001__K1__counterfactual_green,counterfactual_green,1,VREX,0.08803880214691162,12,source_env1_color
1,VREX__12__u001__K1__clean_task,clean_task,1,VREX,0.015056190080940723,12,source_env1_color
5,VREX__12__u001__K5__source,source,1,VREX,1.0894131660461426,12,source_env1_color
5,VREX__12__u001__K5__counterfactual_red,counterfactual_red,1,VREX,0.9888644814491272,12,source_env1_color
5,VREX__12__u001__K5__counterfactual_green,counterfactual_green,1,VREX,0.9842692613601685,12,source_env1_color
5,VREX__12__u001__K5__clean_task,clean_task,1,VREX,0.17187196016311646,12,source_env1_color
20,VREX__12__u001__K20__source,source,1,VREX,3.8091883659362793,12,source_env1_color
20,VREX__12__u001__K20__counterfactual_red,counterfactual_red,1,VREX,2.590552806854248,12,source_env1_color
20,VREX__12__u001__K20__counterfactual_green,counterfactual_green,1,VREX,4.12152624130249,12,source_env1_color
20,VREX__12__u001__K20__clean_task,clean_task,1,VREX,0.8045804500579834,12,source_env1_color
1,VREX__12__u002__K1__source,source,2,VREX,0.0,12,evaluation_color
1,VREX__12__u002__K1__counterfactual_red,counterfactual_red,2,VREX,0.0,12,evaluation_color
1,VREX__12__u002__K1__counterfactual_green,counterfactual_green,2,VREX,0.0,12,evaluation_color
1,VREX__12__u002__K1__clean_task,clean_task,2,VREX,0.0,12,evaluation_color
5,VREX__12__u002__K5__source,source,2,VREX,0.0,12,evaluation_color
5,VREX__12__u002__K5__counterfactual_red,counterfactual_red,2,VREX,0.0,12,evaluation_color
5,VREX__12__u002__K5__counterfactual_green,counterfactual_green,2,VREX,0.0,12,evaluation_color
5,VREX__12__u002__K5__clean_task,clean_task,2,VREX,0.0,12,evaluation_color
20,VREX__12__u002__K20__source,source,2,VREX,0.0,12,evaluation_color
20,VREX__12__u002__K20__counterfactual_red,counterfactual_red,2,VREX,0.0,12,evaluation_color
20,VREX__12__u002__K20__counterfactual_green,counterfactual_green,2,VREX,0.0,12,evaluation_color
20,VREX__12__u002__K20__clean_task,clean_task,2,VREX,0.0,12,evaluation_color
1,VREX__12__u003__K1__source,source,3,VREX,0.011996619403362274,12,source_label_noise
1,VREX__12__u003__K1__counterfactual_red,counterfactual_red,3,VREX,0.00930694118142128,12,source_label_noise
1,VREX__12__u003__K1__counterfactual_green,counterfactual_green,3,VREX,0.0118342200294137,12,source_label_noise
1,VREX__12__u003__K1__clean_task,clean_task,3,VREX,0.002524572191759944,12,source_label_noise
5,VREX__12__u003__K5__source,source,3,VREX,0.13858899474143982,12,source_label_noise
5,VREX__12__u003__K5__counterfactual_red,counterfactual_red,3,VREX,0.028702499344944954,12,source_label_noise
5,VREX__12__u003__K5__counterfactual_green,counterfactual_green,3,VREX,0.17791172862052917,12,source_label_noise
5,VREX__12__u003__K5__clean_task,clean_task,3,VREX,0.0644213855266571,12,source_label_noise
20,VREX__12__u003__K20__source,source,3,VREX,0.6226053237915039,12,source_label_noise
20,VREX__12__u003__K20__counterfactual_red,counterfactual_red,3,VREX,0.22385531663894653,12,source_label_noise
20,VREX__12__u003__K20__counterfactual_green,counterfactual_green,3,VREX,0.7996417880058289,12,source_label_noise
20,VREX__12__u003__K20__clean_task,clean_task,3,VREX,0.27749258279800415,12,source_label_noise
1,VREX__12__u004__K1__source,source,4,VREX,0.0,12,evaluation_label_noise
1,VREX__12__u004__K1__counterfactual_red,counterfactual_red,4,VREX,0.0,12,evaluation_label_noise
1,VREX__12__u004__K1__counterfactual_green,counterfactual_green,4,VREX,0.0,12,evaluation_label_noise
1,VREX__12__u004__K1__clean_task,clean_task,4,VREX,0.0,12,evaluation_label_noise
5,VREX__12__u004__K5__source,source,4,VREX,0.0,12,evaluation_label_noise
5,VREX__12__u004__K5__counterfactual_red,counterfactual_red,4,VREX,0.0,12,evaluation_label_noise
5,VREX__12__u004__K5__counterfactual_green,counterfactual_green,4,VREX,0.0,12,evaluation_label_noise
5,VREX__12__u004__K5__clean_task,clean_task,4,VREX,0.0,12,evaluation_label_noise
20,VREX__12__u004__K20__source,source,4,VREX,0.0,12,evaluation_label_noise
20,VREX__12__u004__K20__counterfactual_red,counterfactual_red,4,VREX,0.0,12,evaluation_label_noise
20,VREX__12__u004__K20__counterfactual_green,counterfactual_green,4,VREX,0.0,12,evaluation_label_noise
20,VREX__12__u004__K20__clean_task,clean_task,4,VREX,0.0,12,evaluation_label_noise
1,VREX__12__u005__K1__source,source,-1,VREX,0.006250081583857536,12,source_color_common
1,VREX__12__u005__K1__counterfactual_red,counterfactual_red,-1,VREX,0.0044829510152339935,12,source_color_common
1,VREX__12__u005__K1__counterfactual_green,counterfactual_green,-1,VREX,0.006462737452238798,12,source_color_common
1,VREX__12__u005__K1__clean_task,clean_task,-1,VREX,0.0012295468477532268,12,source_color_common
5,VREX__12__u005__K5__source,source,-1,VREX,0.09770599752664566,12,source_color_common
5,VREX__12__u005__K5__counterfactual_red,counterfactual_red,-1,VREX,0.10027170181274414,12,source_color_common
5,VREX__12__u005__K5__counterfactual_green,counterfactual_green,-1,VREX,0.08023248612880707,12,source_color_common
5,VREX__12__u005__K5__clean_task,clean_task,-1,VREX,0.020102830603718758,12,source_color_common
20,VREX__12__u005__K20__source,source,-1,VREX,0.23214246332645416,12,source_color_common
20,VREX__12__u005__K20__counterfactual_red,counterfactual_red,-1,VREX,0.25620701909065247,12,source_color_common
20,VREX__12__u005__K20__counterfactual_green,counterfactual_green,-1,VREX,0.10097698122262955,12,source_color_common
20,VREX__12__u005__K20__clean_task,clean_task,-1,VREX,0.06063615158200264,12,source_color_common
1,VREX__12__u006__K1__source,source,-1,VREX,0.1195976659655571,12,source_color_contrast
1,VREX__12__u006__K1__counterfactual_red,counterfactual_red,-1,VREX,0.09712951630353928,12,source_color_contrast
1,VREX__12__u006__K1__counterfactual_green,counterfactual_green,-1,VREX,0.11813243478536606,12,source_color_contrast
1,VREX__12__u006__K1__clean_task,clean_task,-1,VREX,0.020137198269367218,12,source_color_contrast
5,VREX__12__u006__K5__source,source,-1,VREX,1.4449477195739746,12,source_color_contrast
5,VREX__12__u006__K5__counterfactual_red,counterfactual_red,-1,VREX,1.2994492053985596,12,source_color_contrast
5,VREX__12__u006__K5__counterfactual_green,counterfactual_green,-1,VREX,1.3129041194915771,12,source_color_contrast
5,VREX__12__u006__K5__clean_task,clean_task,-1,VREX,0.22672897577285767,12,source_color_contrast
20,VREX__12__u006__K20__source,source,-1,VREX,5.249556541442871,12,source_color_contrast
20,VREX__12__u006__K20__counterfactual_red,counterfactual_red,-1,VREX,3.430759906768799,12,source_color_contrast
20,VREX__12__u006__K20__counterfactual_green,counterfactual_green,-1,VREX,5.774177551269531,12,source_color_contrast
20,VREX__12__u006__K20__clean_task,clean_task,-1,VREX,1.1488981246948242,12,source_color_contrast
1,VREX__12__u007__K1__source,source,-1,VREX,0.004419475328177214,12,color_global
1,VREX__12__u007__K1__counterfactual_red,counterfactual_red,-1,VREX,0.0031699249520897865,12,color_global
1,VREX__12__u007__K1__counterfactual_green,counterfactual_green,-1,VREX,0.004569845739752054,12,color_global
1,VREX__12__u007__K1__clean_task,clean_task,-1,VREX,0.0008694209391251206,12,color_global
5,VREX__12__u007__K5__source,source,-1,VREX,0.06908857822418213,12,color_global
5,VREX__12__u007__K5__counterfactual_red,counterfactual_red,-1,VREX,0.07090280205011368,12,color_global
5,VREX__12__u007__K5__counterfactual_green,counterfactual_green,-1,VREX,0.05673293396830559,12,color_global
5,VREX__12__u007__K5__clean_task,clean_task,-1,VREX,0.014214848168194294,12,color_global
20,VREX__12__u007__K20__source,source,-1,VREX,0.16414950788021088,12,color_global
20,VREX__12__u007__K20__counterfactual_red,counterfactual_red,-1,VREX,0.18116571009159088,12,color_global
20,VREX__12__u007__K20__counterfactual_green,counterfactual_green,-1,VREX,0.07140150666236877,12,color_global
20,VREX__12__u007__K20__clean_task,clean_task,-1,VREX,0.0428762324154377,12,color_global
1,VREX__12__u008__K1__source,source,-1,VREX,0.004419475328177214,12,color_shift
1,VREX__12__u008__K1__counterfactual_red,counterfactual_red,-1,VREX,0.0031699249520897865,12,color_shift
1,VREX__12__u008__K1__counterfactual_green,counterfactual_green,-1,VREX,0.004569845739752054,12,color_shift
1,VREX__12__u008__K1__clean_task,clean_task,-1,VREX,0.0008694209391251206,12,color_shift
5,VREX__12__u008__K5__source,source,-1,VREX,0.06908857822418213,12,color_shift
5,VREX__12__u008__K5__counterfactual_red,counterfactual_red,-1,VREX,0.07090280205011368,12,color_shift
5,VREX__12__u008__K5__counterfactual_green,counterfactual_green,-1,VREX,0.05673293396830559,12,color_shift
5,VREX__12__u008__K5__clean_task,clean_task,-1,VREX,0.014214848168194294,12,color_shift
20,VREX__12__u008__K20__source,source,-1,VREX,0.16414950788021088,12,color_shift
20,VREX__12__u008__K20__counterfactual_red,counterfactual_red,-1,VREX,0.18116571009159088,12,color_shift
20,VREX__12__u008__K20__counterfactual_green,counterfactual_green,-1,VREX,0.07140150666236877,12,color_shift
20,VREX__12__u008__K20__clean_task,clean_task,-1,VREX,0.0428762324154377,12,color_shift
1,VREX__12__u009__K1__source,source,-1,VREX,0.008482890203595161,12,noise_global
1,VREX__12__u009__K1__counterfactual_red,counterfactual_red,-1,VREX,0.006581001449376345,12,noise_global
1,VREX__12__u009__K1__counterfactual_green,counterfactual_green,-1,VREX,0.008368057198822498,12,noise_global
1,VREX__12__u009__K1__clean_task,clean_task,-1,VREX,0.0017851419979706407,12,noise_global
5,VREX__12__u009__K5__source,source,-1,VREX,0.09799721091985703,12,noise_global
5,VREX__12__u009__K5__counterfactual_red,counterfactual_red,-1,VREX,0.020295731723308563,12,noise_global
5,VREX__12__u009__K5__counterfactual_green,counterfactual_green,-1,VREX,0.12580259144306183,12,noise_global
5,VREX__12__u009__K5__clean_task,clean_task,-1,VREX,0.04555279761552811,12,noise_global
20,VREX__12__u009__K20__source,source,-1,VREX,0.44024839997291565,12,noise_global
20,VREX__12__u009__K20__counterfactual_red,counterfactual_red,-1,VREX,0.1582896113395691,12,noise_global
20,VREX__12__u009__K20__counterfactual_green,counterfactual_green,-1,VREX,0.5654321312904358,12,noise_global
20,VREX__12__u009__K20__clean_task,clean_task,-1,VREX,0.1962168961763382,12,noise_global
1,VREX__12__u010__K1__source,source,-1,VREX,0.008482890203595161,12,noise_shift
1,VREX__12__u010__K1__counterfactual_red,counterfactual_red,-1,VREX,0.006581001449376345,12,noise_shift
1,VREX__12__u010__K1__counterfactual_green,counterfactual_green,-1,VREX,0.008368057198822498,12,noise_shift
1,VREX__12__u010__K1__clean_task,clean_task,-1,VREX,0.0017851419979706407,12,noise_shift
5,VREX__12__u010__K5__source,source,-1,VREX,0.09799721091985703,12,noise_shift
5,VREX__12__u010__K5__counterfactual_red,counterfactual_red,-1,VREX,0.020295731723308563,12,noise_shift
5,VREX__12__u010__K5__counterfactual_green,counterfactual_green,-1,VREX,0.12580259144306183,12,noise_shift
5,VREX__12__u010__K5__clean_task,clean_task,-1,VREX,0.04555279761552811,12,noise_shift
20,VREX__12__u010__K20__source,source,-1,VREX,0.44024839997291565,12,noise_shift
20,VREX__12__u010__K20__counterfactual_red,counterfactual_red,-1,VREX,0.1582896113395691,12,noise_shift
20,VREX__12__u010__K20__counterfactual_green,counterfactual_green,-1,VREX,0.5654321312904358,12,noise_shift
20,VREX__12__u010__K20__clean_task,clean_task,-1,VREX,0.1962168961763382,12,noise_shift
1,FISHR__12__u000__K1__source,source,0,FISHR,0.15128783881664276,12,source_env0_color
1,FISHR__12__u000__K1__counterfactual_red,counterfactual_red,0,FISHR,0.12798236310482025,12,source_env0_color
1,FISHR__12__u000__K1__counterfactual_green,counterfactual_green,0,FISHR,0.16106736660003662,12,source_env0_color
1,FISHR__12__u000__K1__clean_task,clean_task,0,FISHR,0.04404372349381447,12,source_env0_color
5,FISHR__12__u000__K5__source,source,0,FISHR,1.6510788202285767,12,source_env0_color
5,FISHR__12__u000__K5__counterfactual_red,counterfactual_red,0,FISHR,1.3864108324050903,12,source_env0_color
5,FISHR__12__u000__K5__counterfactual_green,counterfactual_green,0,FISHR,1.8106805086135864,12,source_env0_color
5,FISHR__12__u000__K5__clean_task,clean_task,0,FISHR,0.5001686811447144,12,source_env0_color
20,FISHR__12__u000__K20__source,source,0,FISHR,5.4751715660095215,12,source_env0_color
20,FISHR__12__u000__K20__counterfactual_red,counterfactual_red,0,FISHR,4.674150466918945,12,source_env0_color
20,FISHR__12__u000__K20__counterfactual_green,counterfactual_green,0,FISHR,5.837790012359619,12,source_env0_color
20,FISHR__12__u000__K20__clean_task,clean_task,0,FISHR,1.6280666589736938,12,source_env0_color
1,FISHR__12__u001__K1__source,source,1,FISHR,0.13353529572486877,12,source_env1_color
1,FISHR__12__u001__K1__counterfactual_red,counterfactual_red,1,FISHR,0.11622464656829834,12,source_env1_color
1,FISHR__12__u001__K1__counterfactual_green,counterfactual_green,1,FISHR,0.13978460431098938,12,source_env1_color
1,FISHR__12__u001__K1__clean_task,clean_task,1,FISHR,0.03833009675145149,12,source_env1_color
5,FISHR__12__u001__K5__source,source,1,FISHR,1.4361473321914673,12,source_env1_color
5,FISHR__12__u001__K5__counterfactual_red,counterfactual_red,1,FISHR,1.2325161695480347,12,source_env1_color
5,FISHR__12__u001__K5__counterfactual_green,counterfactual_green,1,FISHR,1.562015414237976,12,source_env1_color
5,FISHR__12__u001__K5__clean_task,clean_task,1,FISHR,0.42998912930488586,12,source_env1_color
20,FISHR__12__u001__K20__source,source,1,FISHR,4.245699405670166,12,source_env1_color
20,FISHR__12__u001__K20__counterfactual_red,counterfactual_red,1,FISHR,3.6265037059783936,12,source_env1_color
20,FISHR__12__u001__K20__counterfactual_green,counterfactual_green,1,FISHR,4.4837236404418945,12,source_env1_color
20,FISHR__12__u001__K20__clean_task,clean_task,1,FISHR,1.1999471187591553,12,source_env1_color
1,FISHR__12__u002__K1__source,source,2,FISHR,0.0,12,evaluation_color
1,FISHR__12__u002__K1__counterfactual_red,counterfactual_red,2,FISHR,0.0,12,evaluation_color
1,FISHR__12__u002__K1__counterfactual_green,counterfactual_green,2,FISHR,0.0,12,evaluation_color
1,FISHR__12__u002__K1__clean_task,clean_task,2,FISHR,0.0,12,evaluation_color
5,FISHR__12__u002__K5__source,source,2,FISHR,0.0,12,evaluation_color
5,FISHR__12__u002__K5__counterfactual_red,counterfactual_red,2,FISHR,0.0,12,evaluation_color
5,FISHR__12__u002__K5__counterfactual_green,counterfactual_green,2,FISHR,0.0,12,evaluation_color
5,FISHR__12__u002__K5__clean_task,clean_task,2,FISHR,0.0,12,evaluation_color
20,FISHR__12__u002__K20__source,source,2,FISHR,0.0,12,evaluation_color
20,FISHR__12__u002__K20__counterfactual_red,counterfactual_red,2,FISHR,0.0,12,evaluation_color
20,FISHR__12__u002__K20__counterfactual_green,counterfactual_green,2,FISHR,0.0,12,evaluation_color
20,FISHR__12__u002__K20__clean_task,clean_task,2,FISHR,0.0,12,evaluation_color
1,FISHR__12__u003__K1__source,source,3,FISHR,0.0046189092099666595,12,source_label_noise
1,FISHR__12__u003__K1__counterfactual_red,counterfactual_red,3,FISHR,0.0035337889567017555,12,source_label_noise
1,FISHR__12__u003__K1__counterfactual_green,counterfactual_green,3,FISHR,0.005800114944577217,12,source_label_noise
1,FISHR__12__u003__K1__clean_task,clean_task,3,FISHR,0.002611020812764764,12,source_label_noise
5,FISHR__12__u003__K5__source,source,3,FISHR,0.07046116143465042,12,source_label_noise
5,FISHR__12__u003__K5__counterfactual_red,counterfactual_red,3,FISHR,0.046043187379837036,12,source_label_noise
5,FISHR__12__u003__K5__counterfactual_green,counterfactual_green,3,FISHR,0.06355546414852142,12,source_label_noise
5,FISHR__12__u003__K5__clean_task,clean_task,3,FISHR,0.036298368126153946,12,source_label_noise
20,FISHR__12__u003__K20__source,source,3,FISHR,0.6058980822563171,12,source_label_noise
20,FISHR__12__u003__K20__counterfactual_red,counterfactual_red,3,FISHR,0.44682806730270386,12,source_label_noise
20,FISHR__12__u003__K20__counterfactual_green,counterfactual_green,3,FISHR,0.5512923002243042,12,source_label_noise
20,FISHR__12__u003__K20__clean_task,clean_task,3,FISHR,0.32000434398651123,12,source_label_noise
1,FISHR__12__u004__K1__source,source,4,FISHR,0.0,12,evaluation_label_noise
1,FISHR__12__u004__K1__counterfactual_red,counterfactual_red,4,FISHR,0.0,12,evaluation_label_noise
1,FISHR__12__u004__K1__counterfactual_green,counterfactual_green,4,FISHR,0.0,12,evaluation_label_noise
1,FISHR__12__u004__K1__clean_task,clean_task,4,FISHR,0.0,12,evaluation_label_noise
5,FISHR__12__u004__K5__source,source,4,FISHR,0.0,12,evaluation_label_noise
5,FISHR__12__u004__K5__counterfactual_red,counterfactual_red,4,FISHR,0.0,12,evaluation_label_noise
5,FISHR__12__u004__K5__counterfactual_green,counterfactual_green,4,FISHR,0.0,12,evaluation_label_noise
5,FISHR__12__u004__K5__clean_task,clean_task,4,FISHR,0.0,12,evaluation_label_noise
20,FISHR__12__u004__K20__source,source,4,FISHR,0.0,12,evaluation_label_noise
20,FISHR__12__u004__K20__counterfactual_red,counterfactual_red,4,FISHR,0.0,12,evaluation_label_noise
20,FISHR__12__u004__K20__counterfactual_green,counterfactual_green,4,FISHR,0.0,12,evaluation_label_noise
20,FISHR__12__u004__K20__clean_task,clean_task,4,FISHR,0.0,12,evaluation_label_noise
1,FISHR__12__u005__K1__source,source,-1,FISHR,0.012970906682312489,12,source_color_common
1,FISHR__12__u005__K1__counterfactual_red,counterfactual_red,-1,FISHR,0.00880677904933691,12,source_color_common
1,FISHR__12__u005__K1__counterfactual_green,counterfactual_green,-1,FISHR,0.015321444720029831,12,source_color_common
1,FISHR__12__u005__K1__clean_task,clean_task,-1,FISHR,0.004218734335154295,12,source_color_common
5,FISHR__12__u005__K5__source,source,-1,FISHR,0.15376584231853485,12,source_color_common
5,FISHR__12__u005__K5__counterfactual_red,counterfactual_red,-1,FISHR,0.11065124720335007,12,source_color_common
5,FISHR__12__u005__K5__counterfactual_green,counterfactual_green,-1,FISHR,0.17716431617736816,12,source_color_common
5,FISHR__12__u005__K5__clean_task,clean_task,-1,FISHR,0.05047981068491936,12,source_color_common
20,FISHR__12__u005__K20__source,source,-1,FISHR,0.8810351490974426,12,source_color_common
20,FISHR__12__u005__K20__counterfactual_red,counterfactual_red,-1,FISHR,0.7469028234481812,12,source_color_common
20,FISHR__12__u005__K20__counterfactual_green,counterfactual_green,-1,FISHR,0.9737810492515564,12,source_color_common
20,FISHR__12__u005__K20__clean_task,clean_task,-1,FISHR,0.3069618046283722,12,source_color_common
1,FISHR__12__u006__K1__source,source,-1,FISHR,0.201373890042305,12,source_color_contrast
1,FISHR__12__u006__K1__counterfactual_red,counterfactual_red,-1,FISHR,0.17265599966049194,12,source_color_contrast
1,FISHR__12__u006__K1__counterfactual_green,counterfactual_green,-1,FISHR,0.2127150446176529,12,source_color_contrast
1,FISHR__12__u006__K1__clean_task,clean_task,-1,FISHR,0.05823442339897156,12,source_color_contrast
5,FISHR__12__u006__K5__source,source,-1,FISHR,2.182873487472534,12,source_color_contrast
5,FISHR__12__u006__K5__counterfactual_red,counterfactual_red,-1,FISHR,1.851752519607544,12,source_color_contrast
5,FISHR__12__u006__K5__counterfactual_green,counterfactual_green,-1,FISHR,2.3847575187683105,12,source_color_contrast
5,FISHR__12__u006__K5__clean_task,clean_task,-1,FISHR,0.6576557755470276,12,source_color_contrast
20,FISHR__12__u006__K20__source,source,-1,FISHR,6.872208118438721,12,source_color_contrast
20,FISHR__12__u006__K20__counterfactual_red,counterfactual_red,-1,FISHR,5.868675231933594,12,source_color_contrast
20,FISHR__12__u006__K20__counterfactual_green,counterfactual_green,-1,FISHR,7.296253681182861,12,source_color_contrast
20,FISHR__12__u006__K20__clean_task,clean_task,-1,FISHR,1.999061942100525,12,source_color_contrast
1,FISHR__12__u007__K1__source,source,-1,FISHR,0.00917181558907032,12,color_global
1,FISHR__12__u007__K1__counterfactual_red,counterfactual_red,-1,FISHR,0.006227333098649979,12,color_global
1,FISHR__12__u007__K1__counterfactual_green,counterfactual_green,-1,FISHR,0.01083389762789011,12,color_global
1,FISHR__12__u007__K1__clean_task,clean_task,-1,FISHR,0.00298309582285583,12,color_global
5,FISHR__12__u007__K5__source,source,-1,FISHR,0.10872887074947357,12,color_global
5,FISHR__12__u007__K5__counterfactual_red,counterfactual_red,-1,FISHR,0.07824225723743439,12,color_global
5,FISHR__12__u007__K5__counterfactual_green,counterfactual_green,-1,FISHR,0.12527409195899963,12,color_global
5,FISHR__12__u007__K5__clean_task,clean_task,-1,FISHR,0.03569461777806282,12,color_global
20,FISHR__12__u007__K20__source,source,-1,FISHR,0.6229859590530396,12,color_global
20,FISHR__12__u007__K20__counterfactual_red,counterfactual_red,-1,FISHR,0.5281400680541992,12,color_global
20,FISHR__12__u007__K20__counterfactual_green,counterfactual_green,-1,FISHR,0.6885672211647034,12,color_global
20,FISHR__12__u007__K20__clean_task,clean_task,-1,FISHR,0.21705478429794312,12,color_global
1,FISHR__12__u008__K1__source,source,-1,FISHR,0.00917181558907032,12,color_shift
1,FISHR__12__u008__K1__counterfactual_red,counterfactual_red,-1,FISHR,0.006227333098649979,12,color_shift
1,FISHR__12__u008__K1__counterfactual_green,counterfactual_green,-1,FISHR,0.01083389762789011,12,color_shift
1,FISHR__12__u008__K1__clean_task,clean_task,-1,FISHR,0.00298309582285583,12,color_shift
5,FISHR__12__u008__K5__source,source,-1,FISHR,0.10872887074947357,12,color_shift
5,FISHR__12__u008__K5__counterfactual_red,counterfactual_red,-1,FISHR,0.07824225723743439,12,color_shift
5,FISHR__12__u008__K5__counterfactual_green,counterfactual_green,-1,FISHR,0.12527409195899963,12,color_shift
5,FISHR__12__u008__K5__clean_task,clean_task,-1,FISHR,0.03569461777806282,12,color_shift
20,FISHR__12__u008__K20__source,source,-1,FISHR,0.6229859590530396,12,color_shift
20,FISHR__12__u008__K20__counterfactual_red,counterfactual_red,-1,FISHR,0.5281400680541992,12,color_shift
20,FISHR__12__u008__K20__counterfactual_green,counterfactual_green,-1,FISHR,0.6885672211647034,12,color_shift
20,FISHR__12__u008__K20__clean_task,clean_task,-1,FISHR,0.21705478429794312,12,color_shift
1,FISHR__12__u009__K1__source,source,-1,FISHR,0.0032660618890076876,12,noise_global
1,FISHR__12__u009__K1__counterfactual_red,counterfactual_red,-1,FISHR,0.00249876594170928,12,noise_global
1,FISHR__12__u009__K1__counterfactual_green,counterfactual_green,-1,FISHR,0.004101300146430731,12,noise_global
1,FISHR__12__u009__K1__clean_task,clean_task,-1,FISHR,0.0018462705193087459,12,noise_global
5,FISHR__12__u009__K5__source,source,-1,FISHR,0.04982355982065201,12,noise_global
5,FISHR__12__u009__K5__counterfactual_red,counterfactual_red,-1,FISHR,0.032557450234889984,12,noise_global
5,FISHR__12__u009__K5__counterfactual_green,counterfactual_green,-1,FISHR,0.04494049772620201,12,noise_global
5,FISHR__12__u009__K5__clean_task,clean_task,-1,FISHR,0.025666823610663414,12,noise_global
20,FISHR__12__u009__K20__source,source,-1,FISHR,0.4284346401691437,12,noise_global
20,FISHR__12__u009__K20__counterfactual_red,counterfactual_red,-1,FISHR,0.31595513224601746,12,noise_global
20,FISHR__12__u009__K20__counterfactual_green,counterfactual_green,-1,FISHR,0.38982248306274414,12,noise_global
20,FISHR__12__u009__K20__clean_task,clean_task,-1,FISHR,0.22627724707126617,12,noise_global
1,FISHR__12__u010__K1__source,source,-1,FISHR,0.0032660618890076876,12,noise_shift
1,FISHR__12__u010__K1__counterfactual_red,counterfactual_red,-1,FISHR,0.00249876594170928,12,noise_shift
1,FISHR__12__u010__K1__counterfactual_green,counterfactual_green,-1,FISHR,0.004101300146430731,12,noise_shift
1,FISHR__12__u010__K1__clean_task,clean_task,-1,FISHR,0.0018462705193087459,12,noise_shift
5,FISHR__12__u010__K5__source,source,-1,FISHR,0.04982355982065201,12,noise_shift
5,FISHR__12__u010__K5__counterfactual_red,counterfactual_red,-1,FISHR,0.032557450234889984,12,noise_shift
5,FISHR__12__u010__K5__counterfactual_green,counterfactual_green,-1,FISHR,0.04494049772620201,12,noise_shift
5,FISHR__12__u010__K5__clean_task,clean_task,-1,FISHR,0.025666823610663414,12,noise_shift
20,FISHR__12__u010__K20__source,source,-1,FISHR,0.4284346401691437,12,noise_shift
20,FISHR__12__u010__K20__counterfactual_red,counterfactual_red,-1,FISHR,0.31595513224601746,12,noise_shift
20,FISHR__12__u010__K20__counterfactual_green,counterfactual_green,-1,FISHR,0.38982248306274414,12,noise_shift
20,FISHR__12__u010__K20__clean_task,clean_task,-1,FISHR,0.22627724707126617,12,noise_shift
1,CORAL__12__u000__K1__source,source,0,CORAL,14.345952987670898,12,source_env0_color
1,CORAL__12__u000__K1__counterfactual_red,counterfactual_red,0,CORAL,15.744751930236816,12,source_env0_color
1,CORAL__12__u000__K1__counterfactual_green,counterfactual_green,0,CORAL,13.24268627166748,12,source_env0_color
1,CORAL__12__u000__K1__clean_task,clean_task,0,CORAL,1.3785414695739746,12,source_env0_color
5,CORAL__12__u000__K5__source,source,0,CORAL,120.19847869873047,12,source_env0_color
5,CORAL__12__u000__K5__counterfactual_red,counterfactual_red,0,CORAL,120.47822570800781,12,source_env0_color
5,CORAL__12__u000__K5__counterfactual_green,counterfactual_green,0,CORAL,116.38496398925781,12,source_env0_color
5,CORAL__12__u000__K5__clean_task,clean_task,0,CORAL,7.994613170623779,12,source_env0_color
20,CORAL__12__u000__K20__source,source,0,CORAL,101.37921142578125,12,source_env0_color
20,CORAL__12__u000__K20__counterfactual_red,counterfactual_red,0,CORAL,104.01160430908203,12,source_env0_color
20,CORAL__12__u000__K20__counterfactual_green,counterfactual_green,0,CORAL,94.57109832763672,12,source_env0_color
20,CORAL__12__u000__K20__clean_task,clean_task,0,CORAL,13.68979549407959,12,source_env0_color
1,CORAL__12__u001__K1__source,source,1,CORAL,14.630451202392578,12,source_env1_color
1,CORAL__12__u001__K1__counterfactual_red,counterfactual_red,1,CORAL,15.902958869934082,12,source_env1_color
1,CORAL__12__u001__K1__counterfactual_green,counterfactual_green,1,CORAL,13.65145206451416,12,source_env1_color
1,CORAL__12__u001__K1__clean_task,clean_task,1,CORAL,1.1699975728988647,12,source_env1_color
5,CORAL__12__u001__K5__source,source,1,CORAL,120.81965637207031,12,source_env1_color
5,CORAL__12__u001__K5__counterfactual_red,counterfactual_red,1,CORAL,120.53624725341797,12,source_env1_color
5,CORAL__12__u001__K5__counterfactual_green,counterfactual_green,1,CORAL,117.65850830078125,12,source_env1_color
5,CORAL__12__u001__K5__clean_task,clean_task,1,CORAL,7.4091620445251465,12,source_env1_color
20,CORAL__12__u001__K20__source,source,1,CORAL,101.98013305664062,12,source_env1_color
20,CORAL__12__u001__K20__counterfactual_red,counterfactual_red,1,CORAL,103.1319580078125,12,source_env1_color
20,CORAL__12__u001__K20__counterfactual_green,counterfactual_green,1,CORAL,94.23458862304688,12,source_env1_color
20,CORAL__12__u001__K20__clean_task,clean_task,1,CORAL,15.56109619140625,12,source_env1_color
1,CORAL__12__u002__K1__source,source,2,CORAL,0.0,12,evaluation_color
1,CORAL__12__u002__K1__counterfactual_red,counterfactual_red,2,CORAL,0.0,12,evaluation_color
1,CORAL__12__u002__K1__counterfactual_green,counterfactual_green,2,CORAL,0.0,12,evaluation_color
1,CORAL__12__u002__K1__clean_task,clean_task,2,CORAL,0.0,12,evaluation_color
5,CORAL__12__u002__K5__source,source,2,CORAL,0.0,12,evaluation_color
5,CORAL__12__u002__K5__counterfactual_red,counterfactual_red,2,CORAL,0.0,12,evaluation_color
5,CORAL__12__u002__K5__counterfactual_green,counterfactual_green,2,CORAL,0.0,12,evaluation_color
5,CORAL__12__u002__K5__clean_task,clean_task,2,CORAL,0.0,12,evaluation_color
20,CORAL__12__u002__K20__source,source,2,CORAL,0.0,12,evaluation_color
20,CORAL__12__u002__K20__counterfactual_red,counterfactual_red,2,CORAL,0.0,12,evaluation_color
20,CORAL__12__u002__K20__counterfactual_green,counterfactual_green,2,CORAL,0.0,12,evaluation_color
20,CORAL__12__u002__K20__clean_task,clean_task,2,CORAL,0.0,12,evaluation_color
1,CORAL__12__u003__K1__source,source,3,CORAL,3.6582112312316895,12,source_label_noise
1,CORAL__12__u003__K1__counterfactual_red,counterfactual_red,3,CORAL,6.8057026863098145,12,source_label_noise
1,CORAL__12__u003__K1__counterfactual_green,counterfactual_green,3,CORAL,2.9651660919189453,12,source_label_noise
1,CORAL__12__u003__K1__clean_task,clean_task,3,CORAL,2.3001039028167725,12,source_label_noise
5,CORAL__12__u003__K5__source,source,3,CORAL,23.37186050415039,12,source_label_noise
5,CORAL__12__u003__K5__counterfactual_red,counterfactual_red,3,CORAL,48.92787551879883,12,source_label_noise
5,CORAL__12__u003__K5__counterfactual_green,counterfactual_green,3,CORAL,30.470382690429688,12,source_label_noise
5,CORAL__12__u003__K5__clean_task,clean_task,3,CORAL,16.434886932373047,12,source_label_noise
20,CORAL__12__u003__K20__source,source,3,CORAL,81.98786926269531,12,source_label_noise
20,CORAL__12__u003__K20__counterfactual_red,counterfactual_red,3,CORAL,95.5890884399414,12,source_label_noise
20,CORAL__12__u003__K20__counterfactual_green,counterfactual_green,3,CORAL,85.18463897705078,12,source_label_noise
20,CORAL__12__u003__K20__clean_task,clean_task,3,CORAL,71.67610931396484,12,source_label_noise
1,CORAL__12__u004__K1__source,source,4,CORAL,0.0,12,evaluation_label_noise
1,CORAL__12__u004__K1__counterfactual_red,counterfactual_red,4,CORAL,0.0,12,evaluation_label_noise
1,CORAL__12__u004__K1__counterfactual_green,counterfactual_green,4,CORAL,0.0,12,evaluation_label_noise
1,CORAL__12__u004__K1__clean_task,clean_task,4,CORAL,0.0,12,evaluation_label_noise
5,CORAL__12__u004__K5__source,source,4,CORAL,0.0,12,evaluation_label_noise
5,CORAL__12__u004__K5__counterfactual_red,counterfactual_red,4,CORAL,0.0,12,evaluation_label_noise
5,CORAL__12__u004__K5__counterfactual_green,counterfactual_green,4,CORAL,0.0,12,evaluation_label_noise
5,CORAL__12__u004__K5__clean_task,clean_task,4,CORAL,0.0,12,evaluation_label_noise
20,CORAL__12__u004__K20__source,source,4,CORAL,0.0,12,evaluation_label_noise
20,CORAL__12__u004__K20__counterfactual_red,counterfactual_red,4,CORAL,0.0,12,evaluation_label_noise
20,CORAL__12__u004__K20__counterfactual_green,counterfactual_green,4,CORAL,0.0,12,evaluation_label_noise
20,CORAL__12__u004__K20__clean_task,clean_task,4,CORAL,0.0,12,evaluation_label_noise
1,CORAL__12__u005__K1__source,source,-1,CORAL,20.487367630004883,12,source_color_common
1,CORAL__12__u005__K1__counterfactual_red,counterfactual_red,-1,CORAL,22.374887466430664,12,source_color_common
1,CORAL__12__u005__K1__counterfactual_green,counterfactual_green,-1,CORAL,19.015830993652344,12,source_color_common
1,CORAL__12__u005__K1__clean_task,clean_task,-1,CORAL,1.795154333114624,12,source_color_common
5,CORAL__12__u005__K5__source,source,-1,CORAL,170.4170684814453,12,source_color_common
5,CORAL__12__u005__K5__counterfactual_red,counterfactual_red,-1,CORAL,170.40130615234375,12,source_color_common
5,CORAL__12__u005__K5__counterfactual_green,counterfactual_green,-1,CORAL,165.4866180419922,12,source_color_common
5,CORAL__12__u005__K5__clean_task,clean_task,-1,CORAL,10.824576377868652,12,source_color_common
20,CORAL__12__u005__K20__source,source,-1,CORAL,143.7519989013672,12,source_color_common
20,CORAL__12__u005__K20__counterfactual_red,counterfactual_red,-1,CORAL,146.39930725097656,12,source_color_common
20,CORAL__12__u005__K20__counterfactual_green,counterfactual_green,-1,CORAL,133.4464569091797,12,source_color_common
20,CORAL__12__u005__K20__clean_task,clean_task,-1,CORAL,20.581138610839844,12,source_color_common
1,CORAL__12__u006__K1__source,source,-1,CORAL,0.3524504005908966,12,source_color_contrast
1,CORAL__12__u006__K1__counterfactual_red,counterfactual_red,-1,CORAL,0.4070654809474945,12,source_color_contrast
1,CORAL__12__u006__K1__counterfactual_green,counterfactual_green,-1,CORAL,0.35918864607810974,12,source_color_contrast
1,CORAL__12__u006__K1__clean_task,clean_task,-1,CORAL,0.21608342230319977,12,source_color_contrast
5,CORAL__12__u006__K5__source,source,-1,CORAL,1.75696861743927,12,source_color_contrast
5,CORAL__12__u006__K5__counterfactual_red,counterfactual_red,-1,CORAL,2.717308282852173,12,source_color_contrast
5,CORAL__12__u006__K5__counterfactual_green,counterfactual_green,-1,CORAL,1.7788728475570679,12,source_color_contrast
5,CORAL__12__u006__K5__clean_task,clean_task,-1,CORAL,1.2798664569854736,12,source_color_contrast
20,CORAL__12__u006__K20__source,source,-1,CORAL,3.6132218837738037,12,source_color_contrast
20,CORAL__12__u006__K20__counterfactual_red,counterfactual_red,-1,CORAL,4.674998760223389,12,source_color_contrast
20,CORAL__12__u006__K20__counterfactual_green,counterfactual_green,-1,CORAL,3.9867892265319824,12,source_color_contrast
20,CORAL__12__u006__K20__clean_task,clean_task,-1,CORAL,2.4443740844726562,12,source_color_contrast
1,CORAL__12__u007__K1__source,source,-1,CORAL,14.486757278442383,12,color_global
1,CORAL__12__u007__K1__counterfactual_red,counterfactual_red,-1,CORAL,15.82143497467041,12,color_global
1,CORAL__12__u007__K1__counterfactual_green,counterfactual_green,-1,CORAL,13.446224212646484,12,color_global
1,CORAL__12__u007__K1__clean_task,clean_task,-1,CORAL,1.2693657875061035,12,color_global
5,CORAL__12__u007__K5__source,source,-1,CORAL,120.50306701660156,12,color_global
5,CORAL__12__u007__K5__counterfactual_red,counterfactual_red,-1,CORAL,120.49192810058594,12,color_global
5,CORAL__12__u007__K5__counterfactual_green,counterfactual_green,-1,CORAL,117.01671600341797,12,color_global
5,CORAL__12__u007__K5__clean_task,clean_task,-1,CORAL,7.6541314125061035,12,color_global
20,CORAL__12__u007__K20__source,source,-1,CORAL,101.64801025390625,12,color_global
20,CORAL__12__u007__K20__counterfactual_red,counterfactual_red,-1,CORAL,103.51994323730469,12,color_global
20,CORAL__12__u007__K20__counterfactual_green,counterfactual_green,-1,CORAL,94.36089324951172,12,color_global
20,CORAL__12__u007__K20__clean_task,clean_task,-1,CORAL,14.553062438964844,12,color_global
1,CORAL__12__u008__K1__source,source,-1,CORAL,14.486757278442383,12,color_shift
1,CORAL__12__u008__K1__counterfactual_red,counterfactual_red,-1,CORAL,15.82143497467041,12,color_shift
1,CORAL__12__u008__K1__counterfactual_green,counterfactual_green,-1,CORAL,13.446224212646484,12,color_shift
1,CORAL__12__u008__K1__clean_task,clean_task,-1,CORAL,1.2693657875061035,12,color_shift
5,CORAL__12__u008__K5__source,source,-1,CORAL,120.50306701660156,12,color_shift
5,CORAL__12__u008__K5__counterfactual_red,counterfactual_red,-1,CORAL,120.49192810058594,12,color_shift
5,CORAL__12__u008__K5__counterfactual_green,counterfactual_green,-1,CORAL,117.01671600341797,12,color_shift
5,CORAL__12__u008__K5__clean_task,clean_task,-1,CORAL,7.6541314125061035,12,color_shift
20,CORAL__12__u008__K20__source,source,-1,CORAL,101.64801025390625,12,color_shift
20,CORAL__12__u008__K20__counterfactual_red,counterfactual_red,-1,CORAL,103.51994323730469,12,color_shift
20,CORAL__12__u008__K20__counterfactual_green,counterfactual_green,-1,CORAL,94.36089324951172,12,color_shift
20,CORAL__12__u008__K20__clean_task,clean_task,-1,CORAL,14.553062438964844,12,color_shift
1,CORAL__12__u009__K1__source,source,-1,CORAL,2.5867459774017334,12,noise_global
1,CORAL__12__u009__K1__counterfactual_red,counterfactual_red,-1,CORAL,4.8123579025268555,12,noise_global
1,CORAL__12__u009__K1__counterfactual_green,counterfactual_green,-1,CORAL,2.096689224243164,12,noise_global
1,CORAL__12__u009__K1__clean_task,clean_task,-1,CORAL,1.626418948173523,12,noise_global
5,CORAL__12__u009__K5__source,source,-1,CORAL,16.52640151977539,12,noise_global
5,CORAL__12__u009__K5__counterfactual_red,counterfactual_red,-1,CORAL,34.597232818603516,12,noise_global
5,CORAL__12__u009__K5__counterfactual_green,counterfactual_green,-1,CORAL,21.545814514160156,12,noise_global
5,CORAL__12__u009__K5__clean_task,clean_task,-1,CORAL,11.621219635009766,12,noise_global
20,CORAL__12__u009__K20__source,source,-1,CORAL,57.97417449951172,12,noise_global
20,CORAL__12__u009__K20__counterfactual_red,counterfactual_red,-1,CORAL,67.59169006347656,12,noise_global
20,CORAL__12__u009__K20__counterfactual_green,counterfactual_green,-1,CORAL,60.23463821411133,12,noise_global
20,CORAL__12__u009__K20__clean_task,clean_task,-1,CORAL,50.68266296386719,12,noise_global
1,CORAL__12__u010__K1__source,source,-1,CORAL,2.5867459774017334,12,noise_shift
1,CORAL__12__u010__K1__counterfactual_red,counterfactual_red,-1,CORAL,4.8123579025268555,12,noise_shift
1,CORAL__12__u010__K1__counterfactual_green,counterfactual_green,-1,CORAL,2.096689224243164,12,noise_shift
1,CORAL__12__u010__K1__clean_task,clean_task,-1,CORAL,1.626418948173523,12,noise_shift
5,CORAL__12__u010__K5__source,source,-1,CORAL,16.52640151977539,12,noise_shift
5,CORAL__12__u010__K5__counterfactual_red,counterfactual_red,-1,CORAL,34.597232818603516,12,noise_shift
5,CORAL__12__u010__K5__counterfactual_green,counterfactual_green,-1,CORAL,21.545814514160156,12,noise_shift
5,CORAL__12__u010__K5__clean_task,clean_task,-1,CORAL,11.621219635009766,12,noise_shift
20,CORAL__12__u010__K20__source,source,-1,CORAL,57.97417449951172,12,noise_shift
20,CORAL__12__u010__K20__counterfactual_red,counterfactual_red,-1,CORAL,67.59169006347656,12,noise_shift
20,CORAL__12__u010__K20__counterfactual_green,counterfactual_green,-1,CORAL,60.23463821411133,12,noise_shift
20,CORAL__12__u010__K20__clean_task,clean_task,-1,CORAL,50.68266296386719,12,noise_shift
1,ERM__13__u000__K1__source,source,0,ERM,14.463955879211426,13,source_env0_color
1,ERM__13__u000__K1__counterfactual_red,counterfactual_red,0,ERM,16.1107120513916,13,source_env0_color
1,ERM__13__u000__K1__counterfactual_green,counterfactual_green,0,ERM,12.666786193847656,13,source_env0_color
1,ERM__13__u000__K1__clean_task,clean_task,0,ERM,1.5496002435684204,13,source_env0_color
5,ERM__13__u000__K5__source,source,0,ERM,123.84717559814453,13,source_env0_color
5,ERM__13__u000__K5__counterfactual_red,counterfactual_red,0,ERM,124.78419494628906,13,source_env0_color
5,ERM__13__u000__K5__counterfactual_green,counterfactual_green,0,ERM,119.85340881347656,13,source_env0_color
5,ERM__13__u000__K5__clean_task,clean_task,0,ERM,6.551626205444336,13,source_env0_color
20,ERM__13__u000__K20__source,source,0,ERM,105.83636474609375,13,source_env0_color
20,ERM__13__u000__K20__counterfactual_red,counterfactual_red,0,ERM,107.16002655029297,13,source_env0_color
20,ERM__13__u000__K20__counterfactual_green,counterfactual_green,0,ERM,98.21730041503906,13,source_env0_color
20,ERM__13__u000__K20__clean_task,clean_task,0,ERM,8.299970626831055,13,source_env0_color
1,ERM__13__u001__K1__source,source,1,ERM,15.001311302185059,13,source_env1_color
1,ERM__13__u001__K1__counterfactual_red,counterfactual_red,1,ERM,16.539108276367188,13,source_env1_color
1,ERM__13__u001__K1__counterfactual_green,counterfactual_green,1,ERM,13.311707496643066,13,source_env1_color
1,ERM__13__u001__K1__clean_task,clean_task,1,ERM,1.5946234464645386,13,source_env1_color
5,ERM__13__u001__K5__source,source,1,ERM,125.9051742553711,13,source_env1_color
5,ERM__13__u001__K5__counterfactual_red,counterfactual_red,1,ERM,128.14462280273438,13,source_env1_color
5,ERM__13__u001__K5__counterfactual_green,counterfactual_green,1,ERM,120.43761444091797,13,source_env1_color
5,ERM__13__u001__K5__clean_task,clean_task,1,ERM,7.179577827453613,13,source_env1_color
20,ERM__13__u001__K20__source,source,1,ERM,107.74864196777344,13,source_env1_color
20,ERM__13__u001__K20__counterfactual_red,counterfactual_red,1,ERM,110.0981216430664,13,source_env1_color
20,ERM__13__u001__K20__counterfactual_green,counterfactual_green,1,ERM,99.95713806152344,13,source_env1_color
20,ERM__13__u001__K20__clean_task,clean_task,1,ERM,10.380959510803223,13,source_env1_color
1,ERM__13__u002__K1__source,source,2,ERM,0.0,13,evaluation_color
1,ERM__13__u002__K1__counterfactual_red,counterfactual_red,2,ERM,0.0,13,evaluation_color
1,ERM__13__u002__K1__counterfactual_green,counterfactual_green,2,ERM,0.0,13,evaluation_color
1,ERM__13__u002__K1__clean_task,clean_task,2,ERM,0.0,13,evaluation_color
5,ERM__13__u002__K5__source,source,2,ERM,0.0,13,evaluation_color
5,ERM__13__u002__K5__counterfactual_red,counterfactual_red,2,ERM,0.0,13,evaluation_color
5,ERM__13__u002__K5__counterfactual_green,counterfactual_green,2,ERM,0.0,13,evaluation_color
5,ERM__13__u002__K5__clean_task,clean_task,2,ERM,0.0,13,evaluation_color
20,ERM__13__u002__K20__source,source,2,ERM,0.0,13,evaluation_color
20,ERM__13__u002__K20__counterfactual_red,counterfactual_red,2,ERM,0.0,13,evaluation_color
20,ERM__13__u002__K20__counterfactual_green,counterfactual_green,2,ERM,0.0,13,evaluation_color
20,ERM__13__u002__K20__clean_task,clean_task,2,ERM,0.0,13,evaluation_color
1,ERM__13__u003__K1__source,source,3,ERM,4.027482509613037,13,source_label_noise
1,ERM__13__u003__K1__counterfactual_red,counterfactual_red,3,ERM,6.644983768463135,13,source_label_noise
1,ERM__13__u003__K1__counterfactual_green,counterfactual_green,3,ERM,3.2938005924224854,13,source_label_noise
1,ERM__13__u003__K1__clean_task,clean_task,3,ERM,1.8265563249588013,13,source_label_noise
5,ERM__13__u003__K5__source,source,3,ERM,27.344348907470703,13,source_label_noise
5,ERM__13__u003__K5__counterfactual_red,counterfactual_red,3,ERM,46.89588928222656,13,source_label_noise
5,ERM__13__u003__K5__counterfactual_green,counterfactual_green,3,ERM,37.29678726196289,13,source_label_noise
5,ERM__13__u003__K5__clean_task,clean_task,3,ERM,16.161415100097656,13,source_label_noise
20,ERM__13__u003__K20__source,source,3,ERM,81.01508331298828,13,source_label_noise
20,ERM__13__u003__K20__counterfactual_red,counterfactual_red,3,ERM,84.4886474609375,13,source_label_noise
20,ERM__13__u003__K20__counterfactual_green,counterfactual_green,3,ERM,89.56886291503906,13,source_label_noise
20,ERM__13__u003__K20__clean_task,clean_task,3,ERM,77.23705291748047,13,source_label_noise
1,ERM__13__u004__K1__source,source,4,ERM,0.0,13,evaluation_label_noise
1,ERM__13__u004__K1__counterfactual_red,counterfactual_red,4,ERM,0.0,13,evaluation_label_noise
1,ERM__13__u004__K1__counterfactual_green,counterfactual_green,4,ERM,0.0,13,evaluation_label_noise
1,ERM__13__u004__K1__clean_task,clean_task,4,ERM,0.0,13,evaluation_label_noise
5,ERM__13__u004__K5__source,source,4,ERM,0.0,13,evaluation_label_noise
5,ERM__13__u004__K5__counterfactual_red,counterfactual_red,4,ERM,0.0,13,evaluation_label_noise
5,ERM__13__u004__K5__counterfactual_green,counterfactual_green,4,ERM,0.0,13,evaluation_label_noise
5,ERM__13__u004__K5__clean_task,clean_task,4,ERM,0.0,13,evaluation_label_noise
20,ERM__13__u004__K20__source,source,4,ERM,0.0,13,evaluation_label_noise
20,ERM__13__u004__K20__counterfactual_red,counterfactual_red,4,ERM,0.0,13,evaluation_label_noise
20,ERM__13__u004__K20__counterfactual_green,counterfactual_green,4,ERM,0.0,13,evaluation_label_noise
20,ERM__13__u004__K20__clean_task,clean_task,4,ERM,0.0,13,evaluation_label_noise
1,ERM__13__u005__K1__source,source,-1,ERM,20.833547592163086,13,source_color_common
1,ERM__13__u005__K1__counterfactual_red,counterfactual_red,-1,ERM,23.085216522216797,13,source_color_common
1,ERM__13__u005__K1__counterfactual_green,counterfactual_green,-1,ERM,18.3676815032959,13,source_color_common
1,ERM__13__u005__K1__clean_task,clean_task,-1,ERM,2.218888998031616,13,source_color_common
5,ERM__13__u005__K5__source,source,-1,ERM,176.5948944091797,13,source_color_common
5,ERM__13__u005__K5__counterfactual_red,counterfactual_red,-1,ERM,178.84368896484375,13,source_color_common
5,ERM__13__u005__K5__counterfactual_green,counterfactual_green,-1,ERM,169.89649963378906,13,source_color_common
5,ERM__13__u005__K5__clean_task,clean_task,-1,ERM,9.610187530517578,13,source_color_common
20,ERM__13__u005__K20__source,source,-1,ERM,150.98336791992188,13,source_color_common
20,ERM__13__u005__K20__counterfactual_red,counterfactual_red,-1,ERM,153.57130432128906,13,source_color_common
20,ERM__13__u005__K20__counterfactual_green,counterfactual_green,-1,ERM,140.06622314453125,13,source_color_common
20,ERM__13__u005__K20__clean_task,clean_task,-1,ERM,12.864218711853027,13,source_color_common
1,ERM__13__u006__K1__source,source,-1,ERM,0.4566997289657593,13,source_color_contrast
1,ERM__13__u006__K1__counterfactual_red,counterfactual_red,-1,ERM,0.4122258722782135,13,source_color_contrast
1,ERM__13__u006__K1__counterfactual_green,counterfactual_green,-1,ERM,0.526597261428833,13,source_color_contrast
1,ERM__13__u006__K1__clean_task,clean_task,-1,ERM,0.14358428120613098,13,source_color_contrast
5,ERM__13__u006__K5__source,source,-1,ERM,2.1157381534576416,13,source_color_contrast
5,ERM__13__u006__K5__counterfactual_red,counterfactual_red,-1,ERM,2.6598191261291504,13,source_color_contrast
5,ERM__13__u006__K5__counterfactual_green,counterfactual_green,-1,ERM,2.2885847091674805,13,source_color_contrast
5,ERM__13__u006__K5__clean_task,clean_task,-1,ERM,1.4541071653366089,13,source_color_contrast
20,ERM__13__u006__K20__source,source,-1,ERM,3.8894100189208984,13,source_color_contrast
20,ERM__13__u006__K20__counterfactual_red,counterfactual_red,-1,ERM,4.552151679992676,13,source_color_contrast
20,ERM__13__u006__K20__counterfactual_green,counterfactual_green,-1,ERM,4.418528079986572,13,source_color_contrast
20,ERM__13__u006__K20__clean_task,clean_task,-1,ERM,3.341514825820923,13,source_color_contrast
1,ERM__13__u007__K1__source,source,-1,ERM,14.73154354095459,13,color_global
1,ERM__13__u007__K1__counterfactual_red,counterfactual_red,-1,ERM,16.323713302612305,13,color_global
1,ERM__13__u007__K1__counterfactual_green,counterfactual_green,-1,ERM,12.987913131713867,13,color_global
1,ERM__13__u007__K1__clean_task,clean_task,-1,ERM,1.5689915418624878,13,color_global
5,ERM__13__u007__K5__source,source,-1,ERM,124.87145233154297,13,color_global
5,ERM__13__u007__K5__counterfactual_red,counterfactual_red,-1,ERM,126.46158599853516,13,color_global
5,ERM__13__u007__K5__counterfactual_green,counterfactual_green,-1,ERM,120.13496398925781,13,color_global
5,ERM__13__u007__K5__clean_task,clean_task,-1,ERM,6.795429229736328,13,color_global
20,ERM__13__u007__K20__source,source,-1,ERM,106.76136016845703,13,color_global
20,ERM__13__u007__K20__counterfactual_red,counterfactual_red,-1,ERM,108.59131622314453,13,color_global
20,ERM__13__u007__K20__counterfactual_green,counterfactual_green,-1,ERM,99.0417709350586,13,color_global
20,ERM__13__u007__K20__clean_task,clean_task,-1,ERM,9.096376419067383,13,color_global
1,ERM__13__u008__K1__source,source,-1,ERM,14.73154354095459,13,color_shift
1,ERM__13__u008__K1__counterfactual_red,counterfactual_red,-1,ERM,16.323713302612305,13,color_shift
1,ERM__13__u008__K1__counterfactual_green,counterfactual_green,-1,ERM,12.987913131713867,13,color_shift
1,ERM__13__u008__K1__clean_task,clean_task,-1,ERM,1.5689915418624878,13,color_shift
5,ERM__13__u008__K5__source,source,-1,ERM,124.87145233154297,13,color_shift
5,ERM__13__u008__K5__counterfactual_red,counterfactual_red,-1,ERM,126.46158599853516,13,color_shift
5,ERM__13__u008__K5__counterfactual_green,counterfactual_green,-1,ERM,120.13496398925781,13,color_shift
5,ERM__13__u008__K5__clean_task,clean_task,-1,ERM,6.795429229736328,13,color_shift
20,ERM__13__u008__K20__source,source,-1,ERM,106.76136016845703,13,color_shift
20,ERM__13__u008__K20__counterfactual_red,counterfactual_red,-1,ERM,108.59131622314453,13,color_shift
20,ERM__13__u008__K20__counterfactual_green,counterfactual_green,-1,ERM,99.0417709350586,13,color_shift
20,ERM__13__u008__K20__clean_task,clean_task,-1,ERM,9.096376419067383,13,color_shift
1,ERM__13__u009__K1__source,source,-1,ERM,2.8478598594665527,13,noise_global
1,ERM__13__u009__K1__counterfactual_red,counterfactual_red,-1,ERM,4.6987128257751465,13,noise_global
1,ERM__13__u009__K1__counterfactual_green,counterfactual_green,-1,ERM,2.329068660736084,13,noise_global
1,ERM__13__u009__K1__clean_task,clean_task,-1,ERM,1.2915703058242798,13,noise_global
5,ERM__13__u009__K5__source,source,-1,ERM,19.33537483215332,13,noise_global
5,ERM__13__u009__K5__counterfactual_red,counterfactual_red,-1,ERM,33.160400390625,13,noise_global
5,ERM__13__u009__K5__counterfactual_green,counterfactual_green,-1,ERM,26.372812271118164,13,noise_global
5,ERM__13__u009__K5__clean_task,clean_task,-1,ERM,11.42784595489502,13,noise_global
20,ERM__13__u009__K20__source,source,-1,ERM,57.286312103271484,13,noise_global
20,ERM__13__u009__K20__counterfactual_red,counterfactual_red,-1,ERM,59.74249267578125,13,noise_global
20,ERM__13__u009__K20__counterfactual_green,counterfactual_green,-1,ERM,63.334747314453125,13,noise_global
20,ERM__13__u009__K20__clean_task,clean_task,-1,ERM,54.61484146118164,13,noise_global
1,ERM__13__u010__K1__source,source,-1,ERM,2.8478598594665527,13,noise_shift
1,ERM__13__u010__K1__counterfactual_red,counterfactual_red,-1,ERM,4.6987128257751465,13,noise_shift
1,ERM__13__u010__K1__counterfactual_green,counterfactual_green,-1,ERM,2.329068660736084,13,noise_shift
1,ERM__13__u010__K1__clean_task,clean_task,-1,ERM,1.2915703058242798,13,noise_shift
5,ERM__13__u010__K5__source,source,-1,ERM,19.33537483215332,13,noise_shift
5,ERM__13__u010__K5__counterfactual_red,counterfactual_red,-1,ERM,33.160400390625,13,noise_shift
5,ERM__13__u010__K5__counterfactual_green,counterfactual_green,-1,ERM,26.372812271118164,13,noise_shift
5,ERM__13__u010__K5__clean_task,clean_task,-1,ERM,11.42784595489502,13,noise_shift
20,ERM__13__u010__K20__source,source,-1,ERM,57.286312103271484,13,noise_shift
20,ERM__13__u010__K20__counterfactual_red,counterfactual_red,-1,ERM,59.74249267578125,13,noise_shift
20,ERM__13__u010__K20__counterfactual_green,counterfactual_green,-1,ERM,63.334747314453125,13,noise_shift
20,ERM__13__u010__K20__clean_task,clean_task,-1,ERM,54.61484146118164,13,noise_shift
1,IRMv1__13__u000__K1__source,source,0,IRMv1,0.09087932109832764,13,source_env0_color
1,IRMv1__13__u000__K1__counterfactual_red,counterfactual_red,0,IRMv1,0.06897284835577011,13,source_env0_color
1,IRMv1__13__u000__K1__counterfactual_green,counterfactual_green,0,IRMv1,0.09179707616567612,13,source_env0_color
1,IRMv1__13__u000__K1__clean_task,clean_task,0,IRMv1,0.028327159583568573,13,source_env0_color
5,IRMv1__13__u000__K5__source,source,0,IRMv1,1.0217475891113281,13,source_env0_color
5,IRMv1__13__u000__K5__counterfactual_red,counterfactual_red,0,IRMv1,0.7786164283752441,13,source_env0_color
5,IRMv1__13__u000__K5__counterfactual_green,counterfactual_green,0,IRMv1,1.032472014427185,13,source_env0_color
5,IRMv1__13__u000__K5__clean_task,clean_task,0,IRMv1,0.3096601665019989,13,source_env0_color
20,IRMv1__13__u000__K20__source,source,0,IRMv1,1.9388604164123535,13,source_env0_color
20,IRMv1__13__u000__K20__counterfactual_red,counterfactual_red,0,IRMv1,1.9690924882888794,13,source_env0_color
20,IRMv1__13__u000__K20__counterfactual_green,counterfactual_green,0,IRMv1,0.9117459654808044,13,source_env0_color
20,IRMv1__13__u000__K20__clean_task,clean_task,0,IRMv1,1.2636789083480835,13,source_env0_color
1,IRMv1__13__u001__K1__source,source,1,IRMv1,0.445071280002594,13,source_env1_color
1,IRMv1__13__u001__K1__counterfactual_red,counterfactual_red,1,IRMv1,0.4203157424926758,13,source_env1_color
1,IRMv1__13__u001__K1__counterfactual_green,counterfactual_green,1,IRMv1,0.35299646854400635,13,source_env1_color
1,IRMv1__13__u001__K1__clean_task,clean_task,1,IRMv1,0.045645467936992645,13,source_env1_color
5,IRMv1__13__u001__K5__source,source,1,IRMv1,4.335371494293213,13,source_env1_color
5,IRMv1__13__u001__K5__counterfactual_red,counterfactual_red,1,IRMv1,4.246682167053223,13,source_env1_color
5,IRMv1__13__u001__K5__counterfactual_green,counterfactual_green,1,IRMv1,3.1817591190338135,13,source_env1_color
5,IRMv1__13__u001__K5__clean_task,clean_task,1,IRMv1,0.2839713990688324,13,source_env1_color
20,IRMv1__13__u001__K20__source,source,1,IRMv1,2.8738491535186768,13,source_env1_color
20,IRMv1__13__u001__K20__counterfactual_red,counterfactual_red,1,IRMv1,3.274906873703003,13,source_env1_color
20,IRMv1__13__u001__K20__counterfactual_green,counterfactual_green,1,IRMv1,0.500097393989563,13,source_env1_color
20,IRMv1__13__u001__K20__clean_task,clean_task,1,IRMv1,1.5387077331542969,13,source_env1_color
1,IRMv1__13__u002__K1__source,source,2,IRMv1,0.0,13,evaluation_color
1,IRMv1__13__u002__K1__counterfactual_red,counterfactual_red,2,IRMv1,0.0,13,evaluation_color
1,IRMv1__13__u002__K1__counterfactual_green,counterfactual_green,2,IRMv1,0.0,13,evaluation_color
1,IRMv1__13__u002__K1__clean_task,clean_task,2,IRMv1,0.0,13,evaluation_color
5,IRMv1__13__u002__K5__source,source,2,IRMv1,0.0,13,evaluation_color
5,IRMv1__13__u002__K5__counterfactual_red,counterfactual_red,2,IRMv1,0.0,13,evaluation_color
5,IRMv1__13__u002__K5__counterfactual_green,counterfactual_green,2,IRMv1,0.0,13,evaluation_color
5,IRMv1__13__u002__K5__clean_task,clean_task,2,IRMv1,0.0,13,evaluation_color
20,IRMv1__13__u002__K20__source,source,2,IRMv1,0.0,13,evaluation_color
20,IRMv1__13__u002__K20__counterfactual_red,counterfactual_red,2,IRMv1,0.0,13,evaluation_color
20,IRMv1__13__u002__K20__counterfactual_green,counterfactual_green,2,IRMv1,0.0,13,evaluation_color
20,IRMv1__13__u002__K20__clean_task,clean_task,2,IRMv1,0.0,13,evaluation_color
1,IRMv1__13__u003__K1__source,source,3,IRMv1,5.044781684875488,13,source_label_noise
1,IRMv1__13__u003__K1__counterfactual_red,counterfactual_red,3,IRMv1,4.450745105743408,13,source_label_noise
1,IRMv1__13__u003__K1__counterfactual_green,counterfactual_green,3,IRMv1,4.458132743835449,13,source_label_noise
1,IRMv1__13__u003__K1__clean_task,clean_task,3,IRMv1,0.9105949997901917,13,source_label_noise
5,IRMv1__13__u003__K5__source,source,3,IRMv1,38.07600021362305,13,source_label_noise
5,IRMv1__13__u003__K5__counterfactual_red,counterfactual_red,3,IRMv1,34.11267852783203,13,source_label_noise
5,IRMv1__13__u003__K5__counterfactual_green,counterfactual_green,3,IRMv1,33.17455291748047,13,source_label_noise
5,IRMv1__13__u003__K5__clean_task,clean_task,3,IRMv1,6.429250717163086,13,source_label_noise
20,IRMv1__13__u003__K20__source,source,3,IRMv1,30.27153205871582,13,source_label_noise
20,IRMv1__13__u003__K20__counterfactual_red,counterfactual_red,3,IRMv1,26.278106689453125,13,source_label_noise
20,IRMv1__13__u003__K20__counterfactual_green,counterfactual_green,3,IRMv1,27.55031394958496,13,source_label_noise
20,IRMv1__13__u003__K20__clean_task,clean_task,3,IRMv1,6.230396270751953,13,source_label_noise
1,IRMv1__13__u004__K1__source,source,4,IRMv1,0.0,13,evaluation_label_noise
1,IRMv1__13__u004__K1__counterfactual_red,counterfactual_red,4,IRMv1,0.0,13,evaluation_label_noise
1,IRMv1__13__u004__K1__counterfactual_green,counterfactual_green,4,IRMv1,0.0,13,evaluation_label_noise
1,IRMv1__13__u004__K1__clean_task,clean_task,4,IRMv1,0.0,13,evaluation_label_noise
5,IRMv1__13__u004__K5__source,source,4,IRMv1,0.0,13,evaluation_label_noise
5,IRMv1__13__u004__K5__counterfactual_red,counterfactual_red,4,IRMv1,0.0,13,evaluation_label_noise
5,IRMv1__13__u004__K5__counterfactual_green,counterfactual_green,4,IRMv1,0.0,13,evaluation_label_noise
5,IRMv1__13__u004__K5__clean_task,clean_task,4,IRMv1,0.0,13,evaluation_label_noise
20,IRMv1__13__u004__K20__source,source,4,IRMv1,0.0,13,evaluation_label_noise
20,IRMv1__13__u004__K20__counterfactual_red,counterfactual_red,4,IRMv1,0.0,13,evaluation_label_noise
20,IRMv1__13__u004__K20__counterfactual_green,counterfactual_green,4,IRMv1,0.0,13,evaluation_label_noise
20,IRMv1__13__u004__K20__clean_task,clean_task,4,IRMv1,0.0,13,evaluation_label_noise
1,IRMv1__13__u005__K1__source,source,-1,IRMv1,0.3771759569644928,13,source_color_common
1,IRMv1__13__u005__K1__counterfactual_red,counterfactual_red,-1,IRMv1,0.345769464969635,13,source_color_common
1,IRMv1__13__u005__K1__counterfactual_green,counterfactual_green,-1,IRMv1,0.3144935667514801,13,source_color_common
1,IRMv1__13__u005__K1__clean_task,clean_task,-1,IRMv1,0.05147576332092285,13,source_color_common
5,IRMv1__13__u005__K5__source,source,-1,IRMv1,3.7581732273101807,13,source_color_common
5,IRMv1__13__u005__K5__counterfactual_red,counterfactual_red,-1,IRMv1,3.54972505569458,13,source_color_common
5,IRMv1__13__u005__K5__counterfactual_green,counterfactual_green,-1,IRMv1,2.9793713092803955,13,source_color_common
5,IRMv1__13__u005__K5__clean_task,clean_task,-1,IRMv1,0.39347484707832336,13,source_color_common
20,IRMv1__13__u005__K20__source,source,-1,IRMv1,0.833503246307373,13,source_color_common
20,IRMv1__13__u005__K20__counterfactual_red,counterfactual_red,-1,IRMv1,0.9776785969734192,13,source_color_common
20,IRMv1__13__u005__K20__counterfactual_green,counterfactual_green,-1,IRMv1,0.4573851525783539,13,source_color_common
20,IRMv1__13__u005__K20__clean_task,clean_task,-1,IRMv1,0.21411585807800293,13,source_color_common
1,IRMv1__13__u006__K1__source,source,-1,IRMv1,0.25315168499946594,13,source_color_contrast
1,IRMv1__13__u006__K1__counterfactual_red,counterfactual_red,-1,IRMv1,0.24872882664203644,13,source_color_contrast
1,IRMv1__13__u006__K1__counterfactual_green,counterfactual_green,-1,IRMv1,0.18473495543003082,13,source_color_contrast
1,IRMv1__13__u006__K1__clean_task,clean_task,-1,IRMv1,0.015368212945759296,13,source_color_contrast
5,IRMv1__13__u006__K5__source,source,-1,IRMv1,2.390721082687378,13,source_color_contrast
5,IRMv1__13__u006__K5__counterfactual_red,counterfactual_red,-1,IRMv1,2.4576423168182373,13,source_color_contrast
5,IRMv1__13__u006__K5__counterfactual_green,counterfactual_green,-1,IRMv1,1.5208336114883423,13,source_color_contrast
5,IRMv1__13__u006__K5__clean_task,clean_task,-1,IRMv1,0.14733201265335083,13,source_color_contrast
20,IRMv1__13__u006__K20__source,source,-1,IRMv1,3.365035057067871,13,source_color_contrast
20,IRMv1__13__u006__K20__counterfactual_red,counterfactual_red,-1,IRMv1,3.6941146850585938,13,source_color_contrast
20,IRMv1__13__u006__K20__counterfactual_green,counterfactual_green,-1,IRMv1,0.9339041113853455,13,source_color_contrast
20,IRMv1__13__u006__K20__clean_task,clean_task,-1,IRMv1,1.9795606136322021,13,source_color_contrast
1,IRMv1__13__u007__K1__source,source,-1,IRMv1,0.26670369505882263,13,color_global
1,IRMv1__13__u007__K1__counterfactual_red,counterfactual_red,-1,IRMv1,0.2444959431886673,13,color_global
1,IRMv1__13__u007__K1__counterfactual_green,counterfactual_green,-1,IRMv1,0.22238053381443024,13,color_global
1,IRMv1__13__u007__K1__clean_task,clean_task,-1,IRMv1,0.03639886528253555,13,color_global
5,IRMv1__13__u007__K5__source,source,-1,IRMv1,2.6574299335479736,13,color_global
5,IRMv1__13__u007__K5__counterfactual_red,counterfactual_red,-1,IRMv1,2.5100345611572266,13,color_global
5,IRMv1__13__u007__K5__counterfactual_green,counterfactual_green,-1,IRMv1,2.106733798980713,13,color_global
5,IRMv1__13__u007__K5__clean_task,clean_task,-1,IRMv1,0.2782287299633026,13,color_global
20,IRMv1__13__u007__K20__source,source,-1,IRMv1,0.5893757939338684,13,color_global
20,IRMv1__13__u007__K20__counterfactual_red,counterfactual_red,-1,IRMv1,0.6913232207298279,13,color_global
20,IRMv1__13__u007__K20__counterfactual_green,counterfactual_green,-1,IRMv1,0.32342013716697693,13,color_global
20,IRMv1__13__u007__K20__clean_task,clean_task,-1,IRMv1,0.1514027863740921,13,color_global
1,IRMv1__13__u008__K1__source,source,-1,IRMv1,0.26670369505882263,13,color_shift
1,IRMv1__13__u008__K1__counterfactual_red,counterfactual_red,-1,IRMv1,0.2444959431886673,13,color_shift
1,IRMv1__13__u008__K1__counterfactual_green,counterfactual_green,-1,IRMv1,0.22238053381443024,13,color_shift
1,IRMv1__13__u008__K1__clean_task,clean_task,-1,IRMv1,0.03639886528253555,13,color_shift
5,IRMv1__13__u008__K5__source,source,-1,IRMv1,2.6574299335479736,13,color_shift
5,IRMv1__13__u008__K5__counterfactual_red,counterfactual_red,-1,IRMv1,2.5100345611572266,13,color_shift
5,IRMv1__13__u008__K5__counterfactual_green,counterfactual_green,-1,IRMv1,2.106733798980713,13,color_shift
5,IRMv1__13__u008__K5__clean_task,clean_task,-1,IRMv1,0.2782287299633026,13,color_shift
20,IRMv1__13__u008__K20__source,source,-1,IRMv1,0.5893757939338684,13,color_shift
20,IRMv1__13__u008__K20__counterfactual_red,counterfactual_red,-1,IRMv1,0.6913232207298279,13,color_shift
20,IRMv1__13__u008__K20__counterfactual_green,counterfactual_green,-1,IRMv1,0.32342013716697693,13,color_shift
20,IRMv1__13__u008__K20__clean_task,clean_task,-1,IRMv1,0.1514027863740921,13,color_shift
1,IRMv1__13__u009__K1__source,source,-1,IRMv1,3.567199230194092,13,noise_global
1,IRMv1__13__u009__K1__counterfactual_red,counterfactual_red,-1,IRMv1,3.1471519470214844,13,noise_global
1,IRMv1__13__u009__K1__counterfactual_green,counterfactual_green,-1,IRMv1,3.1523759365081787,13,noise_global
1,IRMv1__13__u009__K1__clean_task,clean_task,-1,IRMv1,0.6438878774642944,13,noise_global
5,IRMv1__13__u009__K5__source,source,-1,IRMv1,26.923799514770508,13,noise_global
5,IRMv1__13__u009__K5__counterfactual_red,counterfactual_red,-1,IRMv1,24.121305465698242,13,noise_global
5,IRMv1__13__u009__K5__counterfactual_green,counterfactual_green,-1,IRMv1,23.457948684692383,13,noise_global
5,IRMv1__13__u009__K5__clean_task,clean_task,-1,IRMv1,4.546166896820068,13,noise_global
20,IRMv1__13__u009__K20__source,source,-1,IRMv1,21.40520477294922,13,noise_global
20,IRMv1__13__u009__K20__counterfactual_red,counterfactual_red,-1,IRMv1,18.58142852783203,13,noise_global
20,IRMv1__13__u009__K20__counterfactual_green,counterfactual_green,-1,IRMv1,19.481014251708984,13,noise_global
20,IRMv1__13__u009__K20__clean_task,clean_task,-1,IRMv1,4.405555725097656,13,noise_global
1,IRMv1__13__u010__K1__source,source,-1,IRMv1,3.567199230194092,13,noise_shift
1,IRMv1__13__u010__K1__counterfactual_red,counterfactual_red,-1,IRMv1,3.1471519470214844,13,noise_shift
1,IRMv1__13__u010__K1__counterfactual_green,counterfactual_green,-1,IRMv1,3.1523759365081787,13,noise_shift
1,IRMv1__13__u010__K1__clean_task,clean_task,-1,IRMv1,0.6438878774642944,13,noise_shift
5,IRMv1__13__u010__K5__source,source,-1,IRMv1,26.923799514770508,13,noise_shift
5,IRMv1__13__u010__K5__counterfactual_red,counterfactual_red,-1,IRMv1,24.121305465698242,13,noise_shift
5,IRMv1__13__u010__K5__counterfactual_green,counterfactual_green,-1,IRMv1,23.457948684692383,13,noise_shift
5,IRMv1__13__u010__K5__clean_task,clean_task,-1,IRMv1,4.546166896820068,13,noise_shift
20,IRMv1__13__u010__K20__source,source,-1,IRMv1,21.40520477294922,13,noise_shift
20,IRMv1__13__u010__K20__counterfactual_red,counterfactual_red,-1,IRMv1,18.58142852783203,13,noise_shift
20,IRMv1__13__u010__K20__counterfactual_green,counterfactual_green,-1,IRMv1,19.481014251708984,13,noise_shift
20,IRMv1__13__u010__K20__clean_task,clean_task,-1,IRMv1,4.405555725097656,13,noise_shift
1,VREX__13__u000__K1__source,source,0,VREX,0.5935503244400024,13,source_env0_color
1,VREX__13__u000__K1__counterfactual_red,counterfactual_red,0,VREX,0.6370024085044861,13,source_env0_color
1,VREX__13__u000__K1__counterfactual_green,counterfactual_green,0,VREX,0.38851243257522583,13,source_env0_color
1,VREX__13__u000__K1__clean_task,clean_task,0,VREX,0.11395598202943802,13,source_env0_color
5,VREX__13__u000__K5__source,source,0,VREX,4.677167892456055,13,source_env0_color
5,VREX__13__u000__K5__counterfactual_red,counterfactual_red,0,VREX,4.7996506690979,13,source_env0_color
5,VREX__13__u000__K5__counterfactual_green,counterfactual_green,0,VREX,3.418522596359253,13,source_env0_color
5,VREX__13__u000__K5__clean_task,clean_task,0,VREX,0.765678882598877,13,source_env0_color
20,VREX__13__u000__K20__source,source,0,VREX,4.2281646728515625,13,source_env0_color
20,VREX__13__u000__K20__counterfactual_red,counterfactual_red,0,VREX,5.004221439361572,13,source_env0_color
20,VREX__13__u000__K20__counterfactual_green,counterfactual_green,0,VREX,0.6470015048980713,13,source_env0_color
20,VREX__13__u000__K20__clean_task,clean_task,0,VREX,1.5250946283340454,13,source_env0_color
1,VREX__13__u001__K1__source,source,1,VREX,0.6216875314712524,13,source_env1_color
1,VREX__13__u001__K1__counterfactual_red,counterfactual_red,1,VREX,0.6672142744064331,13,source_env1_color
1,VREX__13__u001__K1__counterfactual_green,counterfactual_green,1,VREX,0.41073039174079895,13,source_env1_color
1,VREX__13__u001__K1__clean_task,clean_task,1,VREX,0.11802622675895691,13,source_env1_color
5,VREX__13__u001__K5__source,source,1,VREX,4.651448726654053,13,source_env1_color
5,VREX__13__u001__K5__counterfactual_red,counterfactual_red,1,VREX,4.781398773193359,13,source_env1_color
5,VREX__13__u001__K5__counterfactual_green,counterfactual_green,1,VREX,3.4019522666931152,13,source_env1_color
5,VREX__13__u001__K5__clean_task,clean_task,1,VREX,0.7561798095703125,13,source_env1_color
20,VREX__13__u001__K20__source,source,1,VREX,4.257523059844971,13,source_env1_color
20,VREX__13__u001__K20__counterfactual_red,counterfactual_red,1,VREX,5.011999607086182,13,source_env1_color
20,VREX__13__u001__K20__counterfactual_green,counterfactual_green,1,VREX,0.7212161421775818,13,source_env1_color
20,VREX__13__u001__K20__clean_task,clean_task,1,VREX,1.5184718370437622,13,source_env1_color
1,VREX__13__u002__K1__source,source,2,VREX,0.0,13,evaluation_color
1,VREX__13__u002__K1__counterfactual_red,counterfactual_red,2,VREX,0.0,13,evaluation_color
1,VREX__13__u002__K1__counterfactual_green,counterfactual_green,2,VREX,0.0,13,evaluation_color
1,VREX__13__u002__K1__clean_task,clean_task,2,VREX,0.0,13,evaluation_color
5,VREX__13__u002__K5__source,source,2,VREX,0.0,13,evaluation_color
5,VREX__13__u002__K5__counterfactual_red,counterfactual_red,2,VREX,0.0,13,evaluation_color
5,VREX__13__u002__K5__counterfactual_green,counterfactual_green,2,VREX,0.0,13,evaluation_color
5,VREX__13__u002__K5__clean_task,clean_task,2,VREX,0.0,13,evaluation_color
20,VREX__13__u002__K20__source,source,2,VREX,0.0,13,evaluation_color
20,VREX__13__u002__K20__counterfactual_red,counterfactual_red,2,VREX,0.0,13,evaluation_color
20,VREX__13__u002__K20__counterfactual_green,counterfactual_green,2,VREX,0.0,13,evaluation_color
20,VREX__13__u002__K20__clean_task,clean_task,2,VREX,0.0,13,evaluation_color
1,VREX__13__u003__K1__source,source,3,VREX,0.010935653932392597,13,source_label_noise
1,VREX__13__u003__K1__counterfactual_red,counterfactual_red,3,VREX,0.0045541757717728615,13,source_label_noise
1,VREX__13__u003__K1__counterfactual_green,counterfactual_green,3,VREX,0.013304672203958035,13,source_label_noise
1,VREX__13__u003__K1__clean_task,clean_task,3,VREX,0.008287562057375908,13,source_label_noise
5,VREX__13__u003__K5__source,source,3,VREX,0.18278606235980988,13,source_label_noise
5,VREX__13__u003__K5__counterfactual_red,counterfactual_red,3,VREX,0.19055113196372986,13,source_label_noise
5,VREX__13__u003__K5__counterfactual_green,counterfactual_green,3,VREX,0.10556752234697342,13,source_label_noise
5,VREX__13__u003__K5__clean_task,clean_task,3,VREX,0.037546418607234955,13,source_label_noise
20,VREX__13__u003__K20__source,source,3,VREX,0.15875966846942902,13,source_label_noise
20,VREX__13__u003__K20__counterfactual_red,counterfactual_red,3,VREX,0.1752723604440689,13,source_label_noise
20,VREX__13__u003__K20__counterfactual_green,counterfactual_green,3,VREX,0.08912209421396255,13,source_label_noise
20,VREX__13__u003__K20__clean_task,clean_task,3,VREX,0.062481433153152466,13,source_label_noise
1,VREX__13__u004__K1__source,source,4,VREX,0.0,13,evaluation_label_noise
1,VREX__13__u004__K1__counterfactual_red,counterfactual_red,4,VREX,0.0,13,evaluation_label_noise
1,VREX__13__u004__K1__counterfactual_green,counterfactual_green,4,VREX,0.0,13,evaluation_label_noise
1,VREX__13__u004__K1__clean_task,clean_task,4,VREX,0.0,13,evaluation_label_noise
5,VREX__13__u004__K5__source,source,4,VREX,0.0,13,evaluation_label_noise
5,VREX__13__u004__K5__counterfactual_red,counterfactual_red,4,VREX,0.0,13,evaluation_label_noise
5,VREX__13__u004__K5__counterfactual_green,counterfactual_green,4,VREX,0.0,13,evaluation_label_noise
5,VREX__13__u004__K5__clean_task,clean_task,4,VREX,0.0,13,evaluation_label_noise
20,VREX__13__u004__K20__source,source,4,VREX,0.0,13,evaluation_label_noise
20,VREX__13__u004__K20__counterfactual_red,counterfactual_red,4,VREX,0.0,13,evaluation_label_noise
20,VREX__13__u004__K20__counterfactual_green,counterfactual_green,4,VREX,0.0,13,evaluation_label_noise
20,VREX__13__u004__K20__clean_task,clean_task,4,VREX,0.0,13,evaluation_label_noise
1,VREX__13__u005__K1__source,source,-1,VREX,0.020417384803295135,13,source_color_common
1,VREX__13__u005__K1__counterfactual_red,counterfactual_red,-1,VREX,0.021741017699241638,13,source_color_common
1,VREX__13__u005__K1__counterfactual_green,counterfactual_green,-1,VREX,0.016221415251493454,13,source_color_common
1,VREX__13__u005__K1__clean_task,clean_task,-1,VREX,0.003756498219445348,13,source_color_common
5,VREX__13__u005__K5__source,source,-1,VREX,0.035322561860084534,13,source_color_common
5,VREX__13__u005__K5__counterfactual_red,counterfactual_red,-1,VREX,0.028140239417552948,13,source_color_common
5,VREX__13__u005__K5__counterfactual_green,counterfactual_green,-1,VREX,0.031086942180991173,13,source_color_common
5,VREX__13__u005__K5__clean_task,clean_task,-1,VREX,0.013744175434112549,13,source_color_common
20,VREX__13__u005__K20__source,source,-1,VREX,0.12671953439712524,13,source_color_common
20,VREX__13__u005__K20__counterfactual_red,counterfactual_red,-1,VREX,0.09582304954528809,13,source_color_common
20,VREX__13__u005__K20__counterfactual_green,counterfactual_green,-1,VREX,0.11675877124071121,13,source_color_common
20,VREX__13__u005__K20__clean_task,clean_task,-1,VREX,0.0484832227230072,13,source_color_common
1,VREX__13__u006__K1__source,source,-1,VREX,0.8592907190322876,13,source_color_contrast
1,VREX__13__u006__K1__counterfactual_red,counterfactual_red,-1,VREX,0.9222115874290466,13,source_color_contrast
1,VREX__13__u006__K1__counterfactual_green,counterfactual_green,-1,VREX,0.5651355981826782,13,source_color_contrast
1,VREX__13__u006__K1__clean_task,clean_task,-1,VREX,0.1640184223651886,13,source_color_contrast
5,VREX__13__u006__K5__source,source,-1,VREX,6.596258640289307,13,source_color_contrast
5,VREX__13__u006__K5__counterfactual_red,counterfactual_red,-1,VREX,6.774779319763184,13,source_color_contrast
5,VREX__13__u006__K5__counterfactual_green,counterfactual_green,-1,VREX,4.822717666625977,13,source_color_contrast
5,VREX__13__u006__K5__clean_task,clean_task,-1,VREX,1.0760498046875,13,source_color_contrast
20,VREX__13__u006__K20__source,source,-1,VREX,5.998984336853027,13,source_color_contrast
20,VREX__13__u006__K20__counterfactual_red,counterfactual_red,-1,VREX,7.0818915367126465,13,source_color_contrast
20,VREX__13__u006__K20__counterfactual_green,counterfactual_green,-1,VREX,0.9618372917175293,13,source_color_contrast
20,VREX__13__u006__K20__clean_task,clean_task,-1,VREX,2.151585340499878,13,source_color_contrast
1,VREX__13__u007__K1__source,source,-1,VREX,0.014437270350754261,13,color_global
1,VREX__13__u007__K1__counterfactual_red,counterfactual_red,-1,VREX,0.015373220667243004,13,color_global
1,VREX__13__u007__K1__counterfactual_green,counterfactual_green,-1,VREX,0.011470274068415165,13,color_global
1,VREX__13__u007__K1__clean_task,clean_task,-1,VREX,0.002656245371326804,13,color_global
5,VREX__13__u007__K5__source,source,-1,VREX,0.024976821616292,13,color_global
5,VREX__13__u007__K5__counterfactual_red,counterfactual_red,-1,VREX,0.019898153841495514,13,color_global
5,VREX__13__u007__K5__counterfactual_green,counterfactual_green,-1,VREX,0.02198178693652153,13,color_global
5,VREX__13__u007__K5__clean_task,clean_task,-1,VREX,0.00971859972923994,13,color_global
20,VREX__13__u007__K20__source,source,-1,VREX,0.08960424363613129,13,color_global
20,VREX__13__u007__K20__counterfactual_red,counterfactual_red,-1,VREX,0.06775713711977005,13,color_global
20,VREX__13__u007__K20__counterfactual_green,counterfactual_green,-1,VREX,0.08256092667579651,13,color_global
20,VREX__13__u007__K20__clean_task,clean_task,-1,VREX,0.03428281471133232,13,color_global
1,VREX__13__u008__K1__source,source,-1,VREX,0.014437270350754261,13,color_shift
1,VREX__13__u008__K1__counterfactual_red,counterfactual_red,-1,VREX,0.015373220667243004,13,color_shift
1,VREX__13__u008__K1__counterfactual_green,counterfactual_green,-1,VREX,0.011470274068415165,13,color_shift
1,VREX__13__u008__K1__clean_task,clean_task,-1,VREX,0.002656245371326804,13,color_shift
5,VREX__13__u008__K5__source,source,-1,VREX,0.024976821616292,13,color_shift
5,VREX__13__u008__K5__counterfactual_red,counterfactual_red,-1,VREX,0.019898153841495514,13,color_shift
5,VREX__13__u008__K5__counterfactual_green,counterfactual_green,-1,VREX,0.02198178693652153,13,color_shift
5,VREX__13__u008__K5__clean_task,clean_task,-1,VREX,0.00971859972923994,13,color_shift
20,VREX__13__u008__K20__source,source,-1,VREX,0.08960424363613129,13,color_shift
20,VREX__13__u008__K20__counterfactual_red,counterfactual_red,-1,VREX,0.06775713711977005,13,color_shift
20,VREX__13__u008__K20__counterfactual_green,counterfactual_green,-1,VREX,0.08256092667579651,13,color_shift
20,VREX__13__u008__K20__clean_task,clean_task,-1,VREX,0.03428281471133232,13,color_shift
1,VREX__13__u009__K1__source,source,-1,VREX,0.007732674479484558,13,noise_global
1,VREX__13__u009__K1__counterfactual_red,counterfactual_red,-1,VREX,0.003220288548618555,13,noise_global
1,VREX__13__u009__K1__counterfactual_green,counterfactual_green,-1,VREX,0.009407823905348778,13,noise_global
1,VREX__13__u009__K1__clean_task,clean_task,-1,VREX,0.0058601913042366505,13,noise_global
5,VREX__13__u009__K5__source,source,-1,VREX,0.12924925982952118,13,noise_global
5,VREX__13__u009__K5__counterfactual_red,counterfactual_red,-1,VREX,0.13473999500274658,13,noise_global
5,VREX__13__u009__K5__counterfactual_green,counterfactual_green,-1,VREX,0.07464750856161118,13,noise_global
5,VREX__13__u009__K5__clean_task,clean_task,-1,VREX,0.02654932625591755,13,noise_global
20,VREX__13__u009__K20__source,source,-1,VREX,0.11226003617048264,13,noise_global
20,VREX__13__u009__K20__counterfactual_red,counterfactual_red,-1,VREX,0.12393627315759659,13,noise_global
20,VREX__13__u009__K20__counterfactual_green,counterfactual_green,-1,VREX,0.06301883608102798,13,noise_global
20,VREX__13__u009__K20__clean_task,clean_task,-1,VREX,0.04418104514479637,13,noise_global
1,VREX__13__u010__K1__source,source,-1,VREX,0.007732674479484558,13,noise_shift
1,VREX__13__u010__K1__counterfactual_red,counterfactual_red,-1,VREX,0.003220288548618555,13,noise_shift
1,VREX__13__u010__K1__counterfactual_green,counterfactual_green,-1,VREX,0.009407823905348778,13,noise_shift
1,VREX__13__u010__K1__clean_task,clean_task,-1,VREX,0.0058601913042366505,13,noise_shift
5,VREX__13__u010__K5__source,source,-1,VREX,0.12924925982952118,13,noise_shift
5,VREX__13__u010__K5__counterfactual_red,counterfactual_red,-1,VREX,0.13473999500274658,13,noise_shift
5,VREX__13__u010__K5__counterfactual_green,counterfactual_green,-1,VREX,0.07464750856161118,13,noise_shift
5,VREX__13__u010__K5__clean_task,clean_task,-1,VREX,0.02654932625591755,13,noise_shift
20,VREX__13__u010__K20__source,source,-1,VREX,0.11226003617048264,13,noise_shift
20,VREX__13__u010__K20__counterfactual_red,counterfactual_red,-1,VREX,0.12393627315759659,13,noise_shift
20,VREX__13__u010__K20__counterfactual_green,counterfactual_green,-1,VREX,0.06301883608102798,13,noise_shift
20,VREX__13__u010__K20__clean_task,clean_task,-1,VREX,0.04418104514479637,13,noise_shift
1,FISHR__13__u000__K1__source,source,0,FISHR,0.1467798501253128,13,source_env0_color
1,FISHR__13__u000__K1__counterfactual_red,counterfactual_red,0,FISHR,0.12998567521572113,13,source_env0_color
1,FISHR__13__u000__K1__counterfactual_green,counterfactual_green,0,FISHR,0.13140006363391876,13,source_env0_color
1,FISHR__13__u000__K1__clean_task,clean_task,0,FISHR,0.026316314935684204,13,source_env0_color
5,FISHR__13__u000__K5__source,source,0,FISHR,1.8017752170562744,13,source_env0_color
5,FISHR__13__u000__K5__counterfactual_red,counterfactual_red,0,FISHR,1.5325849056243896,13,source_env0_color
5,FISHR__13__u000__K5__counterfactual_green,counterfactual_green,0,FISHR,1.640834093093872,13,source_env0_color
5,FISHR__13__u000__K5__clean_task,clean_task,0,FISHR,0.3201700747013092,13,source_env0_color
20,FISHR__13__u000__K20__source,source,0,FISHR,13.89899730682373,13,source_env0_color
20,FISHR__13__u000__K20__counterfactual_red,counterfactual_red,0,FISHR,11.626043319702148,13,source_env0_color
20,FISHR__13__u000__K20__counterfactual_green,counterfactual_green,0,FISHR,12.467354774475098,13,source_env0_color
20,FISHR__13__u000__K20__clean_task,clean_task,0,FISHR,2.4290406703948975,13,source_env0_color
1,FISHR__13__u001__K1__source,source,1,FISHR,0.13270260393619537,13,source_env1_color
1,FISHR__13__u001__K1__counterfactual_red,counterfactual_red,1,FISHR,0.11781385540962219,13,source_env1_color
1,FISHR__13__u001__K1__counterfactual_green,counterfactual_green,1,FISHR,0.11975225061178207,13,source_env1_color
1,FISHR__13__u001__K1__clean_task,clean_task,1,FISHR,0.024205734953284264,13,source_env1_color
5,FISHR__13__u001__K5__source,source,1,FISHR,1.6128360033035278,13,source_env1_color
5,FISHR__13__u001__K5__counterfactual_red,counterfactual_red,1,FISHR,1.3800923824310303,13,source_env1_color
5,FISHR__13__u001__K5__counterfactual_green,counterfactual_green,1,FISHR,1.468714952468872,13,source_env1_color
5,FISHR__13__u001__K5__clean_task,clean_task,1,FISHR,0.28847426176071167,13,source_env1_color
20,FISHR__13__u001__K20__source,source,1,FISHR,12.773462295532227,13,source_env1_color
20,FISHR__13__u001__K20__counterfactual_red,counterfactual_red,1,FISHR,10.669610023498535,13,source_env1_color
20,FISHR__13__u001__K20__counterfactual_green,counterfactual_green,1,FISHR,11.50282096862793,13,source_env1_color
20,FISHR__13__u001__K20__clean_task,clean_task,1,FISHR,2.244450092315674,13,source_env1_color
1,FISHR__13__u002__K1__source,source,2,FISHR,0.0,13,evaluation_color
1,FISHR__13__u002__K1__counterfactual_red,counterfactual_red,2,FISHR,0.0,13,evaluation_color
1,FISHR__13__u002__K1__counterfactual_green,counterfactual_green,2,FISHR,0.0,13,evaluation_color
1,FISHR__13__u002__K1__clean_task,clean_task,2,FISHR,0.0,13,evaluation_color
5,FISHR__13__u002__K5__source,source,2,FISHR,0.0,13,evaluation_color
5,FISHR__13__u002__K5__counterfactual_red,counterfactual_red,2,FISHR,0.0,13,evaluation_color
5,FISHR__13__u002__K5__counterfactual_green,counterfactual_green,2,FISHR,0.0,13,evaluation_color
5,FISHR__13__u002__K5__clean_task,clean_task,2,FISHR,0.0,13,evaluation_color
20,FISHR__13__u002__K20__source,source,2,FISHR,0.0,13,evaluation_color
20,FISHR__13__u002__K20__counterfactual_red,counterfactual_red,2,FISHR,0.0,13,evaluation_color
20,FISHR__13__u002__K20__counterfactual_green,counterfactual_green,2,FISHR,0.0,13,evaluation_color
20,FISHR__13__u002__K20__clean_task,clean_task,2,FISHR,0.0,13,evaluation_color
1,FISHR__13__u003__K1__source,source,3,FISHR,0.010118519887328148,13,source_label_noise
1,FISHR__13__u003__K1__counterfactual_red,counterfactual_red,3,FISHR,0.004440464545041323,13,source_label_noise
1,FISHR__13__u003__K1__counterfactual_green,counterfactual_green,3,FISHR,0.009947748854756355,13,source_label_noise
1,FISHR__13__u003__K1__clean_task,clean_task,3,FISHR,0.0033249668776988983,13,source_label_noise
5,FISHR__13__u003__K5__source,source,3,FISHR,0.1369388997554779,13,source_label_noise
5,FISHR__13__u003__K5__counterfactual_red,counterfactual_red,3,FISHR,0.07082865387201309,13,source_label_noise
5,FISHR__13__u003__K5__counterfactual_green,counterfactual_green,3,FISHR,0.1258929967880249,13,source_label_noise
5,FISHR__13__u003__K5__clean_task,clean_task,3,FISHR,0.03378351777791977,13,source_label_noise
20,FISHR__13__u003__K20__source,source,3,FISHR,0.9984994530677795,13,source_label_noise
20,FISHR__13__u003__K20__counterfactual_red,counterfactual_red,3,FISHR,0.5108497738838196,13,source_label_noise
20,FISHR__13__u003__K20__counterfactual_green,counterfactual_green,3,FISHR,0.9014420509338379,13,source_label_noise
20,FISHR__13__u003__K20__clean_task,clean_task,3,FISHR,0.25262048840522766,13,source_label_noise
1,FISHR__13__u004__K1__source,source,4,FISHR,0.0,13,evaluation_label_noise
1,FISHR__13__u004__K1__counterfactual_red,counterfactual_red,4,FISHR,0.0,13,evaluation_label_noise
1,FISHR__13__u004__K1__counterfactual_green,counterfactual_green,4,FISHR,0.0,13,evaluation_label_noise
1,FISHR__13__u004__K1__clean_task,clean_task,4,FISHR,0.0,13,evaluation_label_noise
5,FISHR__13__u004__K5__source,source,4,FISHR,0.0,13,evaluation_label_noise
5,FISHR__13__u004__K5__counterfactual_red,counterfactual_red,4,FISHR,0.0,13,evaluation_label_noise
5,FISHR__13__u004__K5__counterfactual_green,counterfactual_green,4,FISHR,0.0,13,evaluation_label_noise
5,FISHR__13__u004__K5__clean_task,clean_task,4,FISHR,0.0,13,evaluation_label_noise
20,FISHR__13__u004__K20__source,source,4,FISHR,0.0,13,evaluation_label_noise
20,FISHR__13__u004__K20__counterfactual_red,counterfactual_red,4,FISHR,0.0,13,evaluation_label_noise
20,FISHR__13__u004__K20__counterfactual_green,counterfactual_green,4,FISHR,0.0,13,evaluation_label_noise
20,FISHR__13__u004__K20__clean_task,clean_task,4,FISHR,0.0,13,evaluation_label_noise
1,FISHR__13__u005__K1__source,source,-1,FISHR,0.010163352824747562,13,source_color_common
1,FISHR__13__u005__K1__counterfactual_red,counterfactual_red,-1,FISHR,0.008809849619865417,13,source_color_common
1,FISHR__13__u005__K1__counterfactual_green,counterfactual_green,-1,FISHR,0.008410205133259296,13,source_color_common
1,FISHR__13__u005__K1__clean_task,clean_task,-1,FISHR,0.0016554798930883408,13,source_color_common
5,FISHR__13__u005__K5__source,source,-1,FISHR,0.13597270846366882,13,source_color_common
5,FISHR__13__u005__K5__counterfactual_red,counterfactual_red,-1,FISHR,0.11061584204435349,13,source_color_common
5,FISHR__13__u005__K5__counterfactual_green,counterfactual_green,-1,FISHR,0.12307059019804001,13,source_color_common
5,FISHR__13__u005__K5__clean_task,clean_task,-1,FISHR,0.02328808233141899,13,source_color_common
20,FISHR__13__u005__K20__source,source,-1,FISHR,0.8119593262672424,13,source_color_common
20,FISHR__13__u005__K20__counterfactual_red,counterfactual_red,-1,FISHR,0.691204845905304,13,source_color_common
20,FISHR__13__u005__K20__counterfactual_green,counterfactual_green,-1,FISHR,0.6905855536460876,13,source_color_common
20,FISHR__13__u005__K20__clean_task,clean_task,-1,FISHR,0.14099767804145813,13,source_color_common
1,FISHR__13__u006__K1__source,source,-1,FISHR,0.19761328399181366,13,source_color_contrast
1,FISHR__13__u006__K1__counterfactual_red,counterfactual_red,-1,FISHR,0.1752106249332428,13,source_color_contrast
1,FISHR__13__u006__K1__counterfactual_green,counterfactual_green,-1,FISHR,0.17758335173130035,13,source_color_contrast
1,FISHR__13__u006__K1__clean_task,clean_task,-1,FISHR,0.03571729734539986,13,source_color_contrast
5,FISHR__13__u006__K5__source,source,-1,FISHR,2.4143624305725098,13,source_color_contrast
5,FISHR__13__u006__K5__counterfactual_red,counterfactual_red,-1,FISHR,2.0594260692596436,13,source_color_contrast
5,FISHR__13__u006__K5__counterfactual_green,counterfactual_green,-1,FISHR,2.198707103729248,13,source_color_contrast
5,FISHR__13__u006__K5__clean_task,clean_task,-1,FISHR,0.4303300380706787,13,source_color_contrast
20,FISHR__13__u006__K20__source,source,-1,FISHR,18.85959243774414,13,source_color_contrast
20,FISHR__13__u006__K20__counterfactual_red,counterfactual_red,-1,FISHR,15.764760971069336,13,source_color_contrast
20,FISHR__13__u006__K20__counterfactual_green,counterfactual_green,-1,FISHR,16.949127197265625,13,source_color_contrast
20,FISHR__13__u006__K20__clean_task,clean_task,-1,FISHR,3.3042266368865967,13,source_color_contrast
1,FISHR__13__u007__K1__source,source,-1,FISHR,0.007186575792729855,13,color_global
1,FISHR__13__u007__K1__counterfactual_red,counterfactual_red,-1,FISHR,0.006229504477232695,13,color_global
1,FISHR__13__u007__K1__counterfactual_green,counterfactual_green,-1,FISHR,0.005946913734078407,13,color_global
1,FISHR__13__u007__K1__clean_task,clean_task,-1,FISHR,0.0011706009972840548,13,color_global
5,FISHR__13__u007__K5__source,source,-1,FISHR,0.09614722430706024,13,color_global
5,FISHR__13__u007__K5__counterfactual_red,counterfactual_red,-1,FISHR,0.07821721583604813,13,color_global
5,FISHR__13__u007__K5__counterfactual_green,counterfactual_green,-1,FISHR,0.08702405542135239,13,color_global
5,FISHR__13__u007__K5__clean_task,clean_task,-1,FISHR,0.016467159613966942,13,color_global
20,FISHR__13__u007__K20__source,source,-1,FISHR,0.5741419792175293,13,color_global
20,FISHR__13__u007__K20__counterfactual_red,counterfactual_red,-1,FISHR,0.4887556731700897,13,color_global
20,FISHR__13__u007__K20__counterfactual_green,counterfactual_green,-1,FISHR,0.4883177578449249,13,color_global
20,FISHR__13__u007__K20__clean_task,clean_task,-1,FISHR,0.09970042109489441,13,color_global
1,FISHR__13__u008__K1__source,source,-1,FISHR,0.007186575792729855,13,color_shift
1,FISHR__13__u008__K1__counterfactual_red,counterfactual_red,-1,FISHR,0.006229504477232695,13,color_shift
1,FISHR__13__u008__K1__counterfactual_green,counterfactual_green,-1,FISHR,0.005946913734078407,13,color_shift
1,FISHR__13__u008__K1__clean_task,clean_task,-1,FISHR,0.0011706009972840548,13,color_shift
5,FISHR__13__u008__K5__source,source,-1,FISHR,0.09614722430706024,13,color_shift
5,FISHR__13__u008__K5__counterfactual_red,counterfactual_red,-1,FISHR,0.07821721583604813,13,color_shift
5,FISHR__13__u008__K5__counterfactual_green,counterfactual_green,-1,FISHR,0.08702405542135239,13,color_shift
5,FISHR__13__u008__K5__clean_task,clean_task,-1,FISHR,0.016467159613966942,13,color_shift
20,FISHR__13__u008__K20__source,source,-1,FISHR,0.5741419792175293,13,color_shift
20,FISHR__13__u008__K20__counterfactual_red,counterfactual_red,-1,FISHR,0.4887556731700897,13,color_shift
20,FISHR__13__u008__K20__counterfactual_green,counterfactual_green,-1,FISHR,0.4883177578449249,13,color_shift
20,FISHR__13__u008__K20__clean_task,clean_task,-1,FISHR,0.09970042109489441,13,color_shift
1,FISHR__13__u009__K1__source,source,-1,FISHR,0.007154874503612518,13,noise_global
1,FISHR__13__u009__K1__counterfactual_red,counterfactual_red,-1,FISHR,0.0031398823484778404,13,noise_global
1,FISHR__13__u009__K1__counterfactual_green,counterfactual_green,-1,FISHR,0.00703412014991045,13,noise_global
1,FISHR__13__u009__K1__clean_task,clean_task,-1,FISHR,0.002351106610149145,13,noise_global
5,FISHR__13__u009__K5__source,source,-1,FISHR,0.09683042764663696,13,noise_global
5,FISHR__13__u009__K5__counterfactual_red,counterfactual_red,-1,FISHR,0.05008342117071152,13,noise_global
5,FISHR__13__u009__K5__counterfactual_green,counterfactual_green,-1,FISHR,0.0890197902917862,13,noise_global
5,FISHR__13__u009__K5__clean_task,clean_task,-1,FISHR,0.02388855442404747,13,noise_global
20,FISHR__13__u009__K20__source,source,-1,FISHR,0.7060457468032837,13,noise_global
20,FISHR__13__u009__K20__counterfactual_red,counterfactual_red,-1,FISHR,0.36122530698776245,13,noise_global
20,FISHR__13__u009__K20__counterfactual_green,counterfactual_green,-1,FISHR,0.6374157667160034,13,noise_global
20,FISHR__13__u009__K20__clean_task,clean_task,-1,FISHR,0.17862966656684875,13,noise_global
1,FISHR__13__u010__K1__source,source,-1,FISHR,0.007154874503612518,13,noise_shift
1,FISHR__13__u010__K1__counterfactual_red,counterfactual_red,-1,FISHR,0.0031398823484778404,13,noise_shift
1,FISHR__13__u010__K1__counterfactual_green,counterfactual_green,-1,FISHR,0.00703412014991045,13,noise_shift
1,FISHR__13__u010__K1__clean_task,clean_task,-1,FISHR,0.002351106610149145,13,noise_shift
5,FISHR__13__u010__K5__source,source,-1,FISHR,0.09683042764663696,13,noise_shift
5,FISHR__13__u010__K5__counterfactual_red,counterfactual_red,-1,FISHR,0.05008342117071152,13,noise_shift
5,FISHR__13__u010__K5__counterfactual_green,counterfactual_green,-1,FISHR,0.0890197902917862,13,noise_shift
5,FISHR__13__u010__K5__clean_task,clean_task,-1,FISHR,0.02388855442404747,13,noise_shift
20,FISHR__13__u010__K20__source,source,-1,FISHR,0.7060457468032837,13,noise_shift
20,FISHR__13__u010__K20__counterfactual_red,counterfactual_red,-1,FISHR,0.36122530698776245,13,noise_shift
20,FISHR__13__u010__K20__counterfactual_green,counterfactual_green,-1,FISHR,0.6374157667160034,13,noise_shift
20,FISHR__13__u010__K20__clean_task,clean_task,-1,FISHR,0.17862966656684875,13,noise_shift
1,CORAL__13__u000__K1__source,source,0,CORAL,14.527071952819824,13,source_env0_color
1,CORAL__13__u000__K1__counterfactual_red,counterfactual_red,0,CORAL,16.35803985595703,13,source_env0_color
1,CORAL__13__u000__K1__counterfactual_green,counterfactual_green,0,CORAL,12.525871276855469,13,source_env0_color
1,CORAL__13__u000__K1__clean_task,clean_task,0,CORAL,1.6872693300247192,13,source_env0_color
5,CORAL__13__u000__K5__source,source,0,CORAL,123.70944213867188,13,source_env0_color
5,CORAL__13__u000__K5__counterfactual_red,counterfactual_red,0,CORAL,124.92518615722656,13,source_env0_color
5,CORAL__13__u000__K5__counterfactual_green,counterfactual_green,0,CORAL,119.71692657470703,13,source_env0_color
5,CORAL__13__u000__K5__clean_task,clean_task,0,CORAL,6.74717903137207,13,source_env0_color
20,CORAL__13__u000__K20__source,source,0,CORAL,106.15986633300781,13,source_env0_color
20,CORAL__13__u000__K20__counterfactual_red,counterfactual_red,0,CORAL,106.65306091308594,13,source_env0_color
20,CORAL__13__u000__K20__counterfactual_green,counterfactual_green,0,CORAL,98.173583984375,13,source_env0_color
20,CORAL__13__u000__K20__clean_task,clean_task,0,CORAL,10.665538787841797,13,source_env0_color
1,CORAL__13__u001__K1__source,source,1,CORAL,15.03896713256836,13,source_env1_color
1,CORAL__13__u001__K1__counterfactual_red,counterfactual_red,1,CORAL,16.825523376464844,13,source_env1_color
1,CORAL__13__u001__K1__counterfactual_green,counterfactual_green,1,CORAL,13.107702255249023,13,source_env1_color
1,CORAL__13__u001__K1__clean_task,clean_task,1,CORAL,1.8413891792297363,13,source_env1_color
5,CORAL__13__u001__K5__source,source,1,CORAL,125.51016998291016,13,source_env1_color
5,CORAL__13__u001__K5__counterfactual_red,counterfactual_red,1,CORAL,128.43370056152344,13,source_env1_color
5,CORAL__13__u001__K5__counterfactual_green,counterfactual_green,1,CORAL,119.66960906982422,13,source_env1_color
5,CORAL__13__u001__K5__clean_task,clean_task,1,CORAL,7.2339887619018555,13,source_env1_color
20,CORAL__13__u001__K20__source,source,1,CORAL,107.529541015625,13,source_env1_color
20,CORAL__13__u001__K20__counterfactual_red,counterfactual_red,1,CORAL,109.19486236572266,13,source_env1_color
20,CORAL__13__u001__K20__counterfactual_green,counterfactual_green,1,CORAL,99.76598358154297,13,source_env1_color
20,CORAL__13__u001__K20__clean_task,clean_task,1,CORAL,12.773258209228516,13,source_env1_color
1,CORAL__13__u002__K1__source,source,2,CORAL,0.0,13,evaluation_color
1,CORAL__13__u002__K1__counterfactual_red,counterfactual_red,2,CORAL,0.0,13,evaluation_color
1,CORAL__13__u002__K1__counterfactual_green,counterfactual_green,2,CORAL,0.0,13,evaluation_color
1,CORAL__13__u002__K1__clean_task,clean_task,2,CORAL,0.0,13,evaluation_color
5,CORAL__13__u002__K5__source,source,2,CORAL,0.0,13,evaluation_color
5,CORAL__13__u002__K5__counterfactual_red,counterfactual_red,2,CORAL,0.0,13,evaluation_color
5,CORAL__13__u002__K5__counterfactual_green,counterfactual_green,2,CORAL,0.0,13,evaluation_color
5,CORAL__13__u002__K5__clean_task,clean_task,2,CORAL,0.0,13,evaluation_color
20,CORAL__13__u002__K20__source,source,2,CORAL,0.0,13,evaluation_color
20,CORAL__13__u002__K20__counterfactual_red,counterfactual_red,2,CORAL,0.0,13,evaluation_color
20,CORAL__13__u002__K20__counterfactual_green,counterfactual_green,2,CORAL,0.0,13,evaluation_color
20,CORAL__13__u002__K20__clean_task,clean_task,2,CORAL,0.0,13,evaluation_color
1,CORAL__13__u003__K1__source,source,3,CORAL,4.096568584442139,13,source_label_noise
1,CORAL__13__u003__K1__counterfactual_red,counterfactual_red,3,CORAL,6.852612495422363,13,source_label_noise
1,CORAL__13__u003__K1__counterfactual_green,counterfactual_green,3,CORAL,3.176406145095825,13,source_label_noise
1,CORAL__13__u003__K1__clean_task,clean_task,3,CORAL,1.9029395580291748,13,source_label_noise
5,CORAL__13__u003__K5__source,source,3,CORAL,26.87751007080078,13,source_label_noise
5,CORAL__13__u003__K5__counterfactual_red,counterfactual_red,3,CORAL,47.135643005371094,13,source_label_noise
5,CORAL__13__u003__K5__counterfactual_green,counterfactual_green,3,CORAL,36.670265197753906,13,source_label_noise
5,CORAL__13__u003__K5__clean_task,clean_task,3,CORAL,16.550294876098633,13,source_label_noise
20,CORAL__13__u003__K20__source,source,3,CORAL,79.72784423828125,13,source_label_noise
20,CORAL__13__u003__K20__counterfactual_red,counterfactual_red,3,CORAL,82.52941131591797,13,source_label_noise
20,CORAL__13__u003__K20__counterfactual_green,counterfactual_green,3,CORAL,87.73124694824219,13,source_label_noise
20,CORAL__13__u003__K20__clean_task,clean_task,3,CORAL,77.1826400756836,13,source_label_noise
1,CORAL__13__u004__K1__source,source,4,CORAL,0.0,13,evaluation_label_noise
1,CORAL__13__u004__K1__counterfactual_red,counterfactual_red,4,CORAL,0.0,13,evaluation_label_noise
1,CORAL__13__u004__K1__counterfactual_green,counterfactual_green,4,CORAL,0.0,13,evaluation_label_noise
1,CORAL__13__u004__K1__clean_task,clean_task,4,CORAL,0.0,13,evaluation_label_noise
5,CORAL__13__u004__K5__source,source,4,CORAL,0.0,13,evaluation_label_noise
5,CORAL__13__u004__K5__counterfactual_red,counterfactual_red,4,CORAL,0.0,13,evaluation_label_noise
5,CORAL__13__u004__K5__counterfactual_green,counterfactual_green,4,CORAL,0.0,13,evaluation_label_noise
5,CORAL__13__u004__K5__clean_task,clean_task,4,CORAL,0.0,13,evaluation_label_noise
20,CORAL__13__u004__K20__source,source,4,CORAL,0.0,13,evaluation_label_noise
20,CORAL__13__u004__K20__counterfactual_red,counterfactual_red,4,CORAL,0.0,13,evaluation_label_noise
20,CORAL__13__u004__K20__counterfactual_green,counterfactual_green,4,CORAL,0.0,13,evaluation_label_noise
20,CORAL__13__u004__K20__clean_task,clean_task,4,CORAL,0.0,13,evaluation_label_noise
1,CORAL__13__u005__K1__source,source,-1,CORAL,20.90498161315918,13,source_color_common
1,CORAL__13__u005__K1__counterfactual_red,counterfactual_red,-1,CORAL,23.462594985961914,13,source_color_common
1,CORAL__13__u005__K1__counterfactual_green,counterfactual_green,-1,CORAL,18.123842239379883,13,source_color_common
1,CORAL__13__u005__K1__clean_task,clean_task,-1,CORAL,2.492453098297119,13,source_color_common
5,CORAL__13__u005__K5__source,source,-1,CORAL,176.21743774414062,13,source_color_common
5,CORAL__13__u005__K5__counterfactual_red,counterfactual_red,-1,CORAL,179.147705078125,13,source_color_common
5,CORAL__13__u005__K5__counterfactual_green,counterfactual_green,-1,CORAL,169.2562255859375,13,source_color_common
5,CORAL__13__u005__K5__clean_task,clean_task,-1,CORAL,9.666755676269531,13,source_color_common
20,CORAL__13__u005__K20__source,source,-1,CORAL,151.05825805664062,13,source_color_common
20,CORAL__13__u005__K20__counterfactual_red,counterfactual_red,-1,CORAL,152.57391357421875,13,source_color_common
20,CORAL__13__u005__K20__counterfactual_green,counterfactual_green,-1,CORAL,139.9061737060547,13,source_color_common
20,CORAL__13__u005__K20__clean_task,clean_task,-1,CORAL,16.339542388916016,13,source_color_common
1,CORAL__13__u006__K1__source,source,-1,CORAL,0.43372756242752075,13,source_color_contrast
1,CORAL__13__u006__K1__counterfactual_red,counterfactual_red,-1,CORAL,0.4361744523048401,13,source_color_contrast
1,CORAL__13__u006__K1__counterfactual_green,counterfactual_green,-1,CORAL,0.4854660928249359,13,source_color_contrast
1,CORAL__13__u006__K1__clean_task,clean_task,-1,CORAL,0.15896311402320862,13,source_color_contrast
5,CORAL__13__u006__K5__source,source,-1,CORAL,2.0596964359283447,13,source_color_contrast
5,CORAL__13__u006__K5__counterfactual_red,counterfactual_red,-1,CORAL,2.7607789039611816,13,source_color_contrast
5,CORAL__13__u006__K5__counterfactual_green,counterfactual_green,-1,CORAL,2.299276113510132,13,source_color_contrast
5,CORAL__13__u006__K5__clean_task,clean_task,-1,CORAL,2.0997276306152344,13,source_color_contrast
20,CORAL__13__u006__K20__source,source,-1,CORAL,3.731300115585327,13,source_color_contrast
20,CORAL__13__u006__K20__counterfactual_red,counterfactual_red,-1,CORAL,4.426291465759277,13,source_color_contrast
20,CORAL__13__u006__K20__counterfactual_green,counterfactual_green,-1,CORAL,4.191183090209961,13,source_color_contrast
20,CORAL__13__u006__K20__clean_task,clean_task,-1,CORAL,3.1510636806488037,13,source_color_contrast
1,CORAL__13__u007__K1__source,source,-1,CORAL,14.78205394744873,13,color_global
1,CORAL__13__u007__K1__counterfactual_red,counterfactual_red,-1,CORAL,16.590560913085938,13,color_global
1,CORAL__13__u007__K1__counterfactual_green,counterfactual_green,-1,CORAL,12.815491676330566,13,color_global
1,CORAL__13__u007__K1__clean_task,clean_task,-1,CORAL,1.7624305486679077,13,color_global
5,CORAL__13__u007__K5__source,source,-1,CORAL,124.60454559326172,13,color_global
5,CORAL__13__u007__K5__counterfactual_red,counterfactual_red,-1,CORAL,126.67655181884766,13,color_global
5,CORAL__13__u007__K5__counterfactual_green,counterfactual_green,-1,CORAL,119.6822280883789,13,color_global
5,CORAL__13__u007__K5__clean_task,clean_task,-1,CORAL,6.835428714752197,13,color_global
20,CORAL__13__u007__K20__source,source,-1,CORAL,106.81431579589844,13,color_global
20,CORAL__13__u007__K20__counterfactual_red,counterfactual_red,-1,CORAL,107.88605499267578,13,color_global
20,CORAL__13__u007__K20__counterfactual_green,counterfactual_green,-1,CORAL,98.92860412597656,13,color_global
20,CORAL__13__u007__K20__clean_task,clean_task,-1,CORAL,11.553801536560059,13,color_global
1,CORAL__13__u008__K1__source,source,-1,CORAL,14.78205394744873,13,color_shift
1,CORAL__13__u008__K1__counterfactual_red,counterfactual_red,-1,CORAL,16.590560913085938,13,color_shift
1,CORAL__13__u008__K1__counterfactual_green,counterfactual_green,-1,CORAL,12.815491676330566,13,color_shift
1,CORAL__13__u008__K1__clean_task,clean_task,-1,CORAL,1.7624305486679077,13,color_shift
5,CORAL__13__u008__K5__source,source,-1,CORAL,124.60454559326172,13,color_shift
5,CORAL__13__u008__K5__counterfactual_red,counterfactual_red,-1,CORAL,126.67655181884766,13,color_shift
5,CORAL__13__u008__K5__counterfactual_green,counterfactual_green,-1,CORAL,119.6822280883789,13,color_shift
5,CORAL__13__u008__K5__clean_task,clean_task,-1,CORAL,6.835428714752197,13,color_shift
20,CORAL__13__u008__K20__source,source,-1,CORAL,106.81431579589844,13,color_shift
20,CORAL__13__u008__K20__counterfactual_red,counterfactual_red,-1,CORAL,107.88605499267578,13,color_shift
20,CORAL__13__u008__K20__counterfactual_green,counterfactual_green,-1,CORAL,98.92860412597656,13,color_shift
20,CORAL__13__u008__K20__clean_task,clean_task,-1,CORAL,11.553801536560059,13,color_shift
1,CORAL__13__u009__K1__source,source,-1,CORAL,2.8967111110687256,13,noise_global
1,CORAL__13__u009__K1__counterfactual_red,counterfactual_red,-1,CORAL,4.845528602600098,13,noise_global
1,CORAL__13__u009__K1__counterfactual_green,counterfactual_green,-1,CORAL,2.246058225631714,13,noise_global
1,CORAL__13__u009__K1__clean_task,clean_task,-1,CORAL,1.3455815315246582,13,noise_global
5,CORAL__13__u009__K5__source,source,-1,CORAL,19.005268096923828,13,noise_global
5,CORAL__13__u009__K5__counterfactual_red,counterfactual_red,-1,CORAL,33.32992935180664,13,noise_global
5,CORAL__13__u009__K5__counterfactual_green,counterfactual_green,-1,CORAL,25.929792404174805,13,noise_global
5,CORAL__13__u009__K5__clean_task,clean_task,-1,CORAL,11.702825546264648,13,noise_global
20,CORAL__13__u009__K20__source,source,-1,CORAL,56.3760986328125,13,noise_global
20,CORAL__13__u009__K20__counterfactual_red,counterfactual_red,-1,CORAL,58.35710525512695,13,noise_global
20,CORAL__13__u009__K20__counterfactual_green,counterfactual_green,-1,CORAL,62.03535842895508,13,noise_global
20,CORAL__13__u009__K20__clean_task,clean_task,-1,CORAL,54.57636642456055,13,noise_global
1,CORAL__13__u010__K1__source,source,-1,CORAL,2.8967111110687256,13,noise_shift
1,CORAL__13__u010__K1__counterfactual_red,counterfactual_red,-1,CORAL,4.845528602600098,13,noise_shift
1,CORAL__13__u010__K1__counterfactual_green,counterfactual_green,-1,CORAL,2.246058225631714,13,noise_shift
1,CORAL__13__u010__K1__clean_task,clean_task,-1,CORAL,1.3455815315246582,13,noise_shift
5,CORAL__13__u010__K5__source,source,-1,CORAL,19.005268096923828,13,noise_shift
5,CORAL__13__u010__K5__counterfactual_red,counterfactual_red,-1,CORAL,33.32992935180664,13,noise_shift
5,CORAL__13__u010__K5__counterfactual_green,counterfactual_green,-1,CORAL,25.929792404174805,13,noise_shift
5,CORAL__13__u010__K5__clean_task,clean_task,-1,CORAL,11.702825546264648,13,noise_shift
20,CORAL__13__u010__K20__source,source,-1,CORAL,56.3760986328125,13,noise_shift
20,CORAL__13__u010__K20__counterfactual_red,counterfactual_red,-1,CORAL,58.35710525512695,13,noise_shift
20,CORAL__13__u010__K20__counterfactual_green,counterfactual_green,-1,CORAL,62.03535842895508,13,noise_shift
20,CORAL__13__u010__K20__clean_task,clean_task,-1,CORAL,54.57636642456055,13,noise_shift
1,ERM__14__u000__K1__source,source,0,ERM,13.676324844360352,14,source_env0_color
1,ERM__14__u000__K1__counterfactual_red,counterfactual_red,0,ERM,15.51133918762207,14,source_env0_color
1,ERM__14__u000__K1__counterfactual_green,counterfactual_green,0,ERM,9.790771484375,14,source_env0_color
1,ERM__14__u000__K1__clean_task,clean_task,0,ERM,3.191075086593628,14,source_env0_color
5,ERM__14__u000__K5__source,source,0,ERM,112.0301284790039,14,source_env0_color
5,ERM__14__u000__K5__counterfactual_red,counterfactual_red,0,ERM,116.1756820678711,14,source_env0_color
5,ERM__14__u000__K5__counterfactual_green,counterfactual_green,0,ERM,96.78186798095703,14,source_env0_color
5,ERM__14__u000__K5__clean_task,clean_task,0,ERM,15.85161018371582,14,source_env0_color
20,ERM__14__u000__K20__source,source,0,ERM,79.7341079711914,14,source_env0_color
20,ERM__14__u000__K20__counterfactual_red,counterfactual_red,0,ERM,90.99442291259766,14,source_env0_color
20,ERM__14__u000__K20__counterfactual_green,counterfactual_green,0,ERM,64.92852783203125,14,source_env0_color
20,ERM__14__u000__K20__clean_task,clean_task,0,ERM,22.55376434326172,14,source_env0_color
1,ERM__14__u001__K1__source,source,1,ERM,13.547866821289062,14,source_env1_color
1,ERM__14__u001__K1__counterfactual_red,counterfactual_red,1,ERM,15.707247734069824,14,source_env1_color
1,ERM__14__u001__K1__counterfactual_green,counterfactual_green,1,ERM,9.200471878051758,14,source_env1_color
1,ERM__14__u001__K1__clean_task,clean_task,1,ERM,3.5751869678497314,14,source_env1_color
5,ERM__14__u001__K5__source,source,1,ERM,111.73700714111328,14,source_env1_color
5,ERM__14__u001__K5__counterfactual_red,counterfactual_red,1,ERM,115.5365982055664,14,source_env1_color
5,ERM__14__u001__K5__counterfactual_green,counterfactual_green,1,ERM,97.17420196533203,14,source_env1_color
5,ERM__14__u001__K5__clean_task,clean_task,1,ERM,15.23049259185791,14,source_env1_color
20,ERM__14__u001__K20__source,source,1,ERM,81.6026840209961,14,source_env1_color
20,ERM__14__u001__K20__counterfactual_red,counterfactual_red,1,ERM,92.73013305664062,14,source_env1_color
20,ERM__14__u001__K20__counterfactual_green,counterfactual_green,1,ERM,64.2535171508789,14,source_env1_color
20,ERM__14__u001__K20__clean_task,clean_task,1,ERM,27.072275161743164,14,source_env1_color
1,ERM__14__u002__K1__source,source,2,ERM,0.0,14,evaluation_color
1,ERM__14__u002__K1__counterfactual_red,counterfactual_red,2,ERM,0.0,14,evaluation_color
1,ERM__14__u002__K1__counterfactual_green,counterfactual_green,2,ERM,0.0,14,evaluation_color
1,ERM__14__u002__K1__clean_task,clean_task,2,ERM,0.0,14,evaluation_color
5,ERM__14__u002__K5__source,source,2,ERM,0.0,14,evaluation_color
5,ERM__14__u002__K5__counterfactual_red,counterfactual_red,2,ERM,0.0,14,evaluation_color
5,ERM__14__u002__K5__counterfactual_green,counterfactual_green,2,ERM,0.0,14,evaluation_color
5,ERM__14__u002__K5__clean_task,clean_task,2,ERM,0.0,14,evaluation_color
20,ERM__14__u002__K20__source,source,2,ERM,0.0,14,evaluation_color
20,ERM__14__u002__K20__counterfactual_red,counterfactual_red,2,ERM,0.0,14,evaluation_color
20,ERM__14__u002__K20__counterfactual_green,counterfactual_green,2,ERM,0.0,14,evaluation_color
20,ERM__14__u002__K20__clean_task,clean_task,2,ERM,0.0,14,evaluation_color
1,ERM__14__u003__K1__source,source,3,ERM,3.683612823486328,14,source_label_noise
1,ERM__14__u003__K1__counterfactual_red,counterfactual_red,3,ERM,6.117931842803955,14,source_label_noise
1,ERM__14__u003__K1__counterfactual_green,counterfactual_green,3,ERM,1.9097400903701782,14,source_label_noise
1,ERM__14__u003__K1__clean_task,clean_task,3,ERM,2.5572779178619385,14,source_label_noise
5,ERM__14__u003__K5__source,source,3,ERM,24.55339813232422,14,source_label_noise
5,ERM__14__u003__K5__counterfactual_red,counterfactual_red,3,ERM,46.11524200439453,14,source_label_noise
5,ERM__14__u003__K5__counterfactual_green,counterfactual_green,3,ERM,21.850692749023438,14,source_label_noise
5,ERM__14__u003__K5__clean_task,clean_task,3,ERM,19.657459259033203,14,source_label_noise
20,ERM__14__u003__K20__source,source,3,ERM,96.36396789550781,14,source_label_noise
20,ERM__14__u003__K20__counterfactual_red,counterfactual_red,3,ERM,89.36509704589844,14,source_label_noise
20,ERM__14__u003__K20__counterfactual_green,counterfactual_green,3,ERM,88.4473876953125,14,source_label_noise
20,ERM__14__u003__K20__clean_task,clean_task,3,ERM,76.35335540771484,14,source_label_noise
1,ERM__14__u004__K1__source,source,4,ERM,0.0,14,evaluation_label_noise
1,ERM__14__u004__K1__counterfactual_red,counterfactual_red,4,ERM,0.0,14,evaluation_label_noise
1,ERM__14__u004__K1__counterfactual_green,counterfactual_green,4,ERM,0.0,14,evaluation_label_noise
1,ERM__14__u004__K1__clean_task,clean_task,4,ERM,0.0,14,evaluation_label_noise
5,ERM__14__u004__K5__source,source,4,ERM,0.0,14,evaluation_label_noise
5,ERM__14__u004__K5__counterfactual_red,counterfactual_red,4,ERM,0.0,14,evaluation_label_noise
5,ERM__14__u004__K5__counterfactual_green,counterfactual_green,4,ERM,0.0,14,evaluation_label_noise
5,ERM__14__u004__K5__clean_task,clean_task,4,ERM,0.0,14,evaluation_label_noise
20,ERM__14__u004__K20__source,source,4,ERM,0.0,14,evaluation_label_noise
20,ERM__14__u004__K20__counterfactual_red,counterfactual_red,4,ERM,0.0,14,evaluation_label_noise
20,ERM__14__u004__K20__counterfactual_green,counterfactual_green,4,ERM,0.0,14,evaluation_label_noise
20,ERM__14__u004__K20__clean_task,clean_task,4,ERM,0.0,14,evaluation_label_noise
1,ERM__14__u005__K1__source,source,-1,ERM,19.247093200683594,14,source_color_common
1,ERM__14__u005__K1__counterfactual_red,counterfactual_red,-1,ERM,22.073806762695312,14,source_color_common
1,ERM__14__u005__K1__counterfactual_green,counterfactual_green,-1,ERM,13.4280424118042,14,source_color_common
1,ERM__14__u005__K1__clean_task,clean_task,-1,ERM,4.78253173828125,14,source_color_common
5,ERM__14__u005__K5__source,source,-1,ERM,158.21853637695312,14,source_color_common
5,ERM__14__u005__K5__counterfactual_red,counterfactual_red,-1,ERM,163.82757568359375,14,source_color_common
5,ERM__14__u005__K5__counterfactual_green,counterfactual_green,-1,ERM,137.14108276367188,14,source_color_common
5,ERM__14__u005__K5__clean_task,clean_task,-1,ERM,21.966360092163086,14,source_color_common
20,ERM__14__u005__K20__source,source,-1,ERM,114.01348114013672,14,source_color_common
20,ERM__14__u005__K20__counterfactual_red,counterfactual_red,-1,ERM,129.86337280273438,14,source_color_common
20,ERM__14__u005__K20__counterfactual_green,counterfactual_green,-1,ERM,91.23440551757812,14,source_color_common
20,ERM__14__u005__K20__clean_task,clean_task,-1,ERM,35.02853012084961,14,source_color_common
1,ERM__14__u006__K1__source,source,-1,ERM,0.36866915225982666,14,source_color_contrast
1,ERM__14__u006__K1__counterfactual_red,counterfactual_red,-1,ERM,0.2574571669101715,14,source_color_contrast
1,ERM__14__u006__K1__counterfactual_green,counterfactual_green,-1,ERM,0.442247211933136,14,source_color_contrast
1,ERM__14__u006__K1__clean_task,clean_task,-1,ERM,0.3038323223590851,14,source_color_contrast
5,ERM__14__u006__K5__source,source,-1,ERM,1.6733678579330444,14,source_color_contrast
5,ERM__14__u006__K5__counterfactual_red,counterfactual_red,-1,ERM,2.453388214111328,14,source_color_contrast
5,ERM__14__u006__K5__counterfactual_green,counterfactual_green,-1,ERM,1.37062406539917,14,source_color_contrast
5,ERM__14__u006__K5__clean_task,clean_task,-1,ERM,0.8488460183143616,14,source_color_contrast
20,ERM__14__u006__K20__source,source,-1,ERM,4.177664756774902,14,source_color_contrast
20,ERM__14__u006__K20__counterfactual_red,counterfactual_red,-1,ERM,3.7899022102355957,14,source_color_contrast
20,ERM__14__u006__K20__counterfactual_green,counterfactual_green,-1,ERM,4.528903961181641,14,source_color_contrast
20,ERM__14__u006__K20__clean_task,clean_task,-1,ERM,3.8186898231506348,14,source_color_contrast
1,ERM__14__u007__K1__source,source,-1,ERM,13.60975170135498,14,color_global
1,ERM__14__u007__K1__counterfactual_red,counterfactual_red,-1,ERM,15.608539581298828,14,color_global
1,ERM__14__u007__K1__counterfactual_green,counterfactual_green,-1,ERM,9.495059967041016,14,color_global
1,ERM__14__u007__K1__clean_task,clean_task,-1,ERM,3.381760597229004,14,color_global
5,ERM__14__u007__K5__source,source,-1,ERM,111.87740325927734,14,color_global
5,ERM__14__u007__K5__counterfactual_red,counterfactual_red,-1,ERM,115.84358978271484,14,color_global
5,ERM__14__u007__K5__counterfactual_green,counterfactual_green,-1,ERM,96.97339630126953,14,color_global
5,ERM__14__u007__K5__clean_task,clean_task,-1,ERM,15.532561302185059,14,color_global
20,ERM__14__u007__K20__source,source,-1,ERM,80.61970520019531,14,color_global
20,ERM__14__u007__K20__counterfactual_red,counterfactual_red,-1,ERM,91.8272705078125,14,color_global
20,ERM__14__u007__K20__counterfactual_green,counterfactual_green,-1,ERM,64.5124740600586,14,color_global
20,ERM__14__u007__K20__clean_task,clean_task,-1,ERM,24.768911361694336,14,color_global
1,ERM__14__u008__K1__source,source,-1,ERM,13.60975170135498,14,color_shift
1,ERM__14__u008__K1__counterfactual_red,counterfactual_red,-1,ERM,15.608539581298828,14,color_shift
1,ERM__14__u008__K1__counterfactual_green,counterfactual_green,-1,ERM,9.495059967041016,14,color_shift
1,ERM__14__u008__K1__clean_task,clean_task,-1,ERM,3.381760597229004,14,color_shift
5,ERM__14__u008__K5__source,source,-1,ERM,111.87740325927734,14,color_shift
5,ERM__14__u008__K5__counterfactual_red,counterfactual_red,-1,ERM,115.84358978271484,14,color_shift
5,ERM__14__u008__K5__counterfactual_green,counterfactual_green,-1,ERM,96.97339630126953,14,color_shift
5,ERM__14__u008__K5__clean_task,clean_task,-1,ERM,15.532561302185059,14,color_shift
20,ERM__14__u008__K20__source,source,-1,ERM,80.61970520019531,14,color_shift
20,ERM__14__u008__K20__counterfactual_red,counterfactual_red,-1,ERM,91.8272705078125,14,color_shift
20,ERM__14__u008__K20__counterfactual_green,counterfactual_green,-1,ERM,64.5124740600586,14,color_shift
20,ERM__14__u008__K20__clean_task,clean_task,-1,ERM,24.768911361694336,14,color_shift
1,ERM__14__u009__K1__source,source,-1,ERM,2.604707717895508,14,noise_global
1,ERM__14__u009__K1__counterfactual_red,counterfactual_red,-1,ERM,4.32603120803833,14,noise_global
1,ERM__14__u009__K1__counterfactual_green,counterfactual_green,-1,ERM,1.3503901958465576,14,noise_global
1,ERM__14__u009__K1__clean_task,clean_task,-1,ERM,1.8082685470581055,14,noise_global
5,ERM__14__u009__K5__source,source,-1,ERM,17.361873626708984,14,noise_global
5,ERM__14__u009__K5__counterfactual_red,counterfactual_red,-1,ERM,32.6083984375,14,noise_global
5,ERM__14__u009__K5__counterfactual_green,counterfactual_green,-1,ERM,15.450772285461426,14,noise_global
5,ERM__14__u009__K5__clean_task,clean_task,-1,ERM,13.899923324584961,14,noise_global
20,ERM__14__u009__K20__source,source,-1,ERM,68.13961791992188,14,noise_global
20,ERM__14__u009__K20__counterfactual_red,counterfactual_red,-1,ERM,63.19066619873047,14,noise_global
20,ERM__14__u009__K20__counterfactual_green,counterfactual_green,-1,ERM,62.541748046875,14,noise_global
20,ERM__14__u009__K20__clean_task,clean_task,-1,ERM,53.98997116088867,14,noise_global
1,ERM__14__u010__K1__source,source,-1,ERM,2.604707717895508,14,noise_shift
1,ERM__14__u010__K1__counterfactual_red,counterfactual_red,-1,ERM,4.32603120803833,14,noise_shift
1,ERM__14__u010__K1__counterfactual_green,counterfactual_green,-1,ERM,1.3503901958465576,14,noise_shift
1,ERM__14__u010__K1__clean_task,clean_task,-1,ERM,1.8082685470581055,14,noise_shift
5,ERM__14__u010__K5__source,source,-1,ERM,17.361873626708984,14,noise_shift
5,ERM__14__u010__K5__counterfactual_red,counterfactual_red,-1,ERM,32.6083984375,14,noise_shift
5,ERM__14__u010__K5__counterfactual_green,counterfactual_green,-1,ERM,15.450772285461426,14,noise_shift
5,ERM__14__u010__K5__clean_task,clean_task,-1,ERM,13.899923324584961,14,noise_shift
20,ERM__14__u010__K20__source,source,-1,ERM,68.13961791992188,14,noise_shift
20,ERM__14__u010__K20__counterfactual_red,counterfactual_red,-1,ERM,63.19066619873047,14,noise_shift
20,ERM__14__u010__K20__counterfactual_green,counterfactual_green,-1,ERM,62.541748046875,14,noise_shift
20,ERM__14__u010__K20__clean_task,clean_task,-1,ERM,53.98997116088867,14,noise_shift
1,IRMv1__14__u000__K1__source,source,0,IRMv1,0.19713105261325836,14,source_env0_color
1,IRMv1__14__u000__K1__counterfactual_red,counterfactual_red,0,IRMv1,0.16335071623325348,14,source_env0_color
1,IRMv1__14__u000__K1__counterfactual_green,counterfactual_green,0,IRMv1,0.1745651811361313,14,source_env0_color
1,IRMv1__14__u000__K1__clean_task,clean_task,0,IRMv1,0.02193300798535347,14,source_env0_color
5,IRMv1__14__u000__K5__source,source,0,IRMv1,2.7962136268615723,14,source_env0_color
5,IRMv1__14__u000__K5__counterfactual_red,counterfactual_red,0,IRMv1,3.195509433746338,14,source_env0_color
5,IRMv1__14__u000__K5__counterfactual_green,counterfactual_green,0,IRMv1,0.5475360751152039,14,source_env0_color
5,IRMv1__14__u000__K5__clean_task,clean_task,0,IRMv1,1.0328125953674316,14,source_env0_color
20,IRMv1__14__u000__K20__source,source,0,IRMv1,16.61404800415039,14,source_env0_color
20,IRMv1__14__u000__K20__counterfactual_red,counterfactual_red,0,IRMv1,18.98277473449707,14,source_env0_color
20,IRMv1__14__u000__K20__counterfactual_green,counterfactual_green,0,IRMv1,1.922866940498352,14,source_env0_color
20,IRMv1__14__u000__K20__clean_task,clean_task,0,IRMv1,8.423318862915039,14,source_env0_color
1,IRMv1__14__u001__K1__source,source,1,IRMv1,0.5295943021774292,14,source_env1_color
1,IRMv1__14__u001__K1__counterfactual_red,counterfactual_red,1,IRMv1,0.5259034633636475,14,source_env1_color
1,IRMv1__14__u001__K1__counterfactual_green,counterfactual_green,1,IRMv1,0.3485575318336487,14,source_env1_color
1,IRMv1__14__u001__K1__clean_task,clean_task,1,IRMv1,0.046831417828798294,14,source_env1_color
5,IRMv1__14__u001__K5__source,source,1,IRMv1,1.0742982625961304,14,source_env1_color
5,IRMv1__14__u001__K5__counterfactual_red,counterfactual_red,1,IRMv1,1.237630009651184,14,source_env1_color
5,IRMv1__14__u001__K5__counterfactual_green,counterfactual_green,1,IRMv1,0.05891912803053856,14,source_env1_color
5,IRMv1__14__u001__K5__clean_task,clean_task,1,IRMv1,0.4892578721046448,14,source_env1_color
20,IRMv1__14__u001__K20__source,source,1,IRMv1,6.818136692047119,14,source_env1_color
20,IRMv1__14__u001__K20__counterfactual_red,counterfactual_red,1,IRMv1,1.788612961769104,14,source_env1_color
20,IRMv1__14__u001__K20__counterfactual_green,counterfactual_green,1,IRMv1,7.786309242248535,14,source_env1_color
20,IRMv1__14__u001__K20__clean_task,clean_task,1,IRMv1,3.641664505004883,14,source_env1_color
1,IRMv1__14__u002__K1__source,source,2,IRMv1,0.0,14,evaluation_color
1,IRMv1__14__u002__K1__counterfactual_red,counterfactual_red,2,IRMv1,0.0,14,evaluation_color
1,IRMv1__14__u002__K1__counterfactual_green,counterfactual_green,2,IRMv1,0.0,14,evaluation_color
1,IRMv1__14__u002__K1__clean_task,clean_task,2,IRMv1,0.0,14,evaluation_color
5,IRMv1__14__u002__K5__source,source,2,IRMv1,0.0,14,evaluation_color
5,IRMv1__14__u002__K5__counterfactual_red,counterfactual_red,2,IRMv1,0.0,14,evaluation_color
5,IRMv1__14__u002__K5__counterfactual_green,counterfactual_green,2,IRMv1,0.0,14,evaluation_color
5,IRMv1__14__u002__K5__clean_task,clean_task,2,IRMv1,0.0,14,evaluation_color
20,IRMv1__14__u002__K20__source,source,2,IRMv1,0.0,14,evaluation_color
20,IRMv1__14__u002__K20__counterfactual_red,counterfactual_red,2,IRMv1,0.0,14,evaluation_color
20,IRMv1__14__u002__K20__counterfactual_green,counterfactual_green,2,IRMv1,0.0,14,evaluation_color
20,IRMv1__14__u002__K20__clean_task,clean_task,2,IRMv1,0.0,14,evaluation_color
1,IRMv1__14__u003__K1__source,source,3,IRMv1,6.460347652435303,14,source_label_noise
1,IRMv1__14__u003__K1__counterfactual_red,counterfactual_red,3,IRMv1,5.407963752746582,14,source_label_noise
1,IRMv1__14__u003__K1__counterfactual_green,counterfactual_green,3,IRMv1,5.552295207977295,14,source_label_noise
1,IRMv1__14__u003__K1__clean_task,clean_task,3,IRMv1,0.6124207377433777,14,source_label_noise
5,IRMv1__14__u003__K5__source,source,3,IRMv1,46.15105056762695,14,source_label_noise
5,IRMv1__14__u003__K5__counterfactual_red,counterfactual_red,3,IRMv1,38.161293029785156,14,source_label_noise
5,IRMv1__14__u003__K5__counterfactual_green,counterfactual_green,3,IRMv1,40.95146942138672,14,source_label_noise
5,IRMv1__14__u003__K5__clean_task,clean_task,3,IRMv1,5.179582118988037,14,source_label_noise
20,IRMv1__14__u003__K20__source,source,3,IRMv1,32.06291961669922,14,source_label_noise
20,IRMv1__14__u003__K20__counterfactual_red,counterfactual_red,3,IRMv1,22.610095977783203,14,source_label_noise
20,IRMv1__14__u003__K20__counterfactual_green,counterfactual_green,3,IRMv1,32.864280700683594,14,source_label_noise
20,IRMv1__14__u003__K20__clean_task,clean_task,3,IRMv1,7.767307758331299,14,source_label_noise
1,IRMv1__14__u004__K1__source,source,4,IRMv1,0.0,14,evaluation_label_noise
1,IRMv1__14__u004__K1__counterfactual_red,counterfactual_red,4,IRMv1,0.0,14,evaluation_label_noise
1,IRMv1__14__u004__K1__counterfactual_green,counterfactual_green,4,IRMv1,0.0,14,evaluation_label_noise
1,IRMv1__14__u004__K1__clean_task,clean_task,4,IRMv1,0.0,14,evaluation_label_noise
5,IRMv1__14__u004__K5__source,source,4,IRMv1,0.0,14,evaluation_label_noise
5,IRMv1__14__u004__K5__counterfactual_red,counterfactual_red,4,IRMv1,0.0,14,evaluation_label_noise
5,IRMv1__14__u004__K5__counterfactual_green,counterfactual_green,4,IRMv1,0.0,14,evaluation_label_noise
5,IRMv1__14__u004__K5__clean_task,clean_task,4,IRMv1,0.0,14,evaluation_label_noise
20,IRMv1__14__u004__K20__source,source,4,IRMv1,0.0,14,evaluation_label_noise
20,IRMv1__14__u004__K20__counterfactual_red,counterfactual_red,4,IRMv1,0.0,14,evaluation_label_noise
20,IRMv1__14__u004__K20__counterfactual_green,counterfactual_green,4,IRMv1,0.0,14,evaluation_label_noise
20,IRMv1__14__u004__K20__clean_task,clean_task,4,IRMv1,0.0,14,evaluation_label_noise
1,IRMv1__14__u005__K1__source,source,-1,IRMv1,0.509793221950531,14,source_color_common
1,IRMv1__14__u005__K1__counterfactual_red,counterfactual_red,-1,IRMv1,0.4863766133785248,14,source_color_common
1,IRMv1__14__u005__K1__counterfactual_green,counterfactual_green,-1,IRMv1,0.3698354959487915,14,source_color_common
1,IRMv1__14__u005__K1__clean_task,clean_task,-1,IRMv1,0.02573762647807598,14,source_color_common
5,IRMv1__14__u005__K5__source,source,-1,IRMv1,2.7299909591674805,14,source_color_common
5,IRMv1__14__u005__K5__counterfactual_red,counterfactual_red,-1,IRMv1,3.134078025817871,14,source_color_common
5,IRMv1__14__u005__K5__counterfactual_green,counterfactual_green,-1,IRMv1,0.4162899851799011,14,source_color_common
5,IRMv1__14__u005__K5__clean_task,clean_task,-1,IRMv1,1.0760512351989746,14,source_color_common
20,IRMv1__14__u005__K20__source,source,-1,IRMv1,12.130951881408691,14,source_color_common
20,IRMv1__14__u005__K20__counterfactual_red,counterfactual_red,-1,IRMv1,13.610543251037598,14,source_color_common
20,IRMv1__14__u005__K20__counterfactual_green,counterfactual_green,-1,IRMv1,4.369731903076172,14,source_color_common
20,IRMv1__14__u005__K20__clean_task,clean_task,-1,IRMv1,3.4128923416137695,14,source_color_common
1,IRMv1__14__u006__K1__source,source,-1,IRMv1,0.24380648136138916,14,source_color_contrast
1,IRMv1__14__u006__K1__counterfactual_red,counterfactual_red,-1,IRMv1,0.2582550346851349,14,source_color_contrast
1,IRMv1__14__u006__K1__counterfactual_green,counterfactual_green,-1,IRMv1,0.12323583662509918,14,source_color_contrast
1,IRMv1__14__u006__K1__clean_task,clean_task,-1,IRMv1,0.04485324025154114,14,source_color_contrast
5,IRMv1__14__u006__K5__source,source,-1,IRMv1,1.2329133749008179,14,source_color_contrast
5,IRMv1__14__u006__K5__counterfactual_red,counterfactual_red,-1,IRMv1,1.3858442306518555,14,source_color_contrast
5,IRMv1__14__u006__K5__counterfactual_green,counterfactual_green,-1,IRMv1,0.3605133295059204,14,source_color_contrast
5,IRMv1__14__u006__K5__clean_task,clean_task,-1,IRMv1,0.38495326042175293,14,source_color_contrast
20,IRMv1__14__u006__K20__source,source,-1,IRMv1,13.24211311340332,14,source_color_contrast
20,IRMv1__14__u006__K20__counterfactual_red,counterfactual_red,-1,IRMv1,13.352825164794922,14,source_color_contrast
20,IRMv1__14__u006__K20__counterfactual_green,counterfactual_green,-1,IRMv1,6.72528600692749,14,source_color_contrast
20,IRMv1__14__u006__K20__clean_task,clean_task,-1,IRMv1,8.518579483032227,14,source_color_contrast
1,IRMv1__14__u007__K1__source,source,-1,IRMv1,0.3604782521724701,14,color_global
1,IRMv1__14__u007__K1__counterfactual_red,counterfactual_red,-1,IRMv1,0.34392020106315613,14,color_global
1,IRMv1__14__u007__K1__counterfactual_green,counterfactual_green,-1,IRMv1,0.2615131735801697,14,color_global
1,IRMv1__14__u007__K1__clean_task,clean_task,-1,IRMv1,0.0181992519646883,14,color_global
5,IRMv1__14__u007__K5__source,source,-1,IRMv1,1.930395245552063,14,color_global
5,IRMv1__14__u007__K5__counterfactual_red,counterfactual_red,-1,IRMv1,2.216127872467041,14,color_global
5,IRMv1__14__u007__K5__counterfactual_green,counterfactual_green,-1,IRMv1,0.2943614721298218,14,color_global
5,IRMv1__14__u007__K5__clean_task,clean_task,-1,IRMv1,0.7608831524848938,14,color_global
20,IRMv1__14__u007__K20__source,source,-1,IRMv1,8.577878952026367,14,color_global
20,IRMv1__14__u007__K20__counterfactual_red,counterfactual_red,-1,IRMv1,9.624107360839844,14,color_global
20,IRMv1__14__u007__K20__counterfactual_green,counterfactual_green,-1,IRMv1,3.089867115020752,14,color_global
20,IRMv1__14__u007__K20__clean_task,clean_task,-1,IRMv1,2.4132795333862305,14,color_global
1,IRMv1__14__u008__K1__source,source,-1,IRMv1,0.3604782521724701,14,color_shift
1,IRMv1__14__u008__K1__counterfactual_red,counterfactual_red,-1,IRMv1,0.34392020106315613,14,color_shift
1,IRMv1__14__u008__K1__counterfactual_green,counterfactual_green,-1,IRMv1,0.2615131735801697,14,color_shift
1,IRMv1__14__u008__K1__clean_task,clean_task,-1,IRMv1,0.0181992519646883,14,color_shift
5,IRMv1__14__u008__K5__source,source,-1,IRMv1,1.930395245552063,14,color_shift
5,IRMv1__14__u008__K5__counterfactual_red,counterfactual_red,-1,IRMv1,2.216127872467041,14,color_shift
5,IRMv1__14__u008__K5__counterfactual_green,counterfactual_green,-1,IRMv1,0.2943614721298218,14,color_shift
5,IRMv1__14__u008__K5__clean_task,clean_task,-1,IRMv1,0.7608831524848938,14,color_shift
20,IRMv1__14__u008__K20__source,source,-1,IRMv1,8.577878952026367,14,color_shift
20,IRMv1__14__u008__K20__counterfactual_red,counterfactual_red,-1,IRMv1,9.624107360839844,14,color_shift
20,IRMv1__14__u008__K20__counterfactual_green,counterfactual_green,-1,IRMv1,3.089867115020752,14,color_shift
20,IRMv1__14__u008__K20__clean_task,clean_task,-1,IRMv1,2.4132795333862305,14,color_shift
1,IRMv1__14__u009__K1__source,source,-1,IRMv1,4.568155288696289,14,noise_global
1,IRMv1__14__u009__K1__counterfactual_red,counterfactual_red,-1,IRMv1,3.824007749557495,14,noise_global
1,IRMv1__14__u009__K1__counterfactual_green,counterfactual_green,-1,IRMv1,3.926065683364868,14,noise_global
1,IRMv1__14__u009__K1__clean_task,clean_task,-1,IRMv1,0.4330468475818634,14,noise_global
5,IRMv1__14__u009__K5__source,source,-1,IRMv1,32.63372039794922,14,noise_global
5,IRMv1__14__u009__K5__counterfactual_red,counterfactual_red,-1,IRMv1,26.984106063842773,14,noise_global
5,IRMv1__14__u009__K5__counterfactual_green,counterfactual_green,-1,IRMv1,28.957059860229492,14,noise_global
5,IRMv1__14__u009__K5__clean_task,clean_task,-1,IRMv1,3.662517547607422,14,noise_global
20,IRMv1__14__u009__K20__source,source,-1,IRMv1,22.67190933227539,14,noise_global
20,IRMv1__14__u009__K20__counterfactual_red,counterfactual_red,-1,IRMv1,15.987751960754395,14,noise_global
20,IRMv1__14__u009__K20__counterfactual_green,counterfactual_green,-1,IRMv1,23.238555908203125,14,noise_global
20,IRMv1__14__u009__K20__clean_task,clean_task,-1,IRMv1,5.492315769195557,14,noise_global
1,IRMv1__14__u010__K1__source,source,-1,IRMv1,4.568155288696289,14,noise_shift
1,IRMv1__14__u010__K1__counterfactual_red,counterfactual_red,-1,IRMv1,3.824007749557495,14,noise_shift
1,IRMv1__14__u010__K1__counterfactual_green,counterfactual_green,-1,IRMv1,3.926065683364868,14,noise_shift
1,IRMv1__14__u010__K1__clean_task,clean_task,-1,IRMv1,0.4330468475818634,14,noise_shift
5,IRMv1__14__u010__K5__source,source,-1,IRMv1,32.63372039794922,14,noise_shift
5,IRMv1__14__u010__K5__counterfactual_red,counterfactual_red,-1,IRMv1,26.984106063842773,14,noise_shift
5,IRMv1__14__u010__K5__counterfactual_green,counterfactual_green,-1,IRMv1,28.957059860229492,14,noise_shift
5,IRMv1__14__u010__K5__clean_task,clean_task,-1,IRMv1,3.662517547607422,14,noise_shift
20,IRMv1__14__u010__K20__source,source,-1,IRMv1,22.67190933227539,14,noise_shift
20,IRMv1__14__u010__K20__counterfactual_red,counterfactual_red,-1,IRMv1,15.987751960754395,14,noise_shift
20,IRMv1__14__u010__K20__counterfactual_green,counterfactual_green,-1,IRMv1,23.238555908203125,14,noise_shift
20,IRMv1__14__u010__K20__clean_task,clean_task,-1,IRMv1,5.492315769195557,14,noise_shift
1,VREX__14__u000__K1__source,source,0,VREX,0.29815879464149475,14,source_env0_color
1,VREX__14__u000__K1__counterfactual_red,counterfactual_red,0,VREX,0.29168951511383057,14,source_env0_color
1,VREX__14__u000__K1__counterfactual_green,counterfactual_green,0,VREX,0.2223072648048401,14,source_env0_color
1,VREX__14__u000__K1__clean_task,clean_task,0,VREX,0.03498696908354759,14,source_env0_color
5,VREX__14__u000__K5__source,source,0,VREX,4.801637172698975,14,source_env0_color
5,VREX__14__u000__K5__counterfactual_red,counterfactual_red,0,VREX,5.199915885925293,14,source_env0_color
5,VREX__14__u000__K5__counterfactual_green,counterfactual_green,0,VREX,2.6919050216674805,14,source_env0_color
5,VREX__14__u000__K5__clean_task,clean_task,0,VREX,0.8244905471801758,14,source_env0_color
20,VREX__14__u000__K20__source,source,0,VREX,3.7788641452789307,14,source_env0_color
20,VREX__14__u000__K20__counterfactual_red,counterfactual_red,0,VREX,2.148590564727783,14,source_env0_color
20,VREX__14__u000__K20__counterfactual_green,counterfactual_green,0,VREX,4.174071311950684,14,source_env0_color
20,VREX__14__u000__K20__clean_task,clean_task,0,VREX,1.43900465965271,14,source_env0_color
1,VREX__14__u001__K1__source,source,1,VREX,0.27938058972358704,14,source_env1_color
1,VREX__14__u001__K1__counterfactual_red,counterfactual_red,1,VREX,0.2742443084716797,14,source_env1_color
1,VREX__14__u001__K1__counterfactual_green,counterfactual_green,1,VREX,0.20723260939121246,14,source_env1_color
1,VREX__14__u001__K1__clean_task,clean_task,1,VREX,0.032643236219882965,14,source_env1_color
5,VREX__14__u001__K5__source,source,1,VREX,4.5366530418396,14,source_env1_color
5,VREX__14__u001__K5__counterfactual_red,counterfactual_red,1,VREX,4.917761325836182,14,source_env1_color
5,VREX__14__u001__K5__counterfactual_green,counterfactual_green,1,VREX,2.5352959632873535,14,source_env1_color
5,VREX__14__u001__K5__clean_task,clean_task,1,VREX,0.7823423743247986,14,source_env1_color
20,VREX__14__u001__K20__source,source,1,VREX,3.6316161155700684,14,source_env1_color
20,VREX__14__u001__K20__counterfactual_red,counterfactual_red,1,VREX,2.1586151123046875,14,source_env1_color
20,VREX__14__u001__K20__counterfactual_green,counterfactual_green,1,VREX,3.9466464519500732,14,source_env1_color
20,VREX__14__u001__K20__clean_task,clean_task,1,VREX,1.3575401306152344,14,source_env1_color
1,VREX__14__u002__K1__source,source,2,VREX,0.0,14,evaluation_color
1,VREX__14__u002__K1__counterfactual_red,counterfactual_red,2,VREX,0.0,14,evaluation_color
1,VREX__14__u002__K1__counterfactual_green,counterfactual_green,2,VREX,0.0,14,evaluation_color
1,VREX__14__u002__K1__clean_task,clean_task,2,VREX,0.0,14,evaluation_color
5,VREX__14__u002__K5__source,source,2,VREX,0.0,14,evaluation_color
5,VREX__14__u002__K5__counterfactual_red,counterfactual_red,2,VREX,0.0,14,evaluation_color
5,VREX__14__u002__K5__counterfactual_green,counterfactual_green,2,VREX,0.0,14,evaluation_color
5,VREX__14__u002__K5__clean_task,clean_task,2,VREX,0.0,14,evaluation_color
20,VREX__14__u002__K20__source,source,2,VREX,0.0,14,evaluation_color
20,VREX__14__u002__K20__counterfactual_red,counterfactual_red,2,VREX,0.0,14,evaluation_color
20,VREX__14__u002__K20__counterfactual_green,counterfactual_green,2,VREX,0.0,14,evaluation_color
20,VREX__14__u002__K20__clean_task,clean_task,2,VREX,0.0,14,evaluation_color
1,VREX__14__u003__K1__source,source,3,VREX,0.04018780589103699,14,source_label_noise
1,VREX__14__u003__K1__counterfactual_red,counterfactual_red,3,VREX,0.012303312309086323,14,source_label_noise
1,VREX__14__u003__K1__counterfactual_green,counterfactual_green,3,VREX,0.050969962030649185,14,source_label_noise
1,VREX__14__u003__K1__clean_task,clean_task,3,VREX,0.028417518362402916,14,source_label_noise
5,VREX__14__u003__K5__source,source,3,VREX,0.31445321440696716,14,source_label_noise
5,VREX__14__u003__K5__counterfactual_red,counterfactual_red,3,VREX,0.33556678891181946,14,source_label_noise
5,VREX__14__u003__K5__counterfactual_green,counterfactual_green,3,VREX,0.22223125398159027,14,source_label_noise
5,VREX__14__u003__K5__clean_task,clean_task,3,VREX,0.04400535672903061,14,source_label_noise
20,VREX__14__u003__K20__source,source,3,VREX,0.9191840887069702,14,source_label_noise
20,VREX__14__u003__K20__counterfactual_red,counterfactual_red,3,VREX,0.25488579273223877,14,source_label_noise
20,VREX__14__u003__K20__counterfactual_green,counterfactual_green,3,VREX,1.1144360303878784,14,source_label_noise
20,VREX__14__u003__K20__clean_task,clean_task,3,VREX,0.6464250087738037,14,source_label_noise
1,VREX__14__u004__K1__source,source,4,VREX,0.0,14,evaluation_label_noise
1,VREX__14__u004__K1__counterfactual_red,counterfactual_red,4,VREX,0.0,14,evaluation_label_noise
1,VREX__14__u004__K1__counterfactual_green,counterfactual_green,4,VREX,0.0,14,evaluation_label_noise
1,VREX__14__u004__K1__clean_task,clean_task,4,VREX,0.0,14,evaluation_label_noise
5,VREX__14__u004__K5__source,source,4,VREX,0.0,14,evaluation_label_noise
5,VREX__14__u004__K5__counterfactual_red,counterfactual_red,4,VREX,0.0,14,evaluation_label_noise
5,VREX__14__u004__K5__counterfactual_green,counterfactual_green,4,VREX,0.0,14,evaluation_label_noise
5,VREX__14__u004__K5__clean_task,clean_task,4,VREX,0.0,14,evaluation_label_noise
20,VREX__14__u004__K20__source,source,4,VREX,0.0,14,evaluation_label_noise
20,VREX__14__u004__K20__counterfactual_red,counterfactual_red,4,VREX,0.0,14,evaluation_label_noise
20,VREX__14__u004__K20__counterfactual_green,counterfactual_green,4,VREX,0.0,14,evaluation_label_noise
20,VREX__14__u004__K20__clean_task,clean_task,4,VREX,0.0,14,evaluation_label_noise
1,VREX__14__u005__K1__source,source,-1,VREX,0.013471309095621109,14,source_color_common
1,VREX__14__u005__K1__counterfactual_red,counterfactual_red,-1,VREX,0.01244575809687376,14,source_color_common
1,VREX__14__u005__K1__counterfactual_green,counterfactual_green,-1,VREX,0.01084031630307436,14,source_color_common
1,VREX__14__u005__K1__clean_task,clean_task,-1,VREX,0.0020569665357470512,14,source_color_common
5,VREX__14__u005__K5__source,source,-1,VREX,0.18836036324501038,14,source_color_common
5,VREX__14__u005__K5__counterfactual_red,counterfactual_red,-1,VREX,0.2004578411579132,14,source_color_common
5,VREX__14__u005__K5__counterfactual_green,counterfactual_green,-1,VREX,0.11135730892419815,14,source_color_common
5,VREX__14__u005__K5__clean_task,clean_task,-1,VREX,0.030566757544875145,14,source_color_common
20,VREX__14__u005__K20__source,source,-1,VREX,0.15658901631832123,14,source_color_common
20,VREX__14__u005__K20__counterfactual_red,counterfactual_red,-1,VREX,0.09235180169343948,14,source_color_common
20,VREX__14__u005__K20__counterfactual_green,counterfactual_green,-1,VREX,0.17048415541648865,14,source_color_common
20,VREX__14__u005__K20__clean_task,clean_task,-1,VREX,0.07739043235778809,14,source_color_common
1,VREX__14__u006__K1__source,source,-1,VREX,0.40837568044662476,14,source_color_contrast
1,VREX__14__u006__K1__counterfactual_red,counterfactual_red,-1,VREX,0.4001722037792206,14,source_color_contrast
1,VREX__14__u006__K1__counterfactual_green,counterfactual_green,-1,VREX,0.30372416973114014,14,source_color_contrast
1,VREX__14__u006__K1__clean_task,clean_task,-1,VREX,0.047806255519390106,14,source_color_contrast
5,VREX__14__u006__K5__source,source,-1,VREX,6.603139877319336,14,source_color_contrast
5,VREX__14__u006__K5__counterfactual_red,counterfactual_red,-1,VREX,7.154252052307129,14,source_color_contrast
5,VREX__14__u006__K5__counterfactual_green,counterfactual_green,-1,VREX,3.6961705684661865,14,source_color_contrast
5,VREX__14__u006__K5__clean_task,clean_task,-1,VREX,1.1361820697784424,14,source_color_contrast
20,VREX__14__u006__K20__source,source,-1,VREX,5.23869514465332,14,source_color_contrast
20,VREX__14__u006__K20__counterfactual_red,counterfactual_red,-1,VREX,3.044261932373047,14,source_color_contrast
20,VREX__14__u006__K20__counterfactual_green,counterfactual_green,-1,VREX,5.741935729980469,14,source_color_contrast
20,VREX__14__u006__K20__clean_task,clean_task,-1,VREX,1.9767802953720093,14,source_color_contrast
1,VREX__14__u007__K1__source,source,-1,VREX,0.009525653906166553,14,color_global
1,VREX__14__u007__K1__counterfactual_red,counterfactual_red,-1,VREX,0.008800480514764786,14,color_global
1,VREX__14__u007__K1__counterfactual_green,counterfactual_green,-1,VREX,0.007665261160582304,14,color_global
1,VREX__14__u007__K1__clean_task,clean_task,-1,VREX,0.0014544951263815165,14,color_global
5,VREX__14__u007__K5__source,source,-1,VREX,0.13319088518619537,14,color_global
5,VREX__14__u007__K5__counterfactual_red,counterfactual_red,-1,VREX,0.14174509048461914,14,color_global
5,VREX__14__u007__K5__counterfactual_green,counterfactual_green,-1,VREX,0.07874150574207306,14,color_global
5,VREX__14__u007__K5__clean_task,clean_task,-1,VREX,0.021613962948322296,14,color_global
20,VREX__14__u007__K20__source,source,-1,VREX,0.11072515696287155,14,color_global
20,VREX__14__u007__K20__counterfactual_red,counterfactual_red,-1,VREX,0.06530258059501648,14,color_global
20,VREX__14__u007__K20__counterfactual_green,counterfactual_green,-1,VREX,0.12055050581693649,14,color_global
20,VREX__14__u007__K20__clean_task,clean_task,-1,VREX,0.05472330376505852,14,color_global
1,VREX__14__u008__K1__source,source,-1,VREX,0.009525653906166553,14,color_shift
1,VREX__14__u008__K1__counterfactual_red,counterfactual_red,-1,VREX,0.008800480514764786,14,color_shift
1,VREX__14__u008__K1__counterfactual_green,counterfactual_green,-1,VREX,0.007665261160582304,14,color_shift
1,VREX__14__u008__K1__clean_task,clean_task,-1,VREX,0.0014544951263815165,14,color_shift
5,VREX__14__u008__K5__source,source,-1,VREX,0.13319088518619537,14,color_shift
5,VREX__14__u008__K5__counterfactual_red,counterfactual_red,-1,VREX,0.14174509048461914,14,color_shift
5,VREX__14__u008__K5__counterfactual_green,counterfactual_green,-1,VREX,0.07874150574207306,14,color_shift
5,VREX__14__u008__K5__clean_task,clean_task,-1,VREX,0.021613962948322296,14,color_shift
20,VREX__14__u008__K20__source,source,-1,VREX,0.11072515696287155,14,color_shift
20,VREX__14__u008__K20__counterfactual_red,counterfactual_red,-1,VREX,0.06530258059501648,14,color_shift
20,VREX__14__u008__K20__counterfactual_green,counterfactual_green,-1,VREX,0.12055050581693649,14,color_shift
20,VREX__14__u008__K20__clean_task,clean_task,-1,VREX,0.05472330376505852,14,color_shift
1,VREX__14__u009__K1__source,source,-1,VREX,0.028417067602276802,14,noise_global
1,VREX__14__u009__K1__counterfactual_red,counterfactual_red,-1,VREX,0.008699755184352398,14,noise_global
1,VREX__14__u009__K1__counterfactual_green,counterfactual_green,-1,VREX,0.03604120388627052,14,noise_global
1,VREX__14__u009__K1__clean_task,clean_task,-1,VREX,0.020094219595193863,14,noise_global
5,VREX__14__u009__K5__source,source,-1,VREX,0.22235199809074402,14,noise_global
5,VREX__14__u009__K5__counterfactual_red,counterfactual_red,-1,VREX,0.23728154599666595,14,noise_global
5,VREX__14__u009__K5__counterfactual_green,counterfactual_green,-1,VREX,0.15714122354984283,14,noise_global
5,VREX__14__u009__K5__clean_task,clean_task,-1,VREX,0.031116487458348274,14,noise_global
20,VREX__14__u009__K20__source,source,-1,VREX,0.6499612927436829,14,noise_global
20,VREX__14__u009__K20__counterfactual_red,counterfactual_red,-1,VREX,0.1802314668893814,14,noise_global
20,VREX__14__u009__K20__counterfactual_green,counterfactual_green,-1,VREX,0.7880252599716187,14,noise_global
20,VREX__14__u009__K20__clean_task,clean_task,-1,VREX,0.4570915102958679,14,noise_global
1,VREX__14__u010__K1__source,source,-1,VREX,0.028417067602276802,14,noise_shift
1,VREX__14__u010__K1__counterfactual_red,counterfactual_red,-1,VREX,0.008699755184352398,14,noise_shift
1,VREX__14__u010__K1__counterfactual_green,counterfactual_green,-1,VREX,0.03604120388627052,14,noise_shift
1,VREX__14__u010__K1__clean_task,clean_task,-1,VREX,0.020094219595193863,14,noise_shift
5,VREX__14__u010__K5__source,source,-1,VREX,0.22235199809074402,14,noise_shift
5,VREX__14__u010__K5__counterfactual_red,counterfactual_red,-1,VREX,0.23728154599666595,14,noise_shift
5,VREX__14__u010__K5__counterfactual_green,counterfactual_green,-1,VREX,0.15714122354984283,14,noise_shift
5,VREX__14__u010__K5__clean_task,clean_task,-1,VREX,0.031116487458348274,14,noise_shift
20,VREX__14__u010__K20__source,source,-1,VREX,0.6499612927436829,14,noise_shift
20,VREX__14__u010__K20__counterfactual_red,counterfactual_red,-1,VREX,0.1802314668893814,14,noise_shift
20,VREX__14__u010__K20__counterfactual_green,counterfactual_green,-1,VREX,0.7880252599716187,14,noise_shift
20,VREX__14__u010__K20__clean_task,clean_task,-1,VREX,0.4570915102958679,14,noise_shift
1,FISHR__14__u000__K1__source,source,0,FISHR,0.1912076771259308,14,source_env0_color
1,FISHR__14__u000__K1__counterfactual_red,counterfactual_red,0,FISHR,0.15829475224018097,14,source_env0_color
1,FISHR__14__u000__K1__counterfactual_green,counterfactual_green,0,FISHR,0.17537088692188263,14,source_env0_color
1,FISHR__14__u000__K1__clean_task,clean_task,0,FISHR,0.02343609556555748,14,source_env0_color
5,FISHR__14__u000__K5__source,source,0,FISHR,2.0547564029693604,14,source_env0_color
5,FISHR__14__u000__K5__counterfactual_red,counterfactual_red,0,FISHR,1.7605786323547363,14,source_env0_color
5,FISHR__14__u000__K5__counterfactual_green,counterfactual_green,0,FISHR,1.8507537841796875,14,source_env0_color
5,FISHR__14__u000__K5__clean_task,clean_task,0,FISHR,0.24237540364265442,14,source_env0_color
20,FISHR__14__u000__K20__source,source,0,FISHR,13.389018058776855,14,source_env0_color
20,FISHR__14__u000__K20__counterfactual_red,counterfactual_red,0,FISHR,11.432061195373535,14,source_env0_color
20,FISHR__14__u000__K20__counterfactual_green,counterfactual_green,0,FISHR,11.760699272155762,14,source_env0_color
20,FISHR__14__u000__K20__clean_task,clean_task,0,FISHR,1.50067937374115,14,source_env0_color
1,FISHR__14__u001__K1__source,source,1,FISHR,0.1613859385251999,14,source_env1_color
1,FISHR__14__u001__K1__counterfactual_red,counterfactual_red,1,FISHR,0.13340012729167938,14,source_env1_color
1,FISHR__14__u001__K1__counterfactual_green,counterfactual_green,1,FISHR,0.14892293512821198,14,source_env1_color
1,FISHR__14__u001__K1__clean_task,clean_task,1,FISHR,0.0203513503074646,14,source_env1_color
5,FISHR__14__u001__K5__source,source,1,FISHR,1.6733601093292236,14,source_env1_color
5,FISHR__14__u001__K5__counterfactual_red,counterfactual_red,1,FISHR,1.4415441751480103,14,source_env1_color
5,FISHR__14__u001__K5__counterfactual_green,counterfactual_green,1,FISHR,1.5090597867965698,14,source_env1_color
5,FISHR__14__u001__K5__clean_task,clean_task,1,FISHR,0.2000390589237213,14,source_env1_color
20,FISHR__14__u001__K20__source,source,1,FISHR,11.741676330566406,14,source_env1_color
20,FISHR__14__u001__K20__counterfactual_red,counterfactual_red,1,FISHR,10.126537322998047,14,source_env1_color
20,FISHR__14__u001__K20__counterfactual_green,counterfactual_green,1,FISHR,10.224735260009766,14,source_env1_color
20,FISHR__14__u001__K20__clean_task,clean_task,1,FISHR,1.3180184364318848,14,source_env1_color
1,FISHR__14__u002__K1__source,source,2,FISHR,0.0,14,evaluation_color
1,FISHR__14__u002__K1__counterfactual_red,counterfactual_red,2,FISHR,0.0,14,evaluation_color
1,FISHR__14__u002__K1__counterfactual_green,counterfactual_green,2,FISHR,0.0,14,evaluation_color
1,FISHR__14__u002__K1__clean_task,clean_task,2,FISHR,0.0,14,evaluation_color
5,FISHR__14__u002__K5__source,source,2,FISHR,0.0,14,evaluation_color
5,FISHR__14__u002__K5__counterfactual_red,counterfactual_red,2,FISHR,0.0,14,evaluation_color
5,FISHR__14__u002__K5__counterfactual_green,counterfactual_green,2,FISHR,0.0,14,evaluation_color
5,FISHR__14__u002__K5__clean_task,clean_task,2,FISHR,0.0,14,evaluation_color
20,FISHR__14__u002__K20__source,source,2,FISHR,0.0,14,evaluation_color
20,FISHR__14__u002__K20__counterfactual_red,counterfactual_red,2,FISHR,0.0,14,evaluation_color
20,FISHR__14__u002__K20__counterfactual_green,counterfactual_green,2,FISHR,0.0,14,evaluation_color
20,FISHR__14__u002__K20__clean_task,clean_task,2,FISHR,0.0,14,evaluation_color
1,FISHR__14__u003__K1__source,source,3,FISHR,0.009278473444283009,14,source_label_noise
1,FISHR__14__u003__K1__counterfactual_red,counterfactual_red,3,FISHR,0.015344401821494102,14,source_label_noise
1,FISHR__14__u003__K1__counterfactual_green,counterfactual_green,3,FISHR,0.008833994157612324,14,source_label_noise
1,FISHR__14__u003__K1__clean_task,clean_task,3,FISHR,0.0062375664710998535,14,source_label_noise
5,FISHR__14__u003__K5__source,source,3,FISHR,0.16564080119132996,14,source_label_noise
5,FISHR__14__u003__K5__counterfactual_red,counterfactual_red,3,FISHR,0.08843991905450821,14,source_label_noise
5,FISHR__14__u003__K5__counterfactual_green,counterfactual_green,3,FISHR,0.1582198441028595,14,source_label_noise
5,FISHR__14__u003__K5__clean_task,clean_task,3,FISHR,0.05534230172634125,14,source_label_noise
20,FISHR__14__u003__K20__source,source,3,FISHR,0.539494514465332,14,source_label_noise
20,FISHR__14__u003__K20__counterfactual_red,counterfactual_red,3,FISHR,0.6236323714256287,14,source_label_noise
20,FISHR__14__u003__K20__counterfactual_green,counterfactual_green,3,FISHR,0.44355863332748413,14,source_label_noise
20,FISHR__14__u003__K20__clean_task,clean_task,3,FISHR,0.30803972482681274,14,source_label_noise
1,FISHR__14__u004__K1__source,source,4,FISHR,0.0,14,evaluation_label_noise
1,FISHR__14__u004__K1__counterfactual_red,counterfactual_red,4,FISHR,0.0,14,evaluation_label_noise
1,FISHR__14__u004__K1__counterfactual_green,counterfactual_green,4,FISHR,0.0,14,evaluation_label_noise
1,FISHR__14__u004__K1__clean_task,clean_task,4,FISHR,0.0,14,evaluation_label_noise
5,FISHR__14__u004__K5__source,source,4,FISHR,0.0,14,evaluation_label_noise
5,FISHR__14__u004__K5__counterfactual_red,counterfactual_red,4,FISHR,0.0,14,evaluation_label_noise
5,FISHR__14__u004__K5__counterfactual_green,counterfactual_green,4,FISHR,0.0,14,evaluation_label_noise
5,FISHR__14__u004__K5__clean_task,clean_task,4,FISHR,0.0,14,evaluation_label_noise
20,FISHR__14__u004__K20__source,source,4,FISHR,0.0,14,evaluation_label_noise
20,FISHR__14__u004__K20__counterfactual_red,counterfactual_red,4,FISHR,0.0,14,evaluation_label_noise
20,FISHR__14__u004__K20__counterfactual_green,counterfactual_green,4,FISHR,0.0,14,evaluation_label_noise
20,FISHR__14__u004__K20__clean_task,clean_task,4,FISHR,0.0,14,evaluation_label_noise
1,FISHR__14__u005__K1__source,source,-1,FISHR,0.02134868875145912,14,source_color_common
1,FISHR__14__u005__K1__counterfactual_red,counterfactual_red,-1,FISHR,0.017810124903917313,14,source_color_common
1,FISHR__14__u005__K1__counterfactual_green,counterfactual_green,-1,FISHR,0.018873004242777824,14,source_color_common
1,FISHR__14__u005__K1__clean_task,clean_task,-1,FISHR,0.002583729103207588,14,source_color_common
5,FISHR__14__u005__K5__source,source,-1,FISHR,0.2702731788158417,14,source_color_common
5,FISHR__14__u005__K5__counterfactual_red,counterfactual_red,-1,FISHR,0.22611050307750702,14,source_color_common
5,FISHR__14__u005__K5__counterfactual_green,counterfactual_green,-1,FISHR,0.24214915931224823,14,source_color_common
5,FISHR__14__u005__K5__clean_task,clean_task,-1,FISHR,0.03154018521308899,14,source_color_common
20,FISHR__14__u005__K20__source,source,-1,FISHR,1.1824623346328735,14,source_color_common
20,FISHR__14__u005__K20__counterfactual_red,counterfactual_red,-1,FISHR,0.9300381541252136,14,source_color_common
20,FISHR__14__u005__K20__counterfactual_green,counterfactual_green,-1,FISHR,1.0994558334350586,14,source_color_common
20,FISHR__14__u005__K20__clean_task,clean_task,-1,FISHR,0.19074130058288574,14,source_color_common
1,FISHR__14__u006__K1__source,source,-1,FISHR,0.2492990642786026,14,source_color_contrast
1,FISHR__14__u006__K1__counterfactual_red,counterfactual_red,-1,FISHR,0.2062416672706604,14,source_color_contrast
1,FISHR__14__u006__K1__counterfactual_green,counterfactual_green,-1,FISHR,0.22929631173610687,14,source_color_contrast
1,FISHR__14__u006__K1__clean_task,clean_task,-1,FISHR,0.030931411311030388,14,source_color_contrast
5,FISHR__14__u006__K5__source,source,-1,FISHR,2.6361165046691895,14,source_color_contrast
5,FISHR__14__u006__K5__counterfactual_red,counterfactual_red,-1,FISHR,2.264190912246704,14,source_color_contrast
5,FISHR__14__u006__K5__counterfactual_green,counterfactual_green,-1,FISHR,2.375692367553711,14,source_color_contrast
5,FISHR__14__u006__K5__clean_task,clean_task,-1,FISHR,0.31267663836479187,14,source_color_contrast
20,FISHR__14__u006__K20__source,source,-1,FISHR,17.7689208984375,14,source_color_contrast
20,FISHR__14__u006__K20__counterfactual_red,counterfactual_red,-1,FISHR,15.243812561035156,14,source_color_contrast
20,FISHR__14__u006__K20__counterfactual_green,counterfactual_green,-1,FISHR,15.545108795166016,14,source_color_contrast
20,FISHR__14__u006__K20__clean_task,clean_task,-1,FISHR,1.9881722927093506,14,source_color_contrast
1,FISHR__14__u007__K1__source,source,-1,FISHR,0.015095802955329418,14,color_global
1,FISHR__14__u007__K1__counterfactual_red,counterfactual_red,-1,FISHR,0.01259366050362587,14,color_global
1,FISHR__14__u007__K1__counterfactual_green,counterfactual_green,-1,FISHR,0.01334522943943739,14,color_global
1,FISHR__14__u007__K1__clean_task,clean_task,-1,FISHR,0.0018269723514094949,14,color_global
5,FISHR__14__u007__K5__source,source,-1,FISHR,0.1911119967699051,14,color_global
5,FISHR__14__u007__K5__counterfactual_red,counterfactual_red,-1,FISHR,0.1598842889070511,14,color_global
5,FISHR__14__u007__K5__counterfactual_green,counterfactual_green,-1,FISHR,0.17122532427310944,14,color_global
5,FISHR__14__u007__K5__clean_task,clean_task,-1,FISHR,0.022302277386188507,14,color_global
20,FISHR__14__u007__K20__source,source,-1,FISHR,0.8361271619796753,14,color_global
20,FISHR__14__u007__K20__counterfactual_red,counterfactual_red,-1,FISHR,0.657636284828186,14,color_global
20,FISHR__14__u007__K20__counterfactual_green,counterfactual_green,-1,FISHR,0.7774326801300049,14,color_global
20,FISHR__14__u007__K20__clean_task,clean_task,-1,FISHR,0.13487446308135986,14,color_global
1,FISHR__14__u008__K1__source,source,-1,FISHR,0.015095802955329418,14,color_shift
1,FISHR__14__u008__K1__counterfactual_red,counterfactual_red,-1,FISHR,0.01259366050362587,14,color_shift
1,FISHR__14__u008__K1__counterfactual_green,counterfactual_green,-1,FISHR,0.01334522943943739,14,color_shift
1,FISHR__14__u008__K1__clean_task,clean_task,-1,FISHR,0.0018269723514094949,14,color_shift
5,FISHR__14__u008__K5__source,source,-1,FISHR,0.1911119967699051,14,color_shift
5,FISHR__14__u008__K5__counterfactual_red,counterfactual_red,-1,FISHR,0.1598842889070511,14,color_shift
5,FISHR__14__u008__K5__counterfactual_green,counterfactual_green,-1,FISHR,0.17122532427310944,14,color_shift
5,FISHR__14__u008__K5__clean_task,clean_task,-1,FISHR,0.022302277386188507,14,color_shift
20,FISHR__14__u008__K20__source,source,-1,FISHR,0.8361271619796753,14,color_shift
20,FISHR__14__u008__K20__counterfactual_red,counterfactual_red,-1,FISHR,0.657636284828186,14,color_shift
20,FISHR__14__u008__K20__counterfactual_green,counterfactual_green,-1,FISHR,0.7774326801300049,14,color_shift
20,FISHR__14__u008__K20__clean_task,clean_task,-1,FISHR,0.13487446308135986,14,color_shift
1,FISHR__14__u009__K1__source,source,-1,FISHR,0.006560871843248606,14,noise_global
1,FISHR__14__u009__K1__counterfactual_red,counterfactual_red,-1,FISHR,0.010850129649043083,14,noise_global
1,FISHR__14__u009__K1__counterfactual_green,counterfactual_green,-1,FISHR,0.006246577017009258,14,noise_global
1,FISHR__14__u009__K1__clean_task,clean_task,-1,FISHR,0.00441062543541193,14,noise_global
5,FISHR__14__u009__K5__source,source,-1,FISHR,0.11712571978569031,14,noise_global
5,FISHR__14__u009__K5__counterfactual_red,counterfactual_red,-1,FISHR,0.06253647059202194,14,noise_global
5,FISHR__14__u009__K5__counterfactual_green,counterfactual_green,-1,FISHR,0.11187832057476044,14,noise_global
5,FISHR__14__u009__K5__clean_task,clean_task,-1,FISHR,0.03913291543722153,14,noise_global
20,FISHR__14__u009__K20__source,source,-1,FISHR,0.38148021697998047,14,noise_global
20,FISHR__14__u009__K20__counterfactual_red,counterfactual_red,-1,FISHR,0.4409746825695038,14,noise_global
20,FISHR__14__u009__K20__counterfactual_green,counterfactual_green,-1,FISHR,0.31364330649375916,14,noise_global
20,FISHR__14__u009__K20__clean_task,clean_task,-1,FISHR,0.21781696379184723,14,noise_global
1,FISHR__14__u010__K1__source,source,-1,FISHR,0.006560871843248606,14,noise_shift
1,FISHR__14__u010__K1__counterfactual_red,counterfactual_red,-1,FISHR,0.010850129649043083,14,noise_shift
1,FISHR__14__u010__K1__counterfactual_green,counterfactual_green,-1,FISHR,0.006246577017009258,14,noise_shift
1,FISHR__14__u010__K1__clean_task,clean_task,-1,FISHR,0.00441062543541193,14,noise_shift
5,FISHR__14__u010__K5__source,source,-1,FISHR,0.11712571978569031,14,noise_shift
5,FISHR__14__u010__K5__counterfactual_red,counterfactual_red,-1,FISHR,0.06253647059202194,14,noise_shift
5,FISHR__14__u010__K5__counterfactual_green,counterfactual_green,-1,FISHR,0.11187832057476044,14,noise_shift
5,FISHR__14__u010__K5__clean_task,clean_task,-1,FISHR,0.03913291543722153,14,noise_shift
20,FISHR__14__u010__K20__source,source,-1,FISHR,0.38148021697998047,14,noise_shift
20,FISHR__14__u010__K20__counterfactual_red,counterfactual_red,-1,FISHR,0.4409746825695038,14,noise_shift
20,FISHR__14__u010__K20__counterfactual_green,counterfactual_green,-1,FISHR,0.31364330649375916,14,noise_shift
20,FISHR__14__u010__K20__clean_task,clean_task,-1,FISHR,0.21781696379184723,14,noise_shift
1,CORAL__14__u000__K1__source,source,0,CORAL,12.967345237731934,14,source_env0_color
1,CORAL__14__u000__K1__counterfactual_red,counterfactual_red,0,CORAL,14.457517623901367,14,source_env0_color
1,CORAL__14__u000__K1__counterfactual_green,counterfactual_green,0,CORAL,9.52092170715332,14,source_env0_color
1,CORAL__14__u000__K1__clean_task,clean_task,0,CORAL,2.9341185092926025,14,source_env0_color
5,CORAL__14__u000__K5__source,source,0,CORAL,111.83394622802734,14,source_env0_color
5,CORAL__14__u000__K5__counterfactual_red,counterfactual_red,0,CORAL,116.48234558105469,14,source_env0_color
5,CORAL__14__u000__K5__counterfactual_green,counterfactual_green,0,CORAL,95.52613067626953,14,source_env0_color
5,CORAL__14__u000__K5__clean_task,clean_task,0,CORAL,17.07988166809082,14,source_env0_color
20,CORAL__14__u000__K20__source,source,0,CORAL,78.44908905029297,14,source_env0_color
20,CORAL__14__u000__K20__counterfactual_red,counterfactual_red,0,CORAL,91.4477767944336,14,source_env0_color
20,CORAL__14__u000__K20__counterfactual_green,counterfactual_green,0,CORAL,62.51836395263672,14,source_env0_color
20,CORAL__14__u000__K20__clean_task,clean_task,0,CORAL,22.51706886291504,14,source_env0_color
1,CORAL__14__u001__K1__source,source,1,CORAL,12.853256225585938,14,source_env1_color
1,CORAL__14__u001__K1__counterfactual_red,counterfactual_red,1,CORAL,14.643595695495605,14,source_env1_color
1,CORAL__14__u001__K1__counterfactual_green,counterfactual_green,1,CORAL,8.997776985168457,14,source_env1_color
1,CORAL__14__u001__K1__clean_task,clean_task,1,CORAL,3.2376863956451416,14,source_env1_color
5,CORAL__14__u001__K5__source,source,1,CORAL,111.40660095214844,14,source_env1_color
5,CORAL__14__u001__K5__counterfactual_red,counterfactual_red,1,CORAL,115.4469985961914,14,source_env1_color
5,CORAL__14__u001__K5__counterfactual_green,counterfactual_green,1,CORAL,95.8571548461914,14,source_env1_color
5,CORAL__14__u001__K5__clean_task,clean_task,1,CORAL,16.340618133544922,14,source_env1_color
20,CORAL__14__u001__K20__source,source,1,CORAL,80.23876190185547,14,source_env1_color
20,CORAL__14__u001__K20__counterfactual_red,counterfactual_red,1,CORAL,93.09501647949219,14,source_env1_color
20,CORAL__14__u001__K20__counterfactual_green,counterfactual_green,1,CORAL,61.89966583251953,14,source_env1_color
20,CORAL__14__u001__K20__clean_task,clean_task,1,CORAL,27.431371688842773,14,source_env1_color
1,CORAL__14__u002__K1__source,source,2,CORAL,0.0,14,evaluation_color
1,CORAL__14__u002__K1__counterfactual_red,counterfactual_red,2,CORAL,0.0,14,evaluation_color
1,CORAL__14__u002__K1__counterfactual_green,counterfactual_green,2,CORAL,0.0,14,evaluation_color
1,CORAL__14__u002__K1__clean_task,clean_task,2,CORAL,0.0,14,evaluation_color
5,CORAL__14__u002__K5__source,source,2,CORAL,0.0,14,evaluation_color
5,CORAL__14__u002__K5__counterfactual_red,counterfactual_red,2,CORAL,0.0,14,evaluation_color
5,CORAL__14__u002__K5__counterfactual_green,counterfactual_green,2,CORAL,0.0,14,evaluation_color
5,CORAL__14__u002__K5__clean_task,clean_task,2,CORAL,0.0,14,evaluation_color
20,CORAL__14__u002__K20__source,source,2,CORAL,0.0,14,evaluation_color
20,CORAL__14__u002__K20__counterfactual_red,counterfactual_red,2,CORAL,0.0,14,evaluation_color
20,CORAL__14__u002__K20__counterfactual_green,counterfactual_green,2,CORAL,0.0,14,evaluation_color
20,CORAL__14__u002__K20__clean_task,clean_task,2,CORAL,0.0,14,evaluation_color
1,CORAL__14__u003__K1__source,source,3,CORAL,3.1873323917388916,14,source_label_noise
1,CORAL__14__u003__K1__counterfactual_red,counterfactual_red,3,CORAL,5.362419605255127,14,source_label_noise
1,CORAL__14__u003__K1__counterfactual_green,counterfactual_green,3,CORAL,1.797333002090454,14,source_label_noise
1,CORAL__14__u003__K1__clean_task,clean_task,3,CORAL,2.2919535636901855,14,source_label_noise
5,CORAL__14__u003__K5__source,source,3,CORAL,23.4444580078125,14,source_label_noise
5,CORAL__14__u003__K5__counterfactual_red,counterfactual_red,3,CORAL,44.56328582763672,14,source_label_noise
5,CORAL__14__u003__K5__counterfactual_green,counterfactual_green,3,CORAL,19.858335494995117,14,source_label_noise
5,CORAL__14__u003__K5__clean_task,clean_task,3,CORAL,19.864643096923828,14,source_label_noise
20,CORAL__14__u003__K20__source,source,3,CORAL,92.84661102294922,14,source_label_noise
20,CORAL__14__u003__K20__counterfactual_red,counterfactual_red,3,CORAL,87.60602569580078,14,source_label_noise
20,CORAL__14__u003__K20__counterfactual_green,counterfactual_green,3,CORAL,85.63935089111328,14,source_label_noise
20,CORAL__14__u003__K20__clean_task,clean_task,3,CORAL,77.10480499267578,14,source_label_noise
1,CORAL__14__u004__K1__source,source,4,CORAL,0.0,14,evaluation_label_noise
1,CORAL__14__u004__K1__counterfactual_red,counterfactual_red,4,CORAL,0.0,14,evaluation_label_noise
1,CORAL__14__u004__K1__counterfactual_green,counterfactual_green,4,CORAL,0.0,14,evaluation_label_noise
1,CORAL__14__u004__K1__clean_task,clean_task,4,CORAL,0.0,14,evaluation_label_noise
5,CORAL__14__u004__K5__source,source,4,CORAL,0.0,14,evaluation_label_noise
5,CORAL__14__u004__K5__counterfactual_red,counterfactual_red,4,CORAL,0.0,14,evaluation_label_noise
5,CORAL__14__u004__K5__counterfactual_green,counterfactual_green,4,CORAL,0.0,14,evaluation_label_noise
5,CORAL__14__u004__K5__clean_task,clean_task,4,CORAL,0.0,14,evaluation_label_noise
20,CORAL__14__u004__K20__source,source,4,CORAL,0.0,14,evaluation_label_noise
20,CORAL__14__u004__K20__counterfactual_red,counterfactual_red,4,CORAL,0.0,14,evaluation_label_noise
20,CORAL__14__u004__K20__counterfactual_green,counterfactual_green,4,CORAL,0.0,14,evaluation_label_noise
20,CORAL__14__u004__K20__clean_task,clean_task,4,CORAL,0.0,14,evaluation_label_noise
1,CORAL__14__u005__K1__source,source,-1,CORAL,18.254962921142578,14,source_color_common
1,CORAL__14__u005__K1__counterfactual_red,counterfactual_red,-1,CORAL,20.5765380859375,14,source_color_common
1,CORAL__14__u005__K1__counterfactual_green,counterfactual_green,-1,CORAL,13.093878746032715,14,source_color_common
1,CORAL__14__u005__K1__clean_task,clean_task,-1,CORAL,4.361982822418213,14,source_color_common
5,CORAL__14__u005__K5__source,source,-1,CORAL,157.8460693359375,14,source_color_common
5,CORAL__14__u005__K5__counterfactual_red,counterfactual_red,-1,CORAL,163.98056030273438,14,source_color_common
5,CORAL__14__u005__K5__counterfactual_green,counterfactual_green,-1,CORAL,135.32208251953125,14,source_color_common
5,CORAL__14__u005__K5__clean_task,clean_task,-1,CORAL,23.619585037231445,14,source_color_common
20,CORAL__14__u005__K20__source,source,-1,CORAL,112.14363098144531,14,source_color_common
20,CORAL__14__u005__K20__counterfactual_red,counterfactual_red,-1,CORAL,130.43463134765625,14,source_color_common
20,CORAL__14__u005__K20__counterfactual_green,counterfactual_green,-1,CORAL,87.87187957763672,14,source_color_common
20,CORAL__14__u005__K20__clean_task,clean_task,-1,CORAL,35.22231674194336,14,source_color_common
1,CORAL__14__u006__K1__source,source,-1,CORAL,0.33846890926361084,14,source_color_contrast
1,CORAL__14__u006__K1__counterfactual_red,counterfactual_red,-1,CORAL,0.2465139627456665,14,source_color_contrast
1,CORAL__14__u006__K1__counterfactual_green,counterfactual_green,-1,CORAL,0.3978375196456909,14,source_color_contrast
1,CORAL__14__u006__K1__clean_task,clean_task,-1,CORAL,0.25449612736701965,14,source_color_contrast
5,CORAL__14__u006__K5__source,source,-1,CORAL,1.6968411207199097,14,source_color_contrast
5,CORAL__14__u006__K5__counterfactual_red,counterfactual_red,-1,CORAL,2.5535190105438232,14,source_color_contrast
5,CORAL__14__u006__K5__counterfactual_green,counterfactual_green,-1,CORAL,1.3303605318069458,14,source_color_contrast
5,CORAL__14__u006__K5__clean_task,clean_task,-1,CORAL,0.9237666130065918,14,source_color_contrast
20,CORAL__14__u006__K20__source,source,-1,CORAL,4.04046630859375,14,source_color_contrast
20,CORAL__14__u006__K20__counterfactual_red,counterfactual_red,-1,CORAL,4.023049354553223,14,source_color_contrast
20,CORAL__14__u006__K20__counterfactual_green,counterfactual_green,-1,CORAL,4.31819486618042,14,source_color_contrast
20,CORAL__14__u006__K20__clean_task,clean_task,-1,CORAL,4.345896244049072,14,source_color_contrast
1,CORAL__14__u007__K1__source,source,-1,CORAL,12.908207893371582,14,color_global
1,CORAL__14__u007__K1__counterfactual_red,counterfactual_red,-1,CORAL,14.549810409545898,14,color_global
1,CORAL__14__u007__K1__counterfactual_green,counterfactual_green,-1,CORAL,9.258770942687988,14,color_global
1,CORAL__14__u007__K1__clean_task,clean_task,-1,CORAL,3.0843875408172607,14,color_global
5,CORAL__14__u007__K5__source,source,-1,CORAL,111.61402893066406,14,color_global
5,CORAL__14__u007__K5__counterfactual_red,counterfactual_red,-1,CORAL,115.95176696777344,14,color_global
5,CORAL__14__u007__K5__counterfactual_green,counterfactual_green,-1,CORAL,95.68716430664062,14,color_global
5,CORAL__14__u007__K5__clean_task,clean_task,-1,CORAL,16.701568603515625,14,color_global
20,CORAL__14__u007__K20__source,source,-1,CORAL,79.29752349853516,14,color_global
20,CORAL__14__u007__K20__counterfactual_red,counterfactual_red,-1,CORAL,92.23121643066406,14,color_global
20,CORAL__14__u007__K20__counterfactual_green,counterfactual_green,-1,CORAL,62.134803771972656,14,color_global
20,CORAL__14__u007__K20__clean_task,clean_task,-1,CORAL,24.905941009521484,14,color_global
1,CORAL__14__u008__K1__source,source,-1,CORAL,12.908207893371582,14,color_shift
1,CORAL__14__u008__K1__counterfactual_red,counterfactual_red,-1,CORAL,14.549810409545898,14,color_shift
1,CORAL__14__u008__K1__counterfactual_green,counterfactual_green,-1,CORAL,9.258770942687988,14,color_shift
1,CORAL__14__u008__K1__clean_task,clean_task,-1,CORAL,3.0843875408172607,14,color_shift
5,CORAL__14__u008__K5__source,source,-1,CORAL,111.61402893066406,14,color_shift
5,CORAL__14__u008__K5__counterfactual_red,counterfactual_red,-1,CORAL,115.95176696777344,14,color_shift
5,CORAL__14__u008__K5__counterfactual_green,counterfactual_green,-1,CORAL,95.68716430664062,14,color_shift
5,CORAL__14__u008__K5__clean_task,clean_task,-1,CORAL,16.701568603515625,14,color_shift
20,CORAL__14__u008__K20__source,source,-1,CORAL,79.29752349853516,14,color_shift
20,CORAL__14__u008__K20__counterfactual_red,counterfactual_red,-1,CORAL,92.23121643066406,14,color_shift
20,CORAL__14__u008__K20__counterfactual_green,counterfactual_green,-1,CORAL,62.134803771972656,14,color_shift
20,CORAL__14__u008__K20__clean_task,clean_task,-1,CORAL,24.905941009521484,14,color_shift
1,CORAL__14__u009__K1__source,source,-1,CORAL,2.2537841796875,14,noise_global
1,CORAL__14__u009__K1__counterfactual_red,counterfactual_red,-1,CORAL,3.7918031215667725,14,noise_global
1,CORAL__14__u009__K1__counterfactual_green,counterfactual_green,-1,CORAL,1.2709063291549683,14,noise_global
1,CORAL__14__u009__K1__clean_task,clean_task,-1,CORAL,1.62065589427948,14,noise_global
5,CORAL__14__u009__K5__source,source,-1,CORAL,16.577733993530273,14,noise_global
5,CORAL__14__u009__K5__counterfactual_red,counterfactual_red,-1,CORAL,31.51099967956543,14,noise_global
5,CORAL__14__u009__K5__counterfactual_green,counterfactual_green,-1,CORAL,14.041962623596191,14,noise_global
5,CORAL__14__u009__K5__clean_task,clean_task,-1,CORAL,14.04642391204834,14,noise_global
20,CORAL__14__u009__K20__source,source,-1,CORAL,65.6524658203125,14,noise_global
20,CORAL__14__u009__K20__counterfactual_red,counterfactual_red,-1,CORAL,61.94681167602539,14,noise_global
20,CORAL__14__u009__K20__counterfactual_green,counterfactual_green,-1,CORAL,60.5561637878418,14,noise_global
20,CORAL__14__u009__K20__clean_task,clean_task,-1,CORAL,54.52132797241211,14,noise_global
1,CORAL__14__u010__K1__source,source,-1,CORAL,2.2537841796875,14,noise_shift
1,CORAL__14__u010__K1__counterfactual_red,counterfactual_red,-1,CORAL,3.7918031215667725,14,noise_shift
1,CORAL__14__u010__K1__counterfactual_green,counterfactual_green,-1,CORAL,1.2709063291549683,14,noise_shift
1,CORAL__14__u010__K1__clean_task,clean_task,-1,CORAL,1.62065589427948,14,noise_shift
5,CORAL__14__u010__K5__source,source,-1,CORAL,16.577733993530273,14,noise_shift
5,CORAL__14__u010__K5__counterfactual_red,counterfactual_red,-1,CORAL,31.51099967956543,14,noise_shift
5,CORAL__14__u010__K5__counterfactual_green,counterfactual_green,-1,CORAL,14.041962623596191,14,noise_shift
5,CORAL__14__u010__K5__clean_task,clean_task,-1,CORAL,14.04642391204834,14,noise_shift
20,CORAL__14__u010__K20__source,source,-1,CORAL,65.6524658203125,14,noise_shift
20,CORAL__14__u010__K20__counterfactual_red,counterfactual_red,-1,CORAL,61.94681167602539,14,noise_shift
20,CORAL__14__u010__K20__counterfactual_green,counterfactual_green,-1,CORAL,60.5561637878418,14,noise_shift
20,CORAL__14__u010__K20__clean_task,clean_task,-1,CORAL,54.52132797241211,14,noise_shift
