C_operator_norm,E_frobenius_norm,E_operator_norm,K_operator_norm,R_info,benchmark,dim_ker_O_S,family_config,family_constant_feature,feature_source,g_norm,lambda,method,missing_feature_reason,parameter_displacement_from_erm,pi_frobenius_norm,pi_operator_norm,primary_feature_leakage_pass,rank_A_irr,rank_O_S,regularizer_value,rho_slack,seed,slack_margin,source_objective,source_risk,training_run_id,uses_target_outcome_for_feature_construction,uses_target_outcome_for_threshold_selection,uses_target_samples_for_selection,uses_target_samples_for_training,z0_norm
17972.654232669647,14.721670918892913,14.721668850716792,901.9330745797066,0.0,cmnist,0.0,declared_source_target_coupled_correlation,False,repair_evidence_gate_task1_task2,0.6204281640563158,0.001,IRMV1,unavailable_frozen_artifact:rank_O_S,0.001687644841621,2.2457560867306032,8776.880233677526,True,0,nan,0.07280983681694878,inf,0,216.72753375016524,3.112766440159589,3.112693630322772,cmnist|declared_source_target_coupled_correlation|IRMV1|0.001|0,False,False,False,False,0.00034725545725120975
18423.269283691297,10.101985091823241,10.101982479440082,1301.1121344681676,0.0,cmnist,0.0,declared_source_target_coupled_correlation,False,repair_evidence_gate_task1_task2,0.8452743677657489,0.001,IRMV1,unavailable_frozen_artifact:rank_O_S,0.002607920768057129,2.241733489937928,7544.547696150312,True,0,nan,0.10909110045895647,inf,1,102.0500500149144,2.929480328062663,2.9293712369622043,cmnist|declared_source_target_coupled_correlation|IRMV1|0.001|1,False,False,False,False,0.00035705448082928816
16704.829110037397,9.58709849229922,9.587095215523918,909.8014650324498,0.0,cmnist,0.0,declared_source_target_coupled_correlation,False,repair_evidence_gate_task1_task2,0.862085235509126,0.001,IRMV1,unavailable_frozen_artifact:rank_O_S,0.0036366834279526502,2.434401473392918,12536.294151258246,True,0,nan,0.15748428008821896,inf,2,91.91239467152161,2.9605248322666786,2.9603673479865904,cmnist|declared_source_target_coupled_correlation|IRMV1|0.001|2,False,False,False,False,0.00038946545397537284
11896.97071711309,9.012060166140678,9.012056438831218,1065.9601096905867,0.0,cmnist,0.0,declared_source_target_coupled_correlation,False,repair_evidence_gate_task1_task2,1.0164148782434466,0.001,IRMV1,unavailable_frozen_artifact:rank_O_S,0.0034203086049537017,2.877513089519491,7747.762918231106,True,0,nan,0.1435434799876925,inf,3,81.21716125667923,3.373479562294662,3.3733360188146744,cmnist|declared_source_target_coupled_correlation|IRMV1|0.001|3,False,False,False,False,0.0004034468105031354
8968.513685271671,11.618039678836997,11.618038756825245,1229.5752827135766,0.0,cmnist,0.0,declared_source_target_coupled_correlation,False,repair_evidence_gate_task1_task2,0.7040922058526096,0.001,IRMV1,unavailable_frozen_artifact:rank_O_S,0.0018562521031067886,3.6771290575470035,3798.6807495031735,True,0,nan,0.11597724279632932,inf,4,134.97882455509352,3.8242722034656276,3.824156226222831,cmnist|declared_source_target_coupled_correlation|IRMV1|0.001|4,False,False,False,False,0.00026258487407840493
17980.352449015292,14.718675186881772,14.718454185789724,901.0925025805429,0.0,cmnist,0.0,declared_source_target_coupled_correlation,False,repair_evidence_gate_task1_task2,0.537757553865387,0.01,IRMV1,unavailable_frozen_artifact:rank_O_S,0.017103805269594183,2.2391832186102723,8785.571680553268,True,0,nan,0.07175726974770111,inf,0,216.63289361919132,3.1134169604042317,3.112699387706755,cmnist|declared_source_target_coupled_correlation|IRMV1|0.01|0,False,False,False,False,0.0034110635187411106
18434.37911844175,10.099778236183049,10.09948871137475,1299.6478965646709,0.0,cmnist,0.0,declared_source_target_coupled_correlation,False,repair_evidence_gate_task1_task2,0.70000627325507,0.01,IRMV1,unavailable_frozen_artifact:rank_O_S,0.026319586602258863,2.236472564650553,7550.181856626105,True,0,nan,0.10799856930510385,inf,1,101.99967223118607,2.9304571837450797,2.9293771980520287,cmnist|declared_source_target_coupled_correlation|IRMV1|0.01|1,False,False,False,False,0.003471263104937664
16724.124768830065,9.586271851641234,9.585924829375543,908.5515414262735,0.0,cmnist,0.0,declared_source_target_coupled_correlation,False,repair_evidence_gate_task1_task2,0.680313129778149,0.01,IRMV1,unavailable_frozen_artifact:rank_O_S,0.03688956770424728,2.431529378581433,12549.754830667043,True,0,nan,0.1562321024749393,inf,2,91.88995483443858,2.961936461713019,2.9603741406882698,cmnist|declared_source_target_coupled_correlation|IRMV1|0.01|2,False,False,False,False,0.0037063576056520623
11906.251743140276,9.01112469576757,9.010719007291044,1064.3992804771062,0.0,cmnist,0.0,declared_source_target_coupled_correlation,False,repair_evidence_gate_task1_task2,0.837707184766049,0.01,IRMV1,unavailable_frozen_artifact:rank_O_S,0.034424424609313796,2.8751288739333485,7753.910812354485,True,0,nan,0.14217522172768537,inf,3,81.19305702835604,3.374765214095223,3.373343461877946,cmnist|declared_source_target_coupled_correlation|IRMV1|0.01|3,False,False,False,False,0.0038792906422990287
8980.764793422812,11.62017824743285,11.620071045656054,1228.3368821577355,0.0,cmnist,0.0,declared_source_target_coupled_correlation,False,repair_evidence_gate_task1_task2,0.5252526907966022,0.01,IRMV1,unavailable_frozen_artifact:rank_O_S,0.018999375221748202,3.6814143389336906,3803.1840540704593,True,0,nan,0.11543070348992007,inf,4,135.02605110609414,3.825313477185884,3.8241591701509847,cmnist|declared_source_target_coupled_correlation|IRMV1|0.01|4,False,False,False,False,0.002440657109355729
18078.091486991172,14.724413285034608,14.704828920221711,895.4978097204189,0.0,cmnist,0.0,declared_source_target_coupled_correlation,False,repair_evidence_gate_task1_task2,0.4407151808019529,0.1,IRMV1,unavailable_frozen_artifact:rank_O_S,0.1654045091487074,2.3183931427766615,8903.902428044887,True,0,nan,0.06220531198254145,inf,0,216.23199357298878,3.119433998820158,3.113213467621904,cmnist|declared_source_target_coupled_correlation|IRMV1|0.1|0,False,False,False,False,0.03224585530882689
18582.475158433077,10.125303058497305,10.09621296882779,1290.828771726659,0.0,cmnist,0.0,declared_source_target_coupled_correlation,False,repair_evidence_gate_task1_task2,0.5526412893047835,0.1,IRMV1,unavailable_frozen_artifact:rank_O_S,0.2592866447838253,2.3387842096179656,7661.20136524829,True,0,nan,0.09785645888855957,inf,1,101.93351631192647,2.939713635618279,2.929927989729423,cmnist|declared_source_target_coupled_correlation|IRMV1|0.1|1,False,False,False,False,0.03337114056074869
16972.414331357977,9.633505783668934,9.596723186628841,901.78856997647,0.0,cmnist,0.0,declared_source_target_coupled_correlation,False,repair_evidence_gate_task1_task2,0.5073841443032661,0.1,IRMV1,unavailable_frozen_artifact:rank_O_S,0.369706873011807,2.5679409536543467,12812.228569583229,True,0,nan,0.14461615721555462,inf,2,92.09709592077965,2.975470279921594,2.9610086642000386,cmnist|declared_source_target_coupled_correlation|IRMV1|0.1|2,False,False,False,False,0.03581597562920432
12037.443170870072,9.065516534095224,9.02363295746587,1054.966819734404,0.0,cmnist,0.0,declared_source_target_coupled_correlation,False,repair_evidence_gate_task1_task2,0.6597282785086458,0.1,IRMV1,unavailable_frozen_artifact:rank_O_S,0.34016024872490214,3.000647149128995,7895.294289351827,True,0,nan,0.12948017744817503,inf,3,81.42595175106428,3.3869829910237805,3.374034973278963,cmnist|declared_source_target_coupled_correlation|IRMV1|0.1|3,False,False,False,False,0.03739079696813577
9128.285254891796,11.671149192134628,11.658382018712068,1222.5689557782737,0.0,cmnist,0.0,declared_source_target_coupled_correlation,False,repair_evidence_gate_task1_task2,0.34990397025343256,0.1,IRMV1,unavailable_frozen_artifact:rank_O_S,0.1935398802127323,3.7706375809239203,3876.25428460877,True,0,nan,0.11046206696435594,inf,4,135.91787129422897,3.8354774624287105,3.824431255732275,cmnist|declared_source_target_coupled_correlation|IRMV1|0.1|4,False,False,False,False,0.023454806963496225
4.0357915252418696e-11,14.776823364929598,14.776823364929601,1.0000000000150306,0.0,cmnist,0.0,declared_source_target_coupled_correlation,False,repair_evidence_gate_task1_task2,14.438350379232046,0.001,L2,unavailable_frozen_artifact:rank_O_S,3.371961025157685,2.3841767762795323,4913.449833028501,True,0,nan,104.2329808367351,inf,0,218.35450875832944,3.2366591361102772,3.132426155273542,cmnist|declared_source_target_coupled_correlation|L2|0.001|0,False,False,False,False,0.1986584266721884
1.9229626863835637e-11,10.139516212959808,10.139516212959808,1.0000000000154463,0.0,cmnist,0.0,declared_source_target_coupled_correlation,False,repair_evidence_gate_task1_task2,13.770600833291486,0.001,L2,unavailable_frozen_artifact:rank_O_S,2.7223144918300592,2.3039903497603773,4440.78813515777,True,0,nan,94.81472365492408,inf,1,102.80978903287479,3.0386551293220982,2.9438404056671743,cmnist|declared_source_target_coupled_correlation|L2|0.001|1,False,False,False,False,0.1701130944338808
4.3000645344437934e-11,9.613157816765522,9.613157816765524,1.0000000000154763,0.0,cmnist,0.0,declared_source_target_coupled_correlation,False,repair_evidence_gate_task1_task2,13.317155161361406,0.001,L2,unavailable_frozen_artifact:rank_O_S,4.052345623314528,2.467620934556886,5765.4660312314745,True,0,nan,88.67331079588737,inf,2,92.41280321004011,3.0697178768525046,2.9810445660566174,cmnist|declared_source_target_coupled_correlation|L2|0.001|2,False,False,False,False,0.20335827453880156
3.14018491736755e-11,9.036595255575984,9.036595255575984,1.0000000000101166,0.0,cmnist,0.0,declared_source_target_coupled_correlation,False,repair_evidence_gate_task1_task2,11.621912566679537,0.001,L2,unavailable_frozen_artifact:rank_O_S,2.33422920156811,2.895121730338418,4255.591826158451,True,0,nan,67.53442585377188,inf,3,81.66005381309837,3.4511776073900062,3.3836431815362342,cmnist|declared_source_target_coupled_correlation|L2|0.001|3,False,False,False,False,0.14357746415245126
1.0749688212373145e-11,11.626780607456377,11.626780607456377,1.0000000000068785,0.0,cmnist,0.0,declared_source_target_coupled_correlation,False,repair_evidence_gate_task1_task2,10.038733688787282,0.001,L2,unavailable_frozen_artifact:rank_O_S,1.4898075723486162,3.6634124553117675,2544.9707417421378,True,0,nan,50.388087037196364,inf,4,135.18202729392374,3.8806436072591572,3.830255520221961,cmnist|declared_source_target_coupled_correlation|L2|0.001|4,False,False,False,False,0.11044753029867904
7.850462293418874e-12,15.00481604598816,15.004816045988163,1.0000000000066365,0.0,cmnist,0.0,declared_source_target_coupled_correlation,False,repair_evidence_gate_task1_task2,7.69533391336581,0.01,L2,unavailable_frozen_artifact:rank_O_S,11.090360224534177,2.839178611074527,664.8597958495546,True,0,nan,29.609082019098977,inf,0,225.14450457394383,3.7001648148612456,3.404073994670256,cmnist|declared_source_target_coupled_correlation|L2|0.01|0,False,False,False,False,0.7633877450426604
1.9229626863835637e-11,10.291942292313962,10.29194229231396,1.0000000000154117,0.0,cmnist,0.0,declared_source_target_coupled_correlation,False,repair_evidence_gate_task1_task2,8.013411599479882,0.01,L2,unavailable_frozen_artifact:rank_O_S,9.455556758483304,2.532744502265655,674.7110822548832,True,0,nan,32.10738273133936,inf,1,105.92407614832081,3.503682636087739,3.1826088087743454,cmnist|declared_source_target_coupled_correlation|L2|0.01|1,False,False,False,False,0.7116707603324699
2.254910261093374e-11,9.6879840403006,9.6879840403006,1.000000000008047,0.0,cmnist,0.0,declared_source_target_coupled_correlation,False,repair_evidence_gate_task1_task2,7.1901131282590605,0.01,L2,unavailable_frozen_artifact:rank_O_S,11.352008393338933,2.53344098663005,649.1096100586387,True,0,nan,25.84886339858165,inf,2,93.85703476511915,3.458634608455146,3.2001459744693292,cmnist|declared_source_target_coupled_correlation|L2|0.01|2,False,False,False,False,0.6925008336809687
2.0014830212433604e-11,9.168428934501613,9.168428934501613,1.0000000000118903,0.0,cmnist,0.0,declared_source_target_coupled_correlation,False,repair_evidence_gate_task1_task2,7.032583947097147,0.01,L2,unavailable_frozen_artifact:rank_O_S,7.990907214890976,3.0189870931614027,610.3639189099619,True,0,nan,24.728618486484248,inf,3,84.06008912700635,3.7917086698146782,3.544422484949836,cmnist|declared_source_target_coupled_correlation|L2|0.01|3,False,False,False,False,0.5849556351037603
9.007156365229844e-12,11.681095529276202,11.681095529276204,1.0000000000071485,0.0,cmnist,0.0,declared_source_target_coupled_correlation,False,repair_evidence_gate_task1_task2,6.217297707854953,0.01,L2,unavailable_frozen_artifact:rank_O_S,6.160568124156134,3.649962934425086,493.7088126403471,True,0,nan,19.327395394049226,inf,4,136.44799276407656,4.144394206124689,3.9511202521841966,cmnist|declared_source_target_coupled_correlation|L2|0.01|4,False,False,False,False,0.5039128107852993
5.0037075531084e-12,15.351080277296195,15.351080277296198,1.0000000000065523,0.0,cmnist,0.0,declared_source_target_coupled_correlation,False,repair_evidence_gate_task1_task2,4.016016645391966,0.1,L2,unavailable_frozen_artifact:rank_O_S,15.779414807171635,3.447268549743381,41.73996077663494,True,0,nan,8.06419484803267,inf,0,235.65566567999218,4.760315616121333,3.953896131318066,cmnist|declared_source_target_coupled_correlation|L2|0.1|0,False,False,False,False,1.2970756040327491
5.564702806501315e-12,10.37794381608025,10.377943816080252,1.0000000000066553,0.0,cmnist,0.0,declared_source_target_coupled_correlation,False,repair_evidence_gate_task1_task2,4.117711793481905,0.1,L2,unavailable_frozen_artifact:rank_O_S,14.227563328116055,2.6874538185647037,42.610584362240324,True,0,nan,8.477775207089982,inf,1,107.7017178497184,4.665605309634351,3.817827788925353,cmnist|declared_source_target_coupled_correlation|L2|0.1|1,False,False,False,False,1.333009089021607
7.97218214573518e-12,9.426392928826287,9.426392928826287,1.0000000000066571,0.0,cmnist,0.0,declared_source_target_coupled_correlation,False,repair_evidence_gate_task1_task2,4.060224458413695,0.1,L2,unavailable_frozen_artifact:rank_O_S,15.222852444470137,2.2358197333024767,42.40864004299167,True,0,nan,8.242711326350394,inf,2,88.8568836486262,4.491054482043881,3.666783349408842,cmnist|declared_source_target_coupled_correlation|L2|0.1|2,False,False,False,False,1.188626162646545
2.3387854528976762e-11,9.216475406474416,9.216475406474418,1.0000000000087141,0.0,cmnist,0.0,declared_source_target_coupled_correlation,False,repair_evidence_gate_task1_task2,4.035474288261835,0.1,L2,unavailable_frozen_artifact:rank_O_S,11.831292520802391,3.0718432676694953,42.01507754397584,True,0,nan,8.142526365611179,inf,3,84.94341891814778,4.824636540338055,4.010383903776937,cmnist|declared_source_target_coupled_correlation|L2|0.1|3,False,False,False,False,1.1287585803411855
9.813077866773593e-13,11.661595665092328,11.66159566509233,1.000000000006556,0.0,cmnist,0.0,declared_source_target_coupled_correlation,False,repair_evidence_gate_task1_task2,3.9080409267168412,0.1,L2,unavailable_frozen_artifact:rank_O_S,9.71037622516838,3.548555674610258,40.297405965222616,True,0,nan,7.636391942446913,inf,4,135.99281345610018,5.033515992391266,4.269876798146575,cmnist|declared_source_target_coupled_correlation|L2|0.1|4,False,False,False,False,0.9441616454814858
4.871083751574257e-11,14.722221289304132,14.722221289304136,1.0000000000142992,0.0,cmnist,0.0,declared_source_target_coupled_correlation,False,repair_evidence_gate_task1_task2,17.28486111614413,0.0,L2,unavailable_frozen_artifact:rank_O_S,0.0,2.2466542577219832,8775.986024331347,True,0,nan,149.3832119021956,inf,0,216.74379969123976,3.1126935700295952,3.1126935700295952,cmnist|declared_source_target_coupled_correlation|L2|0|0,False,False,False,False,0.0
4.4408920985006255e-11,10.102457152862717,10.10245715286272,1.0000000000178997,0.0,cmnist,0.0,declared_source_target_coupled_correlation,False,repair_evidence_gate_task1_task2,15.966132070668117,0.0,L2,unavailable_frozen_artifact:rank_O_S,0.0,2.2424699733275837,7544.034510792161,True,0,nan,127.45868664900847,inf,1,102.05964052542714,2.9293711732182572,2.9293711732182572,cmnist|declared_source_target_coupled_correlation|L2|0|1,False,False,False,False,0.0
1.570092458683775e-11,9.587421616196474,9.587421616196474,1.000000000014971,0.0,cmnist,0.0,declared_source_target_coupled_correlation,False,repair_evidence_gate_task1_task2,16.627606631423784,0.0,L2,unavailable_frozen_artifact:rank_O_S,0.0,2.434868073222572,12535.056636561974,True,0,nan,138.23865114468413,inf,2,91.91865324671143,2.960367272144911,2.960367272144911,cmnist|declared_source_target_coupled_correlation|L2|0|2,False,False,False,False,0.0
2.2887833992611185e-11,9.012442787932994,9.012442787932994,1.0000000000096305,0.0,cmnist,0.0,declared_source_target_coupled_correlation,False,repair_evidence_gate_task1_task2,13.481337251841671,0.0,L2,unavailable_frozen_artifact:rank_O_S,0.0,2.877920096087313,7747.243768756135,True,0,nan,90.87322704894697,inf,3,81.22412500576542,3.3733359374300136,3.3733359374300136,cmnist|declared_source_target_coupled_correlation|L2|0|3,False,False,False,False,0.0
9.614813431917818e-12,11.618012023361826,11.618012023361825,1.0000000000069384,0.0,cmnist,0.0,declared_source_target_coupled_correlation,False,repair_evidence_gate_task1_task2,11.286851402192521,0.0,L2,unavailable_frozen_artifact:rank_O_S,0.0,3.6766961343421842,3798.2370153550337,True,0,nan,63.69650728758765,inf,4,134.97820337497998,3.8241561917474325,3.8241561917474325,cmnist|declared_source_target_coupled_correlation|L2|0|4,False,False,False,False,0.0
87.88891771480694,14.722173795569853,14.722173784147152,0.09102989842542933,0.0,cmnist,0.0,declared_source_target_coupled_correlation,False,repair_evidence_gate_task1_task2,0.027710446628764318,0.001,VREX,unavailable_frozen_artifact:rank_O_S,0.00015592313254833776,2.24642441096977,8775.947383555318,True,0,nan,0.004480272340089884,inf,0,216.7424009306298,3.112698050528064,3.1126935702557237,cmnist|declared_source_target_coupled_correlation|VREX|0.001|0,False,False,False,False,2.1266312077731454e-05
74.66769725501995,10.102392670109774,10.102392656928298,0.08928756317007584,0.0,cmnist,0.0,declared_source_target_coupled_correlation,False,repair_evidence_gate_task1_task2,0.025416159349030715,0.001,VREX,unavailable_frozen_artifact:rank_O_S,0.0001354227424758826,2.2422524842039535,7544.030515923474,True,0,nan,0.003803174750449532,inf,1,102.05833739475895,2.9293749765842483,2.929371173409498,cmnist|declared_source_target_coupled_correlation|VREX|0.001|1,False,False,False,False,1.9557107614850654e-05
50.491598630104356,9.587321178444485,9.587321140373252,0.09970057449876955,0.0,cmnist,0.0,declared_source_target_coupled_correlation,False,repair_evidence_gate_task1_task2,0.02464803718805005,0.001,VREX,unavailable_frozen_artifact:rank_O_S,0.00028067043292881347,2.4345578032164186,12535.102814751506,True,0,nan,0.009047797655127116,inf,2,91.91672664864792,2.9603763204789386,2.9603672726812835,cmnist|declared_source_target_coupled_correlation|VREX|0.001|2,False,False,False,False,3.275269617578577e-05
53.48063753738146,9.012270222464348,9.012270176714647,0.09673556208468476,0.0,cmnist,0.0,declared_source_target_coupled_correlation,False,repair_evidence_gate_task1_task2,0.03635104493609881,0.001,VREX,unavailable_frozen_artifact:rank_O_S,0.00022718276226393807,2.8774859277213305,7747.265331930802,True,0,nan,0.007712126369050785,inf,3,81.22101373810031,3.373343650195084,3.373335938068715,cmnist|declared_source_target_coupled_correlation|VREX|0.001|3,False,False,False,False,3.5740942889031446e-05
59.5464363934762,11.617665571717763,11.61766542734377,0.21444109964736108,0.0,cmnist,0.0,declared_source_target_coupled_correlation,False,repair_evidence_gate_task1_task2,0.09051681034769898,0.001,VREX,unavailable_frozen_artifact:rank_O_S,0.0003214399835820194,3.675826310609337,3798.209474784256,True,0,nan,0.019235503946595008,inf,4,134.97014998169865,3.8241754298513775,3.824156194347431,cmnist|declared_source_target_coupled_correlation|VREX|0.001|4,False,False,False,False,7.211115582898858e-05
87.88310520692963,14.72174820143278,14.721747062213872,0.09099586941648481,0.0,cmnist,0.0,declared_source_target_coupled_correlation,False,repair_evidence_gate_task1_task2,0.02769338742927587,0.01,VREX,unavailable_frozen_artifact:rank_O_S,0.001558192216282435,2.244365896788979,8775.60517293901,True,0,nan,0.004476206540052505,inf,0,216.729836563803,3.1127383546767438,3.1126935926113433,cmnist|declared_source_target_coupled_correlation|VREX|0.01|0,False,False,False,False,0.00021251702020499988
74.6597076884154,10.101814632974447,10.101813318111809,0.08925601386102959,0.0,cmnist,0.0,declared_source_target_coupled_correlation,False,repair_evidence_gate_task1_task2,0.02540089220863881,0.01,VREX,unavailable_frozen_artifact:rank_O_S,0.0013533258947664205,2.240303785630598,7543.9995897035515,True,0,nan,0.003799736098388354,inf,1,102.04663231398122,2.929409189677946,2.929371192316962,cmnist|declared_source_target_coupled_correlation|VREX|0.01|1,False,False,False,False,0.0001954415592165293
50.47930234091931,9.586423208134347,9.586419412792017,0.0996477468350682,0.0,cmnist,0.0,declared_source_target_coupled_correlation,False,repair_evidence_gate_task1_task2,0.024626450346354863,0.01,VREX,unavailable_frozen_artifact:rank_O_S,0.0028043247018032834,2.431785988606029,12535.538006072878,True,0,nan,0.009038156058453487,inf,2,91.89943715795559,2.9604577072524347,2.96036732569185,cmnist|declared_source_target_coupled_correlation|VREX|0.01|2,False,False,False,False,0.0003272519932391895
53.469847016268496,9.010726145192896,9.01072158713827,0.09665820978038055,0.0,cmnist,0.0,declared_source_target_coupled_correlation,False,repair_evidence_gate_task1_task2,0.03631333947773822,0.01,VREX,unavailable_frozen_artifact:rank_O_S,0.0022693642505023557,2.873602326745415,7747.470019883229,True,0,nan,0.007700649082538417,inf,3,81.19310352091964,3.373413007657485,3.3733360011666598,cmnist|declared_source_target_coupled_correlation|VREX|0.01|3,False,False,False,False,0.0003570340295975532
59.5276202904849,11.61457573510967,11.614561382762838,0.21425628458708537,0.0,cmnist,0.0,declared_source_target_coupled_correlation,False,repair_evidence_gate_task1_task2,0.09037303609319854,0.01,VREX,unavailable_frozen_artifact:rank_O_S,0.003209210289595736,3.668073311488407,3797.976063089058,True,0,nan,0.019188829614336607,inf,4,134.8980361139658,3.8243483391769306,3.8241564508807873,cmnist|declared_source_target_coupled_correlation|VREX|0.01|4,False,False,False,False,0.0007199074524217757
87.82528745897531,14.7176708451788,14.717559908156481,0.0906585934389582,0.0,cmnist,0.0,declared_source_target_coupled_correlation,False,repair_evidence_gate_task1_task2,0.027524465890488226,0.1,VREX,unavailable_frozen_artifact:rank_O_S,0.015479048327615652,2.224762628254631,8772.727703799772,True,0,nan,0.0044360040958704725,inf,0,216.6065696501752,3.1131393979852784,3.1126957975756913,cmnist|declared_source_target_coupled_correlation|VREX|0.1|0,False,False,False,False,0.0021107089276561123
74.58037463067537,10.096257386562222,10.096129120042136,0.08894325847662032,0.0,cmnist,0.0,declared_source_target_coupled_correlation,False,repair_evidence_gate_task1_task2,0.025249662566838537,0.1,VREX,unavailable_frozen_artifact:rank_O_S,0.013443989757159687,2.22166296940987,7544.183188765216,True,0,nan,0.0037657211741703965,inf,1,101.93182320856278,2.9297496302207686,2.9293730581033515,cmnist|declared_source_target_coupled_correlation|VREX|0.1|1,False,False,False,False,0.0019415896063431615
50.35736214214205,9.578016323111273,9.577648285122551,0.0991251502627152,0.0,cmnist,0.0,declared_source_target_coupled_correlation,False,repair_evidence_gate_task1_task2,0.024413301283811504,0.1,VREX,unavailable_frozen_artifact:rank_O_S,0.027808290117132782,2.4060617734209764,12541.807750010807,True,0,nan,0.008943056740155301,inf,2,91.73134667351096,2.9612668440231937,2.960372538349178,cmnist|declared_source_target_coupled_correlation|VREX|0.1|2,False,False,False,False,0.0032453672419861493
53.36315285053171,8.996145956595557,8.995706593340822,0.0958948069409034,0.0,cmnist,0.0,declared_source_target_coupled_correlation,False,repair_evidence_gate_task1_task2,0.03594196376648386,0.1,VREX,unavailable_frozen_artifact:rank_O_S,0.022451100712616596,2.8370674142733985,7750.551184702313,True,0,nan,0.0075878310552436115,inf,3,80.92273711347553,3.3741009628764576,3.3733421797709333,cmnist|declared_source_target_coupled_correlation|VREX|0.1|3,False,False,False,False,0.0035333669276128477
59.34287359006232,11.586317914037888,11.584964021889826,0.21244696795836981,0.0,cmnist,0.0,declared_source_target_coupled_correlation,False,repair_evidence_gate_task1_task2,0.08896839470827807,0.1,VREX,unavailable_frozen_artifact:rank_O_S,0.03158525134833082,3.5976792619255407,3797.0344579999855,True,0,nan,0.018734601802026428,inf,4,134.21139138848167,3.826054725619828,3.824181265439625,cmnist|declared_source_target_coupled_correlation|VREX|0.1|4,False,False,False,False,0.007081481793136237
17972.654232669647,15.083371013717212,14.855270920807229,901.9330745797066,0.0,cmnist,0.0,irrelevant_source_diversity,False,repair_evidence_gate_task1_task2,0.6204281640563158,0.001,IRMV1,unavailable_frozen_artifact:rank_O_S,0.001687644841621,3.9779274621786156,8776.880233677526,True,0,nan,0.07280983681694878,inf,0,220.67907413058074,3.112766440159589,3.112693630322772,cmnist|irrelevant_source_diversity|IRMV1|0.001|0,False,False,False,False,0.00034725545725120975
18423.269283691297,10.641673555916853,10.332333836687388,1301.1121344681676,0.0,cmnist,0.0,irrelevant_source_diversity,False,repair_evidence_gate_task1_task2,0.8452743677657489,0.001,IRMV1,unavailable_frozen_artifact:rank_O_S,0.002607920768057129,4.0274659918105185,7544.547696150312,True,0,nan,0.10909110045895647,inf,1,106.75712251275516,2.929480328062663,2.9293712369622043,cmnist|irrelevant_source_diversity|IRMV1|0.001|1,False,False,False,False,0.00035705448082928816
16704.829110037397,10.153473195275897,9.687383148911355,909.8014650324498,0.0,cmnist,0.0,irrelevant_source_diversity,False,repair_evidence_gate_task1_task2,0.862085235509126,0.001,IRMV1,unavailable_frozen_artifact:rank_O_S,0.0036366834279526502,4.13604532854728,12536.294151258246,True,0,nan,0.15748428008821896,inf,2,93.84539227381163,2.9605248322666786,2.9603673479865904,cmnist|irrelevant_source_diversity|IRMV1|0.001|2,False,False,False,False,0.00038946545397537284
11896.97071711309,9.569375976163759,9.149939130808752,1065.9601096905867,0.0,cmnist,0.0,irrelevant_source_diversity,False,repair_evidence_gate_task1_task2,1.0164148782434466,0.001,IRMV1,unavailable_frozen_artifact:rank_O_S,0.0034203086049537017,4.316921323744102,7747.762918231106,True,0,nan,0.1435434799876925,inf,3,83.72138609750517,3.373479562294662,3.3733360188146744,cmnist|irrelevant_source_diversity|IRMV1|0.001|3,False,False,False,False,0.0004034468105031354
8968.513685271671,12.022005947861299,11.710749284545571,1229.5752827135766,0.0,cmnist,0.0,irrelevant_source_diversity,False,repair_evidence_gate_task1_task2,0.7040922058526096,0.001,IRMV1,unavailable_frozen_artifact:rank_O_S,0.0018562521031067886,4.803234237182082,3798.6807495031735,True,0,nan,0.11597724279632932,inf,4,137.1416488054847,3.8242722034656276,3.824156226222831,cmnist|irrelevant_source_diversity|IRMV1|0.001|4,False,False,False,False,0.00026258487407840493
17980.352449015292,15.080340358181703,14.851821125911709,901.0925025805429,0.0,cmnist,0.0,irrelevant_source_diversity,False,repair_evidence_gate_task1_task2,0.537757553865387,0.01,IRMV1,unavailable_frozen_artifact:rank_O_S,0.017103805269594183,3.9738152383044385,8785.571680553268,True,0,nan,0.07175726974770111,inf,0,220.57659075607737,3.1134169604042317,3.112699387706755,cmnist|irrelevant_source_diversity|IRMV1|0.01|0,False,False,False,False,0.0034110635187411106
18434.37911844175,10.639377802823045,10.329511214593058,1299.6478965646709,0.0,cmnist,0.0,irrelevant_source_diversity,False,repair_evidence_gate_task1_task2,0.70000627325507,0.01,IRMV1,unavailable_frozen_artifact:rank_O_S,0.026319586602258863,4.024009088404448,7550.181856626105,True,0,nan,0.10799856930510385,inf,1,106.69880193240371,2.9304571837450797,2.9293771980520287,cmnist|irrelevant_source_diversity|IRMV1|0.01|1,False,False,False,False,0.003471263104937664
16724.124768830065,10.152339226119752,9.685847778679994,908.5515414262735,0.0,cmnist,0.0,irrelevant_source_diversity,False,repair_evidence_gate_task1_task2,0.680313129778149,0.01,IRMV1,unavailable_frozen_artifact:rank_O_S,0.03688956770424728,4.133487494543242,12549.754830667043,True,0,nan,0.1562321024749393,inf,2,93.81564719176014,2.961936461713019,2.9603741406882698,cmnist|irrelevant_source_diversity|IRMV1|0.01|2,False,False,False,False,0.0037063576056520623
11906.251743140276,9.56816054831748,9.14815614959525,1064.3992804771062,0.0,cmnist,0.0,irrelevant_source_diversity,False,repair_evidence_gate_task1_task2,0.837707184766049,0.01,IRMV1,unavailable_frozen_artifact:rank_O_S,0.034424424609313796,4.314590830824181,7753.910812354485,True,0,nan,0.14217522172768537,inf,3,83.6887609373774,3.374765214095223,3.373343461877946,cmnist|irrelevant_source_diversity|IRMV1|0.01|3,False,False,False,False,0.0038792906422990287
8980.764793422812,12.02394373541614,11.712553820393342,1228.3368821577355,0.0,cmnist,0.0,irrelevant_source_diversity,False,repair_evidence_gate_task1_task2,0.5252526907966022,0.01,IRMV1,unavailable_frozen_artifact:rank_O_S,0.018999375221748202,4.806193086554891,3803.1840540704593,True,0,nan,0.11543070348992007,inf,4,137.1839169956107,3.825313477185884,3.8241591701509847,cmnist|irrelevant_source_diversity|IRMV1|0.01|4,False,False,False,False,0.002440657109355729
18078.091486991172,15.085223631796467,14.83586073866393,895.4978097204189,0.0,cmnist,0.0,irrelevant_source_diversity,False,repair_evidence_gate_task1_task2,0.4407151808019529,0.1,IRMV1,unavailable_frozen_artifact:rank_O_S,0.1654045091487074,4.0162883608228075,8903.902428044887,True,0,nan,0.06220531198254145,inf,0,220.1027638570298,3.119433998820158,3.113213467621904,cmnist|irrelevant_source_diversity|IRMV1|0.1|0,False,False,False,False,0.03224585530882689
18582.475158433077,10.662256391651727,10.322363562983492,1290.828771726659,0.0,cmnist,0.0,irrelevant_source_diversity,False,repair_evidence_gate_task1_task2,0.5526412893047835,0.1,IRMV1,unavailable_frozen_artifact:rank_O_S,0.2592866447838253,4.078217860053766,7661.20136524829,True,0,nan,0.09785645888855957,inf,1,106.55118952640916,2.939713635618279,2.929927989729423,cmnist|irrelevant_source_diversity|IRMV1|0.1|1,False,False,False,False,0.03337114056074869
16972.414331357977,10.194394361701223,9.693236865104332,901.78856997647,0.0,cmnist,0.0,irrelevant_source_diversity,False,repair_evidence_gate_task1_task2,0.5073841443032661,0.1,IRMV1,unavailable_frozen_artifact:rank_O_S,0.369706873011807,4.208986036964019,12812.228569583229,True,0,nan,0.14461615721555462,inf,2,93.95884092301773,2.975470279921594,2.9610086642000386,cmnist|irrelevant_source_diversity|IRMV1|0.1|2,False,False,False,False,0.03581597562920432
12037.443170870072,9.616996089429554,9.156539822528348,1054.966819734404,0.0,cmnist,0.0,irrelevant_source_diversity,False,repair_evidence_gate_task1_task2,0.6597282785086458,0.1,IRMV1,unavailable_frozen_artifact:rank_O_S,0.34016024872490214,4.3939625701325005,7895.294289351827,True,0,nan,0.12948017744817503,inf,3,83.84222152154746,3.3869829910237805,3.374034973278963,cmnist|irrelevant_source_diversity|IRMV1|0.1|3,False,False,False,False,0.03739079696813577
9128.285254891796,12.072471062154188,11.74865914482149,1222.5689557782737,0.0,cmnist,0.0,irrelevant_source_diversity,False,repair_evidence_gate_task1_task2,0.34990397025343256,0.1,IRMV1,unavailable_frozen_artifact:rank_O_S,0.1935398802127323,4.873042360595821,3876.25428460877,True,0,nan,0.11046206696435594,inf,4,138.03099170119768,3.8354774624287105,3.824431255732275,cmnist|irrelevant_source_diversity|IRMV1|0.1|4,False,False,False,False,0.023454806963496225
4.0357915252418696e-11,15.106449076879315,14.91147437431354,1.0000000000150306,0.0,cmnist,0.0,irrelevant_source_diversity,False,repair_evidence_gate_task1_task2,14.438350379232046,0.001,L2,unavailable_frozen_artifact:rank_O_S,3.371961025157685,3.941394912282862,4913.449833028501,True,0,nan,104.2329808367351,inf,0,222.3520680158092,3.2366591361102772,3.132426155273542,cmnist|irrelevant_source_diversity|L2|0.001|0,False,False,False,False,0.1986584266721884
1.9229626863835637e-11,10.636504340378083,10.36238398917405,1.0000000000154463,0.0,cmnist,0.0,irrelevant_source_diversity,False,repair_evidence_gate_task1_task2,13.770600833291486,0.001,L2,unavailable_frozen_artifact:rank_O_S,2.7223144918300592,3.9539609357953918,4440.78813515777,True,0,nan,94.81472365492408,inf,1,107.37900193909061,3.0386551293220982,2.9438404056671743,cmnist|irrelevant_source_diversity|L2|0.001|1,False,False,False,False,0.1701130944338808
4.3000645344437934e-11,10.140505293537004,9.709937402538895,1.0000000000154763,0.0,cmnist,0.0,irrelevant_source_diversity,False,repair_evidence_gate_task1_task2,13.317155161361406,0.001,L2,unavailable_frozen_artifact:rank_O_S,4.052345623314528,4.062781987121055,5765.4660312314745,True,0,nan,88.67331079588737,inf,2,94.28288436122376,3.0697178768525046,2.9810445660566174,cmnist|irrelevant_source_diversity|L2|0.001|2,False,False,False,False,0.20335827453880156
3.14018491736755e-11,9.561651116260315,9.174220211187057,1.0000000000101166,0.0,cmnist,0.0,irrelevant_source_diversity,False,repair_evidence_gate_task1_task2,11.621912566679537,0.001,L2,unavailable_frozen_artifact:rank_O_S,2.33422920156811,4.25991174667521,4255.591826158451,True,0,nan,67.53442585377188,inf,3,84.16631648335311,3.4511776073900062,3.3836431815362342,cmnist|irrelevant_source_diversity|L2|0.001|3,False,False,False,False,0.14357746415245126
1.0749688212373145e-11,12.012673871273476,11.71887842615018,1.0000000000068785,0.0,cmnist,0.0,irrelevant_source_diversity,False,repair_evidence_gate_task1_task2,10.038733688787282,0.001,L2,unavailable_frozen_artifact:rank_O_S,1.4898075723486162,4.7479360843829985,2544.9707417421378,True,0,nan,50.388087037196364,inf,4,137.33211156688805,3.8806436072591572,3.830255520221961,cmnist|irrelevant_source_diversity|L2|0.001|4,False,False,False,False,0.11044753029867904
7.850462293418874e-12,15.304011449909506,15.150034560021517,1.0000000000066365,0.0,cmnist,0.0,irrelevant_source_diversity,False,repair_evidence_gate_task1_task2,7.69533391336581,0.01,L2,unavailable_frozen_artifact:rank_O_S,11.090360224534177,4.138743416859831,664.8597958495546,True,0,nan,29.609082019098977,inf,0,229.52354716984632,3.7001648148612456,3.404073994670256,cmnist|irrelevant_source_diversity|L2|0.01|0,False,False,False,False,0.7633877450426604
1.9229626863835637e-11,10.730928187880997,10.508320812877052,1.0000000000154117,0.0,cmnist,0.0,irrelevant_source_diversity,False,repair_evidence_gate_task1_task2,8.013411599479882,0.01,L2,unavailable_frozen_artifact:rank_O_S,9.455556758483304,3.9551913150813642,674.7110822548832,True,0,nan,32.10738273133936,inf,1,110.424806306345,3.503682636087739,3.1826088087743454,cmnist|irrelevant_source_diversity|L2|0.01|1,False,False,False,False,0.7116707603324699
2.254910261093374e-11,10.1751827612955,9.779691899548128,1.000000000008047,0.0,cmnist,0.0,irrelevant_source_diversity,False,repair_evidence_gate_task1_task2,7.1901131282590605,0.01,L2,unavailable_frozen_artifact:rank_O_S,11.352008393338933,4.011936277333306,649.1096100586387,True,0,nan,25.84886339858165,inf,2,95.64237365008728,3.458634608455146,3.2001459744693292,cmnist|irrelevant_source_diversity|L2|0.01|2,False,False,False,False,0.6925008336809687
2.0014830212433604e-11,9.646074005391739,9.310002211863628,1.0000000000118903,0.0,cmnist,0.0,irrelevant_source_diversity,False,repair_evidence_gate_task1_task2,7.032583947097147,0.01,L2,unavailable_frozen_artifact:rank_O_S,7.990907214890976,4.254519674318479,610.3639189099619,True,0,nan,24.728618486484248,inf,3,86.67614118490559,3.7917086698146782,3.544422484949836,cmnist|irrelevant_source_diversity|L2|0.01|3,False,False,False,False,0.5849556351037603
9.007156365229844e-12,12.04619975793601,11.778448913649626,1.0000000000071485,0.0,cmnist,0.0,irrelevant_source_diversity,False,repair_evidence_gate_task1_task2,6.217297707854953,0.01,L2,unavailable_frozen_artifact:rank_O_S,6.160568124156134,4.6888341052651965,493.7088126403471,True,0,nan,19.327395394049226,inf,4,138.73185881145403,4.144394206124689,3.9511202521841966,cmnist|irrelevant_source_diversity|L2|0.01|4,False,False,False,False,0.5039128107852993
5.0037075531084e-12,15.64866211885242,15.531640266524164,1.0000000000065523,0.0,cmnist,0.0,irrelevant_source_diversity,False,repair_evidence_gate_task1_task2,4.016016645391966,0.1,L2,unavailable_frozen_artifact:rank_O_S,15.779414807171635,4.594411919284587,41.73996077663494,True,0,nan,8.06419484803267,inf,0,241.23184936871456,4.760315616121333,3.953896131318066,cmnist|irrelevant_source_diversity|L2|0.1|0,False,False,False,False,1.2970756040327491
5.564702806501315e-12,10.821670394709443,10.634540053866887,1.0000000000066553,0.0,cmnist,0.0,irrelevant_source_diversity,False,repair_evidence_gate_task1_task2,4.117711793481905,0.1,L2,unavailable_frozen_artifact:rank_O_S,14.227563328116055,4.077896554466598,42.610584362240324,True,0,nan,8.477775207089982,inf,1,113.09344215729915,4.665605309634351,3.817827788925353,cmnist|irrelevant_source_diversity|L2|0.1|1,False,False,False,False,1.333009089021607
7.97218214573518e-12,9.92894451952884,9.550136160177727,1.0000000000066571,0.0,cmnist,0.0,irrelevant_source_diversity,False,repair_evidence_gate_task1_task2,4.060224458413695,0.1,L2,unavailable_frozen_artifact:rank_O_S,15.222852444470137,3.8374399673584927,42.40864004299167,True,0,nan,8.242711326350394,inf,2,91.20510067793418,4.491054482043881,3.666783349408842,cmnist|irrelevant_source_diversity|L2|0.1|2,False,False,False,False,1.188626162646545
2.3387854528976762e-11,9.69984155474478,9.418613991354645,1.0000000000087141,0.0,cmnist,0.0,irrelevant_source_diversity,False,repair_evidence_gate_task1_task2,4.035474288261835,0.1,L2,unavailable_frozen_artifact:rank_O_S,11.831292520802391,4.310420899417162,42.01507754397584,True,0,nan,8.142526365611179,inf,3,88.7102895181414,4.824636540338055,4.010383903776937,cmnist|irrelevant_source_diversity|L2|0.1|3,False,False,False,False,1.1287585803411855
9.813077866773593e-13,12.037708475993314,11.79745996118649,1.000000000006556,0.0,cmnist,0.0,irrelevant_source_diversity,False,repair_evidence_gate_task1_task2,3.9080409267168412,0.1,L2,unavailable_frozen_artifact:rank_O_S,9.71037622516838,4.637441026332277,40.297405965222616,True,0,nan,7.636391942446913,inf,4,139.18006153579825,5.033515992391266,4.269876798146575,cmnist|irrelevant_source_diversity|L2|0.1|4,False,False,False,False,0.9441616454814858
4.871083751574257e-11,15.083923507976218,14.855849287107963,1.0000000000142992,0.0,cmnist,0.0,irrelevant_source_diversity,False,repair_evidence_gate_task1_task2,17.28486111614413,0.0,L2,unavailable_frozen_artifact:rank_O_S,0.0,3.978492686555808,8775.986024331347,True,0,nan,149.3832119021956,inf,0,220.69625804126616,3.1126935700295952,3.1126935700295952,cmnist|irrelevant_source_diversity|L2|0|0,False,False,False,False,0.0
4.4408920985006255e-11,10.642151179158791,10.332844644671857,1.0000000000178997,0.0,cmnist,0.0,irrelevant_source_diversity,False,repair_evidence_gate_task1_task2,15.966132070668117,0.0,L2,unavailable_frozen_artifact:rank_O_S,0.0,4.027953919289489,7544.034510792161,True,0,nan,127.45868664900847,inf,1,106.76767845092385,2.9293711732182572,2.9293711732182572,cmnist|irrelevant_source_diversity|L2|0|1,False,False,False,False,0.0
1.570092458683775e-11,10.153828702955906,9.68775503438313,1.000000000014971,0.0,cmnist,0.0,irrelevant_source_diversity,False,repair_evidence_gate_task1_task2,16.627606631423784,0.0,L2,unavailable_frozen_artifact:rank_O_S,0.0,4.136443716075248,12535.056636561974,True,0,nan,138.23865114468413,inf,2,93.8525976062157,2.960367272144911,2.960367272144911,cmnist|irrelevant_source_diversity|L2|0|2,False,False,False,False,0.0
2.2887833992611185e-11,9.569783569499412,9.150378441169034,1.0000000000096305,0.0,cmnist,0.0,irrelevant_source_diversity,False,repair_evidence_gate_task1_task2,13.481337251841671,0.0,L2,unavailable_frozen_artifact:rank_O_S,0.0,4.317297376919813,7747.243768756135,True,0,nan,90.87322704894697,inf,3,83.72942561661107,3.3733359374300136,3.3733359374300136,cmnist|irrelevant_source_diversity|L2|0|3,False,False,False,False,0.0
9.614813431917818e-12,12.022000095501571,11.710749806699756,1.0000000000069384,0.0,cmnist,0.0,irrelevant_source_diversity,False,repair_evidence_gate_task1_task2,11.286851402192521,0.0,L2,unavailable_frozen_artifact:rank_O_S,0.0,4.8029550680332855,3798.2370153550337,True,0,nan,63.69650728758765,inf,4,137.14166103511837,3.8241561917474325,3.8241561917474325,cmnist|irrelevant_source_diversity|L2|0|4,False,False,False,False,0.0
87.88891771480694,15.083876388155256,14.855800736969242,0.09102989842542933,0.0,cmnist,0.0,irrelevant_source_diversity,False,repair_evidence_gate_task1_task2,0.027710446628764318,0.001,VREX,unavailable_frozen_artifact:rank_O_S,0.00015592313254833776,3.978359996328237,8775.947383555318,True,0,nan,0.004480272340089884,inf,0,220.694815536536,3.112698050528064,3.1126935702557237,cmnist|irrelevant_source_diversity|VREX|0.001|0,False,False,False,False,2.1266312077731454e-05
74.66769725501995,10.642088985036732,10.332781475176537,0.08928756317007584,0.0,cmnist,0.0,irrelevant_source_diversity,False,repair_evidence_gate_task1_task2,0.025416159349030715,0.001,VREX,unavailable_frozen_artifact:rank_O_S,0.0001354227424758826,4.027830248070448,7544.030515923474,True,0,nan,0.003803174750449532,inf,1,106.76637301375138,2.9293749765842483,2.929371173409498,cmnist|irrelevant_source_diversity|VREX|0.001|1,False,False,False,False,1.9557107614850654e-05
50.491598630104356,10.153732466824437,9.687653988845149,0.09970057449876955,0.0,cmnist,0.0,irrelevant_source_diversity,False,repair_evidence_gate_task1_task2,0.02464803718805005,0.001,VREX,unavailable_frozen_artifact:rank_O_S,0.00028067043292881347,4.1362576474872155,12535.102814751506,True,0,nan,0.009047797655127116,inf,2,93.8506398075873,2.9603763204789386,2.9603672726812835,cmnist|irrelevant_source_diversity|VREX|0.001|2,False,False,False,False,3.275269617578577e-05
53.48063753738146,9.569619187066268,9.150208673841025,0.09673556208468476,0.0,cmnist,0.0,irrelevant_source_diversity,False,repair_evidence_gate_task1_task2,0.03635104493609881,0.001,VREX,unavailable_frozen_artifact:rank_O_S,0.00022718276226393807,4.3170038321715145,7747.265331930802,True,0,nan,0.007712126369050785,inf,3,83.72631877483556,3.373343650195084,3.373335938068715,cmnist|irrelevant_source_diversity|VREX|0.001|3,False,False,False,False,3.5740942889031446e-05
59.5464363934762,12.021659474417433,11.710399096437179,0.21444109964736108,0.0,cmnist,0.0,irrelevant_source_diversity,False,repair_evidence_gate_task1_task2,0.09051681034769898,0.001,VREX,unavailable_frozen_artifact:rank_O_S,0.0003214399835820194,4.802274695219135,3798.209474784256,True,0,nan,0.019235503946595008,inf,4,137.1334469978366,3.8241754298513775,3.824156194347431,cmnist|irrelevant_source_diversity|VREX|0.001|4,False,False,False,False,7.211115582898858e-05
87.88310520692963,15.083454120323763,14.855364604543022,0.09099586941648481,0.0,cmnist,0.0,irrelevant_source_diversity,False,repair_evidence_gate_task1_task2,0.02769338742927587,0.01,VREX,unavailable_frozen_artifact:rank_O_S,0.001558192216282435,3.9771719062912037,8775.60517293901,True,0,nan,0.004476206540052505,inf,0,220.68185753390958,3.1127383546767438,3.1126935926113433,cmnist|irrelevant_source_diversity|VREX|0.01|0,False,False,False,False,0.00021251702020499988
74.6597076884154,10.64153143657039,10.332214016165379,0.08925601386102959,0.0,cmnist,0.0,irrelevant_source_diversity,False,repair_evidence_gate_task1_task2,0.02540089220863881,0.01,VREX,unavailable_frozen_artifact:rank_O_S,0.0013533258947664205,4.026722425056134,7543.9995897035515,True,0,nan,0.003799736098388354,inf,1,106.75464647584428,2.929409189677946,2.929371192316962,cmnist|irrelevant_source_diversity|VREX|0.01|1,False,False,False,False,0.0001954415592165293
50.47930234091931,10.152871998604928,9.686747073499467,0.0996477468350682,0.0,cmnist,0.0,irrelevant_source_diversity,False,repair_evidence_gate_task1_task2,0.024626450346354863,0.01,VREX,unavailable_frozen_artifact:rank_O_S,0.0028043247018032834,4.134595867673133,12535.538006072878,True,0,nan,0.009038156058453487,inf,2,93.83306886595047,2.9604577072524347,2.96036732569185,cmnist|irrelevant_source_diversity|VREX|0.01|2,False,False,False,False,0.0003272519932391895
53.469847016268496,9.56814826949429,9.14868549943683,0.09665820978038055,0.0,cmnist,0.0,irrelevant_source_diversity,False,repair_evidence_gate_task1_task2,0.03631333947773822,0.01,VREX,unavailable_frozen_artifact:rank_O_S,0.0022693642505023557,4.314378979139457,7747.470019883229,True,0,nan,0.007700649082538417,inf,3,83.69844636760573,3.373413007657485,3.3733360011666598,cmnist|irrelevant_source_diversity|VREX|0.01|3,False,False,False,False,0.0003570340295975532
59.5276202904849,12.018621295105142,11.707257944011848,0.21425628458708537,0.0,cmnist,0.0,irrelevant_source_diversity,False,repair_evidence_gate_task1_task2,0.09037303609319854,0.01,VREX,unavailable_frozen_artifact:rank_O_S,0.003209210289595736,4.796212062347742,3797.976063089058,True,0,nan,0.019188829614336607,inf,4,137.0598885676285,3.8243483391769306,3.8241564508807873,cmnist|irrelevant_source_diversity|VREX|0.01|4,False,False,False,False,0.0007199074524217757
87.82528745897531,15.079406275531452,14.85108281186763,0.0906585934389582,0.0,cmnist,0.0,irrelevant_source_diversity,False,repair_evidence_gate_task1_task2,0.027524465890488226,0.1,VREX,unavailable_frozen_artifact:rank_O_S,0.015479048327615652,3.965882911482601,8772.727703799772,True,0,nan,0.0044360040958704725,inf,0,220.55466068495025,3.1131393979852784,3.1126957975756913,cmnist|irrelevant_source_diversity|VREX|0.1|0,False,False,False,False,0.0021107089276561123
74.58037463067537,10.636168537574365,10.326642992986434,0.08894325847662032,0.0,cmnist,0.0,irrelevant_source_diversity,False,repair_evidence_gate_task1_task2,0.025249662566838537,0.1,VREX,unavailable_frozen_artifact:rank_O_S,0.013443989757159687,4.016149187171919,7544.183188765216,True,0,nan,0.0037657211741703965,inf,1,106.63955550459579,2.9297496302207686,2.9293730581033515,cmnist|irrelevant_source_diversity|VREX|0.1|1,False,False,False,False,0.0019415896063431615
50.35736214214205,10.144810136269387,9.677918312665799,0.0991251502627152,0.0,cmnist,0.0,irrelevant_source_diversity,False,repair_evidence_gate_task1_task2,0.024413301283811504,0.1,VREX,unavailable_frozen_artifact:rank_O_S,0.027808290117132782,4.1192122150583375,12541.807750010807,True,0,nan,0.008943056740155301,inf,2,93.66210286663198,2.9612668440231937,2.960372538349178,cmnist|irrelevant_source_diversity|VREX|0.1|2,False,False,False,False,0.0032453672419861493
53.36315285053171,9.554253053945779,9.133907507506837,0.0958948069409034,0.0,cmnist,0.0,irrelevant_source_diversity,False,repair_evidence_gate_task1_task2,0.03594196376648386,0.1,VREX,unavailable_frozen_artifact:rank_O_S,0.022451100712616596,4.289762331364478,7750.551184702313,True,0,nan,0.0075878310552436115,inf,3,83.42826635568974,3.3741009628764576,3.3733421797709333,cmnist|irrelevant_source_diversity|VREX|0.1|3,False,False,False,False,0.0035333669276128477
59.34287359006232,11.990803646717486,11.677282506174897,0.21244696795836981,0.0,cmnist,0.0,irrelevant_source_diversity,False,repair_evidence_gate_task1_task2,0.08896839470827807,0.1,VREX,unavailable_frozen_artifact:rank_O_S,0.03158525134833082,4.7412978561431,3797.0344579999855,True,0,nan,0.018734601802026428,inf,4,136.3589267290182,3.826054725619828,3.824181265439625,cmnist|irrelevant_source_diversity|VREX|0.1|4,False,False,False,False,0.007081481793136237
17972.654232669647,17.387565327396434,17.387563684064556,901.9330745797066,17.021373623313846,cmnist,1.0,mechanism_defined_exposed,False,repair_evidence_gate_task1_task2,0.6204281640563158,0.001,IRMV1,unavailable_frozen_artifact:rank_O_S,0.001687644841621,3.889738874887342,8776.880233677526,True,1,nan,0.07280983681694878,inf,0,300.8097776186228,3.112766440159589,3.112693630322772,cmnist|mechanism_defined_exposed|IRMV1|0.001|0,False,False,False,False,0.00034725545725120975
18423.269283691297,12.190254692368654,12.190252776615594,1301.1121344681676,7.565382670787798,cmnist,1.0,mechanism_defined_exposed,False,repair_evidence_gate_task1_task2,0.8452743677657489,0.001,IRMV1,unavailable_frozen_artifact:rank_O_S,0.002607920768057129,3.8827700575876056,7544.547696150312,True,1,nan,0.10909110045895647,inf,1,147.22726868627623,2.929480328062663,2.9293712369622043,cmnist|mechanism_defined_exposed|IRMV1|0.001|1,False,False,False,False,0.00035705448082928816
16704.829110037397,11.685173293506685,11.685170899910862,909.8014650324498,6.650963514069111,cmnist,1.0,mechanism_defined_exposed,False,repair_evidence_gate_task1_task2,0.862085235509126,0.001,IRMV1,unavailable_frozen_artifact:rank_O_S,0.0036366834279526502,4.216478278973816,12536.294151258246,True,1,nan,0.15748428008821896,inf,2,134.98049915054858,2.9605248322666786,2.9603673479865904,cmnist|mechanism_defined_exposed|IRMV1|0.001|2,False,False,False,False,0.00038946545397537284
11896.97071711309,11.235344136736117,11.235341393141484,1065.9601096905867,5.56016504587316,cmnist,1.0,mechanism_defined_exposed,False,repair_evidence_gate_task1_task2,1.0164148782434466,0.001,IRMV1,unavailable_frozen_artifact:rank_O_S,0.0034203086049537017,4.9839727650047285,7747.762918231106,True,1,nan,0.1435434799876925,inf,3,124.2277016591492,3.373479562294662,3.3733360188146744,cmnist|mechanism_defined_exposed|IRMV1|0.001|3,False,False,False,False,0.0004034468105031354
8968.513685271671,14.47500510786569,14.475004375502637,1229.5752827135766,9.244135865570614,cmnist,1.0,mechanism_defined_exposed,False,repair_evidence_gate_task1_task2,0.7040922058526096,0.001,IRMV1,unavailable_frozen_artifact:rank_O_S,0.0018562521031067886,6.3689656971092345,3798.6807495031735,True,1,nan,0.11597724279632932,inf,4,206.2504028680996,3.8242722034656276,3.824156226222831,cmnist|mechanism_defined_exposed|IRMV1|0.001|4,False,False,False,False,0.00026258487407840493
17980.352449015292,17.38112066976509,17.380943707898687,901.0925025805429,17.021373623313846,cmnist,1.0,mechanism_defined_exposed,False,repair_evidence_gate_task1_task2,0.537757553865387,0.01,IRMV1,unavailable_frozen_artifact:rank_O_S,0.017103805269594183,3.87600686049436,8785.571680553268,True,1,nan,0.07175726974770111,inf,0,300.5899438763369,3.1134169604042317,3.112699387706755,cmnist|mechanism_defined_exposed|IRMV1|0.01|0,False,False,False,False,0.0034110635187411106
18434.37911844175,12.18485334436904,12.184638929301851,1299.6478965646709,7.565382670787798,cmnist,1.0,mechanism_defined_exposed,False,repair_evidence_gate_task1_task2,0.70000627325507,0.01,IRMV1,unavailable_frozen_artifact:rank_O_S,0.026319586602258863,3.8712130676054843,7550.181856626105,True,1,nan,0.10799856930510385,inf,1,147.0981702549435,2.9304571837450797,2.9293771980520287,cmnist|mechanism_defined_exposed|IRMV1|0.01|1,False,False,False,False,0.003471263104937664
16724.124768830065,11.682292755849483,11.68204084078779,908.5515414262735,6.650963514069111,cmnist,1.0,mechanism_defined_exposed,False,repair_evidence_gate_task1_task2,0.680313129778149,0.01,IRMV1,unavailable_frozen_artifact:rank_O_S,0.03688956770424728,4.20893411169589,12549.754830667043,True,1,nan,0.1562321024749393,inf,2,134.91305109694952,2.961936461713019,2.9603741406882698,cmnist|mechanism_defined_exposed|IRMV1|0.01|2,False,False,False,False,0.0037063576056520623
11906.251743140276,11.232179117348387,11.231883898306675,1064.3992804771062,5.56016504587316,cmnist,1.0,mechanism_defined_exposed,False,repair_evidence_gate_task1_task2,0.837707184766049,0.01,IRMV1,unavailable_frozen_artifact:rank_O_S,0.034424424609313796,4.977465580924554,7753.910812354485,True,1,nan,0.14217522172768537,inf,3,124.15497887323511,3.374765214095223,3.373343461877946,cmnist|mechanism_defined_exposed|IRMV1|0.01|3,False,False,False,False,0.0038792906422990287
8980.764793422812,14.479202537551082,14.479121022845103,1228.3368821577355,9.244135865570614,cmnist,1.0,mechanism_defined_exposed,False,repair_evidence_gate_task1_task2,0.5252526907966022,0.01,IRMV1,unavailable_frozen_artifact:rank_O_S,0.018999375221748202,6.3756514266058,3803.1840540704593,True,1,nan,0.11543070348992007,inf,4,206.36479683007013,3.825313477185884,3.8241591701509847,cmnist|mechanism_defined_exposed|IRMV1|0.01|4,False,False,False,False,0.002440657109355729
18078.091486991172,17.35925618380795,17.343342666275774,895.4978097204189,17.021373623313846,cmnist,1.0,mechanism_defined_exposed,False,repair_evidence_gate_task1_task2,0.4407151808019529,0.1,IRMV1,unavailable_frozen_artifact:rank_O_S,0.1654045091487074,3.8272659423569824,8903.902428044887,True,1,nan,0.06220531198254145,inf,0,299.3824087262149,3.119433998820158,3.113213467621904,cmnist|mechanism_defined_exposed|IRMV1|0.1|0,False,False,False,False,0.03224585530882689
18582.475158433077,12.178935966355754,12.15690387118079,1290.828771726659,7.565382670787798,cmnist,1.0,mechanism_defined_exposed,False,repair_evidence_gate_task1_task2,0.5526412893047835,0.1,IRMV1,unavailable_frozen_artifact:rank_O_S,0.2592866447838253,3.840031477004191,7661.20136524829,True,1,nan,0.09785645888855957,inf,1,146.5008672123984,2.939713635618279,2.929927989729423,cmnist|mechanism_defined_exposed|IRMV1|0.1|1,False,False,False,False,0.03337114056074869
16972.414331357977,11.705221183172522,11.678063962895983,901.78856997647,6.650963514069111,cmnist,1.0,mechanism_defined_exposed,False,repair_evidence_gate_task1_task2,0.5073841443032661,0.1,IRMV1,unavailable_frozen_artifact:rank_O_S,0.369706873011807,4.218967311379447,12812.228569583229,True,1,nan,0.14461615721555462,inf,2,134.87936048861923,2.975470279921594,2.9610086642000386,cmnist|mechanism_defined_exposed|IRMV1|0.1|2,False,False,False,False,0.03581597562920432
12037.443170870072,11.258988189187223,11.228197037328462,1054.966819734404,5.56016504587316,cmnist,1.0,mechanism_defined_exposed,False,repair_evidence_gate_task1_task2,0.6597282785086458,0.1,IRMV1,unavailable_frozen_artifact:rank_O_S,0.34016024872490214,4.988659336784465,7895.294289351827,True,1,nan,0.12948017744817503,inf,3,124.13095978921885,3.3869829910237805,3.374034973278963,cmnist|mechanism_defined_exposed|IRMV1|0.1|3,False,False,False,False,0.03739079696813577
9128.285254891796,14.554321532664206,14.544744020107945,1222.5689557782737,9.244135865570614,cmnist,1.0,mechanism_defined_exposed,False,repair_evidence_gate_task1_task2,0.34990397025343256,0.1,IRMV1,unavailable_frozen_artifact:rank_O_S,0.1935398802127323,6.464157393192093,3876.25428460877,True,1,nan,0.11046206696435594,inf,4,208.238552881675,3.8354774624287105,3.824431255732275,cmnist|mechanism_defined_exposed|IRMV1|0.1|4,False,False,False,False,0.023454806963496225
4.0357915252418696e-11,17.499209337301462,17.49920933730146,1.0000000000150306,17.021373623313846,cmnist,1.0,mechanism_defined_exposed,False,repair_evidence_gate_task1_task2,14.438350379232046,0.001,L2,unavailable_frozen_artifact:rank_O_S,3.371961025157685,4.129515310741926,4913.449833028501,True,1,nan,104.2329808367351,inf,0,304.5338510084117,3.2366591361102772,3.132426155273542,cmnist|mechanism_defined_exposed|L2|0.001|0,False,False,False,False,0.1986584266721884
1.9229626863835637e-11,12.26396706743932,12.263967067439317,1.0000000000154463,7.565382670787798,cmnist,1.0,mechanism_defined_exposed,False,repair_evidence_gate_task1_task2,13.770600833291486,0.001,L2,unavailable_frozen_artifact:rank_O_S,2.7223144918300592,3.9906283459333602,4440.78813515777,True,1,nan,94.81472365492408,inf,1,148.97090093973398,3.0386551293220982,2.9438404056671743,cmnist|mechanism_defined_exposed|L2|0.001|1,False,False,False,False,0.1701130944338808
4.3000645344437934e-11,11.734864779118283,11.734864779118283,1.0000000000154763,6.650963514069111,cmnist,1.0,mechanism_defined_exposed,False,repair_evidence_gate_task1_task2,13.317155161361406,0.001,L2,unavailable_frozen_artifact:rank_O_S,4.052345623314528,4.274044832473123,5765.4660312314745,True,1,nan,88.67331079588737,inf,2,136.11627127061786,3.0697178768525046,2.9810445660566174,cmnist|mechanism_defined_exposed|L2|0.001|2,False,False,False,False,0.20335827453880156
3.14018491736755e-11,11.279207290084225,11.279207290084225,1.0000000000101166,5.56016504587316,cmnist,1.0,mechanism_defined_exposed,False,repair_evidence_gate_task1_task2,11.621912566679537,0.001,L2,unavailable_frozen_artifact:rank_O_S,2.33422920156811,5.014497931042859,4255.591826158451,True,1,nan,67.53442585377188,inf,3,125.20884495817506,3.4511776073900062,3.3836431815362342,cmnist|mechanism_defined_exposed|L2|0.001|3,False,False,False,False,0.14357746415245126
1.0749688212373145e-11,14.485563795759413,14.485563795759413,1.0000000000068785,9.244135865570614,cmnist,1.0,mechanism_defined_exposed,False,repair_evidence_gate_task1_task2,10.038733688787282,0.001,L2,unavailable_frozen_artifact:rank_O_S,1.4898075723486162,6.345216501680629,2544.9707417421378,True,1,nan,50.388087037196364,inf,4,206.58954828856955,3.8806436072591572,3.830255520221961,cmnist|mechanism_defined_exposed|L2|0.001|4,False,False,False,False,0.11044753029867904
7.850462293418874e-12,17.94934414810078,17.94934414810078,1.0000000000066365,17.021373623313846,cmnist,1.0,mechanism_defined_exposed,False,repair_evidence_gate_task1_task2,7.69533391336581,0.01,L2,unavailable_frozen_artifact:rank_O_S,11.090360224534177,4.917601606143915,664.8597958495546,True,1,nan,29.609082019098977,inf,0,319.91119597873507,3.7001648148612456,3.404073994670256,cmnist|mechanism_defined_exposed|L2|0.01|0,False,False,False,False,0.7633877450426604
1.9229626863835637e-11,12.55945403447523,12.559454034475232,1.0000000000154117,7.565382670787798,cmnist,1.0,mechanism_defined_exposed,False,repair_evidence_gate_task1_task2,8.013411599479882,0.01,L2,unavailable_frozen_artifact:rank_O_S,9.455556758483304,4.386842160514862,674.7110822548832,True,1,nan,32.10738273133936,inf,1,156.09487951659878,3.503682636087739,3.1826088087743454,cmnist|mechanism_defined_exposed|L2|0.01|1,False,False,False,False,0.7116707603324699
2.254910261093374e-11,11.871170315113103,11.871170315113103,1.000000000008047,6.650963514069111,cmnist,1.0,mechanism_defined_exposed,False,repair_evidence_gate_task1_task2,7.1901131282590605,0.01,L2,unavailable_frozen_artifact:rank_O_S,11.352008393338933,4.388048506820671,649.1096100586387,True,1,nan,25.84886339858165,inf,2,139.29386294842075,3.458634608455146,3.2001459744693292,cmnist|mechanism_defined_exposed|L2|0.01|2,False,False,False,False,0.6925008336809687
2.0014830212433604e-11,11.521854926864105,11.521854926864103,1.0000000000118903,5.56016504587316,cmnist,1.0,mechanism_defined_exposed,False,repair_evidence_gate_task1_task2,7.032583947097147,0.01,L2,unavailable_frozen_artifact:rank_O_S,7.990907214890976,5.229039032750228,610.3639189099619,True,1,nan,24.728618486484248,inf,3,130.6682938977769,3.7917086698146782,3.544422484949836,cmnist|mechanism_defined_exposed|L2|0.01|3,False,False,False,False,0.5849556351037603
9.007156365229844e-12,14.56932146759982,14.56932146759982,1.0000000000071485,9.244135865570614,cmnist,1.0,mechanism_defined_exposed,False,repair_evidence_gate_task1_task2,6.217297707854953,0.01,L2,unavailable_frozen_artifact:rank_O_S,6.160568124156134,6.3219212481674365,493.7088126403471,True,1,nan,19.327395394049226,inf,4,209.10010797362904,4.144394206124689,3.9511202521841966,cmnist|mechanism_defined_exposed|L2|0.01|4,False,False,False,False,0.5039128107852993
5.0037075531084e-12,18.628580268703345,18.628580268703345,1.0000000000065523,17.021373623313846,cmnist,1.0,mechanism_defined_exposed,False,repair_evidence_gate_task1_task2,4.016016645391966,0.1,L2,unavailable_frozen_artifact:rank_O_S,15.779414807171635,5.970844275489817,41.73996077663494,True,1,nan,8.06419484803267,inf,0,343.9390649779616,4.760315616121333,3.953896131318066,cmnist|mechanism_defined_exposed|L2|0.1|0,False,False,False,False,1.2970756040327491
5.564702806501315e-12,12.731959093558704,12.731959093558704,1.0000000000066553,7.565382670787798,cmnist,1.0,mechanism_defined_exposed,False,repair_evidence_gate_task1_task2,4.117711793481905,0.1,L2,unavailable_frozen_artifact:rank_O_S,14.227563328116055,4.654806556749058,42.610584362240324,True,1,nan,8.477775207089982,inf,1,160.3009805396731,4.665605309634351,3.817827788925353,cmnist|mechanism_defined_exposed|L2|0.1|1,False,False,False,False,1.333009089021607
7.97218214573518e-12,11.380024124074797,11.380024124074799,1.0000000000066571,6.650963514069111,cmnist,1.0,mechanism_defined_exposed,False,repair_evidence_gate_task1_task2,4.060224458413695,0.1,L2,unavailable_frozen_artifact:rank_O_S,15.222852444470137,3.872553374644987,42.40864004299167,True,1,nan,8.242711326350394,inf,2,128.10874679217252,4.491054482043881,3.666783349408842,cmnist|mechanism_defined_exposed|L2|0.1|2,False,False,False,False,1.188626162646545
2.3387854528976762e-11,11.612137552166555,11.612137552166553,1.0000000000087141,5.56016504587316,cmnist,1.0,mechanism_defined_exposed,False,repair_evidence_gate_task1_task2,4.035474288261835,0.1,L2,unavailable_frozen_artifact:rank_O_S,11.831292520802391,5.320588612491967,42.01507754397584,True,1,nan,8.142526365611179,inf,3,132.72026388105817,4.824636540338055,4.010383903776937,cmnist|mechanism_defined_exposed|L2|0.1|3,False,False,False,False,1.1287585803411855
9.813077866773593e-13,14.512917947933284,14.512917947933287,1.000000000006556,9.244135865570614,cmnist,1.0,mechanism_defined_exposed,False,repair_evidence_gate_task1_task2,3.9080409267168412,0.1,L2,unavailable_frozen_artifact:rank_O_S,9.71037622516838,6.146278721911818,40.297405965222616,True,1,nan,7.636391942446913,inf,4,207.62188760014533,5.033515992391266,4.269876798146575,cmnist|mechanism_defined_exposed|L2|0.1|4,False,False,False,False,0.9441616454814858
4.871083751574257e-11,17.388618856876164,17.38861885687616,1.0000000000142992,17.021373623313846,cmnist,1.0,mechanism_defined_exposed,False,repair_evidence_gate_task1_task2,17.28486111614413,0.0,L2,unavailable_frozen_artifact:rank_O_S,0.0,3.891319321415418,8775.986024331347,True,1,nan,149.3832119021956,inf,0,300.84544307492365,3.1126935700295952,3.1126935700295952,cmnist|mechanism_defined_exposed|L2|0|0,False,False,False,False,0.0
4.4408920985006255e-11,12.191180880695178,12.191180880695176,1.0000000000178997,7.565382670787798,cmnist,1.0,mechanism_defined_exposed,False,repair_evidence_gate_task1_task2,15.966132070668117,0.0,L2,unavailable_frozen_artifact:rank_O_S,0.0,3.884071928251001,7544.034510792161,True,1,nan,127.45868664900847,inf,1,147.24919319320054,2.9293711732182572,2.9293711732182572,cmnist|mechanism_defined_exposed|L2|0|1,False,False,False,False,0.0
1.570092458683775e-11,11.685811093581338,11.685811093581334,1.000000000014971,6.650963514069111,cmnist,1.0,mechanism_defined_exposed,False,repair_evidence_gate_task1_task2,16.627606631423784,0.0,L2,unavailable_frozen_artifact:rank_O_S,0.0,4.217315212548833,12535.056636561974,True,1,nan,138.23865114468413,inf,2,134.99501332549357,2.960367272144911,2.960367272144911,cmnist|mechanism_defined_exposed|L2|0|2,False,False,False,False,0.0
2.2887833992611185e-11,11.236073768181162,11.23607376818116,1.0000000000096305,5.56016504587316,cmnist,1.0,mechanism_defined_exposed,False,repair_evidence_gate_task1_task2,13.481337251841671,0.0,L2,unavailable_frozen_artifact:rank_O_S,0.0,4.984703826546733,7747.243768756135,True,1,nan,90.87322704894697,inf,3,124.24384335097739,3.3733359374300136,3.3733359374300136,cmnist|mechanism_defined_exposed|L2|0|3,False,False,False,False,0.0
9.614813431917818e-12,14.474854551589862,14.474854551589859,1.0000000000069384,9.244135865570614,cmnist,1.0,mechanism_defined_exposed,False,repair_evidence_gate_task1_task2,11.286851402192521,0.0,L2,unavailable_frozen_artifact:rank_O_S,0.0,6.368224508672748,3798.2370153550337,True,1,nan,63.69650728758765,inf,4,206.24681552555688,3.8241561917474325,3.8241561917474325,cmnist|mechanism_defined_exposed|L2|0|4,False,False,False,False,0.0
87.88891771480694,17.388508718637098,17.388508709393605,0.09102989842542933,17.021373623313846,cmnist,1.0,mechanism_defined_exposed,False,repair_evidence_gate_task1_task2,0.027710446628764318,0.001,VREX,unavailable_frozen_artifact:rank_O_S,0.00015592313254833776,3.8909211221899005,8775.947383555318,True,1,nan,0.004480272340089884,inf,0,300.84190945566803,3.112698050528064,3.1126935702557237,cmnist|mechanism_defined_exposed|VREX|0.001|0,False,False,False,False,2.1266312077731454e-05
74.66769725501995,12.191033981861969,12.19103397186073,0.08928756317007584,7.565382670787798,cmnist,1.0,mechanism_defined_exposed,False,repair_evidence_gate_task1_task2,0.025416159349030715,0.001,VREX,unavailable_frozen_artifact:rank_O_S,0.0001354227424758826,3.8836951472634693,7544.030515923474,True,1,nan,0.003803174750449532,inf,1,147.24585252277328,2.9293749765842483,2.929371173409498,cmnist|mechanism_defined_exposed|VREX|0.001|1,False,False,False,False,1.9557107614850654e-05
50.491598630104356,11.685581569861531,11.68558154182808,0.09970057449876955,6.650963514069111,cmnist,1.0,mechanism_defined_exposed,False,repair_evidence_gate_task1_task2,0.02464803718805005,0.001,VREX,unavailable_frozen_artifact:rank_O_S,0.00028067043292881347,4.2167776056538555,12535.102814751506,True,1,nan,0.009047797655127116,inf,2,134.98999796868452,2.9603763204789386,2.9603672726812835,cmnist|mechanism_defined_exposed|VREX|0.001|2,False,False,False,False,3.275269617578577e-05
53.48063753738146,11.235685647938794,11.235685616459078,0.09673556208468476,5.56016504587316,cmnist,1.0,mechanism_defined_exposed,False,repair_evidence_gate_task1_task2,0.03635104493609881,0.001,VREX,unavailable_frozen_artifact:rank_O_S,0.00022718276226393807,4.983951619881209,7747.265331930802,True,1,nan,0.007712126369050785,inf,3,124.23560794913588,3.373343650195084,3.373335938068715,cmnist|mechanism_defined_exposed|VREX|0.001|3,False,False,False,False,3.5740942889031446e-05
59.5464363934762,14.47407718981832,14.4740770902751,0.21444109964736108,9.244135865570614,cmnist,1.0,mechanism_defined_exposed,False,repair_evidence_gate_task1_task2,0.09051681034769898,0.001,VREX,unavailable_frozen_artifact:rank_O_S,0.0003214399835820194,6.366717276616512,3798.209474784256,True,1,nan,0.019235503946595008,inf,4,206.22555913814685,3.8241754298513775,3.824156194347431,cmnist|mechanism_defined_exposed|VREX|0.001|4,False,False,False,False,7.211115582898858e-05
87.88310520692963,17.38752016112742,17.387519239169478,0.09099586941648481,17.021373623313846,cmnist,1.0,mechanism_defined_exposed,False,repair_evidence_gate_task1_task2,0.02769338742927587,0.01,VREX,unavailable_frozen_artifact:rank_O_S,0.001558192216282435,3.8873464837448415,8775.60517293901,True,1,nan,0.004476206540052505,inf,0,300.81016730066,3.1127383546767438,3.1126935926113433,cmnist|mechanism_defined_exposed|VREX|0.01|0,False,False,False,False,0.00021251702020499988
74.6597076884154,12.189715190175894,12.189714192391797,0.08925601386102959,7.565382670787798,cmnist,1.0,mechanism_defined_exposed,False,repair_evidence_gate_task1_task2,0.02540089220863881,0.01,VREX,unavailable_frozen_artifact:rank_O_S,0.0013533258947664205,3.8803121175719197,7543.9995897035515,True,1,nan,0.003799736098388354,inf,1,147.21584284285407,2.929409189677946,2.929371192316962,cmnist|mechanism_defined_exposed|VREX|0.01|1,False,False,False,False,0.0001954415592165293
50.47930234091931,11.683523603860982,11.683520808500685,0.0996477468350682,6.650963514069111,cmnist,1.0,mechanism_defined_exposed,False,repair_evidence_gate_task1_task2,0.024626450346354863,0.01,VREX,unavailable_frozen_artifact:rank_O_S,0.0028043247018032834,4.2119565824420695,12535.538006072878,True,1,nan,0.009038156058453487,inf,2,134.94497843887382,2.9604577072524347,2.96036732569185,cmnist|mechanism_defined_exposed|VREX|0.01|2,False,False,False,False,0.0003272519932391895
53.469847016268496,11.232205385005502,11.23220224737152,0.09665820978038055,5.56016504587316,cmnist,1.0,mechanism_defined_exposed,False,repair_evidence_gate_task1_task2,0.03631333947773822,0.01,VREX,unavailable_frozen_artifact:rank_O_S,0.0022693642505023557,4.977204789353114,7747.470019883229,True,1,nan,0.007700649082538417,inf,3,124.16171499155098,3.373413007657485,3.3733360011666598,cmnist|mechanism_defined_exposed|VREX|0.01|3,False,False,False,False,0.0003570340295975532
59.5276202904849,14.467120921345321,14.467111019303067,0.21425628458708537,9.244135865570614,cmnist,1.0,mechanism_defined_exposed,False,repair_evidence_gate_task1_task2,0.09037303609319854,0.01,VREX,unavailable_frozen_artifact:rank_O_S,0.003209210289595736,6.353224323215952,3797.976063089058,True,1,nan,0.019188829614336607,inf,4,206.0351555354706,3.8243483391769306,3.8241564508807873,cmnist|mechanism_defined_exposed|VREX|0.01|4,False,False,False,False,0.0007199074524217757
87.82528745897531,17.377894836387625,17.377804982176695,0.0906585934389582,17.021373623313846,cmnist,1.0,mechanism_defined_exposed,False,repair_evidence_gate_task1_task2,0.027524465890488226,0.1,VREX,unavailable_frozen_artifact:rank_O_S,0.015479048327615652,3.8524907814507734,8772.727703799772,True,1,nan,0.0044360040958704725,inf,0,300.4986146765581,3.1131393979852784,3.1126957975756913,cmnist|mechanism_defined_exposed|VREX|0.1|0,False,False,False,False,0.0021107089276561123
74.58037463067537,12.176847179043675,12.17674969722541,0.08894325847662032,7.565382670787798,cmnist,1.0,mechanism_defined_exposed,False,repair_evidence_gate_task1_task2,0.025249662566838537,0.1,VREX,unavailable_frozen_artifact:rank_O_S,0.013443989757159687,3.847260695086304,7544.183188765216,True,1,nan,0.0037657211741703965,inf,1,146.92122090703674,2.9297496302207686,2.9293730581033515,cmnist|mechanism_defined_exposed|VREX|0.1|1,False,False,False,False,0.0019415896063431615
50.35736214214205,11.663690452571535,11.663418724990729,0.0991251502627152,6.650963514069111,cmnist,1.0,mechanism_defined_exposed,False,repair_evidence_gate_task1_task2,0.024413301283811504,0.1,VREX,unavailable_frozen_artifact:rank_O_S,0.027808290117132782,4.165435899089628,12541.807750010807,True,1,nan,0.008943056740155301,inf,2,134.50623246261588,2.9612668440231937,2.960372538349178,cmnist|mechanism_defined_exposed|VREX|0.1|2,False,False,False,False,0.0032453672419861493
53.36315285053171,11.198633634611383,11.19832995666566,0.0958948069409034,5.56016504587316,cmnist,1.0,mechanism_defined_exposed,False,repair_evidence_gate_task1_task2,0.03594196376648386,0.1,VREX,unavailable_frozen_artifact:rank_O_S,0.022451100712616596,4.911958319322082,7750.551184702313,True,1,nan,0.0075878310552436115,inf,3,123.4444519389927,3.3741009628764576,3.3733421797709333,cmnist|mechanism_defined_exposed|VREX|0.1|3,False,False,False,False,0.0035333669276128477
59.34287359006232,14.40133225294779,14.400392323826988,0.21244696795836981,9.244135865570614,cmnist,1.0,mechanism_defined_exposed,False,repair_evidence_gate_task1_task2,0.08896839470827807,0.1,VREX,unavailable_frozen_artifact:rank_O_S,0.03158525134833082,6.225152537683469,3797.0344579999855,True,1,nan,0.018734601802026428,inf,4,204.2164627968422,3.826054725619828,3.824181265439625,cmnist|mechanism_defined_exposed|VREX|0.1|4,False,False,False,False,0.007081481793136237
17972.654232669647,14.721670918892915,14.721668850716792,901.9330745797066,51.06412086994154,cmnist,1.0,mechanism_defined_hidden,False,repair_evidence_gate_task1_task2,0.6204281640563158,0.001,IRMV1,unavailable_frozen_artifact:rank_O_S,0.001687644841621,2.2457560867306032,8776.880233677526,True,1,nan,0.07280983681694878,inf,0,215.1257560498895,3.112766440159589,3.112693630322772,cmnist|mechanism_defined_hidden|IRMV1|0.001|0,False,False,False,False,0.00034725545725120975
18423.269283691297,10.101985091823241,10.101982479440082,1301.1121344681676,22.696148012363373,cmnist,1.0,mechanism_defined_hidden,False,repair_evidence_gate_task1_task2,0.8452743677657489,0.001,IRMV1,unavailable_frozen_artifact:rank_O_S,0.002607920768057129,2.2417334899379275,7544.547696150312,True,1,nan,0.10909110045895647,inf,1,100.5200789466167,2.929480328062663,2.9293712369622043,cmnist|mechanism_defined_hidden|IRMV1|0.001|1,False,False,False,False,0.00035705448082928816
16704.829110037397,9.58709849229922,9.587095215523918,909.8014650324498,19.952890542207303,cmnist,1.0,mechanism_defined_hidden,False,repair_evidence_gate_task1_task2,0.862085235509126,0.001,IRMV1,unavailable_frozen_artifact:rank_O_S,0.0036366834279526502,2.434401473392918,12536.294151258246,True,1,nan,0.15748428008821896,inf,2,90.13039590494097,2.9605248322666786,2.9603673479865904,cmnist|mechanism_defined_hidden|IRMV1|0.001|2,False,False,False,False,0.00038946545397537284
11896.97071711309,9.012060166140676,9.012056438831218,1065.9601096905867,16.68049513761949,cmnist,1.0,mechanism_defined_hidden,False,repair_evidence_gate_task1_task2,1.0164148782434466,0.001,IRMV1,unavailable_frozen_artifact:rank_O_S,0.0034203086049537017,2.877513089519491,7747.762918231106,True,1,nan,0.1435434799876925,inf,3,78.79737256815652,3.373479562294662,3.3733360188146744,cmnist|mechanism_defined_hidden|IRMV1|0.001|3,False,False,False,False,0.0004034468105031354
8968.513685271671,11.618039678836995,11.618038756825248,1229.5752827135766,27.73240759671185,cmnist,1.0,mechanism_defined_hidden,False,repair_evidence_gate_task1_task2,0.7040922058526096,0.001,IRMV1,unavailable_frozen_artifact:rank_O_S,0.0018562521031067886,3.6771290575470035,3798.6807495031735,True,1,nan,0.11597724279632932,inf,4,131.03184921872722,3.8242722034656276,3.824156226222831,cmnist|mechanism_defined_hidden|IRMV1|0.001|4,False,False,False,False,0.00026258487407840493
17980.352449015292,14.71867518688177,14.718454185789724,901.0925025805429,51.06412086994154,cmnist,1.0,mechanism_defined_hidden,False,repair_evidence_gate_task1_task2,0.537757553865387,0.01,IRMV1,unavailable_frozen_artifact:rank_O_S,0.017103805269594183,2.239183218610272,8785.571680553268,True,1,nan,0.07175726974770111,inf,0,215.04252490536857,3.1134169604042317,3.112699387706755,cmnist|mechanism_defined_hidden|IRMV1|0.01|0,False,False,False,False,0.0034110635187411106
18434.37911844175,10.099778236183047,10.09948871137475,1299.6478965646709,22.696148012363373,cmnist,1.0,mechanism_defined_hidden,False,repair_evidence_gate_task1_task2,0.70000627325507,0.01,IRMV1,unavailable_frozen_artifact:rank_O_S,0.026319586602258863,2.2364725646505534,7550.181856626105,True,1,nan,0.10799856930510385,inf,1,100.47885612271027,2.9304571837450797,2.9293771980520287,cmnist|mechanism_defined_hidden|IRMV1|0.01|1,False,False,False,False,0.003471263104937664
16724.124768830065,9.586271851641234,9.585924829375543,908.5515414262735,19.952890542207303,cmnist,1.0,mechanism_defined_hidden,False,repair_evidence_gate_task1_task2,0.680313129778149,0.01,IRMV1,unavailable_frozen_artifact:rank_O_S,0.03688956770424728,2.4315293785814336,12549.754830667043,True,1,nan,0.1562321024749393,inf,2,90.11473809033387,2.961936461713019,2.9603741406882698,cmnist|mechanism_defined_hidden|IRMV1|0.01|2,False,False,False,False,0.0037063576056520623
11906.251743140276,9.01112469576757,9.010719007291044,1064.3992804771062,16.68049513761949,cmnist,1.0,mechanism_defined_hidden,False,repair_evidence_gate_task1_task2,0.837707184766049,0.01,IRMV1,unavailable_frozen_artifact:rank_O_S,0.034424424609313796,2.8751288739333485,7753.910812354485,True,1,nan,0.14217522172768537,inf,3,78.77983275056121,3.374765214095223,3.373343461877946,cmnist|mechanism_defined_hidden|IRMV1|0.01|3,False,False,False,False,0.0038792906422990287
8980.764793422812,11.62017824743285,11.620071045656053,1228.3368821577355,27.73240759671185,cmnist,1.0,mechanism_defined_hidden,False,repair_evidence_gate_task1_task2,0.5252526907966022,0.01,IRMV1,unavailable_frozen_artifact:rank_O_S,0.018999375221748202,3.681414338933691,3803.1840540704593,True,1,nan,0.11543070348992007,inf,4,131.0720262645226,3.825313477185884,3.8241591701509847,cmnist|mechanism_defined_hidden|IRMV1|0.01|4,False,False,False,False,0.002440657109355729
18078.091486991172,14.724413285034608,14.70482892022171,895.4978097204189,51.06412086994154,cmnist,1.0,mechanism_defined_hidden,False,repair_evidence_gate_task1_task2,0.4407151808019529,0.1,IRMV1,unavailable_frozen_artifact:rank_O_S,0.1654045091487074,2.318393142776662,8903.902428044887,True,1,nan,0.06220531198254145,inf,0,214.74091232631574,3.119433998820158,3.113213467621904,cmnist|mechanism_defined_hidden|IRMV1|0.1|0,False,False,False,False,0.03224585530882689
18582.475158433077,10.125303058497305,10.09621296882779,1290.828771726659,22.696148012363373,cmnist,1.0,mechanism_defined_hidden,False,repair_evidence_gate_task1_task2,0.5526412893047835,0.1,IRMV1,unavailable_frozen_artifact:rank_O_S,0.2592866447838253,2.3387842096179656,7661.20136524829,True,1,nan,0.09785645888855957,inf,1,100.48639020381694,2.939713635618279,2.929927989729423,cmnist|mechanism_defined_hidden|IRMV1|0.1|1,False,False,False,False,0.03337114056074869
16972.414331357977,9.633505783668934,9.596723186628843,901.78856997647,19.952890542207303,cmnist,1.0,mechanism_defined_hidden,False,repair_evidence_gate_task1_task2,0.5073841443032661,0.1,IRMV1,unavailable_frozen_artifact:rank_O_S,0.369706873011807,2.5679409536543463,12812.228569583229,True,1,nan,0.14461615721555462,inf,2,90.3678595249575,2.975470279921594,2.9610086642000386,cmnist|mechanism_defined_hidden|IRMV1|0.1|2,False,False,False,False,0.03581597562920432
12037.443170870072,9.065516534095224,9.02363295746587,1054.966819734404,16.68049513761949,cmnist,1.0,mechanism_defined_hidden,False,repair_evidence_gate_task1_task2,0.6597282785086458,0.1,IRMV1,unavailable_frozen_artifact:rank_O_S,0.34016024872490214,3.0006471491289957,7895.294289351827,True,1,nan,0.12948017744817503,inf,3,79.06221856126507,3.3869829910237805,3.374034973278963,cmnist|mechanism_defined_hidden|IRMV1|0.1|3,False,False,False,False,0.03739079696813577
9128.285254891796,11.671149192134628,11.65838201871207,1222.5689557782737,27.73240759671185,cmnist,1.0,mechanism_defined_hidden,False,repair_evidence_gate_task1_task2,0.34990397025343256,0.1,IRMV1,unavailable_frozen_artifact:rank_O_S,0.1935398802127323,3.7706375809239208,3876.25428460877,True,1,nan,0.11046206696435594,inf,4,131.90144607846497,3.8354774624287105,3.824431255732275,cmnist|mechanism_defined_hidden|IRMV1|0.1|4,False,False,False,False,0.023454806963496225
4.0357915252418696e-11,14.776823364929598,14.776823364929601,1.0000000000150306,51.06412086994154,cmnist,1.0,mechanism_defined_hidden,False,repair_evidence_gate_task1_task2,14.438350379232046,0.001,L2,unavailable_frozen_artifact:rank_O_S,3.371961025157685,2.3841767762795323,4913.449833028501,True,1,nan,104.2329808367351,inf,0,216.56066343138127,3.2366591361102772,3.132426155273542,cmnist|mechanism_defined_hidden|L2|0.001|0,False,False,False,False,0.1986584266721884
1.9229626863835637e-11,10.139516212959808,10.139516212959808,1.0000000000154463,22.696148012363373,cmnist,1.0,mechanism_defined_hidden,False,repair_evidence_gate_task1_task2,13.770600833291486,0.001,L2,unavailable_frozen_artifact:rank_O_S,2.7223144918300592,2.303990349760377,4440.78813515777,True,1,nan,94.81472365492408,inf,1,101.20457259008678,3.0386551293220982,2.9438404056671743,cmnist|mechanism_defined_hidden|L2|0.001|1,False,False,False,False,0.1701130944338808
4.3000645344437934e-11,9.613157816765522,9.613157816765526,1.0000000000154763,19.952890542207303,cmnist,1.0,mechanism_defined_hidden,False,repair_evidence_gate_task1_task2,13.317155161361406,0.001,L2,unavailable_frozen_artifact:rank_O_S,4.052345623314528,2.467620934556886,5765.4660312314745,True,1,nan,88.67331079588737,inf,2,90.59137269158157,3.0697178768525046,2.9810445660566174,cmnist|mechanism_defined_hidden|L2|0.001|2,False,False,False,False,0.20335827453880156
3.14018491736755e-11,9.036595255575984,9.036595255575985,1.0000000000101166,16.68049513761949,cmnist,1.0,mechanism_defined_hidden,False,repair_evidence_gate_task1_task2,11.621912566679537,0.001,L2,unavailable_frozen_artifact:rank_O_S,2.33422920156811,2.8951217303384174,4255.591826158451,True,1,nan,67.53442585377188,inf,3,79.22412249118193,3.4511776073900062,3.3836431815362342,cmnist|mechanism_defined_hidden|L2|0.001|3,False,False,False,False,0.14357746415245126
1.0749688212373145e-11,11.626780607456379,11.626780607456379,1.0000000000068785,27.73240759671185,cmnist,1.0,mechanism_defined_hidden,False,repair_evidence_gate_task1_task2,10.038733688787282,0.001,L2,unavailable_frozen_artifact:rank_O_S,1.4898075723486162,3.6634124553117675,2544.9707417421378,True,1,nan,50.388087037196364,inf,4,131.2744145901375,3.8806436072591572,3.830255520221961,cmnist|mechanism_defined_hidden|L2|0.001|4,False,False,False,False,0.11044753029867904
7.850462293418874e-12,15.004816045988159,15.004816045988163,1.0000000000066365,51.06412086994154,cmnist,1.0,mechanism_defined_hidden,False,repair_evidence_gate_task1_task2,7.69533391336581,0.01,L2,unavailable_frozen_artifact:rank_O_S,11.090360224534177,2.839178611074527,664.8597958495546,True,1,nan,29.609082019098977,inf,0,222.67320284778157,3.7001648148612456,3.404073994670256,cmnist|mechanism_defined_hidden|L2|0.01|0,False,False,False,False,0.7633877450426604
1.9229626863835637e-11,10.291942292313964,10.291942292313962,1.0000000000154117,22.696148012363373,cmnist,1.0,mechanism_defined_hidden,False,repair_evidence_gate_task1_task2,8.013411599479882,0.01,L2,unavailable_frozen_artifact:rank_O_S,9.455556758483304,2.532744502265655,674.7110822548832,True,1,nan,32.10738273133936,inf,1,104.03915003400297,3.503682636087739,3.1826088087743454,cmnist|mechanism_defined_hidden|L2|0.01|1,False,False,False,False,0.7116707603324699
2.254910261093374e-11,9.6879840403006,9.687984040300602,1.000000000008047,19.952890542207303,cmnist,1.0,mechanism_defined_hidden,False,repair_evidence_gate_task1_task2,7.1901131282590605,0.01,L2,unavailable_frozen_artifact:rank_O_S,11.352008393338933,2.53344098663005,649.1096100586387,True,1,nan,25.84886339858165,inf,2,91.96998198040427,3.458634608455146,3.2001459744693292,cmnist|mechanism_defined_hidden|L2|0.01|2,False,False,False,False,0.6925008336809687
2.0014830212433604e-11,9.168428934501613,9.168428934501613,1.0000000000118903,16.68049513761949,cmnist,1.0,mechanism_defined_hidden,False,repair_evidence_gate_task1_task2,7.032583947097147,0.01,L2,unavailable_frozen_artifact:rank_O_S,7.990907214890976,3.0189870931614027,610.3639189099619,True,1,nan,24.728618486484248,inf,3,81.4861673897868,3.7917086698146782,3.544422484949836,cmnist|mechanism_defined_hidden|L2|0.01|3,False,False,False,False,0.5849556351037603
9.007156365229844e-12,11.681095529276202,11.681095529276204,1.0000000000071485,27.73240759671185,cmnist,1.0,mechanism_defined_hidden,False,repair_evidence_gate_task1_task2,6.217297707854953,0.01,L2,unavailable_frozen_artifact:rank_O_S,6.160568124156134,3.649962934425086,493.7088126403471,True,1,nan,19.327395394049226,inf,4,132.61818472276755,4.144394206124689,3.9511202521841966,cmnist|mechanism_defined_hidden|L2|0.01|4,False,False,False,False,0.5039128107852993
5.0037075531084e-12,15.351080277296196,15.351080277296198,1.0000000000065523,51.06412086994154,cmnist,1.0,mechanism_defined_hidden,False,repair_evidence_gate_task1_task2,4.016016645391966,0.1,L2,unavailable_frozen_artifact:rank_O_S,15.779414807171635,3.447268549743381,41.73996077663494,True,1,nan,8.06419484803267,inf,0,232.1675862565475,4.760315616121333,3.953896131318066,cmnist|mechanism_defined_hidden|L2|0.1|0,False,False,False,False,1.2970756040327491
5.564702806501315e-12,10.37794381608025,10.377943816080252,1.0000000000066553,22.696148012363373,cmnist,1.0,mechanism_defined_hidden,False,repair_evidence_gate_task1_task2,4.117711793481905,0.1,L2,unavailable_frozen_artifact:rank_O_S,14.227563328116055,2.6874538185647037,42.610584362240324,True,1,nan,8.477775207089982,inf,1,105.60839471636184,4.665605309634351,3.817827788925353,cmnist|mechanism_defined_hidden|L2|0.1|1,False,False,False,False,1.333009089021607
7.97218214573518e-12,9.426392928826287,9.426392928826287,1.0000000000066571,19.952890542207303,cmnist,1.0,mechanism_defined_hidden,False,repair_evidence_gate_task1_task2,4.060224458413695,0.1,L2,unavailable_frozen_artifact:rank_O_S,15.222852444470137,2.2358197333024767,42.40864004299167,True,1,nan,8.242711326350394,inf,2,87.3048283204869,4.491054482043881,3.666783349408842,cmnist|mechanism_defined_hidden|L2|0.1|2,False,False,False,False,1.188626162646545
2.3387854528976762e-11,9.216475406474416,9.216475406474418,1.0000000000087141,16.68049513761949,cmnist,1.0,mechanism_defined_hidden,False,repair_evidence_gate_task1_task2,4.035474288261835,0.1,L2,unavailable_frozen_artifact:rank_O_S,11.831292520802391,3.0718432676694953,42.01507754397584,True,1,nan,8.142526365611179,inf,3,82.30518723952332,4.824636540338055,4.010383903776937,cmnist|mechanism_defined_hidden|L2|0.1|3,False,False,False,False,1.1287585803411855
9.813077866773593e-13,11.661595665092328,11.66159566509233,1.000000000006556,27.73240759671185,cmnist,1.0,mechanism_defined_hidden,False,repair_evidence_gate_task1_task2,3.9080409267168412,0.1,L2,unavailable_frozen_artifact:rank_O_S,9.71037622516838,3.548555674610258,40.297405965222616,True,1,nan,7.636391942446913,inf,4,132.37816605526692,5.033515992391266,4.269876798146575,cmnist|mechanism_defined_hidden|L2|0.1|4,False,False,False,False,0.9441616454814858
4.871083751574257e-11,14.722221289304132,14.722221289304134,1.0000000000142992,51.06412086994154,cmnist,1.0,mechanism_defined_hidden,False,repair_evidence_gate_task1_task2,17.28486111614413,0.0,L2,unavailable_frozen_artifact:rank_O_S,0.0,2.2466542577219832,8775.986024331347,True,1,nan,149.3832119021956,inf,0,215.14084237581858,3.1126935700295952,3.1126935700295952,cmnist|mechanism_defined_hidden|L2|0|0,False,False,False,False,0.0
4.4408920985006255e-11,10.102457152862717,10.102457152862717,1.0000000000178997,22.696148012363373,cmnist,1.0,mechanism_defined_hidden,False,repair_evidence_gate_task1_task2,15.966132070668117,0.0,L2,unavailable_frozen_artifact:rank_O_S,0.0,2.242469973327584,7544.034510792161,True,1,nan,127.45868664900847,inf,1,100.52877320677293,2.9293711732182572,2.9293711732182572,cmnist|mechanism_defined_hidden|L2|0|1,False,False,False,False,0.0
1.570092458683775e-11,9.587421616196474,9.587421616196474,1.000000000014971,19.952890542207303,cmnist,1.0,mechanism_defined_hidden,False,repair_evidence_gate_task1_task2,16.627606631423784,0.0,L2,unavailable_frozen_artifact:rank_O_S,0.0,2.434868073222572,12535.056636561974,True,1,nan,138.23865114468413,inf,2,90.13605015230956,2.960367272144911,2.960367272144911,cmnist|mechanism_defined_hidden|L2|0|2,False,False,False,False,0.0
2.2887833992611185e-11,9.012442787932994,9.012442787932994,1.0000000000096305,16.68049513761949,cmnist,1.0,mechanism_defined_hidden,False,repair_evidence_gate_task1_task2,13.481337251841671,0.0,L2,unavailable_frozen_artifact:rank_O_S,0.0,2.877920096087313,7747.243768756135,True,1,nan,90.87322704894697,inf,3,78.80380904549776,3.3733359374300136,3.3733359374300136,cmnist|mechanism_defined_hidden|L2|0|3,False,False,False,False,0.0
9.614813431917818e-12,11.618012023361826,11.618012023361823,1.0000000000069384,27.73240759671185,cmnist,1.0,mechanism_defined_hidden,False,repair_evidence_gate_task1_task2,11.286851402192521,0.0,L2,unavailable_frozen_artifact:rank_O_S,0.0,3.6766961343421842,3798.2370153550337,True,1,nan,63.69650728758765,inf,4,131.0322033546276,3.8241561917474325,3.8241561917474325,cmnist|mechanism_defined_hidden|L2|0|4,False,False,False,False,0.0
87.88891771480694,14.722173795569853,14.722173784147154,0.09102989842542933,51.06412086994154,cmnist,1.0,mechanism_defined_hidden,False,repair_evidence_gate_task1_task2,0.027710446628764318,0.001,VREX,unavailable_frozen_artifact:rank_O_S,0.00015592313254833776,2.24642441096977,8775.947383555318,True,1,nan,0.004480272340089884,inf,0,215.13976858561927,3.112698050528064,3.1126935702557237,cmnist|mechanism_defined_hidden|VREX|0.001|0,False,False,False,False,2.1266312077731454e-05
74.66769725501995,10.102392670109774,10.1023926569283,0.08928756317007584,22.696148012363373,cmnist,1.0,mechanism_defined_hidden,False,repair_evidence_gate_task1_task2,0.025416159349030715,0.001,VREX,unavailable_frozen_artifact:rank_O_S,0.0001354227424758826,2.242252484203954,7544.030515923474,True,1,nan,0.003803174750449532,inf,1,100.5277594352671,2.9293749765842483,2.929371173409498,cmnist|mechanism_defined_hidden|VREX|0.001|1,False,False,False,False,1.9557107614850654e-05
50.491598630104356,9.587321178444485,9.587321140373252,0.09970057449876955,19.952890542207303,cmnist,1.0,mechanism_defined_hidden,False,repair_evidence_gate_task1_task2,0.02464803718805005,0.001,VREX,unavailable_frozen_artifact:rank_O_S,0.00028067043292881347,2.4345578032164186,12535.102814751506,True,1,nan,0.009047797655127116,inf,2,90.13456207933419,2.9603763204789386,2.9603672726812835,cmnist|mechanism_defined_hidden|VREX|0.001|2,False,False,False,False,3.275269617578577e-05
53.48063753738146,9.012270222464348,9.012270176714647,0.09673556208468476,16.68049513761949,cmnist,1.0,mechanism_defined_hidden,False,repair_evidence_gate_task1_task2,0.03635104493609881,0.001,VREX,unavailable_frozen_artifact:rank_O_S,0.00022718276226393807,2.877485927721331,7747.265331930802,True,1,nan,0.007712126369050785,inf,3,78.80138035863169,3.373343650195084,3.373335938068715,cmnist|mechanism_defined_hidden|VREX|0.001|3,False,False,False,False,3.5740942889031446e-05
59.5464363934762,11.617665571717763,11.61766542734377,0.21444109964736108,27.73240759671185,cmnist,1.0,mechanism_defined_hidden,False,repair_evidence_gate_task1_task2,0.09051681034769898,0.001,VREX,unavailable_frozen_artifact:rank_O_S,0.0003214399835820194,3.675826310609337,3798.209474784256,True,1,nan,0.019235503946595008,inf,4,131.02589617630366,3.8241754298513775,3.824156194347431,cmnist|mechanism_defined_hidden|VREX|0.001|4,False,False,False,False,7.211115582898858e-05
87.88310520692963,14.72174820143278,14.721747062213876,0.09099586941648481,51.06412086994154,cmnist,1.0,mechanism_defined_hidden,False,repair_evidence_gate_task1_task2,0.02769338742927587,0.01,VREX,unavailable_frozen_artifact:rank_O_S,0.001558192216282435,2.2443658967889792,8775.60517293901,True,1,nan,0.004476206540052505,inf,0,215.1301227439922,3.1127383546767438,3.1126935926113433,cmnist|mechanism_defined_hidden|VREX|0.01|0,False,False,False,False,0.00021251702020499988
74.6597076884154,10.101814632974449,10.10181331811181,0.08925601386102959,22.696148012363373,cmnist,1.0,mechanism_defined_hidden,False,repair_evidence_gate_task1_task2,0.02540089220863881,0.01,VREX,unavailable_frozen_artifact:rank_O_S,0.0013533258947664205,2.240303785630598,7543.9995897035515,True,1,nan,0.003799736098388354,inf,1,100.5186529105324,2.929409189677946,2.929371192316962,cmnist|mechanism_defined_hidden|VREX|0.01|1,False,False,False,False,0.0001954415592165293
50.47930234091931,9.586423208134347,9.586419412792017,0.0996477468350682,19.952890542207303,cmnist,1.0,mechanism_defined_hidden,False,repair_evidence_gate_task1_task2,0.024626450346354863,0.01,VREX,unavailable_frozen_artifact:rank_O_S,0.0028043247018032834,2.431785988606029,12535.538006072878,True,1,nan,0.009038156058453487,inf,2,90.12120660937089,2.9604577072524347,2.96036732569185,cmnist|mechanism_defined_hidden|VREX|0.01|2,False,False,False,False,0.0003272519932391895
53.469847016268496,9.010726145192896,9.01072158713827,0.09665820978038055,16.68049513761949,cmnist,1.0,mechanism_defined_hidden,False,repair_evidence_gate_task1_task2,0.03631333947773822,0.01,VREX,unavailable_frozen_artifact:rank_O_S,0.0022693642505023557,2.873602326745415,7747.470019883229,True,1,nan,0.007700649082538417,inf,3,78.77959130888752,3.373413007657485,3.3733360011666598,cmnist|mechanism_defined_hidden|VREX|0.01|3,False,False,False,False,0.0003570340295975532
59.5276202904849,11.61457573510967,11.61456138276284,0.21425628458708537,27.73240759671185,cmnist,1.0,mechanism_defined_hidden,False,repair_evidence_gate_task1_task2,0.09037303609319854,0.01,VREX,unavailable_frozen_artifact:rank_O_S,0.003209210289595736,3.668073311488407,3797.976063089058,True,1,nan,0.019188829614336607,inf,4,130.96941032197975,3.8243483391769306,3.8241564508807873,cmnist|mechanism_defined_hidden|VREX|0.01|4,False,False,False,False,0.0007199074524217757
87.82528745897531,14.7176708451788,14.717559908156481,0.0906585934389582,51.06412086994154,cmnist,1.0,mechanism_defined_hidden,False,repair_evidence_gate_task1_task2,0.027524465890488226,0.1,VREX,unavailable_frozen_artifact:rank_O_S,0.015479048327615652,2.224762628254631,8772.727703799772,True,1,nan,0.0044360040958704725,inf,0,215.03543917176646,3.1131393979852784,3.1126957975756913,cmnist|mechanism_defined_hidden|VREX|0.1|0,False,False,False,False,0.0021107089276561123
74.58037463067537,10.096257386562222,10.096129120042134,0.08894325847662032,22.696148012363373,cmnist,1.0,mechanism_defined_hidden,False,repair_evidence_gate_task1_task2,0.025249662566838537,0.1,VREX,unavailable_frozen_artifact:rank_O_S,0.013443989757159687,2.22166296940987,7544.183188765216,True,1,nan,0.0037657211741703965,inf,1,100.4292793430381,2.9297496302207686,2.9293730581033515,cmnist|mechanism_defined_hidden|VREX|0.1|1,False,False,False,False,0.0019415896063431615
50.35736214214205,9.578016323111273,9.577648285122551,0.0991251502627152,19.952890542207303,cmnist,1.0,mechanism_defined_hidden,False,repair_evidence_gate_task1_task2,0.024413301283811504,0.1,VREX,unavailable_frozen_artifact:rank_O_S,0.027808290117132782,2.4060617734209764,12541.807750010807,True,1,nan,0.008943056740155301,inf,2,89.99123623352868,2.9612668440231937,2.960372538349178,cmnist|mechanism_defined_hidden|VREX|0.1|2,False,False,False,False,0.0032453672419861493
53.36315285053171,8.996145956595557,8.995706593340822,0.0958948069409034,16.68049513761949,cmnist,1.0,mechanism_defined_hidden,False,repair_evidence_gate_task1_task2,0.03594196376648386,0.1,VREX,unavailable_frozen_artifact:rank_O_S,0.022451100712616596,2.8370674142733985,7750.551184702313,True,1,nan,0.0075878310552436115,inf,3,78.56832828278867,3.3741009628764576,3.3733421797709333,cmnist|mechanism_defined_hidden|VREX|0.1|3,False,False,False,False,0.0035333669276128477
59.34287359006232,11.586317914037888,11.584964021889828,0.21244696795836981,27.73240759671185,cmnist,1.0,mechanism_defined_hidden,False,repair_evidence_gate_task1_task2,0.08896839470827807,0.1,VREX,unavailable_frozen_artifact:rank_O_S,0.03158525134833082,3.5976792619255407,3797.0344579999855,True,1,nan,0.018734601802026428,inf,4,130.4308067268388,3.826054725619828,3.824181265439625,cmnist|mechanism_defined_hidden|VREX|0.1|4,False,False,False,False,0.007081481793136237
3.181441013397286,3.912496021780849e-06,3.5507656628665877e-06,15.167776462080786,0.05118145108608892,gaussian,1.0,hidden_u_hurts,False,repair_evidence_gate_task1_task2,0.007412601323310442,0.001,IRMV1,unavailable_frozen_artifact:rank_O_S,2.2370005551246108e-06,0.3515603267003064,0.9028420330902764,True,1,nan,0.0005094874717615162,1.231690048352228e-10,population,-0.0,0.25595413300866554,0.2559536235211938,gaussian|hidden_u_hurts|IRMV1|0.001|population,False,False,False,False,3.663482231671869e-06
3.1810923765219217,3.8357107578216814e-05,3.475625620153372e-05,15.165639203969619,0.05118145108608892,gaussian,1.0,hidden_u_hurts,False,repair_evidence_gate_task1_task2,0.007218959560722514,0.01,IRMV1,unavailable_frozen_artifact:rank_O_S,2.2031578348749933e-05,0.3515348360445625,0.9027947182829654,True,1,nan,0.0005093709584167133,1.1801124426061701e-08,population,-0.0,0.2559587178657498,0.2559536241561655,gaussian|hidden_u_hurts|IRMV1|0.01|population,False,False,False,False,3.582408275963566e-05
3.178374882835361,0.00032702302326044193,0.00029243277737085944,15.14930208784411,0.05118145108608892,gaussian,1.0,hidden_u_hurts,False,repair_evidence_gate_task1_task2,0.005736147975923125,0.1,IRMV1,unavailable_frozen_artifact:rank_O_S,0.00019509572459837382,0.35130754097542094,0.9024206448776472,True,1,nan,0.0005085170596645197,8.354289246019261e-07,population,-0.0,0.2560045193411388,0.25595366763517224,gaussian|hidden_u_hurts|IRMV1|0.1|population,False,False,False,False,0.0002970545038632187
0.0,0.00036374794722260334,0.00027825313664476555,1.000000000001,0.05118145108608892,gaussian,1.0,hidden_u_hurts,False,repair_evidence_gate_task1_task2,0.5623613703724031,0.001,L2,unavailable_frozen_artifact:rank_O_S,0.00019581557847207027,0.35122559502732076,0.9019643039180831,True,1,nan,0.15812515544356354,7.563756635428283e-07,population,-0.0,0.2561117917786142,0.25595366662317054,gaussian|hidden_u_hurts|L2|0.001|population,False,False,False,False,0.00029362795323237576
0.0,0.003605174101184369,0.0027539553934237547,1.000000000001,0.05118145108608892,gaussian,1.0,hidden_u_hurts,False,repair_evidence_gate_task1_task2,0.5609886957128281,0.01,L2,unavailable_frozen_artifact:rank_O_S,0.0019461607952533078,0.3482171243446905,0.8940925462202045,True,1,nan,0.15735415835879002,7.409198203672258e-05,population,-0.0,0.2575314417973744,0.2559579002137865,gaussian|hidden_u_hurts|L2|0.01|population,False,False,False,False,0.0029246193951398196
0.0,0.03311833046138469,0.024964178251738987,1.000000000001,0.05118145108608892,gaussian,1.0,hidden_u_hurts,False,repair_evidence_gate_task1_task2,0.5479235690716313,0.1,L2,unavailable_frozen_artifact:rank_O_S,0.018359641923829752,0.3208228977761979,0.8222649392120831,True,1,nan,0.15011011877209737,0.006088242737943651,population,-0.0,0.27136127214131645,0.2563502602641068,gaussian|hidden_u_hurts|L2|0.1|population,False,False,False,False,0.028165111383536858
0.0,1.552583696766526e-12,1.3973015356361831e-12,1.000000000001,0.05118145108608892,gaussian,1.0,hidden_u_hurts,False,repair_evidence_gate_task1_task2,0.5625146966797461,0.0,L2,unavailable_frozen_artifact:rank_O_S,0.0,0.35156319937852626,0.9028474273760373,True,1,nan,0.1582113919903534,1.9073820105326317e-23,population,-0.0,0.25595362351448314,0.25595362351448325,gaussian|hidden_u_hurts|L2|0|population,False,False,False,False,1.96261557335472e-17
0.058608118762231015,4.002959935577232e-07,3.081193234694662e-07,0.004403918451794016,0.05118145108608892,gaussian,1.0,hidden_u_hurts,False,repair_evidence_gate_task1_task2,0.0011728956051170294,0.001,VREX,unavailable_frozen_artifact:rank_O_S,3.622698600424367e-07,0.3515631408355701,0.902846765167725,True,1,nan,0.0001400930692088195,9.274601977930782e-13,population,-0.0,0.2559537636077259,0.25595362351465667,gaussian|hidden_u_hurts|VREX|0.001|population,False,False,False,False,5.890908020261254e-07
0.05860804584251359,4.002881553979933e-06,3.081136761313994e-06,0.004403894652720061,0.05118145108608892,gaussian,1.0,hidden_u_hurts,False,repair_evidence_gate_task1_task2,0.0011728820062953174,0.01,VREX,unavailable_frozen_artifact:rank_O_S,3.6226308819966824e-06,0.3515626140266106,0.9028408746371815,True,1,nan,0.0001400899460287506,9.274262003584337e-11,population,-0.0,0.2559550244312944,0.25595362353183404,gaussian|hidden_u_hurts|VREX|0.01|population,False,False,False,False,5.890824092330206e-06
0.058607317808744584,4.002119860590421e-05,3.080578719771964e-05,0.004403656759251279,0.05118145108608892,gaussian,1.0,hidden_u_hurts,False,repair_evidence_gate_task1_task2,0.0011727460521344427,0.1,VREX,unavailable_frozen_artifact:rank_O_S,3.6219538492302005e-05,0.3515573536220099,0.9027888309807609,True,1,nan,0.000140058721567887,9.270902883106455e-09,population,-0.0,0.2559676311212361,0.2559536252490794,gaussian|hidden_u_hurts|VREX|0.1|population,False,False,False,False,5.88998502331875e-05
nan,3.475625620153372e-05,3.475625620153372e-05,nan,0.05118145108608892,gaussian,1.0,legacy_gaussian_mechanism,False,environment_family_refactor_method_comparison,nan,0.01,IRMV1,unavailable_frozen_artifact:pi_operator_norm;K_operator_norm;C_operator_norm;g_norm;rho_slack;slack_margin,2.2031578348749933e-05,0.22606563474252755,nan,True,1,7.0,0.0005093709584167133,nan,population,nan,0.2559587178657498,0.2559536241561655,gaussian|legacy_gaussian_mechanism|IRMV1|0.01|population,False,False,False,False,3.582408275963566e-05
nan,0.00029243277737085944,0.00029243277737085944,nan,0.05118145108608892,gaussian,1.0,legacy_gaussian_mechanism,False,environment_family_refactor_method_comparison,nan,0.1,IRMV1,unavailable_frozen_artifact:pi_operator_norm;K_operator_norm;C_operator_norm;g_norm;rho_slack;slack_margin,0.00019509572459837382,0.2259824345945044,nan,True,1,7.0,0.0005085170596645197,nan,population,nan,0.2560045193411388,0.25595366763517224,gaussian|legacy_gaussian_mechanism|IRMV1|0.1|population,False,False,False,False,0.0002970545038632187
nan,1.3973015356361831e-12,1.3973015356361831e-12,nan,0.05118145108608892,gaussian,1.0,legacy_gaussian_mechanism,False,environment_family_refactor_method_comparison,nan,0.0,IRMV1,unavailable_frozen_artifact:pi_operator_norm;K_operator_norm;C_operator_norm;g_norm;rho_slack;slack_margin,0.0,0.226076287659484,nan,True,1,7.0,0.0005095009098938894,nan,population,nan,0.25595362351448314,0.25595362351448325,gaussian|legacy_gaussian_mechanism|IRMV1|0|population,False,False,False,False,1.96261557335472e-17
nan,0.0027539553934237547,0.0027539553934237547,nan,0.05118145108608892,gaussian,1.0,legacy_gaussian_mechanism,False,environment_family_refactor_method_comparison,nan,0.01,L2,unavailable_frozen_artifact:pi_operator_norm;K_operator_norm;C_operator_norm;g_norm;rho_slack;slack_margin,0.0019461607952533078,0.2241093634716791,nan,True,1,7.0,0.15735415835879002,nan,population,nan,0.2575314417973744,0.2559579002137865,gaussian|legacy_gaussian_mechanism|L2|0.01|population,False,False,False,False,0.0029246193951398196
nan,0.024964178251738987,0.024964178251738987,nan,0.05118145108608892,gaussian,1.0,legacy_gaussian_mechanism,False,environment_family_refactor_method_comparison,nan,0.1,L2,unavailable_frozen_artifact:pi_operator_norm;K_operator_norm;C_operator_norm;g_norm;rho_slack;slack_margin,0.018359641923829752,0.2080135904951225,nan,True,1,7.0,0.15011011877209737,nan,population,nan,0.27136127214131645,0.2563502602641068,gaussian|legacy_gaussian_mechanism|L2|0.1|population,False,False,False,False,0.028165111383536858
nan,1.3973015356361831e-12,1.3973015356361831e-12,nan,0.05118145108608892,gaussian,1.0,legacy_gaussian_mechanism,False,environment_family_refactor_method_comparison,nan,0.0,L2,unavailable_frozen_artifact:pi_operator_norm;K_operator_norm;C_operator_norm;g_norm;rho_slack;slack_margin,0.0,0.226076287659484,nan,True,1,7.0,0.1582113919903534,nan,population,nan,0.25595362351448314,0.25595362351448325,gaussian|legacy_gaussian_mechanism|L2|0|population,False,False,False,False,1.96261557335472e-17
nan,3.081136761313994e-06,3.081136761313994e-06,nan,0.05118145108608892,gaussian,1.0,legacy_gaussian_mechanism,False,environment_family_refactor_method_comparison,nan,0.01,VREX,unavailable_frozen_artifact:pi_operator_norm;K_operator_norm;C_operator_norm;g_norm;rho_slack;slack_margin,3.6226308819966824e-06,0.22607584082480647,nan,True,1,7.0,0.0001400899460287506,nan,population,nan,0.2559550244312944,0.25595362353183404,gaussian|legacy_gaussian_mechanism|VREX|0.01|population,False,False,False,False,5.890824092330206e-06
nan,3.080578719771964e-05,3.080578719771964e-05,nan,0.05118145108608892,gaussian,1.0,legacy_gaussian_mechanism,False,environment_family_refactor_method_comparison,nan,0.1,VREX,unavailable_frozen_artifact:pi_operator_norm;K_operator_norm;C_operator_norm;g_norm;rho_slack;slack_margin,3.6219538492302005e-05,0.22607182120792849,nan,True,1,7.0,0.000140058721567887,nan,population,nan,0.2559676311212361,0.2559536252490794,gaussian|legacy_gaussian_mechanism|VREX|0.1|population,False,False,False,False,5.88998502331875e-05
nan,1.3973015356361831e-12,1.3973015356361831e-12,nan,0.05118145108608892,gaussian,1.0,legacy_gaussian_mechanism,False,environment_family_refactor_method_comparison,nan,0.0,VREX,unavailable_frozen_artifact:pi_operator_norm;K_operator_norm;C_operator_norm;g_norm;rho_slack;slack_margin,0.0,0.226076287659484,nan,True,1,7.0,0.00014009341623706675,nan,population,nan,0.25595362351448314,0.25595362351448325,gaussian|legacy_gaussian_mechanism|VREX|0|population,False,False,False,False,1.96261557335472e-17
nan,0.0001556583056258419,0.0001556583056258419,nan,0.0,gaussian,0.0,source_induced,False,environment_family_refactor_method_comparison,nan,0.01,IRMV1,unavailable_frozen_artifact:pi_operator_norm;K_operator_norm;C_operator_norm;g_norm;rho_slack;slack_margin,2.2031578348749933e-05,1.0253402788008905,nan,True,0,4.0,0.0005093709584167133,nan,population,nan,0.2559587178657498,0.2559536241561655,gaussian|source_induced|IRMV1|0.01|population,False,False,False,False,3.582408275963566e-05
nan,0.0013124090333753204,0.0013124090333753204,nan,0.0,gaussian,0.0,source_induced,False,environment_family_refactor_method_comparison,nan,0.1,IRMV1,unavailable_frozen_artifact:pi_operator_norm;K_operator_norm;C_operator_norm;g_norm;rho_slack;slack_margin,0.00019509572459837382,1.0244253445384734,nan,True,0,4.0,0.0005085170596645197,nan,population,nan,0.2560045193411388,0.25595366763517224,gaussian|source_induced|IRMV1|0.1|population,False,False,False,False,0.0002970545038632187
nan,3.0885392555144457e-12,3.0885392555144457e-12,nan,0.0,gaussian,0.0,source_induced,False,environment_family_refactor_method_comparison,nan,0.0,IRMV1,unavailable_frozen_artifact:pi_operator_norm;K_operator_norm;C_operator_norm;g_norm;rho_slack;slack_margin,0.0,1.025452726269102,nan,True,0,4.0,0.0005095009098938894,nan,population,nan,0.25595362351448314,0.25595362351448325,gaussian|source_induced|IRMV1|0|population,False,False,False,False,1.96261557335472e-17
nan,0.01162125175701272,0.01162125175701272,nan,0.0,gaussian,0.0,source_induced,False,environment_family_refactor_method_comparison,nan,0.01,L2,unavailable_frozen_artifact:pi_operator_norm;K_operator_norm;C_operator_norm;g_norm;rho_slack;slack_margin,0.0019461607952533078,1.0140523081598323,nan,True,0,4.0,0.15735415835879002,nan,population,nan,0.2575314417973744,0.2559579002137865,gaussian|source_induced|L2|0.01|population,False,False,False,False,0.0029246193951398196
nan,0.10574382275738707,0.10574382275738707,nan,0.0,gaussian,0.0,source_induced,False,environment_family_refactor_method_comparison,nan,0.1,L2,unavailable_frozen_artifact:pi_operator_norm;K_operator_norm;C_operator_norm;g_norm;rho_slack;slack_margin,0.018359641923829752,0.9217936459797657,nan,True,0,4.0,0.15011011877209737,nan,population,nan,0.27136127214131645,0.2563502602641068,gaussian|source_induced|L2|0.1|population,False,False,False,False,0.028165111383536858
nan,3.0885392555144457e-12,3.0885392555144457e-12,nan,0.0,gaussian,0.0,source_induced,False,environment_family_refactor_method_comparison,nan,0.0,L2,unavailable_frozen_artifact:pi_operator_norm;K_operator_norm;C_operator_norm;g_norm;rho_slack;slack_margin,0.0,1.025452726269102,nan,True,0,4.0,0.1582113919903534,nan,population,nan,0.25595362351448314,0.25595362351448325,gaussian|source_induced|L2|0|population,False,False,False,False,1.96261557335472e-17
nan,1.4153428770564379e-05,1.4153428770564379e-05,nan,0.0,gaussian,0.0,source_induced,False,environment_family_refactor_method_comparison,nan,0.01,VREX,unavailable_frozen_artifact:pi_operator_norm;K_operator_norm;C_operator_norm;g_norm;rho_slack;slack_margin,3.6226308819966824e-06,1.0254473466107337,nan,True,0,4.0,0.0001400899460287506,nan,population,nan,0.2559550244312944,0.25595362353183404,gaussian|source_induced|VREX|0.01|population,False,False,False,False,5.890824092330206e-06
nan,0.0001415110714657942,0.0001415110714657942,nan,0.0,gaussian,0.0,source_induced,False,environment_family_refactor_method_comparison,nan,0.1,VREX,unavailable_frozen_artifact:pi_operator_norm;K_operator_norm;C_operator_norm;g_norm;rho_slack;slack_margin,3.6219538492302005e-05,1.025398974979683,nan,True,0,4.0,0.000140058721567887,nan,population,nan,0.2559676311212361,0.2559536252490794,gaussian|source_induced|VREX|0.1|population,False,False,False,False,5.88998502331875e-05
nan,3.0885392555144457e-12,3.0885392555144457e-12,nan,0.0,gaussian,0.0,source_induced,False,environment_family_refactor_method_comparison,nan,0.0,VREX,unavailable_frozen_artifact:pi_operator_norm;K_operator_norm;C_operator_norm;g_norm;rho_slack;slack_margin,0.0,1.025452726269102,nan,True,0,4.0,0.00014009341623706675,nan,population,nan,0.25595362351448314,0.25595362351448325,gaussian|source_induced|VREX|0|population,False,False,False,False,1.96261557335472e-17
3.181441013397286,3.9125888704734636e-06,3.5507656628665877e-06,15.167776462080786,0.0,gaussian,0.0,u_exposed_complete_information,False,repair_evidence_gate_task1_task2,0.007412601323310442,0.001,IRMV1,unavailable_frozen_artifact:rank_O_S,2.2370005551246108e-06,0.4753499218828214,0.9028420330902764,True,0,nan,0.0005094874717615162,inf,population,1.2607936792592407e-11,0.25595413300866554,0.2559536235211938,gaussian|u_exposed_complete_information|IRMV1|0.001|population,False,False,False,False,3.663482231671869e-06
3.1810923765219217,3.835712826601966e-05,3.475625620153372e-05,15.165639203969619,0.0,gaussian,0.0,u_exposed_complete_information,False,repair_evidence_gate_task1_task2,0.007218959560722514,0.01,IRMV1,unavailable_frozen_artifact:rank_O_S,2.2031578348749933e-05,0.4753310610863699,0.9027947182829654,True,0,nan,0.0005093709584167133,inf,population,1.2079973451466517e-09,0.2559587178657498,0.2559536241561655,gaussian|u_exposed_complete_information|IRMV1|0.01|population,False,False,False,False,3.582408275963566e-05
3.178374882835361,0.00032748203496524807,0.00029243277737085944,15.14930208784411,0.0,gaussian,0.0,u_exposed_complete_information,False,repair_evidence_gate_task1_task2,0.005736147975923125,0.1,IRMV1,unavailable_frozen_artifact:rank_O_S,0.00019509572459837382,0.47517468555519526,0.9024206448776472,True,0,nan,0.0005085170596645197,inf,population,8.551692928083465e-08,0.2560045193411388,0.25595366763517224,gaussian|u_exposed_complete_information|IRMV1|0.1|population,False,False,False,False,0.0002970545038632187
0.0,0.00036456905947643915,0.00027825313664476555,1.000000000001,0.0,gaussian,0.0,u_exposed_complete_information,False,repair_evidence_gate_task1_task2,0.5623613703724031,0.001,L2,unavailable_frozen_artifact:rank_O_S,0.00019581557847207027,0.4750859640426525,0.9019643039180831,True,0,nan,0.15812515544356354,inf,population,7.742480805265063e-08,0.2561117917786142,0.25595366662317054,gaussian|u_exposed_complete_information|L2|0.001|population,False,False,False,False,0.00029362795323237576
0.0,0.003613682044446811,0.0027539553934237547,1.000000000001,0.0,gaussian,0.0,u_exposed_complete_information,False,repair_evidence_gate_task1_task2,0.5609886957128281,0.01,L2,unavailable_frozen_artifact:rank_O_S,0.0019461607952533078,0.4727150828025892,0.8940925462202045,True,0,nan,0.15735415835879002,inf,population,7.584270308967789e-06,0.2575314417973744,0.2559579002137865,gaussian|u_exposed_complete_information|L2|0.01|population,False,False,False,False,0.0029246193951398196
0.0,0.03323367909362254,0.024964178251738987,1.000000000001,0.0,gaussian,0.0,u_exposed_complete_information,False,repair_evidence_gate_task1_task2,0.5479235690716313,0.1,L2,unavailable_frozen_artifact:rank_O_S,0.018359641923829752,0.4511403747350751,0.8222649392120831,True,0,nan,0.15011011877209737,inf,population,0.0006232101957845979,0.27136127214131645,0.2563502602641068,gaussian|u_exposed_complete_information|L2|0.1|population,False,False,False,False,0.028165111383536858
0.0,1.5525837007360229e-12,1.3973015356361831e-12,1.000000000001,0.0,gaussian,0.0,u_exposed_complete_information,False,repair_evidence_gate_task1_task2,0.5625146966797461,0.0,L2,unavailable_frozen_artifact:rank_O_S,0.0,0.4753520646104771,0.9028474273760373,True,0,nan,0.1582113919903534,0.0,population,1.9524515814912364e-24,0.25595362351448314,0.25595362351448325,gaussian|u_exposed_complete_information|L2|0|population,False,False,False,False,1.96261557335472e-17
0.058608118762231015,5.318834078233081e-07,3.5023288974533884e-07,0.004403918451794016,0.0,gaussian,0.0,u_exposed_complete_information,False,repair_evidence_gate_task1_task2,0.0011728956051170294,0.001,VREX,unavailable_frozen_artifact:rank_O_S,3.622698600424367e-07,0.4753522570419903,0.902846765167725,True,0,nan,0.0001400930692088195,inf,population,1.2266307705937068e-13,0.2559537636077259,0.25595362351465667,gaussian|u_exposed_complete_information|VREX|0.001|population,False,False,False,False,5.890908020261254e-07
0.05860804584251359,5.318736528906195e-06,3.5022703391840437e-06,0.004403894652720061,0.0,gaussian,0.0,u_exposed_complete_information,False,repair_evidence_gate_task1_task2,0.0011728820062953174,0.01,VREX,unavailable_frozen_artifact:rank_O_S,3.6226308819966824e-06,0.4753539889520513,0.9028408746371815,True,0,nan,0.0001400899460287506,inf,population,1.2265897528728317e-11,0.2559550244312944,0.25595362353183404,gaussian|u_exposed_complete_information|VREX|0.01|population,False,False,False,False,5.890824092330206e-06
0.058607317808744584,5.317777756103539e-05,3.501684863715937e-05,0.004403656759251279,0.0,gaussian,0.0,u_exposed_complete_information,False,repair_evidence_gate_task1_task2,0.0011727460521344427,0.1,VREX,unavailable_frozen_artifact:rank_O_S,3.6219538492302005e-05,0.4753713106691445,0.9027888309807609,True,0,nan,0.000140058721567887,inf,population,1.22617968847773e-09,0.2559676311212361,0.2559536252490794,gaussian|u_exposed_complete_information|VREX|0.1|population,False,False,False,False,5.88998502331875e-05
