seed,source_design,method,lambda,step,direction,fd_norm,ift_norm,cosine,relative_error,valid
0,declared_source_target_coupled_correlation,ERM,0.0,0.001,rho_source_1,1.5886313283006501,1.5886244606194047,0.9999999999972959,4.908838272734884e-06,True
0,declared_source_target_coupled_correlation,ERM,0.0,0.001,rho_source_2,1.5886313283009708,1.5886244606197386,0.9999999999972957,4.908838198925683e-06,True
0,declared_source_target_coupled_correlation,ERM,0.0,0.0005,rho_source_1,1.5886261775344184,1.5886244606194047,0.9999999999998309,1.22720880733289e-06,True
0,declared_source_target_coupled_correlation,ERM,0.0,0.0005,rho_source_2,1.588626177534859,1.5886244606197386,0.9999999999998309,1.2272084922860267e-06,True
0,declared_source_target_coupled_correlation,ERM,0.0,0.00025,rho_source_1,1.588624889850161,1.5886244606194047,0.9999999999999892,3.068030661410775e-07,True
0,declared_source_target_coupled_correlation,ERM,0.0,0.00025,rho_source_2,1.5886248898407114,1.5886244606197386,0.9999999999999895,3.0679842281781514e-07,True
0,declared_source_target_coupled_correlation,L2,0.001,0.001,rho_source_1,1.685874465988259,1.6858675660569167,0.9999999999975028,4.6631935563875265e-06,True
0,declared_source_target_coupled_correlation,L2,0.001,0.001,rho_source_2,1.6858744659880363,1.6858675660572993,0.999999999997503,4.663193000548385e-06,True
0,declared_source_target_coupled_correlation,L2,0.001,0.0005,rho_source_1,1.6858692910365018,1.6858675660569167,0.9999999999998439,1.1657983552115795e-06,True
0,declared_source_target_coupled_correlation,L2,0.001,0.0005,rho_source_2,1.6858692910348732,1.6858675660572993,0.9999999999998442,1.1657970196045052e-06,True
0,declared_source_target_coupled_correlation,L2,0.001,0.00025,rho_source_1,1.6858679973053035,1.6858675660569167,0.9999999999999901,2.9145056048580585e-07,True
0,declared_source_target_coupled_correlation,L2,0.001,0.00025,rho_source_2,1.6858679972940585,1.6858675660572993,0.9999999999999901,2.9144510063279004e-07,True
0,declared_source_target_coupled_correlation,L2,0.01,0.001,rho_source_1,2.00760896112588,2.0076024488912294,0.9999999999979627,3.820488662242277e-06,True
0,declared_source_target_coupled_correlation,L2,0.01,0.001,rho_source_2,2.007608961126778,2.007602448891742,0.9999999999979627,3.8204887129940955e-06,True
0,declared_source_target_coupled_correlation,L2,0.01,0.0005,rho_source_1,2.0076040769472168,2.0076024488912294,0.9999999999998724,9.551216761677318e-07,True
0,declared_source_target_coupled_correlation,L2,0.01,0.0005,rho_source_2,2.007604076946578,2.007602448891742,0.9999999999998727,9.551208091658566e-07,True
0,declared_source_target_coupled_correlation,L2,0.01,0.00025,rho_source_1,2.007602855910792,2.0076024488912294,0.9999999999999919,2.387823747868929e-07,True
0,declared_source_target_coupled_correlation,L2,0.01,0.00025,rho_source_2,2.0076028558990995,2.007602448891742,0.9999999999999921,2.3877735213565127e-07,True
0,declared_source_target_coupled_correlation,L2,0.1,0.001,rho_source_1,2.4375921683320874,2.4375869680931905,0.99999999999952,2.3476194622430356e-06,True
0,declared_source_target_coupled_correlation,L2,0.1,0.001,rho_source_2,2.437592168332514,2.4375869680937816,0.99999999999952,2.3476193687601817e-06,True
0,declared_source_target_coupled_correlation,L2,0.1,0.0005,rho_source_1,2.437588268152984,2.4375869680931905,0.9999999999999701,5.869049777621488e-07,True
0,declared_source_target_coupled_correlation,L2,0.1,0.0005,rho_source_2,2.4375882681523096,2.4375869680937816,0.9999999999999699,5.869046802834578e-07,True
0,declared_source_target_coupled_correlation,L2,0.1,0.00025,rho_source_1,2.437587293110906,2.4375869680931905,0.999999999999998,1.467266136103992e-07,True
0,declared_source_target_coupled_correlation,L2,0.1,0.00025,rho_source_2,2.4375872931017604,2.4375869680937816,0.999999999999998,1.4672371692188677e-07,True
0,declared_source_target_coupled_correlation,IRMV1,0.001,0.001,rho_source_1,1.5838205367671174,1.5838137645028771,0.9999999999974373,4.838272358630617e-06,True
0,declared_source_target_coupled_correlation,IRMV1,0.001,0.001,rho_source_2,1.59216082992185,1.5921540002386956,0.9999999999973899,4.8600684545341995e-06,True
0,declared_source_target_coupled_correlation,IRMV1,0.001,0.0005,rho_source_1,1.5838154575664911,1.5838137645028771,0.9999999999998398,1.2095688777805062e-06,True
0,declared_source_target_coupled_correlation,IRMV1,0.001,0.0005,rho_source_2,1.592155707654332,1.5921540002386956,0.9999999999998369,1.2150158957464168e-06,True
0,declared_source_target_coupled_correlation,IRMV1,0.001,0.00025,rho_source_1,1.5838141877711591,1.5838137645028771,0.9999999999999901,3.023932316323917e-07,True
0,declared_source_target_coupled_correlation,IRMV1,0.001,0.00025,rho_source_2,1.5921544270889958,1.5921540002386956,0.9999999999999898,3.037524448388651e-07,True
0,declared_source_target_coupled_correlation,IRMV1,0.01,0.001,rho_source_1,1.5403846946318989,1.5403787428673785,0.9999999999985469,4.2231589184201105e-06,True
0,declared_source_target_coupled_correlation,IRMV1,0.01,0.001,rho_source_2,1.6251755893464774,1.625169165054976,0.9999999999981711,4.391302911792221e-06,True
0,declared_source_target_coupled_correlation,IRMV1,0.01,0.0005,rho_source_1,1.5403802308048653,1.5403787428673785,0.9999999999999091,1.0557893584874618e-06,True
0,declared_source_target_coupled_correlation,IRMV1,0.01,0.0005,rho_source_2,1.6251707711239753,1.625169165054976,0.9999999999998856,1.0978250723194943e-06,True
0,declared_source_target_coupled_correlation,IRMV1,0.01,0.00025,rho_source_1,1.5403791148555905,1.5403787428673785,0.9999999999999942,2.6394942716607597e-07,True
0,declared_source_target_coupled_correlation,IRMV1,0.01,0.00025,rho_source_2,1.6251695665624502,1.625169165054976,0.9999999999999928,2.744506264115441e-07,True
0,declared_source_target_coupled_correlation,IRMV1,0.1,0.001,rho_source_1,1.2494726211683727,1.2494682262784715,0.999999999989981,5.692985257614998e-06,True
0,declared_source_target_coupled_correlation,IRMV1,0.1,0.001,rho_source_2,1.952887284270273,1.9528891202562773,0.999999999996475,2.8166900754826954e-06,True
0,declared_source_target_coupled_correlation,IRMV1,0.1,0.0005,rho_source_1,1.2494693249968056,1.2494682262784715,0.9999999999993737,1.4232499325548265e-06,True
0,declared_source_target_coupled_correlation,IRMV1,0.1,0.0005,rho_source_2,1.9528886612449752,1.9528891202562773,0.9999999999997798,7.041784749351911e-07,True
0,declared_source_target_coupled_correlation,IRMV1,0.1,0.00025,rho_source_1,1.2494685009583517,1.2494682262784715,0.9999999999999606,3.558141167464689e-07,True
0,declared_source_target_coupled_correlation,IRMV1,0.1,0.00025,rho_source_2,1.952889005492457,1.9528891202562773,0.9999999999999861,1.7604677456057576e-07,True
0,declared_source_target_coupled_correlation,VREX,0.001,0.001,rho_source_1,1.588043415238145,1.5880365837439818,0.9999999999973083,4.887714559470055e-06,True
0,declared_source_target_coupled_correlation,VREX,0.001,0.001,rho_source_2,1.588894035485347,1.5888871712330315,0.9999999999972954,4.90638931829527e-06,True
0,declared_source_target_coupled_correlation,VREX,0.001,0.0005,rho_source_1,1.5880382916124867,1.5880365837439818,0.9999999999998318,1.2219279886483957e-06,True
0,declared_source_target_coupled_correlation,VREX,0.001,0.0005,rho_source_2,1.58888888729322,1.5888871712330315,0.9999999999998309,1.2265978193450379e-06,True
0,declared_source_target_coupled_correlation,VREX,0.001,0.00025,rho_source_1,1.5880370107139772,1.5880365837439818,0.9999999999999896,3.05483110338743e-07,True
0,declared_source_target_coupled_correlation,VREX,0.001,0.00025,rho_source_2,1.5888876002430687,1.5888871712330315,0.9999999999999895,3.066469324786696e-07,True
0,declared_source_target_coupled_correlation,VREX,0.01,0.001,rho_source_1,1.5827600736853853,1.5827535653171334,0.9999999999974154,4.6987477404519255e-06,True
0,declared_source_target_coupled_correlation,VREX,0.01,0.001,rho_source_2,1.5912545923450674,1.5912477588866676,0.9999999999972918,4.8844648847835805e-06,True
0,declared_source_target_coupled_correlation,VREX,0.01,0.0005,rho_source_1,1.5827551924052905,1.5827535653171334,0.9999999999998385,1.1746864860898931e-06,True
0,declared_source_target_coupled_correlation,VREX,0.01,0.0005,rho_source_2,1.5912494672475077,1.5912477588866676,0.9999999999998308,1.2211159542434478e-06,True
0,declared_source_target_coupled_correlation,VREX,0.01,0.00025,rho_source_1,1.5827539720935244,1.5827535653171334,0.9999999999999899,2.9367385484242664e-07,True
0,declared_source_target_coupled_correlation,VREX,0.01,0.00025,rho_source_2,1.5912481859659453,1.5912477588866676,0.9999999999999893,3.0527285710632187e-07,True
0,declared_source_target_coupled_correlation,VREX,0.1,0.001,rho_source_1,1.530694471853836,1.5306909513915608,0.9999999999983376,2.9350292316072e-06,True
0,declared_source_target_coupled_correlation,VREX,0.1,0.001,rho_source_2,1.6144891007621291,1.6144825683219748,0.9999999999972503,4.676582330659203e-06,True
0,declared_source_target_coupled_correlation,VREX,0.1,0.0005,rho_source_1,1.5306918315112903,1.5306909513915608,0.9999999999998961,7.337596710772729e-07,True
0,declared_source_target_coupled_correlation,VREX,0.1,0.0005,rho_source_2,1.6144842014278153,1.6144825683219748,0.9999999999998281,1.169144449004489e-06,True
0,declared_source_target_coupled_correlation,VREX,0.1,0.00025,rho_source_1,1.53069117142331,1.5306909513915608,0.9999999999999936,1.8343927481085672e-07,True
0,declared_source_target_coupled_correlation,VREX,0.1,0.00025,rho_source_2,1.6144829765908253,1.6144825683219748,0.9999999999999896,2.92281925268138e-07,True
0,mechanism_defined_hidden,ERM,0.0,0.001,rho_source_1,1.5886313283006501,1.5886244606194047,0.9999999999972959,4.908838272734884e-06,True
0,mechanism_defined_hidden,ERM,0.0,0.001,rho_source_2,1.5886313283009708,1.5886244606197386,0.9999999999972957,4.908838198925683e-06,True
0,mechanism_defined_hidden,ERM,0.0,0.001,rho_hidden,0.0,0.0,0.0,0.0,True
0,mechanism_defined_hidden,ERM,0.0,0.0005,rho_source_1,1.5886261775344184,1.5886244606194047,0.9999999999998309,1.22720880733289e-06,True
0,mechanism_defined_hidden,ERM,0.0,0.0005,rho_source_2,1.588626177534859,1.5886244606197386,0.9999999999998309,1.2272084922860267e-06,True
0,mechanism_defined_hidden,ERM,0.0,0.0005,rho_hidden,0.0,0.0,0.0,0.0,True
0,mechanism_defined_hidden,ERM,0.0,0.00025,rho_source_1,1.588624889850161,1.5886244606194047,0.9999999999999892,3.068030661410775e-07,True
0,mechanism_defined_hidden,ERM,0.0,0.00025,rho_source_2,1.5886248898407114,1.5886244606197386,0.9999999999999895,3.0679842281781514e-07,True
0,mechanism_defined_hidden,ERM,0.0,0.00025,rho_hidden,0.0,0.0,0.0,0.0,True
0,mechanism_defined_hidden,L2,0.001,0.001,rho_source_1,1.685874465988259,1.6858675660569167,0.9999999999975028,4.6631935563875265e-06,True
0,mechanism_defined_hidden,L2,0.001,0.001,rho_source_2,1.6858744659880363,1.6858675660572993,0.999999999997503,4.663193000548385e-06,True
0,mechanism_defined_hidden,L2,0.001,0.001,rho_hidden,0.0,0.0,0.0,0.0,True
0,mechanism_defined_hidden,L2,0.001,0.0005,rho_source_1,1.6858692910365018,1.6858675660569167,0.9999999999998439,1.1657983552115795e-06,True
0,mechanism_defined_hidden,L2,0.001,0.0005,rho_source_2,1.6858692910348732,1.6858675660572993,0.9999999999998442,1.1657970196045052e-06,True
0,mechanism_defined_hidden,L2,0.001,0.0005,rho_hidden,0.0,0.0,0.0,0.0,True
0,mechanism_defined_hidden,L2,0.001,0.00025,rho_source_1,1.6858679973053035,1.6858675660569167,0.9999999999999901,2.9145056048580585e-07,True
0,mechanism_defined_hidden,L2,0.001,0.00025,rho_source_2,1.6858679972940585,1.6858675660572993,0.9999999999999901,2.9144510063279004e-07,True
0,mechanism_defined_hidden,L2,0.001,0.00025,rho_hidden,0.0,0.0,0.0,0.0,True
0,mechanism_defined_hidden,L2,0.01,0.001,rho_source_1,2.00760896112588,2.0076024488912294,0.9999999999979627,3.820488662242277e-06,True
0,mechanism_defined_hidden,L2,0.01,0.001,rho_source_2,2.007608961126778,2.007602448891742,0.9999999999979627,3.8204887129940955e-06,True
0,mechanism_defined_hidden,L2,0.01,0.001,rho_hidden,0.0,0.0,0.0,0.0,True
0,mechanism_defined_hidden,L2,0.01,0.0005,rho_source_1,2.0076040769472168,2.0076024488912294,0.9999999999998724,9.551216761677318e-07,True
0,mechanism_defined_hidden,L2,0.01,0.0005,rho_source_2,2.007604076946578,2.007602448891742,0.9999999999998727,9.551208091658566e-07,True
0,mechanism_defined_hidden,L2,0.01,0.0005,rho_hidden,0.0,0.0,0.0,0.0,True
0,mechanism_defined_hidden,L2,0.01,0.00025,rho_source_1,2.007602855910792,2.0076024488912294,0.9999999999999919,2.387823747868929e-07,True
0,mechanism_defined_hidden,L2,0.01,0.00025,rho_source_2,2.0076028558990995,2.007602448891742,0.9999999999999921,2.3877735213565127e-07,True
0,mechanism_defined_hidden,L2,0.01,0.00025,rho_hidden,0.0,0.0,0.0,0.0,True
0,mechanism_defined_hidden,L2,0.1,0.001,rho_source_1,2.4375921683320874,2.4375869680931905,0.99999999999952,2.3476194622430356e-06,True
0,mechanism_defined_hidden,L2,0.1,0.001,rho_source_2,2.437592168332514,2.4375869680937816,0.99999999999952,2.3476193687601817e-06,True
0,mechanism_defined_hidden,L2,0.1,0.001,rho_hidden,0.0,0.0,0.0,0.0,True
0,mechanism_defined_hidden,L2,0.1,0.0005,rho_source_1,2.437588268152984,2.4375869680931905,0.9999999999999701,5.869049777621488e-07,True
0,mechanism_defined_hidden,L2,0.1,0.0005,rho_source_2,2.4375882681523096,2.4375869680937816,0.9999999999999699,5.869046802834578e-07,True
0,mechanism_defined_hidden,L2,0.1,0.0005,rho_hidden,0.0,0.0,0.0,0.0,True
0,mechanism_defined_hidden,L2,0.1,0.00025,rho_source_1,2.437587293110906,2.4375869680931905,0.999999999999998,1.467266136103992e-07,True
0,mechanism_defined_hidden,L2,0.1,0.00025,rho_source_2,2.4375872931017604,2.4375869680937816,0.999999999999998,1.4672371692188677e-07,True
0,mechanism_defined_hidden,L2,0.1,0.00025,rho_hidden,0.0,0.0,0.0,0.0,True
0,mechanism_defined_hidden,IRMV1,0.001,0.001,rho_source_1,1.5838205367671174,1.5838137645028771,0.9999999999974373,4.838272358630617e-06,True
0,mechanism_defined_hidden,IRMV1,0.001,0.001,rho_source_2,1.59216082992185,1.5921540002386956,0.9999999999973899,4.8600684545341995e-06,True
0,mechanism_defined_hidden,IRMV1,0.001,0.001,rho_hidden,0.0,0.0,0.0,0.0,True
0,mechanism_defined_hidden,IRMV1,0.001,0.0005,rho_source_1,1.5838154575664911,1.5838137645028771,0.9999999999998398,1.2095688777805062e-06,True
0,mechanism_defined_hidden,IRMV1,0.001,0.0005,rho_source_2,1.592155707654332,1.5921540002386956,0.9999999999998369,1.2150158957464168e-06,True
0,mechanism_defined_hidden,IRMV1,0.001,0.0005,rho_hidden,0.0,0.0,0.0,0.0,True
0,mechanism_defined_hidden,IRMV1,0.001,0.00025,rho_source_1,1.5838141877711591,1.5838137645028771,0.9999999999999901,3.023932316323917e-07,True
0,mechanism_defined_hidden,IRMV1,0.001,0.00025,rho_source_2,1.5921544270889958,1.5921540002386956,0.9999999999999898,3.037524448388651e-07,True
0,mechanism_defined_hidden,IRMV1,0.001,0.00025,rho_hidden,0.0,0.0,0.0,0.0,True
0,mechanism_defined_hidden,IRMV1,0.01,0.001,rho_source_1,1.5403846946318989,1.5403787428673785,0.9999999999985469,4.2231589184201105e-06,True
0,mechanism_defined_hidden,IRMV1,0.01,0.001,rho_source_2,1.6251755893464774,1.625169165054976,0.9999999999981711,4.391302911792221e-06,True
0,mechanism_defined_hidden,IRMV1,0.01,0.001,rho_hidden,0.0,0.0,0.0,0.0,True
0,mechanism_defined_hidden,IRMV1,0.01,0.0005,rho_source_1,1.5403802308048653,1.5403787428673785,0.9999999999999091,1.0557893584874618e-06,True
0,mechanism_defined_hidden,IRMV1,0.01,0.0005,rho_source_2,1.6251707711239753,1.625169165054976,0.9999999999998856,1.0978250723194943e-06,True
0,mechanism_defined_hidden,IRMV1,0.01,0.0005,rho_hidden,0.0,0.0,0.0,0.0,True
0,mechanism_defined_hidden,IRMV1,0.01,0.00025,rho_source_1,1.5403791148555905,1.5403787428673785,0.9999999999999942,2.6394942716607597e-07,True
0,mechanism_defined_hidden,IRMV1,0.01,0.00025,rho_source_2,1.6251695665624502,1.625169165054976,0.9999999999999928,2.744506264115441e-07,True
0,mechanism_defined_hidden,IRMV1,0.01,0.00025,rho_hidden,0.0,0.0,0.0,0.0,True
0,mechanism_defined_hidden,IRMV1,0.1,0.001,rho_source_1,1.2494726211683727,1.2494682262784715,0.999999999989981,5.692985257614998e-06,True
0,mechanism_defined_hidden,IRMV1,0.1,0.001,rho_source_2,1.952887284270273,1.9528891202562773,0.999999999996475,2.8166900754826954e-06,True
0,mechanism_defined_hidden,IRMV1,0.1,0.001,rho_hidden,0.0,0.0,0.0,0.0,True
0,mechanism_defined_hidden,IRMV1,0.1,0.0005,rho_source_1,1.2494693249968056,1.2494682262784715,0.9999999999993737,1.4232499325548265e-06,True
0,mechanism_defined_hidden,IRMV1,0.1,0.0005,rho_source_2,1.9528886612449752,1.9528891202562773,0.9999999999997798,7.041784749351911e-07,True
0,mechanism_defined_hidden,IRMV1,0.1,0.0005,rho_hidden,0.0,0.0,0.0,0.0,True
0,mechanism_defined_hidden,IRMV1,0.1,0.00025,rho_source_1,1.2494685009583517,1.2494682262784715,0.9999999999999606,3.558141167464689e-07,True
0,mechanism_defined_hidden,IRMV1,0.1,0.00025,rho_source_2,1.952889005492457,1.9528891202562773,0.9999999999999861,1.7604677456057576e-07,True
0,mechanism_defined_hidden,IRMV1,0.1,0.00025,rho_hidden,0.0,0.0,0.0,0.0,True
0,mechanism_defined_hidden,VREX,0.001,0.001,rho_source_1,1.588043415238145,1.5880365837439818,0.9999999999973083,4.887714559470055e-06,True
0,mechanism_defined_hidden,VREX,0.001,0.001,rho_source_2,1.588894035485347,1.5888871712330315,0.9999999999972954,4.90638931829527e-06,True
0,mechanism_defined_hidden,VREX,0.001,0.001,rho_hidden,0.0,0.0,0.0,0.0,True
0,mechanism_defined_hidden,VREX,0.001,0.0005,rho_source_1,1.5880382916124867,1.5880365837439818,0.9999999999998318,1.2219279886483957e-06,True
0,mechanism_defined_hidden,VREX,0.001,0.0005,rho_source_2,1.58888888729322,1.5888871712330315,0.9999999999998309,1.2265978193450379e-06,True
0,mechanism_defined_hidden,VREX,0.001,0.0005,rho_hidden,0.0,0.0,0.0,0.0,True
0,mechanism_defined_hidden,VREX,0.001,0.00025,rho_source_1,1.5880370107139772,1.5880365837439818,0.9999999999999896,3.05483110338743e-07,True
0,mechanism_defined_hidden,VREX,0.001,0.00025,rho_source_2,1.5888876002430687,1.5888871712330315,0.9999999999999895,3.066469324786696e-07,True
0,mechanism_defined_hidden,VREX,0.001,0.00025,rho_hidden,0.0,0.0,0.0,0.0,True
0,mechanism_defined_hidden,VREX,0.01,0.001,rho_source_1,1.5827600736853853,1.5827535653171334,0.9999999999974154,4.6987477404519255e-06,True
0,mechanism_defined_hidden,VREX,0.01,0.001,rho_source_2,1.5912545923450674,1.5912477588866676,0.9999999999972918,4.8844648847835805e-06,True
0,mechanism_defined_hidden,VREX,0.01,0.001,rho_hidden,0.0,0.0,0.0,0.0,True
0,mechanism_defined_hidden,VREX,0.01,0.0005,rho_source_1,1.5827551924052905,1.5827535653171334,0.9999999999998385,1.1746864860898931e-06,True
0,mechanism_defined_hidden,VREX,0.01,0.0005,rho_source_2,1.5912494672475077,1.5912477588866676,0.9999999999998308,1.2211159542434478e-06,True
0,mechanism_defined_hidden,VREX,0.01,0.0005,rho_hidden,0.0,0.0,0.0,0.0,True
0,mechanism_defined_hidden,VREX,0.01,0.00025,rho_source_1,1.5827539720935244,1.5827535653171334,0.9999999999999899,2.9367385484242664e-07,True
0,mechanism_defined_hidden,VREX,0.01,0.00025,rho_source_2,1.5912481859659453,1.5912477588866676,0.9999999999999893,3.0527285710632187e-07,True
0,mechanism_defined_hidden,VREX,0.01,0.00025,rho_hidden,0.0,0.0,0.0,0.0,True
0,mechanism_defined_hidden,VREX,0.1,0.001,rho_source_1,1.530694471853836,1.5306909513915608,0.9999999999983376,2.9350292316072e-06,True
0,mechanism_defined_hidden,VREX,0.1,0.001,rho_source_2,1.6144891007621291,1.6144825683219748,0.9999999999972503,4.676582330659203e-06,True
0,mechanism_defined_hidden,VREX,0.1,0.001,rho_hidden,0.0,0.0,0.0,0.0,True
0,mechanism_defined_hidden,VREX,0.1,0.0005,rho_source_1,1.5306918315112903,1.5306909513915608,0.9999999999998961,7.337596710772729e-07,True
0,mechanism_defined_hidden,VREX,0.1,0.0005,rho_source_2,1.6144842014278153,1.6144825683219748,0.9999999999998281,1.169144449004489e-06,True
0,mechanism_defined_hidden,VREX,0.1,0.0005,rho_hidden,0.0,0.0,0.0,0.0,True
0,mechanism_defined_hidden,VREX,0.1,0.00025,rho_source_1,1.53069117142331,1.5306909513915608,0.9999999999999936,1.8343927481085672e-07,True
0,mechanism_defined_hidden,VREX,0.1,0.00025,rho_source_2,1.6144829765908253,1.6144825683219748,0.9999999999999896,2.92281925268138e-07,True
0,mechanism_defined_hidden,VREX,0.1,0.00025,rho_hidden,0.0,0.0,0.0,0.0,True
0,mechanism_defined_exposed,ERM,0.0,0.001,rho_source_1,1.5886313283006501,1.5886244606194047,0.9999999999972959,4.908838272734884e-06,True
0,mechanism_defined_exposed,ERM,0.0,0.001,rho_source_2,1.5886313283009708,1.5886244606197386,0.9999999999972957,4.908838198925683e-06,True
0,mechanism_defined_exposed,ERM,0.0,0.001,rho_hidden,3.177303863711448,3.1772489212391486,0.999999999956733,1.9635458705361412e-05,True
0,mechanism_defined_exposed,ERM,0.0,0.0005,rho_source_1,1.5886261775344184,1.5886244606194047,0.9999999999998309,1.22720880733289e-06,True
0,mechanism_defined_exposed,ERM,0.0,0.0005,rho_source_2,1.588626177534859,1.5886244606197386,0.9999999999998309,1.2272084922860267e-06,True
0,mechanism_defined_exposed,ERM,0.0,0.0005,rho_hidden,3.17726265660859,3.1772489212391486,0.9999999999972959,4.908839330855856e-06,True
0,mechanism_defined_exposed,ERM,0.0,0.00025,rho_source_1,1.588624889850161,1.5886244606194047,0.9999999999999892,3.068030661410775e-07,True
0,mechanism_defined_exposed,ERM,0.0,0.00025,rho_source_2,1.5886248898407114,1.5886244606197386,0.9999999999999895,3.0679842281781514e-07,True
0,mechanism_defined_exposed,ERM,0.0,0.00025,rho_hidden,3.177252355062194,3.1772489212391486,0.999999999999831,1.2272071851459817e-06,True
0,mechanism_defined_exposed,L2,0.001,0.001,rho_source_1,1.685874465988259,1.6858675660569167,0.9999999999975028,4.6631935563875265e-06,True
0,mechanism_defined_exposed,L2,0.001,0.001,rho_source_2,1.6858744659880363,1.6858675660572993,0.999999999997503,4.663193000548385e-06,True
0,mechanism_defined_exposed,L2,0.001,0.001,rho_hidden,3.3717903325509035,3.371735132114215,0.9999999999600435,1.865287615879489e-05,True
0,mechanism_defined_exposed,L2,0.001,0.0005,rho_source_1,1.6858692910365018,1.6858675660569167,0.9999999999998439,1.1657983552115795e-06,True
0,mechanism_defined_exposed,L2,0.001,0.0005,rho_source_2,1.6858692910348732,1.6858675660572993,0.9999999999998442,1.1657970196045052e-06,True
0,mechanism_defined_exposed,L2,0.001,0.0005,rho_hidden,3.371748931984171,3.371735132114215,0.9999999999975028,4.663194508911262e-06,True
0,mechanism_defined_exposed,L2,0.001,0.00025,rho_source_1,1.6858679973053035,1.6858675660569167,0.9999999999999901,2.9145056048580585e-07,True
0,mechanism_defined_exposed,L2,0.001,0.00025,rho_source_2,1.6858679972940585,1.6858675660572993,0.9999999999999901,2.9144510063279004e-07,True
0,mechanism_defined_exposed,L2,0.001,0.00025,rho_hidden,3.3717385820618584,3.371735132114215,0.9999999999998438,1.1657956287839378e-06,True
0,mechanism_defined_exposed,L2,0.01,0.001,rho_source_1,2.00760896112588,2.0076024488912294,0.9999999999979627,3.820488662242277e-06,True
0,mechanism_defined_exposed,L2,0.01,0.001,rho_source_2,2.007608961126778,2.007602448891742,0.9999999999979627,3.8204887129940955e-06,True
0,mechanism_defined_exposed,L2,0.01,0.001,rho_hidden,4.015256996482857,4.0152048977829695,0.999999999967407,1.5282041995671193e-05,True
0,mechanism_defined_exposed,L2,0.01,0.0005,rho_source_1,2.0076040769472168,2.0076024488912294,0.9999999999998724,9.551216761677318e-07,True
0,mechanism_defined_exposed,L2,0.01,0.0005,rho_source_2,2.007604076946578,2.007602448891742,0.9999999999998727,9.551208091658566e-07,True
0,mechanism_defined_exposed,L2,0.01,0.0005,rho_hidden,4.015217922261213,4.0152048977829695,0.9999999999979632,3.8204896123155334e-06,True
0,mechanism_defined_exposed,L2,0.01,0.00025,rho_source_1,2.007602855910792,2.0076024488912294,0.9999999999999919,2.387823747868929e-07,True
0,mechanism_defined_exposed,L2,0.01,0.00025,rho_source_2,2.0076028558990995,2.007602448891742,0.9999999999999921,2.3877735213565127e-07,True
0,mechanism_defined_exposed,L2,0.01,0.00025,rho_hidden,4.015208153883134,4.0152048977829695,0.9999999999998727,9.551192183638343e-07,True
0,mechanism_defined_exposed,L2,0.1,0.001,rho_source_1,2.4375921683320874,2.4375869680931905,0.99999999999952,2.3476194622430356e-06,True
0,mechanism_defined_exposed,L2,0.1,0.001,rho_source_2,2.437592168332514,2.4375869680937816,0.99999999999952,2.3476193687601817e-06,True
0,mechanism_defined_exposed,L2,0.1,0.001,rho_hidden,4.875215538463397,4.8751739361869735,0.9999999999923188,9.390496906129774e-06,True
0,mechanism_defined_exposed,L2,0.1,0.0005,rho_source_1,2.437588268152984,2.4375869680931905,0.9999999999999701,5.869049777621488e-07,True
0,mechanism_defined_exposed,L2,0.1,0.0005,rho_source_2,2.4375882681523096,2.4375869680937816,0.9999999999999699,5.869046802834578e-07,True
0,mechanism_defined_exposed,L2,0.1,0.0005,rho_hidden,4.8751843366688306,4.8751739361869735,0.9999999999995198,2.3476195365869535e-06,True
0,mechanism_defined_exposed,L2,0.1,0.00025,rho_source_1,2.437587293110906,2.4375869680931905,0.999999999999998,1.467266136103992e-07,True
0,mechanism_defined_exposed,L2,0.1,0.00025,rho_source_2,2.4375872931017604,2.4375869680937816,0.999999999999998,1.4672371692188677e-07,True
0,mechanism_defined_exposed,L2,0.1,0.00025,rho_hidden,4.875176536299262,4.8751739361869735,0.9999999999999701,5.869039143080596e-07,True
0,mechanism_defined_exposed,IRMV1,0.001,0.001,rho_source_1,1.5838205367671174,1.5838137645028771,0.9999999999974373,4.838272358630617e-06,True
0,mechanism_defined_exposed,IRMV1,0.001,0.001,rho_source_2,1.59216082992185,1.5921540002386956,0.9999999999973899,4.8600684545341995e-06,True
0,mechanism_defined_exposed,IRMV1,0.001,0.001,rho_hidden,3.17600330791662,3.1759483802098285,0.9999999999567036,1.9639106421204663e-05,True
0,mechanism_defined_exposed,IRMV1,0.001,0.0005,rho_source_1,1.5838154575664911,1.5838137645028771,0.9999999999998398,1.2095688777805062e-06,True
0,mechanism_defined_exposed,IRMV1,0.001,0.0005,rho_source_2,1.592155707654332,1.5921540002386956,0.9999999999998369,1.2150158957464168e-06,True
0,mechanism_defined_exposed,IRMV1,0.001,0.0005,rho_hidden,3.175962111885673,3.1759483802098285,0.9999999999972939,4.909750550240039e-06,True
0,mechanism_defined_exposed,IRMV1,0.001,0.00025,rho_source_1,1.5838141877711591,1.5838137645028771,0.9999999999999901,3.023932316323917e-07,True
0,mechanism_defined_exposed,IRMV1,0.001,0.00025,rho_source_2,1.5921544270889958,1.5921540002386956,0.9999999999999898,3.037524448388651e-07,True
0,mechanism_defined_exposed,IRMV1,0.001,0.00025,rho_hidden,3.175951813110481,3.1759483802098285,0.9999999999998311,1.2274352167926093e-06,True
0,mechanism_defined_exposed,IRMV1,0.01,0.001,rho_source_1,1.5403846946318989,1.5403787428673785,0.9999999999985469,4.2231589184201105e-06,True
0,mechanism_defined_exposed,IRMV1,0.01,0.001,rho_source_2,1.6251755893464774,1.625169165054976,0.9999999999981711,4.391302911792221e-06,True
0,mechanism_defined_exposed,IRMV1,0.01,0.001,rho_hidden,3.1638322144431767,3.163777440992513,0.9999999999564687,1.966669869845465e-05,True
0,mechanism_defined_exposed,IRMV1,0.01,0.0005,rho_source_1,1.5403802308048653,1.5403787428673785,0.9999999999999091,1.0557893584874618e-06,True
0,mechanism_defined_exposed,IRMV1,0.01,0.0005,rho_source_2,1.6251707711239753,1.625169165054976,0.9999999999998856,1.0978250723194943e-06,True
0,mechanism_defined_exposed,IRMV1,0.01,0.0005,rho_hidden,3.1637911341046334,3.163777440992513,0.9999999999972794,4.91664827016224e-06,True
0,mechanism_defined_exposed,IRMV1,0.01,0.00025,rho_source_1,1.5403791148555905,1.5403787428673785,0.9999999999999942,2.6394942716607597e-07,True
0,mechanism_defined_exposed,IRMV1,0.01,0.00025,rho_source_2,1.6251695665624502,1.625169165054976,0.9999999999999928,2.744506264115441e-07,True
0,mechanism_defined_exposed,IRMV1,0.01,0.00025,rho_hidden,3.1637808642485683,3.163777440992513,0.9999999999998298,1.2291581056082861e-06,True
0,mechanism_defined_exposed,IRMV1,0.1,0.001,rho_source_1,1.2494726211683727,1.2494682262784715,0.999999999989981,5.692985257614998e-06,True
0,mechanism_defined_exposed,IRMV1,0.1,0.001,rho_source_2,1.952887284270273,1.9528891202562773,0.999999999996475,2.8166900754826954e-06,True
0,mechanism_defined_exposed,IRMV1,0.1,0.001,rho_hidden,3.0452155173466715,3.0451630217658168,0.9999999999563478,1.9608057211725025e-05,True
0,mechanism_defined_exposed,IRMV1,0.1,0.0005,rho_source_1,1.2494693249968056,1.2494682262784715,0.9999999999993737,1.4232499325548265e-06,True
0,mechanism_defined_exposed,IRMV1,0.1,0.0005,rho_source_2,1.9528886612449752,1.9528891202562773,0.9999999999997798,7.041784749351911e-07,True
0,mechanism_defined_exposed,IRMV1,0.1,0.0005,rho_hidden,3.045176145402385,3.0451630217658168,0.9999999999972717,4.90197965808735e-06,True
0,mechanism_defined_exposed,IRMV1,0.1,0.00025,rho_source_1,1.2494685009583517,1.2494682262784715,0.9999999999999606,3.558141167464689e-07,True
0,mechanism_defined_exposed,IRMV1,0.1,0.00025,rho_source_2,1.952889005492457,1.9528891202562773,0.9999999999999861,1.7604677456057576e-07,True
0,mechanism_defined_exposed,IRMV1,0.1,0.00025,rho_hidden,3.045166302660007,3.0451630217658168,0.9999999999998295,1.2254931671204384e-06,True
0,mechanism_defined_exposed,VREX,0.001,0.001,rho_source_1,1.588043415238145,1.5880365837439818,0.9999999999973083,4.887714559470055e-06,True
0,mechanism_defined_exposed,VREX,0.001,0.001,rho_source_2,1.588894035485347,1.5888871712330315,0.9999999999972954,4.90638931829527e-06,True
0,mechanism_defined_exposed,VREX,0.001,0.001,rho_hidden,3.1769786689644066,3.1769237549770093,0.9999999999567556,1.962797867271404e-05,True
0,mechanism_defined_exposed,VREX,0.001,0.0005,rho_source_1,1.5880382916124867,1.5880365837439818,0.9999999999998318,1.2219279886483957e-06,True
0,mechanism_defined_exposed,VREX,0.001,0.0005,rho_source_2,1.58888888729322,1.5888871712330315,0.9999999999998309,1.2265978193450379e-06,True
0,mechanism_defined_exposed,VREX,0.001,0.0005,rho_hidden,3.1769374832239046,3.1769237549770093,0.9999999999972972,4.906968949453194e-06,True
0,mechanism_defined_exposed,VREX,0.001,0.00025,rho_source_1,1.5880370107139772,1.5880365837439818,0.9999999999999896,3.05483110338743e-07,True
0,mechanism_defined_exposed,VREX,0.001,0.00025,rho_source_2,1.5888876002430687,1.5888871712330315,0.9999999999999895,3.066469324786696e-07,True
0,mechanism_defined_exposed,VREX,0.001,0.00025,rho_hidden,3.1769271870208553,3.1769237549770093,0.999999999999831,1.2267399747990538e-06,True
0,mechanism_defined_exposed,VREX,0.01,0.001,rho_source_1,1.5827600736853853,1.5827535653171334,0.9999999999974154,4.6987477404519255e-06,True
0,mechanism_defined_exposed,VREX,0.01,0.001,rho_source_2,1.5912545923450674,1.5912477588866676,0.9999999999972918,4.8844648847835805e-06,True
0,mechanism_defined_exposed,VREX,0.01,0.001,rho_hidden,3.174055982681938,3.1740013242038025,0.9999999999569571,1.956084319876793e-05,True
0,mechanism_defined_exposed,VREX,0.01,0.0005,rho_source_1,1.5827551924052905,1.5827535653171334,0.9999999999998385,1.1746864860898931e-06,True
0,mechanism_defined_exposed,VREX,0.01,0.0005,rho_source_2,1.5912494672475077,1.5912477588866676,0.9999999999998308,1.2211159542434478e-06,True
0,mechanism_defined_exposed,VREX,0.01,0.0005,rho_hidden,3.174014988577529,3.1740013242038025,0.9999999999973099,4.890186026527552e-06,True
0,mechanism_defined_exposed,VREX,0.01,0.00025,rho_source_1,1.5827539720935244,1.5827535653171334,0.9999999999999899,2.9367385484242664e-07,True
0,mechanism_defined_exposed,VREX,0.01,0.00025,rho_source_2,1.5912481859659453,1.5912477588866676,0.9999999999999893,3.0527285710632187e-07,True
0,mechanism_defined_exposed,VREX,0.01,0.00025,rho_hidden,3.1740047402782814,3.1740013242038025,0.9999999999998319,1.2225437156295261e-06,True
0,mechanism_defined_exposed,VREX,0.1,0.001,rho_source_1,1.530694471853836,1.5306909513915608,0.9999999999983376,2.9350292316072e-06,True
0,mechanism_defined_exposed,VREX,0.1,0.001,rho_source_2,1.6144891007621291,1.6144825683219748,0.9999999999972503,4.676582330659203e-06,True
0,mechanism_defined_exposed,VREX,0.1,0.001,rho_hidden,3.145225704824679,3.145173519713535,0.9999999999589028,1.8907224839720952e-05,True
0,mechanism_defined_exposed,VREX,0.1,0.0005,rho_source_1,1.5306918315112903,1.5306909513915608,0.9999999999998961,7.337596710772729e-07,True
0,mechanism_defined_exposed,VREX,0.1,0.0005,rho_source_2,1.6144842014278153,1.6144825683219748,0.9999999999998281,1.169144449004489e-06,True
0,mechanism_defined_exposed,VREX,0.1,0.0005,rho_hidden,3.1451865657744333,3.145173519713535,0.9999999999974317,4.726785961607737e-06,True
0,mechanism_defined_exposed,VREX,0.1,0.00025,rho_source_1,1.53069117142331,1.5306909513915608,0.9999999999999936,1.8343927481085672e-07,True
0,mechanism_defined_exposed,VREX,0.1,0.00025,rho_source_2,1.6144829765908253,1.6144825683219748,0.9999999999999896,2.92281925268138e-07,True
0,mechanism_defined_exposed,VREX,0.1,0.00025,rho_hidden,3.1451767812140226,3.145173519713535,0.9999999999998395,1.181694885403239e-06,True
0,irrelevant_source_diversity,ERM,0.0,0.001,rho_source_1,1.5886313283006501,1.5886244606194049,0.9999999999972959,4.908838272655987e-06,True
0,irrelevant_source_diversity,ERM,0.0,0.001,rho_source_2,1.5886313283009708,1.5886244606197386,0.9999999999972957,4.908838198734801e-06,True
0,irrelevant_source_diversity,ERM,0.0,0.001,rho_hidden,0.0,0.0,0.0,0.0,True
0,irrelevant_source_diversity,ERM,0.0,0.001,brightness_nuisance,3.2829340813169745,3.28293118159899,0.9999999999999999,8.833365435391117e-07,True
0,irrelevant_source_diversity,ERM,0.0,0.0005,rho_source_1,1.5886261775344184,1.5886244606194049,0.9999999999998309,1.2272088072539925e-06,True
0,irrelevant_source_diversity,ERM,0.0,0.0005,rho_source_2,1.588626177534859,1.5886244606197386,0.999999999999831,1.2272084920951449e-06,True
0,irrelevant_source_diversity,ERM,0.0,0.0005,rho_hidden,0.0,0.0,0.0,0.0,True
0,irrelevant_source_diversity,ERM,0.0,0.0005,brightness_nuisance,3.2828396922305787,3.28293118159899,0.9999999999910459,2.818844178145932e-05,True
0,irrelevant_source_diversity,ERM,0.0,0.00025,rho_source_1,1.588624889850161,1.5886244606194049,0.9999999999999892,3.068030660621799e-07,True
0,irrelevant_source_diversity,ERM,0.0,0.00025,rho_source_2,1.5886248898407114,1.5886244606197386,0.9999999999999895,3.067984226269322e-07,True
0,irrelevant_source_diversity,ERM,0.0,0.00025,rho_hidden,0.0,0.0,0.0,0.0,True
0,irrelevant_source_diversity,ERM,0.0,0.00025,brightness_nuisance,3.2826301122447163,3.28293118159899,0.9999999999350023,9.242192396105459e-05,True
0,irrelevant_source_diversity,L2,0.001,0.001,rho_source_1,1.685874465988259,1.6858675660569167,0.9999999999975028,4.663193556253021e-06,True
0,irrelevant_source_diversity,L2,0.001,0.001,rho_source_2,1.6858744659880363,1.6858675660572993,0.999999999997503,4.663193000561754e-06,True
0,irrelevant_source_diversity,L2,0.001,0.001,rho_hidden,0.0,0.0,0.0,0.0,True
0,irrelevant_source_diversity,L2,0.001,0.001,brightness_nuisance,3.13803608814658,3.1380334775673786,0.999999999999978,8.582891280704415e-07,True
0,irrelevant_source_diversity,L2,0.001,0.0005,rho_source_1,1.6858692910365018,1.6858675660569167,0.999999999999844,1.1657983550770743e-06,True
0,irrelevant_source_diversity,L2,0.001,0.0005,rho_source_2,1.6858692910348732,1.6858675660572993,0.999999999999844,1.1657970196178745e-06,True
0,irrelevant_source_diversity,L2,0.001,0.0005,rho_hidden,0.0,0.0,0.0,0.0,True
0,irrelevant_source_diversity,L2,0.001,0.0005,brightness_nuisance,3.137946861412429,3.1380334775673786,0.9999999999923456,2.7878742262882272e-05,True
0,irrelevant_source_diversity,L2,0.001,0.00025,rho_source_1,1.6858679973053035,1.6858675660569167,0.9999999999999901,2.9145056035130003e-07,True
0,irrelevant_source_diversity,L2,0.001,0.00025,rho_source_2,1.6858679972940585,1.6858675660572993,0.9999999999999901,2.914451006461589e-07,True
0,irrelevant_source_diversity,L2,0.001,0.00025,rho_hidden,0.0,0.0,0.0,0.0,True
0,irrelevant_source_diversity,L2,0.001,0.00025,brightness_nuisance,3.137747816951519,3.1380334775673786,0.9999999999385427,9.171265299632388e-05,True
0,irrelevant_source_diversity,L2,0.01,0.001,rho_source_1,2.00760896112588,2.0076024488912294,0.9999999999979627,3.820488662212462e-06,True
0,irrelevant_source_diversity,L2,0.01,0.001,rho_source_2,2.007608961126778,2.0076024488917414,0.999999999997963,3.820488713099752e-06,True
0,irrelevant_source_diversity,L2,0.01,0.001,rho_hidden,0.0,0.0,0.0,0.0,True
0,irrelevant_source_diversity,L2,0.01,0.001,brightness_nuisance,3.010885912923506,3.0108832702293733,0.9999999999999851,8.944594883945018e-07,True
0,irrelevant_source_diversity,L2,0.01,0.0005,rho_source_1,2.0076040769472168,2.0076024488912294,0.9999999999998724,9.55121676137918e-07,True
0,irrelevant_source_diversity,L2,0.01,0.0005,rho_source_2,2.007604076946578,2.0076024488917414,0.9999999999998729,9.551208092715145e-07,True
0,irrelevant_source_diversity,L2,0.01,0.0005,rho_hidden,0.0,0.0,0.0,0.0,True
0,irrelevant_source_diversity,L2,0.01,0.0005,brightness_nuisance,3.0108010650595505,3.0108832702293733,0.9999999999947673,2.7494423476554938e-05,True
0,irrelevant_source_diversity,L2,0.01,0.00025,rho_source_1,2.007602855910792,2.0076024488912294,0.9999999999999921,2.387823747570809e-07,True
0,irrelevant_source_diversity,L2,0.01,0.00025,rho_source_2,2.0076028558990995,2.0076024488917414,0.9999999999999923,2.387773522413086e-07,True
0,irrelevant_source_diversity,L2,0.01,0.00025,rho_hidden,0.0,0.0,0.0,0.0,True
0,irrelevant_source_diversity,L2,0.01,0.00025,brightness_nuisance,3.010612610046705,3.0108832702293733,0.99999999995708,9.037821882895323e-05,True
0,irrelevant_source_diversity,L2,0.1,0.001,rho_source_1,2.4375921683320874,2.4375869680931905,0.99999999999952,2.347619462294349e-06,True
0,irrelevant_source_diversity,L2,0.1,0.001,rho_source_2,2.437592168332514,2.437586968093782,0.99999999999952,2.3476193686034256e-06,True
0,irrelevant_source_diversity,L2,0.1,0.001,rho_hidden,0.0,0.0,0.0,0.0,True
0,irrelevant_source_diversity,L2,0.1,0.001,brightness_nuisance,3.0367847189338724,3.0367821603685505,0.9999999999999927,8.513302392311552e-07,True
0,irrelevant_source_diversity,L2,0.1,0.0005,rho_source_1,2.437588268152984,2.4375869680931905,0.9999999999999699,5.869049778134624e-07,True
0,irrelevant_source_diversity,L2,0.1,0.0005,rho_source_2,2.4375882681523096,2.437586968093782,0.9999999999999701,5.86904680126701e-07,True
0,irrelevant_source_diversity,L2,0.1,0.0005,rho_hidden,0.0,0.0,0.0,0.0,True
0,irrelevant_source_diversity,L2,0.1,0.0005,brightness_nuisance,3.0366992417693295,3.0367821603685505,0.9999999999956669,2.7463733568947907e-05,True
0,irrelevant_source_diversity,L2,0.1,0.00025,rho_source_1,2.437587293110906,2.4375869680931905,0.999999999999998,1.4672661366171213e-07,True
0,irrelevant_source_diversity,L2,0.1,0.00025,rho_source_2,2.4375872931017604,2.437586968093782,0.999999999999998,1.4672371676513295e-07,True
0,irrelevant_source_diversity,L2,0.1,0.00025,rho_hidden,0.0,0.0,0.0,0.0,True
0,irrelevant_source_diversity,L2,0.1,0.00025,brightness_nuisance,3.036508358553004,3.0367821603685505,0.9999999999760282,9.043543708428e-05,True
0,irrelevant_source_diversity,IRMV1,0.001,0.001,rho_source_1,1.5838205367671174,1.583813764502877,0.9999999999974374,4.838272358828654e-06,True
0,irrelevant_source_diversity,IRMV1,0.001,0.001,rho_source_2,1.59216082992185,1.5921540002386958,0.9999999999973901,4.860068454351768e-06,True
0,irrelevant_source_diversity,IRMV1,0.001,0.001,rho_hidden,0.0,0.0,0.0,0.0,True
0,irrelevant_source_diversity,IRMV1,0.001,0.001,brightness_nuisance,3.2828637056663754,3.2828608060075286,1.0,8.833374343358759e-07,True
0,irrelevant_source_diversity,IRMV1,0.001,0.0005,rho_source_1,1.5838154575664911,1.583813764502877,0.9999999999998396,1.2095688779785442e-06,True
0,irrelevant_source_diversity,IRMV1,0.001,0.0005,rho_source_2,1.592155707654332,1.5921540002386958,0.9999999999998371,1.2150158955639848e-06,True
0,irrelevant_source_diversity,IRMV1,0.001,0.0005,rho_hidden,0.0,0.0,0.0,0.0,True
0,irrelevant_source_diversity,IRMV1,0.001,0.0005,brightness_nuisance,3.282769320258437,3.2828608060075286,0.9999999999910437,2.8188011345308002e-05,True
0,irrelevant_source_diversity,IRMV1,0.001,0.00025,rho_source_1,1.5838141877711591,1.583813764502877,0.9999999999999898,3.023932318304299e-07,True
0,irrelevant_source_diversity,IRMV1,0.001,0.00025,rho_source_2,1.5921544270889958,1.5921540002386958,0.9999999999999898,3.037524446564321e-07,True
0,irrelevant_source_diversity,IRMV1,0.001,0.00025,rho_hidden,0.0,0.0,0.0,0.0,True
0,irrelevant_source_diversity,IRMV1,0.001,0.00025,brightness_nuisance,3.2825597418666073,3.2828608060075286,0.999999999934992,9.242241146782328e-05,True
0,irrelevant_source_diversity,IRMV1,0.01,0.001,rho_source_1,1.5403846946318989,1.5403787428673785,0.9999999999985469,4.223158918462527e-06,True
0,irrelevant_source_diversity,IRMV1,0.01,0.001,rho_source_2,1.6251755893464774,1.6251691650549756,0.9999999999981711,4.391302911978712e-06,True
0,irrelevant_source_diversity,IRMV1,0.01,0.001,rho_hidden,0.0,0.0,0.0,0.0,True
0,irrelevant_source_diversity,IRMV1,0.01,0.001,brightness_nuisance,3.2823733198370832,3.282370420609146,0.9999999999999999,8.833377200680216e-07,True
0,irrelevant_source_diversity,IRMV1,0.01,0.0005,rho_source_1,1.5403802308048653,1.5403787428673785,0.9999999999999091,1.0557893585298785e-06,True
0,irrelevant_source_diversity,IRMV1,0.01,0.0005,rho_source_2,1.6251707711239753,1.6251691650549756,0.9999999999998859,1.097825072505985e-06,True
0,irrelevant_source_diversity,IRMV1,0.01,0.0005,rho_hidden,0.0,0.0,0.0,0.0,True
0,irrelevant_source_diversity,IRMV1,0.01,0.0005,brightness_nuisance,3.282278961931327,3.282370420609146,0.9999999999910256,2.8184625128022057e-05,True
0,irrelevant_source_diversity,IRMV1,0.01,0.00025,rho_source_1,1.5403791148555905,1.5403787428673785,0.9999999999999942,2.6394942720849093e-07,True
0,irrelevant_source_diversity,IRMV1,0.01,0.00025,rho_source_2,1.6251695665624502,1.6251691650549756,0.9999999999999929,2.744506265980353e-07,True
0,irrelevant_source_diversity,IRMV1,0.01,0.00025,rho_hidden,0.0,0.0,0.0,0.0,True
0,irrelevant_source_diversity,IRMV1,0.01,0.00025,brightness_nuisance,3.282069386960234,3.282370420609146,0.9999999999349002,9.242778242018909e-05,True
0,irrelevant_source_diversity,IRMV1,0.1,0.001,rho_source_1,1.2494726211683727,1.2494682262784713,0.9999999999899811,5.692985257693602e-06,True
0,irrelevant_source_diversity,IRMV1,0.1,0.001,rho_source_2,1.952887284270273,1.9528891202562768,0.999999999996475,2.8166900755210203e-06,True
0,irrelevant_source_diversity,IRMV1,0.1,0.001,rho_hidden,0.0,0.0,0.0,0.0,True
0,irrelevant_source_diversity,IRMV1,0.1,0.001,brightness_nuisance,3.279076096942195,3.279073200789382,1.0000000000000004,8.832840360850057e-07,True
0,irrelevant_source_diversity,IRMV1,0.1,0.0005,rho_source_1,1.2494693249968056,1.2494682262784713,0.999999999999374,1.4232499326334316e-06,True
0,irrelevant_source_diversity,IRMV1,0.1,0.0005,rho_source_2,1.9528886612449752,1.9528891202562768,0.9999999999997798,7.041784749735145e-07,True
0,irrelevant_source_diversity,IRMV1,0.1,0.0005,rho_hidden,0.0,0.0,0.0,0.0,True
0,irrelevant_source_diversity,IRMV1,0.1,0.0005,brightness_nuisance,3.278981948658666,3.279073200789382,0.9999999999908487,2.8156349715246937e-05,True
0,irrelevant_source_diversity,IRMV1,0.1,0.00025,rho_source_1,1.2494685009583517,1.2494682262784713,0.9999999999999607,3.558141168250757e-07,True
0,irrelevant_source_diversity,IRMV1,0.1,0.00025,rho_source_2,1.952889005492457,1.9528891202562768,0.9999999999999861,1.7604677459888466e-07,True
0,irrelevant_source_diversity,IRMV1,0.1,0.00025,rho_hidden,0.0,0.0,0.0,0.0,True
0,irrelevant_source_diversity,IRMV1,0.1,0.00025,brightness_nuisance,3.2787723052269073,3.279073200789382,0.9999999999340384,9.248684176030383e-05,True
0,irrelevant_source_diversity,VREX,0.001,0.001,rho_source_1,1.588043415238145,1.5880365837439818,0.9999999999973083,4.887714559409505e-06,True
0,irrelevant_source_diversity,VREX,0.001,0.001,rho_source_2,1.588894035485347,1.5888871712330312,0.9999999999972954,4.9063893183972616e-06,True
0,irrelevant_source_diversity,VREX,0.001,0.001,rho_hidden,0.0,0.0,0.0,0.0,True
0,irrelevant_source_diversity,VREX,0.001,0.001,brightness_nuisance,3.282930568619974,3.2829276689045153,1.0,8.833367156067236e-07,True
0,irrelevant_source_diversity,VREX,0.001,0.0005,rho_source_1,1.5880382916124867,1.5880365837439818,0.9999999999998318,1.2219279885878449e-06,True
0,irrelevant_source_diversity,VREX,0.001,0.0005,rho_source_2,1.58888888729322,1.5888871712330312,0.9999999999998311,1.2265978194470298e-06,True
0,irrelevant_source_diversity,VREX,0.001,0.0005,rho_hidden,0.0,0.0,0.0,0.0,True
0,irrelevant_source_diversity,VREX,0.001,0.0005,brightness_nuisance,3.282836179525932,3.2829276689045153,0.9999999999910458,2.818846421794835e-05,True
0,irrelevant_source_diversity,VREX,0.001,0.00025,rho_source_1,1.5880370107139772,1.5880365837439818,0.9999999999999896,3.054831102781913e-07,True
0,irrelevant_source_diversity,VREX,0.001,0.00025,rho_source_2,1.5888876002430687,1.5888871712330312,0.9999999999999892,3.0664693258066083e-07,True
0,irrelevant_source_diversity,VREX,0.001,0.00025,rho_hidden,0.0,0.0,0.0,0.0,True
0,irrelevant_source_diversity,VREX,0.001,0.00025,brightness_nuisance,3.2826265996557855,3.2829276689045153,0.9999999999350038,9.242197663275773e-05,True
0,irrelevant_source_diversity,VREX,0.01,0.001,rho_source_1,1.5827600736853853,1.5827535653171336,0.9999999999974155,4.698747740325295e-06,True
0,irrelevant_source_diversity,VREX,0.01,0.001,rho_source_2,1.5912545923450674,1.591247758886668,0.9999999999972915,4.88446488452983e-06,True
0,irrelevant_source_diversity,VREX,0.01,0.001,rho_hidden,0.0,0.0,0.0,0.0,True
0,irrelevant_source_diversity,VREX,0.01,0.001,brightness_nuisance,3.282898978654786,3.282896078965644,0.9999999999999996,8.833371209817603e-07,True
0,irrelevant_source_diversity,VREX,0.01,0.0005,rho_source_1,1.5827551924052905,1.5827535653171336,0.9999999999998384,1.1746864859632615e-06,True
0,irrelevant_source_diversity,VREX,0.01,0.0005,rho_source_2,1.5912494672475077,1.591247758886668,0.9999999999998308,1.2211159539896957e-06,True
0,irrelevant_source_diversity,VREX,0.01,0.0005,rho_hidden,0.0,0.0,0.0,0.0,True
0,irrelevant_source_diversity,VREX,0.01,0.0005,brightness_nuisance,3.282804589488581,3.282896078965644,0.9999999999910489,2.8188668270408752e-05,True
0,irrelevant_source_diversity,VREX,0.01,0.00025,rho_source_1,1.5827539720935244,1.5827535653171336,0.9999999999999901,2.9367385471579463e-07,True
0,irrelevant_source_diversity,VREX,0.01,0.00025,rho_source_2,1.5912481859659453,1.591247758886668,0.9999999999999895,3.0527285685257065e-07,True
0,irrelevant_source_diversity,VREX,0.01,0.00025,rho_hidden,0.0,0.0,0.0,0.0,True
0,irrelevant_source_diversity,VREX,0.01,0.00025,brightness_nuisance,3.282595010667945,3.282896078965644,0.9999999999350143,9.242244989125376e-05,True
0,irrelevant_source_diversity,VREX,0.1,0.001,rho_source_1,1.530694471853836,1.5306909513915608,0.9999999999983376,2.9350292316134057e-06,True
0,irrelevant_source_diversity,VREX,0.1,0.001,rho_source_2,1.6144891007621291,1.6144825683219746,0.9999999999972503,4.676582330767955e-06,True
0,irrelevant_source_diversity,VREX,0.1,0.001,rho_hidden,0.0,0.0,0.0,0.0,True
0,irrelevant_source_diversity,VREX,0.1,0.001,brightness_nuisance,3.282585459774949,3.2825825603458307,1.0,8.833415107232232e-07,True
0,irrelevant_source_diversity,VREX,0.1,0.0005,rho_source_1,1.5306918315112903,1.5306909513915608,0.999999999999896,7.337596710834789e-07,True
0,irrelevant_source_diversity,VREX,0.1,0.0005,rho_source_2,1.6144842014278153,1.6144825683219746,0.9999999999998282,1.169144449113241e-06,True
0,irrelevant_source_diversity,VREX,0.1,0.0005,rho_hidden,0.0,0.0,0.0,0.0,True
0,irrelevant_source_diversity,VREX,0.1,0.0005,brightness_nuisance,3.282491069872875,3.2825825603458307,0.999999999991074,2.819069971192466e-05,True
0,irrelevant_source_diversity,VREX,0.1,0.00025,rho_source_1,1.53069117142331,1.5306909513915608,0.9999999999999936,1.8343927481706634e-07,True
0,irrelevant_source_diversity,VREX,0.1,0.00025,rho_source_2,1.6144829765908253,1.6144825683219746,0.9999999999999896,2.9228192537689177e-07,True
0,irrelevant_source_diversity,VREX,0.1,0.00025,rho_hidden,0.0,0.0,0.0,0.0,True
0,irrelevant_source_diversity,VREX,0.1,0.00025,brightness_nuisance,3.2822815014794338,3.2825825603458307,0.9999999999351197,9.242715232382982e-05,True
1,declared_source_target_coupled_correlation,ERM,0.0,0.001,rho_source_1,1.585672226666245,1.5856657247451338,0.9999999999987421,4.396485687307203e-06,True
1,declared_source_target_coupled_correlation,ERM,0.0,0.001,rho_source_2,1.5856722266657262,1.5856657247444985,0.9999999999987421,4.396485763747284e-06,True
1,declared_source_target_coupled_correlation,ERM,0.0,0.0005,rho_source_1,1.5856673502172176,1.5856657247451338,0.9999999999999216,1.0991195492950024e-06,True
1,declared_source_target_coupled_correlation,ERM,0.0,0.0005,rho_source_2,1.5856673502175145,1.5856657247444985,0.9999999999999214,1.0991204791889231e-06,True
1,declared_source_target_coupled_correlation,ERM,0.0,0.00025,rho_source_1,1.5856661311199947,1.5856657247451338,0.9999999999999949,2.7478490024396875e-07,True
1,declared_source_target_coupled_correlation,ERM,0.0,0.00025,rho_source_2,1.585666131108744,1.5856657247444985,0.9999999999999952,2.747788401568646e-07,True
1,declared_source_target_coupled_correlation,L2,0.001,0.001,rho_source_1,1.6291733675020577,1.6291672001025133,0.9999999999992467,3.9795731097606285e-06,True
1,declared_source_target_coupled_correlation,L2,0.001,0.001,rho_source_2,1.629173367501386,1.6291672001018709,0.9999999999992469,3.979573083397902e-06,True
1,declared_source_target_coupled_correlation,L2,0.001,0.0005,rho_source_1,1.6291687419449163,1.6291672001025133,0.999999999999953,9.948915198364366e-07,True
1,declared_source_target_coupled_correlation,L2,0.001,0.0005,rho_source_2,1.6291687419432754,1.6291672001018709,0.999999999999953,9.94891023684973e-07,True
1,declared_source_target_coupled_correlation,L2,0.001,0.00025,rho_source_1,1.6291675855730043,1.6291672001025133,0.9999999999999971,2.487294634578836e-07,True
1,declared_source_target_coupled_correlation,L2,0.001,0.00025,rho_source_2,1.6291675855579206,1.6291672001018709,0.9999999999999971,2.487213215290836e-07,True
1,declared_source_target_coupled_correlation,L2,0.01,0.001,rho_source_1,1.7909253291995808,1.7909208125644658,0.9999999999998835,2.5676146700424675e-06,True
1,declared_source_target_coupled_correlation,L2,0.01,0.001,rho_source_2,1.7909253291988447,1.7909208125638718,0.9999999999998835,2.567614534824782e-06,True
1,declared_source_target_coupled_correlation,L2,0.01,0.0005,rho_source_1,1.7909219417190632,1.7909208125644658,0.9999999999999929,6.419027883768494e-07,True
1,declared_source_target_coupled_correlation,L2,0.01,0.0005,rho_source_2,1.790921941719743,1.7909208125638718,0.9999999999999927,6.419034585688286e-07,True
1,declared_source_target_coupled_correlation,L2,0.01,0.00025,rho_source_1,1.7909210948607321,1.7909208125644658,0.9999999999999998,1.604802744833486e-07,True
1,declared_source_target_coupled_correlation,L2,0.01,0.00025,rho_source_2,1.7909210948477787,1.7909208125638718,0.9999999999999994,1.6047398853613903e-07,True
1,declared_source_target_coupled_correlation,L2,0.1,0.001,rho_source_1,1.9003188709271785,1.9003168192308697,0.9999999999999919,1.087145086420605e-06,True
1,declared_source_target_coupled_correlation,L2,0.1,0.001,rho_source_2,1.9003188709254148,1.90031681923007,0.9999999999999918,1.087144582078449e-06,True
1,declared_source_target_coupled_correlation,L2,0.1,0.0005,rho_source_1,1.9003173321522453,1.9003168192308697,0.9999999999999996,2.7178530642028313e-07,True
1,declared_source_target_coupled_correlation,L2,0.1,0.0005,rho_source_2,1.9003173321527886,1.90031681923007,0.9999999999999993,2.717860014783077e-07,True
1,declared_source_target_coupled_correlation,L2,0.1,0.00025,rho_source_1,1.9003169474642179,1.9003168192308697,1.0000000000000002,6.794796517121944e-08,True
1,declared_source_target_coupled_correlation,L2,0.1,0.00025,rho_source_2,1.9003169474536221,1.90031681923007,0.9999999999999998,6.79434371526223e-08,True
1,declared_source_target_coupled_correlation,IRMV1,0.001,0.001,rho_source_1,1.5803303080520539,1.580323863314006,0.9999999999987507,4.373713103977446e-06,True
1,declared_source_target_coupled_correlation,IRMV1,0.001,0.001,rho_source_2,1.5899578803200225,1.5899514228223763,0.9999999999987764,4.3522379010287735e-06,True
1,declared_source_target_coupled_correlation,IRMV1,0.001,0.0005,rho_source_1,1.5803254744895054,1.580323863314006,0.999999999999922,1.0934258136335314e-06,True
1,declared_source_target_coupled_correlation,IRMV1,0.001,0.0005,rho_source_2,1.5899530371888653,1.5899514228223763,0.9999999999999236,1.088057949050348e-06,True
1,declared_source_target_coupled_correlation,IRMV1,0.001,0.00025,rho_source_1,1.5803242661161356,1.580323863314006,0.9999999999999952,2.7336244121668386e-07,True
1,declared_source_target_coupled_correlation,IRMV1,0.001,0.00025,rho_source_2,1.5899518264086123,1.5899514228223763,0.9999999999999951,2.720121497435837e-07,True
1,declared_source_target_coupled_correlation,IRMV1,0.01,0.001,rho_source_1,1.530383795258746,1.5303779044153631,0.9999999999988348,4.140873796070291e-06,True
1,declared_source_target_coupled_correlation,IRMV1,0.01,0.001,rho_source_2,1.6308809097343353,1.630874919206985,0.9999999999990605,3.920629827458386e-06,True
1,declared_source_target_coupled_correlation,IRMV1,0.01,0.0005,rho_source_1,1.5303793771148089,1.5303779044153631,0.9999999999999274,1.0352135483823169e-06,True
1,declared_source_target_coupled_correlation,IRMV1,0.01,0.0005,rho_source_2,1.6308764168320948,1.630874919206985,0.9999999999999413,9.801562052399267e-07,True
1,declared_source_target_coupled_correlation,IRMV1,0.01,0.00025,rho_source_1,1.530378272592426,1.5303779044153631,0.9999999999999954,2.588056955984494e-07,True
1,declared_source_target_coupled_correlation,IRMV1,0.01,0.00025,rho_source_2,1.6308752936090238,1.630874919206985,0.9999999999999961,2.450375510464817e-07,True
1,declared_source_target_coupled_correlation,IRMV1,0.1,0.001,rho_source_1,1.1149395806039042,1.1149379144608165,0.9999999999945975,3.6108311352867725e-06,True
1,declared_source_target_coupled_correlation,IRMV1,0.1,0.001,rho_source_2,2.055921136309892,2.055924372647484,0.9999999999977035,2.659120196148981e-06,True
1,declared_source_target_coupled_correlation,IRMV1,0.1,0.0005,rho_source_1,1.114938330990744,1.1149379144608165,0.9999999999996624,9.026987049977534e-07,True
1,declared_source_target_coupled_correlation,IRMV1,0.1,0.0005,rho_source_2,2.0559235635414685,2.055924372647484,0.9999999999998562,6.647859641936545e-07,True
1,declared_source_target_coupled_correlation,IRMV1,0.1,0.00025,rho_source_1,1.1149380186042745,1.1149379144608165,0.9999999999999789,2.2568168466046845e-07,True
1,declared_source_target_coupled_correlation,IRMV1,0.1,0.00025,rho_source_2,2.0559241703737086,2.055924372647484,0.999999999999991,1.6619490742460856e-07,True
1,declared_source_target_coupled_correlation,VREX,0.001,0.001,rho_source_1,1.5851272430642906,1.5851207751260696,0.9999999999987492,4.3762432284463044e-06,True
1,declared_source_target_coupled_correlation,VREX,0.001,0.001,rho_source_2,1.5859095005063368,1.5859030018156168,0.9999999999987423,4.394039572758837e-06,True
1,declared_source_target_coupled_correlation,VREX,0.001,0.0005,rho_source_1,1.5851223921019142,1.5851207751260696,0.9999999999999218,1.09405854981321e-06,True
1,declared_source_target_coupled_correlation,VREX,0.001,0.0005,rho_source_2,1.5859046264792949,1.5859030018156168,0.9999999999999214,1.098507771684644e-06,True
1,declared_source_target_coupled_correlation,VREX,0.001,0.00025,rho_source_1,1.5851211793793305,1.5851207751260696,0.9999999999999954,2.73521221670229e-07,True
1,declared_source_target_coupled_correlation,VREX,0.001,0.00025,rho_source_2,1.5859034079798426,1.5859030018156168,0.9999999999999952,2.746269558685494e-07,True
1,declared_source_target_coupled_correlation,VREX,0.01,0.001,rho_source_1,1.5802293920937125,1.5802232277133315,0.9999999999988097,4.194963671014649e-06,True
1,declared_source_target_coupled_correlation,VREX,0.01,0.001,rho_source_2,1.588041608626361,1.5880351389347882,0.9999999999987411,4.37212748242641e-06,True
1,declared_source_target_coupled_correlation,VREX,0.01,0.0005,rho_source_1,1.5802247688014448,1.5802232277133315,0.9999999999999255,1.048739503522358e-06,True
1,declared_source_target_coupled_correlation,VREX,0.01,0.0005,rho_source_2,1.5880367563494142,1.5880351389347882,0.9999999999999215,1.0930301657396044e-06,True
1,declared_source_target_coupled_correlation,VREX,0.01,0.00025,rho_source_1,1.5802236129955756,1.5802232277133315,0.9999999999999953,2.6219188803268453e-07,True
1,declared_source_target_coupled_correlation,VREX,0.01,0.00025,rho_source_2,1.5880355432825182,1.5880351389347882,0.9999999999999952,2.732547927747441e-07,True
1,declared_source_target_coupled_correlation,VREX,0.1,0.001,rho_source_1,1.5319339530830245,1.5319306069523675,0.9999999999993217,2.475411349432729e-06,True
1,declared_source_target_coupled_correlation,VREX,0.1,0.001,rho_source_2,1.6090353862508557,1.6090291995855202,0.9999999999987272,4.162790444642758e-06,True
1,declared_source_target_coupled_correlation,VREX,0.1,0.0005,rho_source_1,1.5319314434833546,1.5319306069523675,0.9999999999999578,6.188528923509679e-07,True
1,declared_source_target_coupled_correlation,VREX,0.1,0.0005,rho_source_2,1.6090307462484243,1.6090291995855202,0.9999999999999206,1.0406987031180022e-06,True
1,declared_source_target_coupled_correlation,VREX,0.1,0.00025,rho_source_1,1.5319308160931022,1.5319306069523675,0.9999999999999973,1.5471909887655327e-07,True
1,declared_source_target_coupled_correlation,VREX,0.1,0.00025,rho_source_2,1.609029586246809,1.6090291995855202,0.9999999999999949,2.6017315471853385e-07,True
1,mechanism_defined_hidden,ERM,0.0,0.001,rho_source_1,1.585672226666245,1.5856657247451338,0.9999999999987421,4.396485687307203e-06,True
1,mechanism_defined_hidden,ERM,0.0,0.001,rho_source_2,1.5856722266657262,1.5856657247444985,0.9999999999987421,4.396485763747284e-06,True
1,mechanism_defined_hidden,ERM,0.0,0.001,rho_hidden,0.0,0.0,0.0,0.0,True
1,mechanism_defined_hidden,ERM,0.0,0.0005,rho_source_1,1.5856673502172176,1.5856657247451338,0.9999999999999216,1.0991195492950024e-06,True
1,mechanism_defined_hidden,ERM,0.0,0.0005,rho_source_2,1.5856673502175145,1.5856657247444985,0.9999999999999214,1.0991204791889231e-06,True
1,mechanism_defined_hidden,ERM,0.0,0.0005,rho_hidden,0.0,0.0,0.0,0.0,True
1,mechanism_defined_hidden,ERM,0.0,0.00025,rho_source_1,1.5856661311199947,1.5856657247451338,0.9999999999999949,2.7478490024396875e-07,True
1,mechanism_defined_hidden,ERM,0.0,0.00025,rho_source_2,1.585666131108744,1.5856657247444985,0.9999999999999952,2.747788401568646e-07,True
1,mechanism_defined_hidden,ERM,0.0,0.00025,rho_hidden,0.0,0.0,0.0,0.0,True
1,mechanism_defined_hidden,L2,0.001,0.001,rho_source_1,1.6291733675020577,1.6291672001025133,0.9999999999992467,3.9795731097606285e-06,True
1,mechanism_defined_hidden,L2,0.001,0.001,rho_source_2,1.629173367501386,1.6291672001018709,0.9999999999992469,3.979573083397902e-06,True
1,mechanism_defined_hidden,L2,0.001,0.001,rho_hidden,0.0,0.0,0.0,0.0,True
1,mechanism_defined_hidden,L2,0.001,0.0005,rho_source_1,1.6291687419449163,1.6291672001025133,0.999999999999953,9.948915198364366e-07,True
1,mechanism_defined_hidden,L2,0.001,0.0005,rho_source_2,1.6291687419432754,1.6291672001018709,0.999999999999953,9.94891023684973e-07,True
1,mechanism_defined_hidden,L2,0.001,0.0005,rho_hidden,0.0,0.0,0.0,0.0,True
1,mechanism_defined_hidden,L2,0.001,0.00025,rho_source_1,1.6291675855730043,1.6291672001025133,0.9999999999999971,2.487294634578836e-07,True
1,mechanism_defined_hidden,L2,0.001,0.00025,rho_source_2,1.6291675855579206,1.6291672001018709,0.9999999999999971,2.487213215290836e-07,True
1,mechanism_defined_hidden,L2,0.001,0.00025,rho_hidden,0.0,0.0,0.0,0.0,True
1,mechanism_defined_hidden,L2,0.01,0.001,rho_source_1,1.7909253291995808,1.7909208125644658,0.9999999999998835,2.5676146700424675e-06,True
1,mechanism_defined_hidden,L2,0.01,0.001,rho_source_2,1.7909253291988447,1.7909208125638718,0.9999999999998835,2.567614534824782e-06,True
1,mechanism_defined_hidden,L2,0.01,0.001,rho_hidden,0.0,0.0,0.0,0.0,True
1,mechanism_defined_hidden,L2,0.01,0.0005,rho_source_1,1.7909219417190632,1.7909208125644658,0.9999999999999929,6.419027883768494e-07,True
1,mechanism_defined_hidden,L2,0.01,0.0005,rho_source_2,1.790921941719743,1.7909208125638718,0.9999999999999927,6.419034585688286e-07,True
1,mechanism_defined_hidden,L2,0.01,0.0005,rho_hidden,0.0,0.0,0.0,0.0,True
1,mechanism_defined_hidden,L2,0.01,0.00025,rho_source_1,1.7909210948607321,1.7909208125644658,0.9999999999999998,1.604802744833486e-07,True
1,mechanism_defined_hidden,L2,0.01,0.00025,rho_source_2,1.7909210948477787,1.7909208125638718,0.9999999999999994,1.6047398853613903e-07,True
1,mechanism_defined_hidden,L2,0.01,0.00025,rho_hidden,0.0,0.0,0.0,0.0,True
1,mechanism_defined_hidden,L2,0.1,0.001,rho_source_1,1.9003188709271785,1.9003168192308697,0.9999999999999919,1.087145086420605e-06,True
1,mechanism_defined_hidden,L2,0.1,0.001,rho_source_2,1.9003188709254148,1.90031681923007,0.9999999999999918,1.087144582078449e-06,True
1,mechanism_defined_hidden,L2,0.1,0.001,rho_hidden,0.0,0.0,0.0,0.0,True
1,mechanism_defined_hidden,L2,0.1,0.0005,rho_source_1,1.9003173321522453,1.9003168192308697,0.9999999999999996,2.7178530642028313e-07,True
1,mechanism_defined_hidden,L2,0.1,0.0005,rho_source_2,1.9003173321527886,1.90031681923007,0.9999999999999993,2.717860014783077e-07,True
1,mechanism_defined_hidden,L2,0.1,0.0005,rho_hidden,0.0,0.0,0.0,0.0,True
1,mechanism_defined_hidden,L2,0.1,0.00025,rho_source_1,1.9003169474642179,1.9003168192308697,1.0000000000000002,6.794796517121944e-08,True
1,mechanism_defined_hidden,L2,0.1,0.00025,rho_source_2,1.9003169474536221,1.90031681923007,0.9999999999999998,6.79434371526223e-08,True
1,mechanism_defined_hidden,L2,0.1,0.00025,rho_hidden,0.0,0.0,0.0,0.0,True
1,mechanism_defined_hidden,IRMV1,0.001,0.001,rho_source_1,1.5803303080520539,1.580323863314006,0.9999999999987507,4.373713103977446e-06,True
1,mechanism_defined_hidden,IRMV1,0.001,0.001,rho_source_2,1.5899578803200225,1.5899514228223763,0.9999999999987764,4.3522379010287735e-06,True
1,mechanism_defined_hidden,IRMV1,0.001,0.001,rho_hidden,0.0,0.0,0.0,0.0,True
1,mechanism_defined_hidden,IRMV1,0.001,0.0005,rho_source_1,1.5803254744895054,1.580323863314006,0.999999999999922,1.0934258136335314e-06,True
1,mechanism_defined_hidden,IRMV1,0.001,0.0005,rho_source_2,1.5899530371888653,1.5899514228223763,0.9999999999999236,1.088057949050348e-06,True
1,mechanism_defined_hidden,IRMV1,0.001,0.0005,rho_hidden,0.0,0.0,0.0,0.0,True
1,mechanism_defined_hidden,IRMV1,0.001,0.00025,rho_source_1,1.5803242661161356,1.580323863314006,0.9999999999999952,2.7336244121668386e-07,True
1,mechanism_defined_hidden,IRMV1,0.001,0.00025,rho_source_2,1.5899518264086123,1.5899514228223763,0.9999999999999951,2.720121497435837e-07,True
1,mechanism_defined_hidden,IRMV1,0.001,0.00025,rho_hidden,0.0,0.0,0.0,0.0,True
1,mechanism_defined_hidden,IRMV1,0.01,0.001,rho_source_1,1.530383795258746,1.5303779044153631,0.9999999999988348,4.140873796070291e-06,True
1,mechanism_defined_hidden,IRMV1,0.01,0.001,rho_source_2,1.6308809097343353,1.630874919206985,0.9999999999990605,3.920629827458386e-06,True
1,mechanism_defined_hidden,IRMV1,0.01,0.001,rho_hidden,0.0,0.0,0.0,0.0,True
1,mechanism_defined_hidden,IRMV1,0.01,0.0005,rho_source_1,1.5303793771148089,1.5303779044153631,0.9999999999999274,1.0352135483823169e-06,True
1,mechanism_defined_hidden,IRMV1,0.01,0.0005,rho_source_2,1.6308764168320948,1.630874919206985,0.9999999999999413,9.801562052399267e-07,True
1,mechanism_defined_hidden,IRMV1,0.01,0.0005,rho_hidden,0.0,0.0,0.0,0.0,True
1,mechanism_defined_hidden,IRMV1,0.01,0.00025,rho_source_1,1.530378272592426,1.5303779044153631,0.9999999999999954,2.588056955984494e-07,True
1,mechanism_defined_hidden,IRMV1,0.01,0.00025,rho_source_2,1.6308752936090238,1.630874919206985,0.9999999999999961,2.450375510464817e-07,True
1,mechanism_defined_hidden,IRMV1,0.01,0.00025,rho_hidden,0.0,0.0,0.0,0.0,True
1,mechanism_defined_hidden,IRMV1,0.1,0.001,rho_source_1,1.1149395806039042,1.1149379144608165,0.9999999999945975,3.6108311352867725e-06,True
1,mechanism_defined_hidden,IRMV1,0.1,0.001,rho_source_2,2.055921136309892,2.055924372647484,0.9999999999977035,2.659120196148981e-06,True
1,mechanism_defined_hidden,IRMV1,0.1,0.001,rho_hidden,0.0,0.0,0.0,0.0,True
1,mechanism_defined_hidden,IRMV1,0.1,0.0005,rho_source_1,1.114938330990744,1.1149379144608165,0.9999999999996624,9.026987049977534e-07,True
1,mechanism_defined_hidden,IRMV1,0.1,0.0005,rho_source_2,2.0559235635414685,2.055924372647484,0.9999999999998562,6.647859641936545e-07,True
1,mechanism_defined_hidden,IRMV1,0.1,0.0005,rho_hidden,0.0,0.0,0.0,0.0,True
1,mechanism_defined_hidden,IRMV1,0.1,0.00025,rho_source_1,1.1149380186042745,1.1149379144608165,0.9999999999999789,2.2568168466046845e-07,True
1,mechanism_defined_hidden,IRMV1,0.1,0.00025,rho_source_2,2.0559241703737086,2.055924372647484,0.999999999999991,1.6619490742460856e-07,True
1,mechanism_defined_hidden,IRMV1,0.1,0.00025,rho_hidden,0.0,0.0,0.0,0.0,True
1,mechanism_defined_hidden,VREX,0.001,0.001,rho_source_1,1.5851272430642906,1.5851207751260696,0.9999999999987492,4.3762432284463044e-06,True
1,mechanism_defined_hidden,VREX,0.001,0.001,rho_source_2,1.5859095005063368,1.5859030018156168,0.9999999999987423,4.394039572758837e-06,True
1,mechanism_defined_hidden,VREX,0.001,0.001,rho_hidden,0.0,0.0,0.0,0.0,True
1,mechanism_defined_hidden,VREX,0.001,0.0005,rho_source_1,1.5851223921019142,1.5851207751260696,0.9999999999999218,1.09405854981321e-06,True
1,mechanism_defined_hidden,VREX,0.001,0.0005,rho_source_2,1.5859046264792949,1.5859030018156168,0.9999999999999214,1.098507771684644e-06,True
1,mechanism_defined_hidden,VREX,0.001,0.0005,rho_hidden,0.0,0.0,0.0,0.0,True
1,mechanism_defined_hidden,VREX,0.001,0.00025,rho_source_1,1.5851211793793305,1.5851207751260696,0.9999999999999954,2.73521221670229e-07,True
1,mechanism_defined_hidden,VREX,0.001,0.00025,rho_source_2,1.5859034079798426,1.5859030018156168,0.9999999999999952,2.746269558685494e-07,True
1,mechanism_defined_hidden,VREX,0.001,0.00025,rho_hidden,0.0,0.0,0.0,0.0,True
1,mechanism_defined_hidden,VREX,0.01,0.001,rho_source_1,1.5802293920937125,1.5802232277133315,0.9999999999988097,4.194963671014649e-06,True
1,mechanism_defined_hidden,VREX,0.01,0.001,rho_source_2,1.588041608626361,1.5880351389347882,0.9999999999987411,4.37212748242641e-06,True
1,mechanism_defined_hidden,VREX,0.01,0.001,rho_hidden,0.0,0.0,0.0,0.0,True
1,mechanism_defined_hidden,VREX,0.01,0.0005,rho_source_1,1.5802247688014448,1.5802232277133315,0.9999999999999255,1.048739503522358e-06,True
1,mechanism_defined_hidden,VREX,0.01,0.0005,rho_source_2,1.5880367563494142,1.5880351389347882,0.9999999999999215,1.0930301657396044e-06,True
1,mechanism_defined_hidden,VREX,0.01,0.0005,rho_hidden,0.0,0.0,0.0,0.0,True
1,mechanism_defined_hidden,VREX,0.01,0.00025,rho_source_1,1.5802236129955756,1.5802232277133315,0.9999999999999953,2.6219188803268453e-07,True
1,mechanism_defined_hidden,VREX,0.01,0.00025,rho_source_2,1.5880355432825182,1.5880351389347882,0.9999999999999952,2.732547927747441e-07,True
1,mechanism_defined_hidden,VREX,0.01,0.00025,rho_hidden,0.0,0.0,0.0,0.0,True
1,mechanism_defined_hidden,VREX,0.1,0.001,rho_source_1,1.5319339530830245,1.5319306069523675,0.9999999999993217,2.475411349432729e-06,True
1,mechanism_defined_hidden,VREX,0.1,0.001,rho_source_2,1.6090353862508557,1.6090291995855202,0.9999999999987272,4.162790444642758e-06,True
1,mechanism_defined_hidden,VREX,0.1,0.001,rho_hidden,0.0,0.0,0.0,0.0,True
1,mechanism_defined_hidden,VREX,0.1,0.0005,rho_source_1,1.5319314434833546,1.5319306069523675,0.9999999999999578,6.188528923509679e-07,True
1,mechanism_defined_hidden,VREX,0.1,0.0005,rho_source_2,1.6090307462484243,1.6090291995855202,0.9999999999999206,1.0406987031180022e-06,True
1,mechanism_defined_hidden,VREX,0.1,0.0005,rho_hidden,0.0,0.0,0.0,0.0,True
1,mechanism_defined_hidden,VREX,0.1,0.00025,rho_source_1,1.5319308160931022,1.5319306069523675,0.9999999999999973,1.5471909887655327e-07,True
1,mechanism_defined_hidden,VREX,0.1,0.00025,rho_source_2,1.609029586246809,1.6090291995855202,0.9999999999999949,2.6017315471853385e-07,True
1,mechanism_defined_hidden,VREX,0.1,0.00025,rho_hidden,0.0,0.0,0.0,0.0,True
1,mechanism_defined_exposed,ERM,0.0,0.001,rho_source_1,1.585672226666245,1.5856657247451338,0.9999999999987421,4.396485687307203e-06,True
1,mechanism_defined_exposed,ERM,0.0,0.001,rho_source_2,1.5856722266657262,1.5856657247444985,0.9999999999987421,4.396485763747284e-06,True
1,mechanism_defined_exposed,ERM,0.0,0.001,rho_hidden,3.171383465645258,3.1713314494896356,0.9999999999798747,1.7585977233281518e-05,True
1,mechanism_defined_exposed,ERM,0.0,0.0005,rho_source_1,1.5856673502172176,1.5856657247451338,0.9999999999999216,1.0991195492950024e-06,True
1,mechanism_defined_exposed,ERM,0.0,0.0005,rho_source_2,1.5856673502175145,1.5856657247444985,0.9999999999999214,1.0991204791889231e-06,True
1,mechanism_defined_exposed,ERM,0.0,0.0005,rho_hidden,3.171344453329725,3.1713314494896356,0.9999999999987422,4.396485102122117e-06,True
1,mechanism_defined_exposed,ERM,0.0,0.00025,rho_source_1,1.5856661311199947,1.5856657247451338,0.9999999999999949,2.7478490024396875e-07,True
1,mechanism_defined_exposed,ERM,0.0,0.00025,rho_source_2,1.585666131108744,1.5856657247444985,0.9999999999999952,2.747788401568646e-07,True
1,mechanism_defined_exposed,ERM,0.0,0.00025,rho_hidden,3.1713347004416543,3.1713314494896356,0.9999999999999214,1.099122800253313e-06,True
1,mechanism_defined_exposed,L2,0.001,0.001,rho_source_1,1.6291733675020577,1.6291672001025133,0.9999999999992467,3.9795731097606285e-06,True
1,mechanism_defined_exposed,L2,0.001,0.001,rho_source_2,1.629173367501386,1.6291672001018709,0.9999999999992469,3.979573083397902e-06,True
1,mechanism_defined_exposed,L2,0.001,0.001,rho_hidden,3.2583837400468956,3.258334400204387,0.9999999999879501,1.5918311286887972e-05,True
1,mechanism_defined_exposed,L2,0.001,0.0005,rho_source_1,1.6291687419449163,1.6291672001025133,0.999999999999953,9.948915198364366e-07,True
1,mechanism_defined_exposed,L2,0.001,0.0005,rho_source_2,1.6291687419432754,1.6291672001018709,0.999999999999953,9.94891023684973e-07,True
1,mechanism_defined_exposed,L2,0.001,0.0005,rho_hidden,3.25834673499783,3.258334400204387,0.9999999999992467,3.979571499323014e-06,True
1,mechanism_defined_exposed,L2,0.001,0.00025,rho_source_1,1.6291675855730043,1.6291672001025133,0.9999999999999971,2.487294634578836e-07,True
1,mechanism_defined_exposed,L2,0.001,0.00025,rho_source_2,1.6291675855579206,1.6291672001018709,0.9999999999999971,2.487213215290836e-07,True
1,mechanism_defined_exposed,L2,0.001,0.00025,rho_hidden,3.2583374838939005,3.258334400204387,0.999999999999953,9.948936844470656e-07,True
1,mechanism_defined_exposed,L2,0.01,0.001,rho_source_1,1.7909253291995808,1.7909208125644658,0.9999999999998835,2.5676146700424675e-06,True
1,mechanism_defined_exposed,L2,0.01,0.001,rho_source_2,1.7909253291988447,1.7909208125638718,0.9999999999998835,2.567614534824782e-06,True
1,mechanism_defined_exposed,L2,0.01,0.001,rho_hidden,3.581877758503308,3.5818416251283387,0.9999999999981409,1.0270463153451426e-05,True
1,mechanism_defined_exposed,L2,0.01,0.0005,rho_source_1,1.7909219417190632,1.7909208125644658,0.9999999999999929,6.419027883768494e-07,True
1,mechanism_defined_exposed,L2,0.01,0.0005,rho_source_2,1.790921941719743,1.7909208125638718,0.9999999999999927,6.419034585688286e-07,True
1,mechanism_defined_exposed,L2,0.01,0.0005,rho_hidden,3.5818506583954592,3.5818416251283387,0.9999999999998836,2.567614008279205e-06,True
1,mechanism_defined_exposed,L2,0.01,0.00025,rho_source_1,1.7909210948607321,1.7909208125644658,0.9999999999999998,1.604802744833486e-07,True
1,mechanism_defined_exposed,L2,0.01,0.00025,rho_source_2,1.7909210948477787,1.7909208125638718,0.9999999999999994,1.6047398853613903e-07,True
1,mechanism_defined_exposed,L2,0.01,0.00025,rho_hidden,3.58184388344236,3.5818416251283387,0.9999999999999929,6.419045447764224e-07,True
1,mechanism_defined_exposed,L2,0.1,0.001,rho_source_1,1.9003188709271785,1.9003168192308697,0.9999999999999919,1.087145086420605e-06,True
1,mechanism_defined_exposed,L2,0.1,0.001,rho_source_2,1.9003188709254148,1.90031681923007,0.9999999999999918,1.087144582078449e-06,True
1,mechanism_defined_exposed,L2,0.1,0.001,rho_hidden,3.800650052086127,3.800633638460936,0.9999999999998704,4.348580651198336e-06,True
1,mechanism_defined_exposed,L2,0.1,0.0005,rho_source_1,1.9003173321522453,1.9003168192308697,0.9999999999999996,2.7178530642028313e-07,True
1,mechanism_defined_exposed,L2,0.1,0.0005,rho_source_2,1.9003173321527886,1.90031681923007,0.9999999999999993,2.717860014783077e-07,True
1,mechanism_defined_exposed,L2,0.1,0.0005,rho_hidden,3.8006377418498487,3.800633638460936,0.9999999999999917,1.0871442909155362e-06,True
1,mechanism_defined_exposed,L2,0.1,0.00025,rho_source_1,1.9003169474642179,1.9003168192308697,1.0000000000000002,6.794796517121944e-08,True
1,mechanism_defined_exposed,L2,0.1,0.00025,rho_source_2,1.9003169474536221,1.90031681923007,0.9999999999999998,6.79434371526223e-08,True
1,mechanism_defined_exposed,L2,0.1,0.00025,rho_hidden,3.800634664306041,3.800633638460936,0.9999999999999993,2.7178617366986564e-07,True
1,mechanism_defined_exposed,IRMV1,0.001,0.001,rho_source_1,1.5803303080520539,1.580323863314006,0.9999999999987507,4.373713103977446e-06,True
1,mechanism_defined_exposed,IRMV1,0.001,0.001,rho_source_2,1.5899578803200225,1.5899514228223763,0.9999999999987764,4.3522379010287735e-06,True
1,mechanism_defined_exposed,IRMV1,0.001,0.001,rho_hidden,3.1703098024977074,3.170257762416188,0.9999999999798245,1.760103889124112e-05,True
1,mechanism_defined_exposed,IRMV1,0.001,0.0005,rho_source_1,1.5803254744895054,1.580323863314006,0.999999999999922,1.0934258136335314e-06,True
1,mechanism_defined_exposed,IRMV1,0.001,0.0005,rho_source_2,1.5899530371888653,1.5899514228223763,0.9999999999999236,1.088057949050348e-06,True
1,mechanism_defined_exposed,IRMV1,0.001,0.0005,rho_hidden,3.1702707722373393,3.170257762416188,0.9999999999987389,4.4002504435293515e-06,True
1,mechanism_defined_exposed,IRMV1,0.001,0.00025,rho_source_1,1.5803242661161356,1.580323863314006,0.9999999999999952,2.7336244121668386e-07,True
1,mechanism_defined_exposed,IRMV1,0.001,0.00025,rho_source_2,1.5899518264086123,1.5899514228223763,0.9999999999999951,2.720121497435837e-07,True
1,mechanism_defined_exposed,IRMV1,0.001,0.00025,rho_hidden,3.170261014858172,3.170257762416188,0.999999999999921,1.100062418385436e-06,True
1,mechanism_defined_exposed,IRMV1,0.01,0.001,rho_source_1,1.530383795258746,1.5303779044153631,0.9999999999988348,4.140873796070291e-06,True
1,mechanism_defined_exposed,IRMV1,0.01,0.001,rho_source_2,1.6308809097343353,1.630874919206985,0.9999999999990605,3.920629827458386e-06,True
1,mechanism_defined_exposed,IRMV1,0.01,0.001,rho_hidden,3.159875193986323,3.1598229511060465,0.9999999999793595,1.7737729428211825e-05,True
1,mechanism_defined_exposed,IRMV1,0.01,0.0005,rho_source_1,1.5303793771148089,1.5303779044153631,0.9999999999999274,1.0352135483823169e-06,True
1,mechanism_defined_exposed,IRMV1,0.01,0.0005,rho_source_2,1.6308764168320948,1.630874919206985,0.9999999999999413,9.801562052399267e-07,True
1,mechanism_defined_exposed,IRMV1,0.01,0.0005,rho_hidden,3.1598360116232382,3.1598229511060465,0.9999999999987099,4.4344224650899286e-06,True
1,mechanism_defined_exposed,IRMV1,0.01,0.00025,rho_source_1,1.530378272592426,1.5303779044153631,0.9999999999999954,2.588056955984494e-07,True
1,mechanism_defined_exposed,IRMV1,0.01,0.00025,rho_source_2,1.6308752936090238,1.630874919206985,0.9999999999999961,2.450375510464817e-07,True
1,mechanism_defined_exposed,IRMV1,0.01,0.00025,rho_hidden,3.1598262162254174,3.1598229511060465,0.9999999999999194,1.10860655627599e-06,True
1,mechanism_defined_exposed,IRMV1,0.1,0.001,rho_source_1,1.1149395806039042,1.1149379144608165,0.9999999999945975,3.6108311352867725e-06,True
1,mechanism_defined_exposed,IRMV1,0.1,0.001,rho_source_2,2.055921136309892,2.055924372647484,0.9999999999977035,2.659120196148981e-06,True
1,mechanism_defined_exposed,IRMV1,0.1,0.001,rho_hidden,3.0456946823661832,3.0456411747299037,0.9999999999744509,1.896686010745527e-05,True
1,mechanism_defined_exposed,IRMV1,0.1,0.0005,rho_source_1,1.114938330990744,1.1149379144608165,0.9999999999996624,9.026987049977534e-07,True
1,mechanism_defined_exposed,IRMV1,0.1,0.0005,rho_source_2,2.0559235635414685,2.055924372647484,0.9999999999998562,6.647859641936545e-07,True
1,mechanism_defined_exposed,IRMV1,0.1,0.0005,rho_hidden,3.045654551402902,3.0456411747299037,0.9999999999984033,4.7416986808531995e-06,True
1,mechanism_defined_exposed,IRMV1,0.1,0.00025,rho_source_1,1.1149380186042745,1.1149379144608165,0.9999999999999789,2.2568168466046845e-07,True
1,mechanism_defined_exposed,IRMV1,0.1,0.00025,rho_source_2,2.0559241703737086,2.055924372647484,0.999999999999991,1.6619490742460856e-07,True
1,mechanism_defined_exposed,IRMV1,0.1,0.00025,rho_hidden,3.0456445188876486,3.0456411747299037,0.9999999999999001,1.1854257763381159e-06,True
1,mechanism_defined_exposed,VREX,0.001,0.001,rho_source_1,1.5851272430642906,1.5851207751260696,0.9999999999987492,4.3762432284463044e-06,True
1,mechanism_defined_exposed,VREX,0.001,0.001,rho_source_2,1.5859095005063368,1.5859030018156168,0.9999999999987423,4.394039572758837e-06,True
1,mechanism_defined_exposed,VREX,0.001,0.001,rho_hidden,3.171075767240721,3.1710237769416816,0.9999999999798844,1.7579294244825773e-05,True
1,mechanism_defined_exposed,VREX,0.001,0.0005,rho_source_1,1.5851223921019142,1.5851207751260696,0.9999999999999218,1.09405854981321e-06,True
1,mechanism_defined_exposed,VREX,0.001,0.0005,rho_source_2,1.5859046264792949,1.5859030018156168,0.9999999999999214,1.098507771684644e-06,True
1,mechanism_defined_exposed,VREX,0.001,0.0005,rho_hidden,3.1710367743191816,3.1710237769416816,0.9999999999987428,4.394814802373087e-06,True
1,mechanism_defined_exposed,VREX,0.001,0.00025,rho_source_1,1.5851211793793305,1.5851207751260696,0.9999999999999954,2.73521221670229e-07,True
1,mechanism_defined_exposed,VREX,0.001,0.00025,rho_source_2,1.5859034079798426,1.5859030018156168,0.9999999999999952,2.746269558685494e-07,True
1,mechanism_defined_exposed,VREX,0.001,0.00025,rho_hidden,3.1710270262764064,3.1710237769416816,0.9999999999999214,1.0987046606557646e-06,True
1,mechanism_defined_exposed,VREX,0.01,0.001,rho_source_1,1.5802293920937125,1.5802232277133315,0.9999999999988097,4.194963671014649e-06,True
1,mechanism_defined_exposed,VREX,0.01,0.001,rho_source_2,1.588041608626361,1.5880351389347882,0.9999999999987411,4.37212748242641e-06,True
1,mechanism_defined_exposed,VREX,0.01,0.001,rho_hidden,3.1683101249715304,3.1682583666481188,0.9999999999799734,1.751930445332792e-05,True
1,mechanism_defined_exposed,VREX,0.01,0.0005,rho_source_1,1.5802247688014448,1.5802232277133315,0.9999999999999255,1.048739503522358e-06,True
1,mechanism_defined_exposed,VREX,0.01,0.0005,rho_source_2,1.5880367563494142,1.5880351389347882,0.9999999999999215,1.0930301657396044e-06,True
1,mechanism_defined_exposed,VREX,0.01,0.0005,rho_hidden,3.168271306034596,3.1682583666481188,0.9999999999987483,4.3798178662359785e-06,True
1,mechanism_defined_exposed,VREX,0.01,0.00025,rho_source_1,1.5802236129955756,1.5802232277133315,0.9999999999999953,2.6219188803268453e-07,True
1,mechanism_defined_exposed,VREX,0.01,0.00025,rho_source_2,1.5880355432825182,1.5880351389347882,0.9999999999999952,2.732547927747441e-07,True
1,mechanism_defined_exposed,VREX,0.01,0.00025,rho_hidden,3.1682616014836245,3.1682583666481188,0.999999999999922,1.094954950502414e-06,True
1,mechanism_defined_exposed,VREX,0.1,0.001,rho_source_1,1.5319339530830245,1.5319306069523675,0.9999999999993217,2.475411349432729e-06,True
1,mechanism_defined_exposed,VREX,0.1,0.001,rho_source_2,1.6090353862508557,1.6090291995855202,0.9999999999987272,4.162790444642758e-06,True
1,mechanism_defined_exposed,VREX,0.1,0.001,rho_hidden,3.141009315725043,3.1409598065378863,0.9999999999808332,1.693456749118812e-05,True
1,mechanism_defined_exposed,VREX,0.1,0.0005,rho_source_1,1.5319314434833546,1.5319306069523675,0.9999999999999578,6.188528923509679e-07,True
1,mechanism_defined_exposed,VREX,0.1,0.0005,rho_source_2,1.6090307462484243,1.6090291995855202,0.9999999999999206,1.0406987031180022e-06,True
1,mechanism_defined_exposed,VREX,0.1,0.0005,rho_hidden,3.1409721836587345,3.1409598065378863,0.999999999998802,4.233635479946928e-06,True
1,mechanism_defined_exposed,VREX,0.1,0.00025,rho_source_1,1.5319308160931022,1.5319306069523675,0.9999999999999973,1.5471909887655327e-07,True
1,mechanism_defined_exposed,VREX,0.1,0.00025,rho_source_2,1.609029586246809,1.6090291995855202,0.9999999999999949,2.6017315471853385e-07,True
1,mechanism_defined_exposed,VREX,0.1,0.00025,rho_hidden,3.140962900807345,3.1409598065378863,0.9999999999999251,1.0584092629072147e-06,True
1,irrelevant_source_diversity,ERM,0.0,0.001,rho_source_1,1.585672226666245,1.585665724745134,0.9999999999987421,4.396485687245128e-06,True
1,irrelevant_source_diversity,ERM,0.0,0.001,rho_source_2,1.5856722266657262,1.5856657247444983,0.9999999999987421,4.3964857638470205e-06,True
1,irrelevant_source_diversity,ERM,0.0,0.001,rho_hidden,0.0,0.0,0.0,0.0,True
1,irrelevant_source_diversity,ERM,0.0,0.001,brightness_nuisance,3.345448462199297,3.3454455095026563,1.0000000000000002,8.826847051178485e-07,True
1,irrelevant_source_diversity,ERM,0.0,0.0005,rho_source_1,1.5856673502172176,1.585665724745134,0.9999999999999214,1.0991195492329278e-06,True
1,irrelevant_source_diversity,ERM,0.0,0.0005,rho_source_2,1.5856673502175145,1.5856657247444983,0.9999999999999214,1.0991204792886613e-06,True
1,irrelevant_source_diversity,ERM,0.0,0.0005,rho_hidden,0.0,0.0,0.0,0.0,True
1,irrelevant_source_diversity,ERM,0.0,0.0005,brightness_nuisance,3.3453471425250414,3.3454455095026563,0.9999999999822561,3.000151083039275e-05,True
1,irrelevant_source_diversity,ERM,0.0,0.00025,rho_source_1,1.5856661311199947,1.585665724745134,0.9999999999999949,2.747849001818972e-07,True
1,irrelevant_source_diversity,ERM,0.0,0.00025,rho_source_2,1.585666131108744,1.5856657247444983,0.9999999999999952,2.747788402566086e-07,True
1,irrelevant_source_diversity,ERM,0.0,0.00025,rho_hidden,0.0,0.0,0.0,0.0,True
1,irrelevant_source_diversity,ERM,0.0,0.00025,brightness_nuisance,3.3451536871632066,3.3454455095026563,0.9999999998824812,8.857433665214973e-05,True
1,irrelevant_source_diversity,L2,0.001,0.001,rho_source_1,1.6291733675020577,1.6291672001025135,0.9999999999992469,3.979573109541059e-06,True
1,irrelevant_source_diversity,L2,0.001,0.001,rho_source_2,1.629173367501386,1.6291672001018709,0.999999999999247,3.979573083301857e-06,True
1,irrelevant_source_diversity,L2,0.001,0.001,rho_hidden,0.0,0.0,0.0,0.0,True
1,irrelevant_source_diversity,L2,0.001,0.001,brightness_nuisance,3.2127945855675315,3.2127919214952154,0.9999999999999819,8.505646945608126e-07,True
1,irrelevant_source_diversity,L2,0.001,0.0005,rho_source_1,1.6291687419449163,1.6291672001025135,0.9999999999999531,9.948915196168666e-07,True
1,irrelevant_source_diversity,L2,0.001,0.0005,rho_source_2,1.6291687419432754,1.6291672001018709,0.9999999999999531,9.948910235889286e-07,True
1,irrelevant_source_diversity,L2,0.001,0.0005,rho_hidden,0.0,0.0,0.0,0.0,True
1,irrelevant_source_diversity,L2,0.001,0.0005,brightness_nuisance,3.212697386194891,3.2127919214952154,0.9999999999853041,2.992080346188424e-05,True
1,irrelevant_source_diversity,L2,0.001,0.00025,rho_source_1,1.6291675855730043,1.6291672001025135,0.999999999999997,2.4872946323831403e-07,True
1,irrelevant_source_diversity,L2,0.001,0.00025,rho_source_2,1.6291675855579206,1.6291672001018709,0.9999999999999971,2.487213214330461e-07,True
1,irrelevant_source_diversity,L2,0.001,0.00025,rho_hidden,0.0,0.0,0.0,0.0,True
1,irrelevant_source_diversity,L2,0.001,0.00025,brightness_nuisance,3.212511633889173,3.2127919214952154,0.9999999999074752,8.830293748922756e-05,True
1,irrelevant_source_diversity,L2,0.01,0.001,rho_source_1,1.7909253291995808,1.7909208125644656,0.9999999999998836,2.5676146701489823e-06,True
1,irrelevant_source_diversity,L2,0.01,0.001,rho_source_2,1.7909253291988447,1.7909208125638716,0.9999999999998834,2.56761453494006e-06,True
1,irrelevant_source_diversity,L2,0.01,0.001,rho_hidden,0.0,0.0,0.0,0.0,True
1,irrelevant_source_diversity,L2,0.01,0.001,brightness_nuisance,3.0373974519374434,3.0373948349424036,0.9999999999999756,8.89385075529693e-07,True
1,irrelevant_source_diversity,L2,0.01,0.0005,rho_source_1,1.7909219417190632,1.7909208125644656,0.9999999999999929,6.419027884833646e-07,True
1,irrelevant_source_diversity,L2,0.01,0.0005,rho_source_2,1.790921941719743,1.7909208125638716,0.9999999999999927,6.419034586841065e-07,True
1,irrelevant_source_diversity,L2,0.01,0.0005,rho_hidden,0.0,0.0,0.0,0.0,True
1,irrelevant_source_diversity,L2,0.01,0.0005,brightness_nuisance,3.0373055096076107,3.0373948349424036,0.9999999999936681,2.962392695130224e-05,True
1,irrelevant_source_diversity,L2,0.01,0.00025,rho_source_1,1.7909210948607321,1.7909208125644656,0.9999999999999996,1.6048027458985909e-07,True
1,irrelevant_source_diversity,L2,0.01,0.00025,rho_source_2,1.7909210948477787,1.7909208125638716,0.9999999999999996,1.6047398865141232e-07,True
1,irrelevant_source_diversity,L2,0.01,0.00025,rho_hidden,0.0,0.0,0.0,0.0,True
1,irrelevant_source_diversity,L2,0.01,0.00025,brightness_nuisance,3.0371283410999723,3.0373948349424036,0.9999999999647156,8.814657456585306e-05,True
1,irrelevant_source_diversity,L2,0.1,0.001,rho_source_1,1.9003188709271785,1.9003168192308697,0.9999999999999919,1.0871450864379387e-06,True
1,irrelevant_source_diversity,L2,0.1,0.001,rho_source_2,1.9003188709254148,1.9003168192300701,0.9999999999999919,1.087144581935458e-06,True
1,irrelevant_source_diversity,L2,0.1,0.001,rho_hidden,0.0,0.0,0.0,0.0,True
1,irrelevant_source_diversity,L2,0.1,0.001,brightness_nuisance,3.0665699758368676,3.066567332003001,0.9999999999999971,8.650399331368781e-07,True
1,irrelevant_source_diversity,L2,0.1,0.0005,rho_source_1,1.9003173321522453,1.9003168192308697,0.9999999999999996,2.7178530643761724e-07,True
1,irrelevant_source_diversity,L2,0.1,0.0005,rho_source_2,1.9003173321527886,1.9003168192300701,0.9999999999999993,2.7178600133531676e-07,True
1,irrelevant_source_diversity,L2,0.1,0.0005,rho_hidden,0.0,0.0,0.0,0.0,True
1,irrelevant_source_diversity,L2,0.1,0.0005,brightness_nuisance,3.0664765558229923,3.066567332003001,0.9999999999984854,2.965389081880692e-05,True
1,irrelevant_source_diversity,L2,0.1,0.00025,rho_source_1,1.9003169474642179,1.9003168192308697,1.0000000000000002,6.794796518855385e-08,True
1,irrelevant_source_diversity,L2,0.1,0.00025,rho_source_2,1.9003169474536221,1.9003168192300701,0.9999999999999999,6.794343700963465e-08,True
1,irrelevant_source_diversity,L2,0.1,0.00025,rho_hidden,0.0,0.0,0.0,0.0,True
1,irrelevant_source_diversity,L2,0.1,0.00025,brightness_nuisance,3.06629326746962,3.066567332003001,0.9999999999861179,8.95349531616937e-05,True
1,irrelevant_source_diversity,IRMV1,0.001,0.001,rho_source_1,1.5803303080520539,1.5803238633140055,0.9999999999987504,4.373713104271145e-06,True
1,irrelevant_source_diversity,IRMV1,0.001,0.001,rho_source_2,1.5899578803200225,1.5899514228223763,0.9999999999987766,4.352237900970507e-06,True
1,irrelevant_source_diversity,IRMV1,0.001,0.001,rho_hidden,0.0,0.0,0.0,0.0,True
1,irrelevant_source_diversity,IRMV1,0.001,0.001,brightness_nuisance,3.345354636231271,3.345351683614865,1.0000000000000002,8.826854571804016e-07,True
1,irrelevant_source_diversity,IRMV1,0.001,0.0005,rho_source_1,1.5803254744895054,1.5803238633140055,0.9999999999999217,1.0934258139272308e-06,True
1,irrelevant_source_diversity,IRMV1,0.001,0.0005,rho_source_2,1.5899530371888653,1.5899514228223763,0.9999999999999236,1.0880579489920816e-06,True
1,irrelevant_source_diversity,IRMV1,0.001,0.0005,rho_hidden,0.0,0.0,0.0,0.0,True
1,irrelevant_source_diversity,IRMV1,0.001,0.0005,brightness_nuisance,3.3452533196672705,3.345351683614865,0.9999999999822557,3.0001458147675826e-05,True
1,irrelevant_source_diversity,IRMV1,0.001,0.00025,rho_source_1,1.5803242661161356,1.5803238633140055,0.9999999999999952,2.733624415103863e-07,True
1,irrelevant_source_diversity,IRMV1,0.001,0.00025,rho_source_2,1.5899518264086123,1.5899514228223763,0.9999999999999952,2.7201214968531845e-07,True
1,irrelevant_source_diversity,IRMV1,0.001,0.00025,rho_hidden,0.0,0.0,0.0,0.0,True
1,irrelevant_source_diversity,IRMV1,0.001,0.00025,brightness_nuisance,3.3450598765007737,3.345351683614865,0.999999999882456,8.857254739502048e-05,True
1,irrelevant_source_diversity,IRMV1,0.01,0.001,rho_source_1,1.530383795258746,1.5303779044153634,0.9999999999988352,4.1408737960178655e-06,True
1,irrelevant_source_diversity,IRMV1,0.01,0.001,rho_source_2,1.6308809097343353,1.630874919206985,0.9999999999990605,3.920629827335648e-06,True
1,irrelevant_source_diversity,IRMV1,0.01,0.001,rho_hidden,0.0,0.0,0.0,0.0,True
1,irrelevant_source_diversity,IRMV1,0.01,0.001,brightness_nuisance,3.3447159719106465,3.344713019860873,0.9999999999999999,8.826842737188719e-07,True
1,irrelevant_source_diversity,IRMV1,0.01,0.0005,rho_source_1,1.5303793771148089,1.5303779044153634,0.9999999999999272,1.0352135483298919e-06,True
1,irrelevant_source_diversity,IRMV1,0.01,0.0005,rho_source_2,1.6308764168320948,1.630874919206985,0.9999999999999414,9.801562051171887e-07,True
1,irrelevant_source_diversity,IRMV1,0.01,0.0005,rho_hidden,0.0,0.0,0.0,0.0,True
1,irrelevant_source_diversity,IRMV1,0.01,0.0005,brightness_nuisance,3.3446146749154453,3.344713019860873,0.9999999999822476,3.000164242272541e-05,True
1,irrelevant_source_diversity,IRMV1,0.01,0.00025,rho_source_1,1.530378272592426,1.5303779044153634,0.9999999999999954,2.5880569554602875e-07,True
1,irrelevant_source_diversity,IRMV1,0.01,0.00025,rho_source_2,1.6308752936090238,1.630874919206985,0.9999999999999963,2.4503755092374415e-07,True
1,irrelevant_source_diversity,IRMV1,0.01,0.00025,rho_hidden,0.0,0.0,0.0,0.0,True
1,irrelevant_source_diversity,IRMV1,0.01,0.00025,brightness_nuisance,3.3444213254224464,3.344713019860873,0.9999999998822197,8.855843922495881e-05,True
1,irrelevant_source_diversity,IRMV1,0.1,0.001,rho_source_1,1.1149395806039042,1.1149379144608162,0.9999999999945975,3.6108311353014304e-06,True
1,irrelevant_source_diversity,IRMV1,0.1,0.001,rho_source_2,2.055921136309892,2.055924372647484,0.9999999999977037,2.659120196046664e-06,True
1,irrelevant_source_diversity,IRMV1,0.1,0.001,rho_hidden,0.0,0.0,0.0,0.0,True
1,irrelevant_source_diversity,IRMV1,0.1,0.001,brightness_nuisance,3.340395271698918,3.3403923237325435,1.0,8.825997650126586e-07,True
1,irrelevant_source_diversity,IRMV1,0.1,0.0005,rho_source_1,1.114938330990744,1.1149379144608162,0.9999999999996624,9.026987050124108e-07,True
1,irrelevant_source_diversity,IRMV1,0.1,0.0005,rho_source_2,2.0559235635414685,2.055924372647484,0.9999999999998562,6.64785964091339e-07,True
1,irrelevant_source_diversity,IRMV1,0.1,0.0005,rho_hidden,0.0,0.0,0.0,0.0,True
1,irrelevant_source_diversity,IRMV1,0.1,0.0005,brightness_nuisance,3.3402940885037276,3.3403923237325435,0.9999999999821756,3.000913338329312e-05,True
1,irrelevant_source_diversity,IRMV1,0.1,0.00025,rho_source_1,1.1149380186042745,1.1149379144608162,0.9999999999999789,2.2568168467513083e-07,True
1,irrelevant_source_diversity,IRMV1,0.1,0.00025,rho_source_2,2.0559241703737086,2.055924372647484,0.9999999999999912,1.6619490732228298e-07,True
1,irrelevant_source_diversity,IRMV1,0.1,0.00025,rho_hidden,0.0,0.0,0.0,0.0,True
1,irrelevant_source_diversity,IRMV1,0.1,0.00025,brightness_nuisance,3.3401015044517974,3.3403923237325435,0.999999999879814,8.843869580667757e-05,True
1,irrelevant_source_diversity,VREX,0.001,0.001,rho_source_1,1.5851272430642906,1.5851207751260699,0.999999999998749,4.3762432284112415e-06,True
1,irrelevant_source_diversity,VREX,0.001,0.001,rho_source_2,1.5859095005063368,1.585903001815617,0.9999999999987421,4.3940395726350136e-06,True
1,irrelevant_source_diversity,VREX,0.001,0.001,rho_hidden,0.0,0.0,0.0,0.0,True
1,irrelevant_source_diversity,VREX,0.001,0.001,brightness_nuisance,3.34544534078933,3.3454423880957433,1.0000000000000002,8.826846092943507e-07,True
1,irrelevant_source_diversity,VREX,0.001,0.0005,rho_source_1,1.5851223921019142,1.5851207751260699,0.9999999999999218,1.0940585497781475e-06,True
1,irrelevant_source_diversity,VREX,0.001,0.0005,rho_source_2,1.5859046264792949,1.585903001815617,0.9999999999999214,1.0985077715608208e-06,True
1,irrelevant_source_diversity,VREX,0.001,0.0005,rho_hidden,0.0,0.0,0.0,0.0,True
1,irrelevant_source_diversity,VREX,0.001,0.0005,brightness_nuisance,3.3453440212540446,3.3454423880957433,0.9999999999822562,3.0001494376872207e-05,True
1,irrelevant_source_diversity,VREX,0.001,0.00025,rho_source_1,1.5851211793793305,1.5851207751260699,0.9999999999999952,2.7352122163516805e-07,True
1,irrelevant_source_diversity,VREX,0.001,0.00025,rho_source_2,1.5859034079798426,1.585903001815617,0.999999999999995,2.746269557447278e-07,True
1,irrelevant_source_diversity,VREX,0.001,0.00025,rho_hidden,0.0,0.0,0.0,0.0,True
1,irrelevant_source_diversity,VREX,0.001,0.00025,brightness_nuisance,3.345150565951331,3.3454423880957433,0.9999999998824834,8.857433848606826e-05,True
1,irrelevant_source_diversity,VREX,0.01,0.001,rho_source_1,1.5802293920937125,1.5802232277133312,0.9999999999988098,4.194963671129802e-06,True
1,irrelevant_source_diversity,VREX,0.01,0.001,rho_source_2,1.588041608626361,1.5880351389347884,0.9999999999987409,4.3721274823638426e-06,True
1,irrelevant_source_diversity,VREX,0.01,0.001,rho_hidden,0.0,0.0,0.0,0.0,True
1,irrelevant_source_diversity,VREX,0.01,0.001,brightness_nuisance,3.345417269610294,3.345414316941567,0.9999999999999999,8.82684500034586e-07,True
1,irrelevant_source_diversity,VREX,0.01,0.0005,rho_source_1,1.5802247688014448,1.5802232277133312,0.9999999999999256,1.0487395036375122e-06,True
1,irrelevant_source_diversity,VREX,0.01,0.0005,rho_source_2,1.5880367563494142,1.5880351389347884,0.9999999999999213,1.0930301656770356e-06,True
1,irrelevant_source_diversity,VREX,0.01,0.0005,rho_hidden,0.0,0.0,0.0,0.0,True
1,irrelevant_source_diversity,VREX,0.01,0.0005,brightness_nuisance,3.3453159513190602,3.345414316941567,0.9999999999822573,3.0001347242357613e-05,True
1,irrelevant_source_diversity,VREX,0.01,0.00025,rho_source_1,1.5802236129955756,1.5802232277133312,0.9999999999999953,2.6219188814783913e-07,True
1,irrelevant_source_diversity,VREX,0.01,0.00025,rho_source_2,1.5880355432825182,1.5880351389347884,0.9999999999999951,2.732547927121739e-07,True
1,irrelevant_source_diversity,VREX,0.01,0.00025,rho_hidden,0.0,0.0,0.0,0.0,True
1,irrelevant_source_diversity,VREX,0.01,0.00025,brightness_nuisance,3.3451224965570456,3.345414316941567,0.9999999998824995,8.8574354237872e-05,True
1,irrelevant_source_diversity,VREX,0.1,0.001,rho_source_1,1.5319339530830245,1.5319306069523675,0.9999999999993217,2.475411349477276e-06,True
1,irrelevant_source_diversity,VREX,0.1,0.001,rho_source_2,1.6090353862508557,1.6090291995855202,0.9999999999987275,4.162790444577255e-06,True
1,irrelevant_source_diversity,VREX,0.1,0.001,rho_hidden,0.0,0.0,0.0,0.0,True
1,irrelevant_source_diversity,VREX,0.1,0.001,brightness_nuisance,3.3451386648167323,3.345135712393852,1.0,8.826837191429966e-07,True
1,irrelevant_source_diversity,VREX,0.1,0.0005,rho_source_1,1.5319314434833546,1.5319306069523675,0.9999999999999576,6.188528923955143e-07,True
1,irrelevant_source_diversity,VREX,0.1,0.0005,rho_source_2,1.6090307462484243,1.6090291995855202,0.9999999999999206,1.0406987030524996e-06,True
1,irrelevant_source_diversity,VREX,0.1,0.0005,rho_hidden,0.0,0.0,0.0,0.0,True
1,irrelevant_source_diversity,VREX,0.1,0.0005,brightness_nuisance,3.3450373588701416,3.345135712393852,0.9999999999822667,2.999988777344404e-05,True
1,irrelevant_source_diversity,VREX,0.1,0.00025,rho_source_1,1.5319308160931022,1.5319306069523675,0.9999999999999973,1.5471909892109596e-07,True
1,irrelevant_source_diversity,VREX,0.1,0.00025,rho_source_2,1.609029586246809,1.6090291995855202,0.9999999999999949,2.6017315465303274e-07,True
1,irrelevant_source_diversity,VREX,0.1,0.00025,rho_hidden,0.0,0.0,0.0,0.0,True
1,irrelevant_source_diversity,VREX,0.1,0.00025,brightness_nuisance,3.3448439094491307,3.345135712393852,0.9999999998826641,8.85745181961664e-05,True
2,declared_source_target_coupled_correlation,ERM,0.0,0.001,rho_source_1,1.721717984738518,1.721711725882285,0.9999999999989053,3.924875221942489e-06,True
2,declared_source_target_coupled_correlation,ERM,0.0,0.001,rho_source_2,1.7217179847372808,1.7217117258815657,0.9999999999989053,3.924874924145793e-06,True
2,declared_source_target_coupled_correlation,ERM,0.0,0.0005,rho_source_1,1.7217132905911092,1.721711725882285,0.9999999999999317,9.812186353094812e-07,True
2,declared_source_target_coupled_correlation,ERM,0.0,0.0005,rho_source_2,1.7217132905901482,1.7217117258815657,0.9999999999999317,9.812182588183873e-07,True
2,declared_source_target_coupled_correlation,ERM,0.0,0.00025,rho_source_1,1.7217121170595102,1.721711725882285,0.9999999999999957,2.4530498090432305e-07,True
2,declared_source_target_coupled_correlation,ERM,0.0,0.00025,rho_source_2,1.7217121170559897,1.7217117258815657,0.9999999999999957,2.4530350256863117e-07,True
2,declared_source_target_coupled_correlation,L2,0.001,0.001,rho_source_1,1.744877185292904,1.7448714962350627,0.9999999999994265,3.431896575674312e-06,True
2,declared_source_target_coupled_correlation,L2,0.001,0.001,rho_source_2,1.744877185291769,1.7448714962345306,0.9999999999994263,3.4318962053391073e-06,True
2,declared_source_target_coupled_correlation,L2,0.001,0.0005,rho_source_1,1.7448729184975882,1.7448714962350627,0.9999999999999641,8.579752466323535e-07,True
2,declared_source_target_coupled_correlation,L2,0.001,0.0005,rho_source_2,1.7448729184934846,1.7448714962345306,0.9999999999999643,8.579731784507747e-07,True
2,declared_source_target_coupled_correlation,L2,0.001,0.00025,rho_source_1,1.7448718518001383,1.7448714962350627,0.9999999999999978,2.1449377223825164e-07,True
2,declared_source_target_coupled_correlation,L2,0.001,0.00025,rho_source_2,1.7448718517989033,1.7448714962345306,0.999999999999998,2.1449338123160509e-07,True
2,declared_source_target_coupled_correlation,L2,0.01,0.001,rho_source_1,1.7914168705081184,1.791413301393568,0.9999999999999344,2.0249397245578826e-06,True
2,declared_source_target_coupled_correlation,L2,0.01,0.001,rho_source_2,1.7914168705078466,1.79141330139331,0.9999999999999347,2.0249397140023375e-06,True
2,declared_source_target_coupled_correlation,L2,0.01,0.0005,rho_source_1,1.79141419366993,1.791413301393568,0.999999999999996,5.062344072690413e-07,True
2,declared_source_target_coupled_correlation,L2,0.01,0.0005,rho_source_2,1.791414193670291,1.79141330139331,0.9999999999999959,5.062348738666152e-07,True
2,declared_source_target_coupled_correlation,L2,0.01,0.00025,rho_source_1,1.791413524462433,1.791413301393568,0.9999999999999999,1.2655844327556648e-07,True
2,declared_source_target_coupled_correlation,L2,0.01,0.00025,rho_source_2,1.7914135244616205,1.79141330139331,0.9999999999999998,1.2655840471434717e-07,True
2,declared_source_target_coupled_correlation,L2,0.1,0.001,rho_source_1,1.5809644300313306,1.5809632949384533,0.999999999999997,7.217058708463378e-07,True
2,declared_source_target_coupled_correlation,L2,0.1,0.001,rho_source_2,1.5809644300307506,1.5809632949381698,0.9999999999999971,7.217056647889829e-07,True
2,declared_source_target_coupled_correlation,L2,0.1,0.0005,rho_source_1,1.5809635787136382,1.5809632949384533,1.0,1.8042789600804025e-07,True
2,declared_source_target_coupled_correlation,L2,0.1,0.0005,rho_source_2,1.580963578711563,1.5809632949381698,1.0,1.8042673823814094e-07,True
2,declared_source_target_coupled_correlation,L2,0.1,0.00025,rho_source_1,1.5809633658797,1.5809632949384533,1.0,4.51051744757002e-08,True
2,declared_source_target_coupled_correlation,L2,0.1,0.00025,rho_source_2,1.5809633658780557,1.5809632949381698,1.0,4.5104477339251374e-08,True
2,declared_source_target_coupled_correlation,IRMV1,0.001,0.001,rho_source_1,1.7164402367921536,1.716434000885139,0.999999999998907,3.9223367717565014e-06,True
2,declared_source_target_coupled_correlation,IRMV1,0.001,0.001,rho_source_2,1.7263216195055968,1.726315398281291,0.9999999999989375,3.887382249128661e-06,True
2,declared_source_target_coupled_correlation,IRMV1,0.001,0.0005,rho_source_1,1.7164355598536376,1.716434000885139,0.9999999999999317,9.805821733445707e-07,True
2,declared_source_target_coupled_correlation,IRMV1,0.001,0.0005,rho_source_2,1.726316953581494,1.726315398281291,0.9999999999999338,9.718448887236752e-07,True
2,declared_source_target_coupled_correlation,IRMV1,0.001,0.00025,rho_source_1,1.71643439063063,1.716434000885139,0.9999999999999957,2.4514804205568277e-07,True
2,declared_source_target_coupled_correlation,IRMV1,0.001,0.00025,rho_source_2,1.726315787109061,1.726315398281291,0.9999999999999958,2.4296323606869536e-07,True
2,declared_source_target_coupled_correlation,IRMV1,0.01,0.001,rho_source_1,1.6652149007206425,1.6652089442963358,0.9999999999989334,3.863637969339836e-06,True
2,declared_source_target_coupled_correlation,IRMV1,0.01,0.001,rho_source_2,1.7718450502221657,1.7718392395530287,0.9999999999992111,3.511808609349632e-06,True
2,declared_source_target_coupled_correlation,IRMV1,0.01,0.0005,rho_source_1,1.6652104333977065,1.6652089442963358,0.999999999999933,9.659095606699746e-07,True
2,declared_source_target_coupled_correlation,IRMV1,0.01,0.0005,rho_source_2,1.7718406922142294,1.7718392395530287,0.9999999999999506,8.779508712186049e-07,True
2,declared_source_target_coupled_correlation,IRMV1,0.01,0.00025,rho_source_1,1.6652093165744788,1.6652089442963358,0.9999999999999957,2.414793604528817e-07,True
2,declared_source_target_coupled_correlation,IRMV1,0.01,0.00025,rho_source_2,1.771839602717455,1.7718392395530287,0.9999999999999969,2.1948760985491064e-07,True
2,declared_source_target_coupled_correlation,IRMV1,0.1,0.001,rho_source_1,1.2003543113607735,1.200352645139816,0.9999999999975013,2.6314487377619858e-06,True
2,declared_source_target_coupled_correlation,IRMV1,0.1,0.001,rho_source_2,2.270123432857936,2.2701264874080027,0.9999999999990274,1.9379400907636642e-06,True
2,declared_source_target_coupled_correlation,IRMV1,0.1,0.0005,rho_source_1,1.200353061692155,1.200352645139816,0.9999999999998436,6.57866281715584e-07,True
2,declared_source_target_coupled_correlation,IRMV1,0.1,0.0005,rho_source_2,2.270125723750551,2.2701264874080027,0.9999999999999394,4.844917948300492e-07,True
2,declared_source_target_coupled_correlation,IRMV1,0.1,0.00025,rho_source_1,1.2003527492753236,1.200352645139816,0.99999999999999,1.644632962466092e-07,True
2,declared_source_target_coupled_correlation,IRMV1,0.1,0.00025,rho_source_2,2.270126296491625,2.2701264874080027,0.9999999999999963,1.2112356808325883e-07,True
2,declared_source_target_coupled_correlation,VREX,0.001,0.001,rho_source_1,1.7208434276112858,1.720837214502319,0.9999999999989133,3.899893798226646e-06,True
2,declared_source_target_coupled_correlation,VREX,0.001,0.001,rho_source_2,1.7221534529784084,1.722147199999437,0.9999999999989053,3.920780425508194e-06,True
2,declared_source_target_coupled_correlation,VREX,0.001,0.0005,rho_source_1,1.7208387677745376,1.720837214502319,0.999999999999932,9.749732945578414e-07,True
2,declared_source_target_coupled_correlation,VREX,0.001,0.0005,rho_source_2,1.7221487632379155,1.722147199999437,0.9999999999999316,9.801941882016523e-07,True
2,declared_source_target_coupled_correlation,VREX,0.001,0.00025,rho_source_1,1.7208376028194552,1.720837214502319,0.9999999999999957,2.4374322347862404e-07,True
2,declared_source_target_coupled_correlation,VREX,0.001,0.00025,rho_source_2,1.7221475908106911,1.722147199999437,0.9999999999999957,2.4504979813574507e-07,True
2,declared_source_target_coupled_correlation,VREX,0.01,0.001,rho_source_1,1.7129867990299215,1.7129809934152307,0.9999999999989848,3.6765572593699486e-06,True
2,declared_source_target_coupled_correlation,VREX,0.01,0.001,rho_source_2,1.7260650666682433,1.7260588665102488,0.9999999999989083,3.884112969340344e-06,True
2,declared_source_target_coupled_correlation,VREX,0.01,0.0005,rho_source_1,1.712982444814798,1.7129809934152307,0.9999999999999367,9.191394772754708e-07,True
2,declared_source_target_coupled_correlation,VREX,0.01,0.0005,rho_source_2,1.726060416544067,1.7260588665102488,0.9999999999999317,9.71027612577142e-07,True
2,declared_source_target_coupled_correlation,VREX,0.01,0.00025,rho_source_1,1.7129813562634018,1.7129809934152307,0.9999999999999961,2.2978431902593962e-07,True
2,declared_source_target_coupled_correlation,VREX,0.01,0.00025,rho_source_2,1.7260592540169746,1.7260588665102488,0.9999999999999958,2.427561294050355e-07,True
2,declared_source_target_coupled_correlation,VREX,0.1,0.001,rho_source_1,1.6358179612332615,1.6358158316468474,0.9999999999995479,1.6121060845068114e-06,True
2,declared_source_target_coupled_correlation,VREX,0.1,0.001,rho_source_2,1.7644432169971056,1.7644375371571759,0.9999999999989309,3.535617354052603e-06,True
2,declared_source_target_coupled_correlation,VREX,0.1,0.0005,rho_source_1,1.6358163640462575,1.6358158316468474,0.9999999999999719,4.030290292223339e-07,True
2,declared_source_target_coupled_correlation,VREX,0.1,0.0005,rho_source_2,1.7644389571158823,1.7644375371571759,0.999999999999933,8.839058832254795e-07,True
2,declared_source_target_coupled_correlation,VREX,0.1,0.00025,rho_source_1,1.6358159647491441,1.6358158316468474,0.9999999999999983,1.0075902872487047e-07,True
2,declared_source_target_coupled_correlation,VREX,0.1,0.00025,rho_source_2,1.7644378921460884,1.7644375371571759,0.9999999999999959,2.2097653944245206e-07,True
2,mechanism_defined_hidden,ERM,0.0,0.001,rho_source_1,1.721717984738518,1.721711725882285,0.9999999999989053,3.924875221942489e-06,True
2,mechanism_defined_hidden,ERM,0.0,0.001,rho_source_2,1.7217179847372808,1.7217117258815657,0.9999999999989053,3.924874924145793e-06,True
2,mechanism_defined_hidden,ERM,0.0,0.001,rho_hidden,0.0,0.0,0.0,0.0,True
2,mechanism_defined_hidden,ERM,0.0,0.0005,rho_source_1,1.7217132905911092,1.721711725882285,0.9999999999999317,9.812186353094812e-07,True
2,mechanism_defined_hidden,ERM,0.0,0.0005,rho_source_2,1.7217132905901482,1.7217117258815657,0.9999999999999317,9.812182588183873e-07,True
2,mechanism_defined_hidden,ERM,0.0,0.0005,rho_hidden,0.0,0.0,0.0,0.0,True
2,mechanism_defined_hidden,ERM,0.0,0.00025,rho_source_1,1.7217121170595102,1.721711725882285,0.9999999999999957,2.4530498090432305e-07,True
2,mechanism_defined_hidden,ERM,0.0,0.00025,rho_source_2,1.7217121170559897,1.7217117258815657,0.9999999999999957,2.4530350256863117e-07,True
2,mechanism_defined_hidden,ERM,0.0,0.00025,rho_hidden,0.0,0.0,0.0,0.0,True
2,mechanism_defined_hidden,L2,0.001,0.001,rho_source_1,1.744877185292904,1.7448714962350627,0.9999999999994265,3.431896575674312e-06,True
2,mechanism_defined_hidden,L2,0.001,0.001,rho_source_2,1.744877185291769,1.7448714962345306,0.9999999999994263,3.4318962053391073e-06,True
2,mechanism_defined_hidden,L2,0.001,0.001,rho_hidden,0.0,0.0,0.0,0.0,True
2,mechanism_defined_hidden,L2,0.001,0.0005,rho_source_1,1.7448729184975882,1.7448714962350627,0.9999999999999641,8.579752466323535e-07,True
2,mechanism_defined_hidden,L2,0.001,0.0005,rho_source_2,1.7448729184934846,1.7448714962345306,0.9999999999999643,8.579731784507747e-07,True
2,mechanism_defined_hidden,L2,0.001,0.0005,rho_hidden,0.0,0.0,0.0,0.0,True
2,mechanism_defined_hidden,L2,0.001,0.00025,rho_source_1,1.7448718518001383,1.7448714962350627,0.9999999999999978,2.1449377223825164e-07,True
2,mechanism_defined_hidden,L2,0.001,0.00025,rho_source_2,1.7448718517989033,1.7448714962345306,0.999999999999998,2.1449338123160509e-07,True
2,mechanism_defined_hidden,L2,0.001,0.00025,rho_hidden,0.0,0.0,0.0,0.0,True
2,mechanism_defined_hidden,L2,0.01,0.001,rho_source_1,1.7914168705081184,1.791413301393568,0.9999999999999344,2.0249397245578826e-06,True
2,mechanism_defined_hidden,L2,0.01,0.001,rho_source_2,1.7914168705078466,1.79141330139331,0.9999999999999347,2.0249397140023375e-06,True
2,mechanism_defined_hidden,L2,0.01,0.001,rho_hidden,0.0,0.0,0.0,0.0,True
2,mechanism_defined_hidden,L2,0.01,0.0005,rho_source_1,1.79141419366993,1.791413301393568,0.999999999999996,5.062344072690413e-07,True
2,mechanism_defined_hidden,L2,0.01,0.0005,rho_source_2,1.791414193670291,1.79141330139331,0.9999999999999959,5.062348738666152e-07,True
2,mechanism_defined_hidden,L2,0.01,0.0005,rho_hidden,0.0,0.0,0.0,0.0,True
2,mechanism_defined_hidden,L2,0.01,0.00025,rho_source_1,1.791413524462433,1.791413301393568,0.9999999999999999,1.2655844327556648e-07,True
2,mechanism_defined_hidden,L2,0.01,0.00025,rho_source_2,1.7914135244616205,1.79141330139331,0.9999999999999998,1.2655840471434717e-07,True
2,mechanism_defined_hidden,L2,0.01,0.00025,rho_hidden,0.0,0.0,0.0,0.0,True
2,mechanism_defined_hidden,L2,0.1,0.001,rho_source_1,1.5809644300313306,1.5809632949384533,0.999999999999997,7.217058708463378e-07,True
2,mechanism_defined_hidden,L2,0.1,0.001,rho_source_2,1.5809644300307506,1.5809632949381698,0.9999999999999971,7.217056647889829e-07,True
2,mechanism_defined_hidden,L2,0.1,0.001,rho_hidden,0.0,0.0,0.0,0.0,True
2,mechanism_defined_hidden,L2,0.1,0.0005,rho_source_1,1.5809635787136382,1.5809632949384533,1.0,1.8042789600804025e-07,True
2,mechanism_defined_hidden,L2,0.1,0.0005,rho_source_2,1.580963578711563,1.5809632949381698,1.0,1.8042673823814094e-07,True
2,mechanism_defined_hidden,L2,0.1,0.0005,rho_hidden,0.0,0.0,0.0,0.0,True
2,mechanism_defined_hidden,L2,0.1,0.00025,rho_source_1,1.5809633658797,1.5809632949384533,1.0,4.51051744757002e-08,True
2,mechanism_defined_hidden,L2,0.1,0.00025,rho_source_2,1.5809633658780557,1.5809632949381698,1.0,4.5104477339251374e-08,True
2,mechanism_defined_hidden,L2,0.1,0.00025,rho_hidden,0.0,0.0,0.0,0.0,True
2,mechanism_defined_hidden,IRMV1,0.001,0.001,rho_source_1,1.7164402367921536,1.716434000885139,0.999999999998907,3.9223367717565014e-06,True
2,mechanism_defined_hidden,IRMV1,0.001,0.001,rho_source_2,1.7263216195055968,1.726315398281291,0.9999999999989375,3.887382249128661e-06,True
2,mechanism_defined_hidden,IRMV1,0.001,0.001,rho_hidden,0.0,0.0,0.0,0.0,True
2,mechanism_defined_hidden,IRMV1,0.001,0.0005,rho_source_1,1.7164355598536376,1.716434000885139,0.9999999999999317,9.805821733445707e-07,True
2,mechanism_defined_hidden,IRMV1,0.001,0.0005,rho_source_2,1.726316953581494,1.726315398281291,0.9999999999999338,9.718448887236752e-07,True
2,mechanism_defined_hidden,IRMV1,0.001,0.0005,rho_hidden,0.0,0.0,0.0,0.0,True
2,mechanism_defined_hidden,IRMV1,0.001,0.00025,rho_source_1,1.71643439063063,1.716434000885139,0.9999999999999957,2.4514804205568277e-07,True
2,mechanism_defined_hidden,IRMV1,0.001,0.00025,rho_source_2,1.726315787109061,1.726315398281291,0.9999999999999958,2.4296323606869536e-07,True
2,mechanism_defined_hidden,IRMV1,0.001,0.00025,rho_hidden,0.0,0.0,0.0,0.0,True
2,mechanism_defined_hidden,IRMV1,0.01,0.001,rho_source_1,1.6652149007206425,1.6652089442963358,0.9999999999989334,3.863637969339836e-06,True
2,mechanism_defined_hidden,IRMV1,0.01,0.001,rho_source_2,1.7718450502221657,1.7718392395530287,0.9999999999992111,3.511808609349632e-06,True
2,mechanism_defined_hidden,IRMV1,0.01,0.001,rho_hidden,0.0,0.0,0.0,0.0,True
2,mechanism_defined_hidden,IRMV1,0.01,0.0005,rho_source_1,1.6652104333977065,1.6652089442963358,0.999999999999933,9.659095606699746e-07,True
2,mechanism_defined_hidden,IRMV1,0.01,0.0005,rho_source_2,1.7718406922142294,1.7718392395530287,0.9999999999999506,8.779508712186049e-07,True
2,mechanism_defined_hidden,IRMV1,0.01,0.0005,rho_hidden,0.0,0.0,0.0,0.0,True
2,mechanism_defined_hidden,IRMV1,0.01,0.00025,rho_source_1,1.6652093165744788,1.6652089442963358,0.9999999999999957,2.414793604528817e-07,True
2,mechanism_defined_hidden,IRMV1,0.01,0.00025,rho_source_2,1.771839602717455,1.7718392395530287,0.9999999999999969,2.1948760985491064e-07,True
2,mechanism_defined_hidden,IRMV1,0.01,0.00025,rho_hidden,0.0,0.0,0.0,0.0,True
2,mechanism_defined_hidden,IRMV1,0.1,0.001,rho_source_1,1.2003543113607735,1.200352645139816,0.9999999999975013,2.6314487377619858e-06,True
2,mechanism_defined_hidden,IRMV1,0.1,0.001,rho_source_2,2.270123432857936,2.2701264874080027,0.9999999999990274,1.9379400907636642e-06,True
2,mechanism_defined_hidden,IRMV1,0.1,0.001,rho_hidden,0.0,0.0,0.0,0.0,True
2,mechanism_defined_hidden,IRMV1,0.1,0.0005,rho_source_1,1.200353061692155,1.200352645139816,0.9999999999998436,6.57866281715584e-07,True
2,mechanism_defined_hidden,IRMV1,0.1,0.0005,rho_source_2,2.270125723750551,2.2701264874080027,0.9999999999999394,4.844917948300492e-07,True
2,mechanism_defined_hidden,IRMV1,0.1,0.0005,rho_hidden,0.0,0.0,0.0,0.0,True
2,mechanism_defined_hidden,IRMV1,0.1,0.00025,rho_source_1,1.2003527492753236,1.200352645139816,0.99999999999999,1.644632962466092e-07,True
2,mechanism_defined_hidden,IRMV1,0.1,0.00025,rho_source_2,2.270126296491625,2.2701264874080027,0.9999999999999963,1.2112356808325883e-07,True
2,mechanism_defined_hidden,IRMV1,0.1,0.00025,rho_hidden,0.0,0.0,0.0,0.0,True
2,mechanism_defined_hidden,VREX,0.001,0.001,rho_source_1,1.7208434276112858,1.720837214502319,0.9999999999989133,3.899893798226646e-06,True
2,mechanism_defined_hidden,VREX,0.001,0.001,rho_source_2,1.7221534529784084,1.722147199999437,0.9999999999989053,3.920780425508194e-06,True
2,mechanism_defined_hidden,VREX,0.001,0.001,rho_hidden,0.0,0.0,0.0,0.0,True
2,mechanism_defined_hidden,VREX,0.001,0.0005,rho_source_1,1.7208387677745376,1.720837214502319,0.999999999999932,9.749732945578414e-07,True
2,mechanism_defined_hidden,VREX,0.001,0.0005,rho_source_2,1.7221487632379155,1.722147199999437,0.9999999999999316,9.801941882016523e-07,True
2,mechanism_defined_hidden,VREX,0.001,0.0005,rho_hidden,0.0,0.0,0.0,0.0,True
2,mechanism_defined_hidden,VREX,0.001,0.00025,rho_source_1,1.7208376028194552,1.720837214502319,0.9999999999999957,2.4374322347862404e-07,True
2,mechanism_defined_hidden,VREX,0.001,0.00025,rho_source_2,1.7221475908106911,1.722147199999437,0.9999999999999957,2.4504979813574507e-07,True
2,mechanism_defined_hidden,VREX,0.001,0.00025,rho_hidden,0.0,0.0,0.0,0.0,True
2,mechanism_defined_hidden,VREX,0.01,0.001,rho_source_1,1.7129867990299215,1.7129809934152307,0.9999999999989848,3.6765572593699486e-06,True
2,mechanism_defined_hidden,VREX,0.01,0.001,rho_source_2,1.7260650666682433,1.7260588665102488,0.9999999999989083,3.884112969340344e-06,True
2,mechanism_defined_hidden,VREX,0.01,0.001,rho_hidden,0.0,0.0,0.0,0.0,True
2,mechanism_defined_hidden,VREX,0.01,0.0005,rho_source_1,1.712982444814798,1.7129809934152307,0.9999999999999367,9.191394772754708e-07,True
2,mechanism_defined_hidden,VREX,0.01,0.0005,rho_source_2,1.726060416544067,1.7260588665102488,0.9999999999999317,9.71027612577142e-07,True
2,mechanism_defined_hidden,VREX,0.01,0.0005,rho_hidden,0.0,0.0,0.0,0.0,True
2,mechanism_defined_hidden,VREX,0.01,0.00025,rho_source_1,1.7129813562634018,1.7129809934152307,0.9999999999999961,2.2978431902593962e-07,True
2,mechanism_defined_hidden,VREX,0.01,0.00025,rho_source_2,1.7260592540169746,1.7260588665102488,0.9999999999999958,2.427561294050355e-07,True
2,mechanism_defined_hidden,VREX,0.01,0.00025,rho_hidden,0.0,0.0,0.0,0.0,True
2,mechanism_defined_hidden,VREX,0.1,0.001,rho_source_1,1.6358179612332615,1.6358158316468474,0.9999999999995479,1.6121060845068114e-06,True
2,mechanism_defined_hidden,VREX,0.1,0.001,rho_source_2,1.7644432169971056,1.7644375371571759,0.9999999999989309,3.535617354052603e-06,True
2,mechanism_defined_hidden,VREX,0.1,0.001,rho_hidden,0.0,0.0,0.0,0.0,True
2,mechanism_defined_hidden,VREX,0.1,0.0005,rho_source_1,1.6358163640462575,1.6358158316468474,0.9999999999999719,4.030290292223339e-07,True
2,mechanism_defined_hidden,VREX,0.1,0.0005,rho_source_2,1.7644389571158823,1.7644375371571759,0.999999999999933,8.839058832254795e-07,True
2,mechanism_defined_hidden,VREX,0.1,0.0005,rho_hidden,0.0,0.0,0.0,0.0,True
2,mechanism_defined_hidden,VREX,0.1,0.00025,rho_source_1,1.6358159647491441,1.6358158316468474,0.9999999999999983,1.0075902872487047e-07,True
2,mechanism_defined_hidden,VREX,0.1,0.00025,rho_source_2,1.7644378921460884,1.7644375371571759,0.9999999999999959,2.2097653944245206e-07,True
2,mechanism_defined_hidden,VREX,0.1,0.00025,rho_hidden,0.0,0.0,0.0,0.0,True
2,mechanism_defined_exposed,ERM,0.0,0.001,rho_source_1,1.721717984738518,1.721711725882285,0.9999999999989053,3.924875221942489e-06,True
2,mechanism_defined_exposed,ERM,0.0,0.001,rho_source_2,1.7217179847372808,1.7217117258815657,0.9999999999989053,3.924874924145793e-06,True
2,mechanism_defined_exposed,ERM,0.0,0.001,rho_hidden,3.4434735232941054,3.443423451763855,0.9999999999824825,1.5699530270900916e-05,True
2,mechanism_defined_exposed,ERM,0.0,0.0005,rho_source_1,1.7217132905911092,1.721711725882285,0.9999999999999317,9.812186353094812e-07,True
2,mechanism_defined_exposed,ERM,0.0,0.0005,rho_source_2,1.7217132905901482,1.7217117258815657,0.9999999999999317,9.812182588183873e-07,True
2,mechanism_defined_exposed,ERM,0.0,0.0005,rho_hidden,3.4434359694755936,3.443423451763855,0.9999999999989052,3.92487518033725e-06,True
2,mechanism_defined_exposed,ERM,0.0,0.00025,rho_source_1,1.7217121170595102,1.721711725882285,0.9999999999999957,2.4530498090432305e-07,True
2,mechanism_defined_exposed,ERM,0.0,0.00025,rho_source_2,1.7217121170559897,1.7217117258815657,0.9999999999999957,2.4530350256863117e-07,True
2,mechanism_defined_exposed,ERM,0.0,0.00025,rho_hidden,3.4434265811787226,3.443423451763855,0.9999999999999315,9.81217787671863e-07,True
2,mechanism_defined_exposed,L2,0.001,0.001,rho_source_1,1.744877185292904,1.7448714962350627,0.9999999999994265,3.431896575674312e-06,True
2,mechanism_defined_exposed,L2,0.001,0.001,rho_source_2,1.744877185291769,1.7448714962345306,0.9999999999994263,3.4318962053391073e-06,True
2,mechanism_defined_exposed,L2,0.001,0.001,rho_hidden,3.4897885054572844,3.4897429924695924,0.99999999999082,1.3727603592490389e-05,True
2,mechanism_defined_exposed,L2,0.001,0.0005,rho_source_1,1.7448729184975882,1.7448714962350627,0.9999999999999641,8.579752466323535e-07,True
2,mechanism_defined_exposed,L2,0.001,0.0005,rho_source_2,1.7448729184934846,1.7448714962345306,0.9999999999999643,8.579731784507747e-07,True
2,mechanism_defined_exposed,L2,0.001,0.0005,rho_hidden,3.4897543705837224,3.4897429924695924,0.9999999999994265,3.431896261167381e-06,True
2,mechanism_defined_exposed,L2,0.001,0.00025,rho_source_1,1.7448718518001383,1.7448714962350627,0.9999999999999978,2.1449377223825164e-07,True
2,mechanism_defined_exposed,L2,0.001,0.00025,rho_source_2,1.7448718517989033,1.7448714962345306,0.999999999999998,2.1449338123160509e-07,True
2,mechanism_defined_exposed,L2,0.001,0.00025,rho_hidden,3.4897458369835896,3.4897429924695924,0.9999999999999641,8.579721456821775e-07,True
2,mechanism_defined_exposed,L2,0.01,0.001,rho_source_1,1.7914168705081184,1.791413301393568,0.9999999999999344,2.0249397245578826e-06,True
2,mechanism_defined_exposed,L2,0.01,0.001,rho_source_2,1.7914168705078466,1.79141330139331,0.9999999999999347,2.0249397140023375e-06,True
2,mechanism_defined_exposed,L2,0.01,0.001,rho_hidden,3.5828551558874713,3.582826602786881,0.9999999999989523,8.09976199937203e-06,True
2,mechanism_defined_exposed,L2,0.01,0.0005,rho_source_1,1.79141419366993,1.791413301393568,0.999999999999996,5.062344072690413e-07,True
2,mechanism_defined_exposed,L2,0.01,0.0005,rho_source_2,1.791414193670291,1.79141330139331,0.9999999999999959,5.062348738666152e-07,True
2,mechanism_defined_exposed,L2,0.01,0.0005,rho_hidden,3.58283374101483,3.582826602786881,0.9999999999999345,2.0249394353652367e-06,True
2,mechanism_defined_exposed,L2,0.01,0.00025,rho_source_1,1.791413524462433,1.791413301393568,0.9999999999999999,1.2655844327556648e-07,True
2,mechanism_defined_exposed,L2,0.01,0.00025,rho_source_2,1.7914135244616205,1.79141330139331,0.9999999999999998,1.2655840471434717e-07,True
2,mechanism_defined_exposed,L2,0.01,0.00025,rho_hidden,3.5828283873383846,3.582826602786881,0.9999999999999959,5.062341050829269e-07,True
2,mechanism_defined_exposed,L2,0.1,0.001,rho_source_1,1.5809644300313306,1.5809632949384533,0.999999999999997,7.217058708463378e-07,True
2,mechanism_defined_exposed,L2,0.1,0.001,rho_source_2,1.5809644300307506,1.5809632949381698,0.9999999999999971,7.217056647889829e-07,True
2,mechanism_defined_exposed,L2,0.1,0.001,rho_hidden,3.1619356706409865,3.1619265898766225,0.999999999999957,2.8868240118847916e-06,True
2,mechanism_defined_exposed,L2,0.1,0.0005,rho_source_1,1.5809635787136382,1.5809632949384533,1.0,1.8042789600804025e-07,True
2,mechanism_defined_exposed,L2,0.1,0.0005,rho_source_2,1.580963578711563,1.5809632949381698,1.0,1.8042673823814094e-07,True
2,mechanism_defined_exposed,L2,0.1,0.0005,rho_hidden,3.1619288600645734,3.1619265898766225,0.9999999999999971,7.217066305052675e-07,True
2,mechanism_defined_exposed,L2,0.1,0.00025,rho_source_1,1.5809633658797,1.5809632949384533,1.0,4.51051744757002e-08,True
2,mechanism_defined_exposed,L2,0.1,0.00025,rho_source_2,1.5809633658780557,1.5809632949381698,1.0,4.5104477339251374e-08,True
2,mechanism_defined_exposed,L2,0.1,0.00025,rho_hidden,3.1619271574185634,3.1619265898766225,0.9999999999999997,1.8042503456219564e-07,True
2,mechanism_defined_exposed,IRMV1,0.001,0.001,rho_source_1,1.7164402367921536,1.716434000885139,0.999999999998907,3.9223367717565014e-06,True
2,mechanism_defined_exposed,IRMV1,0.001,0.001,rho_source_2,1.7263216195055968,1.726315398281291,0.9999999999989375,3.887382249128661e-06,True
2,mechanism_defined_exposed,IRMV1,0.001,0.001,rho_hidden,3.4427784664759877,3.4427283575037495,0.9999999999824364,1.5715248290563742e-05,True
2,mechanism_defined_exposed,IRMV1,0.001,0.0005,rho_source_1,1.7164355598536376,1.716434000885139,0.9999999999999317,9.805821733445707e-07,True
2,mechanism_defined_exposed,IRMV1,0.001,0.0005,rho_source_2,1.726316953581494,1.726315398281291,0.9999999999999338,9.718448887236752e-07,True
2,mechanism_defined_exposed,IRMV1,0.001,0.0005,rho_hidden,3.44274088457556,3.4427283575037495,0.9999999999989024,3.928804593601703e-06,True
2,mechanism_defined_exposed,IRMV1,0.001,0.00025,rho_source_1,1.71643439063063,1.716434000885139,0.9999999999999957,2.4514804205568277e-07,True
2,mechanism_defined_exposed,IRMV1,0.001,0.00025,rho_source_2,1.726315787109061,1.726315398281291,0.9999999999999958,2.4296323606869536e-07,True
2,mechanism_defined_exposed,IRMV1,0.001,0.00025,rho_hidden,3.4427314892567797,3.4427283575037495,0.9999999999999314,9.82199679719268e-07,True
2,mechanism_defined_exposed,IRMV1,0.01,0.001,rho_source_1,1.6652149007206425,1.6652089442963358,0.9999999999989334,3.863637969339836e-06,True
2,mechanism_defined_exposed,IRMV1,0.01,0.001,rho_source_2,1.7718450502221657,1.7718392395530287,0.9999999999992111,3.511808609349632e-06,True
2,mechanism_defined_exposed,IRMV1,0.01,0.001,rho_hidden,3.435569506553119,3.4355190638173347,0.9999999999820014,1.5861014845995296e-05,True
2,mechanism_defined_exposed,IRMV1,0.01,0.0005,rho_source_1,1.6652104333977065,1.6652089442963358,0.999999999999933,9.659095606699746e-07,True
2,mechanism_defined_exposed,IRMV1,0.01,0.0005,rho_source_2,1.7718406922142294,1.7718392395530287,0.9999999999999506,8.779508712186049e-07,True
2,mechanism_defined_exposed,IRMV1,0.01,0.0005,rho_hidden,3.435531674325744,3.4355190638173347,0.999999999998875,3.96524560971433e-06,True
2,mechanism_defined_exposed,IRMV1,0.01,0.00025,rho_source_1,1.6652093165744788,1.6652089442963358,0.9999999999999957,2.414793604528817e-07,True
2,mechanism_defined_exposed,IRMV1,0.01,0.00025,rho_source_2,1.771839602717455,1.7718392395530287,0.9999999999999969,2.1948760985491064e-07,True
2,mechanism_defined_exposed,IRMV1,0.01,0.00025,rho_hidden,3.4355222164290717,3.4355190638173347,0.9999999999999294,9.91309779842132e-07,True
2,mechanism_defined_exposed,IRMV1,0.1,0.001,rho_source_1,1.2003543113607735,1.200352645139816,0.9999999999975013,2.6314487377619858e-06,True
2,mechanism_defined_exposed,IRMV1,0.1,0.001,rho_source_2,2.270123432857936,2.2701264874080027,0.9999999999990274,1.9379400907636642e-06,True
2,mechanism_defined_exposed,IRMV1,0.1,0.001,rho_hidden,3.347494730049472,3.34744147569276,0.9999999999771377,1.728615238885501e-05,True
2,mechanism_defined_exposed,IRMV1,0.1,0.0005,rho_source_1,1.200353061692155,1.200352645139816,0.9999999999998436,6.57866281715584e-07,True
2,mechanism_defined_exposed,IRMV1,0.1,0.0005,rho_source_2,2.270125723750551,2.2701264874080027,0.9999999999999394,4.844917948300492e-07,True
2,mechanism_defined_exposed,IRMV1,0.1,0.0005,rho_hidden,3.3474547890701896,3.34744147569276,0.9999999999985714,4.32152525649115e-06,True
2,mechanism_defined_exposed,IRMV1,0.1,0.00025,rho_source_1,1.2003527492753236,1.200352645139816,0.99999999999999,1.644632962466092e-07,True
2,mechanism_defined_exposed,IRMV1,0.1,0.00025,rho_source_2,2.270126296491625,2.2701264874080027,0.9999999999999963,1.2112356808325883e-07,True
2,mechanism_defined_exposed,IRMV1,0.1,0.00025,rho_hidden,3.34744480402165,3.34744147569276,0.999999999999911,1.0803799657435587e-06,True
2,mechanism_defined_exposed,VREX,0.001,0.001,rho_source_1,1.7208434276112858,1.720837214502319,0.9999999999989133,3.899893798226646e-06,True
2,mechanism_defined_exposed,VREX,0.001,0.001,rho_source_2,1.7221534529784084,1.722147199999437,0.9999999999989053,3.920780425508194e-06,True
2,mechanism_defined_exposed,VREX,0.001,0.001,rho_hidden,3.4430344550031085,3.442984414501756,0.9999999999824926,1.569225081333547e-05,True
2,mechanism_defined_exposed,VREX,0.001,0.0005,rho_source_1,1.7208387677745376,1.720837214502319,0.999999999999932,9.749732945578414e-07,True
2,mechanism_defined_exposed,VREX,0.001,0.0005,rho_source_2,1.7221487632379155,1.722147199999437,0.9999999999999316,9.801941882016523e-07,True
2,mechanism_defined_exposed,VREX,0.001,0.0005,rho_hidden,3.4429969244594063,3.442984414501756,0.9999999999989058,3.9230561623297124e-06,True
2,mechanism_defined_exposed,VREX,0.001,0.00025,rho_source_1,1.7208376028194552,1.720837214502319,0.9999999999999957,2.4374322347862404e-07,True
2,mechanism_defined_exposed,VREX,0.001,0.00025,rho_source_2,1.7221475908106911,1.722147199999437,0.9999999999999957,2.4504979813574507e-07,True
2,mechanism_defined_exposed,VREX,0.001,0.00025,rho_hidden,3.4429875419799996,3.442984414501756,0.9999999999999317,9.807636573562557e-07,True
2,mechanism_defined_exposed,VREX,0.01,0.001,rho_source_1,1.7129867990299215,1.7129809934152307,0.9999999999989848,3.6765572593699486e-06,True
2,mechanism_defined_exposed,VREX,0.01,0.001,rho_source_2,1.7260650666682433,1.7260588665102488,0.9999999999989083,3.884112969340344e-06,True
2,mechanism_defined_exposed,VREX,0.01,0.001,rho_hidden,3.4390896223008895,3.4390398599254786,0.9999999999825843,1.5626957159126327e-05,True
2,mechanism_defined_exposed,VREX,0.01,0.0005,rho_source_1,1.712982444814798,1.7129809934152307,0.9999999999999367,9.191394772754708e-07,True
2,mechanism_defined_exposed,VREX,0.01,0.0005,rho_source_2,1.726060416544067,1.7260588665102488,0.9999999999999317,9.71027612577142e-07,True
2,mechanism_defined_exposed,VREX,0.01,0.0005,rho_hidden,3.439052300350299,3.4390398599254786,0.9999999999989116,3.906731919674913e-06,True
2,mechanism_defined_exposed,VREX,0.01,0.00025,rho_source_1,1.7129813562634018,1.7129809934152307,0.9999999999999961,2.2978431902593962e-07,True
2,mechanism_defined_exposed,VREX,0.01,0.00025,rho_source_2,1.7260592540169746,1.7260588665102488,0.9999999999999958,2.427561294050355e-07,True
2,mechanism_defined_exposed,VREX,0.01,0.00025,rho_hidden,3.4390429700198735,3.4390398599254786,0.9999999999999319,9.766823659503352e-07,True
2,mechanism_defined_exposed,VREX,0.1,0.001,rho_source_1,1.6358179612332615,1.6358158316468474,0.9999999999995479,1.6121060845068114e-06,True
2,mechanism_defined_exposed,VREX,0.1,0.001,rho_source_2,1.7644432169971056,1.7644375371571759,0.9999999999989309,3.535617354052603e-06,True
2,mechanism_defined_exposed,VREX,0.1,0.001,rho_hidden,3.4003004573303115,3.4002533688040226,0.9999999999834637,1.4994970048773339e-05,True
2,mechanism_defined_exposed,VREX,0.1,0.0005,rho_source_1,1.6358163640462575,1.6358158316468474,0.9999999999999719,4.030290292223339e-07,True
2,mechanism_defined_exposed,VREX,0.1,0.0005,rho_source_2,1.7644389571158823,1.7644375371571759,0.999999999999933,8.839058832254795e-07,True
2,mechanism_defined_exposed,VREX,0.1,0.0005,rho_hidden,3.4002651407877718,3.4002533688040226,0.9999999999989665,3.748737532198549e-06,True
2,mechanism_defined_exposed,VREX,0.1,0.00025,rho_source_1,1.6358159647491441,1.6358158316468474,0.9999999999999983,1.0075902872487047e-07,True
2,mechanism_defined_exposed,VREX,0.1,0.00025,rho_source_2,1.7644378921460884,1.7644375371571759,0.9999999999999959,2.2097653944245206e-07,True
2,mechanism_defined_exposed,VREX,0.1,0.00025,rho_hidden,3.4002563117900357,3.4002533688040226,0.9999999999999355,9.371840522337136e-07,True
2,irrelevant_source_diversity,ERM,0.0,0.001,rho_source_1,1.721717984738518,1.7217117258822847,0.9999999999989053,3.9248752221254045e-06,True
2,irrelevant_source_diversity,ERM,0.0,0.001,rho_source_2,1.7217179847372808,1.721711725881566,0.9999999999989053,3.924874924049704e-06,True
2,irrelevant_source_diversity,ERM,0.0,0.001,rho_hidden,0.0,0.0,0.0,0.0,True
2,irrelevant_source_diversity,ERM,0.0,0.001,brightness_nuisance,3.343376317332623,3.3433733609176763,0.9999999999999999,8.843484781433708e-07,True
2,irrelevant_source_diversity,ERM,0.0,0.0005,rho_source_1,1.7217132905911092,1.7217117258822847,0.9999999999999317,9.81218635492397e-07,True
2,irrelevant_source_diversity,ERM,0.0,0.0005,rho_source_2,1.7217132905901482,1.721711725881566,0.9999999999999317,9.812182587222974e-07,True
2,irrelevant_source_diversity,ERM,0.0,0.0005,rho_hidden,0.0,0.0,0.0,0.0,True
2,irrelevant_source_diversity,ERM,0.0,0.0005,brightness_nuisance,3.3432775043455094,3.3433733609176763,0.9999999999878176,2.9093250288225594e-05,True
2,irrelevant_source_diversity,ERM,0.0,0.00025,rho_source_1,1.7217121170595102,1.7217117258822847,0.9999999999999957,2.453049810872408e-07,True
2,irrelevant_source_diversity,ERM,0.0,0.00025,rho_source_2,1.7217121170559897,1.721711725881566,0.9999999999999956,2.453035024725422e-07,True
2,irrelevant_source_diversity,ERM,0.0,0.00025,rho_hidden,0.0,0.0,0.0,0.0,True
2,irrelevant_source_diversity,ERM,0.0,0.00025,brightness_nuisance,3.3430845600100905,3.3433733609176763,0.9999999998884141,8.766984319220406e-05,True
2,irrelevant_source_diversity,L2,0.001,0.001,rho_source_1,1.744877185292904,1.7448714962350627,0.9999999999994263,3.4318965756967897e-06,True
2,irrelevant_source_diversity,L2,0.001,0.001,rho_source_2,1.744877185291769,1.7448714962345309,0.9999999999994261,3.4318962052109673e-06,True
2,irrelevant_source_diversity,L2,0.001,0.001,rho_hidden,0.0,0.0,0.0,0.0,True
2,irrelevant_source_diversity,L2,0.001,0.001,brightness_nuisance,3.227048768879229,3.2270460382789445,0.9999999999999848,8.639058391900682e-07,True
2,irrelevant_source_diversity,L2,0.001,0.0005,rho_source_1,1.7448729184975882,1.7448714962350627,0.9999999999999639,8.579752466548316e-07,True
2,irrelevant_source_diversity,L2,0.001,0.0005,rho_source_2,1.7448729184934846,1.7448714962345309,0.9999999999999641,8.579731783226346e-07,True
2,irrelevant_source_diversity,L2,0.001,0.0005,rho_hidden,0.0,0.0,0.0,0.0,True
2,irrelevant_source_diversity,L2,0.001,0.0005,brightness_nuisance,3.2269518445918175,3.2270460382789445,0.9999999999908601,2.9501146707566296e-05,True
2,irrelevant_source_diversity,L2,0.001,0.00025,rho_source_1,1.7448718518001383,1.7448714962350627,0.9999999999999978,2.1449377226072654e-07,True
2,irrelevant_source_diversity,L2,0.001,0.00025,rho_source_2,1.7448718517989033,1.7448714962345309,0.9999999999999978,2.1449338110346456e-07,True
2,irrelevant_source_diversity,L2,0.001,0.00025,rho_hidden,0.0,0.0,0.0,0.0,True
2,irrelevant_source_diversity,L2,0.001,0.00025,brightness_nuisance,3.22676648421047,3.2270460382789445,0.9999999999198556,8.755623975289125e-05,True
2,irrelevant_source_diversity,L2,0.01,0.001,rho_source_1,1.7914168705081184,1.7914133013935682,0.9999999999999345,2.0249397245493364e-06,True
2,irrelevant_source_diversity,L2,0.01,0.001,rho_source_2,1.7914168705078466,1.79141330139331,0.9999999999999347,2.0249397139780527e-06,True
2,irrelevant_source_diversity,L2,0.01,0.001,rho_hidden,0.0,0.0,0.0,0.0,True
2,irrelevant_source_diversity,L2,0.01,0.001,brightness_nuisance,3.110365572906204,3.1103628755977,0.9999999999999859,8.835956523154433e-07,True
2,irrelevant_source_diversity,L2,0.01,0.0005,rho_source_1,1.79141419366993,1.7914133013935682,0.999999999999996,5.062344072604948e-07,True
2,irrelevant_source_diversity,L2,0.01,0.0005,rho_source_2,1.791414193670291,1.79141330139331,0.9999999999999959,5.062348738423306e-07,True
2,irrelevant_source_diversity,L2,0.01,0.0005,rho_hidden,0.0,0.0,0.0,0.0,True
2,irrelevant_source_diversity,L2,0.01,0.0005,brightness_nuisance,3.1102703440259,3.1103628755977,0.9999999999973692,2.9838638143540924e-05,True
2,irrelevant_source_diversity,L2,0.01,0.00025,rho_source_1,1.791413524462433,1.7914133013935682,0.9999999999999999,1.2655844326702095e-07,True
2,irrelevant_source_diversity,L2,0.01,0.00025,rho_source_2,1.7914135244616205,1.79141330139331,0.9999999999999998,1.2655840469006387e-07,True
2,irrelevant_source_diversity,L2,0.01,0.00025,rho_hidden,0.0,0.0,0.0,0.0,True
2,irrelevant_source_diversity,L2,0.01,0.00025,brightness_nuisance,3.110089044793585,3.1103628755977,0.9999999999702011,8.838379925303634e-05,True
2,irrelevant_source_diversity,L2,0.1,0.001,rho_source_1,1.5809644300313306,1.5809632949384533,0.999999999999997,7.217058707943978e-07,True
2,irrelevant_source_diversity,L2,0.1,0.001,rho_source_2,1.5809644300307506,1.5809632949381698,0.9999999999999971,7.217056649227635e-07,True
2,irrelevant_source_diversity,L2,0.1,0.001,rho_hidden,0.0,0.0,0.0,0.0,True
2,irrelevant_source_diversity,L2,0.1,0.001,brightness_nuisance,3.118354453839985,3.1183518146226357,0.9999999999999987,8.481140094973984e-07,True
2,irrelevant_source_diversity,L2,0.1,0.0005,rho_source_1,1.5809635787136382,1.5809632949384533,1.0,1.804278959560994e-07,True
2,irrelevant_source_diversity,L2,0.1,0.0005,rho_source_2,1.580963578711563,1.5809632949381698,0.9999999999999997,1.8042673837192243e-07,True
2,irrelevant_source_diversity,L2,0.1,0.0005,rho_hidden,0.0,0.0,0.0,0.0,True
2,irrelevant_source_diversity,L2,0.1,0.0005,brightness_nuisance,3.1182589202666273,3.1183518146226357,0.9999999999992222,2.9816550291511845e-05,True
2,irrelevant_source_diversity,L2,0.1,0.00025,rho_source_1,1.5809633658797,1.5809632949384533,1.0,4.510517442376055e-08,True
2,irrelevant_source_diversity,L2,0.1,0.00025,rho_source_2,1.5809633658780557,1.5809632949381698,1.0,4.5104477473031546e-08,True
2,irrelevant_source_diversity,L2,0.1,0.00025,rho_hidden,0.0,0.0,0.0,0.0,True
2,irrelevant_source_diversity,L2,0.1,0.00025,brightness_nuisance,3.1180750047113497,3.1183518146226357,0.9999999999897821,8.889093312502916e-05,True
2,irrelevant_source_diversity,IRMV1,0.001,0.001,rho_source_1,1.7164402367921536,1.7164340008851386,0.9999999999989072,3.922336771964409e-06,True
2,irrelevant_source_diversity,IRMV1,0.001,0.001,rho_source_2,1.7263216195055968,1.7263153982812909,0.9999999999989376,3.887382249176523e-06,True
2,irrelevant_source_diversity,IRMV1,0.001,0.001,rho_hidden,0.0,0.0,0.0,0.0,True
2,irrelevant_source_diversity,IRMV1,0.001,0.001,brightness_nuisance,3.343223283323495,3.3432203270343175,1.0,8.843513044556225e-07,True
2,irrelevant_source_diversity,IRMV1,0.001,0.0005,rho_source_1,1.7164355598536376,1.7164340008851386,0.9999999999999317,9.805821735524792e-07,True
2,irrelevant_source_diversity,IRMV1,0.001,0.0005,rho_source_2,1.726316953581494,1.7263153982812909,0.9999999999999338,9.718448887715383e-07,True
2,irrelevant_source_diversity,IRMV1,0.001,0.0005,rho_hidden,0.0,0.0,0.0,0.0,True
2,irrelevant_source_diversity,IRMV1,0.001,0.0005,brightness_nuisance,3.3431244753249763,3.3432203270343175,0.999999999987815,2.909320269847306e-05,True
2,irrelevant_source_diversity,IRMV1,0.001,0.00025,rho_source_1,1.71643439063063,1.7164340008851386,0.9999999999999957,2.4514804226359177e-07,True
2,irrelevant_source_diversity,IRMV1,0.001,0.00025,rho_source_2,1.726315787109061,1.7263153982812909,0.999999999999996,2.4296323611655913e-07,True
2,irrelevant_source_diversity,IRMV1,0.001,0.00025,rho_hidden,0.0,0.0,0.0,0.0,True
2,irrelevant_source_diversity,IRMV1,0.001,0.00025,brightness_nuisance,3.3429315408181983,3.3432203270343175,0.9999999998883947,8.766962944056463e-05,True
2,irrelevant_source_diversity,IRMV1,0.01,0.001,rho_source_1,1.6652149007206425,1.6652089442963358,0.9999999999989334,3.863637969335924e-06,True
2,irrelevant_source_diversity,IRMV1,0.01,0.001,rho_source_2,1.7718450502221657,1.771839239553029,0.9999999999992111,3.511808609191898e-06,True
2,irrelevant_source_diversity,IRMV1,0.01,0.001,rho_hidden,0.0,0.0,0.0,0.0,True
2,irrelevant_source_diversity,IRMV1,0.01,0.001,brightness_nuisance,3.342150200591317,3.342147245215749,0.9999999999999999,8.843613831682223e-07,True
2,irrelevant_source_diversity,IRMV1,0.01,0.0005,rho_source_1,1.6652104333977065,1.6652089442963358,0.9999999999999332,9.659095606660628e-07,True
2,irrelevant_source_diversity,IRMV1,0.01,0.0005,rho_source_2,1.7718406922142294,1.771839239553029,0.9999999999999506,8.779508710608708e-07,True
2,irrelevant_source_diversity,IRMV1,0.01,0.0005,rho_hidden,0.0,0.0,0.0,0.0,True
2,irrelevant_source_diversity,IRMV1,0.01,0.0005,brightness_nuisance,3.3420514269198778,3.342147245215749,0.9999999999877908,2.9093245761592867e-05,True
2,irrelevant_source_diversity,IRMV1,0.01,0.00025,rho_source_1,1.6652093165744788,1.6652089442963358,0.9999999999999958,2.4147936044896587e-07,True
2,irrelevant_source_diversity,IRMV1,0.01,0.00025,rho_source_2,1.771839602717455,1.771839239553029,0.9999999999999968,2.1948760969717643e-07,True
2,irrelevant_source_diversity,IRMV1,0.01,0.00025,rho_hidden,0.0,0.0,0.0,0.0,True
2,irrelevant_source_diversity,IRMV1,0.01,0.00025,brightness_nuisance,3.341858564156658,3.342147245215749,0.9999999998882211,8.76679310105402e-05,True
2,irrelevant_source_diversity,IRMV1,0.1,0.001,rho_source_1,1.2003543113607735,1.2003526451398159,0.9999999999975013,2.6314487377469746e-06,True
2,irrelevant_source_diversity,IRMV1,0.1,0.001,rho_source_2,2.270123432857936,2.2701264874080027,0.9999999999990277,1.937940090691413e-06,True
2,irrelevant_source_diversity,IRMV1,0.1,0.001,rho_hidden,0.0,0.0,0.0,0.0,True
2,irrelevant_source_diversity,IRMV1,0.1,0.001,brightness_nuisance,3.334343640405112,3.3343406919838086,1.0,8.843398545212423e-07,True
2,irrelevant_source_diversity,IRMV1,0.1,0.0005,rho_source_1,1.200353061692155,1.2003526451398159,0.9999999999998437,6.578662817005723e-07,True
2,irrelevant_source_diversity,IRMV1,0.1,0.0005,rho_source_2,2.270125723750551,2.2701264874080027,0.9999999999999394,4.844917947577986e-07,True
2,irrelevant_source_diversity,IRMV1,0.1,0.0005,rho_hidden,0.0,0.0,0.0,0.0,True
2,irrelevant_source_diversity,IRMV1,0.1,0.0005,brightness_nuisance,3.3342451089328105,3.3343406919838086,0.9999999999875566,2.909792116027676e-05,True
2,irrelevant_source_diversity,IRMV1,0.1,0.00025,rho_source_1,1.2003527492753236,1.2003526451398159,0.9999999999999903,1.6446329623159125e-07,True
2,irrelevant_source_diversity,IRMV1,0.1,0.00025,rho_source_2,2.270126296491625,2.2701264874080027,0.9999999999999962,1.2112356801100678e-07,True
2,irrelevant_source_diversity,IRMV1,0.1,0.00025,rho_hidden,0.0,0.0,0.0,0.0,True
2,irrelevant_source_diversity,IRMV1,0.1,0.00025,brightness_nuisance,3.3340527990095588,3.3343406919838086,0.9999999998865046,8.765388974899628e-05,True
2,irrelevant_source_diversity,VREX,0.001,0.001,rho_source_1,1.7208434276112858,1.720837214502319,0.9999999999989133,3.899893798217343e-06,True
2,irrelevant_source_diversity,VREX,0.001,0.001,rho_source_2,1.7221534529784084,1.7221471999994373,0.9999999999989054,3.92078042545181e-06,True
2,irrelevant_source_diversity,VREX,0.001,0.001,rho_hidden,0.0,0.0,0.0,0.0,True
2,irrelevant_source_diversity,VREX,0.001,0.001,brightness_nuisance,3.343372063678929,3.3433691072682756,1.0000000000000002,8.843483004961148e-07,True
2,irrelevant_source_diversity,VREX,0.001,0.0005,rho_source_1,1.7208387677745376,1.720837214502319,0.999999999999932,9.749732945485386e-07,True
2,irrelevant_source_diversity,VREX,0.001,0.0005,rho_source_2,1.7221487632379155,1.7221471999994373,0.9999999999999314,9.801941881452685e-07,True
2,irrelevant_source_diversity,VREX,0.001,0.0005,rho_hidden,0.0,0.0,0.0,0.0,True
2,irrelevant_source_diversity,VREX,0.001,0.0005,brightness_nuisance,3.3432732507128406,3.3433691072682756,0.9999999999878177,2.909327516960131e-05,True
2,irrelevant_source_diversity,VREX,0.001,0.00025,rho_source_1,1.7208376028194552,1.720837214502319,0.9999999999999957,2.4374322346931997e-07,True
2,irrelevant_source_diversity,VREX,0.001,0.00025,rho_source_2,1.7221475908106911,1.7221471999994373,0.9999999999999958,2.450497980793622e-07,True
2,irrelevant_source_diversity,VREX,0.001,0.00025,rho_hidden,0.0,0.0,0.0,0.0,True
2,irrelevant_source_diversity,VREX,0.001,0.00025,brightness_nuisance,3.343080306908811,3.3433691072682756,0.9999999998884156,8.766977289905997e-05,True
2,irrelevant_source_diversity,VREX,0.01,0.001,rho_source_1,1.7129867990299215,1.712980993415231,0.9999999999989848,3.6765572592272735e-06,True
2,irrelevant_source_diversity,VREX,0.01,0.001,rho_source_2,1.7260650666682433,1.7260588665102485,0.9999999999989084,3.88411296939761e-06,True
2,irrelevant_source_diversity,VREX,0.01,0.001,rho_hidden,0.0,0.0,0.0,0.0,True
2,irrelevant_source_diversity,VREX,0.01,0.001,brightness_nuisance,3.3433338318322465,3.3433308754573523,1.0,8.843475629731058e-07,True
2,irrelevant_source_diversity,VREX,0.01,0.0005,rho_source_1,1.712982444814798,1.712980993415231,0.9999999999999367,9.191394771327949e-07,True
2,irrelevant_source_diversity,VREX,0.01,0.0005,rho_source_2,1.726060416544067,1.7260588665102485,0.9999999999999318,9.710276126344075e-07,True
2,irrelevant_source_diversity,VREX,0.01,0.0005,rho_hidden,0.0,0.0,0.0,0.0,True
2,irrelevant_source_diversity,VREX,0.01,0.0005,brightness_nuisance,3.3432350190601925,3.3433308754573523,0.9999999999878193,2.9093496312949767e-05,True
2,irrelevant_source_diversity,VREX,0.01,0.00025,rho_source_1,1.7129813562634018,1.712980993415231,0.9999999999999961,2.2978431888326415e-07,True
2,irrelevant_source_diversity,VREX,0.01,0.00025,rho_source_2,1.7260592540169746,1.7260588665102485,0.999999999999996,2.427561294623002e-07,True
2,irrelevant_source_diversity,VREX,0.01,0.00025,rho_hidden,0.0,0.0,0.0,0.0,True
2,irrelevant_source_diversity,VREX,0.01,0.00025,brightness_nuisance,3.343042080037886,3.3433308754573523,0.9999999998884289,8.766913728503159e-05,True
2,irrelevant_source_diversity,VREX,0.1,0.001,rho_source_1,1.6358179612332615,1.635815831646847,0.9999999999995481,1.6121060846290546e-06,True
2,irrelevant_source_diversity,VREX,0.1,0.001,rho_source_2,1.7644432169971056,1.764437537157176,0.9999999999989309,3.535617353922349e-06,True
2,irrelevant_source_diversity,VREX,0.1,0.001,rho_hidden,0.0,0.0,0.0,0.0,True
2,irrelevant_source_diversity,VREX,0.1,0.001,brightness_nuisance,3.3429564931238915,3.3429535371027166,0.9999999999999997,8.843400267659461e-07,True
2,irrelevant_source_diversity,VREX,0.1,0.0005,rho_source_1,1.6358163640462575,1.635815831646847,0.9999999999999718,4.03029029344577e-07,True
2,irrelevant_source_diversity,VREX,0.1,0.0005,rho_source_2,1.7644389571158823,1.764437537157176,0.999999999999933,8.839058830952249e-07,True
2,irrelevant_source_diversity,VREX,0.1,0.0005,rho_hidden,0.0,0.0,0.0,0.0,True
2,irrelevant_source_diversity,VREX,0.1,0.0005,brightness_nuisance,3.3428576822022986,3.3429535371027166,0.9999999999878351,2.9095694524014402e-05,True
2,irrelevant_source_diversity,VREX,0.1,0.00025,rho_source_1,1.6358159647491441,1.635815831646847,0.9999999999999983,1.0075902884711763e-07,True
2,irrelevant_source_diversity,VREX,0.1,0.00025,rho_source_2,1.7644378921460884,1.764437537157176,0.9999999999999959,2.2097653931219774e-07,True
2,irrelevant_source_diversity,VREX,0.1,0.00025,rho_hidden,0.0,0.0,0.0,0.0,True
2,irrelevant_source_diversity,VREX,0.1,0.00025,brightness_nuisance,3.342664790460597,3.3429535371027166,0.9999999998885619,8.76628494831251e-05,True
3,declared_source_target_coupled_correlation,ERM,0.0,0.001,rho_source_1,2.03500555217301,2.034996815662853,0.999999999997736,4.791503442920771e-06,True
3,declared_source_target_coupled_correlation,ERM,0.0,0.001,rho_source_2,2.0350055521718255,2.0349968156624505,0.9999999999977363,4.791503058416803e-06,True
3,declared_source_target_coupled_correlation,ERM,0.0,0.0005,rho_source_1,2.0349989997836673,2.034996815662853,0.9999999999998589,1.1978761753187386e-06,True
3,declared_source_target_coupled_correlation,ERM,0.0,0.0005,rho_source_2,2.0349989997823226,2.0349968156624505,0.9999999999998587,1.197875909018254e-06,True
3,declared_source_target_coupled_correlation,ERM,0.0,0.00025,rho_source_1,2.0349973616870205,2.034996815662853,0.9999999999999912,2.994667842804873e-07,True
3,declared_source_target_coupled_correlation,ERM,0.0,0.00025,rho_source_2,2.034997361689039,2.0349968156624505,0.999999999999991,2.9946791735630704e-07,True
3,declared_source_target_coupled_correlation,L2,0.001,0.001,rho_source_1,2.0471684568129738,2.0471602078894313,0.9999999999986,4.363063163388131e-06,True
3,declared_source_target_coupled_correlation,L2,0.001,0.001,rho_source_2,2.0471684568109083,2.047160207888989,0.9999999999986,4.3630623418481945e-06,True
3,declared_source_target_coupled_correlation,L2,0.001,0.0005,rho_source_1,2.047162270113083,2.0471602078894313,0.9999999999999125,1.0907654026295668e-06,True
3,declared_source_target_coupled_correlation,L2,0.001,0.0005,rho_source_2,2.0471622701123158,2.047160207888989,0.9999999999999125,1.0907652600838355e-06,True
3,declared_source_target_coupled_correlation,L2,0.001,0.00025,rho_source_1,2.04716072344409,2.0471602078894313,0.9999999999999944,2.726915527129972e-07,True
3,declared_source_target_coupled_correlation,L2,0.001,0.00025,rho_source_2,2.047160723443585,2.047160207888989,0.9999999999999944,2.72691470995084e-07,True
3,declared_source_target_coupled_correlation,L2,0.01,0.001,rho_source_1,2.1347526567807966,2.134746245895809,0.9999999999997727,3.0778336782716604e-06,True
3,declared_source_target_coupled_correlation,L2,0.01,0.001,rho_source_2,2.134752656780453,2.134746245895407,0.9999999999997727,3.07783371724555e-06,True
3,declared_source_target_coupled_correlation,L2,0.01,0.0005,rho_source_1,2.13474784861513,2.134746245895809,0.9999999999999858,7.694591394399175e-07,True
3,declared_source_target_coupled_correlation,L2,0.01,0.0005,rho_source_2,2.134747848614917,2.134746245895407,0.9999999999999853,7.694593475129117e-07,True
3,declared_source_target_coupled_correlation,L2,0.01,0.00025,rho_source_1,2.1347466465709193,2.134746245895809,0.9999999999999994,1.923630428343378e-07,True
3,declared_source_target_coupled_correlation,L2,0.01,0.00025,rho_source_2,2.134746646569464,2.134746245895407,0.9999999999999988,1.9236238356283145e-07,True
3,declared_source_target_coupled_correlation,L2,0.1,0.001,rho_source_1,2.1721244254869267,2.1721212053161763,0.9999999999999846,1.492892911988387e-06,True
3,declared_source_target_coupled_correlation,L2,0.1,0.001,rho_source_2,2.172124425486006,2.1721212053158463,0.9999999999999843,1.4928926473710507e-06,True
3,declared_source_target_coupled_correlation,L2,0.1,0.0005,rho_source_1,2.1721220103593417,2.1721212053161763,0.9999999999999991,3.732238041592343e-07,True
3,declared_source_target_coupled_correlation,L2,0.1,0.0005,rho_source_2,2.172122010359261,2.1721212053158463,0.9999999999999991,3.7322395572413006e-07,True
3,declared_source_target_coupled_correlation,L2,0.1,0.00025,rho_source_1,2.172121406573953,2.1721212053161763,1.0,9.330481647343244e-08,True
3,declared_source_target_coupled_correlation,L2,0.1,0.00025,rho_source_2,2.172121406572867,2.1721212053158463,1.0,9.330425469450332e-08,True
3,declared_source_target_coupled_correlation,IRMV1,0.001,0.001,rho_source_1,2.0302814844516064,2.0302727606128075,0.9999999999977535,4.791248424970505e-06,True
3,declared_source_target_coupled_correlation,IRMV1,0.001,0.001,rho_source_2,2.0391443270524374,2.039135625190428,0.9999999999978033,4.7544336892917184e-06,True
3,declared_source_target_coupled_correlation,IRMV1,0.001,0.0005,rho_source_1,2.0302749415656045,2.0302727606128075,0.9999999999998598,1.1978123317551529e-06,True
3,declared_source_target_coupled_correlation,IRMV1,0.001,0.0005,rho_source_2,2.039137800648422,2.039135625190428,0.9999999999998627,1.188608651340919e-06,True
3,declared_source_target_coupled_correlation,IRMV1,0.001,0.00025,rho_source_1,2.030273305843802,2.0302727606128075,0.9999999999999909,2.994502483049438e-07,True
3,declared_source_target_coupled_correlation,IRMV1,0.001,0.00025,rho_source_2,2.039136169050201,2.039135625190428,0.9999999999999915,2.97150213046189e-07,True
3,declared_source_target_coupled_correlation,IRMV1,0.01,0.001,rho_source_1,1.985414612410544,1.9854060691885287,0.9999999999979473,4.7561729353728496e-06,True
3,declared_source_target_coupled_correlation,IRMV1,0.01,0.001,rho_source_2,2.079558455529683,2.0795501393826554,0.9999999999983867,4.383893950046289e-06,True
3,declared_source_target_coupled_correlation,IRMV1,0.01,0.0005,rho_source_1,1.9854082049857826,1.9854060691885287,0.9999999999998718,1.18904250549537e-06,True
3,declared_source_target_coupled_correlation,IRMV1,0.01,0.0005,rho_source_2,2.07955221841007,2.0795501393826554,0.9999999999998992,1.0959720908252605e-06,True
3,declared_source_target_coupled_correlation,IRMV1,0.01,0.00025,rho_source_1,1.9854066031282256,1.9854060691885287,0.9999999999999919,2.972561319784211e-07,True
3,declared_source_target_coupled_correlation,IRMV1,0.01,0.00025,rho_source_2,2.0795506591337483,2.0795501393826554,0.9999999999999939,2.7399052261797096e-07,True
3,declared_source_target_coupled_correlation,IRMV1,0.1,0.001,rho_source_1,1.618707445426434,1.6187020613809584,0.9999999999975954,3.984061953283629e-06,True
3,declared_source_target_coupled_correlation,IRMV1,0.1,0.001,rho_source_2,2.5265946631489564,2.5265959214155456,0.9999999999978277,2.1429877259520006e-06,True
3,declared_source_target_coupled_correlation,IRMV1,0.1,0.0005,rho_source_1,1.618703407384869,1.6187020613809584,0.9999999999998498,9.960146717681882e-07,True
3,declared_source_target_coupled_correlation,IRMV1,0.1,0.0005,rho_source_2,2.5265956068204676,2.5265959214155456,0.9999999999998642,5.357532603158109e-07,True
3,declared_source_target_coupled_correlation,IRMV1,0.1,0.00025,rho_source_1,1.6187023978751134,1.6187020613809584,0.9999999999999907,2.489973233958372e-07,True
3,declared_source_target_coupled_correlation,IRMV1,0.1,0.00025,rho_source_2,2.526595842757641,2.5265959214155456,0.9999999999999916,1.3393892472226797e-07,True
3,declared_source_target_coupled_correlation,VREX,0.001,0.001,rho_source_1,2.033983618157115,2.033974951413495,0.9999999999977511,4.759511626635567e-06,True
3,declared_source_target_coupled_correlation,VREX,0.001,0.001,rho_source_2,2.035413152897773,2.0354044220517262,0.999999999997735,4.788473087520218e-06,True
3,declared_source_target_coupled_correlation,VREX,0.001,0.0005,rho_source_1,2.0339771180922335,2.033974951413495,0.9999999999998591,1.189877959257595e-06,True
3,declared_source_target_coupled_correlation,VREX,0.001,0.0005,rho_source_2,2.0354066047558255,2.0354044220517262,0.9999999999998586,1.1971183790003352e-06,True
3,declared_source_target_coupled_correlation,VREX,0.001,0.00025,rho_source_1,2.033975493079201,2.033974951413495,0.9999999999999912,2.9746837491889227e-07,True
3,declared_source_target_coupled_correlation,VREX,0.001,0.00025,rho_source_2,2.0354049677232076,2.0354044220517262,0.9999999999999915,2.992778637331367e-07,True
3,declared_source_target_coupled_correlation,VREX,0.01,0.001,rho_source_1,2.0248068698253654,2.0247988238963943,0.9999999999978862,4.474122643463052e-06,True
3,declared_source_target_coupled_correlation,VREX,0.01,0.001,rho_source_2,2.0390722041567324,2.039063524041024,0.9999999999977247,4.761442211521639e-06,True
3,declared_source_target_coupled_correlation,VREX,0.01,0.0005,rho_source_1,2.024800835374545,2.0247988238963943,0.9999999999998679,1.1185317301887228e-06,True
3,declared_source_target_coupled_correlation,VREX,0.01,0.0005,rho_source_2,2.039065694062869,2.039063524041024,0.9999999999998579,1.1903608277366196e-06,True
3,declared_source_target_coupled_correlation,VREX,0.01,0.00025,rho_source_1,2.0247993267620616,2.0247988238963943,0.9999999999999916,2.796316809907096e-07,True
3,declared_source_target_coupled_correlation,VREX,0.01,0.00025,rho_source_2,2.039064066542346,2.039063524041024,0.9999999999999912,2.9758870723658893e-07,True
3,declared_source_target_coupled_correlation,VREX,0.1,0.001,rho_source_1,1.9350384416013062,1.9350359411183942,0.9999999999989607,1.9360936438531344e-06,True
3,declared_source_target_coupled_correlation,VREX,0.1,0.001,rho_source_2,2.0747581638224575,2.074749965599363,0.9999999999976141,4.514996400579962e-06,True
3,declared_source_target_coupled_correlation,VREX,0.1,0.0005,rho_source_1,1.935036566248356,1.9350359411183942,0.9999999999999353,4.840285178572184e-07,True
3,declared_source_target_coupled_correlation,VREX,0.1,0.0005,rho_source_2,2.0747520151520606,2.074749965599363,0.9999999999998508,1.1287509728777548e-06,True
3,declared_source_target_coupled_correlation,VREX,0.1,0.00025,rho_source_1,1.935036097398605,1.9350359411183942,0.9999999999999959,1.2100674155254533e-07,True
3,declared_source_target_coupled_correlation,VREX,0.1,0.00025,rho_source_2,2.074750477985699,2.074749965599363,0.9999999999999906,2.82187349747302e-07,True
3,mechanism_defined_hidden,ERM,0.0,0.001,rho_source_1,2.03500555217301,2.034996815662853,0.999999999997736,4.791503442920771e-06,True
3,mechanism_defined_hidden,ERM,0.0,0.001,rho_source_2,2.0350055521718255,2.0349968156624505,0.9999999999977363,4.791503058416803e-06,True
3,mechanism_defined_hidden,ERM,0.0,0.001,rho_hidden,0.0,0.0,0.0,0.0,True
3,mechanism_defined_hidden,ERM,0.0,0.0005,rho_source_1,2.0349989997836673,2.034996815662853,0.9999999999998589,1.1978761753187386e-06,True
3,mechanism_defined_hidden,ERM,0.0,0.0005,rho_source_2,2.0349989997823226,2.0349968156624505,0.9999999999998587,1.197875909018254e-06,True
3,mechanism_defined_hidden,ERM,0.0,0.0005,rho_hidden,0.0,0.0,0.0,0.0,True
3,mechanism_defined_hidden,ERM,0.0,0.00025,rho_source_1,2.0349973616870205,2.034996815662853,0.9999999999999912,2.994667842804873e-07,True
3,mechanism_defined_hidden,ERM,0.0,0.00025,rho_source_2,2.034997361689039,2.0349968156624505,0.999999999999991,2.9946791735630704e-07,True
3,mechanism_defined_hidden,ERM,0.0,0.00025,rho_hidden,0.0,0.0,0.0,0.0,True
3,mechanism_defined_hidden,L2,0.001,0.001,rho_source_1,2.0471684568129738,2.0471602078894313,0.9999999999986,4.363063163388131e-06,True
3,mechanism_defined_hidden,L2,0.001,0.001,rho_source_2,2.0471684568109083,2.047160207888989,0.9999999999986,4.3630623418481945e-06,True
3,mechanism_defined_hidden,L2,0.001,0.001,rho_hidden,0.0,0.0,0.0,0.0,True
3,mechanism_defined_hidden,L2,0.001,0.0005,rho_source_1,2.047162270113083,2.0471602078894313,0.9999999999999125,1.0907654026295668e-06,True
3,mechanism_defined_hidden,L2,0.001,0.0005,rho_source_2,2.0471622701123158,2.047160207888989,0.9999999999999125,1.0907652600838355e-06,True
3,mechanism_defined_hidden,L2,0.001,0.0005,rho_hidden,0.0,0.0,0.0,0.0,True
3,mechanism_defined_hidden,L2,0.001,0.00025,rho_source_1,2.04716072344409,2.0471602078894313,0.9999999999999944,2.726915527129972e-07,True
3,mechanism_defined_hidden,L2,0.001,0.00025,rho_source_2,2.047160723443585,2.047160207888989,0.9999999999999944,2.72691470995084e-07,True
3,mechanism_defined_hidden,L2,0.001,0.00025,rho_hidden,0.0,0.0,0.0,0.0,True
3,mechanism_defined_hidden,L2,0.01,0.001,rho_source_1,2.1347526567807966,2.134746245895809,0.9999999999997727,3.0778336782716604e-06,True
3,mechanism_defined_hidden,L2,0.01,0.001,rho_source_2,2.134752656780453,2.134746245895407,0.9999999999997727,3.07783371724555e-06,True
3,mechanism_defined_hidden,L2,0.01,0.001,rho_hidden,0.0,0.0,0.0,0.0,True
3,mechanism_defined_hidden,L2,0.01,0.0005,rho_source_1,2.13474784861513,2.134746245895809,0.9999999999999858,7.694591394399175e-07,True
3,mechanism_defined_hidden,L2,0.01,0.0005,rho_source_2,2.134747848614917,2.134746245895407,0.9999999999999853,7.694593475129117e-07,True
3,mechanism_defined_hidden,L2,0.01,0.0005,rho_hidden,0.0,0.0,0.0,0.0,True
3,mechanism_defined_hidden,L2,0.01,0.00025,rho_source_1,2.1347466465709193,2.134746245895809,0.9999999999999994,1.923630428343378e-07,True
3,mechanism_defined_hidden,L2,0.01,0.00025,rho_source_2,2.134746646569464,2.134746245895407,0.9999999999999988,1.9236238356283145e-07,True
3,mechanism_defined_hidden,L2,0.01,0.00025,rho_hidden,0.0,0.0,0.0,0.0,True
3,mechanism_defined_hidden,L2,0.1,0.001,rho_source_1,2.1721244254869267,2.1721212053161763,0.9999999999999846,1.492892911988387e-06,True
3,mechanism_defined_hidden,L2,0.1,0.001,rho_source_2,2.172124425486006,2.1721212053158463,0.9999999999999843,1.4928926473710507e-06,True
3,mechanism_defined_hidden,L2,0.1,0.001,rho_hidden,0.0,0.0,0.0,0.0,True
3,mechanism_defined_hidden,L2,0.1,0.0005,rho_source_1,2.1721220103593417,2.1721212053161763,0.9999999999999991,3.732238041592343e-07,True
3,mechanism_defined_hidden,L2,0.1,0.0005,rho_source_2,2.172122010359261,2.1721212053158463,0.9999999999999991,3.7322395572413006e-07,True
3,mechanism_defined_hidden,L2,0.1,0.0005,rho_hidden,0.0,0.0,0.0,0.0,True
3,mechanism_defined_hidden,L2,0.1,0.00025,rho_source_1,2.172121406573953,2.1721212053161763,1.0,9.330481647343244e-08,True
3,mechanism_defined_hidden,L2,0.1,0.00025,rho_source_2,2.172121406572867,2.1721212053158463,1.0,9.330425469450332e-08,True
3,mechanism_defined_hidden,L2,0.1,0.00025,rho_hidden,0.0,0.0,0.0,0.0,True
3,mechanism_defined_hidden,IRMV1,0.001,0.001,rho_source_1,2.0302814844516064,2.0302727606128075,0.9999999999977535,4.791248424970505e-06,True
3,mechanism_defined_hidden,IRMV1,0.001,0.001,rho_source_2,2.0391443270524374,2.039135625190428,0.9999999999978033,4.7544336892917184e-06,True
3,mechanism_defined_hidden,IRMV1,0.001,0.001,rho_hidden,0.0,0.0,0.0,0.0,True
3,mechanism_defined_hidden,IRMV1,0.001,0.0005,rho_source_1,2.0302749415656045,2.0302727606128075,0.9999999999998598,1.1978123317551529e-06,True
3,mechanism_defined_hidden,IRMV1,0.001,0.0005,rho_source_2,2.039137800648422,2.039135625190428,0.9999999999998627,1.188608651340919e-06,True
3,mechanism_defined_hidden,IRMV1,0.001,0.0005,rho_hidden,0.0,0.0,0.0,0.0,True
3,mechanism_defined_hidden,IRMV1,0.001,0.00025,rho_source_1,2.030273305843802,2.0302727606128075,0.9999999999999909,2.994502483049438e-07,True
3,mechanism_defined_hidden,IRMV1,0.001,0.00025,rho_source_2,2.039136169050201,2.039135625190428,0.9999999999999915,2.97150213046189e-07,True
3,mechanism_defined_hidden,IRMV1,0.001,0.00025,rho_hidden,0.0,0.0,0.0,0.0,True
3,mechanism_defined_hidden,IRMV1,0.01,0.001,rho_source_1,1.985414612410544,1.9854060691885287,0.9999999999979473,4.7561729353728496e-06,True
3,mechanism_defined_hidden,IRMV1,0.01,0.001,rho_source_2,2.079558455529683,2.0795501393826554,0.9999999999983867,4.383893950046289e-06,True
3,mechanism_defined_hidden,IRMV1,0.01,0.001,rho_hidden,0.0,0.0,0.0,0.0,True
3,mechanism_defined_hidden,IRMV1,0.01,0.0005,rho_source_1,1.9854082049857826,1.9854060691885287,0.9999999999998718,1.18904250549537e-06,True
3,mechanism_defined_hidden,IRMV1,0.01,0.0005,rho_source_2,2.07955221841007,2.0795501393826554,0.9999999999998992,1.0959720908252605e-06,True
3,mechanism_defined_hidden,IRMV1,0.01,0.0005,rho_hidden,0.0,0.0,0.0,0.0,True
3,mechanism_defined_hidden,IRMV1,0.01,0.00025,rho_source_1,1.9854066031282256,1.9854060691885287,0.9999999999999919,2.972561319784211e-07,True
3,mechanism_defined_hidden,IRMV1,0.01,0.00025,rho_source_2,2.0795506591337483,2.0795501393826554,0.9999999999999939,2.7399052261797096e-07,True
3,mechanism_defined_hidden,IRMV1,0.01,0.00025,rho_hidden,0.0,0.0,0.0,0.0,True
3,mechanism_defined_hidden,IRMV1,0.1,0.001,rho_source_1,1.618707445426434,1.6187020613809584,0.9999999999975954,3.984061953283629e-06,True
3,mechanism_defined_hidden,IRMV1,0.1,0.001,rho_source_2,2.5265946631489564,2.5265959214155456,0.9999999999978277,2.1429877259520006e-06,True
3,mechanism_defined_hidden,IRMV1,0.1,0.001,rho_hidden,0.0,0.0,0.0,0.0,True
3,mechanism_defined_hidden,IRMV1,0.1,0.0005,rho_source_1,1.618703407384869,1.6187020613809584,0.9999999999998498,9.960146717681882e-07,True
3,mechanism_defined_hidden,IRMV1,0.1,0.0005,rho_source_2,2.5265956068204676,2.5265959214155456,0.9999999999998642,5.357532603158109e-07,True
3,mechanism_defined_hidden,IRMV1,0.1,0.0005,rho_hidden,0.0,0.0,0.0,0.0,True
3,mechanism_defined_hidden,IRMV1,0.1,0.00025,rho_source_1,1.6187023978751134,1.6187020613809584,0.9999999999999907,2.489973233958372e-07,True
3,mechanism_defined_hidden,IRMV1,0.1,0.00025,rho_source_2,2.526595842757641,2.5265959214155456,0.9999999999999916,1.3393892472226797e-07,True
3,mechanism_defined_hidden,IRMV1,0.1,0.00025,rho_hidden,0.0,0.0,0.0,0.0,True
3,mechanism_defined_hidden,VREX,0.001,0.001,rho_source_1,2.033983618157115,2.033974951413495,0.9999999999977511,4.759511626635567e-06,True
3,mechanism_defined_hidden,VREX,0.001,0.001,rho_source_2,2.035413152897773,2.0354044220517262,0.999999999997735,4.788473087520218e-06,True
3,mechanism_defined_hidden,VREX,0.001,0.001,rho_hidden,0.0,0.0,0.0,0.0,True
3,mechanism_defined_hidden,VREX,0.001,0.0005,rho_source_1,2.0339771180922335,2.033974951413495,0.9999999999998591,1.189877959257595e-06,True
3,mechanism_defined_hidden,VREX,0.001,0.0005,rho_source_2,2.0354066047558255,2.0354044220517262,0.9999999999998586,1.1971183790003352e-06,True
3,mechanism_defined_hidden,VREX,0.001,0.0005,rho_hidden,0.0,0.0,0.0,0.0,True
3,mechanism_defined_hidden,VREX,0.001,0.00025,rho_source_1,2.033975493079201,2.033974951413495,0.9999999999999912,2.9746837491889227e-07,True
3,mechanism_defined_hidden,VREX,0.001,0.00025,rho_source_2,2.0354049677232076,2.0354044220517262,0.9999999999999915,2.992778637331367e-07,True
3,mechanism_defined_hidden,VREX,0.001,0.00025,rho_hidden,0.0,0.0,0.0,0.0,True
3,mechanism_defined_hidden,VREX,0.01,0.001,rho_source_1,2.0248068698253654,2.0247988238963943,0.9999999999978862,4.474122643463052e-06,True
3,mechanism_defined_hidden,VREX,0.01,0.001,rho_source_2,2.0390722041567324,2.039063524041024,0.9999999999977247,4.761442211521639e-06,True
3,mechanism_defined_hidden,VREX,0.01,0.001,rho_hidden,0.0,0.0,0.0,0.0,True
3,mechanism_defined_hidden,VREX,0.01,0.0005,rho_source_1,2.024800835374545,2.0247988238963943,0.9999999999998679,1.1185317301887228e-06,True
3,mechanism_defined_hidden,VREX,0.01,0.0005,rho_source_2,2.039065694062869,2.039063524041024,0.9999999999998579,1.1903608277366196e-06,True
3,mechanism_defined_hidden,VREX,0.01,0.0005,rho_hidden,0.0,0.0,0.0,0.0,True
3,mechanism_defined_hidden,VREX,0.01,0.00025,rho_source_1,2.0247993267620616,2.0247988238963943,0.9999999999999916,2.796316809907096e-07,True
3,mechanism_defined_hidden,VREX,0.01,0.00025,rho_source_2,2.039064066542346,2.039063524041024,0.9999999999999912,2.9758870723658893e-07,True
3,mechanism_defined_hidden,VREX,0.01,0.00025,rho_hidden,0.0,0.0,0.0,0.0,True
3,mechanism_defined_hidden,VREX,0.1,0.001,rho_source_1,1.9350384416013062,1.9350359411183942,0.9999999999989607,1.9360936438531344e-06,True
3,mechanism_defined_hidden,VREX,0.1,0.001,rho_source_2,2.0747581638224575,2.074749965599363,0.9999999999976141,4.514996400579962e-06,True
3,mechanism_defined_hidden,VREX,0.1,0.001,rho_hidden,0.0,0.0,0.0,0.0,True
3,mechanism_defined_hidden,VREX,0.1,0.0005,rho_source_1,1.935036566248356,1.9350359411183942,0.9999999999999353,4.840285178572184e-07,True
3,mechanism_defined_hidden,VREX,0.1,0.0005,rho_source_2,2.0747520151520606,2.074749965599363,0.9999999999998508,1.1287509728777548e-06,True
3,mechanism_defined_hidden,VREX,0.1,0.0005,rho_hidden,0.0,0.0,0.0,0.0,True
3,mechanism_defined_hidden,VREX,0.1,0.00025,rho_source_1,1.935036097398605,1.9350359411183942,0.9999999999999959,1.2100674155254533e-07,True
3,mechanism_defined_hidden,VREX,0.1,0.00025,rho_source_2,2.074750477985699,2.074749965599363,0.9999999999999906,2.82187349747302e-07,True
3,mechanism_defined_hidden,VREX,0.1,0.00025,rho_hidden,0.0,0.0,0.0,0.0,True
3,mechanism_defined_exposed,ERM,0.0,0.001,rho_source_1,2.03500555217301,2.034996815662853,0.999999999997736,4.791503442920771e-06,True
3,mechanism_defined_exposed,ERM,0.0,0.001,rho_source_2,2.0350055521718255,2.0349968156624505,0.9999999999977363,4.791503058416803e-06,True
3,mechanism_defined_exposed,ERM,0.0,0.001,rho_hidden,4.070063524638628,4.069993631325303,0.9999999999637776,1.9166085087849258e-05,True
3,mechanism_defined_exposed,ERM,0.0,0.0005,rho_source_1,2.0349989997836673,2.034996815662853,0.9999999999998589,1.1978761753187386e-06,True
3,mechanism_defined_exposed,ERM,0.0,0.0005,rho_source_2,2.0349989997823226,2.0349968156624505,0.9999999999998587,1.197875909018254e-06,True
3,mechanism_defined_exposed,ERM,0.0,0.0005,rho_hidden,4.070011104351138,4.069993631325303,0.9999999999977365,4.791504878111431e-06,True
3,mechanism_defined_exposed,ERM,0.0,0.00025,rho_source_1,2.0349973616870205,2.034996815662853,0.9999999999999912,2.994667842804873e-07,True
3,mechanism_defined_exposed,ERM,0.0,0.00025,rho_source_2,2.034997361689039,2.0349968156624505,0.999999999999991,2.9946791735630704e-07,True
3,mechanism_defined_exposed,ERM,0.0,0.00025,rho_hidden,4.069997999554143,4.069993631325303,0.9999999999998584,1.1978733694905342e-06,True
3,mechanism_defined_exposed,L2,0.001,0.001,rho_source_1,2.0471684568129738,2.0471602078894313,0.9999999999986,4.363063163388131e-06,True
3,mechanism_defined_exposed,L2,0.001,0.001,rho_source_2,2.0471684568109083,2.047160207888989,0.9999999999986,4.3630623418481945e-06,True
3,mechanism_defined_exposed,L2,0.001,0.001,rho_hidden,4.094386408172624,4.094320415778416,0.9999999999775996,1.7452294554412906e-05,True
3,mechanism_defined_exposed,L2,0.001,0.0005,rho_source_1,2.047162270113083,2.0471602078894313,0.9999999999999125,1.0907654026295668e-06,True
3,mechanism_defined_exposed,L2,0.001,0.0005,rho_source_2,2.0471622701123158,2.047160207888989,0.9999999999999125,1.0907652600838355e-06,True
3,mechanism_defined_exposed,L2,0.001,0.0005,rho_hidden,4.094336913626236,4.094320415778416,0.9999999999986,4.363063351916843e-06,True
3,mechanism_defined_exposed,L2,0.001,0.00025,rho_source_1,2.04716072344409,2.0471602078894313,0.9999999999999944,2.726915527129972e-07,True
3,mechanism_defined_exposed,L2,0.001,0.00025,rho_source_2,2.047160723443585,2.047160207888989,0.9999999999999944,2.72691470995084e-07,True
3,mechanism_defined_exposed,L2,0.001,0.00025,rho_hidden,4.094324540215043,4.094320415778416,0.9999999999999125,1.0907631795903324e-06,True
3,mechanism_defined_exposed,L2,0.01,0.001,rho_source_1,2.1347526567807966,2.134746245895809,0.9999999999997727,3.0778336782716604e-06,True
3,mechanism_defined_exposed,L2,0.01,0.001,rho_source_2,2.134752656780453,2.134746245895407,0.9999999999997727,3.07783371724555e-06,True
3,mechanism_defined_exposed,L2,0.01,0.001,rho_hidden,4.269543779374672,4.2694924917912145,0.9999999999963646,1.2311342118443753e-05,True
3,mechanism_defined_exposed,L2,0.01,0.0005,rho_source_1,2.13474784861513,2.134746245895809,0.9999999999999858,7.694591394399175e-07,True
3,mechanism_defined_exposed,L2,0.01,0.0005,rho_source_2,2.134747848614917,2.134746245895407,0.9999999999999853,7.694593475129117e-07,True
3,mechanism_defined_exposed,L2,0.01,0.0005,rho_hidden,4.269505313563725,4.2694924917912145,0.9999999999997732,3.077834218802358e-06,True
3,mechanism_defined_exposed,L2,0.01,0.00025,rho_source_1,2.1347466465709193,2.134746245895809,0.9999999999999994,1.923630428343378e-07,True
3,mechanism_defined_exposed,L2,0.01,0.00025,rho_source_2,2.134746646569464,2.134746245895407,0.9999999999999988,1.9236238356283145e-07,True
3,mechanism_defined_exposed,L2,0.01,0.00025,rho_hidden,4.269495697220559,4.2694924917912145,0.999999999999986,7.694572482127118e-07,True
3,mechanism_defined_exposed,L2,0.1,0.001,rho_source_1,2.1721244254869267,2.1721212053161763,0.9999999999999846,1.492892911988387e-06,True
3,mechanism_defined_exposed,L2,0.1,0.001,rho_source_2,2.172124425486006,2.1721212053158463,0.9999999999999843,1.4928926473710507e-06,True
3,mechanism_defined_exposed,L2,0.1,0.001,rho_hidden,4.344268172113592,4.344242410632023,0.9999999999997526,5.971571779625444e-06,True
3,mechanism_defined_exposed,L2,0.1,0.0005,rho_source_1,2.1721220103593417,2.1721212053161763,0.9999999999999991,3.732238041592343e-07,True
3,mechanism_defined_exposed,L2,0.1,0.0005,rho_source_2,2.172122010359261,2.1721212053158463,0.9999999999999991,3.7322395572413006e-07,True
3,mechanism_defined_exposed,L2,0.1,0.0005,rho_hidden,4.344248850976076,4.344242410632023,0.9999999999999846,1.492893459216959e-06,True
3,mechanism_defined_exposed,L2,0.1,0.00025,rho_source_1,2.172121406573953,2.1721212053161763,1.0,9.330481647343244e-08,True
3,mechanism_defined_exposed,L2,0.1,0.00025,rho_source_2,2.172121406572867,2.1721212053158463,1.0,9.330425469450332e-08,True
3,mechanism_defined_exposed,L2,0.1,0.00025,rho_hidden,4.344244020708837,4.344242410632023,0.9999999999999989,3.7322182065503995e-07,True
3,mechanism_defined_exposed,IRMV1,0.001,0.001,rho_source_1,2.0302814844516064,2.0302727606128075,0.9999999999977535,4.791248424970505e-06,True
3,mechanism_defined_exposed,IRMV1,0.001,0.001,rho_source_2,2.0391443270524374,2.039135625190428,0.9999999999978033,4.7544336892917184e-06,True
3,mechanism_defined_exposed,IRMV1,0.001,0.001,rho_hidden,4.069456013691173,4.069386064513341,0.9999999999636737,1.9186121072837498e-05,True
3,mechanism_defined_exposed,IRMV1,0.001,0.0005,rho_source_1,2.0302749415656045,2.0302727606128075,0.9999999999998598,1.1978123317551529e-06,True
3,mechanism_defined_exposed,IRMV1,0.001,0.0005,rho_source_2,2.039137800648422,2.039135625190428,0.9999999999998627,1.188608651340919e-06,True
3,mechanism_defined_exposed,IRMV1,0.001,0.0005,rho_hidden,4.069403551504058,4.069386064513341,0.9999999999977296,4.7965136857206244e-06,True
3,mechanism_defined_exposed,IRMV1,0.001,0.00025,rho_source_1,2.030273305843802,2.0302727606128075,0.9999999999999909,2.994502483049438e-07,True
3,mechanism_defined_exposed,IRMV1,0.001,0.00025,rho_source_2,2.039136169050201,2.039135625190428,0.9999999999999915,2.97150213046189e-07,True
3,mechanism_defined_exposed,IRMV1,0.001,0.00025,rho_hidden,4.069390436232953,4.069386064513341,0.9999999999998578,1.1991255177779792e-06,True
3,mechanism_defined_exposed,IRMV1,0.01,0.001,rho_source_1,1.985414612410544,1.9854060691885287,0.9999999999979473,4.7561729353728496e-06,True
3,mechanism_defined_exposed,IRMV1,0.01,0.001,rho_source_2,2.079558455529683,2.0795501393826554,0.9999999999983867,4.383893950046289e-06,True
3,mechanism_defined_exposed,IRMV1,0.01,0.001,rho_hidden,4.063172409523928,4.063101963730398,0.9999999999627015,1.9369794591109168e-05,True
3,mechanism_defined_exposed,IRMV1,0.01,0.0005,rho_source_1,1.9854082049857826,1.9854060691885287,0.9999999999998718,1.18904250549537e-06,True
3,mechanism_defined_exposed,IRMV1,0.01,0.0005,rho_source_2,2.07955221841007,2.0795501393826554,0.9999999999998992,1.0959720908252605e-06,True
3,mechanism_defined_exposed,IRMV1,0.01,0.0005,rho_hidden,4.063119574868902,4.063101963730398,0.999999999997669,4.842431323024769e-06,True
3,mechanism_defined_exposed,IRMV1,0.01,0.00025,rho_source_1,1.9854066031282256,1.9854060691885287,0.9999999999999919,2.972561319784211e-07,True
3,mechanism_defined_exposed,IRMV1,0.01,0.00025,rho_source_2,2.0795506591337483,2.0795501393826554,0.9999999999999939,2.7399052261797096e-07,True
3,mechanism_defined_exposed,IRMV1,0.01,0.00025,rho_hidden,4.063106366486312,4.063101963730398,0.9999999999998541,1.2106048136312188e-06,True
3,mechanism_defined_exposed,IRMV1,0.1,0.001,rho_source_1,1.618707445426434,1.6187020613809584,0.9999999999975954,3.984061953283629e-06,True
3,mechanism_defined_exposed,IRMV1,0.1,0.001,rho_source_2,2.5265946631489564,2.5265959214155456,0.9999999999978277,2.1429877259520006e-06,True
3,mechanism_defined_exposed,IRMV1,0.1,0.001,rho_hidden,3.985402480550326,3.985327924407011,0.9999999999524177,2.109801375302739e-05,True
3,mechanism_defined_exposed,IRMV1,0.1,0.0005,rho_source_1,1.618703407384869,1.6187020613809584,0.9999999999998498,9.960146717681882e-07,True
3,mechanism_defined_exposed,IRMV1,0.1,0.0005,rho_source_2,2.5265956068204676,2.5265959214155456,0.9999999999998642,5.357532603158109e-07,True
3,mechanism_defined_exposed,IRMV1,0.1,0.0005,rho_hidden,3.9853465630568374,3.985327924407011,0.999999999997026,5.274473878150143e-06,True
3,mechanism_defined_exposed,IRMV1,0.1,0.00025,rho_source_1,1.6187023978751134,1.6187020613809584,0.9999999999999907,2.489973233958372e-07,True
3,mechanism_defined_exposed,IRMV1,0.1,0.00025,rho_source_2,2.526595842757641,2.5265959214155456,0.9999999999999916,1.3393892472226797e-07,True
3,mechanism_defined_exposed,IRMV1,0.1,0.00025,rho_hidden,3.9853325840342806,3.985327924407011,0.9999999999998143,1.3186140040305603e-06,True
3,mechanism_defined_exposed,VREX,0.001,0.001,rho_source_1,2.033983618157115,2.033974951413495,0.9999999999977511,4.759511626635567e-06,True
3,mechanism_defined_exposed,VREX,0.001,0.001,rho_source_2,2.035413152897773,2.0354044220517262,0.999999999997735,4.788473087520218e-06,True
3,mechanism_defined_exposed,VREX,0.001,0.001,rho_hidden,4.069449210510825,4.0693793734652175,0.9999999999638064,1.915454842174478e-05,True
3,mechanism_defined_exposed,VREX,0.001,0.0005,rho_source_1,2.0339771180922335,2.033974951413495,0.9999999999998591,1.189877959257595e-06,True
3,mechanism_defined_exposed,VREX,0.001,0.0005,rho_source_2,2.0354066047558255,2.0354044220517262,0.9999999999998586,1.1971183790003352e-06,True
3,mechanism_defined_exposed,VREX,0.001,0.0005,rho_hidden,4.0693968324249035,4.0693793734652175,0.9999999999977379,4.7886208349585696e-06,True
3,mechanism_defined_exposed,VREX,0.001,0.00025,rho_source_1,2.033975493079201,2.033974951413495,0.9999999999999912,2.9746837491889227e-07,True
3,mechanism_defined_exposed,VREX,0.001,0.00025,rho_source_2,2.0354049677232076,2.0354044220517262,0.9999999999999915,2.992778637331367e-07,True
3,mechanism_defined_exposed,VREX,0.001,0.00025,rho_hidden,4.069383738180329,4.0693793734652175,0.9999999999998587,1.197153224615452e-06,True
3,mechanism_defined_exposed,VREX,0.01,0.001,rho_source_1,2.0248068698253654,2.0247988238963943,0.9999999999978862,4.474122643463052e-06,True
3,mechanism_defined_exposed,VREX,0.01,0.001,rho_source_2,2.0390722041567324,2.039063524041024,0.9999999999977247,4.761442211521639e-06,True
3,mechanism_defined_exposed,VREX,0.01,0.001,rho_hidden,4.0639316810990715,4.063862347937419,0.9999999999640586,1.9051147510158552e-05,True
3,mechanism_defined_exposed,VREX,0.01,0.0005,rho_source_1,2.024800835374545,2.0247988238963943,0.9999999999998679,1.1185317301887228e-06,True
3,mechanism_defined_exposed,VREX,0.01,0.0005,rho_source_2,2.039065694062869,2.039063524041024,0.9999999999998579,1.1903608277366196e-06,True
3,mechanism_defined_exposed,VREX,0.01,0.0005,rho_hidden,4.063879680929766,4.063862347937419,0.9999999999977535,4.762770684868103e-06,True
3,mechanism_defined_exposed,VREX,0.01,0.00025,rho_source_1,2.0247993267620616,2.0247988238963943,0.9999999999999916,2.796316809907096e-07,True
3,mechanism_defined_exposed,VREX,0.01,0.00025,rho_source_2,2.039064066542346,2.039063524041024,0.9999999999999912,2.9758870723658893e-07,True
3,mechanism_defined_exposed,VREX,0.01,0.00025,rho_hidden,4.063866681158986,4.063862347937419,0.9999999999998593,1.1906901227432666e-06,True
3,mechanism_defined_exposed,VREX,0.1,0.001,rho_source_1,1.9350384416013062,1.9350359411183942,0.9999999999989607,1.9360936438531344e-06,True
3,mechanism_defined_exposed,VREX,0.1,0.001,rho_source_2,2.0747581638224575,2.074749965599363,0.9999999999976141,4.514996400579962e-06,True
3,mechanism_defined_exposed,VREX,0.1,0.001,rho_hidden,4.009850440728587,4.009785906717758,0.9999999999664596,1.8058042990409042e-05,True
3,mechanism_defined_exposed,VREX,0.1,0.0005,rho_source_1,1.935036566248356,1.9350359411183942,0.9999999999999353,4.840285178572184e-07,True
3,mechanism_defined_exposed,VREX,0.1,0.0005,rho_source_2,2.0747520151520606,2.074749965599363,0.9999999999998508,1.1287509728777548e-06,True
3,mechanism_defined_exposed,VREX,0.1,0.0005,rho_hidden,4.00980203997108,4.009785906717758,0.999999999997904,4.514499680732051e-06,True
3,mechanism_defined_exposed,VREX,0.1,0.00025,rho_source_1,1.935036097398605,1.9350359411183942,0.9999999999999959,1.2100674155254533e-07,True
3,mechanism_defined_exposed,VREX,0.1,0.00025,rho_source_2,2.074750477985699,2.074749965599363,0.9999999999999906,2.82187349747302e-07,True
3,mechanism_defined_exposed,VREX,0.1,0.00025,rho_hidden,4.009789940010991,4.009785906717758,0.9999999999998692,1.128623547133249e-06,True
3,irrelevant_source_diversity,ERM,0.0,0.001,rho_source_1,2.03500555217301,2.034996815662853,0.9999999999977363,4.791503442925936e-06,True
3,irrelevant_source_diversity,ERM,0.0,0.001,rho_source_2,2.0350055521718255,2.034996815662451,0.9999999999977363,4.791503058307232e-06,True
3,irrelevant_source_diversity,ERM,0.0,0.001,rho_hidden,0.0,0.0,0.0,0.0,True
3,irrelevant_source_diversity,ERM,0.0,0.001,brightness_nuisance,3.217712706677711,3.2177098524387793,1.0,8.871447504142578e-07,True
3,irrelevant_source_diversity,ERM,0.0,0.0005,rho_source_1,2.0349989997836673,2.034996815662853,0.9999999999998589,1.1978761753239042e-06,True
3,irrelevant_source_diversity,ERM,0.0,0.0005,rho_source_2,2.0349989997823226,2.034996815662451,0.9999999999998584,1.1978759089086822e-06,True
3,irrelevant_source_diversity,ERM,0.0,0.0005,rho_hidden,0.0,0.0,0.0,0.0,True
3,irrelevant_source_diversity,ERM,0.0,0.0005,brightness_nuisance,3.2176207499706484,3.2177098524387793,0.999999999982026,2.8333692940813817e-05,True
3,irrelevant_source_diversity,ERM,0.0,0.00025,rho_source_1,2.0349973616870205,2.034996815662853,0.9999999999999912,2.994667842856498e-07,True
3,irrelevant_source_diversity,ERM,0.0,0.00025,rho_source_2,2.034997361689039,2.034996815662451,0.999999999999991,2.994679172467351e-07,True
3,irrelevant_source_diversity,ERM,0.0,0.00025,rho_hidden,0.0,0.0,0.0,0.0,True
3,irrelevant_source_diversity,ERM,0.0,0.00025,brightness_nuisance,3.2174334048898396,3.2177098524387793,0.999999999883266,8.726991226751787e-05,True
3,irrelevant_source_diversity,L2,0.001,0.001,rho_source_1,2.0471684568129738,2.0471602078894313,0.9999999999986,4.363063163300316e-06,True
3,irrelevant_source_diversity,L2,0.001,0.001,rho_source_2,2.0471684568109083,2.0471602078889894,0.9999999999985998,4.363062341702895e-06,True
3,irrelevant_source_diversity,L2,0.001,0.001,rho_hidden,0.0,0.0,0.0,0.0,True
3,irrelevant_source_diversity,L2,0.001,0.001,brightness_nuisance,3.1244763935184814,3.1244737368470825,0.9999999999999869,8.65816826703369e-07,True
3,irrelevant_source_diversity,L2,0.001,0.0005,rho_source_1,2.047162270113083,2.0471602078894313,0.9999999999999125,1.0907654025417513e-06,True
3,irrelevant_source_diversity,L2,0.001,0.0005,rho_source_2,2.0471622701123158,2.0471602078889894,0.9999999999999125,1.090765259938537e-06,True
3,irrelevant_source_diversity,L2,0.001,0.0005,rho_hidden,0.0,0.0,0.0,0.0,True
3,irrelevant_source_diversity,L2,0.001,0.0005,brightness_nuisance,3.12438604733874,3.1244737368470825,0.9999999999863591,2.8548042349692274e-05,True
3,irrelevant_source_diversity,L2,0.001,0.00025,rho_source_1,2.04716072344409,2.0471602078894313,0.9999999999999944,2.7269155262517946e-07,True
3,irrelevant_source_diversity,L2,0.001,0.00025,rho_source_2,2.047160723443585,2.0471602078889894,0.9999999999999944,2.726914708497833e-07,True
3,irrelevant_source_diversity,L2,0.001,0.00025,rho_hidden,0.0,0.0,0.0,0.0,True
3,irrelevant_source_diversity,L2,0.001,0.00025,brightness_nuisance,3.124205691141594,3.1244737368470825,0.9999999999071194,8.687234838477692e-05,True
3,irrelevant_source_diversity,L2,0.01,0.001,rho_source_1,2.1347526567807966,2.1347462458958084,0.9999999999997727,3.077833678458465e-06,True
3,irrelevant_source_diversity,L2,0.01,0.001,rho_source_2,2.134752656780453,2.134746245895407,0.9999999999997727,3.077833717263501e-06,True
3,irrelevant_source_diversity,L2,0.01,0.001,rho_hidden,0.0,0.0,0.0,0.0,True
3,irrelevant_source_diversity,L2,0.01,0.001,brightness_nuisance,2.99735166382135,2.997349060584068,0.9999999999999779,8.936944639072039e-07,True
3,irrelevant_source_diversity,L2,0.01,0.0005,rho_source_1,2.13474784861513,2.1347462458958084,0.9999999999999856,7.694591396267223e-07,True
3,irrelevant_source_diversity,L2,0.01,0.0005,rho_source_2,2.134747848614917,2.134746245895407,0.9999999999999853,7.694593475308629e-07,True
3,irrelevant_source_diversity,L2,0.01,0.0005,rho_hidden,0.0,0.0,0.0,0.0,True
3,irrelevant_source_diversity,L2,0.01,0.0005,brightness_nuisance,2.9972634113089716,2.997349060584068,0.9999999999943852,2.877165644136673e-05,True
3,irrelevant_source_diversity,L2,0.01,0.00025,rho_source_1,2.1347466465709193,2.1347462458958084,0.9999999999999992,1.923630430211401e-07,True
3,irrelevant_source_diversity,L2,0.01,0.00025,rho_source_2,2.134746646569464,2.134746245895407,0.9999999999999988,1.9236238358078272e-07,True
3,irrelevant_source_diversity,L2,0.01,0.00025,rho_hidden,0.0,0.0,0.0,0.0,True
3,irrelevant_source_diversity,L2,0.01,0.00025,brightness_nuisance,2.997087845073658,2.997349060584068,0.9999999999654614,8.755186411825411e-05,True
3,irrelevant_source_diversity,L2,0.1,0.001,rho_source_1,2.1721244254869267,2.172121205316176,0.9999999999999848,1.4928929121248358e-06,True
3,irrelevant_source_diversity,L2,0.1,0.001,rho_source_2,2.172124425486006,2.1721212053158463,0.9999999999999842,1.4928926474778662e-06,True
3,irrelevant_source_diversity,L2,0.1,0.001,rho_hidden,0.0,0.0,0.0,0.0,True
3,irrelevant_source_diversity,L2,0.1,0.001,brightness_nuisance,3.023394792656725,3.023392194961659,0.9999999999999951,8.642255532712071e-07,True
3,irrelevant_source_diversity,L2,0.1,0.0005,rho_source_1,2.1721220103593417,2.172121205316176,0.9999999999999991,3.732238042956834e-07,True
3,irrelevant_source_diversity,L2,0.1,0.0005,rho_source_2,2.172122010359261,2.1721212053158463,0.9999999999999989,3.7322395583094536e-07,True
3,irrelevant_source_diversity,L2,0.1,0.0005,rho_hidden,0.0,0.0,0.0,0.0,True
3,irrelevant_source_diversity,L2,0.1,0.0005,brightness_nuisance,3.0233049322572985,3.023392194961659,0.9999999999981116,2.8928701339359782e-05,True
3,irrelevant_source_diversity,L2,0.1,0.00025,rho_source_1,2.172121406573953,2.172121205316176,1.0,9.33048166098708e-08,True
3,irrelevant_source_diversity,L2,0.1,0.00025,rho_source_2,2.172121406572867,2.1721212053158463,0.9999999999999998,9.330425480131957e-08,True
3,irrelevant_source_diversity,L2,0.1,0.00025,rho_hidden,0.0,0.0,0.0,0.0,True
3,irrelevant_source_diversity,L2,0.1,0.00025,brightness_nuisance,3.0231242813839163,3.023392194961659,0.9999999999940142,8.868894423261144e-05,True
3,irrelevant_source_diversity,IRMV1,0.001,0.001,rho_source_1,2.0302814844516064,2.030272760612807,0.9999999999977537,4.7912484249587594e-06,True
3,irrelevant_source_diversity,IRMV1,0.001,0.001,rho_source_2,2.0391443270524374,2.039135625190428,0.9999999999978033,4.754433689389919e-06,True
3,irrelevant_source_diversity,IRMV1,0.001,0.001,rho_hidden,0.0,0.0,0.0,0.0,True
3,irrelevant_source_diversity,IRMV1,0.001,0.001,brightness_nuisance,3.2175722119453853,3.2175693578222373,0.9999999999999997,8.871474702609592e-07,True
3,irrelevant_source_diversity,IRMV1,0.001,0.0005,rho_source_1,2.0302749415656045,2.030272760612807,0.9999999999998599,1.1978123317434064e-06,True
3,irrelevant_source_diversity,IRMV1,0.001,0.0005,rho_source_2,2.039137800648422,2.039135625190428,0.9999999999998627,1.1886086514391198e-06,True
3,irrelevant_source_diversity,IRMV1,0.001,0.0005,rho_hidden,0.0,0.0,0.0,0.0,True
3,irrelevant_source_diversity,IRMV1,0.001,0.0005,brightness_nuisance,3.21748026099113,3.2175693578222373,0.9999999999820205,2.833334164967519e-05,True
3,irrelevant_source_diversity,IRMV1,0.001,0.00025,rho_source_1,2.030273305843802,2.030272760612807,0.9999999999999913,2.994502482931978e-07,True
3,irrelevant_source_diversity,IRMV1,0.001,0.00025,rho_source_2,2.039136169050201,2.039135625190428,0.9999999999999912,2.971502131443906e-07,True
3,irrelevant_source_diversity,IRMV1,0.001,0.00025,rho_hidden,0.0,0.0,0.0,0.0,True
3,irrelevant_source_diversity,IRMV1,0.001,0.00025,brightness_nuisance,3.2172929217098756,3.2175693578222373,0.9999999998832425,8.727037060363344e-05,True
3,irrelevant_source_diversity,IRMV1,0.01,0.001,rho_source_1,1.985414612410544,1.9854060691885287,0.9999999999979473,4.756172935332097e-06,True
3,irrelevant_source_diversity,IRMV1,0.01,0.001,rho_source_2,2.079558455529683,2.0795501393826554,0.9999999999983865,4.383893950111883e-06,True
3,irrelevant_source_diversity,IRMV1,0.01,0.001,rho_hidden,0.0,0.0,0.0,0.0,True
3,irrelevant_source_diversity,IRMV1,0.01,0.001,brightness_nuisance,3.2165778254321755,3.216574972159646,0.9999999999999997,8.871567774080841e-07,True
3,irrelevant_source_diversity,IRMV1,0.01,0.0005,rho_source_1,1.9854082049857826,1.9854060691885287,0.9999999999998718,1.1890425054546167e-06,True
3,irrelevant_source_diversity,IRMV1,0.01,0.0005,rho_source_2,2.07955221841007,2.0795501393826554,0.999999999999899,1.0959720908908548e-06,True
3,irrelevant_source_diversity,IRMV1,0.01,0.0005,rho_hidden,0.0,0.0,0.0,0.0,True
3,irrelevant_source_diversity,IRMV1,0.01,0.0005,brightness_nuisance,3.216485915153357,3.216574972159646,0.9999999999819754,2.8331214232280306e-05,True
3,irrelevant_source_diversity,IRMV1,0.01,0.00025,rho_source_1,1.9854066031282256,1.9854060691885287,0.999999999999992,2.9725613193766727e-07,True
3,irrelevant_source_diversity,IRMV1,0.01,0.00025,rho_source_2,2.0795506591337483,2.0795501393826554,0.9999999999999937,2.739905226835651e-07,True
3,irrelevant_source_diversity,IRMV1,0.01,0.00025,rho_hidden,0.0,0.0,0.0,0.0,True
3,irrelevant_source_diversity,IRMV1,0.01,0.00025,brightness_nuisance,3.2162986233240414,3.216574972159646,0.9999999998830323,8.727221724315725e-05,True
3,irrelevant_source_diversity,IRMV1,0.1,0.001,rho_source_1,1.618707445426434,1.6187020613809584,0.9999999999975954,3.984061953259928e-06,True
3,irrelevant_source_diversity,IRMV1,0.1,0.001,rho_source_2,2.5265946631489564,2.5265959214155456,0.9999999999978277,2.1429877259776826e-06,True
3,irrelevant_source_diversity,IRMV1,0.1,0.001,rho_hidden,0.0,0.0,0.0,0.0,True
3,irrelevant_source_diversity,IRMV1,0.1,0.001,brightness_nuisance,3.2093743266079477,3.2093714797955566,0.9999999999999998,8.871287055090328e-07,True
3,irrelevant_source_diversity,IRMV1,0.1,0.0005,rho_source_1,1.618703407384869,1.6187020613809584,0.9999999999998498,9.960146717444876e-07,True
3,irrelevant_source_diversity,IRMV1,0.1,0.0005,rho_source_2,2.5265956068204676,2.5265959214155456,0.9999999999998643,5.357532603414942e-07,True
3,irrelevant_source_diversity,IRMV1,0.1,0.0005,rho_hidden,0.0,0.0,0.0,0.0,True
3,irrelevant_source_diversity,IRMV1,0.1,0.0005,brightness_nuisance,3.2092827127346557,3.2093714797955566,0.9999999999815324,2.8319304329980325e-05,True
3,irrelevant_source_diversity,IRMV1,0.1,0.00025,rho_source_1,1.6187023978751134,1.6187020613809584,0.9999999999999907,2.489973233721426e-07,True
3,irrelevant_source_diversity,IRMV1,0.1,0.00025,rho_source_2,2.526595842757641,2.5265959214155456,0.9999999999999917,1.3393892474795416e-07,True
3,irrelevant_source_diversity,IRMV1,0.1,0.00025,rho_hidden,0.0,0.0,0.0,0.0,True
3,irrelevant_source_diversity,IRMV1,0.1,0.00025,brightness_nuisance,3.209095825998973,3.2093714797955566,0.9999999998809909,8.727225032115924e-05,True
3,irrelevant_source_diversity,VREX,0.001,0.001,rho_source_1,2.033983618157115,2.0339749514134944,0.9999999999977516,4.759511626629758e-06,True
3,irrelevant_source_diversity,VREX,0.001,0.001,rho_source_2,2.035413152897773,2.0354044220517262,0.999999999997735,4.7884730875155376e-06,True
3,irrelevant_source_diversity,VREX,0.001,0.001,rho_hidden,0.0,0.0,0.0,0.0,True
3,irrelevant_source_diversity,VREX,0.001,0.001,brightness_nuisance,3.217707155091468,3.2177043008571355,0.9999999999999998,8.871448295346627e-07,True
3,irrelevant_source_diversity,VREX,0.001,0.0005,rho_source_1,2.0339771180922335,2.0339749514134944,0.9999999999998593,1.1898779592517867e-06,True
3,irrelevant_source_diversity,VREX,0.001,0.0005,rho_source_2,2.0354066047558255,2.0354044220517262,0.9999999999998586,1.1971183789956537e-06,True
3,irrelevant_source_diversity,VREX,0.001,0.0005,rho_hidden,0.0,0.0,0.0,0.0,True
3,irrelevant_source_diversity,VREX,0.001,0.0005,brightness_nuisance,3.2176151984854306,3.2177043008571355,0.9999999999820268,2.8333679260865916e-05,True
3,irrelevant_source_diversity,VREX,0.001,0.00025,rho_source_1,2.033975493079201,2.0339749514134944,0.9999999999999915,2.9746837491308363e-07,True
3,irrelevant_source_diversity,VREX,0.001,0.00025,rho_source_2,2.0354049677232076,2.0354044220517262,0.9999999999999915,2.9927786372845505e-07,True
3,irrelevant_source_diversity,VREX,0.001,0.00025,rho_hidden,0.0,0.0,0.0,0.0,True
3,irrelevant_source_diversity,VREX,0.001,0.00025,brightness_nuisance,3.2174278536176995,3.2177043008571355,0.999999999883267,8.726995204202346e-05,True
3,irrelevant_source_diversity,VREX,0.01,0.001,rho_source_1,2.0248068698253654,2.0247988238963948,0.999999999997886,4.4741226434156934e-06,True
3,irrelevant_source_diversity,VREX,0.01,0.001,rho_source_2,2.0390722041567324,2.0390635240410244,0.9999999999977247,4.761442211453348e-06,True
3,irrelevant_source_diversity,VREX,0.01,0.001,rho_hidden,0.0,0.0,0.0,0.0,True
3,irrelevant_source_diversity,VREX,0.01,0.001,brightness_nuisance,3.2176572630048987,3.21765440881601,1.0,8.871442632583177e-07,True
3,irrelevant_source_diversity,VREX,0.01,0.0005,rho_source_1,2.024800835374545,2.0247988238963948,0.9999999999998679,1.118531730141363e-06,True
3,irrelevant_source_diversity,VREX,0.01,0.0005,rho_source_2,2.039065694062869,2.0390635240410244,0.9999999999998579,1.190360827668328e-06,True
3,irrelevant_source_diversity,VREX,0.01,0.0005,rho_hidden,0.0,0.0,0.0,0.0,True
3,irrelevant_source_diversity,VREX,0.01,0.0005,brightness_nuisance,3.217565307315503,3.21765440881601,0.9999999999820341,2.8333554950346826e-05,True
3,irrelevant_source_diversity,VREX,0.01,0.00025,rho_source_1,2.0247993267620616,2.0247988238963948,0.9999999999999916,2.7963168094335047e-07,True
3,irrelevant_source_diversity,VREX,0.01,0.00025,rho_source_2,2.039064066542346,2.0390635240410244,0.9999999999999912,2.975887071682977e-07,True
3,irrelevant_source_diversity,VREX,0.01,0.00025,rho_hidden,0.0,0.0,0.0,0.0,True
3,irrelevant_source_diversity,VREX,0.01,0.00025,brightness_nuisance,3.2173779643597675,3.21765440881601,0.9999999998832757,8.727030892423085e-05,True
3,irrelevant_source_diversity,VREX,0.1,0.001,rho_source_1,1.9350384416013062,1.9350359411183946,0.9999999999989606,1.9360936437001514e-06,True
3,irrelevant_source_diversity,VREX,0.1,0.001,rho_source_2,2.0747581638224575,2.074749965599363,0.9999999999976141,4.514996400596736e-06,True
3,irrelevant_source_diversity,VREX,0.1,0.001,rho_hidden,0.0,0.0,0.0,0.0,True
3,irrelevant_source_diversity,VREX,0.1,0.001,brightness_nuisance,3.2171653680288,3.217162514281677,1.0,8.87140693145444e-07,True
3,irrelevant_source_diversity,VREX,0.1,0.0005,rho_source_1,1.935036566248356,1.9350359411183946,0.9999999999999352,4.84028517704234e-07,True
3,irrelevant_source_diversity,VREX,0.1,0.0005,rho_source_2,2.0747520151520606,2.074749965599363,0.9999999999998508,1.128750972894529e-06,True
3,irrelevant_source_diversity,VREX,0.1,0.0005,rho_hidden,0.0,0.0,0.0,0.0,True
3,irrelevant_source_diversity,VREX,0.1,0.0005,brightness_nuisance,3.217073421308797,3.217162514281677,0.9999999999821126,2.8332358198843836e-05,True
3,irrelevant_source_diversity,VREX,0.1,0.00025,rho_source_1,1.935036097398605,1.9350359411183946,0.9999999999999959,1.2100674139956234e-07,True
3,irrelevant_source_diversity,VREX,0.1,0.00025,rho_source_2,2.074750477985699,2.074749965599363,0.9999999999999903,2.8218734976407547e-07,True
3,irrelevant_source_diversity,VREX,0.1,0.00025,rho_hidden,0.0,0.0,0.0,0.0,True
3,irrelevant_source_diversity,VREX,0.1,0.00025,brightness_nuisance,3.2168860971694535,3.217162514281677,0.999999999883365,8.72738537819388e-05,True
4,declared_source_target_coupled_correlation,ERM,0.0,0.001,rho_source_1,2.5998261792613953,2.5998167689616416,0.9999999999992758,3.8144299146213903e-06,True
4,declared_source_target_coupled_correlation,ERM,0.0,0.001,rho_source_2,2.5998261792628865,2.599816768963394,0.9999999999992757,3.8144298067007264e-06,True
4,declared_source_target_coupled_correlation,ERM,0.0,0.0005,rho_source_1,2.5998191215232946,2.5998167689616416,0.9999999999999549,9.536049292102783e-07,True
4,declared_source_target_coupled_correlation,ERM,0.0,0.0005,rho_source_2,2.599819121527177,2.599816768963394,0.9999999999999547,9.536061044392379e-07,True
4,declared_source_target_coupled_correlation,ERM,0.0,0.00025,rho_source_1,2.5998173570990177,2.5998167689616416,0.9999999999999971,2.3840002969095743e-07,True
4,declared_source_target_coupled_correlation,ERM,0.0,0.00025,rho_source_2,2.5998173571011636,2.599816768963394,0.9999999999999972,2.3840086467570817e-07,True
4,declared_source_target_coupled_correlation,L2,0.001,0.001,rho_source_1,2.5904329521179585,2.5904237894401207,0.9999999999995027,3.6749823110554344e-06,True
4,declared_source_target_coupled_correlation,L2,0.001,0.001,rho_source_2,2.5904329521205995,2.5904237894418434,0.9999999999995028,3.6749826857487434e-06,True
4,declared_source_target_coupled_correlation,L2,0.001,0.0005,rho_source_1,2.5904260800983603,2.5904237894401207,0.9999999999999689,9.187438550954897e-07,True
4,declared_source_target_coupled_correlation,L2,0.001,0.0005,rho_source_2,2.590426080098105,2.5904237894418434,0.999999999999969,9.187430758148453e-07,True
4,declared_source_target_coupled_correlation,L2,0.001,0.00025,rho_source_1,2.5904243621045815,2.5904237894401207,0.9999999999999981,2.2968580737031116e-07,True
4,declared_source_target_coupled_correlation,L2,0.001,0.00025,rho_source_2,2.590424362098865,2.5904237894418434,0.9999999999999979,2.29683265755479e-07,True
4,declared_source_target_coupled_correlation,L2,0.01,0.001,rho_source_1,2.580921244277594,2.5809135420167904,0.999999999999862,3.030196371194746e-06,True
4,declared_source_target_coupled_correlation,L2,0.01,0.001,rho_source_2,2.5809212442801375,2.5809135420184677,0.999999999999862,3.030196713978655e-06,True
4,declared_source_target_coupled_correlation,L2,0.01,0.0005,rho_source_1,2.580915467571245,2.5809135420167904,0.9999999999999915,7.575467206679427e-07,True
4,declared_source_target_coupled_correlation,L2,0.01,0.0005,rho_source_2,2.5809154675744783,2.5809135420184677,0.9999999999999915,7.575474231487504e-07,True
4,declared_source_target_coupled_correlation,L2,0.01,0.00025,rho_source_1,2.5809140234049948,2.5809135420167904,0.9999999999999996,1.8938663671673226e-07,True
4,declared_source_target_coupled_correlation,L2,0.01,0.00025,rho_source_2,2.580914023402589,2.5809135420184677,0.9999999999999993,1.893852004127374e-07,True
4,declared_source_target_coupled_correlation,L2,0.1,0.001,rho_source_1,2.5092122944949447,2.5092077809375635,0.9999999999999705,1.8149672980327988e-06,True
4,declared_source_target_coupled_correlation,L2,0.1,0.001,rho_source_2,2.5092122944971185,2.509207780939125,0.9999999999999709,1.8149675508590257e-06,True
4,declared_source_target_coupled_correlation,L2,0.1,0.0005,rho_source_1,2.5092089093233754,2.5092077809375635,0.9999999999999979,4.5374116087671294e-07,True
4,declared_source_target_coupled_correlation,L2,0.1,0.0005,rho_source_2,2.509208909323083,2.509207780939125,0.9999999999999983,4.537404177508908e-07,True
4,declared_source_target_coupled_correlation,L2,0.1,0.00025,rho_source_1,2.509208063032773,2.5092077809375635,1.0,1.1343480085509981e-07,True
4,declared_source_target_coupled_correlation,L2,0.1,0.00025,rho_source_2,2.5092080630324958,2.509207780939125,0.9999999999999997,1.1343422098196716e-07,True
4,declared_source_target_coupled_correlation,IRMV1,0.001,0.001,rho_source_1,2.597990328638522,2.5979808267959688,0.9999999999992671,3.852555302143777e-06,True
4,declared_source_target_coupled_correlation,IRMV1,0.001,0.001,rho_source_2,2.602272591482486,2.6022631937465053,0.9999999999992897,3.8029714456927915e-06,True
4,declared_source_target_coupled_correlation,IRMV1,0.001,0.0005,rho_source_1,2.5979832022459064,2.5979808267959688,0.9999999999999544,9.6313746161886e-07,True
4,declared_source_target_coupled_correlation,IRMV1,0.001,0.0005,rho_source_2,2.602265543167131,2.6022631937465053,0.9999999999999556,9.507405356347396e-07,True
4,declared_source_target_coupled_correlation,IRMV1,0.001,0.00025,rho_source_1,2.5979814206559393,2.5979808267959688,0.9999999999999973,2.4078321900757956e-07,True
4,declared_source_target_coupled_correlation,IRMV1,0.001,0.00025,rho_source_2,2.602263781092024,2.6022631937465053,0.9999999999999972,2.3768151805668318e-07,True
4,declared_source_target_coupled_correlation,IRMV1,0.01,0.001,rho_source_1,2.5797323011729176,2.5797219900777826,0.9999999999992035,4.191506773141883e-06,True
4,declared_source_target_coupled_correlation,IRMV1,0.01,0.001,rho_source_2,2.6263843176437067,2.6263750663009,0.9999999999994317,3.6803547925394565e-06,True
4,declared_source_target_coupled_correlation,IRMV1,0.01,0.0005,rho_source_1,2.5797245678353034,2.5797219900777826,0.9999999999999503,1.047873433897317e-06,True
4,declared_source_target_coupled_correlation,IRMV1,0.01,0.0005,rho_source_2,2.626377379122609,2.6263750663009,0.9999999999999646,9.20086004147732e-07,True
4,declared_source_target_coupled_correlation,IRMV1,0.01,0.00025,rho_source_1,2.579722634521513,2.5797219900777826,0.9999999999999969,2.6197017318281083e-07,True
4,declared_source_target_coupled_correlation,IRMV1,0.01,0.00025,rho_source_2,2.626375644498757,2.6263750663009,0.9999999999999979,2.3001875347411615e-07,True
4,declared_source_target_coupled_correlation,IRMV1,0.1,0.001,rho_source_1,2.4043695903633413,2.4043529520462705,0.9999999999970273,7.337061570129033e-06,True
4,declared_source_target_coupled_correlation,IRMV1,0.1,0.001,rho_source_2,2.9046217402122188,2.904616093176576,0.9999999999991592,2.3370368052723794e-06,True
4,declared_source_target_coupled_correlation,IRMV1,0.1,0.0005,rho_source_1,2.4043571115816125,2.4043529520462705,0.9999999999998143,1.8342558271811464e-06,True
4,declared_source_target_coupled_correlation,IRMV1,0.1,0.0005,rho_source_2,2.904617504911418,2.904616093176576,0.9999999999999476,5.842539629639719e-07,True
4,declared_source_target_coupled_correlation,IRMV1,0.1,0.00025,rho_source_1,2.4043539919314227,2.4043529520462705,0.9999999999999885,4.585647572469972e-07,True
4,declared_source_target_coupled_correlation,IRMV1,0.1,0.00025,rho_source_2,2.904616446103221,2.904616093176576,0.9999999999999969,1.4606171382606967e-07,True
4,declared_source_target_coupled_correlation,VREX,0.001,0.001,rho_source_1,2.597768631952194,2.5977593557734147,0.9999999999992848,3.76576308036701e-06,True
4,declared_source_target_coupled_correlation,VREX,0.001,0.001,rho_source_2,2.600652663074992,2.6006432656806444,0.9999999999992751,3.8087886015046007e-06,True
4,declared_source_target_coupled_correlation,VREX,0.001,0.0005,rho_source_1,2.5977616748058967,2.5977593557734147,0.9999999999999553,9.414386449241219e-07,True
4,declared_source_target_coupled_correlation,VREX,0.001,0.0005,rho_source_2,2.6006456150143187,2.6006432656806444,0.9999999999999549,9.521941604421516e-07,True
4,declared_source_target_coupled_correlation,VREX,0.001,0.00025,rho_source_1,2.597759935533183,2.5977593557734147,0.9999999999999972,2.353603462141728e-07,True
4,declared_source_target_coupled_correlation,VREX,0.001,0.00025,rho_source_2,2.6006438530075693,2.6006432656806444,0.9999999999999973,2.380462106959565e-07,True
4,declared_source_target_coupled_correlation,VREX,0.01,0.001,rho_source_1,2.57931633810521,2.5793082473824556,0.9999999999993638,3.3333696326965182e-06,True
4,declared_source_target_coupled_correlation,VREX,0.01,0.001,rho_source_2,2.6080604287594995,2.608051146643442,0.9999999999992696,3.7586301289420043e-06,True
4,declared_source_target_coupled_correlation,VREX,0.01,0.0005,rho_source_1,2.579310270054898,2.5793082473824556,0.99999999999996,8.333412902480546e-07,True
4,declared_source_target_coupled_correlation,VREX,0.01,0.0005,rho_source_2,2.608053467159125,2.608051146643442,0.9999999999999543,9.396551129505864e-07,True
4,declared_source_target_coupled_correlation,VREX,0.01,0.00025,rho_source_1,2.579308753051889,2.5793082473824556,0.9999999999999973,2.083356673198613e-07,True
4,declared_source_target_coupled_correlation,VREX,0.01,0.00025,rho_source_2,2.60805172676986,2.608051146643442,0.999999999999997,2.3491318100465225e-07,True
4,declared_source_target_coupled_correlation,VREX,0.1,0.001,rho_source_1,2.4010653581990784,2.401067160072313,0.9999999999998737,9.032107286465512e-07,True
4,declared_source_target_coupled_correlation,VREX,0.1,0.001,rho_source_2,2.6792194013162707,2.679211183272883,0.9999999999992044,3.316584057405731e-06,True
4,declared_source_target_coupled_correlation,VREX,0.1,0.0005,rho_source_1,2.401066709608201,2.401067160072313,0.999999999999992,2.2580167126147404e-07,True
4,declared_source_target_coupled_correlation,VREX,0.1,0.0005,rho_source_2,2.679213237777867,2.679211183272883,0.9999999999999505,8.291459958108291e-07,True
4,declared_source_target_coupled_correlation,VREX,0.1,0.00025,rho_source_1,2.401067047460112,2.401067160072313,0.9999999999999993,5.644876410822764e-08,True
4,declared_source_target_coupled_correlation,VREX,0.1,0.00025,rho_source_2,2.6792116968956914,2.679211183272883,0.9999999999999969,2.0728546389882343e-07,True
4,mechanism_defined_hidden,ERM,0.0,0.001,rho_source_1,2.5998261792613953,2.5998167689616416,0.9999999999992758,3.8144299146213903e-06,True
4,mechanism_defined_hidden,ERM,0.0,0.001,rho_source_2,2.5998261792628865,2.599816768963394,0.9999999999992757,3.8144298067007264e-06,True
4,mechanism_defined_hidden,ERM,0.0,0.001,rho_hidden,0.0,0.0,0.0,0.0,True
4,mechanism_defined_hidden,ERM,0.0,0.0005,rho_source_1,2.5998191215232946,2.5998167689616416,0.9999999999999549,9.536049292102783e-07,True
4,mechanism_defined_hidden,ERM,0.0,0.0005,rho_source_2,2.599819121527177,2.599816768963394,0.9999999999999547,9.536061044392379e-07,True
4,mechanism_defined_hidden,ERM,0.0,0.0005,rho_hidden,0.0,0.0,0.0,0.0,True
4,mechanism_defined_hidden,ERM,0.0,0.00025,rho_source_1,2.5998173570990177,2.5998167689616416,0.9999999999999971,2.3840002969095743e-07,True
4,mechanism_defined_hidden,ERM,0.0,0.00025,rho_source_2,2.5998173571011636,2.599816768963394,0.9999999999999972,2.3840086467570817e-07,True
4,mechanism_defined_hidden,ERM,0.0,0.00025,rho_hidden,0.0,0.0,0.0,0.0,True
4,mechanism_defined_hidden,L2,0.001,0.001,rho_source_1,2.5904329521179585,2.5904237894401207,0.9999999999995027,3.6749823110554344e-06,True
4,mechanism_defined_hidden,L2,0.001,0.001,rho_source_2,2.5904329521205995,2.5904237894418434,0.9999999999995028,3.6749826857487434e-06,True
4,mechanism_defined_hidden,L2,0.001,0.001,rho_hidden,0.0,0.0,0.0,0.0,True
4,mechanism_defined_hidden,L2,0.001,0.0005,rho_source_1,2.5904260800983603,2.5904237894401207,0.9999999999999689,9.187438550954897e-07,True
4,mechanism_defined_hidden,L2,0.001,0.0005,rho_source_2,2.590426080098105,2.5904237894418434,0.999999999999969,9.187430758148453e-07,True
4,mechanism_defined_hidden,L2,0.001,0.0005,rho_hidden,0.0,0.0,0.0,0.0,True
4,mechanism_defined_hidden,L2,0.001,0.00025,rho_source_1,2.5904243621045815,2.5904237894401207,0.9999999999999981,2.2968580737031116e-07,True
4,mechanism_defined_hidden,L2,0.001,0.00025,rho_source_2,2.590424362098865,2.5904237894418434,0.9999999999999979,2.29683265755479e-07,True
4,mechanism_defined_hidden,L2,0.001,0.00025,rho_hidden,0.0,0.0,0.0,0.0,True
4,mechanism_defined_hidden,L2,0.01,0.001,rho_source_1,2.580921244277594,2.5809135420167904,0.999999999999862,3.030196371194746e-06,True
4,mechanism_defined_hidden,L2,0.01,0.001,rho_source_2,2.5809212442801375,2.5809135420184677,0.999999999999862,3.030196713978655e-06,True
4,mechanism_defined_hidden,L2,0.01,0.001,rho_hidden,0.0,0.0,0.0,0.0,True
4,mechanism_defined_hidden,L2,0.01,0.0005,rho_source_1,2.580915467571245,2.5809135420167904,0.9999999999999915,7.575467206679427e-07,True
4,mechanism_defined_hidden,L2,0.01,0.0005,rho_source_2,2.5809154675744783,2.5809135420184677,0.9999999999999915,7.575474231487504e-07,True
4,mechanism_defined_hidden,L2,0.01,0.0005,rho_hidden,0.0,0.0,0.0,0.0,True
4,mechanism_defined_hidden,L2,0.01,0.00025,rho_source_1,2.5809140234049948,2.5809135420167904,0.9999999999999996,1.8938663671673226e-07,True
4,mechanism_defined_hidden,L2,0.01,0.00025,rho_source_2,2.580914023402589,2.5809135420184677,0.9999999999999993,1.893852004127374e-07,True
4,mechanism_defined_hidden,L2,0.01,0.00025,rho_hidden,0.0,0.0,0.0,0.0,True
4,mechanism_defined_hidden,L2,0.1,0.001,rho_source_1,2.5092122944949447,2.5092077809375635,0.9999999999999705,1.8149672980327988e-06,True
4,mechanism_defined_hidden,L2,0.1,0.001,rho_source_2,2.5092122944971185,2.509207780939125,0.9999999999999709,1.8149675508590257e-06,True
4,mechanism_defined_hidden,L2,0.1,0.001,rho_hidden,0.0,0.0,0.0,0.0,True
4,mechanism_defined_hidden,L2,0.1,0.0005,rho_source_1,2.5092089093233754,2.5092077809375635,0.9999999999999979,4.5374116087671294e-07,True
4,mechanism_defined_hidden,L2,0.1,0.0005,rho_source_2,2.509208909323083,2.509207780939125,0.9999999999999983,4.537404177508908e-07,True
4,mechanism_defined_hidden,L2,0.1,0.0005,rho_hidden,0.0,0.0,0.0,0.0,True
4,mechanism_defined_hidden,L2,0.1,0.00025,rho_source_1,2.509208063032773,2.5092077809375635,1.0,1.1343480085509981e-07,True
4,mechanism_defined_hidden,L2,0.1,0.00025,rho_source_2,2.5092080630324958,2.509207780939125,0.9999999999999997,1.1343422098196716e-07,True
4,mechanism_defined_hidden,L2,0.1,0.00025,rho_hidden,0.0,0.0,0.0,0.0,True
4,mechanism_defined_hidden,IRMV1,0.001,0.001,rho_source_1,2.597990328638522,2.5979808267959688,0.9999999999992671,3.852555302143777e-06,True
4,mechanism_defined_hidden,IRMV1,0.001,0.001,rho_source_2,2.602272591482486,2.6022631937465053,0.9999999999992897,3.8029714456927915e-06,True
4,mechanism_defined_hidden,IRMV1,0.001,0.001,rho_hidden,0.0,0.0,0.0,0.0,True
4,mechanism_defined_hidden,IRMV1,0.001,0.0005,rho_source_1,2.5979832022459064,2.5979808267959688,0.9999999999999544,9.6313746161886e-07,True
4,mechanism_defined_hidden,IRMV1,0.001,0.0005,rho_source_2,2.602265543167131,2.6022631937465053,0.9999999999999556,9.507405356347396e-07,True
4,mechanism_defined_hidden,IRMV1,0.001,0.0005,rho_hidden,0.0,0.0,0.0,0.0,True
4,mechanism_defined_hidden,IRMV1,0.001,0.00025,rho_source_1,2.5979814206559393,2.5979808267959688,0.9999999999999973,2.4078321900757956e-07,True
4,mechanism_defined_hidden,IRMV1,0.001,0.00025,rho_source_2,2.602263781092024,2.6022631937465053,0.9999999999999972,2.3768151805668318e-07,True
4,mechanism_defined_hidden,IRMV1,0.001,0.00025,rho_hidden,0.0,0.0,0.0,0.0,True
4,mechanism_defined_hidden,IRMV1,0.01,0.001,rho_source_1,2.5797323011729176,2.5797219900777826,0.9999999999992035,4.191506773141883e-06,True
4,mechanism_defined_hidden,IRMV1,0.01,0.001,rho_source_2,2.6263843176437067,2.6263750663009,0.9999999999994317,3.6803547925394565e-06,True
4,mechanism_defined_hidden,IRMV1,0.01,0.001,rho_hidden,0.0,0.0,0.0,0.0,True
4,mechanism_defined_hidden,IRMV1,0.01,0.0005,rho_source_1,2.5797245678353034,2.5797219900777826,0.9999999999999503,1.047873433897317e-06,True
4,mechanism_defined_hidden,IRMV1,0.01,0.0005,rho_source_2,2.626377379122609,2.6263750663009,0.9999999999999646,9.20086004147732e-07,True
4,mechanism_defined_hidden,IRMV1,0.01,0.0005,rho_hidden,0.0,0.0,0.0,0.0,True
4,mechanism_defined_hidden,IRMV1,0.01,0.00025,rho_source_1,2.579722634521513,2.5797219900777826,0.9999999999999969,2.6197017318281083e-07,True
4,mechanism_defined_hidden,IRMV1,0.01,0.00025,rho_source_2,2.626375644498757,2.6263750663009,0.9999999999999979,2.3001875347411615e-07,True
4,mechanism_defined_hidden,IRMV1,0.01,0.00025,rho_hidden,0.0,0.0,0.0,0.0,True
4,mechanism_defined_hidden,IRMV1,0.1,0.001,rho_source_1,2.4043695903633413,2.4043529520462705,0.9999999999970273,7.337061570129033e-06,True
4,mechanism_defined_hidden,IRMV1,0.1,0.001,rho_source_2,2.9046217402122188,2.904616093176576,0.9999999999991592,2.3370368052723794e-06,True
4,mechanism_defined_hidden,IRMV1,0.1,0.001,rho_hidden,0.0,0.0,0.0,0.0,True
4,mechanism_defined_hidden,IRMV1,0.1,0.0005,rho_source_1,2.4043571115816125,2.4043529520462705,0.9999999999998143,1.8342558271811464e-06,True
4,mechanism_defined_hidden,IRMV1,0.1,0.0005,rho_source_2,2.904617504911418,2.904616093176576,0.9999999999999476,5.842539629639719e-07,True
4,mechanism_defined_hidden,IRMV1,0.1,0.0005,rho_hidden,0.0,0.0,0.0,0.0,True
4,mechanism_defined_hidden,IRMV1,0.1,0.00025,rho_source_1,2.4043539919314227,2.4043529520462705,0.9999999999999885,4.585647572469972e-07,True
4,mechanism_defined_hidden,IRMV1,0.1,0.00025,rho_source_2,2.904616446103221,2.904616093176576,0.9999999999999969,1.4606171382606967e-07,True
4,mechanism_defined_hidden,IRMV1,0.1,0.00025,rho_hidden,0.0,0.0,0.0,0.0,True
4,mechanism_defined_hidden,VREX,0.001,0.001,rho_source_1,2.597768631952194,2.5977593557734147,0.9999999999992848,3.76576308036701e-06,True
4,mechanism_defined_hidden,VREX,0.001,0.001,rho_source_2,2.600652663074992,2.6006432656806444,0.9999999999992751,3.8087886015046007e-06,True
4,mechanism_defined_hidden,VREX,0.001,0.001,rho_hidden,0.0,0.0,0.0,0.0,True
4,mechanism_defined_hidden,VREX,0.001,0.0005,rho_source_1,2.5977616748058967,2.5977593557734147,0.9999999999999553,9.414386449241219e-07,True
4,mechanism_defined_hidden,VREX,0.001,0.0005,rho_source_2,2.6006456150143187,2.6006432656806444,0.9999999999999549,9.521941604421516e-07,True
4,mechanism_defined_hidden,VREX,0.001,0.0005,rho_hidden,0.0,0.0,0.0,0.0,True
4,mechanism_defined_hidden,VREX,0.001,0.00025,rho_source_1,2.597759935533183,2.5977593557734147,0.9999999999999972,2.353603462141728e-07,True
4,mechanism_defined_hidden,VREX,0.001,0.00025,rho_source_2,2.6006438530075693,2.6006432656806444,0.9999999999999973,2.380462106959565e-07,True
4,mechanism_defined_hidden,VREX,0.001,0.00025,rho_hidden,0.0,0.0,0.0,0.0,True
4,mechanism_defined_hidden,VREX,0.01,0.001,rho_source_1,2.57931633810521,2.5793082473824556,0.9999999999993638,3.3333696326965182e-06,True
4,mechanism_defined_hidden,VREX,0.01,0.001,rho_source_2,2.6080604287594995,2.608051146643442,0.9999999999992696,3.7586301289420043e-06,True
4,mechanism_defined_hidden,VREX,0.01,0.001,rho_hidden,0.0,0.0,0.0,0.0,True
4,mechanism_defined_hidden,VREX,0.01,0.0005,rho_source_1,2.579310270054898,2.5793082473824556,0.99999999999996,8.333412902480546e-07,True
4,mechanism_defined_hidden,VREX,0.01,0.0005,rho_source_2,2.608053467159125,2.608051146643442,0.9999999999999543,9.396551129505864e-07,True
4,mechanism_defined_hidden,VREX,0.01,0.0005,rho_hidden,0.0,0.0,0.0,0.0,True
4,mechanism_defined_hidden,VREX,0.01,0.00025,rho_source_1,2.579308753051889,2.5793082473824556,0.9999999999999973,2.083356673198613e-07,True
4,mechanism_defined_hidden,VREX,0.01,0.00025,rho_source_2,2.60805172676986,2.608051146643442,0.999999999999997,2.3491318100465225e-07,True
4,mechanism_defined_hidden,VREX,0.01,0.00025,rho_hidden,0.0,0.0,0.0,0.0,True
4,mechanism_defined_hidden,VREX,0.1,0.001,rho_source_1,2.4010653581990784,2.401067160072313,0.9999999999998737,9.032107286465512e-07,True
4,mechanism_defined_hidden,VREX,0.1,0.001,rho_source_2,2.6792194013162707,2.679211183272883,0.9999999999992044,3.316584057405731e-06,True
4,mechanism_defined_hidden,VREX,0.1,0.001,rho_hidden,0.0,0.0,0.0,0.0,True
4,mechanism_defined_hidden,VREX,0.1,0.0005,rho_source_1,2.401066709608201,2.401067160072313,0.999999999999992,2.2580167126147404e-07,True
4,mechanism_defined_hidden,VREX,0.1,0.0005,rho_source_2,2.679213237777867,2.679211183272883,0.9999999999999505,8.291459958108291e-07,True
4,mechanism_defined_hidden,VREX,0.1,0.0005,rho_hidden,0.0,0.0,0.0,0.0,True
4,mechanism_defined_hidden,VREX,0.1,0.00025,rho_source_1,2.401067047460112,2.401067160072313,0.9999999999999993,5.644876410822764e-08,True
4,mechanism_defined_hidden,VREX,0.1,0.00025,rho_source_2,2.6792116968956914,2.679211183272883,0.9999999999999969,2.0728546389882343e-07,True
4,mechanism_defined_hidden,VREX,0.1,0.00025,rho_hidden,0.0,0.0,0.0,0.0,True
4,mechanism_defined_exposed,ERM,0.0,0.001,rho_source_1,2.5998261792613953,2.5998167689616416,0.9999999999992758,3.8144299146213903e-06,True
4,mechanism_defined_exposed,ERM,0.0,0.001,rho_source_2,2.5998261792628865,2.599816768963394,0.9999999999992757,3.8144298067007264e-06,True
4,mechanism_defined_exposed,ERM,0.0,0.001,rho_hidden,5.199708821274813,5.199633537925036,0.9999999999884122,1.5257739730684332e-05,True
4,mechanism_defined_exposed,ERM,0.0,0.0005,rho_source_1,2.5998191215232946,2.5998167689616416,0.9999999999999549,9.536049292102783e-07,True
4,mechanism_defined_exposed,ERM,0.0,0.0005,rho_source_2,2.599819121527177,2.599816768963394,0.9999999999999547,9.536061044392379e-07,True
4,mechanism_defined_exposed,ERM,0.0,0.0005,rho_hidden,5.199652358514774,5.199633537925036,0.9999999999992758,3.8144282689474655e-06,True
4,mechanism_defined_exposed,ERM,0.0,0.00025,rho_source_1,2.5998173570990177,2.5998167689616416,0.9999999999999971,2.3840002969095743e-07,True
4,mechanism_defined_exposed,ERM,0.0,0.00025,rho_source_2,2.5998173571011636,2.599816768963394,0.9999999999999972,2.3840086467570817e-07,True
4,mechanism_defined_exposed,ERM,0.0,0.00025,rho_hidden,5.199638243055515,5.199633537925036,0.9999999999999545,9.53606401300355e-07,True
4,mechanism_defined_exposed,L2,0.001,0.001,rho_source_1,2.5904329521179585,2.5904237894401207,0.9999999999995027,3.6749823110554344e-06,True
4,mechanism_defined_exposed,L2,0.001,0.001,rho_source_2,2.5904329521205995,2.5904237894418434,0.9999999999995028,3.6749826857487434e-06,True
4,mechanism_defined_exposed,L2,0.001,0.001,rho_hidden,5.180920881186825,5.180847578881964,0.9999999999920456,1.4699944939690205e-05,True
4,mechanism_defined_exposed,L2,0.001,0.0005,rho_source_1,2.5904260800983603,2.5904237894401207,0.9999999999999689,9.187438550954897e-07,True
4,mechanism_defined_exposed,L2,0.001,0.0005,rho_source_2,2.590426080098105,2.5904237894418434,0.999999999999969,9.187430758148453e-07,True
4,mechanism_defined_exposed,L2,0.001,0.0005,rho_hidden,5.180865904227094,5.180847578881964,0.9999999999995028,3.6749804643889175e-06,True
4,mechanism_defined_exposed,L2,0.001,0.00025,rho_source_1,2.5904243621045815,2.5904237894401207,0.9999999999999981,2.2968580737031116e-07,True
4,mechanism_defined_exposed,L2,0.001,0.00025,rho_source_2,2.590424362098865,2.5904237894418434,0.9999999999999979,2.29683265755479e-07,True
4,mechanism_defined_exposed,L2,0.001,0.00025,rho_hidden,5.180852160201153,5.180847578881964,0.9999999999999689,9.187442283481271e-07,True
4,mechanism_defined_exposed,L2,0.01,0.001,rho_source_1,2.580921244277594,2.5809135420167904,0.999999999999862,3.030196371194746e-06,True
4,mechanism_defined_exposed,L2,0.01,0.001,rho_source_2,2.5809212442801375,2.5809135420184677,0.999999999999862,3.030196713978655e-06,True
4,mechanism_defined_exposed,L2,0.01,0.001,rho_hidden,5.161888702710908,5.161827084035259,0.999999999997792,1.2120791265494337e-05,True
4,mechanism_defined_exposed,L2,0.01,0.0005,rho_source_1,2.580915467571245,2.5809135420167904,0.9999999999999915,7.575467206679427e-07,True
4,mechanism_defined_exposed,L2,0.01,0.0005,rho_source_2,2.5809154675744783,2.5809135420184677,0.9999999999999915,7.575474231487504e-07,True
4,mechanism_defined_exposed,L2,0.01,0.0005,rho_hidden,5.161842488546006,5.161827084035259,0.9999999999998619,3.0301944915724454e-06,True
4,mechanism_defined_exposed,L2,0.01,0.00025,rho_source_1,2.5809140234049948,2.5809135420167904,0.9999999999999996,1.8938663671673226e-07,True
4,mechanism_defined_exposed,L2,0.01,0.00025,rho_source_2,2.580914023402589,2.5809135420184677,0.9999999999999993,1.893852004127374e-07,True
4,mechanism_defined_exposed,L2,0.01,0.00025,rho_hidden,5.161830935150028,5.161827084035259,0.9999999999999916,7.57547832401718e-07,True
4,mechanism_defined_exposed,L2,0.1,0.001,rho_source_1,2.5092122944949447,2.5092077809375635,0.9999999999999705,1.8149672980327988e-06,True
4,mechanism_defined_exposed,L2,0.1,0.001,rho_source_2,2.5092122944971185,2.509207780939125,0.9999999999999709,1.8149675508590257e-06,True
4,mechanism_defined_exposed,L2,0.1,0.001,rho_hidden,5.018451670536913,5.018415561876688,0.9999999999995324,7.259870155171358e-06,True
4,mechanism_defined_exposed,L2,0.1,0.0005,rho_source_1,2.5092089093233754,2.5092077809375635,0.9999999999999979,4.5374116087671294e-07,True
4,mechanism_defined_exposed,L2,0.1,0.0005,rho_source_2,2.509208909323083,2.509207780939125,0.9999999999999983,4.537404177508908e-07,True
4,mechanism_defined_exposed,L2,0.1,0.0005,rho_hidden,5.0184245889838035,5.018415561876688,0.9999999999999709,1.8149658867664794e-06,True
4,mechanism_defined_exposed,L2,0.1,0.00025,rho_source_1,2.509208063032773,2.5092077809375635,1.0,1.1343480085509981e-07,True
4,mechanism_defined_exposed,L2,0.1,0.00025,rho_source_2,2.5092080630324958,2.509207780939125,0.9999999999999997,1.1343422098196716e-07,True
4,mechanism_defined_exposed,L2,0.1,0.00025,rho_hidden,5.018417818647236,5.018415561876688,0.9999999999999984,4.537409003618582e-07,True
4,mechanism_defined_exposed,IRMV1,0.001,0.001,rho_source_1,2.597990328638522,2.5979808267959688,0.9999999999992671,3.852555302143777e-06,True
4,mechanism_defined_exposed,IRMV1,0.001,0.001,rho_source_2,2.602272591482486,2.6022631937465053,0.9999999999992897,3.8029714456927915e-06,True
4,mechanism_defined_exposed,IRMV1,0.001,0.001,rho_hidden,5.200310541396342,5.200235181723915,0.9999999999883833,1.5271970905534836e-05,True
4,mechanism_defined_exposed,IRMV1,0.001,0.0005,rho_source_1,2.5979832022459064,2.5979808267959688,0.9999999999999544,9.6313746161886e-07,True
4,mechanism_defined_exposed,IRMV1,0.001,0.0005,rho_source_2,2.602265543167131,2.6022631937465053,0.9999999999999556,9.507405356347396e-07,True
4,mechanism_defined_exposed,IRMV1,0.001,0.0005,rho_hidden,5.200254021394206,5.200235181723915,0.9999999999992739,3.817986101768557e-06,True
4,mechanism_defined_exposed,IRMV1,0.001,0.00025,rho_source_1,2.5979814206559393,2.5979808267959688,0.9999999999999973,2.4078321900757956e-07,True
4,mechanism_defined_exposed,IRMV1,0.001,0.00025,rho_source_2,2.602263781092024,2.6022631937465053,0.9999999999999972,2.3768151805668318e-07,True
4,mechanism_defined_exposed,IRMV1,0.001,0.00025,rho_hidden,5.200239891623088,5.200235181723915,0.9999999999999544,9.544955307411695e-07,True
4,mechanism_defined_exposed,IRMV1,0.01,0.001,rho_source_1,2.5797323011729176,2.5797219900777826,0.9999999999992035,4.191506773141883e-06,True
4,mechanism_defined_exposed,IRMV1,0.01,0.001,rho_source_2,2.6263843176437067,2.6263750663009,0.9999999999994317,3.6803547925394565e-06,True
4,mechanism_defined_exposed,IRMV1,0.01,0.001,rho_hidden,5.20546938628063,5.2053933164380215,0.9999999999880845,1.540725798217579e-05,True
4,mechanism_defined_exposed,IRMV1,0.01,0.0005,rho_source_1,2.5797245678353034,2.5797219900777826,0.9999999999999503,1.047873433897317e-06,True
4,mechanism_defined_exposed,IRMV1,0.01,0.0005,rho_source_2,2.626377379122609,2.6263750663009,0.9999999999999646,9.20086004147732e-07,True
4,mechanism_defined_exposed,IRMV1,0.01,0.0005,rho_hidden,5.205412333648347,5.2053933164380215,0.9999999999992552,3.851808132668784e-06,True
4,mechanism_defined_exposed,IRMV1,0.01,0.00025,rho_source_1,2.579722634521513,2.5797219900777826,0.9999999999999969,2.6197017318281083e-07,True
4,mechanism_defined_exposed,IRMV1,0.01,0.00025,rho_source_2,2.626375644498757,2.6263750663009,0.9999999999999979,2.3001875347411615e-07,True
4,mechanism_defined_exposed,IRMV1,0.01,0.00025,rho_hidden,5.205398070723752,5.2053933164380215,0.9999999999999535,9.629513632195723e-07,True
4,mechanism_defined_exposed,IRMV1,0.1,0.001,rho_source_1,2.4043695903633413,2.4043529520462705,0.9999999999970273,7.337061570129033e-06,True
4,mechanism_defined_exposed,IRMV1,0.1,0.001,rho_source_2,2.9046217402122188,2.904616093176576,0.9999999999991592,2.3370368052723794e-06,True
4,mechanism_defined_exposed,IRMV1,0.1,0.001,rho_hidden,5.250571652251668,5.250487885658977,0.9999999999842946,1.690958476687236e-05,True
4,mechanism_defined_exposed,IRMV1,0.1,0.0005,rho_source_1,2.4043571115816125,2.4043529520462705,0.9999999999998143,1.8342558271811464e-06,True
4,mechanism_defined_exposed,IRMV1,0.1,0.0005,rho_source_2,2.904617504911418,2.904616093176576,0.9999999999999476,5.842539629639719e-07,True
4,mechanism_defined_exposed,IRMV1,0.1,0.0005,rho_hidden,5.250508827025268,5.250487885658977,0.9999999999990182,4.227392015967526e-06,True
4,mechanism_defined_exposed,IRMV1,0.1,0.00025,rho_source_1,2.4043539919314227,2.4043529520462705,0.9999999999999885,4.585647572469972e-07,True
4,mechanism_defined_exposed,IRMV1,0.1,0.00025,rho_source_2,2.904616446103221,2.904616093176576,0.9999999999999969,1.4606171382606967e-07,True
4,mechanism_defined_exposed,IRMV1,0.1,0.00025,rho_hidden,5.250493120976065,5.250487885658977,0.9999999999999386,1.0568462160689637e-06,True
4,mechanism_defined_exposed,VREX,0.001,0.001,rho_source_1,2.597768631952194,2.5977593557734147,0.9999999999992848,3.76576308036701e-06,True
4,mechanism_defined_exposed,VREX,0.001,0.001,rho_source_2,2.600652663074992,2.6006432656806444,0.9999999999992751,3.8087886015046007e-06,True
4,mechanism_defined_exposed,VREX,0.001,0.001,rho_hidden,5.198477808292919,5.198402621454058,0.9999999999884269,1.524241331820858e-05,True
4,mechanism_defined_exposed,VREX,0.001,0.0005,rho_source_1,2.5977616748058967,2.5977593557734147,0.9999999999999553,9.414386449241219e-07,True
4,mechanism_defined_exposed,VREX,0.001,0.0005,rho_source_2,2.6006456150143187,2.6006432656806444,0.9999999999999549,9.521941604421516e-07,True
4,mechanism_defined_exposed,VREX,0.001,0.0005,rho_hidden,5.198421417915799,5.198402621454058,0.9999999999992766,3.810596523854501e-06,True
4,mechanism_defined_exposed,VREX,0.001,0.00025,rho_source_1,2.597759935533183,2.5977593557734147,0.9999999999999972,2.353603462141728e-07,True
4,mechanism_defined_exposed,VREX,0.001,0.00025,rho_source_2,2.6006438530075693,2.6006432656806444,0.9999999999999973,2.380462106959565e-07,True
4,mechanism_defined_exposed,VREX,0.001,0.00025,rho_hidden,5.198407320551206,5.198402621454058,0.9999999999999545,9.526480832978313e-07,True
4,mechanism_defined_exposed,VREX,0.01,0.001,rho_source_1,2.57931633810521,2.5793082473824556,0.9999999999993638,3.3333696326965182e-06,True
4,mechanism_defined_exposed,VREX,0.01,0.001,rho_source_2,2.6080604287594995,2.608051146643442,0.9999999999992696,3.7586301289420043e-06,True
4,mechanism_defined_exposed,VREX,0.01,0.001,rho_hidden,5.1874337190182125,5.187359394025901,0.999999999988558,1.5105364948327042e-05,True
4,mechanism_defined_exposed,VREX,0.01,0.0005,rho_source_1,2.579310270054898,2.5793082473824556,0.99999999999996,8.333412902480546e-07,True
4,mechanism_defined_exposed,VREX,0.01,0.0005,rho_source_2,2.608053467159125,2.608051146643442,0.9999999999999543,9.396551129505864e-07,True
4,mechanism_defined_exposed,VREX,0.01,0.0005,rho_hidden,5.187377975034057,5.187359394025901,0.9999999999992849,3.776335140856083e-06,True
4,mechanism_defined_exposed,VREX,0.01,0.00025,rho_source_1,2.579308753051889,2.5793082473824556,0.9999999999999973,2.083356673198613e-07,True
4,mechanism_defined_exposed,VREX,0.01,0.00025,rho_source_2,2.60805172676986,2.608051146643442,0.999999999999997,2.3491318100465225e-07,True
4,mechanism_defined_exposed,VREX,0.01,0.00025,rho_hidden,5.187364039255746,5.187359394025901,0.9999999999999553,9.440818711418292e-07,True
4,mechanism_defined_exposed,VREX,0.1,0.001,rho_source_1,2.4010653581990784,2.401067160072313,0.9999999999998737,9.032107286465512e-07,True
4,mechanism_defined_exposed,VREX,0.1,0.001,rho_source_2,2.6792194013162707,2.679211183272883,0.9999999999992044,3.316584057405731e-06,True
4,mechanism_defined_exposed,VREX,0.1,0.001,rho_hidden,5.080344678289799,5.080278343345197,0.9999999999897706,1.3818391621442278e-05,True
4,mechanism_defined_exposed,VREX,0.1,0.0005,rho_source_1,2.401066709608201,2.401067160072313,0.999999999999992,2.2580167126147404e-07,True
4,mechanism_defined_exposed,VREX,0.1,0.0005,rho_source_2,2.679213237777867,2.679211183272883,0.9999999999999505,8.291459958108291e-07,True
4,mechanism_defined_exposed,VREX,0.1,0.0005,rho_hidden,5.080294926903765,5.080278343345197,0.9999999999993607,3.4545965411944605e-06,True
4,mechanism_defined_exposed,VREX,0.1,0.00025,rho_source_1,2.401067047460112,2.401067160072313,0.9999999999999993,5.644876410822764e-08,True
4,mechanism_defined_exposed,VREX,0.1,0.00025,rho_source_2,2.6792116968956914,2.679211183272883,0.9999999999999969,2.0728546389882343e-07,True
4,mechanism_defined_exposed,VREX,0.1,0.00025,rho_hidden,5.080282489222603,5.080278343345197,0.9999999999999599,8.63648818584658e-07,True
4,irrelevant_source_diversity,ERM,0.0,0.001,rho_source_1,2.5998261792613953,2.599816768961642,0.9999999999992756,3.8144299144619584e-06,True
4,irrelevant_source_diversity,ERM,0.0,0.001,rho_source_2,2.5998261792628865,2.599816768963394,0.9999999999992757,3.8144298067412993e-06,True
4,irrelevant_source_diversity,ERM,0.0,0.001,rho_hidden,0.0,0.0,0.0,0.0,True
4,irrelevant_source_diversity,ERM,0.0,0.001,brightness_nuisance,3.089953827199709,3.089951094018866,0.9999999999999997,8.84636868224771e-07,True
4,irrelevant_source_diversity,ERM,0.0,0.0005,rho_source_1,2.5998191215232946,2.599816768961642,0.9999999999999548,9.536049290508468e-07,True
4,irrelevant_source_diversity,ERM,0.0,0.0005,rho_source_2,2.599819121527177,2.599816768963394,0.9999999999999547,9.536061044798107e-07,True
4,irrelevant_source_diversity,ERM,0.0,0.0005,rho_hidden,0.0,0.0,0.0,0.0,True
4,irrelevant_source_diversity,ERM,0.0,0.0005,brightness_nuisance,3.089870382783532,3.089951094018866,0.9999999999933386,2.6375026358439984e-05,True
4,irrelevant_source_diversity,ERM,0.0,0.00025,rho_source_1,2.5998173570990177,2.599816768961642,0.9999999999999971,2.3840002953152616e-07,True
4,irrelevant_source_diversity,ERM,0.0,0.00025,rho_source_2,2.5998173571011636,2.599816768963394,0.9999999999999971,2.3840086471628785e-07,True
4,irrelevant_source_diversity,ERM,0.0,0.00025,rho_hidden,0.0,0.0,0.0,0.0,True
4,irrelevant_source_diversity,ERM,0.0,0.00025,brightness_nuisance,3.0896582706624747,3.089951094018866,0.9999999999238194,9.557581659080941e-05,True
4,irrelevant_source_diversity,L2,0.001,0.001,rho_source_1,2.5904329521179585,2.5904237894401203,0.9999999999995028,3.674982311087228e-06,True
4,irrelevant_source_diversity,L2,0.001,0.001,rho_source_2,2.5904329521205995,2.5904237894418443,0.9999999999995032,3.6749826854203216e-06,True
4,irrelevant_source_diversity,L2,0.001,0.001,rho_hidden,0.0,0.0,0.0,0.0,True
4,irrelevant_source_diversity,L2,0.001,0.001,brightness_nuisance,3.019925811226411,3.019923231545476,0.9999999999999889,8.671666323144463e-07,True
4,irrelevant_source_diversity,L2,0.001,0.0005,rho_source_1,2.5904260800983603,2.5904237894401203,0.999999999999969,9.187438551272834e-07,True
4,irrelevant_source_diversity,L2,0.001,0.0005,rho_source_2,2.590426080098105,2.5904237894418443,0.9999999999999689,9.187430754864228e-07,True
4,irrelevant_source_diversity,L2,0.001,0.0005,rho_hidden,0.0,0.0,0.0,0.0,True
4,irrelevant_source_diversity,L2,0.001,0.0005,brightness_nuisance,3.0198447183183275,3.019923231545476,0.9999999999942601,2.6218961773708287e-05,True
4,irrelevant_source_diversity,L2,0.001,0.00025,rho_source_1,2.5904243621045815,2.5904237894401203,0.9999999999999983,2.2968580740210586e-07,True
4,irrelevant_source_diversity,L2,0.001,0.00025,rho_source_2,2.590424362098865,2.5904237894418443,0.999999999999998,2.2968326542705634e-07,True
4,irrelevant_source_diversity,L2,0.001,0.00025,rho_hidden,0.0,0.0,0.0,0.0,True
4,irrelevant_source_diversity,L2,0.001,0.00025,brightness_nuisance,3.0196385954767644,3.019923231545476,0.9999999999407915,9.488774314898931e-05,True
4,irrelevant_source_diversity,L2,0.01,0.001,rho_source_1,2.580921244277594,2.58091354201679,0.999999999999862,3.030196371396525e-06,True
4,irrelevant_source_diversity,L2,0.01,0.001,rho_source_2,2.5809212442801375,2.580913542018467,0.9999999999998619,3.0301967142906623e-06,True
4,irrelevant_source_diversity,L2,0.01,0.001,rho_hidden,0.0,0.0,0.0,0.0,True
4,irrelevant_source_diversity,L2,0.01,0.001,brightness_nuisance,2.9429063856569937,2.9429038075727605,0.9999999999999901,8.870925591014741e-07,True
4,irrelevant_source_diversity,L2,0.01,0.0005,rho_source_1,2.580915467571245,2.58091354201679,0.9999999999999913,7.575467208697217e-07,True
4,irrelevant_source_diversity,L2,0.01,0.0005,rho_source_2,2.5809154675744783,2.580913542018467,0.9999999999999916,7.575474234607582e-07,True
4,irrelevant_source_diversity,L2,0.01,0.0005,rho_hidden,0.0,0.0,0.0,0.0,True
4,irrelevant_source_diversity,L2,0.01,0.0005,brightness_nuisance,2.9428280144931036,2.9429038075727605,0.9999999999978445,2.5838747799130638e-05,True
4,irrelevant_source_diversity,L2,0.01,0.00025,rho_source_1,2.5809140234049948,2.58091354201679,0.9999999999999994,1.8938663691851155e-07,True
4,irrelevant_source_diversity,L2,0.01,0.00025,rho_source_2,2.580914023402589,2.580913542018467,0.9999999999999994,1.8938520072474337e-07,True
4,irrelevant_source_diversity,L2,0.01,0.00025,rho_hidden,0.0,0.0,0.0,0.0,True
4,irrelevant_source_diversity,L2,0.01,0.00025,brightness_nuisance,2.9426280127087994,2.9429038075727605,0.999999999978202,9.395631031526741e-05,True
4,irrelevant_source_diversity,L2,0.1,0.001,rho_source_1,2.5092122944949447,2.5092077809375635,0.9999999999999708,1.8149672978627855e-06,True
4,irrelevant_source_diversity,L2,0.1,0.001,rho_source_2,2.5092122944971185,2.5092077809391244,0.9999999999999709,1.8149675510989456e-06,True
4,irrelevant_source_diversity,L2,0.1,0.001,rho_hidden,0.0,0.0,0.0,0.0,True
4,irrelevant_source_diversity,L2,0.1,0.001,brightness_nuisance,2.985180744453278,2.98517817573134,0.9999999999999988,8.622906814101313e-07,True
4,irrelevant_source_diversity,L2,0.1,0.0005,rho_source_1,2.5092089093233754,2.5092077809375635,0.999999999999998,4.537411607066986e-07,True
4,irrelevant_source_diversity,L2,0.1,0.0005,rho_source_2,2.509208909323083,2.5092077809391244,0.9999999999999981,4.537404179908111e-07,True
4,irrelevant_source_diversity,L2,0.1,0.0005,rho_hidden,0.0,0.0,0.0,0.0,True
4,irrelevant_source_diversity,L2,0.1,0.0005,brightness_nuisance,2.9851006377749556,2.98517817573134,0.9999999999992722,2.6002999405220415e-05,True
4,irrelevant_source_diversity,L2,0.1,0.00025,rho_source_1,2.509208063032773,2.5092077809375635,1.0,1.1343480068508784e-07,True
4,irrelevant_source_diversity,L2,0.1,0.00025,rho_source_2,2.5092080630324958,2.5092077809391244,0.9999999999999999,1.1343422122188664e-07,True
4,irrelevant_source_diversity,L2,0.1,0.00025,rho_hidden,0.0,0.0,0.0,0.0,True
4,irrelevant_source_diversity,L2,0.1,0.00025,brightness_nuisance,2.9848981033144826,2.98517817573134,0.9999999999906802,9.392908891919338e-05,True
4,irrelevant_source_diversity,IRMV1,0.001,0.001,rho_source_1,2.597990328638522,2.5979808267959683,0.999999999999267,3.8525553022368576e-06,True
4,irrelevant_source_diversity,IRMV1,0.001,0.001,rho_source_2,2.602272591482486,2.6022631937465057,0.9999999999992897,3.802971445591382e-06,True
4,irrelevant_source_diversity,IRMV1,0.001,0.001,rho_hidden,0.0,0.0,0.0,0.0,True
4,irrelevant_source_diversity,IRMV1,0.001,0.001,brightness_nuisance,3.0898726335364484,3.089869900423867,1.0000000000000002,8.846380265743613e-07,True
4,irrelevant_source_diversity,IRMV1,0.001,0.0005,rho_source_1,2.5979832022459064,2.5979808267959683,0.9999999999999544,9.631374617119405e-07,True
4,irrelevant_source_diversity,IRMV1,0.001,0.0005,rho_source_2,2.602265543167131,2.6022631937465057,0.9999999999999554,9.507405355333298e-07,True
4,irrelevant_source_diversity,IRMV1,0.001,0.0005,rho_hidden,0.0,0.0,0.0,0.0,True
4,irrelevant_source_diversity,IRMV1,0.001,0.0005,brightness_nuisance,3.0897891910389865,3.089869900423867,0.9999999999933371,2.6375168630374578e-05,True
4,irrelevant_source_diversity,IRMV1,0.001,0.00025,rho_source_1,2.5979814206559393,2.5979808267959683,0.9999999999999972,2.407832191006612e-07,True
4,irrelevant_source_diversity,IRMV1,0.001,0.00025,rho_source_2,2.602263781092024,2.6022631937465057,0.9999999999999971,2.3768151795527374e-07,True
4,irrelevant_source_diversity,IRMV1,0.001,0.00025,rho_hidden,0.0,0.0,0.0,0.0,True
4,irrelevant_source_diversity,IRMV1,0.001,0.00025,brightness_nuisance,3.089577082798951,3.089869900423867,0.9999999999238111,9.557653759860456e-05,True
4,irrelevant_source_diversity,IRMV1,0.01,0.001,rho_source_1,2.5797323011729176,2.579721990077782,0.9999999999992035,4.191506773225921e-06,True
4,irrelevant_source_diversity,IRMV1,0.01,0.001,rho_source_2,2.6263843176437067,2.6263750663009007,0.9999999999994316,3.6803547922909197e-06,True
4,irrelevant_source_diversity,IRMV1,0.01,0.001,rho_hidden,0.0,0.0,0.0,0.0,True
4,irrelevant_source_diversity,IRMV1,0.01,0.001,brightness_nuisance,3.0893709989170315,3.089368266252725,1.0,8.846364861047846e-07,True
4,irrelevant_source_diversity,IRMV1,0.01,0.0005,rho_source_1,2.5797245678353034,2.579721990077782,0.9999999999999504,1.0478734339813553e-06,True
4,irrelevant_source_diversity,IRMV1,0.01,0.0005,rho_source_2,2.626377379122609,2.6263750663009007,0.9999999999999645,9.200860038991952e-07,True
4,irrelevant_source_diversity,IRMV1,0.01,0.0005,rho_hidden,0.0,0.0,0.0,0.0,True
4,irrelevant_source_diversity,IRMV1,0.01,0.0005,brightness_nuisance,3.0892875655915497,3.089368266252725,0.9999999999933245,2.637705504190123e-05,True
4,irrelevant_source_diversity,IRMV1,0.01,0.00025,rho_source_1,2.579722634521513,2.579721990077782,0.9999999999999971,2.619701732668487e-07,True
4,irrelevant_source_diversity,IRMV1,0.01,0.00025,rho_source_2,2.626375644498757,2.6263750663009007,0.9999999999999976,2.300187532255805e-07,True
4,irrelevant_source_diversity,IRMV1,0.01,0.00025,rho_hidden,0.0,0.0,0.0,0.0,True
4,irrelevant_source_diversity,IRMV1,0.01,0.00025,brightness_nuisance,3.0890754812995227,3.089368266252725,0.9999999999237293,9.558216617882228e-05,True
4,irrelevant_source_diversity,IRMV1,0.1,0.001,rho_source_1,2.4043695903633413,2.4043529520462705,0.9999999999970273,7.337061570101222e-06,True
4,irrelevant_source_diversity,IRMV1,0.1,0.001,rho_source_2,2.9046217402122188,2.9046160931765757,0.9999999999991592,2.3370368054190944e-06,True
4,irrelevant_source_diversity,IRMV1,0.1,0.001,rho_hidden,0.0,0.0,0.0,0.0,True
4,irrelevant_source_diversity,IRMV1,0.1,0.001,brightness_nuisance,3.086482249895563,3.086479520161752,0.9999999999999998,8.845124393541193e-07,True
4,irrelevant_source_diversity,IRMV1,0.1,0.0005,rho_source_1,2.4043571115816125,2.4043529520462705,0.9999999999998143,1.834255827153336e-06,True
4,irrelevant_source_diversity,IRMV1,0.1,0.0005,rho_source_2,2.904617504911418,2.9046160931765757,0.9999999999999476,5.842539631106864e-07,True
4,irrelevant_source_diversity,IRMV1,0.1,0.0005,rho_hidden,0.0,0.0,0.0,0.0,True
4,irrelevant_source_diversity,IRMV1,0.1,0.0005,brightness_nuisance,3.086398832613176,3.086479520161752,0.9999999999932001,2.6401773125074624e-05,True
4,irrelevant_source_diversity,IRMV1,0.1,0.00025,rho_source_1,2.4043539919314227,2.4043529520462705,0.9999999999999885,4.585647572191861e-07,True
4,irrelevant_source_diversity,IRMV1,0.1,0.00025,rho_source_2,2.904616446103221,2.9046160931765757,0.9999999999999967,1.4606171397278327e-07,True
4,irrelevant_source_diversity,IRMV1,0.1,0.00025,rho_hidden,0.0,0.0,0.0,0.0,True
4,irrelevant_source_diversity,IRMV1,0.1,0.00025,brightness_nuisance,3.086186891818001,3.086479520161752,0.999999999922871,9.562878900462304e-05,True
4,irrelevant_source_diversity,VREX,0.001,0.001,rho_source_1,2.597768631952194,2.597759355773414,0.9999999999992848,3.765763080542081e-06,True
4,irrelevant_source_diversity,VREX,0.001,0.001,rho_source_2,2.600652663074992,2.600643265680645,0.9999999999992751,3.8087886014618607e-06,True
4,irrelevant_source_diversity,VREX,0.001,0.001,rho_hidden,0.0,0.0,0.0,0.0,True
4,irrelevant_source_diversity,VREX,0.001,0.001,brightness_nuisance,3.089931220784645,3.089928487623321,1.0,8.846369758039508e-07,True
4,irrelevant_source_diversity,VREX,0.001,0.0005,rho_source_1,2.5977616748058967,2.597759355773414,0.9999999999999554,9.414386450991941e-07,True
4,irrelevant_source_diversity,VREX,0.001,0.0005,rho_source_2,2.6006456150143187,2.600643265680645,0.9999999999999548,9.521941603994121e-07,True
4,irrelevant_source_diversity,VREX,0.001,0.0005,rho_hidden,0.0,0.0,0.0,0.0,True
4,irrelevant_source_diversity,VREX,0.001,0.0005,brightness_nuisance,3.089847777102067,3.089928487623321,0.9999999999933382,2.6374984518844296e-05,True
4,irrelevant_source_diversity,VREX,0.001,0.00025,rho_source_1,2.597759935533183,2.597759355773414,0.9999999999999972,2.3536034638924512e-07,True
4,irrelevant_source_diversity,VREX,0.001,0.00025,rho_source_2,2.6006438530075693,2.600643265680645,0.9999999999999972,2.380462106532174e-07,True
4,irrelevant_source_diversity,VREX,0.001,0.00025,rho_hidden,0.0,0.0,0.0,0.0,True
4,irrelevant_source_diversity,VREX,0.001,0.00025,brightness_nuisance,3.089635666739939,3.089928487623321,0.9999999999238207,9.557569491032772e-05,True
4,irrelevant_source_diversity,VREX,0.01,0.001,rho_source_1,2.57931633810521,2.579308247382456,0.9999999999993638,3.333369632581527e-06,True
4,irrelevant_source_diversity,VREX,0.01,0.001,rho_source_2,2.6080604287594995,2.608051146643443,0.9999999999992697,3.7586301286103062e-06,True
4,irrelevant_source_diversity,VREX,0.01,0.001,rho_hidden,0.0,0.0,0.0,0.0,True
4,irrelevant_source_diversity,VREX,0.01,0.001,brightness_nuisance,3.089728207668271,3.08972547468296,1.0000000000000002,8.846377769520769e-07,True
4,irrelevant_source_diversity,VREX,0.01,0.0005,rho_source_1,2.579310270054898,2.579308247382456,0.99999999999996,8.33341290133063e-07,True
4,irrelevant_source_diversity,VREX,0.01,0.0005,rho_source_2,2.608053467159125,2.608051146643443,0.9999999999999543,9.396551126188866e-07,True
4,irrelevant_source_diversity,VREX,0.01,0.0005,rho_hidden,0.0,0.0,0.0,0.0,True
4,irrelevant_source_diversity,VREX,0.01,0.0005,brightness_nuisance,3.0896447705654597,3.08972547468296,0.9999999999933392,2.6374611544497407e-05,True
4,irrelevant_source_diversity,VREX,0.01,0.00025,rho_source_1,2.579308753051889,2.579308247382456,0.9999999999999974,2.0833566720486935e-07,True
4,irrelevant_source_diversity,VREX,0.01,0.00025,rho_source_2,2.60805172676986,2.608051146643443,0.9999999999999969,2.3491318067295063e-07,True
4,irrelevant_source_diversity,VREX,0.01,0.00025,rho_hidden,0.0,0.0,0.0,0.0,True
4,irrelevant_source_diversity,VREX,0.01,0.00025,brightness_nuisance,3.0894326760116444,3.08972547468296,0.9999999999238345,9.557460183018001e-05,True
4,irrelevant_source_diversity,VREX,0.1,0.001,rho_source_1,2.4010653581990784,2.401067160072312,0.9999999999998737,9.032107284256316e-07,True
4,irrelevant_source_diversity,VREX,0.1,0.001,rho_source_2,2.6792194013162707,2.679211183272883,0.9999999999992044,3.316584057397305e-06,True
4,irrelevant_source_diversity,VREX,0.1,0.001,rho_hidden,0.0,0.0,0.0,0.0,True
4,irrelevant_source_diversity,VREX,0.1,0.001,brightness_nuisance,3.087740972945438,3.0877382416811674,0.9999999999999998,8.846464180991727e-07,True
4,irrelevant_source_diversity,VREX,0.1,0.0005,rho_source_1,2.401066709608201,2.401067160072312,0.9999999999999921,2.2580167104055538e-07,True
4,irrelevant_source_diversity,VREX,0.1,0.0005,rho_source_2,2.679213237777867,2.679211183272883,0.9999999999999505,8.291459958024031e-07,True
4,irrelevant_source_diversity,VREX,0.1,0.0005,rho_hidden,0.0,0.0,0.0,0.0,True
4,irrelevant_source_diversity,VREX,0.1,0.0005,brightness_nuisance,3.087657600078576,3.0877382416811674,0.9999999999933442,2.6371021341166114e-05,True
4,irrelevant_source_diversity,VREX,0.1,0.00025,rho_source_1,2.401067047460112,2.401067160072312,0.9999999999999996,5.6448763887312506e-08,True
4,irrelevant_source_diversity,VREX,0.1,0.00025,rho_source_2,2.6792116968956914,2.679211183272883,0.9999999999999969,2.072854638903969e-07,True
4,irrelevant_source_diversity,VREX,0.1,0.00025,rho_hidden,0.0,0.0,0.0,0.0,True
4,irrelevant_source_diversity,VREX,0.1,0.00025,brightness_nuisance,3.0874456607561087,3.0877382416811674,0.9999999999239643,9.556378987867972e-05,True
