seed,method,beta,checkpoint_step,checkpoint_fraction,source_env1_accuracy,source_env2_accuracy,mean_source_accuracy,worst_source_accuracy,target_accuracy,source_loss,regularizer_magnitude,erm_gradient_norm,penalty_gradient_norm,total_update_norm,raw_gradient_disagreement,local_response_disagreement,response_vector_norm,hessian_min_eigenvalue,hessian_max_eigenvalue,damped_condition_number,damping,curvature_object,random_trace_relative_error,random_fro_relative_error,counterfactual_color_response,target_metric_use,train_penalty_raw_gradient_disagreement,train_penalty_local_response_disagreement,train_penalty_response_vector_norm,train_penalty_hessian_min_eigenvalue,train_penalty_hessian_max_eigenvalue,train_penalty_damped_condition_number,train_penalty_damping,train_penalty_curvature_object,train_penalty_random_trace_relative_error,train_penalty_random_fro_relative_error
0,ERM,0.0,2,0.125,0.49000000953674316,0.49000000953674316,0.49000000953674316,0.49000000953674316,0.5400000214576721,0.6764124631881714,0.0,0.18096524477005005,0.0,0.18096524477005005,0.00023815067834220827,0.034057121723890305,15.655574798583984,8.10375899679832e-05,0.5308604922772576,6550.793187297315,8.104584935527244e-05,linear-head cross-entropy Gauss-Newton/Hessian + trace damping,2.0550109602103764e-16,1.045663492909539e-15,0.0006363183492794633,posthoc_after_source_selection_rule_defined,,,,,,,,,,
0,ERM,0.0,4,0.25,0.8974999785423279,0.8199999928474426,0.8587499856948853,0.8199999928474426,0.18714286386966705,0.6571381688117981,0.0,0.24422965943813324,0.0,0.24422965943813324,0.0002682802441995591,0.03160172328352928,14.359735488891602,8.845784946942375e-05,0.5671408642599753,6411.424962982089,8.84635887500322e-05,linear-head cross-entropy Gauss-Newton/Hessian + trace damping,1.8826967236798125e-16,1.9568377028080871e-16,0.004473994951695204,posthoc_after_source_selection_rule_defined,,,,,,,,,,
0,ERM,0.0,8,0.5,0.8899999856948853,0.7975000143051147,0.84375,0.7975000143051147,0.10285714268684387,0.5973438024520874,0.0,0.4399202764034271,0.0,0.4399202764034271,0.0006859925342723727,0.019582599401474,8.747355461120605,0.0001330837586321842,0.7505920933441524,5639.997705645154,0.00013308800107827694,linear-head cross-entropy Gauss-Newton/Hessian + trace damping,7.508570600892236e-16,0.0,0.045710280537605286,posthoc_after_source_selection_rule_defined,,,,,,,,,,
0,ERM,0.0,12,0.75,0.8899999856948853,0.7975000143051147,0.84375,0.7975000143051147,0.10285714268684387,0.5171031355857849,0.0,0.5917540192604065,0.0,0.5917540192604065,0.003098350018262863,0.020087052136659622,5.6666178703308105,0.00026129241135521903,1.2410499694437473,4749.659444784173,0.00026131507714815215,linear-head cross-entropy Gauss-Newton/Hessian + trace damping,3.8241216815106006e-16,5.004773627299166e-16,0.20689831674098969,posthoc_after_source_selection_rule_defined,,,,,,,,,,
0,ERM,0.0,16,1.0,0.8899999856948853,0.7975000143051147,0.84375,0.7975000143051147,0.10285714268684387,0.4438888430595398,0.0,0.7281515598297119,0.0,0.7281515598297119,0.00942913070321083,0.018765293061733246,4.103464603424072,0.00048406818668584104,2.05957460888505,4254.720028155266,0.00048409811249285035,linear-head cross-entropy Gauss-Newton/Hessian + trace damping,1.2385513925042884e-15,5.66843804700557e-16,0.589310884475708,posthoc_after_source_selection_rule_defined,,,,,,,,,,
0,IRMv1,0.001,2,0.125,0.49000000953674316,0.49000000953674316,0.49000000953674316,0.49000000953674316,0.5400000214576721,0.6764125823974609,0.0002461128169670701,0.1809655874967575,0.00496999267488718,0.18096080422401428,0.0002381507947575301,0.03405715897679329,15.65558910369873,8.103603496537729e-05,0.5308608687239608,6550.923536063574,8.104590274115468e-05,linear-head cross-entropy Gauss-Newton/Hessian + trace damping,4.1100192131013346e-16,4.1826510068376105e-16,0.0006363129359669983,posthoc_after_source_selection_rule_defined,,,,,,,,,,
0,IRMv1,0.001,4,0.25,0.8974999785423279,0.8199999928474426,0.8587499856948853,0.8199999928474426,0.18714286386966705,0.6571381092071533,0.0011815403122454882,0.24423359334468842,0.014827944338321686,0.24421891570091248,0.0002683096972759813,0.031620245426893234,14.362746238708496,8.846825575882554e-05,0.5671889093790065,6411.21388134098,8.847107727144083e-05,linear-head cross-entropy Gauss-Newton/Hessian + trace damping,9.412686826093823e-16,3.9133438923938385e-16,0.004473984241485596,posthoc_after_source_selection_rule_defined,,,,,,,,,,
0,IRMv1,0.001,8,0.5,0.8899999856948853,0.7975000143051147,0.84375,0.7975000143051147,0.10285714268684387,0.5973442792892456,0.007063174154609442,0.4399240016937256,0.062296561896800995,0.43986353278160095,0.0006859725108370185,0.019588259980082512,8.75039291381836,0.00013307690549959646,0.7505657691098425,5640.090339432476,0.00013308454276711652,linear-head cross-entropy Gauss-Newton/Hessian + trace damping,1.251460952877815e-16,7.293666316938972e-16,0.045710623264312744,posthoc_after_source_selection_rule_defined,,,,,,,,,,
0,IRMv1,0.001,12,0.75,0.8899999856948853,0.7975000143051147,0.84375,0.7975000143051147,0.10285714268684387,0.5171026587486267,0.015133358538150787,0.5917351245880127,0.1437140554189682,0.5916337966918945,0.0030983183532953262,0.02008276805281639,5.665021896362305,0.0002613321651551099,1.2412586667103582,4749.735517530447,0.000261346697807312,linear-head cross-entropy Gauss-Newton/Hessian + trace damping,1.2745529987713054e-16,2.168418243081275e-15,0.2068990021944046,posthoc_after_source_selection_rule_defined,,,,,,,,,,
0,IRMv1,0.001,16,1.0,0.8899999856948853,0.7975000143051147,0.84375,0.7975000143051147,0.10285714268684387,0.4438953399658203,0.009940287098288536,0.7283251881599426,0.20542316138744354,0.7282025218009949,0.009430192410945892,0.018758518621325493,4.101355075836182,0.0004841687559368418,2.0602641079438624,4255.260346069536,0.00048420036945379146,linear-head cross-entropy Gauss-Newton/Hessian + trace damping,8.255265507997347e-16,1.322299441398813e-15,0.589346706867218,posthoc_after_source_selection_rule_defined,,,,,,,,,,
0,V-REx,0.001,2,0.125,0.49000000953674316,0.49000000953674316,0.49000000953674316,0.49000000953674316,0.5400000214576721,0.6764125823974609,2.0873228550044587e-06,0.1809656023979187,9.706323180580512e-05,0.18096552789211273,0.00023815050371922553,0.0340571328997612,15.655595779418945,8.10414882604354e-05,0.5308607813390104,6550.481645068425,8.10458915955765e-05,linear-head cross-entropy Gauss-Newton/Hessian + trace damping,4.110019778318641e-16,2.09132584742637e-16,0.0006363156717270613,posthoc_after_source_selection_rule_defined,,,,,,,,,,
0,V-REx,0.001,4,0.25,0.8974999785423279,0.8199999928474426,0.8587499856948853,0.8199999928474426,0.18714286386966705,0.6571384072303772,8.73249246069463e-06,0.24423082172870636,0.0002553357626311481,0.24423062801361084,0.00026827986584976315,0.031602729111909866,14.36003303527832,8.843963209551926e-05,0.5671424553504615,6412.763620928669,8.84638181940483e-05,linear-head cross-entropy Gauss-Newton/Hessian + trace damping,5.648075521880959e-16,5.870496664457618e-16,0.004473991226404905,posthoc_after_source_selection_rule_defined,,,,,,,,,,
0,V-REx,0.001,8,0.5,0.8899999856948853,0.7975000143051147,0.84375,0.7975000143051147,0.10285714268684387,0.5973439812660217,8.529228216502815e-05,0.43992140889167786,0.0018780212849378586,0.4399198591709137,0.0006859863642603159,0.0195823572576046,8.747400283813477,0.0001330756938185777,0.7505942008908688,5640.355344787118,0.0001330882522531531,linear-head cross-entropy Gauss-Newton/Hessian + trace damping,2.502852143370873e-16,1.7504170653261519e-15,0.0457102507352829,posthoc_after_source_selection_rule_defined,,,,,,,,,,
0,V-REx,0.001,12,0.75,0.8899999856948853,0.7975000143051147,0.84375,0.7975000143051147,0.10285714268684387,0.5171033143997192,0.000562631874345243,0.5917459726333618,0.0067115421406924725,0.5917397737503052,0.003098335349932313,0.020087074488401413,5.666597843170166,0.0002612936857291322,1.2410521003746897,4749.644435193951,0.00026131527385476864,linear-head cross-entropy Gauss-Newton/Hessian + trace damping,2.549412535253604e-16,1.167779025925032e-15,0.20689821243286133,posthoc_after_source_selection_rule_defined,,,,,,,,,,
0,V-REx,0.001,16,1.0,0.8899999856948853,0.7975000143051147,0.84375,0.7975000143051147,0.10285714268684387,0.4438900947570801,0.002047397894784808,0.7281707525253296,0.014977075159549713,0.7281678318977356,0.009429164230823517,0.018765099346637726,4.103476524353027,0.0004840729140898991,2.0595763433753698,4254.682060134597,0.0004840979679967418,linear-head cross-entropy Gauss-Newton/Hessian + trace damping,2.201869799455338e-15,3.212114478505472e-15,0.5893110036849976,posthoc_after_source_selection_rule_defined,,,,,,,,,,
0,UNPRECONDITIONED_GRAD_ALIGN,0.001,2,0.125,0.49000000953674316,0.49000000953674316,0.49000000953674316,0.49000000953674316,0.5400000214576721,0.6764127016067505,0.00023813414736650884,0.1809576153755188,0.0006847386248409748,0.1809576451778412,0.00023813411826267838,0.03405310958623886,15.656163215637207,8.103972498634909e-05,0.530840273921883,6550.3711175143,8.10422749306375e-05,linear-head cross-entropy Gauss-Newton/Hessian + trace damping,6.16530479359782e-16,1.2548440230709223e-15,0.0006363025167956948,posthoc_after_source_selection_rule_defined,0.00023813411826267838,0.03405310958623886,0.015431595034897327,8.103972498634909e-05,0.530840273921883,6550.3711175143,8.10422749306375e-05,linear-head cross-entropy Gauss-Newton/Hessian + trace damping,0.0,0.0
0,UNPRECONDITIONED_GRAD_ALIGN,0.001,4,0.25,0.8974999785423279,0.8199999928474426,0.8587499856948853,0.8199999928474426,0.18714286386966705,0.6571381092071533,0.0002682581834960729,0.24421997368335724,0.0010901778005063534,0.24421954154968262,0.0002682581834960729,0.0316174253821373,14.362255096435547,8.845713348395257e-05,0.5671368184814596,6411.431120864284,8.846220812605074e-05,linear-head cross-entropy Gauss-Newton/Hessian + trace damping,0.0,0.0,0.004473830573260784,posthoc_after_source_selection_rule_defined,0.0002682581834960729,0.0316174253821373,0.01637858897447586,8.845713348395257e-05,0.5671368184814596,6411.431120864284,8.846220812605074e-05,linear-head cross-entropy Gauss-Newton/Hessian + trace damping,0.0,0.0
0,UNPRECONDITIONED_GRAD_ALIGN,0.001,8,0.5,0.8899999856948853,0.7975000143051147,0.84375,0.7975000143051147,0.10285714268684387,0.5973493456840515,0.000685565872117877,0.44001755118370056,0.0065801371820271015,0.44001245498657227,0.0006855659303255379,0.019567517563700676,8.747611045837402,0.00013303343510464097,0.7503597127905837,5640.384405622303,0.0001330432568846101,linear-head cross-entropy Gauss-Newton/Hessian + trace damping,6.259246526454724e-16,5.836575797602756e-16,0.04570569843053818,posthoc_after_source_selection_rule_defined,0.0006855659303255379,0.019567517563700676,0.026183314621448517,0.00013303343510464097,0.7503597127905837,5640.384405622303,0.0001330432568846101,linear-head cross-entropy Gauss-Newton/Hessian + trace damping,0.0,0.0
0,UNPRECONDITIONED_GRAD_ALIGN,0.001,12,0.75,0.8899999856948853,0.7975000143051147,0.84375,0.7975000143051147,0.10285714268684387,0.5171138048171997,0.0030967050697654486,0.5914307832717896,0.024151481688022614,0.5914137959480286,0.0030967053025960922,0.020085103809833527,5.6654887199401855,0.0002612554644621877,1.2411706842049697,4750.7932006704805,0.0002612878695469011,linear-head cross-entropy Gauss-Newton/Hessian + trace damping,1.2748399609477327e-16,1.6682531601782262e-15,0.20685268938541412,posthoc_after_source_selection_rule_defined,0.0030967053025960922,0.020085103809833527,0.05564804747700691,0.0002612554644621877,1.2411706842049697,4750.7932006704805,0.0002612878695469011,linear-head cross-entropy Gauss-Newton/Hessian + trace damping,0.0,0.0
0,UNPRECONDITIONED_GRAD_ALIGN,0.001,16,1.0,0.8899999856948853,0.7975000143051147,0.84375,0.7975000143051147,0.10285714268684387,0.44390201568603516,0.00942271202802658,0.7286553382873535,0.07521229982376099,0.7286895513534546,0.009422712959349155,0.018732160329818726,4.097097396850586,0.00048404608238624954,2.0600636261091867,4255.924592868284,0.0004840750439148961,linear-head cross-entropy Gauss-Newton/Hessian + trace damping,1.6514805541655635e-15,2.2672600111328237e-15,0.5892200469970703,posthoc_after_source_selection_rule_defined,0.009422712959349155,0.018732160329818726,0.09707065671682358,0.00048404608238624954,2.0600636261091867,4255.924592868284,0.0004840750439148961,linear-head cross-entropy Gauss-Newton/Hessian + trace damping,0.0,0.0
0,LOCAL_RESPONSE,0.001,2,0.125,0.49000000953674316,0.49000000953674316,0.49000000953674316,0.49000000953674316,0.5400000214576721,0.6765478849411011,0.028987346217036247,0.18129698932170868,1.644675612449646,0.1815565675497055,0.00023913885524962097,0.028987346217036247,13.996447563171387,8.118141173588263e-05,0.5321780248624831,6555.417225237258,8.121150375285899e-05,linear-head cross-entropy Gauss-Newton/Hessian + trace damping,2.050819169799952e-16,6.258458684517556e-16,0.000618330726865679,posthoc_after_source_selection_rule_defined,0.00023913885524962097,0.028987346217036247,13.996447563171387,8.118141173588263e-05,0.5321780248624831,6555.417225237258,8.121150375285899e-05,linear-head cross-entropy Gauss-Newton/Hessian + trace damping,0.0,0.0
0,LOCAL_RESPONSE,0.001,4,0.25,0.8974999785423279,0.8199999928474426,0.8587499856948853,0.8199999928474426,0.19142857193946838,0.6576073169708252,0.02868695743381977,0.24403339624404907,1.6300150156021118,0.24425944685935974,0.00026931657339446247,0.02868695743381977,13.473764419555664,8.824122153531633e-05,0.5668363360099234,6423.713613065312,8.824422507490399e-05,linear-head cross-entropy Gauss-Newton/Hessian + trace damping,7.549507452222371e-16,1.1747912139606019e-15,0.004345350433140993,posthoc_after_source_selection_rule_defined,0.00026931657339446247,0.02868695743381977,13.473764419555664,8.824122153531633e-05,0.5668363360099234,6423.713613065312,8.824422507490399e-05,linear-head cross-entropy Gauss-Newton/Hessian + trace damping,0.0,0.0
0,LOCAL_RESPONSE,0.001,8,0.5,0.8899999856948853,0.7975000143051147,0.84375,0.7975000143051147,0.10285714268684387,0.5985715389251709,0.02111607976257801,0.4362858235836029,1.8002976179122925,0.4363355040550232,0.0006690459558740258,0.02111607976257801,9.253721237182617,0.00012998295422178457,0.7379440390152682,5677.237014910006,0.00012999256127372837,linear-head cross-entropy Gauss-Newton/Hessian + trace damping,1.0249823963630385e-15,2.970956391032011e-16,0.044172145426273346,posthoc_after_source_selection_rule_defined,0.0006690459558740258,0.02111607976257801,9.253721237182617,0.00012998295422178457,0.7379440390152682,5677.237014910006,0.00012999256127372837,linear-head cross-entropy Gauss-Newton/Hessian + trace damping,0.0,0.0
0,LOCAL_RESPONSE,0.001,12,0.75,0.8899999856948853,0.7975000143051147,0.84375,0.7975000143051147,0.10285714268684387,0.5190351605415344,0.01921716332435608,0.5860437750816345,1.0170844793319702,0.5859698057174683,0.0029007485136389732,0.01921716332435608,5.598757743835449,0.00024837690148086855,1.1816848246315002,4757.627692374286,0.00024840534692912393,linear-head cross-entropy Gauss-Newton/Hessian + trace damping,1.3409542971888173e-16,5.260318627234093e-16,0.20024771988391876,posthoc_after_source_selection_rule_defined,0.0029007485136389732,0.01921716332435608,5.598757743835449,0.00024837690148086855,1.1816848246315002,4757.627692374286,0.00024840534692912393,linear-head cross-entropy Gauss-Newton/Hessian + trace damping,0.0,0.0
0,LOCAL_RESPONSE,0.001,16,1.0,0.8899999856948853,0.7975000143051147,0.84375,0.7975000143051147,0.10285714268684387,0.4455428421497345,0.0188584066927433,0.7297361493110657,0.7333739995956421,0.7297943830490112,0.008951530791819096,0.0188584066927433,4.225788593292236,0.00046075338550036324,1.9543504406710837,4241.640977957704,0.0004607886392058748,linear-head cross-entropy Gauss-Newton/Hessian + trace damping,7.228915582279859e-16,1.192322271448313e-15,0.5748488306999207,posthoc_after_source_selection_rule_defined,0.008951530791819096,0.0188584066927433,4.225788593292236,0.00046075338550036324,1.9543504406710837,4241.640977957704,0.0004607886392058748,linear-head cross-entropy Gauss-Newton/Hessian + trace damping,0.0,0.0
0,RANDOM_METRIC,0.01,2,0.125,0.49000000953674316,0.49000000953674316,0.49000000953674316,0.49000000953674316,0.5400000214576721,0.6854318380355835,2.8014185428619385,0.1359870731830597,4.519270420074463,0.14671097695827484,0.00022261939011514187,0.016879187896847725,11.734720230102539,7.605241338714442e-05,0.5015043464371267,6594.193715907757,7.606754822955835e-05,linear-head cross-entropy Gauss-Newton/Hessian + trace damping,2.189502785103909e-16,2.2137829769033305e-16,3.130431650788523e-05,posthoc_after_source_selection_rule_defined,0.00022261939011514187,0.016879187896847725,189.85546875,7.605241338714442e-05,0.5015043464371267,6594.193715907757,7.606754822955835e-05,linear-head cross-entropy Gauss-Newton/Hessian + trace damping,2.189502785103909e-16,2.2137829769033305e-16
0,RANDOM_METRIC,0.01,4,0.25,0.49000000953674316,0.49000000953674316,0.49000000953674316,0.49000000953674316,0.5400000214576721,0.6821072101593018,2.8126449584960938,0.16554787755012512,3.4988811016082764,0.1715063452720642,0.00021984244813211262,0.008573636412620544,6.470887660980225,7.602787591792249e-05,0.5007783313449002,6586.772618579088,7.602991979380613e-05,linear-head cross-entropy Gauss-Newton/Hessian + trace damping,2.1905864054089424e-16,0.0,0.0001700832654023543,posthoc_after_source_selection_rule_defined,0.00021984244813211262,0.008573636412620544,191.24456787109375,7.602787591792249e-05,0.5007783313449002,6586.772618579088,7.602991979380613e-05,linear-head cross-entropy Gauss-Newton/Hessian + trace damping,2.1905864054089424e-16,0.0
0,RANDOM_METRIC,0.01,8,0.5,0.49000000953674316,0.49000000953674316,0.49000000953674316,0.49000000953674316,0.5400000214576721,0.6734603643417358,2.868037700653076,0.16893938183784485,6.625459671020508,0.15940816700458527,0.0002285909140482545,0.013590995222330093,8.166787147521973,7.740745422156996e-05,0.5065398968803358,6543.812892107568,7.740845348993902e-05,linear-head cross-entropy Gauss-Newton/Hessian + trace damping,6.454725596331319e-16,0.0,0.0009604782680980861,posthoc_after_source_selection_rule_defined,0.0002285909140482545,0.013590995222330093,191.46278381347656,7.740745422156996e-05,0.5065398968803358,6543.812892107568,7.740845348993902e-05,linear-head cross-entropy Gauss-Newton/Hessian + trace damping,6.454725596331319e-16,0.0
0,RANDOM_METRIC,0.01,12,0.75,0.49000000953674316,0.49000000953674316,0.49000000953674316,0.49000000953674316,0.5400000214576721,0.6655426621437073,2.9879212379455566,0.20293474197387695,7.993811130523682,0.16593191027641296,0.00024214964651037008,0.011013073846697807,5.613144874572754,7.876921306794247e-05,0.5105436367646095,6481.512470160638,7.87711564319607e-05,linear-head cross-entropy Gauss-Newton/Hessian + trace damping,8.457415950139219e-16,4.348482122929185e-16,0.0022722070571035147,posthoc_after_source_selection_rule_defined,0.00024214964651037008,0.011013073846697807,193.9081573486328,7.876921306794247e-05,0.5105436367646095,6481.512470160638,7.87711564319607e-05,linear-head cross-entropy Gauss-Newton/Hessian + trace damping,8.457415950139219e-16,4.348482122929185e-16
0,RANDOM_METRIC,0.01,16,1.0,0.9049999713897705,0.8125,0.8587499856948853,0.8125,0.20999999344348907,0.6577242612838745,3.008516311645508,0.24857889115810394,12.918436050415039,0.2010543942451477,0.0002592450473457575,0.00938401184976101,4.424584865570068,8.384402970016411e-05,0.533456815819539,6362.490182392734,8.38460134621004e-05,linear-head cross-entropy Gauss-Newton/Hessian + trace damping,3.9727615381481914e-16,4.159653649217781e-16,0.004526813514530659,posthoc_after_source_selection_rule_defined,0.0002592450473457575,0.00938401184976101,188.79745483398438,8.384402970016411e-05,0.533456815819539,6362.490182392734,8.38460134621004e-05,linear-head cross-entropy Gauss-Newton/Hessian + trace damping,3.9727615381481914e-16,4.159653649217781e-16
0,SHUFFLED_LOCAL_RESPONSE,0.001,2,0.125,0.49000000953674316,0.49000000953674316,0.49000000953674316,0.49000000953674316,0.5400000214576721,0.6764798164367676,0.04936296492815018,0.17971214652061462,6.083414554595947,0.17961229383945465,0.00023713534756097943,0.029168149456381798,14.064159393310547,8.073831886994259e-05,0.5292659089223036,6555.324860985429,8.074327503422727e-05,linear-head cross-entropy Gauss-Newton/Hessian + trace damping,8.250847324884603e-16,4.1952694543193866e-16,0.0006255683256313205,posthoc_after_source_selection_rule_defined,0.005488574039191008,0.04936296492815018,15.609501838684082,8.074096614633512e-05,0.5292658805166977,6555.109577924233,8.074327125072931e-05,linear-head cross-entropy Gauss-Newton/Hessian + trace damping,0.0,0.0
0,SHUFFLED_LOCAL_RESPONSE,0.001,4,0.25,0.8974999785423279,0.8174999952316284,0.8574999868869781,0.8174999952316284,0.19428572058677673,0.6573823094367981,0.052528493106365204,0.24334058165550232,6.233418941497803,0.24344423413276672,0.00026457110652700067,0.028026441112160683,13.245152473449707,8.705082924430684e-05,0.5591215238790587,6422.93162205144,8.70539710564172e-05,linear-head cross-entropy Gauss-Newton/Hessian + trace damping,5.739546628954154e-16,0.0,0.004375348798930645,posthoc_after_source_selection_rule_defined,0.005434652790427208,0.052528493106365204,15.972110748291016,8.704772784340497e-05,0.5591215269437003,6423.160498221566,8.705397011274753e-05,linear-head cross-entropy Gauss-Newton/Hessian + trace damping,0.0,0.0
0,SHUFFLED_LOCAL_RESPONSE,0.001,8,0.5,0.8899999856948853,0.7975000143051147,0.84375,0.7975000143051147,0.10285714268684387,0.5983253717422485,0.043959032744169235,0.4356745481491089,4.524463653564453,0.43565332889556885,0.0006550995749421418,0.019347066059708595,8.698039054870605,0.0001278207328370074,0.7244296564622266,5667.544226850853,0.0001278268802685268,linear-head cross-entropy Gauss-Newton/Hessian + trace damping,5.211739764117563e-16,1.058914323520872e-15,0.04448346421122551,posthoc_after_source_selection_rule_defined,0.005570942535996437,0.043959032744169235,12.374244689941406,0.00012782361323355963,0.7244296783273173,5667.416684612393,0.00012782688541902287,linear-head cross-entropy Gauss-Newton/Hessian + trace damping,0.0,0.0
0,SHUFFLED_LOCAL_RESPONSE,0.001,12,0.75,0.8899999856948853,0.7975000143051147,0.84375,0.7975000143051147,0.10285714268684387,0.5187966823577881,0.027635972946882248,0.5849239230155945,2.6778383255004883,0.5849944949150085,0.002896740101277828,0.020134810358285904,5.837021350860596,0.00024906331243176253,1.1892417669604487,4774.857265604997,0.0002490762175258362,linear-head cross-entropy Gauss-Newton/Hessian + trace damping,1.3373425239795781e-15,1.3962027413028793e-15,0.20085270702838898,posthoc_after_source_selection_rule_defined,0.006546909920871258,0.027635972946882248,7.46865701675415,0.00024905281698345516,1.1892417710578982,4775.058501494086,0.0002490762101881432,linear-head cross-entropy Gauss-Newton/Hessian + trace damping,0.0,0.0
0,SHUFFLED_LOCAL_RESPONSE,0.001,16,1.0,0.8899999856948853,0.7975000143051147,0.84375,0.7975000143051147,0.10285714268684387,0.44573378562927246,0.01808573491871357,0.7294088006019592,1.3792681694030762,0.729461669921875,0.008965961635112762,0.018763674423098564,4.140066623687744,0.0004654867653707623,1.991892147894473,4279.159572470169,0.0004655132341113957,linear-head cross-entropy Gauss-Newton/Hessian + trace damping,1.0017766847449272e-15,9.80490504529088e-16,0.5763125419616699,posthoc_after_source_selection_rule_defined,0.007090960629284382,0.01808573491871357,4.670688629150391,0.00046548216414247346,1.991892183700082,4279.20194830582,0.0004655132465290301,linear-head cross-entropy Gauss-Newton/Hessian + trace damping,0.0,0.0
1,ERM,0.0,2,0.125,0.7475000023841858,0.7174999713897705,0.7324999868869781,0.7174999713897705,0.27714285254478455,0.6755629777908325,0.0,0.27553823590278625,0.0,0.27553823590278625,0.009632112458348274,0.0866980031132698,16.684459686279297,8.316017202873427e-05,0.5376034949544043,6464.675118380546,8.316355784151617e-05,linear-head cross-entropy Gauss-Newton/Hessian + trace damping,4.0053627580973996e-16,2.064841166550802e-16,0.0020997815299779177,posthoc_after_source_selection_rule_defined,,,,,,,,,,
1,ERM,0.0,4,0.25,0.9049999713897705,0.7950000166893005,0.8499999940395355,0.7950000166893005,0.11142857372760773,0.6454814672470093,0.0,0.38784685730934143,0.0,0.38784685730934143,0.010207805782556534,0.09804344177246094,18.099258422851562,9.459489350884892e-05,0.5776070804477337,6106.112698289588,9.459715047601254e-05,linear-head cross-entropy Gauss-Newton/Hessian + trace damping,1.7606250068481384e-16,1.1499937256348917e-15,0.012087170965969563,posthoc_after_source_selection_rule_defined,,,,,,,,,,
1,ERM,0.0,8,0.5,0.9150000214576721,0.8025000095367432,0.8587500154972076,0.8025000095367432,0.10571428388357162,0.5518192052841187,0.0,0.5911704301834106,0.0,0.5911704301834106,0.016497556120157242,0.08021380752325058,12.007966041564941,0.00018235099843468317,0.8746020491208534,4796.255883589964,0.0001823618461011475,linear-head cross-entropy Gauss-Newton/Hessian + trace damping,7.306357651688461e-16,1.19145657136712e-16,0.10735063999891281,posthoc_after_source_selection_rule_defined,,,,,,,,,,
1,ERM,0.0,12,0.75,0.9150000214576721,0.8025000095367432,0.8587500154972076,0.8025000095367432,0.10571428388357162,0.4389936923980713,0.0,0.6329420804977417,0.0,0.6329420804977417,0.03670743852853775,0.06126873940229416,6.761915683746338,0.0004375089581276934,1.7739475343100857,4054.6541993143214,0.00043752887681352366,linear-head cross-entropy Gauss-Newton/Hessian + trace damping,3.045286700482229e-16,8.50319686425812e-16,0.4724487364292145,posthoc_after_source_selection_rule_defined,,,,,,,,,,
1,ERM,0.0,16,1.0,0.9150000214576721,0.8025000095367432,0.8587500154972076,0.8025000095367432,0.10571428388357162,0.3860166668891907,0.0,0.4684295356273651,0.0,0.4684295356273651,0.07335509359836578,0.07640012353658676,6.183679580688477,0.0006680696741797111,2.6591940920729327,3980.414311333653,0.0006681149201749852,linear-head cross-entropy Gauss-Newton/Hessian + trace damping,9.971344969277032e-16,1.815938367060647e-15,1.0473018884658813,posthoc_after_source_selection_rule_defined,,,,,,,,,,
1,IRMv1,0.001,2,0.125,0.7475000023841858,0.7174999713897705,0.7324999868869781,0.7174999713897705,0.27714285254478455,0.6755630373954773,0.0003271058085374534,0.27553826570510864,0.008706152439117432,0.2755296230316162,0.009632113389670849,0.08669738471508026,16.6845645904541,8.315985004239682e-05,0.5376035132307135,6464.700368707145,8.316355895399411e-05,linear-head cross-entropy Gauss-Newton/Hessian + trace damping,1.2016088113553134e-15,8.259364387005645e-16,0.002099779434502125,posthoc_after_source_selection_rule_defined,,,,,,,,,,
1,IRMv1,0.001,4,0.25,0.9049999713897705,0.7950000166893005,0.8499999940395355,0.7950000166893005,0.11142857372760773,0.6454815864562988,0.0021145769860595465,0.38784682750701904,0.03254910185933113,0.38781431317329407,0.010207806713879108,0.09803923219442368,18.09907341003418,9.459376281990839e-05,0.5776071111065677,6106.186009390921,9.459713867687489e-05,linear-head cross-entropy Gauss-Newton/Hessian + trace damping,1.760625226451575e-16,0.0,0.01208712812513113,posthoc_after_source_selection_rule_defined,,,,,,,,,,
1,IRMv1,0.001,8,0.5,0.9150000214576721,0.8025000095367432,0.8587500154972076,0.8025000095367432,0.10571428388357162,0.5518193244934082,0.013795414008200169,0.5911726951599121,0.09722591936588287,0.5910784602165222,0.016497690230607986,0.08021266758441925,12.007657051086426,0.00018234137729464554,0.8746045543019294,4796.522694290366,0.00018236270030683955,linear-head cross-entropy Gauss-Newton/Hessian + trace damping,9.132904284944805e-16,3.5743564145969377e-16,0.10735166817903519,posthoc_after_source_selection_rule_defined,,,,,,,,,,
1,IRMv1,0.001,12,0.75,0.9150000214576721,0.8025000095367432,0.8587500154972076,0.8025000095367432,0.10571428388357162,0.43899399042129517,0.020513352006673813,0.6329538822174072,0.1142667829990387,0.63292396068573,0.03670796379446983,0.06126762926578522,6.761894702911377,0.00043751367682200984,1.773955059300432,4054.6276682959924,0.00043753247101311433,linear-head cross-entropy Gauss-Newton/Hessian + trace damping,1.0658415895240493e-15,4.2515675016259e-16,0.4724573791027069,posthoc_after_source_selection_rule_defined,,,,,,,,,,
1,IRMv1,0.001,16,1.0,0.9150000214576721,0.8025000095367432,0.8587500154972076,0.8025000095367432,0.10571428388357162,0.3860136866569519,0.013548798859119415,0.4683453440666199,0.08433421701192856,0.4683402478694916,0.07335527241230011,0.07639272511005402,6.1832661628723145,0.0006680846025948515,2.6592656025758243,3980.4324066850118,0.0006681264380952625,linear-head cross-entropy Gauss-Newton/Hessian + trace damping,0.0,8.381089707865656e-16,1.0472956895828247,posthoc_after_source_selection_rule_defined,,,,,,,,,,
1,V-REx,0.001,2,0.125,0.7475000023841858,0.7174999713897705,0.7324999868869781,0.7174999713897705,0.27714285254478455,0.6755629777908325,4.834878200199455e-05,0.27553823590278625,0.0023650783114135265,0.2755392789840698,0.009632112458348274,0.08669965714216232,16.68449592590332,8.316171919452704e-05,0.5376034959747908,6464.554859878019,8.316355818692393e-05,linear-head cross-entropy Gauss-Newton/Hessian + trace damping,6.008044112192562e-16,4.1296823252025825e-16,0.002099781297147274,posthoc_after_source_selection_rule_defined,,,,,,,,,,
1,V-REx,0.001,4,0.25,0.9049999713897705,0.7950000166893005,0.8499999940395355,0.7950000166893005,0.11142857372760773,0.6454814076423645,0.00018346639990340918,0.38784658908843994,0.005082410294562578,0.38784798979759216,0.010207797400653362,0.09804186224937439,18.09903907775879,9.459356626088477e-05,0.5776068350377678,6106.195779158535,9.45971041446818e-05,linear-head cross-entropy Gauss-Newton/Hessian + trace damping,1.4085006953271079e-15,5.749971106966624e-16,0.01208715233951807,posthoc_after_source_selection_rule_defined,,,,,,,,,,
1,V-REx,0.001,8,0.5,0.9150000214576721,0.8025000095367432,0.8587500154972076,0.8025000095367432,0.10571428388357162,0.5518190860748291,0.0010217318776994944,0.5911698937416077,0.015833377838134766,0.5911686420440674,0.016497518867254257,0.08021268248558044,12.00767993927002,0.00018235192770401935,0.8746022733986363,4796.232671684329,0.0001823617951512543,linear-head cross-entropy Gauss-Newton/Hessian + trace damping,3.6531798465024773e-16,2.1446218212263614e-15,0.1073504388332367,posthoc_after_source_selection_rule_defined,,,,,,,,,,
1,V-REx,0.001,12,0.75,0.9150000214576721,0.8025000095367432,0.8587500154972076,0.8025000095367432,0.10571428388357162,0.4389934539794922,0.004521179478615522,0.6329382061958313,0.04936596006155014,0.6329366564750671,0.0367073118686676,0.0612642876803875,6.76131010055542,0.0004375108621972994,1.773954087860883,4054.651532425046,0.0004375293063507839,linear-head cross-entropy Gauss-Newton/Hessian + trace damping,7.613209277054199e-16,8.503182118837927e-16,0.4724467098712921,posthoc_after_source_selection_rule_defined,,,,,,,,,,
1,V-REx,0.001,16,1.0,0.9150000214576721,0.8025000095367432,0.8587500154972076,0.8025000095367432,0.10571428388357162,0.38601458072662354,0.013177916407585144,0.4683801829814911,0.10875146836042404,0.4684385061264038,0.07335299253463745,0.07639732211828232,6.183598518371582,0.0006680767884929918,2.6592170143185068,3980.406234913522,0.0006681168141464392,linear-head cross-entropy Gauss-Newton/Hessian + trace damping,3.9885266810396825e-16,1.81593086900638e-15,1.0472739934921265,posthoc_after_source_selection_rule_defined,,,,,,,,,,
1,UNPRECONDITIONED_GRAD_ALIGN,0.001,2,0.125,0.7475000023841858,0.7174999713897705,0.7324999868869781,0.7174999713897705,0.27714285254478455,0.6755630970001221,0.009632039815187454,0.2755378782749176,0.01924089342355728,0.27554085850715637,0.009632037952542305,0.08670048415660858,16.684669494628906,8.31543826860297e-05,0.537600222530113,6465.085845925379,8.316301241941893e-05,linear-head cross-entropy Gauss-Newton/Hessian + trace damping,1.201616708144308e-15,4.129707492194534e-16,0.0020997750107198954,posthoc_after_source_selection_rule_defined,0.009632037952542305,0.08670048415660858,0.09814294427633286,8.31543826860297e-05,0.537600222530113,6465.085845925379,8.316301241941893e-05,linear-head cross-entropy Gauss-Newton/Hessian + trace damping,0.0,0.0
1,UNPRECONDITIONED_GRAD_ALIGN,0.001,4,0.25,0.9049999713897705,0.7950000166893005,0.8499999940395355,0.7950000166893005,0.11142857372760773,0.6454813480377197,0.010207218118011951,0.38784387707710266,0.030257495120167732,0.38784685730934143,0.0102072199806571,0.09805210679769516,18.10052490234375,9.459152056764708e-05,0.5775805012107931,6106.049440211045,9.459256625873414e-05,linear-head cross-entropy Gauss-Newton/Hessian + trace damping,1.760710331603522e-16,5.750234323710905e-16,0.012086865492165089,posthoc_after_source_selection_rule_defined,0.0102072199806571,0.09805210679769516,0.10103078931570053,9.459152056764708e-05,0.5775805012107931,6106.049440211045,9.459256625873414e-05,linear-head cross-entropy Gauss-Newton/Hessian + trace damping,0.0,0.0
1,UNPRECONDITIONED_GRAD_ALIGN,0.001,8,0.5,0.9150000214576721,0.8025000095367432,0.8587500154972076,0.8025000095367432,0.10571428388357162,0.5518201589584351,0.016498390585184097,0.5909015536308289,0.08478216826915741,0.5908892154693604,0.016498394310474396,0.08020484447479248,12.00758171081543,0.00018235577120875158,0.8746248655040174,4796.255471963053,0.00018236539479403292,linear-head cross-entropy Gauss-Newton/Hessian + trace damping,5.479661606613986e-16,7.148571391737793e-16,0.10734691470861435,posthoc_after_source_selection_rule_defined,0.016498394310474396,0.08020484447479248,0.1284460723400116,0.00018235577120875158,0.8746248655040174,4796.255471963053,0.00018236539479403292,linear-head cross-entropy Gauss-Newton/Hessian + trace damping,0.0,0.0
1,UNPRECONDITIONED_GRAD_ALIGN,0.001,12,0.75,0.9150000214576721,0.8025000095367432,0.8587500154972076,0.8025000095367432,0.10571428388357162,0.43899285793304443,0.03670140728354454,0.632877767086029,0.1893572360277176,0.6328426003456116,0.03670140728354454,0.06129661574959755,6.764700412750244,0.00043748913202181633,1.7739084066326145,4054.7485109736504,0.0004375057046612104,linear-head cross-entropy Gauss-Newton/Hessian + trace damping,9.13634397523286e-16,2.1258954686820552e-16,0.47241953015327454,posthoc_after_source_selection_rule_defined,0.03670140728354454,0.06129661574959755,0.19157610833644867,0.00043748913202181633,1.7739084066326145,4054.7485109736504,0.0004375057046612104,linear-head cross-entropy Gauss-Newton/Hessian + trace damping,0.0,0.0
1,UNPRECONDITIONED_GRAD_ALIGN,0.001,16,1.0,0.9150000214576721,0.8025000095367432,0.8587500154972076,0.8025000095367432,0.10571428388357162,0.38600724935531616,0.07331822067499161,0.46818026900291443,0.34739458560943604,0.46810775995254517,0.07331822067499161,0.07637719810009003,6.182744026184082,0.0006680818961028812,2.6597691175329805,3981.202204472533,0.000668122275930011,linear-head cross-entropy Gauss-Newton/Hessian + trace damping,7.976988151053523e-16,6.98395878326527e-16,1.0471314191818237,posthoc_after_source_selection_rule_defined,0.07331822067499161,0.07637719810009003,0.27077338099479675,0.0006680818961028812,2.6597691175329805,3981.202204472533,0.000668122275930011,linear-head cross-entropy Gauss-Newton/Hessian + trace damping,0.0,0.0
1,LOCAL_RESPONSE,0.001,2,0.125,0.7425000071525574,0.7099999785423279,0.7262499928474426,0.7099999785423279,0.2857142984867096,0.6757035255432129,0.08506546169519424,0.2740611135959625,8.543691635131836,0.27399954199790955,0.009544286876916885,0.08506546169519424,16.447172164916992,8.257811727044813e-05,0.5346850083899282,6474.899477773315,8.259380347545926e-05,linear-head cross-entropy Gauss-Newton/Hessian + trace damping,2.016496416152215e-16,4.1523111318255247e-16,0.0020835825707763433,posthoc_after_source_selection_rule_defined,0.009544286876916885,0.08506546169519424,16.447172164916992,8.257811727044813e-05,0.5346850083899282,6474.899477773315,8.259380347545926e-05,linear-head cross-entropy Gauss-Newton/Hessian + trace damping,0.0,0.0
1,LOCAL_RESPONSE,0.001,4,0.25,0.9075000286102295,0.7950000166893005,0.851250022649765,0.7950000166893005,0.10999999940395355,0.6460086107254028,0.09835590422153473,0.3799563944339752,9.554924964904785,0.37952274084091187,0.010039000771939754,0.09835590422153473,17.854293823242188,9.334892998001418e-05,0.5727244151040041,6135.307766533834,9.3364562524513e-05,linear-head cross-entropy Gauss-Newton/Hessian + trace damping,1.7838685707001093e-16,5.801047637241513e-16,0.011833461932837963,posthoc_after_source_selection_rule_defined,0.010039000771939754,0.09835590422153473,17.854293823242188,9.334892998001418e-05,0.5727244151040041,6135.307766533834,9.3364562524513e-05,linear-head cross-entropy Gauss-Newton/Hessian + trace damping,0.0,0.0
1,LOCAL_RESPONSE,0.001,8,0.5,0.9150000214576721,0.8025000095367432,0.8587500154972076,0.8025000095367432,0.10571428388357162,0.5540330410003662,0.07729309052228928,0.5902484655380249,5.989729881286621,0.5899435877799988,0.016020428389310837,0.07729309052228928,11.600296020507812,0.0001776544345894998,0.8594554228182205,4837.793240591689,0.0001776646983555772,linear-head cross-entropy Gauss-Newton/Hessian + trace damping,7.499525127780263e-16,0.0,0.10457999259233475,posthoc_after_source_selection_rule_defined,0.016020428389310837,0.07729309052228928,11.600296020507812,0.0001776544345894998,0.8594554228182205,4837.793240591689,0.0001776646983555772,linear-head cross-entropy Gauss-Newton/Hessian + trace damping,0.0,0.0
1,LOCAL_RESPONSE,0.001,12,0.75,0.9150000214576721,0.8025000095367432,0.8587500154972076,0.8025000095367432,0.10571428388357162,0.44061970710754395,0.057629067450761795,0.6281826496124268,3.5379068851470947,0.6279550194740295,0.03531291335821152,0.057629067450761795,6.5156049728393555,0.0004245563031420007,1.7208259288495702,4053.2337315788436,0.00042459407835408595,linear-head cross-entropy Gauss-Newton/Hessian + trace damping,4.707087089398864e-16,1.0953467888650373e-15,0.46147164702415466,posthoc_after_source_selection_rule_defined,0.03531291335821152,0.057629067450761795,6.5156049728393555,0.0004245563031420007,1.7208259288495702,4053.2337315788436,0.00042459407835408595,linear-head cross-entropy Gauss-Newton/Hessian + trace damping,0.0,0.0
1,LOCAL_RESPONSE,0.001,16,1.0,0.9150000214576721,0.8025000095367432,0.8587500154972076,0.8025000095367432,0.10571428388357162,0.38595521450042725,0.07384400814771652,0.4532129466533661,3.473947525024414,0.45320913195610046,0.0718984305858612,0.07384400814771652,6.072412490844727,0.0006592718626878874,2.6142692470475346,3965.388779659147,0.0006593209093041493,linear-head cross-entropy Gauss-Newton/Hessian + trace damping,1.0104342595803413e-15,2.1250384974596823e-15,1.0343915224075317,posthoc_after_source_selection_rule_defined,0.0718984305858612,0.07384400814771652,6.072412490844727,0.0006592718626878874,2.6142692470475346,3965.388779659147,0.0006593209093041493,linear-head cross-entropy Gauss-Newton/Hessian + trace damping,0.0,0.0
1,RANDOM_METRIC,0.001,2,0.125,0.7674999833106995,0.7300000190734863,0.7487500011920929,0.7300000190734863,0.27000001072883606,0.6767046451568604,96.5495834350586,0.26505330204963684,179.63458251953125,0.34431707859039307,0.0091721061617136,0.0809081494808197,17.664043426513672,8.025581794943274e-05,0.5217275911136147,6500.807099646567,8.025771399571105e-05,linear-head cross-entropy Gauss-Newton/Hessian + trace damping,1.0375956429156724e-15,0.0,0.0017867875285446644,posthoc_after_source_selection_rule_defined,0.0091721061617136,0.0809081494808197,1056.3065185546875,8.025581794943274e-05,0.5217275911136147,6500.807099646567,8.025771399571105e-05,linear-head cross-entropy Gauss-Newton/Hessian + trace damping,1.0375956429156724e-15,0.0
1,RANDOM_METRIC,0.001,4,0.25,0.9150000214576721,0.8025000095367432,0.8587500154972076,0.8025000095367432,0.10428571701049805,0.6512540578842163,89.72789001464844,0.3358131945133209,175.05775451660156,0.3811429738998413,0.008941354230046272,0.09138607978820801,18.670564651489258,8.493796413733184e-05,0.5356288219216282,6306.117969293417,8.493912463297395e-05,linear-head cross-entropy Gauss-Newton/Hessian + trace damping,9.80408671647577e-16,6.212652157284809e-16,0.007952254265546799,posthoc_after_source_selection_rule_defined,0.008941354230046272,0.09138607978820801,991.9296264648438,8.493796413733184e-05,0.5356288219216282,6306.117969293417,8.493912463297395e-05,linear-head cross-entropy Gauss-Newton/Hessian + trace damping,9.80408671647577e-16,6.212652157284809e-16
1,RANDOM_METRIC,0.001,8,0.5,0.9150000214576721,0.8025000095367432,0.8587500154972076,0.8025000095367432,0.10571428388357162,0.5753928422927856,72.09269714355469,0.5175831317901611,301.67584228515625,0.5664159655570984,0.010358237661421299,0.07998886704444885,13.335168838500977,0.00012744625141870028,0.6791770515484341,5329.125368443579,0.00012747794133357467,linear-head cross-entropy Gauss-Newton/Hessian + trace damping,2.613002798167696e-16,4.778771015234098e-16,0.06540177762508392,posthoc_after_source_selection_rule_defined,0.010358237661421299,0.07998886704444885,733.241455078125,0.00012744625141870028,0.6791770515484341,5329.125368443579,0.00012747794133357467,linear-head cross-entropy Gauss-Newton/Hessian + trace damping,2.613002798167696e-16,4.778771015234098e-16
1,RANDOM_METRIC,0.001,12,0.75,0.9150000214576721,0.8025000095367432,0.8587500154972076,0.8025000095367432,0.10571428388357162,0.4787023663520813,53.740474700927734,0.6028712391853333,262.5392150878906,0.6005651950836182,0.015220515429973602,0.07460568100214005,9.893312454223633,0.0002455411221348905,1.143373841534845,4656.547268309382,0.0002455557491383374,linear-head cross-entropy Gauss-Newton/Hessian + trace damping,4.06954695923203e-16,7.189664311525055e-16,0.2580016851425171,posthoc_after_source_selection_rule_defined,0.015220515429973602,0.07460568100214005,456.0523986816406,0.0002455411221348905,1.143373841534845,4656.547268309382,0.0002455557491383374,linear-head cross-entropy Gauss-Newton/Hessian + trace damping,4.06954695923203e-16,7.189664311525055e-16
1,RANDOM_METRIC,0.001,16,1.0,0.9150000214576721,0.8025000095367432,0.8587500154972076,0.8025000095367432,0.10571428388357162,0.40957871079444885,55.63349533081055,0.5510815978050232,255.07469177246094,0.5114597082138062,0.025438720360398293,0.06770720332860947,7.65928316116333,0.00037843722500148605,1.6129179191731033,4262.048795983983,0.0003784557170883724,linear-head cross-entropy Gauss-Newton/Hessian + trace damping,5.280938334957269e-16,1.210301040855714e-15,0.6103525757789612,posthoc_after_source_selection_rule_defined,0.025438720360398293,0.06770720332860947,371.3812561035156,0.00037843722500148605,1.6129179191731033,4262.048795983983,0.0003784557170883724,linear-head cross-entropy Gauss-Newton/Hessian + trace damping,5.280938334957269e-16,1.210301040855714e-15
1,SHUFFLED_LOCAL_RESPONSE,0.001,2,0.125,0.75,0.7149999737739563,0.7324999868869781,0.7149999737739563,0.28285714983940125,0.6755954027175903,0.042294692248106,0.2749336361885071,3.577488422393799,0.27473264932632446,0.009628329426050186,0.08733437210321426,16.86134910583496,8.31165237077096e-05,0.5373541136456162,6465.069635675501,8.312065122823218e-05,linear-head cross-entropy Gauss-Newton/Hessian + trace damping,6.01114547023934e-16,2.0658003886783357e-16,0.002096346579492092,posthoc_after_source_selection_rule_defined,0.002492410596460104,0.042294692248106,14.671655654907227,8.311936312659257e-05,0.5373541207041371,6464.8488690383165,8.312065401849044e-05,linear-head cross-entropy Gauss-Newton/Hessian + trace damping,0.0,0.0
1,SHUFFLED_LOCAL_RESPONSE,0.001,4,0.25,0.9024999737739563,0.7950000166893005,0.8487499952316284,0.7950000166893005,0.11142857372760773,0.6457330584526062,0.04810354858636856,0.38556969165802,3.1175601482391357,0.385277658700943,0.010180732235312462,0.10047178715467453,18.460187911987305,9.419763853069797e-05,0.5757009997432584,6111.628791582114,9.420811075349802e-05,linear-head cross-entropy Gauss-Newton/Hessian + trace damping,5.303686934358561e-16,0.0,0.011994363740086555,posthoc_after_source_selection_rule_defined,0.002135972725227475,0.04810354858636856,15.10383129119873,9.420395047314258e-05,0.5757009784966626,6111.219068894507,9.420810833505171e-05,linear-head cross-entropy Gauss-Newton/Hessian + trace damping,0.0,0.0
1,SHUFFLED_LOCAL_RESPONSE,0.001,8,0.5,0.9150000214576721,0.8025000095367432,0.8587500154972076,0.8025000095367432,0.10571428388357162,0.552045464515686,0.04305193945765495,0.5904697179794312,2.1442506313323975,0.5902557373046875,0.016388263553380966,0.07889480888843536,11.71367359161377,0.00018133193914691737,0.8709762079201292,4803.2145468562685,0.0001813437665061263,linear-head cross-entropy Gauss-Newton/Hessian + trace damping,7.347376175690818e-16,4.78854436816323e-16,0.10684529691934586,posthoc_after_source_selection_rule_defined,0.0012829984771087766,0.04305193945765495,11.21917724609375,0.0001813294928948479,0.8709762069082198,4803.279339744775,0.0001813437689093972,linear-head cross-entropy Gauss-Newton/Hessian + trace damping,0.0,0.0
1,SHUFFLED_LOCAL_RESPONSE,0.001,12,0.75,0.9150000214576721,0.8025000095367432,0.8587500154972076,0.8025000095367432,0.10571428388357162,0.43965476751327515,0.036642882972955704,0.629612147808075,0.9953798651695251,0.6296408772468567,0.03644882142543793,0.05804489552974701,6.34104061126709,0.0004354718345317149,1.7700019470526844,4064.5612567711937,0.0004354948527885206,linear-head cross-entropy Gauss-Newton/Hessian + trace damping,1.0708285101120622e-15,1.2804174516195662e-15,0.4654078185558319,posthoc_after_source_selection_rule_defined,0.0006503479089587927,0.036642882972955704,7.231988430023193,0.0004354699527294458,1.7700019699965792,4064.5788737030684,0.0004354948612550894,linear-head cross-entropy Gauss-Newton/Hessian + trace damping,0.0,0.0
1,SHUFFLED_LOCAL_RESPONSE,0.001,16,1.0,0.9150000214576721,0.8025000095367432,0.8587500154972076,0.8025000095367432,0.10571428388357162,0.3861469626426697,0.04944514483213425,0.4549993872642517,2.057730197906494,0.4551736116409302,0.07302272319793701,0.07306645065546036,5.93052864074707,0.0006663089967036327,2.643603044803374,3967.53316836756,0.0006663472961747286,linear-head cross-entropy Gauss-Newton/Hessian + trace damping,3.9991184095321104e-16,2.102259610788417e-15,1.0402371883392334,posthoc_after_source_selection_rule_defined,0.012612993828952312,0.04944514483213425,6.45707368850708,0.0006663179431609434,2.6436030367230656,3967.479885326345,0.0006663473035124215,linear-head cross-entropy Gauss-Newton/Hessian + trace damping,0.0,0.0
2,ERM,0.0,2,0.125,0.46000000834465027,0.44749999046325684,0.45374999940395355,0.44749999046325684,0.47857141494750977,0.6959357261657715,0.0,0.24781934916973114,0.0,0.24781934916973114,0.00020917743677273393,0.025939619168639183,13.41235065460205,7.965365141641977e-05,0.5234691664487914,6571.816321541333,7.965609617191589e-05,linear-head cross-entropy Gauss-Newton/Hessian + trace damping,2.0908645628978742e-16,2.1208854356228717e-16,0.00028992557781748474,posthoc_after_source_selection_rule_defined,,,,,,,,,,
2,ERM,0.0,4,0.25,0.46000000834465027,0.44749999046325684,0.45374999940395355,0.44749999046325684,0.47857141494750977,0.6785614490509033,0.0,0.252106249332428,0.0,0.252106249332428,0.00019493597210384905,0.05109374597668648,19.765993118286133,7.983577470076661e-05,0.5198669573093766,6511.704298704383,7.983620378261731e-05,linear-head cross-entropy Gauss-Newton/Hessian + trace damping,2.086147647477532e-16,8.541812884514232e-16,0.0015359747922047973,posthoc_after_source_selection_rule_defined,,,,,,,,,,
2,ERM,0.0,8,0.5,0.8075000047683716,0.7450000047683716,0.7762500047683716,0.7450000047683716,0.261428564786911,0.6272674798965454,0.0,0.41743138432502747,0.0,0.41743138432502747,0.0003064934862777591,0.05805348977446556,17.80327796936035,9.486540905130533e-05,0.5656749396800467,5962.920998676314,9.488081541018222e-05,linear-head cross-entropy Gauss-Newton/Hessian + trace damping,0.0,9.761758401313004e-16,0.01941380277276039,posthoc_after_source_selection_rule_defined,,,,,,,,,,
2,ERM,0.0,12,0.75,0.9175000190734863,0.800000011920929,0.8587500154972076,0.800000011920929,0.11428571492433548,0.5444325804710388,0.0,0.6573667526245117,0.0,0.6573667526245117,0.001758896978572011,0.0407680980861187,11.323331832885742,0.00016355661851022324,0.8077329617757973,4938.552588902475,0.00016356689248134376,linear-head cross-entropy Gauss-Newton/Hessian + trace damping,6.10943105336456e-16,1.1744365047833181e-15,0.11571857333183289,posthoc_after_source_selection_rule_defined,,,,,,,,,,
2,ERM,0.0,16,1.0,0.9200000166893005,0.8025000095367432,0.8612500131130219,0.8025000095367432,0.1071428582072258,0.44459450244903564,0.0,0.6852673292160034,0.0,0.6852673292160034,0.008485086262226105,0.04117870330810547,7.972198009490967,0.00031576353929966986,1.3372639624955178,4235.017017675404,0.0003157813790621179,linear-head cross-entropy Gauss-Newton/Hessian + trace damping,2.1096887878481454e-16,2.178872435610655e-15,0.3847184181213379,posthoc_after_source_selection_rule_defined,,,,,,,,,,
2,IRMv1,0.001,2,0.125,0.46000000834465027,0.44749999046325684,0.45374999940395355,0.44749999046325684,0.47857141494750977,0.6959357261657715,3.1765506719239056e-05,0.2478192150592804,0.0034364191815257072,0.2478226125240326,0.00020917720394209027,0.02593974396586418,13.412357330322266,7.965432171166976e-05,0.5234691094049092,6571.760303223049,7.965608761106986e-05,linear-head cross-entropy Gauss-Newton/Hessian + trace damping,4.181729575217009e-16,0.0,0.0002899255487136543,posthoc_after_source_selection_rule_defined,,,,,,,,,,
2,IRMv1,0.001,4,0.25,0.46000000834465027,0.44749999046325684,0.45374999940395355,0.44749999046325684,0.47857141494750977,0.6785614490509033,0.00015869535855017602,0.2521059811115265,0.006934754550457001,0.2520991861820221,0.0001949361030710861,0.051093798130750656,19.766016006469727,7.983317180552375e-05,0.5198668590612898,6511.915376827351,7.983618107968742e-05,linear-head cross-entropy Gauss-Newton/Hessian + trace damping,6.258444722139361e-16,1.4948175383923655e-15,0.0015359632670879364,posthoc_after_source_selection_rule_defined,,,,,,,,,,
2,IRMv1,0.001,8,0.5,0.8075000047683716,0.7450000047683716,0.7762500047683716,0.7450000047683716,0.261428564786911,0.6272677183151245,0.0033070268109440804,0.4174309968948364,0.047512494027614594,0.41738632321357727,0.0003064936609007418,0.05805383622646332,17.803512573242188,9.486350405373796e-05,0.5656742943974894,5963.033940608478,9.48806996386724e-05,linear-head cross-entropy Gauss-Newton/Hessian + trace damping,5.266090237706041e-16,1.952353919992887e-16,0.019413722679018974,posthoc_after_source_selection_rule_defined,,,,,,,,,,
2,IRMv1,0.001,12,0.75,0.9175000190734863,0.800000011920929,0.8587500154972076,0.800000011920929,0.11428571492433548,0.5444343090057373,0.011805439367890358,0.6575523614883423,0.15533329546451569,0.657424807548523,0.0017589565832167864,0.04076632857322693,11.322830200195312,0.0001635549697685437,0.8077372648038679,4938.628682130201,0.00016356716086826935,linear-head cross-entropy Gauss-Newton/Hessian + trace damping,4.072947352525775e-16,1.0439395418281617e-15,0.11571882665157318,posthoc_after_source_selection_rule_defined,,,,,,,,,,
2,IRMv1,0.001,16,1.0,0.9200000166893005,0.8025000095367432,0.8612500131130219,0.8025000095367432,0.1071428582072258,0.44459643959999084,0.018522392958402634,0.6854182481765747,0.24992501735687256,0.6852899193763733,0.00848604179918766,0.0411880761384964,7.974070072174072,0.0003157498422747659,1.3371937137693737,4234.978247766617,0.00031577051215043127,linear-head cross-entropy Gauss-Newton/Hessian + trace damping,2.1097613905797577e-16,1.4526406271407525e-15,0.3847348988056183,posthoc_after_source_selection_rule_defined,,,,,,,,,,
2,V-REx,0.001,2,0.125,0.46000000834465027,0.44749999046325684,0.45374999940395355,0.44749999046325684,0.47857141494750977,0.6959356665611267,6.977252269280143e-07,0.24781930446624756,4.704633465735242e-05,0.24781931936740875,0.00020917729125358164,0.025939691811800003,13.412365913391113,7.96549157005895e-05,0.5234691441755484,6571.711733939785,7.96560927274316e-05,linear-head cross-entropy Gauss-Newton/Hessian + trace damping,4.1817293066218455e-16,0.0,0.0002899255487136543,posthoc_after_source_selection_rule_defined,,,,,,,,,,
2,V-REx,0.001,4,0.25,0.46000000834465027,0.44749999046325684,0.45374999940395355,0.44749999046325684,0.47857141494750977,0.6785614490509033,1.0264011507388204e-07,0.2521061599254608,1.989598968066275e-05,0.2521061599254608,0.000194936350453645,0.05109380558133125,19.76604652404785,7.983364508595895e-05,0.5198669294326319,6511.877653499069,7.983619595840922e-05,linear-head cross-entropy Gauss-Newton/Hessian + trace damping,2.0861478519268184e-16,1.2812720016001754e-15,0.0015359721146523952,posthoc_after_source_selection_rule_defined,,,,,,,,,,
2,V-REx,0.001,8,0.5,0.8075000047683716,0.7450000047683716,0.7762500047683716,0.7450000047683716,0.261428564786911,0.6272674798965454,2.5115419703070074e-05,0.4174313545227051,0.0005212450050748885,0.41743096709251404,0.00030649351538158953,0.058054279536008835,17.80356216430664,9.487526544325343e-05,0.5656747646541175,5962.299678544326,9.488078310493042e-05,linear-head cross-entropy Gauss-Newton/Hessian + trace damping,3.5107237367645467e-16,1.9523522968946001e-16,0.0194137841463089,posthoc_after_source_selection_rule_defined,,,,,,,,,,
2,V-REx,0.001,12,0.75,0.9175000190734863,0.800000011920929,0.8587500154972076,0.800000011920929,0.11428571492433548,0.5444325804710388,0.00025340032880194485,0.6573662161827087,0.0031764674931764603,0.6573644280433655,0.001758888247422874,0.040768496692180634,11.323479652404785,0.000163558910525604,0.8077315676299048,4938.474859206525,0.00016356664469419752,linear-head cross-entropy Gauss-Newton/Hessian + trace damping,8.145920411390688e-16,3.9147948194251816e-16,0.11571833491325378,posthoc_after_source_selection_rule_defined,,,,,,,,,,
2,V-REx,0.001,16,1.0,0.9200000166893005,0.8025000095367432,0.8612500131130219,0.8025000095367432,0.1071428582072258,0.4445953369140625,0.0012176508316770196,0.6852700114250183,0.014423059299588203,0.6852670907974243,0.008485166355967522,0.04117891937494278,7.972414493560791,0.00031576792466329596,1.337306991591825,4235.094470148601,0.0003157878744020833,linear-head cross-entropy Gauss-Newton/Hessian + trace damping,6.32893618299913e-16,1.3072914087321768e-15,0.38471704721450806,posthoc_after_source_selection_rule_defined,,,,,,,,,,
2,UNPRECONDITIONED_GRAD_ALIGN,0.001,2,0.125,0.46000000834465027,0.44749999046325684,0.45374999940395355,0.44749999046325684,0.47857141494750977,0.6959357261657715,0.00020917692745570093,0.2478192150592804,0.0005697138840332627,0.24781931936740875,0.0002091769129037857,0.025939559563994408,13.412276268005371,7.965394265357554e-05,0.523468635323442,6571.785625227232,7.965601559118748e-05,linear-head cross-entropy Gauss-Newton/Hessian + trace damping,8.363466712139681e-16,4.2417751750543237e-16,0.00028992537409067154,posthoc_after_source_selection_rule_defined,0.0002091769129037857,0.025939559563994408,0.014462949708104134,7.965394265357554e-05,0.523468635323442,6571.785625227232,7.965601559118748e-05,linear-head cross-entropy Gauss-Newton/Hessian + trace damping,0.0,0.0
2,UNPRECONDITIONED_GRAD_ALIGN,0.001,4,0.25,0.46000000834465027,0.44749999046325684,0.45374999940395355,0.44749999046325684,0.47857141494750977,0.6785613894462585,0.00019493572472129017,0.25210636854171753,0.0005689433310180902,0.2521064579486847,0.00019493571016937494,0.05109386146068573,19.76602554321289,7.983197369861531e-05,0.5198660518914071,6512.00299586761,7.983606270387913e-05,linear-head cross-entropy Gauss-Newton/Hessian + trace damping,2.0861513339203227e-16,6.406370821928917e-16,0.0015359853859990835,posthoc_after_source_selection_rule_defined,0.00019493571016937494,0.05109386146068573,0.013961938209831715,7.983197369861531e-05,0.5198660518914071,6512.00299586761,7.983606270387913e-05,linear-head cross-entropy Gauss-Newton/Hessian + trace damping,0.0,0.0
2,UNPRECONDITIONED_GRAD_ALIGN,0.001,8,0.5,0.8075000047683716,0.7450000047683716,0.7762500047683716,0.7450000047683716,0.261428564786911,0.6272674202919006,0.00030649558175355196,0.41743147373199463,0.0027165852952748537,0.41743004322052,0.0003064956108573824,0.05805506557226181,17.8039493560791,9.487824752806966e-05,0.5656731496695864,5962.095257948692,9.488054575878338e-05,linear-head cross-entropy Gauss-Newton/Hessian + trace damping,1.7553662594655337e-16,9.761788999231508e-16,0.019414018839597702,posthoc_after_source_selection_rule_defined,0.0003064956108573824,0.05805506557226181,0.01750701665878296,9.487824752806966e-05,0.5656731496695864,5962.095257948692,9.488054575878338e-05,linear-head cross-entropy Gauss-Newton/Hessian + trace damping,0.0,0.0
2,UNPRECONDITIONED_GRAD_ALIGN,0.001,12,0.75,0.9175000190734863,0.800000011920929,0.8587500154972076,0.800000011920929,0.11428571492433548,0.5444326400756836,0.0017589116469025612,0.6573596000671387,0.022993065416812897,0.6573542356491089,0.0017589116469025612,0.04076545313000679,11.323010444641113,0.00016355298994593636,0.8077111929355747,4938.529055339004,0.00016356316526291653,linear-head cross-entropy Gauss-Newton/Hessian + trace damping,1.4255663970044647e-15,1.9574438371937814e-15,0.11571922153234482,posthoc_after_source_selection_rule_defined,0.0017589116469025612,0.04076545313000679,0.0419393815100193,0.00016355298994593636,0.8077111929355747,4938.529055339004,0.00016356316526291653,linear-head cross-entropy Gauss-Newton/Hessian + trace damping,0.0,0.0
2,UNPRECONDITIONED_GRAD_ALIGN,0.001,16,1.0,0.9200000166893005,0.8025000095367432,0.8612500131130219,0.8025000095367432,0.1071428582072258,0.4445977210998535,0.008483804762363434,0.6852843165397644,0.11340417712926865,0.6852828860282898,0.008483806625008583,0.04117267578840256,7.972113132476807,0.0003157410959810269,1.3371665540925364,4235.009541402515,0.0003157612991829713,linear-head cross-entropy Gauss-Newton/Hessian + trace damping,1.6878583576704619e-15,3.3411612905060947e-15,0.3847006857395172,posthoc_after_source_selection_rule_defined,0.008483806625008583,0.04117267578840256,0.09210757911205292,0.0003157410959810269,1.3371665540925364,4235.009541402515,0.0003157612991829713,linear-head cross-entropy Gauss-Newton/Hessian + trace damping,0.0,0.0
2,LOCAL_RESPONSE,0.001,2,0.125,0.46000000834465027,0.44749999046325684,0.45374999940395355,0.44749999046325684,0.47857141494750977,0.695967435836792,0.026815030723810196,0.24723343551158905,1.4297276735305786,0.24719133973121643,0.00020950971520505846,0.026815030723810196,13.717891693115234,7.97611301291039e-05,0.5241751606925773,6571.8121075282,7.976389615931118e-05,linear-head cross-entropy Gauss-Newton/Hessian + trace damping,0.0,6.354086735958688e-16,0.00028841878520324826,posthoc_after_source_selection_rule_defined,0.00020950971520505846,0.026815030723810196,13.717891693115234,7.97611301291039e-05,0.5241751606925773,6571.8121075282,7.976389615931118e-05,linear-head cross-entropy Gauss-Newton/Hessian + trace damping,0.0,0.0
2,LOCAL_RESPONSE,0.001,4,0.25,0.46000000834465027,0.44749999046325684,0.45374999940395355,0.44749999046325684,0.47857141494750977,0.6785966157913208,0.050236910581588745,0.25250041484832764,1.947746753692627,0.25234895944595337,0.00019520697242114693,0.050236910581588745,19.549592971801758,8.000756995663337e-05,0.5209890606819936,6511.747087986625,8.00097729330501e-05,linear-head cross-entropy Gauss-Newton/Hessian + trace damping,4.1632441287893256e-16,2.1308537862758357e-16,0.0015338222729042172,posthoc_after_source_selection_rule_defined,0.00019520697242114693,0.050236910581588745,19.549592971801758,8.000756995663337e-05,0.5209890606819936,6511.747087986625,8.00097729330501e-05,linear-head cross-entropy Gauss-Newton/Hessian + trace damping,0.0,0.0
2,LOCAL_RESPONSE,0.001,8,0.5,0.8075000047683716,0.7450000047683716,0.7762500047683716,0.7450000047683716,0.2628571391105652,0.6272289156913757,0.05675673112273216,0.41889867186546326,1.9165157079696655,0.41881656646728516,0.00030710879946127534,0.05675673112273216,17.57117462158203,9.53968174707341e-05,0.5684825820210426,5959.135714306634,9.540115490160657e-05,linear-head cross-entropy Gauss-Newton/Hessian + trace damping,1.74578713304276e-16,5.827785906235048e-16,0.019454199820756912,posthoc_after_source_selection_rule_defined,0.00030710879946127534,0.05675673112273216,17.57117462158203,9.53968174707341e-05,0.5684825820210426,5959.135714306634,9.540115490160657e-05,linear-head cross-entropy Gauss-Newton/Hessian + trace damping,0.0,0.0
2,LOCAL_RESPONSE,0.001,12,0.75,0.9175000190734863,0.800000011920929,0.8587500154972076,0.800000011920929,0.11428571492433548,0.5441581010818481,0.03949758782982826,0.6546090245246887,1.6128746271133423,0.6543716192245483,0.0017589533235877752,0.03949758782982826,11.076620101928711,0.00016348419748305227,0.8058031311130807,4928.935906460409,0.00016349136861125855,linear-head cross-entropy Gauss-Newton/Hessian + trace damping,0.0,1.4377123832060307e-15,0.11575965583324432,posthoc_after_source_selection_rule_defined,0.0017589533235877752,0.03949758782982826,11.076620101928711,0.00016348419748305227,0.8058031311130807,4928.935906460409,0.00016349136861125855,linear-head cross-entropy Gauss-Newton/Hessian + trace damping,0.0,0.0
2,LOCAL_RESPONSE,0.001,16,1.0,0.9200000166893005,0.8025000095367432,0.8612500131130219,0.8025000095367432,0.1071428582072258,0.4443507790565491,0.04071739315986633,0.6838937401771545,2.143096923828125,0.6840776205062866,0.008489343337714672,0.04071739315986633,7.925229072570801,0.00031658081420911946,1.3402636795177814,4233.5593926183465,0.0003166014480997215,linear-head cross-entropy Gauss-Newton/Hessian + trace damping,2.1042242188631395e-16,8.693699275172937e-16,0.3847472071647644,posthoc_after_source_selection_rule_defined,0.008489343337714672,0.04071739315986633,7.925229072570801,0.00031658081420911946,1.3402636795177814,4233.5593926183465,0.0003166014480997215,linear-head cross-entropy Gauss-Newton/Hessian + trace damping,0.0,0.0
2,RANDOM_METRIC,0.001,2,0.125,0.46000000834465027,0.44749999046325684,0.45374999940395355,0.44749999046325684,0.47857141494750977,0.6958836317062378,2.3615052700042725,0.23428601026535034,6.266223907470703,0.23589107394218445,0.0002071470662485808,0.028608305379748344,14.197519302368164,7.871151957744326e-05,0.517243562874058,6571.3832695752835,7.871401688039243e-05,linear-head cross-entropy Gauss-Newton/Hessian + trace damping,0.0,1.073206256930086e-15,0.0002865510177798569,posthoc_after_source_selection_rule_defined,0.0002071470662485808,0.028608305379748344,168.77886962890625,7.871151957744326e-05,0.517243562874058,6571.3832695752835,7.871401688039243e-05,linear-head cross-entropy Gauss-Newton/Hessian + trace damping,0.0,1.073206256930086e-15
2,RANDOM_METRIC,0.001,4,0.25,0.46000000834465027,0.44749999046325684,0.45374999940395355,0.44749999046325684,0.47857141494750977,0.6781925559043884,2.099841833114624,0.25185254216194153,6.423962593078613,0.25369250774383545,0.00019434280693531036,0.052508432418107986,19.947345733642578,7.881353184279629e-05,0.5131327029537096,6510.718286007264,7.88152409443159e-05,linear-head cross-entropy Gauss-Newton/Hessian + trace damping,6.339514034689585e-16,1.2980869659828086e-15,0.0016251917695626616,posthoc_after_source_selection_rule_defined,0.00019434280693531036,0.052508432418107986,157.90042114257812,7.881353184279629e-05,0.5131327029537096,6510.718286007264,7.88152409443159e-05,linear-head cross-entropy Gauss-Newton/Hessian + trace damping,6.339514034689585e-16,1.2980869659828086e-15
2,RANDOM_METRIC,0.001,8,0.5,0.800000011920929,0.7325000166893005,0.7662500143051147,0.7325000166893005,0.27571427822113037,0.6280084848403931,2.5115232467651367,0.41191840171813965,23.160003662109375,0.4017884433269501,0.00029801353230141103,0.061125561594963074,18.489852905273438,9.27531887237438e-05,0.5559078916748074,5993.410030683948,9.275755804441305e-05,linear-head cross-entropy Gauss-Newton/Hessian + trace damping,0.0,9.93856447000516e-16,0.01955575868487358,posthoc_after_source_selection_rule_defined,0.00029801353230141103,0.061125561594963074,158.99069213867188,9.27531887237438e-05,0.5559078916748074,5993.410030683948,9.275755804441305e-05,linear-head cross-entropy Gauss-Newton/Hessian + trace damping,0.0,9.93856447000516e-16
2,RANDOM_METRIC,0.001,12,0.75,0.9200000166893005,0.8025000095367432,0.8612500131130219,0.8025000095367432,0.10999999940395355,0.5522160530090332,6.683895111083984,0.5583100318908691,90.50100708007812,0.5240501165390015,0.0011929281754419208,0.05163028463721275,13.815058708190918,0.0001402216045350251,0.7130047143865833,5084.842073736834,0.00014024083125332943,linear-head cross-entropy Gauss-Newton/Hessian + trace damping,8.313204867037113e-16,1.494556198547293e-16,0.09768854081630707,posthoc_after_source_selection_rule_defined,0.0011929281754419208,0.05163028463721275,210.23338317871094,0.0001402216045350251,0.7130047143865833,5084.842073736834,0.00014024083125332943,linear-head cross-entropy Gauss-Newton/Hessian + trace damping,8.313204867037113e-16,1.494556198547293e-16
2,RANDOM_METRIC,0.001,16,1.0,0.9200000166893005,0.8025000095367432,0.8612500131130219,0.8025000095367432,0.1071428582072258,0.4848671555519104,7.761090278625488,0.6480026841163635,133.69017028808594,0.5978973507881165,0.002062825486063957,0.0522894524037838,10.7717866897583,0.00020334057087697215,0.9574901536116016,4708.800361295903,0.00020334959199923714,linear-head cross-entropy Gauss-Newton/Hessian + trace damping,9.828400857884322e-16,2.1572059956854705e-16,0.20652523636817932,posthoc_after_source_selection_rule_defined,0.002062825486063957,0.0522894524037838,186.3094024658203,0.00020334057087697215,0.9574901536116016,4708.800361295903,0.00020334959199923714,linear-head cross-entropy Gauss-Newton/Hessian + trace damping,9.828400857884322e-16,2.1572059956854705e-16
2,SHUFFLED_LOCAL_RESPONSE,0.001,2,0.125,0.46000000834465027,0.44749999046325684,0.45374999940395355,0.44749999046325684,0.47857141494750977,0.6960278749465942,0.05151791125535965,0.24559025466442108,5.822112083435059,0.24590998888015747,0.0002093151560984552,0.025746284052729607,13.262737274169922,7.974001620638708e-05,0.5240334844134764,6571.775494215437,7.974087142350756e-05,linear-head cross-entropy Gauss-Newton/Hessian + trace damping,4.1772833863349297e-16,6.355804835817814e-16,0.00028657287475652993,posthoc_after_source_selection_rule_defined,0.01427734736353159,0.05151791125535965,12.94456958770752,7.973831968086655e-05,0.5240334698645938,6571.915133926971,7.974086689711779e-05,linear-head cross-entropy Gauss-Newton/Hessian + trace damping,0.0,0.0
2,SHUFFLED_LOCAL_RESPONSE,0.001,4,0.25,0.46000000834465027,0.44749999046325684,0.45374999940395355,0.44749999046325684,0.47857141494750977,0.6787010431289673,0.053608741611242294,0.25285235047340393,4.8620781898498535,0.2521718144416809,0.00019458631868474185,0.050368744879961014,19.773466110229492,7.998448293054806e-05,0.52085292106179,6511.924588098617,7.998578353270645e-05,linear-head cross-entropy Gauss-Newton/Hessian + trace damping,0.0,1.2788469816385217e-15,0.001532927737571299,posthoc_after_source_selection_rule_defined,0.013732483610510826,0.053608741611242294,13.46590518951416,7.998301066540235e-05,0.520852921022267,6512.044454055146,7.998578336741267e-05,linear-head cross-entropy Gauss-Newton/Hessian + trace damping,0.0,0.0
2,SHUFFLED_LOCAL_RESPONSE,0.001,8,0.5,0.8075000047683716,0.7450000047683716,0.7762500047683716,0.7450000047683716,0.2628571391105652,0.6274133324623108,0.058856524527072906,0.41701164841651917,4.689087390899658,0.41659456491470337,0.0003066352510359138,0.057530589401721954,17.62107276916504,9.505111307396979e-05,0.5666646475821443,5961.683448579501,9.506699232257565e-05,linear-head cross-entropy Gauss-Newton/Hessian + trace damping,3.503847226795944e-16,1.3642244203220565e-15,0.01936982572078705,posthoc_after_source_selection_rule_defined,0.012946518138051033,0.058856524527072906,12.931183815002441,9.506488215168469e-05,0.5666646426490684,5960.819913971,9.506699586795135e-05,linear-head cross-entropy Gauss-Newton/Hessian + trace damping,0.0,0.0
2,SHUFFLED_LOCAL_RESPONSE,0.001,12,0.75,0.9175000190734863,0.800000011920929,0.8587500154972076,0.800000011920929,0.11428571492433548,0.5446735620498657,0.04308281093835831,0.6559798717498779,3.344907760620117,0.6560192108154297,0.0017665507039055228,0.03970075771212578,11.088176727294922,0.0001628630056664606,0.803975654968593,4936.51490514129,0.00016287003762210426,linear-head cross-entropy Gauss-Newton/Hessian + trace damping,6.135570831919806e-16,2.228308519349153e-15,0.11546453088521957,posthoc_after_source_selection_rule_defined,0.01322457380592823,0.04308281093835831,8.460639953613281,0.00016285021172339798,0.8039756563752488,4936.902739437674,0.00016287004559589234,linear-head cross-entropy Gauss-Newton/Hessian + trace damping,0.0,0.0
2,SHUFFLED_LOCAL_RESPONSE,0.001,16,1.0,0.9200000166893005,0.8025000095367432,0.8612500131130219,0.8025000095367432,0.1071428582072258,0.4450775384902954,0.030443482100963593,0.6872348189353943,1.4934455156326294,0.6873020529747009,0.008577085100114346,0.04159916937351227,8.018073081970215,0.00031589739499155394,1.3415782751597936,4246.879830065274,0.00031592354996863635,linear-head cross-entropy Gauss-Newton/Hessian + trace damping,1.4761175747085008e-15,1.5955410182422287e-15,0.38448840379714966,posthoc_after_source_selection_rule_defined,0.017730597406625748,0.030443482100963593,5.354460716247559,0.00031590944712281275,1.3415782657629547,4246.717779355942,0.00031592355194416915,linear-head cross-entropy Gauss-Newton/Hessian + trace damping,0.0,0.0
3,ERM,0.0,2,0.125,0.8949999809265137,0.7950000166893005,0.8449999988079071,0.7950000166893005,0.1128571406006813,0.6690456867218018,0.0,0.249799907207489,0.0,0.249799907207489,0.000916384975425899,0.05920442193746567,16.43561363220215,8.51507241074796e-05,0.5536067632495436,6501.492137057647,8.515253881490303e-05,linear-head cross-entropy Gauss-Newton/Hessian + trace damping,5.867709090859017e-16,8.021224866848782e-16,0.002154882997274399,posthoc_after_source_selection_rule_defined,,,,,,,,,,
3,ERM,0.0,4,0.25,0.7599999904632568,0.6825000047683716,0.7212499976158142,0.6825000047683716,0.18285714089870453,0.6380215883255005,0.0,0.3128153085708618,0.0,0.3128153085708618,0.0010813496774062514,0.05751729756593704,15.060049057006836,0.00010502828581163864,0.6632702225456325,6315.158030239247,0.00010503638587551629,linear-head cross-entropy Gauss-Newton/Hessian + trace damping,6.3425681421305e-16,1.0034739356993954e-15,0.01088957954198122,posthoc_after_source_selection_rule_defined,,,,,,,,,,
3,ERM,0.0,8,0.5,0.8949999809265137,0.7950000166893005,0.8449999988079071,0.7950000166893005,0.1128571406006813,0.5530670881271362,0.0,0.5072842240333557,0.0,0.5072842240333557,0.001549765933305025,0.04612145200371742,10.219182968139648,0.0001764872731018252,0.9644058609813757,5464.449895063862,0.00017649510875344276,linear-head cross-entropy Gauss-Newton/Hessian + trace damping,1.8873056582809718e-16,1.1281491268869886e-15,0.0855957567691803,posthoc_after_source_selection_rule_defined,,,,,,,,,,
3,ERM,0.0,12,0.75,0.8949999809265137,0.7950000166893005,0.8449999988079071,0.7950000166893005,0.1128571406006813,0.44860994815826416,0.0,0.5486934185028076,0.0,0.5486934185028076,0.003057952970266342,0.023339733481407166,6.072035312652588,0.0003165738198595732,1.386020722062419,4378.191230965449,0.00031659527963986907,linear-head cross-entropy Gauss-Newton/Hessian + trace damping,1.262559130211393e-15,1.2879787078606616e-15,0.34876900911331177,posthoc_after_source_selection_rule_defined,,,,,,,,,,
3,ERM,0.0,16,1.0,0.8949999809265137,0.7950000166893005,0.8449999988079071,0.7950000166893005,0.1128571406006813,0.3782837986946106,0.0,0.3093840181827545,0.0,0.3093840181827545,0.008213967084884644,0.021442290395498276,4.788091659545898,0.0005218451552947239,2.0625019873651316,3952.3256399693637,0.0005218728140673854,linear-head cross-entropy Gauss-Newton/Hessian + trace damping,1.2765570783929644e-16,1.9700958207611164e-15,0.7988260388374329,posthoc_after_source_selection_rule_defined,,,,,,,,,,
3,IRMv1,0.001,2,0.125,0.8949999809265137,0.7950000166893005,0.8449999988079071,0.7950000166893005,0.1128571406006813,0.6690455675125122,0.0005551448557525873,0.2497999519109726,0.01113046519458294,0.2497888207435608,0.0009163847425952554,0.05920431390404701,16.435571670532227,8.514875430872412e-05,0.5536067524279042,6501.642413002197,8.515253834634289e-05,linear-head cross-entropy Gauss-Newton/Hessian + trace damping,7.823612164195542e-16,4.010612510779176e-16,0.0021548867225646973,posthoc_after_source_selection_rule_defined,,,,,,,,,,
3,IRMv1,0.001,4,0.25,0.7599999904632568,0.6825000047683716,0.7212499976158142,0.6825000047683716,0.18285714089870453,0.6380215883255005,0.002594604156911373,0.3128151595592499,0.027044393122196198,0.31278908252716064,0.0010813507251441479,0.057517439126968384,15.0601224899292,0.00010503398318984429,0.6632711301240674,6314.824116735953,0.00010503652161925417,linear-head cross-entropy Gauss-Newton/Hessian + trace damping,7.92819993165662e-16,3.344908559845713e-16,0.010889570228755474,posthoc_after_source_selection_rule_defined,,,,,,,,,,
3,IRMv1,0.001,8,0.5,0.8949999809265137,0.7950000166893005,0.8449999988079071,0.7950000166893005,0.1128571406006813,0.5530667901039124,0.013165013864636421,0.5072789192199707,0.07079777866601944,0.507218062877655,0.0015497832791879773,0.046119071543216705,10.218792915344238,0.00017648636753053186,0.9644187872851607,5464.5511762732485,0.000176496789226252,linear-head cross-entropy Gauss-Newton/Hessian + trace damping,9.436438443712565e-16,7.896945157064877e-16,0.08559616655111313,posthoc_after_source_selection_rule_defined,,,,,,,,,,
3,IRMv1,0.001,12,0.75,0.8949999809265137,0.7950000166893005,0.8449999988079071,0.7950000166893005,0.1128571406006813,0.4486100673675537,0.02207239717245102,0.5486814379692078,0.0807303935289383,0.5487213134765625,0.0030579534359276295,0.023328501731157303,6.069329738616943,0.0003165875968826449,1.3860774837241294,4378.179996223703,0.0003166019803646839,linear-head cross-entropy Gauss-Newton/Hessian + trace damping,6.312662043849512e-16,8.586274102088445e-16,0.3487682044506073,posthoc_after_source_selection_rule_defined,,,,,,,,,,
3,IRMv1,0.001,16,1.0,0.8949999809265137,0.7950000166893005,0.8449999988079071,0.7950000166893005,0.1128571406006813,0.3782758414745331,0.009412762708961964,0.30904752016067505,0.1609165370464325,0.3091980516910553,0.008215351961553097,0.02144555188715458,4.789478302001953,0.0005219188562808635,2.0628666576856762,3952.466236582134,0.0005219646362644253,linear-head cross-entropy Gauss-Newton/Hessian + trace damping,8.934327576490376e-16,8.953397812680039e-16,0.798943042755127,posthoc_after_source_selection_rule_defined,,,,,,,,,,
3,V-REx,0.001,2,0.125,0.8949999809265137,0.7950000166893005,0.8449999988079071,0.7950000166893005,0.1128571406006813,0.6690456867218018,2.7235018933424726e-06,0.249799907207489,0.00018623884534463286,0.24979977309703827,0.0009163850918412209,0.059204623103141785,16.435583114624023,8.5151081078761e-05,0.5536067649263742,6501.464901124536,8.515253920632232e-05,linear-head cross-entropy Gauss-Newton/Hessian + trace damping,9.779515106478356e-16,1.0026531052982368e-15,0.002154882298782468,posthoc_after_source_selection_rule_defined,,,,,,,,,,
3,V-REx,0.001,4,0.25,0.7599999904632568,0.6825000047683716,0.7212499976158142,0.6825000047683716,0.18285714089870453,0.6380215883255005,2.8629767257370986e-05,0.3128153085708618,0.0006950310198590159,0.3128148913383484,0.0010813488624989986,0.05751730501651764,15.060079574584961,0.00010503184836384629,0.6632699953690222,6314.941664849638,0.00010503635229752312,linear-head cross-entropy Gauss-Newton/Hessian + trace damping,6.342570169720997e-16,1.6724571319011116e-16,0.010889574885368347,posthoc_after_source_selection_rule_defined,,,,,,,,,,
3,V-REx,0.001,8,0.5,0.8949999809265137,0.7950000166893005,0.8449999988079071,0.7950000166893005,0.1128571406006813,0.5530672073364258,0.0001879295741673559,0.5072845220565796,0.0023199967108666897,0.5072827935218811,0.001549762673676014,0.04612191021442413,10.219391822814941,0.00017648413772687296,0.9644037605760093,5464.535073789587,0.00017649476931458623,linear-head cross-entropy Gauss-Newton/Hessian + trace damping,1.887309287991229e-16,7.897060576733243e-16,0.08559562265872955,posthoc_after_source_selection_rule_defined,,,,,,,,,,
3,V-REx,0.001,12,0.75,0.8949999809265137,0.7950000166893005,0.8449999988079071,0.7950000166893005,0.1128571406006813,0.44861042499542236,0.0007246642489917576,0.5486966967582703,0.006101623177528381,0.5486912131309509,0.0030579473823308945,0.023340944200754166,6.072286128997803,0.0003165767775832084,1.386016461013243,4378.136866495033,0.00031659439629451794,linear-head cross-entropy Gauss-Newton/Hessian + trace damping,1.262562652938739e-15,2.862183107739467e-16,0.3487672209739685,posthoc_after_source_selection_rule_defined,,,,,,,,,,
3,V-REx,0.001,16,1.0,0.8949999809265137,0.7950000166893005,0.8449999988079071,0.7950000166893005,0.1128571406006813,0.3782845139503479,0.0019566949922591448,0.3094013035297394,0.014610602520406246,0.30938786268234253,0.00821390375494957,0.021442923694849014,4.788323879241943,0.000521838811070289,2.0625048911899366,3952.379254735286,0.0005218718776648695,linear-head cross-entropy Gauss-Newton/Hessian + trace damping,3.8296781068152725e-16,1.0745989092240557e-15,0.7988162040710449,posthoc_after_source_selection_rule_defined,,,,,,,,,,
3,UNPRECONDITIONED_GRAD_ALIGN,0.001,2,0.125,0.8949999809265137,0.7950000166893005,0.8449999988079071,0.7950000166893005,0.1128571406006813,0.669045627117157,0.0009163856157101691,0.2497999221086502,0.00245844479650259,0.24979975819587708,0.00091638567391783,0.059205371886491776,16.435848236083984,8.514906563204656e-05,0.5536053365502982,6501.602013374815,8.515231023619361e-05,linear-head cross-entropy Gauss-Newton/Hessian + trace damping,5.86772484185118e-16,1.0026556929830195e-15,0.002154888352379203,posthoc_after_source_selection_rule_defined,0.00091638567391783,0.059205371886491776,0.0302718635648489,8.514906563204656e-05,0.5536053365502982,6501.602013374815,8.515231023619361e-05,linear-head cross-entropy Gauss-Newton/Hessian + trace damping,0.0,0.0
3,UNPRECONDITIONED_GRAD_ALIGN,0.001,4,0.25,0.7599999904632568,0.6825000047683716,0.7212499976158142,0.6825000047683716,0.18285714089870453,0.63802170753479,0.0010813303524628282,0.312815397977829,0.0042829373851418495,0.3128146231174469,0.0010813300032168627,0.05751750245690346,15.060340881347656,0.0001050254749388982,0.6632493669100021,6315.128470457932,0.00010503317884093011,linear-head cross-entropy Gauss-Newton/Hessian + trace damping,3.1713809015888133e-16,3.3450181621982087e-16,0.010889546945691109,posthoc_after_source_selection_rule_defined,0.0010813300032168627,0.05751750245690346,0.03288358077406883,0.0001050254749388982,0.6632493669100021,6315.128470457932,0.00010503317884093011,linear-head cross-entropy Gauss-Newton/Hessian + trace damping,0.0,0.0
3,UNPRECONDITIONED_GRAD_ALIGN,0.001,8,0.5,0.8949999809265137,0.7950000166893005,0.8449999988079071,0.7950000166893005,0.1128571406006813,0.553067684173584,0.001549487467855215,0.5072799921035767,0.007666369434446096,0.5072777271270752,0.0015494877006858587,0.04612484201788902,10.220377922058105,0.00017641813890239235,0.9639933853947344,5464.253230378354,0.00017643170074954854,linear-head cross-entropy Gauss-Newton/Hessian + trace damping,7.551935757443868e-16,0.0,0.08559513092041016,posthoc_after_source_selection_rule_defined,0.0015494877006858587,0.04612484201788902,0.03936353325843811,0.00017641813890239235,0.9639933853947344,5464.253230378354,0.00017643170074954854,linear-head cross-entropy Gauss-Newton/Hessian + trace damping,0.0,0.0
3,UNPRECONDITIONED_GRAD_ALIGN,0.001,12,0.75,0.8949999809265137,0.7950000166893005,0.8449999988079071,0.7950000166893005,0.1128571406006813,0.4486159086227417,0.0030578228179365396,0.5487242341041565,0.017528677359223366,0.5487194657325745,0.003057822585105896,0.023335125297307968,6.071282863616943,0.00031645731858581373,1.385332186966142,4377.627267894837,0.000316476777591037,linear-head cross-entropy Gauss-Newton/Hessian + trace damping,1.0525265706532585e-15,4.295082198381593e-16,0.34874507784843445,posthoc_after_source_selection_rule_defined,0.003057822585105896,0.023335125297307968,0.05529758334159851,0.00031645731858581373,1.385332186966142,4377.627267894837,0.000316476777591037,linear-head cross-entropy Gauss-Newton/Hessian + trace damping,0.0,0.0
3,UNPRECONDITIONED_GRAD_ALIGN,0.001,16,1.0,0.8949999809265137,0.7950000166893005,0.8449999988079071,0.7950000166893005,0.1128571406006813,0.37828677892684937,0.008212732151150703,0.30970892310142517,0.06446851044893265,0.30968910455703735,0.008212734013795853,0.021467380225658417,4.793031215667725,0.000521644739278825,2.061298720901784,3951.5374462541954,0.000521686039300579,linear-head cross-entropy Gauss-Newton/Hessian + trace damping,2.0432225810351287e-15,1.7917318937186667e-15,0.7987649440765381,posthoc_after_source_selection_rule_defined,0.008212734013795853,0.021467380225658417,0.090624138712883,0.000521644739278825,2.061298720901784,3951.5374462541954,0.000521686039300579,linear-head cross-entropy Gauss-Newton/Hessian + trace damping,0.0,0.0
3,LOCAL_RESPONSE,0.1,2,0.125,0.8924999833106995,0.7975000143051147,0.8449999988079071,0.7975000143051147,0.1128571406006813,0.6767256259918213,0.035981662571430206,0.23394499719142914,2.2327396869659424,0.3250490725040436,0.0009191336575895548,0.035981662571430206,13.938087463378906,8.33145143069633e-05,0.5451568027721947,6543.359309082971,8.331714450752601e-05,linear-head cross-entropy Gauss-Newton/Hessian + trace damping,1.9989896399965985e-16,2.0364800413464745e-16,0.0010726633481681347,posthoc_after_source_selection_rule_defined,0.0009191336575895548,0.035981662571430206,13.938087463378906,8.33145143069633e-05,0.5451568027721947,6543.359309082971,8.331714450752601e-05,linear-head cross-entropy Gauss-Newton/Hessian + trace damping,0.0,0.0
3,LOCAL_RESPONSE,0.1,4,0.25,0.8849999904632568,0.7900000214576721,0.8375000059604645,0.7900000214576721,0.11428571492433548,0.6600997447967529,0.037108276039361954,0.2565990388393402,1.9939439296722412,0.3422596752643585,0.0009660716168582439,0.037108276039361954,13.012858390808105,9.199653848693555e-05,0.5954464959542158,6472.488049523465,9.199833570781293e-05,linear-head cross-entropy Gauss-Newton/Hessian + trace damping,1.8103600181812822e-16,0.0,0.0038040787912905216,posthoc_after_source_selection_rule_defined,0.0009660716168582439,0.037108276039361954,13.012858390808105,9.199653848693555e-05,0.5954464959542158,6472.488049523465,9.199833570781293e-05,linear-head cross-entropy Gauss-Newton/Hessian + trace damping,0.0,0.0
3,LOCAL_RESPONSE,0.1,8,0.5,0.8450000286102295,0.7649999856948853,0.8050000071525574,0.7649999856948853,0.11571428924798965,0.6149829626083374,0.024622444063425064,0.36861884593963623,1.2838470935821533,0.41035404801368713,0.0011804071255028248,0.024622444063425064,8.305797576904297,0.00011647933544466572,0.7180365383154127,6164.49720952023,0.00011648507855579996,linear-head cross-entropy Gauss-Newton/Hessian + trace damping,5.719191188075178e-16,1.542579667667391e-16,0.022818103432655334,posthoc_after_source_selection_rule_defined,0.0011804071255028248,0.024622444063425064,8.305797576904297,0.00011647933544466572,0.7180365383154127,6164.49720952023,0.00011648507855579996,linear-head cross-entropy Gauss-Newton/Hessian + trace damping,0.0,0.0
3,LOCAL_RESPONSE,0.1,12,0.75,0.8949999809265137,0.7925000190734863,0.84375,0.7925000190734863,0.11428571492433548,0.5487085580825806,0.017793864011764526,0.48118487000465393,0.8920797109603882,0.5037460327148438,0.0015860152198001742,0.017793864011764526,5.566547393798828,0.00015961955385118115,0.8933856012503396,5596.968414554485,0.00015963362528681428,linear-head cross-entropy Gauss-Newton/Hessian + trace damping,2.0866544677589422e-16,2.4474495988501574e-16,0.09239313006401062,posthoc_after_source_selection_rule_defined,0.0015860152198001742,0.017793864011764526,5.566547393798828,0.00015961955385118115,0.8933856012503396,5596.968414554485,0.00015963362528681428,linear-head cross-entropy Gauss-Newton/Hessian + trace damping,0.0,0.0
3,LOCAL_RESPONSE,0.1,16,1.0,0.8949999809265137,0.7950000166893005,0.8449999988079071,0.7950000166893005,0.1128571406006813,0.47255241870880127,0.016501866281032562,0.5268493890762329,0.8283770084381104,0.5430305004119873,0.0023262565955519676,0.016501866281032562,4.9689202308654785,0.0002363405417499549,1.183905631143826,5009.320967015394,0.0002363565509303402,linear-head cross-entropy Gauss-Newton/Hessian + trace damping,4.2279371919011515e-16,7.155671142124085e-16,0.2630953788757324,posthoc_after_source_selection_rule_defined,0.0023262565955519676,0.016501866281032562,4.9689202308654785,0.0002363405417499549,1.183905631143826,5009.320967015394,0.0002363565509303402,linear-head cross-entropy Gauss-Newton/Hessian + trace damping,0.0,0.0
3,RANDOM_METRIC,0.01,2,0.125,0.8899999856948853,0.7950000166893005,0.8425000011920929,0.7950000166893005,0.11142857372760773,0.675724983215332,9.810349464416504,0.23889562487602234,21.126983642578125,0.30622684955596924,0.0009104282944463193,0.03742778301239014,14.338021278381348,8.26401747808103e-05,0.5407115935404914,6542.962850388947,8.264196266737982e-05,linear-head cross-entropy Gauss-Newton/Hessian + trace damping,0.0,2.0532200404784966e-16,0.0011549758492037654,posthoc_after_source_selection_rule_defined,0.0009104282944463193,0.03742778301239014,337.0978698730469,8.26401747808103e-05,0.5407115935404914,6542.962850388947,8.264196266737982e-05,linear-head cross-entropy Gauss-Newton/Hessian + trace damping,0.0,2.0532200404784966e-16
3,RANDOM_METRIC,0.01,4,0.25,0.8849999904632568,0.7975000143051147,0.8412500023841858,0.7975000143051147,0.11999999731779099,0.6687575578689575,9.377439498901367,0.25372767448425293,18.573448181152344,0.2801826000213623,0.0008534822845831513,0.04880324378609657,15.356022834777832,8.15911628147538e-05,0.531427576143713,6513.298227533254,8.159909429929774e-05,linear-head cross-entropy Gauss-Newton/Hessian + trace damping,0.0,4.1780046978305844e-16,0.0022477812599390745,posthoc_after_source_selection_rule_defined,0.0008534822845831513,0.04880324378609657,332.9436950683594,8.15911628147538e-05,0.531427576143713,6513.298227533254,8.159909429929774e-05,linear-head cross-entropy Gauss-Newton/Hessian + trace damping,0.0,4.1780046978305844e-16
3,RANDOM_METRIC,0.01,8,0.5,0.8725000023841858,0.7950000166893005,0.8337500095367432,0.7950000166893005,0.20999999344348907,0.6615153551101685,9.106319427490234,0.3571275770664215,15.56488037109375,0.3920205235481262,0.0007939476054161787,0.03246668353676796,13.580961227416992,7.977915683353896e-05,0.5136340814323275,6438.198920853936,7.97825489419322e-05,linear-head cross-entropy Gauss-Newton/Hessian + trace damping,4.175101219838525e-16,8.643598082005095e-16,0.00444457633420825,posthoc_after_source_selection_rule_defined,0.0007939476054161787,0.03246668353676796,333.2543640136719,7.977915683353896e-05,0.5136340814323275,6438.198920853936,7.97825489419322e-05,linear-head cross-entropy Gauss-Newton/Hessian + trace damping,4.175101219838525e-16,8.643598082005095e-16
3,RANDOM_METRIC,0.01,12,0.75,0.8824999928474426,0.800000011920929,0.8412500023841858,0.800000011920929,0.12999999523162842,0.6515378355979919,8.670333862304688,0.39906778931617737,15.070117950439453,0.4630557894706726,0.0007703899755142629,0.033123649656772614,13.676614761352539,8.073084050714036e-05,0.5157200829984273,6388.142124604954,8.073915415783026e-05,linear-head cross-entropy Gauss-Newton/Hessian + trace damping,4.125634221509654e-16,6.455171437139658e-16,0.007038405630737543,posthoc_after_source_selection_rule_defined,0.0007703899755142629,0.033123649656772614,324.0141296386719,8.073084050714036e-05,0.5157200829984273,6388.142124604954,8.073915415783026e-05,linear-head cross-entropy Gauss-Newton/Hessian + trace damping,4.125634221509654e-16,6.455171437139658e-16
3,RANDOM_METRIC,0.01,16,1.0,0.887499988079071,0.7975000143051147,0.8425000011920929,0.7975000143051147,0.12428571283817291,0.6392657160758972,8.011266708374023,0.4228961765766144,15.100065231323242,0.44770100712776184,0.0007294102106243372,0.04043124243617058,14.540827751159668,8.312939512753567e-05,0.5231784583234744,6293.543427337865,8.313809300638082e-05,linear-head cross-entropy Gauss-Newton/Hessian + trace damping,4.0065895832337946e-16,4.2395911429413737e-16,0.0115460604429245,posthoc_after_source_selection_rule_defined,0.0007294102106243372,0.04043124243617058,307.79345703125,8.312939512753567e-05,0.5231784583234744,6293.543427337865,8.313809300638082e-05,linear-head cross-entropy Gauss-Newton/Hessian + trace damping,4.0065895832337946e-16,4.2395911429413737e-16
3,SHUFFLED_LOCAL_RESPONSE,1.0,2,0.125,0.8100000023841858,0.7149999737739563,0.762499988079071,0.7149999737739563,0.27142858505249023,0.6871785521507263,0.03514977917075157,0.20254386961460114,1.6901354789733887,1.339629888534546,0.0009507721988484263,0.058132465928792953,16.661945343017578,8.473068455982396e-05,0.5568406580918447,6571.889050402848,8.473222585134829e-05,linear-head cross-entropy Gauss-Newton/Hessian + trace damping,3.9312105171610746e-16,9.968909109024965e-16,0.00021186965750530362,posthoc_after_source_selection_rule_defined,0.00023521954426541924,0.03514977917075157,11.439961433410645,8.472324019249855e-05,0.5568406650089,6572.466583474731,8.473222373250125e-05,linear-head cross-entropy Gauss-Newton/Hessian + trace damping,0.0,0.0
3,SHUFFLED_LOCAL_RESPONSE,1.0,4,0.25,0.8675000071525574,0.7649999856948853,0.8162499964237213,0.7649999856948853,0.1542857140302658,0.6825823783874512,0.028974013403058052,0.2144290804862976,1.532804012298584,1.144114375114441,0.000961100566200912,0.05199844390153885,14.496345520019531,8.819559118330701e-05,0.5794036715658378,6569.531013875702,8.819929481795301e-05,linear-head cross-entropy Gauss-Newton/Hessian + trace damping,5.665014977106458e-16,1.9161359009447733e-16,0.00045936385868117213,posthoc_after_source_selection_rule_defined,0.00022852991241961718,0.028974013403058052,11.327563285827637,8.819753105403958e-05,0.5794036744926742,6569.386552755851,8.8199295819913e-05,linear-head cross-entropy Gauss-Newton/Hessian + trace damping,0.0,0.0
3,SHUFFLED_LOCAL_RESPONSE,1.0,8,0.5,0.8899999856948853,0.7900000214576721,0.8400000035762787,0.7900000214576721,0.11999999731779099,0.6803450584411621,0.019531600177288055,0.19848021864891052,0.9635916352272034,0.7581515908241272,0.000993814435787499,0.036773987114429474,9.372965812683105,9.521405573244084e-05,0.6254581480037111,6568.968659010797,9.521831329700282e-05,linear-head cross-entropy Gauss-Newton/Hessian + trace damping,3.498278911644749e-16,5.325123864082222e-16,0.0006519687594845891,posthoc_after_source_selection_rule_defined,0.00024211793788708746,0.019531600177288055,8.569278717041016,9.521262239329928e-05,0.6254581361595135,6569.067424441941,9.521831278548096e-05,linear-head cross-entropy Gauss-Newton/Hessian + trace damping,0.0,0.0
3,SHUFFLED_LOCAL_RESPONSE,1.0,12,0.75,0.8799999952316284,0.7975000143051147,0.8387500047683716,0.7975000143051147,0.13857142627239227,0.6829394698143005,0.01660507172346115,0.23921805620193481,0.8830050230026245,0.45652899146080017,0.0011233048280701041,0.03481082618236542,8.612916946411133,0.00010980557896015347,0.7215281062906759,6570.960356691037,0.00010980898325979897,linear-head cross-entropy Gauss-Newton/Hessian + trace damping,3.0334514310291024e-16,3.0773968406740923e-16,0.00044244423042982817,posthoc_after_source_selection_rule_defined,0.0002840527449734509,0.01660507172346115,8.209161758422852,0.00010979241662543915,0.7215281183943519,6571.7482187851965,0.00010980898354422275,linear-head cross-entropy Gauss-Newton/Hessian + trace damping,0.0,0.0
3,SHUFFLED_LOCAL_RESPONSE,1.0,16,1.0,0.7649999856948853,0.6899999976158142,0.7274999916553497,0.6899999976158142,0.1842857152223587,0.6788953542709351,0.014885545708239079,0.2577759325504303,0.7897707223892212,0.39915627241134644,0.001171635463833809,0.03315421938896179,8.753114700317383,0.00011474533086382904,0.7534747086523432,6566.495586182145,0.00011475125277877053,linear-head cross-entropy Gauss-Newton/Hessian + trace damping,2.902802447407467e-16,5.893815582528295e-16,0.0007170943426899612,posthoc_after_source_selection_rule_defined,0.0002860668464563787,0.014885545708239079,8.05976390838623,0.00011474059629373843,0.7534747062199426,6566.766519942348,0.00011475124572550131,linear-head cross-entropy Gauss-Newton/Hessian + trace damping,0.0,0.0
4,ERM,0.0,2,0.125,0.5174999833106995,0.48500001430511475,0.5012499988079071,0.48500001430511475,0.5385714173316956,0.6802913546562195,0.0,0.18855613470077515,0.0,0.18855613470077515,5.050116669735871e-05,0.07198436558246613,14.929232597351074,8.453393105559708e-05,0.547541004927692,6477.174290730429,8.453447113727938e-05,linear-head cross-entropy Gauss-Newton/Hessian + trace damping,3.9404069479343077e-16,6.08235472651396e-16,0.0013096885522827506,posthoc_after_source_selection_rule_defined,,,,,,,,,,
4,ERM,0.0,4,0.25,0.8824999928474426,0.8025000095367432,0.8425000011920929,0.8025000095367432,0.07999999821186066,0.6580075025558472,0.0,0.2582928538322449,0.0,0.2582928538322449,4.9727110308595e-05,0.05901321768760681,13.673256874084473,9.416565294924085e-05,0.5923814081914386,6290.843738010891,9.417426984961795e-05,linear-head cross-entropy Gauss-Newton/Hessian + trace damping,3.537061852894624e-16,3.744798625947012e-16,0.006137750577181578,posthoc_after_source_selection_rule_defined,,,,,,,,,,
4,ERM,0.0,8,0.5,0.8824999928474426,0.8025000095367432,0.8425000011920929,0.8025000095367432,0.07999999821186066,0.5911159515380859,0.0,0.41803407669067383,0.0,0.41803407669067383,0.0001736715785227716,0.06070361286401749,10.560709953308105,0.00017277521480386356,0.9318795674712882,5393.595189733485,0.00017278438486815025,linear-head cross-entropy Gauss-Newton/Hessian + trace damping,3.8556750097929605e-16,1.1642006068791988e-16,0.05979864299297333,posthoc_after_source_selection_rule_defined,,,,,,,,,,
4,ERM,0.0,12,0.75,0.8824999928474426,0.8025000095367432,0.8425000011920929,0.8025000095367432,0.07999999821186066,0.5044651031494141,0.0,0.42965167760849,0.0,0.42965167760849,0.0004968479042872787,0.046779099851846695,6.546347618103027,0.00037456050933668277,1.6755718774575619,4473.434426989828,0.00037458113616925076,linear-head cross-entropy Gauss-Newton/Hessian + trace damping,8.892605239436824e-16,3.597525115244996e-16,0.28226181864738464,posthoc_after_source_selection_rule_defined,,,,,,,,,,
4,ERM,0.0,16,1.0,0.8824999928474426,0.8025000095367432,0.8425000011920929,0.8025000095367432,0.07999999821186066,0.45422613620758057,0.0,0.16062608361244202,0.0,0.16062608361244202,0.001528494176454842,0.0396445132791996,5.028903007507324,0.0006500877938618188,2.6108776257650335,4016.1923518902368,0.0006501280366809982,linear-head cross-entropy Gauss-Newton/Hessian + trace damping,2.0494437933168644e-16,5.729618645640462e-16,0.7773663997650146,posthoc_after_source_selection_rule_defined,,,,,,,,,,
4,IRMv1,0.001,2,0.125,0.5174999833106995,0.48500001430511475,0.5012499988079071,0.48500001430511475,0.5385714173316956,0.6802913546562195,0.00013397933798842132,0.18855616450309753,0.005166469141840935,0.1885511428117752,5.050127947470173e-05,0.0719844326376915,14.929243087768555,8.453163959109946e-05,0.5475411392555919,6477.351461585086,8.45344888936476e-05,linear-head cross-entropy Gauss-Newton/Hessian + trace damping,3.940406120256545e-16,0.0,0.0013096872717142105,posthoc_after_source_selection_rule_defined,,,,,,,,,,
4,IRMv1,0.001,4,0.25,0.8824999928474426,0.8025000095367432,0.8425000011920929,0.8025000095367432,0.07999999821186066,0.6580075025558472,0.0011198698775842786,0.2582937479019165,0.015942927449941635,0.25827792286872864,4.972779788658954e-05,0.05901317298412323,13.673336029052734,9.416970242321805e-05,0.5923815675715473,6290.574912398708,9.41743201727866e-05,linear-head cross-entropy Gauss-Newton/Hessian + trace damping,8.842649907058827e-16,1.872398785434905e-16,0.006137792952358723,posthoc_after_source_selection_rule_defined,,,,,,,,,,
4,IRMv1,0.001,8,0.5,0.8824999928474426,0.8025000095367432,0.8425000011920929,0.8025000095367432,0.07999999821186066,0.5911160111427307,0.0074975015595555305,0.4180346429347992,0.049112819135189056,0.4179862439632416,0.00017367133114021271,0.060701217502355576,10.560267448425293,0.00017277632953701438,0.9318782781684339,5393.55292860759,0.00017278426573676093,linear-head cross-entropy Gauss-Newton/Hessian + trace damping,5.783516502308792e-16,1.1642020235841686e-16,0.05979875102639198,posthoc_after_source_selection_rule_defined,,,,,,,,,,
4,IRMv1,0.001,12,0.75,0.8824999928474426,0.8025000095367432,0.8425000011920929,0.8025000095367432,0.07999999821186066,0.5044663548469543,0.012859871610999107,0.4296662509441376,0.03101295419037342,0.42968735098838806,0.0004968178691342473,0.046772465109825134,6.545450687408447,0.000374607187512817,1.6758930309219167,4473.734319004695,0.0003746245193619733,linear-head cross-entropy Gauss-Newton/Hessian + trace damping,1.0669890523234129e-15,3.596989500022963e-16,0.28224945068359375,posthoc_after_source_selection_rule_defined,,,,,,,,,,
4,IRMv1,0.001,16,1.0,0.8824999928474426,0.8025000095367432,0.8425000011920929,0.8025000095367432,0.07999999821186066,0.4542407989501953,0.000619118451140821,0.1614246964454651,0.04515282064676285,0.16142921149730682,0.00152673595584929,0.03964504972100258,5.027873992919922,0.0006496527952895553,2.608042399971731,4014.517321993984,0.0006496918413110754,linear-head cross-entropy Gauss-Newton/Hessian + trace damping,0.0,5.734086009140073e-16,0.7773367166519165,posthoc_after_source_selection_rule_defined,,,,,,,,,,
4,V-REx,0.001,2,0.125,0.5174999833106995,0.48500001430511475,0.5012499988079071,0.48500001430511475,0.5385714173316956,0.6802913546562195,8.844313015288208e-07,0.18855611979961395,7.288649067049846e-05,0.18855610489845276,5.0501090299803764e-05,0.07198413461446762,14.929157257080078,8.452945539752892e-05,0.5475410100179705,6477.517303796292,8.453447055685639e-05,linear-head cross-entropy Gauss-Newton/Hessian + trace damping,3.9404069749895763e-16,1.0137257783286917e-15,0.0013096878537908196,posthoc_after_source_selection_rule_defined,,,,,,,,,,
4,V-REx,0.001,4,0.25,0.8824999928474426,0.8025000095367432,0.8425000011920929,0.8025000095367432,0.07999999821186066,0.6580075025558472,2.103457063640235e-06,0.2582928240299225,0.00012795034854207188,0.2582927644252777,4.9727004807209596e-05,0.05901322513818741,13.673295021057129,9.415716818666692e-05,0.5923813886635145,6291.410415924111,9.417426083624984e-05,linear-head cross-entropy Gauss-Newton/Hessian + trace damping,1.7685310957124605e-16,0.0,0.006137743592262268,posthoc_after_source_selection_rule_defined,,,,,,,,,,
4,V-REx,0.001,8,0.5,0.8824999928474426,0.8025000095367432,0.8425000011920929,0.8025000095367432,0.07999999821186066,0.5911160707473755,1.2462973245419562e-05,0.4180338680744171,0.0003477032878436148,0.41803377866744995,0.00017367064720019698,0.060702379792928696,10.560490608215332,0.00017277816749782004,0.931878683149956,5393.49789759585,0.0001727842117620803,linear-head cross-entropy Gauss-Newton/Hessian + trace damping,3.8556788726502285e-16,2.328403465297144e-16,0.05979854613542557,posthoc_after_source_selection_rule_defined,,,,,,,,,,
4,V-REx,0.001,12,0.75,0.8824999928474426,0.8025000095367432,0.8425000011920929,0.8025000095367432,0.07999999821186066,0.5044653415679932,3.920560993719846e-05,0.42965221405029297,0.0009178967447951436,0.42965182662010193,0.0004968439461663365,0.04678026959300041,6.546474456787109,0.0003745604095946868,1.6755701312010278,4473.430956075065,0.0003745804692858435,linear-head cross-entropy Gauss-Newton/Hessian + trace damping,8.892621071364458e-16,8.394237446859999e-16,0.28226086497306824,posthoc_after_source_selection_rule_defined,,,,,,,,,,
4,V-REx,0.001,16,1.0,0.8824999928474426,0.8025000095367432,0.8425000011920929,0.8025000095367432,0.07999999821186066,0.45422595739364624,0.0001325088960584253,0.16062255203723907,0.0022411197423934937,0.16062328219413757,0.0015284642577171326,0.03964599594473839,5.029159069061279,0.0006500813442812358,2.6108701849511267,4016.220751324347,0.0006501249928083835,linear-head cross-entropy Gauss-Newton/Hessian + trace damping,6.148360166318943e-16,0.0,0.777357280254364,posthoc_after_source_selection_rule_defined,,,,,,,,,,
4,UNPRECONDITIONED_GRAD_ALIGN,0.001,2,0.125,0.5174999833106995,0.48500001430511475,0.5012499988079071,0.48500001430511475,0.5385714173316956,0.6802914142608643,5.0500802899478e-05,0.18855607509613037,0.0013281035935506225,0.18855604529380798,5.0500799261499196e-05,0.07198374718427658,14.929105758666992,8.453151177307674e-05,0.5475402353751134,6477.350563006314,8.453434564712965e-05,linear-head cross-entropy Gauss-Newton/Hessian + trace damping,3.9404127974177827e-16,4.0549088528879137e-16,0.0013096833135932684,posthoc_after_source_selection_rule_defined,5.0500799261499196e-05,0.07198374718427658,0.007106391247361898,8.453151177307674e-05,0.5475402353751134,6477.350563006314,8.453434564712965e-05,linear-head cross-entropy Gauss-Newton/Hessian + trace damping,0.0,0.0
4,UNPRECONDITIONED_GRAD_ALIGN,0.001,4,0.25,0.8824999928474426,0.8025000095367432,0.8425000011920929,0.8025000095367432,0.07999999821186066,0.6580076813697815,4.9724792916094884e-05,0.25829240679740906,0.0015855547972023487,0.2582920491695404,4.972478927811608e-05,0.05901315435767174,13.67347526550293,9.416998027568971e-05,0.5923798465723801,6290.5380763396515,9.417392983750411e-05,linear-head cross-entropy Gauss-Newton/Hessian + trace damping,5.305611935023545e-16,9.362021638886976e-16,0.00613767933100462,posthoc_after_source_selection_rule_defined,4.972478927811608e-05,0.05901315435767174,0.007051580585539341,9.416998027568971e-05,0.5923798465723801,6290.5380763396515,9.417392983750411e-05,linear-head cross-entropy Gauss-Newton/Hessian + trace damping,0.0,0.0
4,UNPRECONDITIONED_GRAD_ALIGN,0.001,8,0.5,0.8824999928474426,0.8025000095367432,0.8425000011920929,0.8025000095367432,0.07999999821186066,0.5911160707473755,0.00017353019211441278,0.4180276095867157,0.0028713641222566366,0.4180273115634918,0.000173530206666328,0.06064201891422272,10.555203437805176,0.0001727485323628908,0.9317193938163825,5393.501068125607,0.00017275846690310997,linear-head cross-entropy Gauss-Newton/Hessian + trace damping,9.640633636674488e-16,0.0,0.059797775000333786,posthoc_after_source_selection_rule_defined,0.000173530206666328,0.06064201891422272,0.013173086568713188,0.0001727485323628908,0.9317193938163825,5393.501068125607,0.00017275846690310997,linear-head cross-entropy Gauss-Newton/Hessian + trace damping,0.0,0.0
4,UNPRECONDITIONED_GRAD_ALIGN,0.001,12,0.75,0.8824999928474426,0.8025000095367432,0.8425000011920929,0.8025000095367432,0.07999999821186066,0.5044681429862976,0.0004965072148479521,0.4296412169933319,0.006413806229829788,0.42963916063308716,0.0004965071566402912,0.046738047152757645,6.543238639831543,0.00037450361148664023,1.6753274779293033,4473.461474186792,0.0003745316448762561,linear-head cross-entropy Gauss-Newton/Hessian + trace damping,1.7787560648945599e-16,5.996703156251426e-16,0.2822435200214386,posthoc_after_source_selection_rule_defined,0.0004965071566402912,0.046738047152757645,0.022282440215349197,0.00037450361148664023,1.6753274779293033,4473.461474186792,0.0003745316448762561,linear-head cross-entropy Gauss-Newton/Hessian + trace damping,0.0,0.0
4,UNPRECONDITIONED_GRAD_ALIGN,0.001,16,1.0,0.8824999928474426,0.8025000095367432,0.8425000011920929,0.8025000095367432,0.07999999821186066,0.45423704385757446,0.001526655862107873,0.16139909625053406,0.013645293191075325,0.16139759123325348,0.0015266555128619075,0.039605963975191116,5.025800704956055,0.0006498489039887775,2.609377910373691,4015.3609467636397,0.0006499067407496499,linear-head cross-entropy Gauss-Newton/Hessian + trace damping,1.230084982439415e-15,5.731926051190219e-16,0.7772566676139832,posthoc_after_source_selection_rule_defined,0.0015266555128619075,0.039605963975191116,0.039072439074516296,0.0006498489039887775,2.609377910373691,4015.3609467636397,0.0006499067407496499,linear-head cross-entropy Gauss-Newton/Hessian + trace damping,0.0,0.0
4,LOCAL_RESPONSE,0.001,2,0.125,0.5149999856948853,0.48500001430511475,0.5,0.48500001430511475,0.5385714173316956,0.6803730130195618,0.0717952698469162,0.18865662813186646,3.3479528427124023,0.1887180060148239,5.073991269455291e-05,0.0717952698469162,14.849831581115723,8.448061712964493e-05,0.5472970399691309,6478.374076378284,8.448561745960129e-05,linear-head cross-entropy Gauss-Newton/Hessian + trace damping,5.914028223239901e-16,1.0141796833257166e-15,0.0013035868760198355,posthoc_after_source_selection_rule_defined,5.073991269455291e-05,0.0717952698469162,14.849831581115723,8.448061712964493e-05,0.5472970399691309,6478.374076378284,8.448561745960129e-05,linear-head cross-entropy Gauss-Newton/Hessian + trace damping,0.0,0.0
4,LOCAL_RESPONSE,0.001,4,0.25,0.8824999928474426,0.8025000095367432,0.8425000011920929,0.8025000095367432,0.07999999821186066,0.6582094430923462,0.058117642998695374,0.25834986567497253,2.884850263595581,0.25834447145462036,4.8841116949915886e-05,0.058117642998695374,13.598579406738281,9.409529418418782e-05,0.5922126119132922,6293.75376364794,9.409816422372718e-05,linear-head cross-entropy Gauss-Newton/Hessian + trace damping,3.53992259208491e-16,5.618935138240904e-16,0.006092492491006851,posthoc_after_source_selection_rule_defined,4.8841116949915886e-05,0.058117642998695374,13.598579406738281,9.409529418418782e-05,0.5922126119132922,6293.75376364794,9.409816422372718e-05,linear-head cross-entropy Gauss-Newton/Hessian + trace damping,0.0,0.0
4,LOCAL_RESPONSE,0.001,8,0.5,0.8824999928474426,0.8025000095367432,0.8425000011920929,0.8025000095367432,0.07999999821186066,0.5914180874824524,0.058031123131513596,0.4163334369659424,1.9366289377212524,0.4163919985294342,0.00016828424122650176,0.058031123131513596,10.20665454864502,0.00017089095847724363,0.922344129622344,5397.266993181305,0.00017089810751005997,linear-head cross-entropy Gauss-Newton/Hessian + trace damping,7.796463571480564e-16,3.52913966539546e-16,0.05942094326019287,posthoc_after_source_selection_rule_defined,0.00016828424122650176,0.058031123131513596,10.20665454864502,0.00017089095847724363,0.922344129622344,5397.266993181305,0.00017089810751005997,linear-head cross-entropy Gauss-Newton/Hessian + trace damping,0.0,0.0
4,LOCAL_RESPONSE,0.001,12,0.75,0.8824999928474426,0.8025000095367432,0.8425000011920929,0.8025000095367432,0.07999999821186066,0.5049424767494202,0.04444946348667145,0.42967161536216736,1.2518236637115479,0.42968249320983887,0.00047448210534639657,0.04444946348667145,6.270691394805908,0.00036892077224230104,1.6540868021373079,4483.582727217461,0.00036894029450856825,linear-head cross-entropy Gauss-Newton/Hessian + trace damping,3.611426806637971e-16,4.865046075775871e-16,0.2803526818752289,posthoc_after_source_selection_rule_defined,0.00047448210534639657,0.04444946348667145,6.270691394805908,0.00036892077224230104,1.6540868021373079,4483.582727217461,0.00036894029450856825,linear-head cross-entropy Gauss-Newton/Hessian + trace damping,0.0,0.0
4,LOCAL_RESPONSE,0.001,16,1.0,0.8824999928474426,0.8025000095367432,0.8425000011920929,0.8025000095367432,0.07999999821186066,0.45440179109573364,0.037068966776132584,0.165192112326622,1.1711944341659546,0.16494299471378326,0.001436389284208417,0.037068966776132584,4.8499884605407715,0.0006375603357860438,2.5625127480190115,4019.2474408868406,0.0006375962398438291,linear-head cross-entropy Gauss-Newton/Hessian + trace damping,6.269175316796905e-16,5.840963113597692e-16,0.7718445658683777,posthoc_after_source_selection_rule_defined,0.001436389284208417,0.037068966776132584,4.8499884605407715,0.0006375603357860438,2.5625127480190115,4019.2474408868406,0.0006375962398438291,linear-head cross-entropy Gauss-Newton/Hessian + trace damping,0.0,0.0
4,RANDOM_METRIC,0.01,2,0.125,0.512499988079071,0.48249998688697815,0.4974999874830246,0.48249998688697815,0.5385714173316956,0.6857414245605469,0.2289983034133911,0.17710459232330322,13.392322540283203,0.21379096806049347,1.9971334040747024e-05,0.059185076504945755,15.732911109924316,7.89041777652423e-05,0.5168861189431081,6550.808000065102,7.891965908070354e-05,linear-head cross-entropy Gauss-Newton/Hessian + trace damping,6.331126260986348e-16,2.1478799758963627e-16,0.0005285254446789622,posthoc_after_source_selection_rule_defined,1.9971334040747024e-05,0.059185076504945755,53.16758728027344,7.89041777652423e-05,0.5168861189431081,6550.808000065102,7.891965908070354e-05,linear-head cross-entropy Gauss-Newton/Hessian + trace damping,6.331126260986348e-16,2.1478799758963627e-16
4,RANDOM_METRIC,0.01,4,0.25,0.8374999761581421,0.7799999713897705,0.8087499737739563,0.7799999713897705,0.21571429073810577,0.6750619411468506,0.10005734115839005,0.18472318351268768,6.358290195465088,0.17886802554130554,8.702510058355983e-06,0.02678540162742138,10.603229522705078,8.112969718121818e-05,0.528451515286035,6513.66310545497,8.11327440226046e-05,linear-head cross-entropy Gauss-Newton/Hessian + trace damping,4.1056200110337945e-16,2.1007736231047603e-16,0.0016241326229646802,posthoc_after_source_selection_rule_defined,8.702510058355983e-06,0.02678540162742138,34.69009017944336,8.112969718121818e-05,0.528451515286035,6513.66310545497,8.11327440226046e-05,linear-head cross-entropy Gauss-Newton/Hessian + trace damping,4.1056200110337945e-16,2.1007736231047603e-16
4,RANDOM_METRIC,0.01,8,0.5,0.8849999904632568,0.7975000143051147,0.8412500023841858,0.7975000143051147,0.08571428805589676,0.6564649939537048,0.2195645570755005,0.25598451495170593,12.984198570251465,0.2738213539123535,2.0092262275284156e-05,0.02879888005554676,8.705582618713379,8.308625536605476e-05,0.5272085827856355,6345.3164481044705,8.308837834035923e-05,linear-head cross-entropy Gauss-Newton/Hessian + trace damping,2.0044934325519763e-16,8.417575899542888e-16,0.006261399015784264,posthoc_after_source_selection_rule_defined,2.0092262275284156e-05,0.02879888005554676,50.762935638427734,8.308625536605476e-05,0.5272085827856355,6345.3164481044705,8.308837834035923e-05,linear-head cross-entropy Gauss-Newton/Hessian + trace damping,2.0044934325519763e-16,8.417575899542888e-16
4,RANDOM_METRIC,0.01,12,0.75,0.887499988079071,0.8050000071525574,0.8462499976158142,0.8050000071525574,0.12428571283817291,0.6568583846092224,0.06197557598352432,0.29807308316230774,4.200493335723877,0.2939339578151703,6.0614665926550515e-06,0.022219981998205185,9.63358211517334,8.411975290959953e-05,0.5340028602629066,6348.126828627043,8.412392004174763e-05,linear-head cross-entropy Gauss-Newton/Hessian + trace damping,1.9798186844121292e-16,1.4543427991683858e-15,0.004992952570319176,posthoc_after_source_selection_rule_defined,6.0614665926550515e-06,0.022219981998205185,26.623868942260742,8.411975290959953e-05,0.5340028602629066,6348.126828627043,8.412392004174763e-05,linear-head cross-entropy Gauss-Newton/Hessian + trace damping,1.9798186844121292e-16,1.4543427991683858e-15
4,RANDOM_METRIC,0.01,16,1.0,0.7925000190734863,0.7524999976158142,0.7725000083446503,0.7524999976158142,0.28999999165534973,0.6519091129302979,0.08116360008716583,0.3219042718410492,4.692685127258301,0.3219086527824402,8.374499884666875e-06,0.020954053848981857,9.101143836975098,8.883449763359581e-05,0.5628269788903731,6335.680325584695,8.883702653252341e-05,linear-head cross-entropy Gauss-Newton/Hessian + trace damping,1.1248695405873562e-15,3.94217039867633e-16,0.005669627338647842,posthoc_after_source_selection_rule_defined,8.374499884666875e-06,0.020954053848981857,29.50926971435547,8.883449763359581e-05,0.5628269788903731,6335.680325584695,8.883702653252341e-05,linear-head cross-entropy Gauss-Newton/Hessian + trace damping,1.1248695405873562e-15,3.94217039867633e-16
4,SHUFFLED_LOCAL_RESPONSE,0.001,2,0.125,0.5149999856948853,0.48500001430511475,0.5,0.48500001430511475,0.5385714173316956,0.6805291175842285,0.04586520045995712,0.18759658932685852,3.743452548980713,0.18746405839920044,4.874222940998152e-05,0.0707927867770195,15.031356811523438,8.41912913861216e-05,0.5458011166236164,6482.869043075259,8.419288355973935e-05,linear-head cross-entropy Gauss-Newton/Hessian + trace damping,7.912787953697666e-16,6.101790499160579e-16,0.0012604554649442434,posthoc_after_source_selection_rule_defined,0.000899040256626904,0.04586520045995712,15.576334953308105,8.419160899743932e-05,0.5458011184986173,6482.8446088400315,8.419288359673924e-05,linear-head cross-entropy Gauss-Newton/Hessian + trace damping,0.0,0.0
4,SHUFFLED_LOCAL_RESPONSE,0.001,4,0.25,0.8824999928474426,0.8025000095367432,0.8425000011920929,0.8025000095367432,0.07999999821186066,0.6583002805709839,0.03846094384789467,0.25660887360572815,3.0148541927337646,0.2555559277534485,4.923937740386464e-05,0.05904514342546463,13.669217109680176,9.36464973206516e-05,0.5897995042578794,6298.148047527802,9.365715915919281e-05,linear-head cross-entropy Gauss-Newton/Hessian + trace damping,3.5565910860386456e-16,1.880691825803656e-16,0.006083723623305559,posthoc_after_source_selection_rule_defined,0.0009745646384544671,0.03846094384789467,12.880012512207031,9.363882542090045e-05,0.5897995227784948,6298.664257346076,9.365716263401379e-05,linear-head cross-entropy Gauss-Newton/Hessian + trace damping,0.0,0.0
4,SHUFFLED_LOCAL_RESPONSE,0.001,8,0.5,0.8824999928474426,0.8025000095367432,0.8425000011920929,0.8025000095367432,0.07999999821186066,0.5915912985801697,0.035657674074172974,0.41528555750846863,2.4080841541290283,0.41503068804740906,0.0001685690222075209,0.059156619012355804,10.403881072998047,0.00017237302944827964,0.935318624634623,5426.130918672891,0.00017239051200941647,linear-head cross-entropy Gauss-Newton/Hessian + trace damping,9.661210861508806e-16,3.4849308028467003e-16,0.05913589522242546,posthoc_after_source_selection_rule_defined,0.0015137532027438283,0.035657674074172974,9.059375762939453,0.00017237854438766943,0.9353186037917842,5425.957198526439,0.00017239050527143872,linear-head cross-entropy Gauss-Newton/Hessian + trace damping,0.0,0.0
4,SHUFFLED_LOCAL_RESPONSE,0.001,12,0.75,0.8824999928474426,0.8025000095367432,0.8425000011920929,0.8025000095367432,0.07999999821186066,0.504908561706543,0.02366269752383232,0.4291914999485016,2.0077037811279297,0.42911553382873535,0.0004856832092627883,0.04616033285856247,6.531427383422852,0.0003692288275599155,1.6548107892638133,4481.802789342833,0.0003692517955223042,linear-head cross-entropy Gauss-Newton/Hessian + trace damping,7.216760410074541e-16,3.6465686706340756e-16,0.2805972099304199,posthoc_after_source_selection_rule_defined,0.002932686824351549,0.02366269752383232,5.712529182434082,0.0003692333095246081,1.6548107634639506,4481.7483167879345,0.0003692518008139097,linear-head cross-entropy Gauss-Newton/Hessian + trace damping,0.0,0.0
4,SHUFFLED_LOCAL_RESPONSE,0.001,16,1.0,0.8824999928474426,0.8025000095367432,0.8425000011920929,0.8025000095367432,0.07999999821186066,0.4544052183628082,0.021527115255594254,0.16108842194080353,1.7972619533538818,0.16102364659309387,0.0015105742495507002,0.038818102329969406,5.012011528015137,0.0006398687650471288,2.5623665796702655,4004.5189258168234,0.0006399023672565818,linear-head cross-entropy Gauss-Newton/Hessian + trace damping,1.0410969999606982e-15,8.738265461645889e-16,0.7747716903686523,posthoc_after_source_selection_rule_defined,0.006431747227907181,0.021527115255594254,4.51032018661499,0.0006398566102078622,2.562366580810246,4004.594998210368,0.0006399023539922906,linear-head cross-entropy Gauss-Newton/Hessian + trace damping,0.0,0.0
5,ERM,0.0,2,0.125,0.5350000262260437,0.5049999952316284,0.5200000107288361,0.5049999952316284,0.4699999988079071,0.6808842420578003,0.0,0.18264231085777283,0.0,0.18264231085777283,0.009933874011039734,0.05587895214557648,15.639176368713379,8.234228900871632e-05,0.5408188221201768,6567.935244828191,8.234802291230098e-05,linear-head cross-entropy Gauss-Newton/Hessian + trace damping,0.0,1.0264214542664333e-15,0.00023931344912853092,posthoc_after_source_selection_rule_defined,,,,,,,,,,
5,ERM,0.0,4,0.25,0.8774999976158142,0.7799999713897705,0.8287499845027924,0.7799999713897705,0.261428564786911,0.6659159660339355,0.0,0.2209155559539795,0.0,0.2209155559539795,0.01102011650800705,0.06664863228797913,17.00600242614746,9.309495904105654e-05,0.602535599470962,6472.268806791494,9.309625144300244e-05,linear-head cross-entropy Gauss-Newton/Hessian + trace damping,0.0,7.369258710191726e-16,0.0022496080491691828,posthoc_after_source_selection_rule_defined,,,,,,,,,,
5,ERM,0.0,8,0.5,0.9200000166893005,0.8025000095367432,0.8612500131130219,0.8025000095367432,0.10428571701049805,0.6174549460411072,0.0,0.39199209213256836,0.0,0.39199209213256836,0.016143906861543655,0.061108414083719254,12.475336074829102,0.00014548387924158247,0.858127624667262,5898.437882882562,0.00014549122117883104,linear-head cross-entropy Gauss-Newton/Hessian + trace damping,2.2894867106782785e-16,1.0281259444662705e-15,0.026722166687250137,posthoc_after_source_selection_rule_defined,,,,,,,,,,
5,ERM,0.0,12,0.75,0.9200000166893005,0.8025000095367432,0.8612500131130219,0.8025000095367432,0.10428571701049805,0.5404967069625854,0.0,0.4997917115688324,0.0,0.4997917115688324,0.029069622978568077,0.0498742014169693,7.853494644165039,0.0002790262241482758,1.371374874145406,4914.860165317834,0.0002790420660764512,linear-head cross-entropy Gauss-Newton/Hessian + trace damping,8.356093239455088e-16,1.5328016276206402e-16,0.15191882848739624,posthoc_after_source_selection_rule_defined,,,,,,,,,,
5,ERM,0.0,16,1.0,0.9200000166893005,0.8025000095367432,0.8612500131130219,0.8025000095367432,0.10428571701049805,0.46926814317703247,0.0,0.5592319369316101,0.0,0.5592319369316101,0.06962732970714569,0.05051684007048607,4.697243690490723,0.0005419885841626919,2.3484538339789753,4333.031917281169,0.0005420170260251987,linear-head cross-entropy Gauss-Newton/Hessian + trace damping,1.4749361798555818e-15,1.6766099047729577e-16,0.5386819243431091,posthoc_after_source_selection_rule_defined,,,,,,,,,,
5,IRMv1,0.001,2,0.125,0.5350000262260437,0.5049999952316284,0.5200000107288361,0.5049999952316284,0.4699999988079071,0.6808842420578003,0.00015123240882530808,0.18264231085777283,0.004355195909738541,0.18263795971870422,0.009933870285749435,0.055881813168525696,15.639118194580078,8.233160912490829e-05,0.5408188320789629,6568.787344584349,8.234802140019714e-05,linear-head cross-entropy Gauss-Newton/Hessian + trace damping,6.067545007374467e-16,4.1056857415624847e-16,0.00023931257601361722,posthoc_after_source_selection_rule_defined,,,,,,,,,,
5,IRMv1,0.001,4,0.25,0.8774999976158142,0.7799999713897705,0.8287499845027924,0.7799999713897705,0.261428564786911,0.6659159660339355,0.0006940661114640534,0.22091533243656158,0.010635172948241234,0.22090469300746918,0.011020109057426453,0.06664760410785675,17.005823135375977,9.30855928777685e-05,0.6025352935125696,6472.916752045227,9.309619858317038e-05,linear-head cross-entropy Gauss-Newton/Hessian + trace damping,1.789010842970686e-16,5.526946842278339e-16,0.0022496019955724478,posthoc_after_source_selection_rule_defined,,,,,,,,,,
5,IRMv1,0.001,8,0.5,0.9200000166893005,0.8025000095367432,0.8612500131130219,0.8025000095367432,0.10428571701049805,0.6174548864364624,0.004703847225755453,0.39199209213256836,0.04285534471273422,0.39194923639297485,0.016143860295414925,0.06111244112253189,12.475605964660645,0.000145472762147307,0.8581251141447348,5898.8713864922,0.0001454908557405526,linear-head cross-entropy Gauss-Newton/Hessian + trace damping,0.0,1.2851611191658034e-16,0.026722202077507973,posthoc_after_source_selection_rule_defined,,,,,,,,,,
5,IRMv1,0.001,12,0.75,0.9200000166893005,0.8025000095367432,0.8612500131130219,0.8025000095367432,0.10428571701049805,0.5404945611953735,0.012999292463064194,0.4996430277824402,0.05932577699422836,0.4995940625667572,0.029070131480693817,0.04987858980894089,7.854630470275879,0.0002790264300249315,1.3713768968573115,4914.863788117766,0.0002790425546988968,linear-head cross-entropy Gauss-Newton/Hessian + trace damping,1.432470618406097e-15,1.2262393994398572e-15,0.15192018449306488,posthoc_after_source_selection_rule_defined,,,,,,,,,,
5,IRMv1,0.001,16,1.0,0.9200000166893005,0.8025000095367432,0.8612500131130219,0.8025000095367432,0.10428571701049805,0.46927446126937866,0.007169815711677074,0.5593066811561584,0.12722983956336975,0.5592766404151917,0.0696379616856575,0.05052288994193077,4.697606086730957,0.0005420228571695873,2.3485807604120406,4332.992104200543,0.0005420512860976515,linear-head cross-entropy Gauss-Newton/Hessian + trace damping,1.2290357977281097e-15,5.02952907698723e-16,0.538677453994751,posthoc_after_source_selection_rule_defined,,,,,,,,,,
5,V-REx,0.001,2,0.125,0.5350000262260437,0.5049999952316284,0.5200000107288361,0.5049999952316284,0.4699999988079071,0.6808842420578003,1.307226102653658e-05,0.18264234066009521,0.0009756204672157764,0.1826419234275818,0.009933872148394585,0.055882684886455536,15.639155387878418,8.23462062302626e-05,0.5408188216647372,6567.622801619534,8.234802257447882e-05,linear-head cross-entropy Gauss-Newton/Hessian + trace damping,1.0112574868085595e-15,1.8475586192313176e-15,0.0002393134927842766,posthoc_after_source_selection_rule_defined,,,,,,,,,,
5,V-REx,0.001,4,0.25,0.8774999976158142,0.7799999713897705,0.8287499845027924,0.7799999713897705,0.261428564786911,0.6659159660339355,7.810419447196182e-06,0.22091560065746307,0.0009135684231296182,0.22091513872146606,0.011020113714039326,0.06664888560771942,17.005895614624023,9.308567678426231e-05,0.6025354823924204,6472.912946519921,9.309623503185954e-05,linear-head cross-entropy Gauss-Newton/Hessian + trace damping,7.156040570175449e-16,1.473852028108949e-15,0.0022496089804917574,posthoc_after_source_selection_rule_defined,,,,,,,,,,
5,V-REx,0.001,8,0.5,0.9200000166893005,0.8025000095367432,0.8612500131130219,0.8025000095367432,0.10428571701049805,0.617455005645752,2.164141733373981e-06,0.39199236035346985,0.0007111727027222514,0.39199256896972656,0.01614389941096306,0.061110373586416245,12.475645065307617,0.00014548473930535877,0.8581269680378141,5898.398499630166,0.0001454911290696173,linear-head cross-entropy Gauss-Newton/Hessian + trace damping,4.57897632026623e-16,6.425791919806825e-16,0.026722189038991928,posthoc_after_source_selection_rule_defined,,,,,,,,,,
5,V-REx,0.001,12,0.75,0.9200000166893005,0.8025000095367432,0.8612500131130219,0.8025000095367432,0.10428571701049805,0.5404946804046631,6.965557258808985e-05,0.49964281916618347,0.0062717716209590435,0.49964410066604614,0.02907019853591919,0.04987688362598419,7.8546905517578125,0.00027902823650764454,1.3713805510050021,4914.845064318179,0.0002790428692396469,linear-head cross-entropy Gauss-Newton/Hessian + trace damping,1.0743517527799435e-15,3.0655923046074825e-16,0.15191902220249176,posthoc_after_source_selection_rule_defined,,,,,,,,,,
5,V-REx,0.001,16,1.0,0.9200000166893005,0.8025000095367432,0.8612500131130219,0.8025000095367432,0.10428571701049805,0.4692716598510742,0.0006408448098227382,0.5592567920684814,0.030902374535799026,0.5592802166938782,0.06963541358709335,0.050517432391643524,4.697306156158447,0.0005420182896386016,2.348587747754704,4333.041509209326,0.0005420490701062314,linear-head cross-entropy Gauss-Newton/Hessian + trace damping,8.603285755690156e-16,1.6765121471390576e-16,0.5386624932289124,posthoc_after_source_selection_rule_defined,,,,,,,,,,
5,UNPRECONDITIONED_GRAD_ALIGN,0.001,2,0.125,0.5350000262260437,0.5049999952316284,0.5200000107288361,0.5049999952316284,0.4699999988079071,0.6808842420578003,0.009933870285749435,0.1826409548521042,0.01663481630384922,0.1826382428407669,0.00993387121707201,0.05587431415915489,15.638389587402344,8.23455631513486e-05,0.5408180839106784,6567.665132323784,8.234790156310819e-05,linear-head cross-entropy Gauss-Newton/Hessian + trace damping,2.0225179457306084e-16,1.0264228555391556e-15,0.0002393043105257675,posthoc_after_source_selection_rule_defined,0.00993387121707201,0.05587431415915489,0.09966880828142166,8.23455631513486e-05,0.5408180839106784,6567.665132323784,8.234790156310819e-05,linear-head cross-entropy Gauss-Newton/Hessian + trace damping,0.0,0.0
5,UNPRECONDITIONED_GRAD_ALIGN,0.001,4,0.25,0.8774999976158142,0.7799999713897705,0.8287499845027924,0.7799999713897705,0.261428564786911,0.6659162044525146,0.011019891127943993,0.2209526002407074,0.028440432623028755,0.22094778716564178,0.011019891127943993,0.06664194166660309,17.00604248046875,9.308323895092748e-05,0.6025224219573427,6472.942161746073,9.309419827855671e-05,linear-head cross-entropy Gauss-Newton/Hessian + trace damping,5.367147849739001e-16,1.8423549740715769e-16,0.00224956963211298,posthoc_after_source_selection_rule_defined,0.011019891127943993,0.06664194166660309,0.10497567057609558,9.308323895092748e-05,0.6025224219573427,6472.942161746073,9.309419827855671e-05,linear-head cross-entropy Gauss-Newton/Hessian + trace damping,0.0,0.0
5,UNPRECONDITIONED_GRAD_ALIGN,0.001,8,0.5,0.9200000166893005,0.8025000095367432,0.8612500131130219,0.8025000095367432,0.10428571701049805,0.6174560785293579,0.01614324003458023,0.3919888138771057,0.07279406487941742,0.3919762074947357,0.01614324003458023,0.06113554537296295,12.479228019714355,0.00014547619624240128,0.8580710368394365,5898.360412239996,0.00014548276201821863,linear-head cross-entropy Gauss-Newton/Hessian + trace damping,3.4344297508687757e-16,5.140963759737345e-16,0.026721954345703125,posthoc_after_source_selection_rule_defined,0.01614324003458023,0.06113554537296295,0.1270560473203659,0.00014547619624240128,0.8580710368394365,5898.360412239996,0.00014548276201821863,linear-head cross-entropy Gauss-Newton/Hessian + trace damping,0.0,0.0
5,UNPRECONDITIONED_GRAD_ALIGN,0.001,12,0.75,0.9200000166893005,0.8025000095367432,0.8612500131130219,0.8025000095367432,0.10428571701049805,0.5404959917068481,0.029061051085591316,0.4996505081653595,0.16391699016094208,0.4995935261249542,0.029061051085591316,0.04979101940989494,7.839311599731445,0.0002789691032068491,1.3710438812428023,4914.680032599184,0.0002789914282297876,linear-head cross-entropy Gauss-Newton/Hessian + trace damping,1.6715219794814216e-15,4.59940263548769e-16,0.15191137790679932,posthoc_after_source_selection_rule_defined,0.029061051085591316,0.04979101940989494,0.17047302424907684,0.0002789691032068491,1.3710438812428023,4914.680032599184,0.0002789914282297876,linear-head cross-entropy Gauss-Newton/Hessian + trace damping,0.0,0.0
5,UNPRECONDITIONED_GRAD_ALIGN,0.001,16,1.0,0.9200000166893005,0.8025000095367432,0.8612500131130219,0.8025000095367432,0.10428571701049805,0.4692637324333191,0.06961819529533386,0.5587067604064941,0.43070948123931885,0.5586827993392944,0.06961819529533386,0.0505051463842392,4.693750381469727,0.0005419365436877014,2.3479632096877743,4332.5426879513425,0.0005419570856360444,linear-head cross-entropy Gauss-Newton/Hessian + trace damping,4.916997692071637e-16,6.707427756749669e-16,0.5387266278266907,posthoc_after_source_selection_rule_defined,0.06961819529533386,0.0505051463842392,0.263852596282959,0.0005419365436877014,2.3479632096877743,4332.5426879513425,0.0005419570856360444,linear-head cross-entropy Gauss-Newton/Hessian + trace damping,0.0,0.0
5,LOCAL_RESPONSE,0.01,2,0.125,0.5400000214576721,0.5049999952316284,0.5225000083446503,0.5049999952316284,0.4457142949104309,0.6820017099380493,0.055328160524368286,0.18783257901668549,8.586803436279297,0.21728399395942688,0.00998709723353386,0.055328160524368286,16.45281219482422,8.275214255234494e-05,0.5437925922317969,6571.34154427265,8.276146625304555e-05,linear-head cross-entropy Gauss-Newton/Hessian + trace damping,6.037233856952664e-16,1.0208093070193252e-15,0.0002478885289747268,posthoc_after_source_selection_rule_defined,0.00998709723353386,0.055328160524368286,16.45281219482422,8.275214255234494e-05,0.5437925922317969,6571.34154427265,8.276146625304555e-05,linear-head cross-entropy Gauss-Newton/Hessian + trace damping,0.0,0.0
5,LOCAL_RESPONSE,0.01,4,0.25,0.9200000166893005,0.8075000047683716,0.8637500107288361,0.8075000047683716,0.1971428543329239,0.6682395935058594,0.05759339779615402,0.22199729084968567,8.252223014831543,0.23884080350399017,0.011098267510533333,0.05759339779615402,14.457033157348633,9.328261381310444e-05,0.6054546797799129,6490.541538565442,9.328712072660341e-05,linear-head cross-entropy Gauss-Newton/Hessian + trace damping,7.141397758121505e-16,0.0,0.0020078979432582855,posthoc_after_source_selection_rule_defined,0.011098267510533333,0.05759339779615402,14.457033157348633,9.328261381310444e-05,0.6054546797799129,6490.541538565442,9.328712072660341e-05,linear-head cross-entropy Gauss-Newton/Hessian + trace damping,0.0,0.0
5,LOCAL_RESPONSE,0.01,8,0.5,0.9200000166893005,0.8025000095367432,0.8612500131130219,0.8025000095367432,0.10428571701049805,0.6234502792358398,0.05374715104699135,0.3599262237548828,7.397126197814941,0.37018242478370667,0.015659337863326073,0.05374715104699135,11.549007415771484,0.00013754301717284687,0.8297204694042608,6032.443423584142,0.00013754821042036357,linear-head cross-entropy Gauss-Newton/Hessian + trace damping,2.421697936972747e-16,1.1992396646994862e-15,0.021984659135341644,posthoc_after_source_selection_rule_defined,0.015659337863326073,0.05374715104699135,11.549007415771484,0.00013754301717284687,0.8297204694042608,6032.443423584142,0.00013754821042036357,linear-head cross-entropy Gauss-Newton/Hessian + trace damping,0.0,0.0
5,LOCAL_RESPONSE,0.01,12,0.75,0.9200000166893005,0.8025000095367432,0.8612500131130219,0.8025000095367432,0.10428571701049805,0.5542676448822021,0.047096945345401764,0.4750809073448181,5.6588969230651855,0.4824243485927582,0.02695152908563614,0.047096945345401764,7.602145195007324,0.00024747423597838676,1.2721829085297016,5140.668092175899,0.00024749749677629084,linear-head cross-entropy Gauss-Newton/Hessian + trace damping,4.037619229462815e-16,1.176009568727632e-15,0.12140858918428421,posthoc_after_source_selection_rule_defined,0.02695152908563614,0.047096945345401764,7.602145195007324,0.00024747423597838676,1.2721829085297016,5140.668092175899,0.00024749749677629084,linear-head cross-entropy Gauss-Newton/Hessian + trace damping,0.0,0.0
5,LOCAL_RESPONSE,0.01,16,1.0,0.9200000166893005,0.8025000095367432,0.8612500131130219,0.8025000095367432,0.10428571701049805,0.4823153614997864,0.04734225571155548,0.5562682151794434,4.496462821960449,0.5609428286552429,0.05763925239443779,0.04734225571155548,5.173851490020752,0.00046064442887423313,2.019737797523126,4384.5918259755235,0.00046067410169887973,linear-head cross-entropy Gauss-Newton/Hessian + trace damping,5.784570327368124e-16,0.0,0.4429134130477905,posthoc_after_source_selection_rule_defined,0.05763925239443779,0.04734225571155548,5.173851490020752,0.00046064442887423313,2.019737797523126,4384.5918259755235,0.00046067410169887973,linear-head cross-entropy Gauss-Newton/Hessian + trace damping,0.0,0.0
5,RANDOM_METRIC,0.001,2,0.125,0.5375000238418579,0.5049999952316284,0.5212500095367432,0.5049999952316284,0.46857142448425293,0.6824542284011841,112.3366470336914,0.1754899024963379,109.5294189453125,0.18961292505264282,0.009573748335242271,0.05002681538462639,14.909319877624512,7.945034554661967e-05,0.5221668563391961,6572.241476694401,7.945234801050763e-05,linear-head cross-entropy Gauss-Newton/Hessian + trace damping,4.1924527814487646e-16,0.0,0.00018897984409704804,posthoc_after_source_selection_rule_defined,0.009573748335242271,0.05002681538462639,1174.2269287109375,7.945034554661967e-05,0.5221668563391961,6572.241476694401,7.945234801050763e-05,linear-head cross-entropy Gauss-Newton/Hessian + trace damping,4.1924527814487646e-16,0.0
5,RANDOM_METRIC,0.001,4,0.25,0.9049999713897705,0.7875000238418579,0.8462499976158142,0.7875000238418579,0.2442857176065445,0.6705495119094849,109.75214385986328,0.20503222942352295,137.83303833007812,0.22253823280334473,0.009830543771386147,0.051018957048654556,14.198835372924805,8.252165358062425e-05,0.5357235050581446,6491.914325671369,8.252661713944514e-05,linear-head cross-entropy Gauss-Newton/Hessian + trace damping,6.054414241524928e-16,2.072152166486115e-16,0.001543740974739194,posthoc_after_source_selection_rule_defined,0.009830543771386147,0.051018957048654556,1138.76416015625,8.252165358062425e-05,0.5357235050581446,6491.914325671369,8.252661713944514e-05,linear-head cross-entropy Gauss-Newton/Hessian + trace damping,6.054414241524928e-16,2.072152166486115e-16
5,RANDOM_METRIC,0.001,8,0.5,0.9200000166893005,0.8025000095367432,0.8612500131130219,0.8025000095367432,0.10428571701049805,0.6374000310897827,103.12052917480469,0.35584917664527893,255.30673217773438,0.4201442003250122,0.011158435605466366,0.05210369452834129,11.194252014160156,9.848371438415938e-05,0.5865823114600712,5956.135134911403,9.848539093106657e-05,linear-head cross-entropy Gauss-Newton/Hessian + trace damping,0.0,5.646964179462289e-16,0.015686091035604477,posthoc_after_source_selection_rule_defined,0.011158435605466366,0.05210369452834129,1007.5465698242188,9.848371438415938e-05,0.5865823114600712,5956.135134911403,9.848539093106657e-05,linear-head cross-entropy Gauss-Newton/Hessian + trace damping,0.0,5.646964179462289e-16
5,RANDOM_METRIC,0.001,12,0.75,0.9200000166893005,0.8025000095367432,0.8612500131130219,0.8025000095367432,0.10428571701049805,0.5841760635375977,89.50486755371094,0.42364606261253357,287.3058166503906,0.32107922434806824,0.014513673260807991,0.044257983565330505,8.465261459350586,0.00014386162901225457,0.7211904224799598,5013.083943450457,0.00014388028345691014,linear-head cross-entropy Gauss-Newton/Hessian + trace damping,9.26048265700133e-16,2.939168504393914e-16,0.06859282404184341,posthoc_after_source_selection_rule_defined,0.014513673260807991,0.044257983565330505,775.3560180664062,0.00014386162901225457,0.7211904224799598,5013.083943450457,0.00014388028345691014,linear-head cross-entropy Gauss-Newton/Hessian + trace damping,9.26048265700133e-16,2.939168504393914e-16
5,RANDOM_METRIC,0.001,16,1.0,0.9200000166893005,0.8025000095367432,0.8612500131130219,0.8025000095367432,0.10428571701049805,0.5206753611564636,89.7579574584961,0.5194082856178284,506.9925231933594,0.6654536128044128,0.028242437168955803,0.048854976892471313,6.552811145782471,0.00026886784525139644,1.160968468789873,4317.989262361759,0.00026888291496726945,linear-head cross-entropy Gauss-Newton/Hessian + trace damping,2.477659969208793e-16,1.6939051226374467e-16,0.24243947863578796,posthoc_after_source_selection_rule_defined,0.028242437168955803,0.048854976892471313,563.8320922851562,0.00026886784525139644,1.160968468789873,4317.989262361759,0.00026888291496726945,linear-head cross-entropy Gauss-Newton/Hessian + trace damping,2.477659969208793e-16,1.6939051226374467e-16
6,ERM,0.0,2,0.125,0.4749999940395355,0.5199999809265137,0.4974999874830246,0.4749999940395355,0.46142858266830444,0.6825308799743652,0.0,0.17679491639137268,0.0,0.17679491639137268,0.00025303062284365296,0.04179835319519043,15.544147491455078,8.46893744448207e-05,0.5540250722072669,6541.848677465926,8.4693166026956e-05,linear-head cross-entropy Gauss-Newton/Hessian + trace damping,7.866047121281765e-16,1.0019397025931551e-15,0.0006036483682692051,posthoc_after_source_selection_rule_defined,,,,,,,,,,
6,ERM,0.0,4,0.25,0.8374999761581421,0.7850000262260437,0.8112500011920929,0.7850000262260437,0.11714285612106323,0.6672614812850952,0.0,0.23432449996471405,0.0,0.23432449996471405,0.0003195327881257981,0.035125501453876495,11.865691184997559,0.00010489581452491674,0.6766578512760029,6450.761208544416,0.00010489985132091798,linear-head cross-entropy Gauss-Newton/Hessian + trace damping,0.0,1.6404096532636913e-16,0.0028902434278279543,posthoc_after_source_selection_rule_defined,,,,,,,,,,
6,ERM,0.0,8,0.5,0.9100000262260437,0.8450000286102295,0.8775000274181366,0.8450000286102295,0.10428571701049805,0.6150600910186768,0.0,0.39173680543899536,0.0,0.39173680543899536,0.0007376773282885551,0.022732678800821304,7.27475643157959,0.00020723335673271533,1.275670682891662,6155.7207922708685,0.000207248325891085,linear-head cross-entropy Gauss-Newton/Hessian + trace damping,1.6072516676653016e-15,8.682271848944741e-16,0.025378556922078133,posthoc_after_source_selection_rule_defined,,,,,,,,,,
6,ERM,0.0,12,0.75,0.9100000262260437,0.8450000286102295,0.8775000274181366,0.8450000286102295,0.10428571701049805,0.5246478319168091,0.0,0.6118401288986206,0.0,0.6118401288986206,0.002619214355945587,0.02048373967409134,5.251084327697754,0.0003950722300829975,2.21642967266013,5610.188476660327,0.0003950972384138202,linear-head cross-entropy Gauss-Newton/Hessian + trace damping,8.430841449223249e-16,1.1844190972222306e-15,0.1385074257850647,posthoc_after_source_selection_rule_defined,,,,,,,,,,
6,ERM,0.0,16,1.0,0.9100000262260437,0.8450000286102295,0.8775000274181366,0.8450000286102295,0.10428571701049805,0.4083082377910614,0.0,0.6168036460876465,0.0,0.6168036460876465,0.009879551827907562,0.021131185814738274,3.9602980613708496,0.0006212564355997242,2.9426774328923706,4736.655049780988,0.0006212981175066847,linear-head cross-entropy Gauss-Newton/Hessian + trace damping,1.5011804839984403e-15,2.8109761585893365e-16,0.5127226114273071,posthoc_after_source_selection_rule_defined,,,,,,,,,,
6,IRMv1,0.001,2,0.125,0.4749999940395355,0.5199999809265137,0.4974999874830246,0.4749999940395355,0.46142858266830444,0.6825308799743652,0.00010113386088050902,0.1767948865890503,0.003685142146423459,0.176791250705719,0.00025303062284365296,0.04179801791906357,15.544082641601562,8.468947825992797e-05,0.5540252665117743,6541.842952572766,8.469319493027377e-05,linear-head cross-entropy Gauss-Newton/Hessian + trace damping,5.899533327621941e-16,2.0038787026431904e-16,0.0006036446429789066,posthoc_after_source_selection_rule_defined,,,,,,,,,,
6,IRMv1,0.001,4,0.25,0.8374999761581421,0.7850000262260437,0.8112500011920929,0.7850000262260437,0.11714285612106323,0.6672614812850952,0.0006354982033371925,0.23432420194149017,0.01175803504884243,0.23431247472763062,0.000319532526191324,0.035124532878398895,11.865287780761719,0.00010489050993820597,0.6766575443407886,6451.084514122652,0.0001048997873705215,linear-head cross-entropy Gauss-Newton/Hessian + trace damping,9.526240970329012e-16,3.280820802615813e-16,0.0028902243357151747,posthoc_after_source_selection_rule_defined,,,,,,,,,,
6,IRMv1,0.001,8,0.5,0.9100000262260437,0.8450000286102295,0.8775000274181366,0.8450000286102295,0.10428571701049805,0.6150602698326111,0.005140216555446386,0.3917357921600342,0.04602089896798134,0.3916906714439392,0.0007376702851615846,0.02273162640631199,7.274374961853027,0.00020723209173704194,1.2756696783136208,6155.753520706271,0.00020724808678181106,linear-head cross-entropy Gauss-Newton/Hessian + trace damping,3.2145070440140914e-16,1.3891646250313616e-15,0.02537844330072403,posthoc_after_source_selection_rule_defined,,,,,,,,,,
6,IRMv1,0.001,12,0.75,0.9100000262260437,0.8450000286102295,0.8775000274181366,0.8450000286102295,0.10428571701049805,0.5246514081954956,0.01799408718943596,0.6118558645248413,0.09520141035318375,0.6117741465568542,0.0026198336854577065,0.020474612712860107,5.2497429847717285,0.00039511829946382995,2.216710523028113,5610.24514945564,0.0003951428848615086,linear-head cross-entropy Gauss-Newton/Hessian + trace damping,1.6859735056397871e-15,1.3816501922439999e-15,0.1385006606578827,posthoc_after_source_selection_rule_defined,,,,,,,,,,
6,IRMv1,0.001,16,1.0,0.9100000262260437,0.8450000286102295,0.8775000274181366,0.8450000286102295,0.10428571701049805,0.4083094000816345,0.024925468489527702,0.6170228123664856,0.08262766152620316,0.6170921921730042,0.009882541373372078,0.021118242293596268,3.9586925506591797,0.0006214155651367594,2.943804899041898,4737.256457993667,0.0006214619952846657,linear-head cross-entropy Gauss-Newton/Hessian + trace damping,1.5007846269324732e-15,1.405027831142265e-16,0.5127204060554504,posthoc_after_source_selection_rule_defined,,,,,,,,,,
6,V-REx,0.001,2,0.125,0.4749999940395355,0.5199999809265137,0.4974999874830246,0.4749999940395355,0.46142858266830444,0.6825308799743652,3.316407855891157e-06,0.1767949014902115,9.88334504654631e-05,0.1767948865890503,0.00025303071015514433,0.04179787263274193,15.54405403137207,8.469101690623983e-05,0.5540251783295815,6541.723060698806,8.469318180865633e-05,linear-head cross-entropy Gauss-Newton/Hessian + trace damping,0.0,0.0,0.000603645748924464,posthoc_after_source_selection_rule_defined,,,,,,,,,,
6,V-REx,0.001,4,0.25,0.8374999761581421,0.7850000262260437,0.8112500011920929,0.7850000262260437,0.11714285612106323,0.6672614216804504,6.1104074120521545e-06,0.23432427644729614,0.0001552152680233121,0.23432426154613495,0.000319532526191324,0.03512530401349068,11.865521430969238,0.00010489657587023506,0.6766581711741246,6450.7174382050525,0.00010489989064951008,linear-head cross-entropy Gauss-Newton/Hessian + trace damping,3.175410530428837e-16,0.0,0.002890233648940921,posthoc_after_source_selection_rule_defined,,,,,,,,,,
6,V-REx,0.001,8,0.5,0.9100000262260437,0.8450000286102295,0.8775000274181366,0.8450000286102295,0.10428571701049805,0.6150601506233215,2.4566732463426888e-05,0.39173623919487,0.0005714336293749511,0.39173609018325806,0.0007376756984740496,0.022732216864824295,7.2745184898376465,0.00020722764796244332,1.275672715055254,6155.900178370259,0.00020724857794797473,linear-head cross-entropy Gauss-Newton/Hessian + trace damping,8.036248564583773e-16,6.945806621525352e-16,0.025378482416272163,posthoc_after_source_selection_rule_defined,,,,,,,,,,
6,V-REx,0.001,12,0.75,0.9100000262260437,0.8450000286102295,0.8775000274181366,0.8450000286102295,0.10428571701049805,0.5246480703353882,0.0001166722722700797,0.6118403673171997,0.002340052044019103,0.6118397116661072,0.0026192194782197475,0.020484047010540962,5.251175880432129,0.0003950694103755207,2.2164276976532493,5610.223518815325,0.0003950969838523165,linear-head cross-entropy Gauss-Newton/Hessian + trace damping,1.5175524386205806e-15,5.922100434346913e-16,0.13850702345371246,posthoc_after_source_selection_rule_defined,,,,,,,,,,
6,V-REx,0.001,16,1.0,0.9100000262260437,0.8450000286102295,0.8775000274181366,0.8450000286102295,0.10428571701049805,0.40830862522125244,0.0005056470399722457,0.616805374622345,0.009534849785268307,0.616803765296936,0.009879553690552711,0.021130669862031937,3.960174322128296,0.0006212641075461666,2.942680907633269,4736.6021501807045,0.000621298523619771,linear-head cross-entropy Gauss-Newton/Hessian + trace damping,2.1445421467838032e-16,4.2164603622877805e-16,0.5127205848693848,posthoc_after_source_selection_rule_defined,,,,,,,,,,
6,UNPRECONDITIONED_GRAD_ALIGN,0.001,2,0.125,0.4749999940395355,0.5199999809265137,0.4974999874830246,0.4749999940395355,0.46142858266830444,0.6825308799743652,0.00025303056463599205,0.17679500579833984,0.0007570571033284068,0.17679449915885925,0.00025303056463599205,0.041797053068876266,15.543975830078125,8.469097693531146e-05,0.5540223315279107,6541.692534153706,8.46927547183045e-05,linear-head cross-entropy Gauss-Newton/Hessian + trace damping,7.866085322580621e-16,2.0038893165418603e-16,0.0006036516278982162,posthoc_after_source_selection_rule_defined,0.00025303056463599205,0.041797053068876266,0.015906933695077896,8.469097693531146e-05,0.5540223315279107,6541.692534153706,8.46927547183045e-05,linear-head cross-entropy Gauss-Newton/Hessian + trace damping,0.0,0.0
6,UNPRECONDITIONED_GRAD_ALIGN,0.001,4,0.25,0.8374999761581421,0.7850000262260437,0.8112500011920929,0.7850000262260437,0.11714285612106323,0.6672614812850952,0.00031952993595041335,0.23432530462741852,0.0012964381603524089,0.23432451486587524,0.0003195299068465829,0.035124268382787704,11.865641593933105,0.00010488963880445441,0.6766454605145028,6451.022886788388,0.00010489798721200336,linear-head cross-entropy Gauss-Newton/Hessian + trace damping,7.938670375440047e-16,6.561758692911991e-16,0.002890232717618346,posthoc_after_source_selection_rule_defined,0.0003195299068465829,0.035124268382787704,0.017875399440526962,0.00010488963880445441,0.6766454605145028,6451.022886788388,0.00010489798721200336,linear-head cross-entropy Gauss-Newton/Hessian + trace damping,0.0,0.0
6,UNPRECONDITIONED_GRAD_ALIGN,0.001,8,0.5,0.9100000262260437,0.8450000286102295,0.8775000274181366,0.8450000286102295,0.10428571701049805,0.6150597333908081,0.0007376089924946427,0.39173874258995056,0.005885825492441654,0.3917354345321655,0.0007376089924946427,0.02273625135421753,7.275851249694824,0.00020721388912135375,1.275537551763202,6155.656636588631,0.0002072285032895668,linear-head cross-entropy Gauss-Newton/Hessian + trace damping,3.214810821114086e-16,6.946538092652251e-16,0.02537868544459343,posthoc_after_source_selection_rule_defined,0.0007376089924946427,0.02273625135421753,0.027158956974744797,0.00020721388912135375,1.275537551763202,6155.656636588631,0.0002072285032895668,linear-head cross-entropy Gauss-Newton/Hessian + trace damping,0.0,0.0
6,UNPRECONDITIONED_GRAD_ALIGN,0.001,12,0.75,0.9100000262260437,0.8450000286102295,0.8775000274181366,0.8450000286102295,0.10428571701049805,0.5246506929397583,0.0026189673226326704,0.611872673034668,0.022931469604372978,0.6118574738502502,0.002618967555463314,0.02047852799296379,5.250725269317627,0.0003949661635265862,2.215749336518317,5609.9725524188325,0.00039500201247971164,linear-head cross-entropy Gauss-Newton/Hessian + trace damping,1.1806023504676599e-15,1.382228703313397e-15,0.13850057125091553,posthoc_after_source_selection_rule_defined,0.002618967555463314,0.02047852799296379,0.05117584764957428,0.0003949661635265862,2.215749336518317,5609.9725524188325,0.00039500201247971164,linear-head cross-entropy Gauss-Newton/Hessian + trace damping,0.0,0.0
6,UNPRECONDITIONED_GRAD_ALIGN,0.001,16,1.0,0.9100000262260437,0.8450000286102295,0.8775000274181366,0.8450000286102295,0.10428571701049805,0.4083217978477478,0.009875149466097355,0.6169807314872742,0.08489841967821121,0.6169301271438599,0.00987514853477478,0.02113320305943489,3.9614462852478027,0.0006211392703752787,2.9419666631572268,4736.4042228078015,0.0006211780189451846,linear-head cross-entropy Gauss-Newton/Hessian + trace damping,4.2899163492606756e-16,8.43477678847497e-16,0.5126433968544006,posthoc_after_source_selection_rule_defined,0.00987514853477478,0.02113320305943489,0.09937378019094467,0.0006211392703752787,2.9419666631572268,4736.4042228078015,0.0006211780189451846,linear-head cross-entropy Gauss-Newton/Hessian + trace damping,0.0,0.0
6,LOCAL_RESPONSE,0.001,2,0.125,0.4625000059604645,0.5174999833106995,0.48999999463558197,0.4625000059604645,0.4628571569919586,0.6825681328773499,0.04082893952727318,0.17588555812835693,2.37658429145813,0.17585060000419617,0.00025282043498009443,0.04082893952727318,15.474820137023926,8.44497899509028e-05,0.5526347849957779,6543.945050864748,8.445480418761429e-05,linear-head cross-entropy Gauss-Newton/Hessian + trace damping,0.0,2.008922478623947e-16,0.0006042681634426117,posthoc_after_source_selection_rule_defined,0.00025282043498009443,0.04082893952727318,15.474820137023926,8.44497899509028e-05,0.5526347849957779,6543.945050864748,8.445480418761429e-05,linear-head cross-entropy Gauss-Newton/Hessian + trace damping,0.0,0.0
6,LOCAL_RESPONSE,0.001,4,0.25,0.8374999761581421,0.7825000286102295,0.8100000023841858,0.7825000286102295,0.11714285612106323,0.667397141456604,0.035324569791555405,0.23348061740398407,1.5744853019714355,0.23359660804271698,0.00031963776564225554,0.035324569791555405,11.835857391357422,0.00010387412382672901,0.6701550714857136,6451.607453301748,0.00010388360159070491,linear-head cross-entropy Gauss-Newton/Hessian + trace damping,6.412950885582168e-16,3.3126613239570244e-16,0.002865145681425929,posthoc_after_source_selection_rule_defined,0.00031963776564225554,0.035324569791555405,11.835857391357422,0.00010387412382672901,0.6701550714857136,6451.607453301748,0.00010388360159070491,linear-head cross-entropy Gauss-Newton/Hessian + trace damping,0.0,0.0
6,LOCAL_RESPONSE,0.001,8,0.5,0.9100000262260437,0.8450000286102295,0.8775000274181366,0.8450000286102295,0.10428571701049805,0.6161444783210754,0.02201748639345169,0.39261043071746826,1.236850380897522,0.39254453778266907,0.0007169159362092614,0.02201748639345169,7.196455478668213,0.00020226747890335077,1.2447973392139815,6154.213944639027,0.0002022880053329109,linear-head cross-entropy Gauss-Newton/Hessian + trace damping,6.586652863793787e-16,7.117970276334002e-16,0.024641985073685646,posthoc_after_source_selection_rule_defined,0.0007169159362092614,0.02201748639345169,7.196455478668213,0.00020226747890335077,1.2447973392139815,6154.213944639027,0.0002022880053329109,linear-head cross-entropy Gauss-Newton/Hessian + trace damping,0.0,0.0
6,LOCAL_RESPONSE,0.001,12,0.75,0.9100000262260437,0.8450000286102295,0.8775000274181366,0.8450000286102295,0.10428571701049805,0.5258713960647583,0.020431343466043472,0.6103777885437012,1.3455290794372559,0.6103883981704712,0.0025608157739043236,0.020431343466043472,5.285637855529785,0.0003850791498502838,2.1530668571074396,5591.231979047782,0.00038510386445771226,linear-head cross-entropy Gauss-Newton/Hessian + trace damping,5.189772133993193e-16,6.092322982901449e-16,0.13607032597064972,posthoc_after_source_selection_rule_defined,0.0025608157739043236,0.020431343466043472,5.285637855529785,0.0003850791498502838,2.1530668571074396,5591.231979047782,0.00038510386445771226,linear-head cross-entropy Gauss-Newton/Hessian + trace damping,0.0,0.0
6,LOCAL_RESPONSE,0.001,16,1.0,0.9100000262260437,0.8450000286102295,0.8775000274181366,0.8450000286102295,0.10428571701049805,0.4095475375652313,0.020512057468295097,0.618990957736969,1.5708823204040527,0.6189180016517639,0.009824354201555252,0.020512057468295097,3.8954527378082275,0.0006191121974821214,2.9419889613780295,4751.947988333711,0.0006191479883184939,linear-head cross-entropy Gauss-Newton/Hessian + trace damping,6.455972860005918e-16,7.039719782990702e-16,0.5062702298164368,posthoc_after_source_selection_rule_defined,0.009824354201555252,0.020512057468295097,3.8954527378082275,0.0006191121974821214,2.9419889613780295,4751.947988333711,0.0006191479883184939,linear-head cross-entropy Gauss-Newton/Hessian + trace damping,0.0,0.0
6,RANDOM_METRIC,0.001,2,0.125,0.44999998807907104,0.5024999976158142,0.4762499928474426,0.44999998807907104,0.46142858266830444,0.684293270111084,2.467299699783325,0.18299970030784607,10.047163963317871,0.17696931958198547,0.00025067321257665753,0.03231045603752136,13.590786933898926,8.00617036211265e-05,0.5245203842647822,6551.4516996409875,8.006362947070281e-05,linear-head cross-entropy Gauss-Newton/Hessian + trace damping,2.0802218161442283e-16,6.349840084727192e-16,0.0005053815548308194,posthoc_after_source_selection_rule_defined,0.00025067321257665753,0.03231045603752136,166.92613220214844,8.00617036211265e-05,0.5245203842647822,6551.4516996409875,8.006362947070281e-05,linear-head cross-entropy Gauss-Newton/Hessian + trace damping,2.0802218161442283e-16,6.349840084727192e-16
6,RANDOM_METRIC,0.001,4,0.25,0.6225000023841858,0.6625000238418579,0.6425000131130219,0.6225000023841858,0.37285715341567993,0.6712749004364014,2.7965714931488037,0.22298625111579895,13.73471736907959,0.2199782133102417,0.0003116963489446789,0.02417365089058876,10.5337553024292,8.80837540049751e-05,0.5704947037623731,6476.730132666129,8.808802251344402e-05,linear-head cross-entropy Gauss-Newton/Hessian + trace damping,3.781447328533797e-16,0.0,0.002254555933177471,posthoc_after_source_selection_rule_defined,0.0003116963489446789,0.02417365089058876,170.7318115234375,8.80837540049751e-05,0.5704947037623731,6476.730132666129,8.808802251344402e-05,linear-head cross-entropy Gauss-Newton/Hessian + trace damping,3.781447328533797e-16,0.0
6,RANDOM_METRIC,0.001,8,0.5,0.9100000262260437,0.8450000286102295,0.8775000274181366,0.8450000286102295,0.10428571701049805,0.6276569962501526,3.3218886852264404,0.35464000701904297,26.788759231567383,0.3400387465953827,0.0005556587129831314,0.035118404775857925,10.712225914001465,0.00012342763125329902,0.7500645089839256,6076.957820284489,0.00012343740519347855,linear-head cross-entropy Gauss-Newton/Hessian + trace damping,2.6985354794778707e-16,0.0,0.017374232411384583,posthoc_after_source_selection_rule_defined,0.0005556587129831314,0.035118404775857925,155.40335083007812,0.00012342763125329902,0.7500645089839256,6076.957820284489,0.00012343740519347855,linear-head cross-entropy Gauss-Newton/Hessian + trace damping,2.6985354794778707e-16,0.0
6,RANDOM_METRIC,0.001,12,0.75,0.9100000262260437,0.8450000286102295,0.8775000274181366,0.8450000286102295,0.10428571701049805,0.5635392665863037,6.877701282501221,0.5362614393234253,82.16583251953125,0.5229610204696655,0.0015142337651923299,0.02745739184319973,7.611083507537842,0.0001720453270517348,0.878387651140606,5105.559483614867,0.00017206112432881693,linear-head cross-entropy Gauss-Newton/Hessian + trace damping,1.9359411878113607e-16,1.2149525845430394e-16,0.0779082328081131,posthoc_after_source_selection_rule_defined,0.0015142337651923299,0.02745739184319973,193.0088653564453,0.0001720453270517348,0.878387651140606,5105.559483614867,0.00017206112432881693,linear-head cross-entropy Gauss-Newton/Hessian + trace damping,1.9359411878113607e-16,1.2149525845430394e-16
6,RANDOM_METRIC,0.001,16,1.0,0.9100000262260437,0.8450000286102295,0.8775000274181366,0.8450000286102295,0.10428571701049805,0.4745005965232849,10.689759254455566,0.637972354888916,117.76285552978516,0.5958523154258728,0.0038548926822841167,0.020999416708946228,5.579119682312012,0.0002892470716454598,1.241751580544694,4293.048062615313,0.00028926606177154815,linear-head cross-entropy Gauss-Newton/Hessian + trace damping,2.303071541606277e-16,0.0,0.25621068477630615,posthoc_after_source_selection_rule_defined,0.0038548926822841167,0.020999416708946228,185.9575958251953,0.0002892470716454598,1.241751580544694,4293.048062615313,0.00028926606177154815,linear-head cross-entropy Gauss-Newton/Hessian + trace damping,2.303071541606277e-16,0.0
7,ERM,0.0,2,0.125,0.862500011920929,0.762499988079071,0.8125,0.762499988079071,0.10285714268684387,0.681448221206665,0.0,0.13232943415641785,0.0,0.13232943415641785,0.0001118989457609132,0.027517642825841904,12.677325248718262,8.24848765036428e-05,0.5399166995336496,6545.644758403744,8.251485296204188e-05,linear-head cross-entropy Gauss-Newton/Hessian + trace damping,4.036851614611969e-16,4.112450203612629e-16,0.0005451578763313591,posthoc_after_source_selection_rule_defined,,,,,,,,,,
7,ERM,0.0,4,0.25,0.862500011920929,0.7649999856948853,0.8137499988079071,0.7649999856948853,0.10285714268684387,0.6678650975227356,0.0,0.17870599031448364,0.0,0.17870599031448364,0.0002740263589657843,0.03462260216474533,13.562178611755371,9.109665746340399e-05,0.5842063109569384,6413.037835022981,9.112794600393195e-05,linear-head cross-entropy Gauss-Newton/Hessian + trace damping,3.6553025939475835e-16,3.7993157403927944e-16,0.0028976539615541697,posthoc_after_source_selection_rule_defined,,,,,,,,,,
7,ERM,0.0,8,0.5,0.862500011920929,0.7649999856948853,0.8137499988079071,0.7649999856948853,0.10285714268684387,0.625063419342041,0.0,0.327266663312912,0.0,0.327266663312912,0.0016739044804126024,0.04354489967226982,11.926830291748047,0.00013330196090902978,0.7761778364131888,5822.703815609145,0.00013330939645653196,linear-head cross-entropy Gauss-Newton/Hessian + trace damping,9.994800854653984e-16,1.70183375582004e-15,0.025237254798412323,posthoc_after_source_selection_rule_defined,,,,,,,,,,
7,ERM,0.0,12,0.75,0.862500011920929,0.7649999856948853,0.8137499988079071,0.7649999856948853,0.10285714268684387,0.5597907304763794,0.0,0.4425933063030243,0.0,0.4425933063030243,0.0069771818816661835,0.040900081396102905,8.600319862365723,0.00022128231359878005,1.1062562820980641,4999.298245335062,0.00022130330389534883,linear-head cross-entropy Gauss-Newton/Hessian + trace damping,0.0,9.564608971824095e-16,0.11408097296953201,posthoc_after_source_selection_rule_defined,,,,,,,,,,
7,ERM,0.0,16,1.0,0.862500011920929,0.7649999856948853,0.8137499988079071,0.7649999856948853,0.10285714268684387,0.49910950660705566,0.0,0.374237984418869,0.0,0.374237984418869,0.024539733305573463,0.0430142804980278,6.198064804077148,0.0003804183489931966,1.7808152373677455,4681.202266086259,0.0003804468363523483,linear-head cross-entropy Gauss-Newton/Hessian + trace damping,0.0,4.618028840420316e-16,0.3399159610271454,posthoc_after_source_selection_rule_defined,,,,,,,,,,
7,IRMv1,0.001,2,0.125,0.862500011920929,0.762499988079071,0.8125,0.762499988079071,0.10285714268684387,0.681448221206665,0.00013516157923731953,0.13232943415641785,0.003021988784894347,0.1323264092206955,0.00011189892393304035,0.02751789055764675,12.677453994750977,8.251214778749628e-05,0.5399167017803065,6543.481369201788,8.251485745316612e-05,linear-head cross-entropy Gauss-Newton/Hessian + trace damping,1.2110554184681809e-15,1.028112546645907e-15,0.0005451581091620028,posthoc_after_source_selection_rule_defined,,,,,,,,,,
7,IRMv1,0.001,4,0.25,0.862500011920929,0.7649999856948853,0.8137499988079071,0.7649999856948853,0.10285714268684387,0.6678651571273804,0.0006031875964254141,0.17870593070983887,0.008396554738283157,0.1786976158618927,0.0002740264462772757,0.034622885286808014,13.562308311462402,9.111152086159905e-05,0.5842065869222467,6411.994678583764,9.112798870167657e-05,linear-head cross-entropy Gauss-Newton/Hessian + trace damping,1.8276504406332824e-16,9.498284877654099e-16,0.002897651167586446,posthoc_after_source_selection_rule_defined,,,,,,,,,,
7,IRMv1,0.001,8,0.5,0.862500011920929,0.7649999856948853,0.8137499988079071,0.7649999856948853,0.10285714268684387,0.6250637173652649,0.003652936778962612,0.32726621627807617,0.0343601368367672,0.32723432779312134,0.0016739104175940156,0.04354394972324371,11.926345825195312,0.0001333031619022283,0.776182101096711,5822.6833483965265,0.00013330993609446469,linear-head cross-entropy Gauss-Newton/Hessian + trace damping,1.249345049468968e-16,4.2545619315812275e-16,0.025237208232283592,posthoc_after_source_selection_rule_defined,,,,,,,,,,
7,IRMv1,0.001,12,0.75,0.862500011920929,0.7649999856948853,0.8137499988079071,0.7649999856948853,0.10285714268684387,0.5597910284996033,0.01054777204990387,0.4425899088382721,0.059206463396549225,0.4425502121448517,0.006977335549890995,0.04089970141649246,8.600077629089355,0.0002212846064469315,1.1062788734669118,4999.348536845557,0.00022130597721446645,linear-head cross-entropy Gauss-Newton/Hessian + trace damping,0.0,3.8257774222701366e-16,0.11408170312643051,posthoc_after_source_selection_rule_defined,,,,,,,,,,
7,IRMv1,0.001,16,1.0,0.862500011920929,0.7649999856948853,0.8137499988079071,0.7649999856948853,0.10285714268684387,0.4991104006767273,0.010987025685608387,0.37422168254852295,0.10309869050979614,0.3742101490497589,0.02454197034239769,0.0430154912173748,6.197408676147461,0.0003804287390360311,1.78087027707548,4681.219093983356,0.0003804506649347869,linear-head cross-entropy Gauss-Newton/Hessian + trace damping,1.0506493948687451e-15,8.081384019617143e-16,0.33992651104927063,posthoc_after_source_selection_rule_defined,,,,,,,,,,
7,V-REx,0.001,2,0.125,0.862500011920929,0.762499988079071,0.8125,0.762499988079071,0.10285714268684387,0.681448221206665,2.237620947198593e-06,0.13232943415641785,9.418354602530599e-05,0.13232938945293427,0.00011189888755325228,0.027517778798937798,12.67737865447998,8.25127442693271e-05,0.5399166899020491,6543.433922640181,8.251485616783521e-05,linear-head cross-entropy Gauss-Newton/Hessian + trace damping,2.0184257288879108e-16,0.0,0.0005451581673696637,posthoc_after_source_selection_rule_defined,,,,,,,,,,
7,V-REx,0.001,4,0.25,0.862500011920929,0.7649999856948853,0.8137499988079071,0.7649999856948853,0.10285714268684387,0.6678650975227356,1.4976980310166255e-05,0.17870597541332245,0.0003160922497045249,0.17870575189590454,0.0002740262425504625,0.03462276607751846,13.562213897705078,9.112645280751342e-05,0.5842063679602348,6410.941608736325,9.112795900006004e-05,linear-head cross-entropy Gauss-Newton/Hessian + trace damping,5.482953108975069e-16,1.8996576857139556e-16,0.0028976532630622387,posthoc_after_source_selection_rule_defined,,,,,,,,,,
7,V-REx,0.001,8,0.5,0.862500011920929,0.7649999856948853,0.8137499988079071,0.7649999856948853,0.10285714268684387,0.625063419342041,0.00014942152483854443,0.32726651430130005,0.002055110177025199,0.32726502418518066,0.001673900755122304,0.04354461655020714,11.926750183105469,0.00013330245969643664,0.7761773138875412,5822.678108529227,0.00013330929125941388,linear-head cross-entropy Gauss-Newton/Hessian + trace damping,1.2493510927197482e-16,8.509174622121786e-16,0.025237208232283592,posthoc_after_source_selection_rule_defined,,,,,,,,,,
7,V-REx,0.001,12,0.75,0.862500011920929,0.7649999856948853,0.8137499988079071,0.7649999856948853,0.10285714268684387,0.5597910284996033,0.0007121337112039328,0.4425937831401825,0.009107183665037155,0.44258689880371094,0.006977108307182789,0.04090076684951782,8.600436210632324,0.00022129141962341886,1.1062499693309527,4999.063999921487,0.00022130226420069283,linear-head cross-entropy Gauss-Newton/Hessian + trace damping,7.525910740506673e-16,1.1477591523903603e-15,0.11408023536205292,posthoc_after_source_selection_rule_defined,,,,,,,,,,
7,V-REx,0.001,16,1.0,0.862500011920929,0.7649999856948853,0.8137499988079071,0.7649999856948853,0.10285714268684387,0.49910977482795715,0.002793592633679509,0.3742392361164093,0.032458774745464325,0.37422382831573486,0.024539317935705185,0.043012507259845734,6.197582721710205,0.0003804226184628099,1.780805588612696,4681.124365865716,0.00038044509506135276,linear-head cross-entropy Gauss-Newton/Hessian + trace damping,8.755539806751101e-16,1.6163182307302234e-15,0.33991268277168274,posthoc_after_source_selection_rule_defined,,,,,,,,,,
7,UNPRECONDITIONED_GRAD_ALIGN,0.001,2,0.125,0.862500011920929,0.762499988079071,0.8125,0.762499988079071,0.10285714268684387,0.681448221206665,0.00011189596989424899,0.1323295384645462,0.0011696232249960303,0.13232891261577606,0.0001118959771702066,0.02751808986067772,12.677641868591309,8.251102318033254e-05,0.5399098604942125,6543.48764181737,8.251382825104621e-05,linear-head cross-entropy Gauss-Newton/Hessian + trace damping,2.0184508734453513e-16,4.1125022895846156e-16,0.0005451558972708881,posthoc_after_source_selection_rule_defined,0.0001118959771702066,0.02751808986067772,0.010578089393675327,8.251102318033254e-05,0.5399098604942125,6543.48764181737,8.251382825104621e-05,linear-head cross-entropy Gauss-Newton/Hessian + trace damping,0.0,0.0
7,UNPRECONDITIONED_GRAD_ALIGN,0.001,4,0.25,0.862500011920929,0.7649999856948853,0.8137499988079071,0.7649999856948853,0.10285714268684387,0.6678651571273804,0.00027401099214330316,0.1787039190530777,0.0031418194994330406,0.17870187759399414,0.00027401105035096407,0.034623630344867706,13.562549591064453,9.112189035393241e-05,0.5841831580161477,6411.007890058956,9.11244655049593e-05,linear-head cross-entropy Gauss-Newton/Hessian + trace damping,9.138605520576673e-16,3.7994661687164903e-16,0.002897623460739851,posthoc_after_source_selection_rule_defined,0.00027401105035096407,0.034623630344867706,0.016553279012441635,9.112189035393241e-05,0.5841831580161477,6411.007890058956,9.11244655049593e-05,linear-head cross-entropy Gauss-Newton/Hessian + trace damping,0.0,0.0
7,UNPRECONDITIONED_GRAD_ALIGN,0.001,8,0.5,0.862500011920929,0.7649999856948853,0.8137499988079071,0.7649999856948853,0.10285714268684387,0.6250638365745544,0.0016736972611397505,0.32727035880088806,0.017519129440188408,0.3272593319416046,0.0016736972611397505,0.043542537838220596,11.925763130187988,0.00013327093010707077,0.7760552673089608,5823.1398751811275,0.00013329091171423595,linear-head cross-entropy Gauss-Newton/Hessian + trace damping,6.247616831585371e-16,7.092074352098416e-16,0.02523634023964405,posthoc_after_source_selection_rule_defined,0.0016736972611397505,0.043542537838220596,0.04091084375977516,0.00013327093010707077,0.7760552673089608,5823.1398751811275,0.00013329091171423595,linear-head cross-entropy Gauss-Newton/Hessian + trace damping,0.0,0.0
7,UNPRECONDITIONED_GRAD_ALIGN,0.001,12,0.75,0.862500011920929,0.7649999856948853,0.8137499988079071,0.7649999856948853,0.10285714268684387,0.5597944259643555,0.006974310148507357,0.44260862469673157,0.0717582106590271,0.44256433844566345,0.006974311545491219,0.04089566320180893,8.599942207336426,0.00022122084233150633,1.1058190988234546,4998.7111845743275,0.00022123240371883817,linear-head cross-entropy Gauss-Newton/Hessian + trace damping,4.516972357710597e-16,1.1481747147002064e-15,0.11406929045915604,posthoc_after_source_selection_rule_defined,0.006974311545491219,0.04089566320180893,0.08351234346628189,0.00022122084233150633,1.1058190988234546,4998.7111845743275,0.00022123240371883817,linear-head cross-entropy Gauss-Newton/Hessian + trace damping,0.0,0.0
7,UNPRECONDITIONED_GRAD_ALIGN,0.001,16,1.0,0.862500011920929,0.7649999856948853,0.8137499988079071,0.7649999856948853,0.10285714268684387,0.499115526676178,0.02452440746128559,0.37412920594215393,0.23030418157577515,0.3740500807762146,0.024524403735995293,0.043078742921352386,6.205904483795166,0.000380332729883873,1.7802834997738222,4680.85799588533,0.0003803516495408434,linear-head cross-entropy Gauss-Newton/Hessian + trace damping,1.7515381769023635e-16,5.774126174124682e-16,0.33982518315315247,posthoc_after_source_selection_rule_defined,0.024524403735995293,0.043078742921352386,0.15660269558429718,0.000380332729883873,1.7802834997738222,4680.85799588533,0.0003803516495408434,linear-head cross-entropy Gauss-Newton/Hessian + trace damping,0.0,0.0
7,LOCAL_RESPONSE,0.001,2,0.125,0.8600000143051147,0.762499988079071,0.8112500011920929,0.762499988079071,0.10285714268684387,0.6815478801727295,0.026464711874723434,0.13515320420265198,1.8162157535552979,0.1349915713071823,0.00011000869562849402,0.026464711874723434,12.275615692138672,8.219473784285962e-05,0.537870885059735,6543.860339186673,8.219904358065489e-05,linear-head cross-entropy Gauss-Newton/Hessian + trace damping,2.026180615364735e-16,4.1280932813426613e-16,0.0005356132169254124,posthoc_after_source_selection_rule_defined,0.00011000869562849402,0.026464711874723434,12.275615692138672,8.219473784285962e-05,0.537870885059735,6543.860339186673,8.219904358065489e-05,linear-head cross-entropy Gauss-Newton/Hessian + trace damping,0.0,0.0
7,LOCAL_RESPONSE,0.001,4,0.25,0.862500011920929,0.7649999856948853,0.8137499988079071,0.7649999856948853,0.10285714268684387,0.6678506731987,0.03390008211135864,0.17858488857746124,2.084782600402832,0.17856153845787048,0.0002707682433538139,0.03390008211135864,13.370348930358887,9.067166656780654e-05,0.5812713803814102,6410.727875468363,9.067518523310851e-05,linear-head cross-entropy Gauss-Newton/Hessian + trace damping,0.0,5.727739893398761e-16,0.0029011070728302,posthoc_after_source_selection_rule_defined,0.0002707682433538139,0.03390008211135864,13.370348930358887,9.067166656780654e-05,0.5812713803814102,6410.727875468363,9.067518523310851e-05,linear-head cross-entropy Gauss-Newton/Hessian + trace damping,0.0,0.0
7,LOCAL_RESPONSE,0.001,8,0.5,0.862500011920929,0.7649999856948853,0.8137499988079071,0.7649999856948853,0.10285714268684387,0.6251978874206543,0.04569106921553612,0.3269917368888855,2.4664273262023926,0.3271024525165558,0.0016691667260602117,0.04569106921553612,12.241486549377441,0.00013386443380917272,0.780446181120933,5830.123498176368,0.00013387566647548793,linear-head cross-entropy Gauss-Newton/Hessian + trace damping,0.0,1.4106945247224441e-16,0.0251440592110157,posthoc_after_source_selection_rule_defined,0.0016691667260602117,0.04569106921553612,12.241486549377441,0.00013386443380917272,0.780446181120933,5830.123498176368,0.00013387566647548793,linear-head cross-entropy Gauss-Newton/Hessian + trace damping,0.0,0.0
7,LOCAL_RESPONSE,0.001,12,0.75,0.862500011920929,0.7649999856948853,0.8137499988079071,0.7649999856948853,0.10285714268684387,0.5598377585411072,0.04076429083943367,0.44526633620262146,2.3279058933258057,0.44533708691596985,0.007010509259998798,0.04076429083943367,8.548019409179688,0.00022280207680921247,1.1152415987078057,5005.526046612203,0.00022281290342410405,linear-head cross-entropy Gauss-Newton/Hessian + trace damping,7.474886155387109e-16,1.8984059853422932e-16,0.11390045285224915,posthoc_after_source_selection_rule_defined,0.007010509259998798,0.04076429083943367,8.548019409179688,0.00022280207680921247,1.1152415987078057,5005.526046612203,0.00022281290342410405,linear-head cross-entropy Gauss-Newton/Hessian + trace damping,0.0,0.0
7,LOCAL_RESPONSE,0.001,16,1.0,0.862500011920929,0.7649999856948853,0.8137499988079071,0.7649999856948853,0.10285714268684387,0.4990556240081787,0.042033128440380096,0.3746830224990845,2.2190868854522705,0.3745536506175995,0.02443901263177395,0.042033128440380096,6.116354465484619,0.00038007260848806263,1.7737795980727311,4666.949310366948,0.0003801043862194726,linear-head cross-entropy Gauss-Newton/Hessian + trace damping,3.5053551549068986e-16,1.0416016626311382e-15,0.3396880030632019,posthoc_after_source_selection_rule_defined,0.02443901263177395,0.042033128440380096,6.116354465484619,0.00038007260848806263,1.7737795980727311,4666.949310366948,0.0003801043862194726,linear-head cross-entropy Gauss-Newton/Hessian + trace damping,0.0,0.0
7,RANDOM_METRIC,0.001,2,0.125,0.7649999856948853,0.6800000071525574,0.7224999964237213,0.6800000071525574,0.15285713970661163,0.6816809177398682,1.0086437463760376,0.1205185130238533,10.119423866271973,0.11410225927829742,8.744909428060055e-05,0.021863095462322235,10.715606689453125,7.813429145788394e-05,0.5117749476910072,6549.940341711102,7.81358617980991e-05,linear-head cross-entropy Gauss-Newton/Hessian + trace damping,6.394635121642535e-16,8.677242265411898e-16,0.0004983744584023952,posthoc_after_source_selection_rule_defined,8.744909428060055e-05,0.021863095462322235,110.71916198730469,7.813429145788394e-05,0.5117749476910072,6549.940341711102,7.81358617980991e-05,linear-head cross-entropy Gauss-Newton/Hessian + trace damping,6.394635121642535e-16,8.677242265411898e-16
7,RANDOM_METRIC,0.001,4,0.25,0.8550000190734863,0.7599999904632568,0.8075000047683716,0.7599999904632568,0.10285714268684387,0.6694871187210083,2.150585174560547,0.16958722472190857,25.826841354370117,0.1530943363904953,0.0001962025125976652,0.0330924428999424,12.903207778930664,8.201938257572377e-05,0.5276425266755026,6433.144338636793,8.202203674936858e-05,linear-head cross-entropy Gauss-Newton/Hessian + trace damping,6.091659582176594e-16,6.31043460529739e-16,0.0024160125758498907,posthoc_after_source_selection_rule_defined,0.0001962025125976652,0.0330924428999424,158.36236572265625,8.201938257572377e-05,0.5276425266755026,6433.144338636793,8.202203674936858e-05,linear-head cross-entropy Gauss-Newton/Hessian + trace damping,6.091659582176594e-16,6.31043460529739e-16
7,RANDOM_METRIC,0.001,8,0.5,0.862500011920929,0.7649999856948853,0.8137499988079071,0.7649999856948853,0.10285714268684387,0.6389546990394592,7.528832912445068,0.28376418352127075,82.88707733154297,0.23105068504810333,0.0008268075762316585,0.03363075852394104,9.385967254638672,9.88661110272845e-05,0.592012543989994,5988.022972063843,9.887585439366487e-05,linear-head cross-entropy Gauss-Newton/Hessian + trace damping,5.053309821471896e-16,5.59810318248112e-16,0.014647839590907097,posthoc_after_source_selection_rule_defined,0.0008268075762316585,0.03363075852394104,270.7497863769531,9.88661110272845e-05,0.592012543989994,5988.022972063843,9.887585439366487e-05,linear-head cross-entropy Gauss-Newton/Hessian + trace damping,5.053309821471896e-16,5.59810318248112e-16
7,RANDOM_METRIC,0.001,12,0.75,0.8575000166893005,0.7649999856948853,0.8112500011920929,0.7649999856948853,0.10285714268684387,0.6155442595481873,9.79152774810791,0.4204466640949249,142.56661987304688,0.30359208583831787,0.0011653800029307604,0.0377454049885273,9.58552074432373,0.00010674820073327358,0.5979533044763425,5601.530521066287,0.00010677178434420829,linear-head cross-entropy Gauss-Newton/Hessian + trace damping,9.359220306802614e-16,9.144954138098927e-16,0.030521996319293976,posthoc_after_source_selection_rule_defined,0.0011653800029307604,0.0377454049885273,296.32171630859375,0.00010674820073327358,0.5979533044763425,5601.530521066287,0.00010677178434420829,linear-head cross-entropy Gauss-Newton/Hessian + trace damping,9.359220306802614e-16,9.144954138098927e-16
7,RANDOM_METRIC,0.001,16,1.0,0.862500011920929,0.7649999856948853,0.8137499988079071,0.7649999856948853,0.10285714268684387,0.5706790685653687,22.633134841918945,0.4159216582775116,221.429443359375,0.3027426600456238,0.0038878123741596937,0.033469121903181076,6.781944751739502,0.00015587522319656234,0.7949579917205065,5099.963774987162,0.00015590573045439228,linear-head cross-entropy Gauss-Newton/Hessian + trace damping,4.2730978064559477e-16,4.024986339911746e-16,0.09154970943927765,posthoc_after_source_selection_rule_defined,0.0038878123741596937,0.033469121903181076,373.6441650390625,0.00015587522319656234,0.7949579917205065,5099.963774987162,0.00015590573045439228,linear-head cross-entropy Gauss-Newton/Hessian + trace damping,4.2730978064559477e-16,4.024986339911746e-16
8,ERM,0.0,2,0.125,0.8100000023841858,0.7574999928474426,0.7837499976158142,0.7574999928474426,0.22285714745521545,0.6716258525848389,0.0,0.18578965961933136,0.0,0.18578965961933136,3.201719664502889e-05,0.03629350662231445,13.755480766296387,8.411505563877259e-05,0.5448666676235394,6477.635465919905,8.412395335997576e-05,linear-head cross-entropy Gauss-Newton/Hessian + trace damping,3.959635800565804e-16,4.0747057025848594e-16,0.001457382459193468,posthoc_after_source_selection_rule_defined,,,,,,,,,,
8,ERM,0.0,4,0.25,0.8974999785423279,0.8174999952316284,0.8574999868869781,0.8174999952316284,0.1014285683631897,0.6493597030639648,0.0,0.3055906593799591,0.0,0.3055906593799591,0.000130723841721192,0.03289224952459335,11.752083778381348,0.00010117561963638877,0.6281315360650803,6208.32902553499,0.00010118219598304924,linear-head cross-entropy Gauss-Newton/Hessian + trace damping,1.6460416487950667e-16,0.0,0.008462845347821712,posthoc_after_source_selection_rule_defined,,,,,,,,,,
8,ERM,0.0,8,0.5,0.8974999785423279,0.8174999952316284,0.8574999868869781,0.8174999952316284,0.1014285683631897,0.5715724229812622,0.0,0.4793534278869629,0.0,0.4793534278869629,0.0007830881513655186,0.027657972648739815,8.794981956481934,0.00017431321033509003,0.8922444034062664,5118.627565237685,0.00017433038686938358,linear-head cross-entropy Gauss-Newton/Hessian + trace damping,0.0,1.1966017118797895e-15,0.07626243680715561,posthoc_after_source_selection_rule_defined,,,,,,,,,,
8,ERM,0.0,12,0.75,0.8974999785423279,0.8174999952316284,0.8574999868869781,0.8174999952316284,0.1014285683631897,0.47525501251220703,0.0,0.5591869354248047,0.0,0.5591869354248047,0.0025714689400047064,0.020179256796836853,5.082447528839111,0.00037996206829710605,1.580303462171981,4159.108484840346,0.00037998224439268763,linear-head cross-entropy Gauss-Newton/Hessian + trace damping,1.7532409596752112e-16,1.0922815366741762e-15,0.32111313939094543,posthoc_after_source_selection_rule_defined,,,,,,,,,,
8,ERM,0.0,16,1.0,0.8974999785423279,0.8174999952316284,0.8574999868869781,0.8174999952316284,0.1014285683631897,0.40093475580215454,0.0,0.4850773811340332,0.0,0.4850773811340332,0.009253239259123802,0.018147185444831848,3.59643816947937,0.0007116387181006678,2.9938799826798603,4207.022336657557,0.0007116751429257971,linear-head cross-entropy Gauss-Newton/Hessian + trace damping,3.744407495137355e-16,7.741376215737776e-16,0.7493430972099304,posthoc_after_source_selection_rule_defined,,,,,,,,,,
8,IRMv1,0.001,2,0.125,0.8100000023841858,0.7574999928474426,0.7837499976158142,0.7574999928474426,0.22285714745521545,0.6716258525848389,0.00044055646867491305,0.18578964471817017,0.007558463141322136,0.18578213453292847,3.201715662726201e-05,0.03629333898425102,13.755426406860352,8.411438471473113e-05,0.5448666924313397,6477.687428603588,8.412395602899537e-05,linear-head cross-entropy Gauss-Newton/Hessian + trace damping,0.0,0.0,0.0014573819935321808,posthoc_after_source_selection_rule_defined,,,,,,,,,,
8,IRMv1,0.001,4,0.25,0.8974999785423279,0.8174999952316284,0.8574999868869781,0.8174999952316284,0.1014285683631897,0.6493598222732544,0.001730202930048108,0.30559059977531433,0.023914450779557228,0.3055669367313385,0.0001307234342675656,0.032892655581235886,11.752252578735352,0.00010117762105066037,0.6281315964010579,6208.2068137038705,0.00010118219420264447,linear-head cross-entropy Gauss-Newton/Hessian + trace damping,9.876250066553177e-16,8.822037771831096e-16,0.008462822064757347,posthoc_after_source_selection_rule_defined,,,,,,,,,,
8,IRMv1,0.001,8,0.5,0.8974999785423279,0.8174999952316284,0.8574999868869781,0.8174999952316284,0.1014285683631897,0.5715726613998413,0.010369423776865005,0.4793526828289032,0.07380766421556473,0.47928717732429504,0.0007830801187083125,0.027657801285386086,8.794904708862305,0.0001743230795683151,0.8922539325852172,5118.392440030029,0.00017433166031189488,linear-head cross-entropy Gauss-Newton/Hessian + trace damping,1.9107270407070176e-16,5.982951468714238e-16,0.07626283913850784,posthoc_after_source_selection_rule_defined,,,,,,,,,,
8,IRMv1,0.001,12,0.75,0.8974999785423279,0.8174999952316284,0.8574999868869781,0.8174999952316284,0.1014285683631897,0.47525572776794434,0.01735830307006836,0.5591861605644226,0.154779314994812,0.5591447949409485,0.0025714284274727106,0.02018049918115139,5.082333564758301,0.0003799626265846798,1.5803320189867336,4159.177530673626,0.00037998668143920825,linear-head cross-entropy Gauss-Newton/Hessian + trace damping,1.7532204873479427e-16,4.854517858563354e-16,0.32112303376197815,posthoc_after_source_selection_rule_defined,,,,,,,,,,
8,IRMv1,0.001,16,1.0,0.8974999785423279,0.8174999952316284,0.8574999868869781,0.8174999952316284,0.1014285683631897,0.4009363651275635,0.007921399548649788,0.4851578176021576,0.19307352602481842,0.48513978719711304,0.00925324484705925,0.018153369426727295,3.597050428390503,0.0007116486248860828,2.9938380025256097,4206.904781140902,0.0007117081789130514,linear-head cross-entropy Gauss-Newton/Hessian + trace damping,7.488467375333781e-16,5.160779793612018e-16,0.7494411468505859,posthoc_after_source_selection_rule_defined,,,,,,,,,,
8,V-REx,0.001,2,0.125,0.8100000023841858,0.7574999928474426,0.7837499976158142,0.7574999928474426,0.22285714745521545,0.6716258525848389,2.6122302188014146e-06,0.18578964471817017,7.721419387962669e-05,0.1857895851135254,3.201718209311366e-05,0.036293234676122665,13.755390167236328,8.411464202757673e-05,0.5448667297210107,6477.668056203315,8.412396196332429e-05,linear-head cross-entropy Gauss-Newton/Hessian + trace damping,1.979817697807138e-16,2.037352619328654e-16,0.00145738257560879,posthoc_after_source_selection_rule_defined,,,,,,,,,,
8,V-REx,0.001,4,0.25,0.8974999785423279,0.8174999952316284,0.8574999868869781,0.8174999952316284,0.1014285683631897,0.6493598222732544,1.4687517250422388e-05,0.3055906593799591,0.0002735009475145489,0.3055904507637024,0.00013072304136585444,0.03289308771491051,11.752361297607422,0.00010118036912777636,0.6281319816860965,6208.04200558762,0.00010118224786613913,linear-head cross-entropy Gauss-Newton/Hessian + trace damping,3.292081609512854e-16,7.057625922004453e-16,0.008462829515337944,posthoc_after_source_selection_rule_defined,,,,,,,,,,
8,V-REx,0.001,8,0.5,0.8974999785423279,0.8174999952316284,0.8574999868869781,0.8174999952316284,0.1014285683631897,0.5715725421905518,0.0001298305724048987,0.47935348749160767,0.001235726522281766,0.4793524146080017,0.0007830871036276221,0.02765817567706108,8.794936180114746,0.0001743216432846402,0.8922440456776646,5118.377895398614,0.00017433027567511253,linear-head cross-entropy Gauss-Newton/Hessian + trace damping,3.8214844337200955e-16,1.1966022849840202e-16,0.07626235485076904,posthoc_after_source_selection_rule_defined,,,,,,,,,,
8,V-REx,0.001,12,0.75,0.8974999785423279,0.8174999952316284,0.8574999868869781,0.8174999952316284,0.1014285683631897,0.47525495290756226,0.0004877786268480122,0.5591857433319092,0.0033806769642978907,0.5591829419136047,0.0025714857038110495,0.020179638639092445,5.082406044006348,0.0003799585883320272,1.5803018711859482,4159.142390025409,0.0003799822401594032,linear-head cross-entropy Gauss-Newton/Hessian + trace damping,3.506481958415234e-16,2.4272931878871125e-16,0.3211124539375305,posthoc_after_source_selection_rule_defined,,,,,,,,,,
8,V-REx,0.001,16,1.0,0.8974999785423279,0.8174999952316284,0.8574999868869781,0.8174999952316284,0.1014285683631897,0.400934100151062,0.001165626454167068,0.48506003618240356,0.0085867028683424,0.48505279421806335,0.009253435768187046,0.018146662041544914,3.596406936645508,0.0007116322312286261,2.993910582298168,4207.103684903663,0.0007116780582476747,linear-head cross-entropy Gauss-Newton/Hessian + trace damping,5.616588234789119e-16,1.0321771621764653e-15,0.7493303418159485,posthoc_after_source_selection_rule_defined,,,,,,,,,,
8,UNPRECONDITIONED_GRAD_ALIGN,0.001,2,0.125,0.8100000023841858,0.7574999928474426,0.7837499976158142,0.7574999928474426,0.22285714745521545,0.6716263294219971,3.201559229637496e-05,0.1857859194278717,0.0007424570503644645,0.18578554689884186,3.201559593435377e-05,0.036296188831329346,13.756281852722168,8.41193658525481e-05,0.5448545187940618,6477.159133000731,8.412203860556967e-05,linear-head cross-entropy Gauss-Newton/Hessian + trace damping,1.979862964158084e-16,0.0,0.0014573142398148775,posthoc_after_source_selection_rule_defined,3.201559593435377e-05,0.036296188831329346,0.005658232606947422,8.41193658525481e-05,0.5448545187940618,6477.159133000731,8.412203860556967e-05,linear-head cross-entropy Gauss-Newton/Hessian + trace damping,0.0,0.0
8,UNPRECONDITIONED_GRAD_ALIGN,0.001,4,0.25,0.8974999785423279,0.8174999952316284,0.8574999868869781,0.8174999952316284,0.1014285683631897,0.649362325668335,0.00013070341083221138,0.30557945370674133,0.0018163361819460988,0.305578351020813,0.00013070343993604183,0.0329168476164341,11.760164260864258,0.00010116159373635005,0.6280990323568527,6208.868496020541,0.00010117633798610328,linear-head cross-entropy Gauss-Newton/Hessian + trace damping,1.6461369527677498e-16,1.7644996778644037e-16,0.00846183393150568,posthoc_after_source_selection_rule_defined,0.00013070343993604183,0.0329168476164341,0.011432560160756111,0.00010116159373635005,0.6280990323568527,6208.868496020541,0.00010117633798610328,linear-head cross-entropy Gauss-Newton/Hessian + trace damping,0.0,0.0
8,UNPRECONDITIONED_GRAD_ALIGN,0.001,8,0.5,0.8974999785423279,0.8174999952316284,0.8574999868869781,0.8174999952316284,0.1014285683631897,0.5715970396995544,0.0007827167282812297,0.4793069362640381,0.006667131092399359,0.47930359840393066,0.0007827167282812297,0.027719654142856598,8.801312446594238,0.00017427697998832184,0.8920870463717813,5118.788760463713,0.00017428730275820603,linear-head cross-entropy Gauss-Newton/Hessian + trace damping,7.644853345889634e-16,5.984208337411051e-16,0.0762353241443634,posthoc_after_source_selection_rule_defined,0.0007827167282812297,0.027719654142856598,0.027977075427770615,0.00017427697998832184,0.8920870463717813,5118.788760463713,0.00017428730275820603,linear-head cross-entropy Gauss-Newton/Hessian + trace damping,0.0,0.0
8,UNPRECONDITIONED_GRAD_ALIGN,0.001,12,0.75,0.8974999785423279,0.8174999952316284,0.8574999868869781,0.8174999952316284,0.1014285683631897,0.4753113389015198,0.002568932017311454,0.5598056316375732,0.020704956725239754,0.5597947835922241,0.0025689329486340284,0.020182985812425613,5.085638999938965,0.00037973472688302454,1.5794266063209237,4159.289352557577,0.00037975812359063914,linear-head cross-entropy Gauss-Newton/Hessian + trace damping,5.262826995137888e-16,1.214352532461962e-15,0.32102158665657043,posthoc_after_source_selection_rule_defined,0.0025689329486340284,0.020182985812425613,0.05068464204668999,0.00037973472688302454,1.5794266063209237,4159.289352557577,0.00037975812359063914,linear-head cross-entropy Gauss-Newton/Hessian + trace damping,0.0,0.0
8,UNPRECONDITIONED_GRAD_ALIGN,0.001,16,1.0,0.8974999785423279,0.8174999952316284,0.8574999868869781,0.8174999952316284,0.1014285683631897,0.4009546637535095,0.009246604517102242,0.4849565029144287,0.08613426238298416,0.4848942458629608,0.009246605448424816,0.018169783055782318,3.600468635559082,0.0007112016056339168,2.991995051532217,4206.957672522907,0.000711239864203063,linear-head cross-entropy Gauss-Newton/Hessian + trace damping,1.8733495360669821e-16,5.164109971951611e-16,0.7490280270576477,posthoc_after_source_selection_rule_defined,0.009246605448424816,0.018169783055782318,0.09615927189588547,0.0007112016056339168,2.991995051532217,4206.957672522907,0.000711239864203063,linear-head cross-entropy Gauss-Newton/Hessian + trace damping,0.0,0.0
8,LOCAL_RESPONSE,0.001,2,0.125,0.8299999833106995,0.7699999809265137,0.7999999821186066,0.7699999809265137,0.2199999988079071,0.6716804504394531,0.03613279387354851,0.185212641954422,1.6771827936172485,0.18505051732063293,3.2156553061213344e-05,0.03613279387354851,13.755361557006836,8.376361395708323e-05,0.5426306376768971,6478.118744433795,8.376783543073387e-05,linear-head cross-entropy Gauss-Newton/Hessian + trace damping,5.964703797641802e-16,8.182986704257934e-16,0.0014561736024916172,posthoc_after_source_selection_rule_defined,3.2156553061213344e-05,0.03613279387354851,13.755361557006836,8.376361395708323e-05,0.5426306376768971,6478.118744433795,8.376783543073387e-05,linear-head cross-entropy Gauss-Newton/Hessian + trace damping,0.0,0.0
8,LOCAL_RESPONSE,0.001,4,0.25,0.8974999785423279,0.8174999952316284,0.8574999868869781,0.8174999952316284,0.1014285683631897,0.6505113244056702,0.033319972455501556,0.2896184027194977,1.5078872442245483,0.28955698013305664,0.00012573626008816063,0.033319972455501556,11.827189445495605,0.000100930405188833,0.6283857949808311,6225.9315595252965,0.00010093455594566573,linear-head cross-entropy Gauss-Newton/Hessian + trace damping,3.3001603295168766e-16,1.7639656393161439e-16,0.007966581732034683,posthoc_after_source_selection_rule_defined,0.00012573626008816063,0.033319972455501556,11.827189445495605,0.000100930405188833,0.6283857949808311,6225.9315595252965,0.00010093455594566573,linear-head cross-entropy Gauss-Newton/Hessian + trace damping,0.0,0.0
8,LOCAL_RESPONSE,0.001,8,0.5,0.8974999785423279,0.8174999952316284,0.8574999868869781,0.8174999952316284,0.1014285683631897,0.5776935815811157,0.024409454315900803,0.45998385548591614,1.2294667959213257,0.4599801003932953,0.0007162418332882226,0.024409454315900803,8.102479934692383,0.0001687516927060382,0.874352157230821,5181.294144135926,0.00016876202803387335,linear-head cross-entropy Gauss-Newton/Hessian + trace damping,1.9737865282255853e-16,9.807349491667236e-16,0.06995109468698502,posthoc_after_source_selection_rule_defined,0.0007162418332882226,0.024409454315900803,8.102479934692383,0.0001687516927060382,0.874352157230821,5181.294144135926,0.00016876202803387335,linear-head cross-entropy Gauss-Newton/Hessian + trace damping,0.0,0.0
8,LOCAL_RESPONSE,0.001,12,0.75,0.8974999785423279,0.8174999952316284,0.8574999868869781,0.8174999952316284,0.1014285683631897,0.48809120059013367,0.02012447640299797,0.548026978969574,0.9146454334259033,0.5479657649993896,0.0021251465659588575,0.02012447640299797,5.242480278015137,0.00035218567011235935,1.4999361750442226,4258.935846440576,0.0003522021268409761,linear-head cross-entropy Gauss-Newton/Hessian + trace damping,9.457643552495842e-16,3.898005789303236e-16,0.2863473892211914,posthoc_after_source_selection_rule_defined,0.0021251465659588575,0.02012447640299797,5.242480278015137,0.00035218567011235935,1.4999361750442226,4258.935846440576,0.0003522021268409761,linear-head cross-entropy Gauss-Newton/Hessian + trace damping,0.0,0.0
8,LOCAL_RESPONSE,0.001,16,1.0,0.8974999785423279,0.8174999952316284,0.8574999868869781,0.8174999952316284,0.1014285683631897,0.41181254386901855,0.017902247607707977,0.51483553647995,0.7162536978721619,0.514778196811676,0.00727668683975935,0.017902247607707977,3.733466148376465,0.0006603058053995173,2.71546695497444,4112.438407733595,0.0006603383611549031,linear-head cross-entropy Gauss-Newton/Hessian + trace damping,6.05326427185075e-16,4.201480202100626e-16,0.6779427528381348,posthoc_after_source_selection_rule_defined,0.00727668683975935,0.017902247607707977,3.733466148376465,0.0006603058053995173,2.71546695497444,4112.438407733595,0.0006603383611549031,linear-head cross-entropy Gauss-Newton/Hessian + trace damping,0.0,0.0
8,RANDOM_METRIC,0.01,2,0.125,0.5350000262260437,0.5350000262260437,0.5350000262260437,0.5350000262260437,0.47999998927116394,0.6839002370834351,0.07767233997583389,0.14627951383590698,3.537003755569458,0.13577602803707123,7.091547104209894e-06,0.013741043396294117,8.394476890563965,7.8099115481844e-05,0.5127866772894364,6565.8448770606865,7.809946446824215e-05,linear-head cross-entropy Gauss-Newton/Hessian + trace damping,2.132538421852672e-16,2.165057802028534e-16,0.00015742659161332995,posthoc_after_source_selection_rule_defined,7.091547104209894e-06,0.013741043396294117,30.265121459960938,7.8099115481844e-05,0.5127866772894364,6565.8448770606865,7.809946446824215e-05,linear-head cross-entropy Gauss-Newton/Hessian + trace damping,2.132538421852672e-16,2.165057802028534e-16
8,RANDOM_METRIC,0.01,4,0.25,0.6549999713897705,0.625,0.6399999856948853,0.625,0.345714271068573,0.6783583164215088,0.24313585460186005,0.18553827702999115,6.90449333190918,0.16186532378196716,2.1782954718219116e-05,0.017820172011852264,9.962053298950195,8.025215253340059e-05,0.5237329077678239,6526.091715108185,8.025283151157527e-05,linear-head cross-entropy Gauss-Newton/Hessian + trace damping,4.150635075863251e-16,6.359138718095865e-16,0.0006513837724924088,posthoc_after_source_selection_rule_defined,2.1782954718219116e-05,0.017820172011852264,53.625160217285156,8.025215253340059e-05,0.5237329077678239,6526.091715108185,8.025283151157527e-05,linear-head cross-entropy Gauss-Newton/Hessian + trace damping,4.150635075863251e-16,6.359138718095865e-16
8,RANDOM_METRIC,0.01,8,0.5,0.8974999785423279,0.8199999928474426,0.8587499856948853,0.8199999928474426,0.11142857372760773,0.6652183532714844,0.4702748954296112,0.22877252101898193,10.156585693359375,0.18305093050003052,4.3002437450923026e-05,0.012513644061982632,7.792163372039795,8.071609785203026e-05,0.5197065140063752,6438.697209559208,8.072195634612758e-05,linear-head cross-entropy Gauss-Newton/Hessian + trace damping,4.126513187824487e-16,0.0,0.002770841820165515,posthoc_after_source_selection_rule_defined,4.3002437450923026e-05,0.012513644061982632,73.96834564208984,8.071609785203026e-05,0.5197065140063752,6438.697209559208,8.072195634612758e-05,linear-head cross-entropy Gauss-Newton/Hessian + trace damping,4.126513187824487e-16,0.0
8,RANDOM_METRIC,0.01,12,0.75,0.8974999785423279,0.8199999928474426,0.8587499856948853,0.8199999928474426,0.10285714268684387,0.6582509875297546,0.5276548266410828,0.27314162254333496,10.511613845825195,0.20843130350112915,4.851738776778802e-05,0.013739509508013725,8.202059745788574,8.16351020006521e-05,0.5217503945218661,6391.250598519475,8.163736746485632e-05,linear-head cross-entropy Gauss-Newton/Hessian + trace damping,2.0401210116965284e-16,2.1268231984286077e-16,0.004243101458996534,posthoc_after_source_selection_rule_defined,4.851738776778802e-05,0.013739509508013725,77.7784423828125,8.16351020006521e-05,0.5217503945218661,6391.250598519475,8.163736746485632e-05,linear-head cross-entropy Gauss-Newton/Hessian + trace damping,2.0401210116965284e-16,2.1268231984286077e-16
8,RANDOM_METRIC,0.01,16,1.0,0.8974999785423279,0.8149999976158142,0.856249988079071,0.8149999976158142,0.13428571820259094,0.6585372090339661,0.5056744813919067,0.3275507688522339,11.609521865844727,0.24131110310554504,4.478624032344669e-05,0.013216345570981503,8.38124942779541,7.978374434422908e-05,0.5117575156349596,6414.308075426597,7.97861056339984e-05,linear-head cross-entropy Gauss-Newton/Hessian + trace damping,6.262372654281063e-16,6.505745959948905e-16,0.0038413675501942635,posthoc_after_source_selection_rule_defined,4.478624032344669e-05,0.013216345570981503,77.3091812133789,7.978374434422908e-05,0.5117575156349596,6414.308075426597,7.97861056339984e-05,linear-head cross-entropy Gauss-Newton/Hessian + trace damping,6.262372654281063e-16,6.505745959948905e-16
9,ERM,0.0,2,0.125,0.8774999976158142,0.8174999952316284,0.8474999964237213,0.8174999952316284,0.12999999523162842,0.6751521825790405,0.0,0.1962662637233734,0.0,0.1962662637233734,0.007824628613889217,0.07403437048196793,13.778878211975098,8.233072175520755e-05,0.536788839950925,6519.909318260922,8.233663949602377e-05,linear-head cross-entropy Gauss-Newton/Hessian + trace damping,4.0455891744935026e-16,1.0340909075591818e-15,0.0014387255068868399,posthoc_after_source_selection_rule_defined,,,,,,,,,,
9,ERM,0.0,4,0.25,0.8799999952316284,0.8100000023841858,0.8449999988079071,0.8100000023841858,0.10571428388357162,0.6502070426940918,0.0,0.28510597348213196,0.0,0.28510597348213196,0.007738680113106966,0.0740957111120224,12.903746604919434,9.127601366719468e-05,0.577915694828763,6331.517685861324,9.128335513223924e-05,linear-head cross-entropy Gauss-Newton/Hessian + trace damping,1.2771778154336873e-15,1.9196860065267602e-16,0.008459032513201237,posthoc_after_source_selection_rule_defined,,,,,,,,,,
9,ERM,0.0,8,0.5,0.8799999952316284,0.8100000023841858,0.8449999988079071,0.8100000023841858,0.10428571701049805,0.578544020652771,0.0,0.43447408080101013,0.0,0.43447408080101013,0.008512525819242,0.07431792467832565,11.805886268615723,0.000138489674005179,0.744002527101708,5372.259935234486,0.00013851912570957709,linear-head cross-entropy Gauss-Newton/Hessian + trace damping,3.6070854732472996e-16,1.4563414465375752e-16,0.07711902260780334,posthoc_after_source_selection_rule_defined,,,,,,,,,,
9,ERM,0.0,12,0.75,0.8799999952316284,0.8100000023841858,0.8449999988079071,0.8100000023841858,0.10428571701049805,0.49324849247932434,0.0,0.39703336358070374,0.0,0.39703336358070374,0.013302157633006573,0.06178562343120575,9.137245178222656,0.00028321471735485505,1.2297552490335053,4342.130453244344,0.000283231907383059,linear-head cross-entropy Gauss-Newton/Hessian + trace damping,1.7641032422176065e-15,1.6048955285586968e-15,0.35432031750679016,posthoc_after_source_selection_rule_defined,,,,,,,,,,
9,ERM,0.0,16,1.0,0.8799999952316284,0.8100000023841858,0.8449999988079071,0.8100000023841858,0.10428571701049805,0.4586580991744995,0.0,0.20853428542613983,0.0,0.20853428542613983,0.02574647031724453,0.06745319813489914,7.948845386505127,0.00046954641375496854,1.8862528907747633,4017.1809122986915,0.00046958391685179916,linear-head cross-entropy Gauss-Newton/Hessian + trace damping,1.4187036883310246e-15,1.3878951469682551e-15,0.908089280128479,posthoc_after_source_selection_rule_defined,,,,,,,,,,
9,IRMv1,0.001,2,0.125,0.8774999976158142,0.8174999952316284,0.8474999964237213,0.8174999952316284,0.12999999523162842,0.6751521825790405,0.0003133601858280599,0.19626623392105103,0.007141719106584787,0.19625915586948395,0.007824629545211792,0.07403801381587982,13.778822898864746,8.23354793301059e-05,0.5367888538373915,6519.532748273138,8.233664046339542e-05,linear-head cross-entropy Gauss-Newton/Hessian + trace damping,4.0455891269619514e-16,4.1363635236005037e-16,0.0014387242263182998,posthoc_after_source_selection_rule_defined,,,,,,,,,,
9,IRMv1,0.001,4,0.25,0.8799999952316284,0.8100000023841858,0.8449999988079071,0.8100000023841858,0.10571428388357162,0.6502070426940918,0.0016924082301557064,0.2851061522960663,0.02200283110141754,0.28508424758911133,0.00773867592215538,0.07409172505140305,12.903802871704102,9.128186303410299e-05,0.5779155511036763,6331.110385945634,9.12833325811803e-05,linear-head cross-entropy Gauss-Newton/Hessian + trace damping,1.8245401870766194e-16,0.0,0.008459028787910938,posthoc_after_source_selection_rule_defined,,,,,,,,,,
9,IRMv1,0.001,8,0.5,0.8799999952316284,0.8100000023841858,0.8449999988079071,0.8100000023841858,0.10428571701049805,0.578544020652771,0.009273613803088665,0.43447384238243103,0.050840601325035095,0.43442317843437195,0.008512526750564575,0.0743177980184555,11.8060941696167,0.00013851416434542625,0.744003050145483,5371.313855600285,0.00013851918030296115,linear-head cross-entropy Gauss-Newton/Hessian + trace damping,1.202361350539147e-16,4.3690217353636677e-16,0.07711899280548096,posthoc_after_source_selection_rule_defined,,,,,,,,,,
9,IRMv1,0.001,12,0.75,0.8799999952316284,0.8100000023841858,0.8449999988079071,0.8100000023841858,0.10428571701049805,0.4932481050491333,0.013135693967342377,0.3970271944999695,0.04264771193265915,0.3970613181591034,0.01330212689936161,0.06178528070449829,9.137255668640137,0.0002832133119463619,1.2297629802992123,4342.179298874618,0.0002832335154667045,linear-head cross-entropy Gauss-Newton/Hessian + trace damping,4.704248603635968e-16,0.0,0.35432326793670654,posthoc_after_source_selection_rule_defined,,,,,,,,,,
9,IRMv1,0.001,16,1.0,0.8799999952316284,0.8100000023841858,0.8449999988079071,0.8100000023841858,0.10428571701049805,0.45865926146507263,0.007613969035446644,0.2086157202720642,0.1109517514705658,0.20868714153766632,0.025748006999492645,0.0674586296081543,7.949199199676514,0.0004695765656411163,1.8863941421514399,4017.223771752605,0.0004696048125554102,linear-head cross-entropy Gauss-Newton/Hessian + trace damping,9.930483928291896e-16,5.947810191516763e-16,0.9080966114997864,posthoc_after_source_selection_rule_defined,,,,,,,,,,
9,V-REx,0.001,2,0.125,0.8774999976158142,0.8174999952316284,0.8474999964237213,0.8174999952316284,0.12999999523162842,0.6751521825790405,5.3609483074978925e-06,0.1962662637233734,0.0008024538401514292,0.19626587629318237,0.007824628613889217,0.07403475791215897,13.778822898864746,8.233383166782312e-05,0.5367888525749716,6519.663201642952,8.233664145970552e-05,linear-head cross-entropy Gauss-Newton/Hessian + trace damping,6.068383617012776e-16,2.0681817665452307e-16,0.001438724808394909,posthoc_after_source_selection_rule_defined,,,,,,,,,,
9,V-REx,0.001,4,0.25,0.8799999952316284,0.8100000023841858,0.8449999988079071,0.8100000023841858,0.10571428388357162,0.650206983089447,5.068609971203841e-05,0.28510597348213196,0.0027945206966251135,0.28510451316833496,0.007738679647445679,0.07409320771694183,12.903717994689941,9.128090567882784e-05,0.5779157179986617,6331.178615077068,9.128335930378826e-05,linear-head cross-entropy Gauss-Newton/Hessian + trace damping,7.298158611817526e-16,1.9196859302642073e-16,0.008459029719233513,posthoc_after_source_selection_rule_defined,,,,,,,,,,
9,V-REx,0.001,8,0.5,0.8799999952316284,0.8100000023841858,0.8449999988079071,0.8100000023841858,0.10428571701049805,0.5785440802574158,0.0005178943392820656,0.43447402119636536,0.010863532312214375,0.43446817994117737,0.008512523025274277,0.07431763410568237,11.80589771270752,0.00013850909843486558,0.7440027020531491,5371.507795951897,0.00013851914306776576,linear-head cross-entropy Gauss-Newton/Hessian + trace damping,1.0821255063702529e-15,2.9126823320298124e-16,0.07711897045373917,posthoc_after_source_selection_rule_defined,,,,,,,,,,
9,V-REx,0.001,12,0.75,0.8799999952316284,0.8100000023841858,0.8449999988079071,0.8100000023841858,0.10428571701049805,0.49324852228164673,0.002419333439320326,0.39703431725502014,0.026789186522364616,0.39701369404792786,0.013302134349942207,0.061784528195858,9.137046813964844,0.0002832176416441083,1.2297574153782418,4342.09326876451,0.0002832320820765965,linear-head cross-entropy Gauss-Newton/Hessian + trace damping,1.7641021541437077e-15,4.814681266068049e-16,0.35431963205337524,posthoc_after_source_selection_rule_defined,,,,,,,,,,
9,V-REx,0.001,16,1.0,0.8799999952316284,0.8100000023841858,0.8449999988079071,0.8100000023841858,0.10428571701049805,0.45865774154663086,0.007758386433124542,0.20854420959949493,0.06120504438877106,0.20855538547039032,0.025746118277311325,0.0674530416727066,7.948879241943359,0.00046953232101156546,1.8862751377552693,4017.348866828716,0.0004695858269273727,linear-head cross-entropy Gauss-Newton/Hessian + trace damping,0.0,1.9826952604693937e-16,0.9080767035484314,posthoc_after_source_selection_rule_defined,,,,,,,,,,
9,UNPRECONDITIONED_GRAD_ALIGN,0.001,2,0.125,0.8774999976158142,0.8174999952316284,0.8474999964237213,0.8174999952316284,0.12999999523162842,0.6751522421836853,0.007824613712728024,0.19626611471176147,0.014618043787777424,0.1962703913450241,0.007824614644050598,0.07403556257486343,13.77911376953125,8.233297389912519e-05,0.5367880503224952,6519.721381377173,8.23365143790425e-05,linear-head cross-entropy Gauss-Newton/Hessian + trace damping,4.045595322092886e-16,2.068184858036075e-16,0.0014387244591489434,posthoc_after_source_selection_rule_defined,0.007824614644050598,0.07403556257486343,0.08845685422420502,8.233297389912519e-05,0.5367880503224952,6519.721381377173,8.23365143790425e-05,linear-head cross-entropy Gauss-Newton/Hessian + trace damping,0.0,0.0
9,UNPRECONDITIONED_GRAD_ALIGN,0.001,4,0.25,0.8799999952316284,0.8100000023841858,0.8449999988079071,0.8100000023841858,0.10571428388357162,0.650206983089447,0.00773864658549428,0.2851054072380066,0.021282147616147995,0.2851083278656006,0.0077386461198329926,0.07409140467643738,12.90386962890625,9.127819233530686e-05,0.5779136556766001,6331.344222436581,9.128303596905122e-05,linear-head cross-entropy Gauss-Newton/Hessian + trace damping,5.47363834703454e-16,3.8393855543562546e-16,0.008459020406007767,posthoc_after_source_selection_rule_defined,0.0077386461198329926,0.07409140467643738,0.087969571352005,9.127819233530686e-05,0.5779136556766001,6331.344222436581,9.128303596905122e-05,linear-head cross-entropy Gauss-Newton/Hessian + trace damping,0.0,0.0
9,UNPRECONDITIONED_GRAD_ALIGN,0.001,8,0.5,0.8799999952316284,0.8100000023841858,0.8449999988079071,0.8100000023841858,0.10428571701049805,0.5785446166992188,0.008512264117598534,0.4344748258590698,0.03428708389401436,0.43446841835975647,0.008512264117598534,0.07432316988706589,11.806662559509277,0.0001385098235554747,0.7439800793289993,5371.316345883779,0.00013851520161965296,linear-head cross-entropy Gauss-Newton/Hessian + trace damping,1.3226354756221542e-15,1.456384755027372e-16,0.07711823284626007,posthoc_after_source_selection_rule_defined,0.008512264117598534,0.07432316988706589,0.09226193279027939,0.0001385098235554747,0.7439800793289993,5371.316345883779,0.00013851520161965296,linear-head cross-entropy Gauss-Newton/Hessian + trace damping,0.0,0.0
9,UNPRECONDITIONED_GRAD_ALIGN,0.001,12,0.75,0.8799999952316284,0.8100000023841858,0.8449999988079071,0.8100000023841858,0.10428571701049805,0.4932495951652527,0.013301745988428593,0.39703625440597534,0.06415823101997375,0.3970206677913666,0.013301745057106018,0.06178376078605652,9.137547492980957,0.0002832063509594479,1.2296751389708163,4341.9758589626135,0.0002832172164749919,linear-head cross-entropy Gauss-Newton/Hessian + trace damping,5.880649163125657e-16,1.6049872615339841e-16,0.3543150722980499,posthoc_after_source_selection_rule_defined,0.013301745057106018,0.06178376078605652,0.115333192050457,0.0002832063509594479,1.2296751389708163,4341.9758589626135,0.0002832172164749919,linear-head cross-entropy Gauss-Newton/Hessian + trace damping,0.0,0.0
9,UNPRECONDITIONED_GRAD_ALIGN,0.001,16,1.0,0.8799999952316284,0.8100000023841858,0.8449999988079071,0.8100000023841858,0.10428571701049805,0.4586547613143921,0.025742225348949432,0.20856130123138428,0.16015233099460602,0.208684504032135,0.02574223093688488,0.06739551573991776,7.948178291320801,0.00046957170686888976,1.8864671207147197,4017.420754103153,0.0004696033501673038,linear-head cross-entropy Gauss-Newton/Hessian + trace damping,7.093224894809959e-16,3.9651773503204264e-16,0.9080221652984619,posthoc_after_source_selection_rule_defined,0.02574223093688488,0.06739551573991776,0.16044385731220245,0.00046957170686888976,1.8864671207147197,4017.420754103153,0.0004696033501673038,linear-head cross-entropy Gauss-Newton/Hessian + trace damping,0.0,0.0
9,LOCAL_RESPONSE,0.001,2,0.125,0.8774999976158142,0.8174999952316284,0.8474999964237213,0.8174999952316284,0.12999999523162842,0.67515629529953,0.07330094277858734,0.1954392045736313,7.2462897300720215,0.1955634355545044,0.007807878311723471,0.07330094277858734,13.709587097167969,8.217991770034946e-05,0.5357767295446947,6519.557874203328,8.218129910016036e-05,linear-head cross-entropy Gauss-Newton/Hessian + trace damping,0.0,2.0720887227603945e-16,0.0014369917334988713,posthoc_after_source_selection_rule_defined,0.007807878311723471,0.07330094277858734,13.709587097167969,8.217991770034946e-05,0.5357767295446947,6519.557874203328,8.218129910016036e-05,linear-head cross-entropy Gauss-Newton/Hessian + trace damping,0.0,0.0
9,LOCAL_RESPONSE,0.001,4,0.25,0.8799999952316284,0.8100000023841858,0.8449999988079071,0.8100000023841858,0.10571428388357162,0.6502674221992493,0.07389823347330093,0.285709947347641,6.868183135986328,0.2855294346809387,0.007726645562797785,0.07389823347330093,12.828871726989746,9.114163734197565e-05,0.577048105821493,6331.333544692983,9.114407763153201e-05,linear-head cross-entropy Gauss-Newton/Hessian + trace damping,1.8273278202227878e-16,1.9225751724760225e-16,0.008434130810201168,posthoc_after_source_selection_rule_defined,0.007726645562797785,0.07389823347330093,12.828871726989746,9.114163734197565e-05,0.577048105821493,6331.333544692983,9.114407763153201e-05,linear-head cross-entropy Gauss-Newton/Hessian + trace damping,0.0,0.0
9,LOCAL_RESPONSE,0.001,8,0.5,0.8799999952316284,0.8100000023841858,0.8449999988079071,0.8100000023841858,0.10428571701049805,0.5786658525466919,0.07349089533090591,0.4341466426849365,5.328106880187988,0.433700293302536,0.008532967418432236,0.07349089533090591,11.696439743041992,0.00013884513725355565,0.7469381887239666,5379.649611782414,0.00013885424161289296,linear-head cross-entropy Gauss-Newton/Hessian + trace damping,7.196760002577231e-16,0.0,0.07687491923570633,posthoc_after_source_selection_rule_defined,0.008532967418432236,0.07349089533090591,11.696439743041992,0.00013884513725355565,0.7469381887239666,5379.649611782414,0.00013885424161289296,linear-head cross-entropy Gauss-Newton/Hessian + trace damping,0.0,0.0
9,LOCAL_RESPONSE,0.001,12,0.75,0.8799999952316284,0.8100000023841858,0.8449999988079071,0.8100000023841858,0.10428571701049805,0.493367999792099,0.062491826713085175,0.3975229561328888,2.98321795463562,0.3971725106239319,0.013233765959739685,0.062491826713085175,9.071911811828613,0.00028237316616540337,1.225888252420109,4341.37658711533,0.0002823909606333032,linear-head cross-entropy Gauss-Newton/Hessian + trace damping,7.077426628577522e-16,9.658856744045475e-16,0.3539813160896301,posthoc_after_source_selection_rule_defined,0.013233765959739685,0.062491826713085175,9.071911811828613,0.00028237316616540337,1.225888252420109,4341.37658711533,0.0002823909606333032,linear-head cross-entropy Gauss-Newton/Hessian + trace damping,0.0,0.0
9,LOCAL_RESPONSE,0.001,16,1.0,0.8799999952316284,0.8100000023841858,0.8449999988079071,0.8100000023841858,0.10428571701049805,0.45883071422576904,0.06632711738348007,0.2122265249490738,2.849691152572632,0.2120337188243866,0.025774341076612473,0.06632711738348007,7.860544681549072,0.0004664088945498007,1.867819301762088,4004.6819938221656,0.00046644254674020255,linear-head cross-entropy Gauss-Newton/Hessian + trace damping,9.997808039427074e-16,1.1985934454575427e-15,0.9084764719009399,posthoc_after_source_selection_rule_defined,0.025774341076612473,0.06632711738348007,7.860544681549072,0.0004664088945498007,1.867819301762088,4004.6819938221656,0.00046644254674020255,linear-head cross-entropy Gauss-Newton/Hessian + trace damping,0.0,0.0
9,RANDOM_METRIC,0.001,2,0.125,0.8799999952316284,0.8075000047683716,0.84375,0.8075000047683716,0.13285714387893677,0.6764137744903564,85.09654235839844,0.1936766505241394,142.86370849609375,0.2859310209751129,0.0076664648950099945,0.07166560739278793,14.08404541015625,8.053343595966473e-05,0.5256529595326345,6527.139358562926,8.053393772997602e-05,linear-head cross-entropy Gauss-Newton/Hessian + trace damping,6.204220732248559e-16,0.0,0.0012318439548835158,posthoc_after_source_selection_rule_defined,0.0076664648950099945,0.07166560739278793,1001.8277587890625,8.053343595966473e-05,0.5256529595326345,6527.139358562926,8.053393772997602e-05,linear-head cross-entropy Gauss-Newton/Hessian + trace damping,6.204220732248559e-16,0.0
9,RANDOM_METRIC,0.001,4,0.25,0.8799999952316284,0.8100000023841858,0.8449999988079071,0.8100000023841858,0.10428571701049805,0.6530939936637878,73.77433776855469,0.2746570110321045,166.59593200683594,0.3613823652267456,0.007579623721539974,0.06900256872177124,13.234578132629395,8.836264602300776e-05,0.5622457503295759,6362.934742619399,8.836752515476705e-05,linear-head cross-entropy Gauss-Newton/Hessian + trace damping,9.423716937469265e-16,9.867596751300628e-16,0.0072684017941355705,posthoc_after_source_selection_rule_defined,0.007579623721539974,0.06900256872177124,884.996337890625,8.836264602300776e-05,0.5622457503295759,6362.934742619399,8.836752515476705e-05,linear-head cross-entropy Gauss-Newton/Hessian + trace damping,9.423716937469265e-16,9.867596751300628e-16
9,RANDOM_METRIC,0.001,8,0.5,0.8799999952316284,0.8100000023841858,0.8449999988079071,0.8100000023841858,0.10428571701049805,0.5905764698982239,53.02766036987305,0.40600845217704773,173.7573699951172,0.43845808506011963,0.007600331213325262,0.07817181199789047,13.426777839660645,0.00011759572509885439,0.6521809672902764,5545.958126811448,0.00011760427488526961,linear-head cross-entropy Gauss-Newton/Hessian + trace damping,9.913336586360218e-16,8.370292799765938e-16,0.059727102518081665,posthoc_after_source_selection_rule_defined,0.007600331213325262,0.07817181199789047,642.7138061523438,0.00011759572509885439,0.6521809672902764,5545.958126811448,0.00011760427488526961,linear-head cross-entropy Gauss-Newton/Hessian + trace damping,9.913336586360218e-16,8.370292799765938e-16
9,RANDOM_METRIC,0.001,12,0.75,0.8799999952316284,0.8100000023841858,0.8449999988079071,0.8100000023841858,0.10428571701049805,0.5111993551254272,36.717559814453125,0.43222910165786743,151.24713134765625,0.42118775844573975,0.009985423646867275,0.06641633808612823,10.44051742553711,0.00021783905800811518,0.9945815743100695,4565.671479689461,0.00021785010195647677,linear-head cross-entropy Gauss-Newton/Hessian + trace damping,1.6819374232995298e-15,8.175470204860266e-16,0.2601635158061981,posthoc_after_source_selection_rule_defined,0.009985423646867275,0.06641633808612823,389.6274719238281,0.00021783905800811518,0.9945815743100695,4565.671479689461,0.00021785010195647677,linear-head cross-entropy Gauss-Newton/Hessian + trace damping,1.6819374232995298e-15,8.175470204860266e-16
9,RANDOM_METRIC,0.001,16,1.0,0.8799999952316284,0.8100000023841858,0.8449999988079071,0.8100000023841858,0.10428571701049805,0.46035128831863403,30.291576385498047,0.3533373177051544,180.65223693847656,0.45029792189598083,0.014514773152768612,0.0684504508972168,8.672240257263184,0.0003720305284811888,1.6155002178693771,4342.386159718241,0.00037205639097726706,linear-head cross-entropy Gauss-Newton/Hessian + trace damping,0.0,7.328820198467395e-16,0.6367005705833435,posthoc_after_source_selection_rule_defined,0.014514773152768612,0.0684504508972168,269.50433349609375,0.0003720305284811888,1.6155002178693771,4342.386159718241,0.00037205639097726706,linear-head cross-entropy Gauss-Newton/Hessian + trace damping,0.0,7.328820198467395e-16
