G_repr,G_use,R_actual,R_core,R_head,R_probe,alpha,checkpoint,d_z,lr,momentum,optimizer,optimizer_config,preference_margin,q_hat,rho_bar,seed,shortcut_reliance,sigma_c,source_prefers_shortcut_predicted,source_risk
0.5347091940405868,0.10448666086240843,0.785876295487711,0.10500406526539778,0.6813896346253026,0.6397132593059845,1.0,0,2,0.05,0.0,sgd,sgd_fast,0.31796875,0.58203125,0.9,10,0.013701258345158753,0.0,True,0.757836430896747
0.5747088120573757,0.2381581837117417,0.9803933881597986,0.10500406526539778,0.7422352044480569,0.6797128773227734,1.0,100,2,0.05,0.0,sgd,sgd_fast,0.31357421875,0.58642578125,0.9,10,0.3114666169220668,0.0,True,0.4694599891880819
0.4730544993148394,0.9858693908046461,1.75809655804956,0.10500406526539778,0.7722271672449139,0.5780585645802372,1.0,250,2,0.05,0.0,sgd,sgd_fast,0.22080078125000002,0.67919921875,0.9,10,0.736986445202344,0.0,True,0.29414491207792115
0.4548817816236113,0.5077087899611923,1.3458595027794336,0.10500406526539778,0.8381507128182413,0.5598858468890091,1.0,500,2,0.05,0.0,sgd,sgd_fast,0.10800781250000002,0.7919921875,0.9,10,0.6490249383981509,0.0,True,0.21787653815874358
0.39831912736410574,0.04037946852831631,0.5437073945375224,0.10500406526539778,0.5033279260092061,0.5033231926295035,1.0,1000,2,0.05,0.0,sgd,sgd_fast,0.08554687500000002,0.814453125,0.9,10,0.314968485315553,0.0,True,0.09141369552108616
0.17459122409689226,-0.003218289496277227,0.28727948243744017,0.10500406526539778,0.2904977719337174,0.27959528936229006,1.0,2000,2,0.05,0.0,sgd,sgd_fast,-0.003808593749999978,0.90380859375,0.9,10,0.1571891982979724,0.0,False,0.038606037995749375
0.06734039168813465,-0.00997862500011587,0.18588978782296112,0.10500406526539778,0.195868412823077,0.17234445695353243,1.0,5000,2,0.05,0.0,sgd,sgd_fast,-0.04580078124999998,0.94580078125,0.9,10,0.08886809499499312,0.0,False,0.015047267173107327
0.5347091940405868,0.10448666086240843,0.785876295487711,0.10500406526539778,0.6813896346253026,0.6397132593059845,1.0,0,2,0.01,0.0,sgd,sgd_slow,0.31796875,0.58203125,0.9,10,0.013701258345158753,0.0,True,0.757836430896747
0.5698739321154729,0.05640940747586187,0.7554805373657265,0.10500406526539778,0.6990711298898646,0.6748779973808706,1.0,100,2,0.01,0.0,sgd,sgd_slow,0.3443359375,0.5556640625,0.9,10,0.027506668668413427,0.0,True,0.703465796149888
0.598534920708137,0.03222610358182354,0.769796923047464,0.10500406526539778,0.7375708194656405,0.7035389859735347,1.0,250,2,0.01,0.0,sgd,sgd_slow,0.339453125,0.560546875,0.9,10,0.0842646895436229,0.0,True,0.6282498672047686
0.5745446116235184,0.24294009872126443,0.9851502535448298,0.10500406526539778,0.7422101548235653,0.6795486768889162,1.0,500,2,0.01,0.0,sgd,sgd_slow,0.30966796875,0.59033203125,0.9,10,0.31552113565129103,0.0,True,0.46714796502555544
0.5039151324610859,0.9390363440024054,1.6967328914214606,0.10500406526539778,0.7576965474190551,0.6089191977264836,1.0,1000,2,0.01,0.0,sgd,sgd_slow,0.261328125,0.638671875,0.9,10,0.7082834730867554,0.0,True,0.30919548927686535
0.39852616430536264,0.7363871717241082,1.5587606000120044,0.10500406526539778,0.8223734282878963,0.5035302295707604,1.0,2000,2,0.01,0.0,sgd,sgd_slow,0.12070312500000002,0.779296875,0.9,10,0.7051481562241139,0.0,True,0.2508967864923345
0.3978329442990796,0.040296357104987135,0.5430695173562425,0.10500406526539778,0.5027731602512554,0.5028370095644774,1.0,5000,2,0.01,0.0,sgd,sgd_slow,0.08554687500000002,0.814453125,0.9,10,0.31461815264431414,0.0,True,0.09128468536956012
0.5347091940405868,0.10448666086240843,0.785876295487711,0.10500406526539778,0.6813896346253026,0.6397132593059845,1.0,0,2,0.05,0.9,sgd,sgd_momentum,0.31796875,0.58203125,0.9,10,0.013701258345158753,0.0,True,0.757836430896747
0.5331973378528213,0.09656553889360642,0.7774173627874068,0.10500406526539778,0.6808518238938004,0.638201403118219,1.0,100,2,0.05,0.9,sgd,sgd_momentum,0.17246093750000002,0.7275390625,0.9,10,0.43114289203043976,0.0,True,0.13429058585847337
0.14253937165563357,-0.001995208109300206,0.25567747815160285,0.10500406526539778,0.25767268626090306,0.24754343692103137,1.0,250,2,0.05,0.9,sgd,sgd_momentum,-0.016015624999999978,0.916015625,0.9,10,0.13595794815082227,0.0,False,0.031557284766739274
0.07072409854177507,-0.00287553789781525,0.190620412557168,0.10500406526539778,0.19349595045498325,0.17572816380717285,1.0,500,2,0.05,0.9,sgd,sgd_momentum,-0.04433593749999998,0.9443359375,0.9,10,0.08964640534963586,0.0,False,0.01523237583247829
0.04146772960736479,0.016062826439536326,0.17825026494894436,0.10500406526539778,0.16218743850940803,0.14647179487276257,1.0,1000,2,0.05,0.9,sgd,sgd_momentum,-0.05556640624999998,0.95556640625,0.9,10,0.07098593465785039,0.0,False,0.006694981728101005
0.03196553461625497,0.05323939613991399,0.1995565707962205,0.10500406526539778,0.1463171746563065,0.13696959988165275,1.0,2000,2,0.05,0.9,sgd,sgd_momentum,-0.05556640624999998,0.95556640625,0.9,10,0.06414553325674002,0.0,False,0.002530904687086685
0.03171057401455178,0.1226994831020978,0.2638028927413325,0.10500406526539778,0.1411034096392347,0.13671463927994956,1.0,5000,2,0.05,0.9,sgd,sgd_momentum,-0.05556640624999998,0.95556640625,0.9,10,0.0636804979768575,0.0,False,0.0006244769983211606
0.5347091940405868,0.10448666086240843,0.785876295487711,0.10500406526539778,0.6813896346253026,0.6397132593059845,1.0,0,2,0.003,0.0,adam,adam_default,0.31796875,0.58203125,0.9,10,0.013701258345158753,0.0,True,0.757836430896747
0.36187389995044966,0.6787291341445769,1.519762036308213,0.10500406526539778,0.841032902163636,0.46687796521584746,1.0,100,2,0.003,0.0,adam,adam_default,0.09238281250000002,0.8076171875,0.9,10,0.7008523317997981,0.0,True,0.25161652710961674
0.27938086536847245,0.04714217393087805,0.4643111088088123,0.10500406526539778,0.41716893487793427,0.38438493063387025,1.0,250,2,0.003,0.0,adam,adam_default,0.03134765625000002,0.86865234375,0.9,10,0.2719402872406357,0.0,True,0.0788565533478041
0.08005431491659189,0.03661462540608321,0.23162292228514722,0.10500406526539778,0.195008296879064,0.18505838018198967,1.0,500,2,0.003,0.0,adam,adam_default,-0.03603515624999998,0.93603515625,0.9,10,0.12261620032205166,0.0,False,0.03030235105363889
0.013528190038771676,0.034889657505197735,0.16158269750845106,0.10500406526539778,0.12669304000325332,0.11853225530416946,1.0,1000,2,0.003,0.0,adam,adam_default,-0.05800781249999998,0.9580078125,0.9,10,0.07008776694806748,0.0,False,0.011577245252887851
0.019799675261347807,0.0802887963236639,0.20571751363944918,0.10500406526539778,0.12542871731578528,0.12480374052674559,1.0,2000,2,0.003,0.0,adam,adam_default,-0.06093749999999998,0.9609375,0.9,10,0.06058029290277594,0.0,False,0.002740901949766713
0.03942179519592966,0.28155728608065966,0.43174127377715077,0.10500406526539778,0.1501839876964911,0.14442586046132744,1.0,5000,2,0.003,0.0,adam,adam_default,-0.05458984374999998,0.95458984375,0.9,10,0.06879238593029702,0.0,False,0.00013262658331730237
0.5347091940405868,0.10448666086240843,0.785876295487711,0.10500406526539778,0.6813896346253026,0.6397132593059845,1.0,0,2,0.001,0.0,adam,adam_slow,0.31796875,0.58203125,0.9,10,0.013701258345158753,0.0,True,0.757836430896747
0.5397593020088968,0.1742428953623989,0.928335416489705,0.10500406526539778,0.7540925211273061,0.6447633672742945,1.0,100,2,0.001,0.0,adam,adam_slow,0.26474609375,0.63525390625,0.9,10,0.25672392853256004,0.0,True,0.5011324813124698
0.33450443144400815,0.6264562193216687,1.4599157414650978,0.10500406526539778,0.8334595221434291,0.43950849670940595,1.0,250,2,0.001,0.0,adam,adam_slow,0.07041015625000002,0.82958984375,0.9,10,0.676578261218862,0.0,True,0.26097046513110644
0.4274480927912386,0.11178473442608339,0.7612277003436769,0.10500406526539778,0.6494429659175935,0.5324521580566364,1.0,500,2,0.001,0.0,adam,adam_slow,0.06406250000000002,0.8359375,0.9,10,0.43254838616150887,0.0,True,0.13394729240166772
0.12630377234387308,0.05571126615003391,0.3243819566298895,0.10500406526539778,0.2686706904798556,0.23130783760927084,1.0,1000,2,0.001,0.0,adam,adam_slow,-0.023828124999999978,0.923828125,0.9,10,0.18434797359325797,0.0,False,0.04963170589036032
0.014348956610154825,0.0428060743515532,0.1894389494512931,0.10500406526539778,0.1466328750997399,0.1193530218755526,1.0,2000,2,0.001,0.0,adam,adam_slow,-0.05996093749999998,0.9599609375,0.9,10,0.09164673379776395,0.0,False,0.018616322531386863
0.03205563006100433,0.17772302590008954,0.31794743792480507,0.10500406526539778,0.14022441202471553,0.1370596953264021,1.0,5000,2,0.001,0.0,adam,adam_slow,-0.05703124999999998,0.95703125,0.9,10,0.07292907719207116,0.0,False,0.0017387348839144577
0.529508799081152,0.05614728466586871,0.7416338259018321,0.09618203998683161,0.6854865412359634,0.6256908390679836,1.0,0,2,0.05,0.0,sgd,sgd_fast,0.28671875,0.61328125,0.9,11,0.01580741664484952,0.0,True,0.701567089477776
0.6052071761769864,0.27573245194038276,1.0523743743542964,0.09618203998683161,0.7766419224139136,0.701389216163818,1.0,100,2,0.05,0.0,sgd,sgd_fast,0.288671875,0.611328125,0.9,11,0.36095306592654974,0.0,True,0.4333932001352703
0.4321842160608137,0.9908050394717474,1.8083610658235347,0.09618203998683161,0.8175560263517874,0.5283662560476453,1.0,250,2,0.05,0.0,sgd,sgd_fast,0.15195312500000002,0.748046875,0.9,11,0.7667566720309822,0.0,True,0.25511799863710094
0.4852273646896632,0.48258192651011544,1.3524707942255068,0.09618203998683161,0.8698888677153913,0.5814094046764948,1.0,500,2,0.05,0.0,sgd,sgd_fast,0.11240234375000002,0.78759765625,0.9,11,0.6593446727540864,0.0,True,0.18622678609144516
0.42836833050655954,0.04795791466732591,0.5866644133571759,0.09618203998683161,0.53870649868985,0.5245503704933911,1.0,1000,2,0.05,0.0,sgd,sgd_fast,0.11142578125000002,0.78857421875,0.9,11,0.3370515581454141,0.0,True,0.08849861539775325
0.18706080979201123,-0.005937956455831672,0.29059226741822847,0.09618203998683161,0.29653022387406014,0.28324284977884284,1.0,2000,2,0.05,0.0,sgd,sgd_fast,-0.0018554687499999778,0.90185546875,0.9,11,0.17293870889607926,0.0,False,0.04151102645019299
0.07307642702161787,-0.008151090472746758,0.18182752977844469,0.09618203998683161,0.18997862025119144,0.1692584670084495,1.0,5000,2,0.05,0.0,sgd,sgd_fast,-0.04189453124999998,0.94189453125,0.9,11,0.0979013813966838,0.0,False,0.01732170088734141
0.529508799081152,0.05614728466586871,0.7416338259018321,0.09618203998683161,0.6854865412359634,0.6256908390679836,1.0,0,2,0.01,0.0,sgd,sgd_slow,0.28671875,0.61328125,0.9,11,0.01580741664484952,0.0,True,0.701567089477776
0.6302573075298652,0.019068596386583758,0.7513600675995413,0.09618203998683161,0.7322914712129576,0.7264393475166968,1.0,100,2,0.01,0.0,sgd,sgd_slow,0.31015625,0.58984375,0.9,11,0.04432944529763144,0.0,True,0.6641250207939873
0.6522595437585507,0.0370498169139426,0.8041686306857605,0.09618203998683161,0.7671188137718179,0.7484415837453823,1.0,250,2,0.01,0.0,sgd,sgd_slow,0.323828125,0.576171875,0.9,11,0.11676461744157164,0.0,True,0.5999848323415351
0.6024239385710783,0.27883143418797607,1.055561394249511,0.09618203998683161,0.7767299600615349,0.69860597855791,1.0,500,2,0.01,0.0,sgd,sgd_slow,0.28232421875,0.61767578125,0.9,11,0.3635630190524639,0.0,True,0.4318864911391881
0.49151909721410936,0.976346314195162,1.7736880757418898,0.09618203998683161,0.7973417615467278,0.587701137200941,1.0,1000,2,0.01,0.0,sgd,sgd_slow,0.19052734375000002,0.70947265625,0.9,11,0.7461125863166984,0.0,True,0.2702219894538811
0.39860560405319256,0.7092438859658672,1.575635747585058,0.09618203998683161,0.8663918616191908,0.4947876440400242,1.0,2000,2,0.01,0.0,sgd,sgd_slow,0.10800781250000002,0.7919921875,0.9,11,0.7240484975287274,0.0,True,0.21482111161798367
0.42802527274873325,0.04780832289907333,0.5862972015982078,0.09618203998683161,0.5384888786991344,0.5242073127355649,1.0,5000,2,0.01,0.0,sgd,sgd_slow,0.11142578125000002,0.78857421875,0.9,11,0.3368502092199681,0.0,True,0.08844340974478417
0.529508799081152,0.05614728466586871,0.7416338259018321,0.09618203998683161,0.6854865412359634,0.6256908390679836,1.0,0,2,0.05,0.9,sgd,sgd_momentum,0.28671875,0.61328125,0.9,11,0.01580741664484952,0.0,True,0.701567089477776
0.524243114308613,0.10678815627891158,0.7573825162585461,0.09618203998683161,0.6505943599796346,0.6204251542954446,1.0,100,2,0.05,0.9,sgd,sgd_momentum,0.17099609375000002,0.72900390625,0.9,11,0.4193671304174225,0.0,True,0.11222745974667594
0.15149208523700483,0.0002587376873210423,0.25732017371643834,0.09618203998683161,0.2570614360291173,0.24767412522383644,1.0,250,2,0.05,0.9,sgd,sgd_momentum,-0.014550781249999978,0.91455078125,0.9,11,0.15009242931298117,0.0,False,0.034008647789753446
0.07559324328359929,4.3962064742469886e-05,0.18707628139991478,0.09618203998683161,0.1870323193351723,0.1717752832704309,1.0,500,2,0.05,0.9,sgd,sgd_momentum,-0.04091796874999998,0.94091796875,0.9,11,0.0987032596835309,0.0,False,0.01763662686892324
0.03656439815165527,0.012565751288081572,0.16067911502420984,0.09618203998683161,0.14811336373612827,0.13274643813848688,1.0,1000,2,0.05,0.9,sgd,sgd_momentum,-0.05068359374999998,0.95068359375,0.9,11,0.07538025149959976,0.0,False,0.008899824003521553
0.017298254587178874,0.03243297896344316,0.15896200851789305,0.09618203998683161,0.1265290295544499,0.11348029457401049,1.0,2000,2,0.05,0.9,sgd,sgd_momentum,-0.05849609374999998,0.95849609375,0.9,11,0.06565712289658356,0.0,False,0.003914474209866683
0.015838508228018466,0.0964157307780902,0.21580050931746206,0.09618203998683161,0.11938477853937186,0.11202054821485008,1.0,5000,2,0.05,0.9,sgd,sgd_momentum,-0.05751953124999998,0.95751953125,0.9,11,0.06558744051911208,0.0,False,0.0011069118103057226
0.529508799081152,0.05614728466586871,0.7416338259018321,0.09618203998683161,0.6854865412359634,0.6256908390679836,1.0,0,2,0.003,0.0,adam,adam_default,0.28671875,0.61328125,0.9,11,0.01580741664484952,0.0,True,0.701567089477776
0.4113214605421258,0.6710712326801731,1.5550843672836165,0.09618203998683161,0.8840131346034434,0.5075035005289574,1.0,100,2,0.003,0.0,adam,adam_default,0.09433593750000002,0.8056640625,0.9,11,0.7123244113198068,0.0,True,0.22291003949389734
0.21329688447181328,-0.010477429288542006,0.4805045799534366,0.09618203998683161,0.4909820092419786,0.3094789244586449,1.0,250,2,0.003,0.0,adam,adam_default,9.76562500000222e-05,0.89990234375,0.9,11,0.28635847075005094,0.0,True,0.07125664468553397
0.09159733602727033,-0.031897893080775286,0.24905977961789727,0.09618203998683161,0.28095767269867256,0.18777937601410194,1.0,500,2,0.003,0.0,adam,adam_default,-0.03603515624999998,0.93603515625,0.9,11,0.14628868646911064,0.0,False,0.029872418667582126
0.04547236024959056,-0.0019079328459947753,0.19856592524540928,0.09618203998683161,0.20047385809140406,0.14165440023642217,1.0,1000,2,0.003,0.0,adam,adam_default,-0.05068359374999998,0.95068359375,0.9,11,0.09458325859575428,0.0,False,0.01078488827775776
0.026688807507718806,0.07268303402400977,0.24256761660823278,0.09618203998683161,0.169884582584223,0.12287084749455042,1.0,2000,2,0.003,0.0,adam,adam_default,-0.05263671874999998,0.95263671875,0.9,11,0.07804700654463534,0.0,False,0.0026689482234422924
0.00969942701581479,0.2877051483491561,0.449903368358884,0.09618203998683161,0.1621982200097279,0.1058814670026464,1.0,5000,2,0.003,0.0,adam,adam_default,-0.06142578124999998,0.96142578125,0.9,11,0.07498460515972828,0.0,False,0.00010910163850834704
0.529508799081152,0.05614728466586871,0.7416338259018321,0.09618203998683161,0.6854865412359634,0.6256908390679836,1.0,0,2,0.001,0.0,adam,adam_slow,0.28671875,0.61328125,0.9,11,0.01580741664484952,0.0,True,0.701567089477776
0.6100204279042369,0.19477725566708637,0.9906580879698663,0.09618203998683161,0.79588083230278,0.7062024678910686,1.0,100,2,0.001,0.0,adam,adam_slow,0.24521484375000002,0.65478515625,0.9,11,0.27059438681282877,0.0,True,0.49752512091898166
0.3659271369866688,0.6311084501077875,1.5042172927046922,0.09618203998683161,0.8731088425969047,0.4621091769735004,1.0,250,2,0.001,0.0,adam,adam_slow,0.08798828125000002,0.81201171875,0.9,11,0.6860456153517314,0.0,True,0.2400719803606085
0.3568329811142324,0.06250274335364392,0.7714143052809752,0.09618203998683161,0.7089115619273313,0.453015021101064,1.0,500,2,0.001,0.0,adam,adam_slow,0.024023437500000022,0.8759765625,0.9,11,0.4364525194323016,0.0,True,0.11756409818547467
0.1546496427156483,-0.025569551481621877,0.3391755407772242,0.09618203998683161,0.3647450922588461,0.2508316827024799,1.0,1000,2,0.001,0.0,adam,adam_slow,-0.014550781249999978,0.91455078125,0.9,11,0.20467397334311666,0.0,False,0.047242175693142104
0.07478543087853318,-0.006377861299887322,0.2129322636277753,0.09618203998683161,0.2193101249276626,0.1709674708653648,1.0,2000,2,0.001,0.0,adam,adam_slow,-0.04335937499999998,0.943359375,0.9,11,0.11008528156301264,0.0,False,0.016929180810029948
0.03851260924501598,0.11285871018742089,0.2707816118848768,0.09618203998683161,0.15792290169745593,0.1346946492318476,1.0,5000,2,0.001,0.0,adam,adam_slow,-0.04873046874999998,0.94873046875,0.9,11,0.07808208968497085,0.0,False,0.0015246121403497865
0.5864133548644194,0.010712006257601714,0.7166305025923377,0.10857903828538698,0.705918496334736,0.6949923931498063,1.0,0,2,0.05,0.0,sgd,sgd_fast,0.323828125,0.576171875,0.9,12,0.009992753779081107,0.0,True,0.7061265493237393
0.5256547715629986,0.23782798816981598,0.9738559988013138,0.10857903828538698,0.7360280106314978,0.6342338098483855,1.0,100,2,0.05,0.0,sgd,sgd_fast,0.2515625,0.6484375,0.9,12,0.2909646938683681,0.0,True,0.48788518693149036
0.47998659030092594,0.7065814445406398,1.4443914366596513,0.10857903828538698,0.7378099921190115,0.5885656285863129,1.0,250,2,0.05,0.0,sgd,sgd_fast,0.20273437500000002,0.697265625,0.9,12,0.5905624751330425,0.0,True,0.34576127685675656
0.46270276700714097,0.5842961054364866,1.3565111948958446,0.10857903828538698,0.772215089459358,0.5712818052925279,1.0,500,2,0.05,0.0,sgd,sgd_fast,0.13828125000000002,0.76171875,0.9,12,0.6175711628982444,0.0,True,0.26391909751667847
0.42459370642349314,0.06690046198183164,0.6959777571204602,0.10857903828538698,0.6290772951386285,0.5331727447088801,1.0,1000,2,0.05,0.0,sgd,sgd_fast,0.07919921875000002,0.82080078125,0.9,12,0.3653757056230539,0.0,True,0.13439926859371298
0.17354053904235608,-0.11195916156430485,0.33563894473423905,0.10857903828538698,0.4475981062985439,0.28211957732774307,1.0,2000,2,0.05,0.0,sgd,sgd_fast,-0.014550781249999978,0.91455078125,0.9,12,0.17717227705110697,0.0,False,0.06066600030809102
0.04822198384533968,-0.18506911448715385,0.18247348246373546,0.10857903828538698,0.3675425969508893,0.15680102213072666,1.0,5000,2,0.05,0.0,sgd,sgd_fast,-0.05166015624999998,0.95166015625,0.9,12,0.09474418896599307,0.0,False,0.023165935420742398
0.5864133548644194,0.010712006257601714,0.7166305025923377,0.10857903828538698,0.705918496334736,0.6949923931498063,1.0,0,2,0.01,0.0,sgd,sgd_slow,0.323828125,0.576171875,0.9,12,0.009992753779081107,0.0,True,0.7061265493237393
0.5915164794302664,-0.0010354887263069879,0.7194620166714097,0.10857903828538698,0.7204975053977167,0.7000955177156534,1.0,100,2,0.01,0.0,sgd,sgd_slow,0.32041015625,0.57958984375,0.9,12,0.029287766133856932,0.0,True,0.6754043394537219
0.5746402841071945,0.02365305072668278,0.7576940177735174,0.10857903828538698,0.7340409670468346,0.6832193223925814,1.0,250,2,0.01,0.0,sgd,sgd_slow,0.276953125,0.623046875,0.9,12,0.08786788431467998,0.0,True,0.6175642397755319
0.524040503828143,0.24012496766984637,0.9761266174284975,0.10857903828538698,0.7360016497586511,0.63261954211353,1.0,500,2,0.01,0.0,sgd,sgd_slow,0.2505859375,0.6494140625,0.9,12,0.2928987951273182,0.0,True,0.48677240236280733
0.4993689895051242,0.6486155458272045,1.3823210202874179,0.10857903828538698,0.7337054744602134,0.6079480277905112,1.0,1000,2,0.01,0.0,sgd,sgd_slow,0.21689453125000002,0.68310546875,0.9,12,0.5458803175211324,0.0,True,0.3711257060049588
0.4474418891770612,0.6896528628173135,1.445984262672027,0.10857903828538698,0.7563313998547134,0.5560209274624481,1.0,2000,2,0.01,0.0,sgd,sgd_slow,0.14902343750000002,0.7509765625,0.9,12,0.6325877370120874,0.0,True,0.29361168458030834
0.42393256275724434,0.06660340878352988,0.6954319670700986,0.10857903828538698,0.6288285582865687,0.5325116010426313,1.0,5000,2,0.01,0.0,sgd,sgd_slow,0.07871093750000002,0.8212890625,0.9,12,0.3650976394030959,0.0,True,0.13430173993472322
0.5864133548644194,0.010712006257601714,0.7166305025923377,0.10857903828538698,0.705918496334736,0.6949923931498063,1.0,0,2,0.05,0.9,sgd,sgd_momentum,0.323828125,0.576171875,0.9,12,0.009992753779081107,0.0,True,0.7061265493237393
0.5227051952787513,0.227922611986227,0.944511239023158,0.10857903828538698,0.716588627036931,0.6312842335641382,1.0,100,2,0.05,0.9,sgd,sgd_momentum,0.12167968750000002,0.7783203125,0.9,12,0.47513002085226064,0.0,True,0.17667519731151843
0.13846577120120665,-0.13454130498582717,0.2864592292246789,0.10857903828538698,0.4210005342105061,0.24704480948659363,1.0,250,2,0.05,0.9,sgd,sgd_momentum,-0.03212890624999998,0.93212890625,0.9,12,0.15002600052959392,0.0,False,0.05018518484497291
0.04251561472281626,-0.18579690442385777,0.18005985491253157,0.10857903828538698,0.36585675933638934,0.15109465300820324,1.0,500,2,0.05,0.9,sgd,sgd_momentum,-0.05556640624999998,0.95556640625,0.9,12,0.09333524010895729,0.0,False,0.023473489684479713
0.006818935346281613,-0.1943941730980927,0.1495596551682411,0.10857903828538698,0.3439538282663338,0.1153979736316686,1.0,1000,2,0.05,0.9,sgd,sgd_momentum,-0.06728515624999998,0.96728515625,0.9,12,0.07067708596156713,0.0,False,0.010073717566052184
0.0021746634538770404,-0.18774484426040416,0.15542120982026975,0.10857903828538698,0.3431660540806739,0.11075370173926402,1.0,2000,2,0.05,0.9,sgd,sgd_momentum,-0.07167968749999998,0.9716796875,0.9,12,0.059964200153088065,0.0,False,0.004059846686505793
0.00671036796426748,-0.17032735235225704,0.1743821723440534,0.10857903828538698,0.34470952469631044,0.11528940624965446,1.0,5000,2,0.05,0.9,sgd,sgd_momentum,-0.06679687499999998,0.966796875,0.9,12,0.053428037432321704,0.0,False,0.0012027411473791382
0.5864133548644194,0.010712006257601714,0.7166305025923377,0.10857903828538698,0.705918496334736,0.6949923931498063,1.0,0,2,0.003,0.0,adam,adam_default,0.323828125,0.576171875,0.9,12,0.009992753779081107,0.0,True,0.7061265493237393
0.5057276218574891,0.5213451152168881,1.2876902360762568,0.10857903828538698,0.7663451208593687,0.614306660142876,1.0,100,2,0.003,0.0,adam,adam_default,0.19296875000000002,0.70703125,0.9,12,0.4805525165814239,0.0,True,0.3866094785131303
0.22248350829099459,-0.053661671595630955,0.4992986419612774,0.10857903828538698,0.5529603135569083,0.33106254657638157,1.0,250,2,0.003,0.0,adam,adam_default,0.003515625000000022,0.896484375,0.9,12,0.18691761140407234,0.0,True,0.19950624968860922
0.08523999977297123,-0.17830774779711406,0.2680940068693494,0.10857903828538698,0.4464017546664635,0.1938190380583582,1.0,500,2,0.003,0.0,adam,adam_default,-0.04580078124999998,0.94580078125,0.9,12,0.09787265806950375,0.0,False,0.10639825540508058
0.025351655911258014,-0.2564125053799743,0.16336924755087123,0.10857903828538698,0.4197817529308455,0.133930694196645,1.0,1000,2,0.003,0.0,adam,adam_default,-0.06728515624999998,0.96728515625,0.9,12,0.062330428752009906,0.0,False,0.04508525088355228
0.016701119220686927,-0.2535801388264446,0.16022812236307157,0.10857903828538698,0.4138082611895162,0.1252801575060739,1.0,2000,2,0.003,0.0,adam,adam_default,-0.07265624999999998,0.97265625,0.9,12,0.05120895159197618,0.0,False,0.014376177122062888
0.018530346418589555,-0.15935983931282233,0.25129001453155886,0.10857903828538698,0.4106498538443812,0.12710938470397654,1.0,5000,2,0.003,0.0,adam,adam_default,-0.07119140624999998,0.97119140625,0.9,12,0.04758689606491687,0.0,False,0.0018714267713391044
0.5864133548644194,0.010712006257601714,0.7166305025923377,0.10857903828538698,0.705918496334736,0.6949923931498063,1.0,0,2,0.001,0.0,adam,adam_slow,0.323828125,0.576171875,0.9,12,0.009992753779081107,0.0,True,0.7061265493237393
0.5238200403841252,0.12562806403154558,0.8587836022177223,0.10857903828538698,0.7331555381861767,0.6323990786695122,1.0,100,2,0.001,0.0,adam,adam_slow,0.22617187500000002,0.673828125,0.9,12,0.1940821575385579,0.0,True,0.5439730845916423
0.46499717404175633,0.5391081688182111,1.291625925558484,0.10857903828538698,0.752517756740273,0.5735762123271433,1.0,250,2,0.001,0.0,adam,adam_slow,0.16660156250000002,0.7333984375,0.9,12,0.47761414306606986,0.0,True,0.391369626381811
0.44921971553078055,0.04695988570951681,0.7428745646024062,0.10857903828538698,0.6959146788928894,0.5577987538161675,1.0,500,2,0.001,0.0,adam,adam_slow,0.09775390625000002,0.80224609375,0.9,12,0.2975329751732914,0.0,True,0.2642447811560645
0.18984565784880167,-0.10762669731543129,0.37447085797493856,0.10857903828538698,0.48209755529036985,0.29842469613418865,1.0,1000,2,0.001,0.0,adam,adam_slow,-0.0013671874999999778,0.9013671875,0.9,12,0.13852894425624204,0.0,False,0.15088940090213335
0.056584331819896,-0.21869339205282573,0.20510010400114564,0.10857903828538698,0.4237934960539714,0.16516337010528298,1.0,2000,2,0.001,0.0,adam,adam_slow,-0.05361328124999998,0.95361328125,0.9,12,0.07622671166940428,0.0,False,0.07203291601607206
0.0272608658420275,-0.2303028239495345,0.175997876765153,0.10857903828538698,0.4063007007146875,0.13583990412741448,1.0,5000,2,0.001,0.0,adam,adam_slow,-0.06874999999999998,0.96875,0.9,12,0.0550483483202988,0.0,False,0.013597186757386295
0.4485898505160713,0.011365837891089248,0.689819218224189,0.10500406526539778,0.6784533803330998,0.5535939157814691,1.0,0,8,0.05,0.0,sgd,sgd_fast,0.22763671875000002,0.67236328125,0.9,10,0.025204764031879226,0.0,True,0.7293265805667417
0.5147149926538824,0.014950879684158203,0.704309175102242,0.10500406526539778,0.6893582954180838,0.6197190579192802,1.0,100,8,0.05,0.0,sgd,sgd_fast,0.261328125,0.638671875,0.9,10,0.017663126285896273,0.0,True,0.6781046893121323
0.5138427797939368,0.4224667476417381,1.1397531044044351,0.10500406526539778,0.717286356762697,0.6188468450593345,1.0,250,8,0.05,0.0,sgd,sgd_fast,0.24667968750000002,0.6533203125,0.9,10,0.3994141064485547,0.0,True,0.4441516633793867
0.41536276039782566,0.9272555096216857,1.6709210186420316,0.10500406526539778,0.7436655090203459,0.5203668256632235,1.0,500,8,0.05,0.0,sgd,sgd_fast,0.14951171875000002,0.75048828125,0.9,10,0.7261412053229308,0.0,True,0.29126689246308746
0.25687149813197224,0.16103077425787693,0.8219519325941107,0.10500406526539778,0.6609211583362338,0.36187556339737004,1.0,1000,8,0.05,0.0,sgd,sgd_fast,0.018652343750000022,0.88134765625,0.9,10,0.4457382490975119,0.0,True,0.13676310792602697
0.11005911637413164,-0.026289893987928692,0.32959227716761486,0.10500406526539778,0.35588217115554355,0.21506318163952942,1.0,2000,8,0.05,0.0,sgd,sgd_fast,-0.03408203124999998,0.93408203125,0.9,10,0.17718361988869735,0.0,False,0.04616525491748366
0.032389394506770544,-0.03372366058772547,0.18884776002942527,0.10500406526539778,0.22257142061715074,0.13739345977216832,1.0,5000,8,0.05,0.0,sgd,sgd_fast,-0.05703124999999998,0.95703125,0.9,10,0.08737960028060429,0.0,False,0.017251287298289928
0.4485898505160713,0.011365837891089248,0.689819218224189,0.10500406526539778,0.6784533803330998,0.5535939157814691,1.0,0,8,0.01,0.0,sgd,sgd_slow,0.22763671875000002,0.67236328125,0.9,10,0.025204764031879226,0.0,True,0.7293265805667417
0.42770146858605923,0.029636430735994646,0.6958959995327535,0.10500406526539778,0.6662595687967588,0.532705533851457,1.0,100,8,0.01,0.0,sgd,sgd_slow,0.23740234375000002,0.66259765625,0.9,10,0.010259468908557041,0.0,True,0.7110357805018847
0.44715062344522044,0.03193151852441822,0.6973529271959511,0.10500406526539778,0.6654214086715329,0.5521546887106182,1.0,250,8,0.01,0.0,sgd,sgd_slow,0.2525390625,0.6474609375,0.9,10,0.005883802527913661,0.0,True,0.6967754097896417
0.5120171343908698,0.014720830914159988,0.7045795137433786,0.10500406526539778,0.6898586828292186,0.6170211996562676,1.0,500,8,0.01,0.0,sgd,sgd_slow,0.26474609375,0.63525390625,0.9,10,0.018014460954538708,0.0,True,0.6777935317892131
0.5283611500809636,0.1869349001306586,0.9029056598921283,0.10500406526539778,0.7159707597614697,0.6333652153463614,1.0,1000,8,0.01,0.0,sgd,sgd_slow,0.24765625000000002,0.65234375,0.9,10,0.22855183223629927,0.0,True,0.5335626818972925
0.4930369582035565,0.8767648535684076,1.600218698437304,0.10500406526539778,0.7234538448688963,0.5980410234689543,1.0,2000,8,0.01,0.0,sgd,sgd_slow,0.21738281250000002,0.6826171875,0.9,10,0.6762081255234629,0.0,True,0.3216317683335357
0.2558902697370709,0.15909651852809503,0.8182191262154237,0.10500406526539778,0.6591226076873287,0.3608943350024687,1.0,5000,8,0.01,0.0,sgd,sgd_slow,0.018652343750000022,0.88134765625,0.9,10,0.44405200838127135,0.0,True,0.1360575636223531
0.4485898505160713,0.011365837891089248,0.689819218224189,0.10500406526539778,0.6784533803330998,0.5535939157814691,1.0,0,8,0.05,0.9,sgd,sgd_momentum,0.22763671875000002,0.67236328125,0.9,10,0.025204764031879226,0.0,True,0.7293265805667417
0.3722376182099504,0.7020711792065479,1.465546025880821,0.10500406526539778,0.7634748466742731,0.4772416834753482,1.0,100,8,0.05,0.9,sgd,sgd_momentum,0.12949218750000002,0.7705078125,0.9,10,0.6759912001081971,0.0,True,0.26195716738425423
0.07189999358217426,-0.040808500257962066,0.32457929183107426,0.10500406526539778,0.3653877920890363,0.17690405884757204,1.0,250,8,0.05,0.9,sgd,sgd_momentum,-0.04384765624999998,0.94384765625,0.9,10,0.1712531770555552,0.0,False,0.05450798547501462
0.027736986233644942,-0.03935486757785689,0.19526962142852916,0.10500406526539778,0.23462448900638605,0.13274105149904272,1.0,500,8,0.05,0.9,sgd,sgd_momentum,-0.06240234374999998,0.96240234375,0.9,10,0.09215303583820506,0.0,False,0.019031218128261876
0.013961056822135845,-0.017119453655625838,0.17391332956444017,0.10500406526539778,0.191032783220066,0.11896512208753363,1.0,1000,8,0.05,0.9,sgd,sgd_momentum,-0.06386718749999998,0.9638671875,0.9,10,0.06948095196062568,0.0,False,0.008325597475503842
0.0075860444253034315,0.021831595789008174,0.1931907223919035,0.10500406526539778,0.17135912660289532,0.11259010969070121,1.0,2000,8,0.05,0.9,sgd,sgd_momentum,-0.06484374999999998,0.96484375,0.9,10,0.06245610634428961,0.0,False,0.0032253212378546767
0.005218668433215112,0.08810582803489503,0.2479759128843265,0.10500406526539778,0.15987008484943147,0.11022273369861289,1.0,5000,8,0.05,0.9,sgd,sgd_momentum,-0.06289062499999998,0.962890625,0.9,10,0.05918733320251282,0.0,False,0.0007454306655727038
0.4485898505160713,0.011365837891089248,0.689819218224189,0.10500406526539778,0.6784533803330998,0.5535939157814691,1.0,0,8,0.003,0.0,adam,adam_default,0.22763671875000002,0.67236328125,0.9,10,0.025204764031879226,0.0,True,0.7293265805667417
0.2622552332222413,0.5941872310939705,1.4028914440500422,0.10500406526539778,0.8087042129560716,0.3672592984876391,1.0,100,8,0.003,0.0,adam,adam_default,0.06015625000000002,0.83984375,0.9,10,0.6727412697831154,0.0,True,0.23649915552598177
0.12768466538668788,0.032030837007235746,0.3432938558889551,0.10500406526539778,0.31126301888171937,0.23268873065208567,1.0,250,8,0.003,0.0,adam,adam_default,-0.027246093749999978,0.92724609375,0.9,10,0.19496227632167049,0.0,False,0.051298218104738086
0.04195263835074238,0.0136022625246138,0.20035401423376387,0.10500406526539778,0.18675175170915007,0.14695670361614016,1.0,500,8,0.003,0.0,adam,adam_default,-0.05703124999999998,0.95703125,0.9,10,0.09592722583801477,0.0,False,0.01783401927426655
0.013376956072855842,0.040718348838027496,0.19172296918094772,0.10500406526539778,0.15100462034292023,0.11838102133825362,1.0,1000,8,0.003,0.0,adam,adam_default,-0.06044921874999998,0.96044921875,0.9,10,0.06757595672952837,0.0,False,0.004992002284043152
0.01042384185271629,0.13781614035667378,0.2821730251317819,0.10500406526539778,0.1443568847751081,0.11542790711811407,1.0,2000,8,0.003,0.0,adam,adam_default,-0.06289062499999998,0.962890625,0.9,10,0.06359609491029299,0.0,False,0.0008977460032010738
-0.012854179837129623,0.32693369317026394,0.4719541689750815,0.10500406526539778,0.14502047580481758,0.09214988542826816,1.0,5000,8,0.003,0.0,adam,adam_default,-0.07607421874999998,0.97607421875,0.9,10,0.06408547190606151,0.0,False,4.139539695681877e-05
0.4485898505160713,0.011365837891089248,0.689819218224189,0.10500406526539778,0.6784533803330998,0.5535939157814691,1.0,0,8,0.001,0.0,adam,adam_slow,0.22763671875000002,0.67236328125,0.9,10,0.025204764031879226,0.0,True,0.7293265805667417
0.41655139575501215,0.3241604560747682,1.0335113931118327,0.10500406526539778,0.7093509370370645,0.52155546102041,1.0,100,8,0.001,0.0,adam,adam_slow,0.16269531250000002,0.7373046875,0.9,10,0.3473861357911887,0.0,True,0.46105236680177675
0.22450158960825456,0.6513720977891595,1.413725818604206,0.10500406526539778,0.7623537208150466,0.32950565487365235,1.0,250,8,0.001,0.0,adam,adam_slow,0.05136718750000002,0.8486328125,0.9,10,0.6759230322609561,0.0,True,0.23696904679498224
0.1787993162742384,0.05372116303498653,0.5284201659700094,0.10500406526539778,0.4746990029350229,0.2838033815396362,1.0,500,8,0.001,0.0,adam,adam_slow,-0.015039062499999978,0.9150390625,0.9,10,0.3065757194160119,0.0,False,0.08780049179691574
0.051828719100101325,-0.0016166902403172978,0.2339851873925372,0.10500406526539778,0.2356018776328545,0.1568327843654991,1.0,1000,8,0.001,0.0,adam,adam_slow,-0.05312499999999998,0.953125,0.9,10,0.12307175513986719,0.0,False,0.027519789088258854
0.001757659166718148,0.028845682705698816,0.1954037547634217,0.10500406526539778,0.16655807205772288,0.10676172443211593,1.0,2000,8,0.001,0.0,adam,adam_slow,-0.06582031249999998,0.9658203125,0.9,10,0.07512214386480429,0.0,False,0.006369722042081957
0.0006474262061926667,0.20177912160353925,0.3635915521633478,0.10500406526539778,0.16181243055980857,0.10565149147159045,1.0,5000,8,0.001,0.0,adam,adam_slow,-0.06533203124999998,0.96533203125,0.9,10,0.06920690935162724,0.0,False,0.00025093545558220107
0.42228753208168013,0.05697744077473588,0.7023135260139137,0.09618203998683161,0.6453360852391778,0.5184695720685117,1.0,0,8,0.05,0.0,sgd,sgd_fast,0.21201171875000002,0.68798828125,0.9,11,0.014676976865750447,0.0,True,0.7158807542733305
0.4309307547254858,0.07636465659448088,0.7874833364369473,0.09618203998683161,0.7111186798424665,0.5271127947123174,1.0,100,8,0.05,0.0,sgd,sgd_fast,0.17246093750000002,0.7275390625,0.9,11,0.09420675554033357,0.0,True,0.6193091226411376
0.3743864510648719,0.8734814651500622,1.6346302020018388,0.09618203998683161,0.7611487368517766,0.4705684910517035,1.0,250,8,0.05,0.0,sgd,sgd_fast,0.12363281250000002,0.7763671875,0.9,11,0.6680825398997845,0.0,True,0.3049906185648883
0.20956650652051012,0.7860069966238931,1.596669921274966,0.09618203998683161,0.8106629246510729,0.30574854650734173,1.0,500,8,0.05,0.0,sgd,sgd_fast,0.030371093750000022,0.86962890625,0.9,11,0.7288398906322182,0.0,True,0.2199798921740862
0.23934794617040578,0.19019357387322433,0.6874985968838608,0.09618203998683161,0.4973050230106365,0.3355299861572374,1.0,1000,8,0.05,0.0,sgd,sgd_fast,0.020117187500000022,0.8798828125,0.9,11,0.3909187926323482,0.0,True,0.10060594966594914
0.08657624170862252,0.053285604026747646,0.31552719212198266,0.09618203998683161,0.262241588095235,0.18275828169545413,1.0,2000,8,0.05,0.0,sgd,sgd_fast,-0.03408203124999998,0.93408203125,0.9,11,0.19040935092385622,0.0,False,0.044396431435517705
0.024022674526964147,0.0020352410072757565,0.18750947158167944,0.09618203998683161,0.18547423057440368,0.12020471451379576,1.0,5000,8,0.05,0.0,sgd,sgd_fast,-0.05605468749999998,0.9560546875,0.9,11,0.10565422114514994,0.0,False,0.018314458825098037
0.42228753208168013,0.05697744077473588,0.7023135260139137,0.09618203998683161,0.6453360852391778,0.5184695720685117,1.0,0,8,0.01,0.0,sgd,sgd_slow,0.21201171875000002,0.68798828125,0.9,11,0.014676976865750447,0.0,True,0.7158807542733305
0.39439641473807086,0.0718486755219806,0.7081690143632438,0.09618203998683161,0.6363203388412632,0.49057845472490247,1.0,100,8,0.01,0.0,sgd,sgd_slow,0.20078125000000002,0.69921875,0.9,11,0.006314526963343791,0.0,True,0.698935956762627
0.42669808922550745,0.05071312270830253,0.7183534433412836,0.09618203998683161,0.6676403206329811,0.5228801292123391,1.0,250,8,0.01,0.0,sgd,sgd_slow,0.17441406250000002,0.7255859375,0.9,11,0.018910713367879237,0.0,True,0.6796304322644927
0.42532296429885685,0.07770347737649952,0.7890940794509489,0.09618203998683161,0.7113906020744494,0.5215050042856885,1.0,500,8,0.01,0.0,sgd,sgd_slow,0.16660156250000002,0.7333984375,0.9,11,0.09573639621187537,0.0,True,0.6182194403066297
0.40651582372577577,0.6289165670018932,1.3784257872734442,0.09618203998683161,0.749509220271551,0.5026978637126074,1.0,1000,8,0.01,0.0,sgd,sgd_slow,0.15097656250000002,0.7490234375,0.9,11,0.5309945444709723,0.0,True,0.36262339000714444
0.2530837287978845,0.957334670900023,1.753970258728681,0.09618203998683161,0.796635587828658,0.3492657687847161,1.0,2000,8,0.01,0.0,sgd,sgd_slow,0.05087890625000002,0.84912109375,0.9,11,0.7559328199816638,0.0,True,0.247475419520914
0.2389195653751333,0.18982395655860618,0.6863783841551654,0.09618203998683161,0.4965544275965592,0.3351016053619649,1.0,5000,8,0.01,0.0,sgd,sgd_slow,0.020117187500000022,0.8798828125,0.9,11,0.3903962443232455,0.0,True,0.10045151376356518
0.42228753208168013,0.05697744077473588,0.7023135260139137,0.09618203998683161,0.6453360852391778,0.5184695720685117,1.0,0,8,0.05,0.9,sgd,sgd_momentum,0.21201171875000002,0.68798828125,0.9,11,0.014676976865750447,0.0,True,0.7158807542733305
0.23188731360572634,0.5815566770533533,1.2737056259710284,0.09618203998683161,0.6921489489176751,0.32806935359255796,1.0,100,8,0.05,0.9,sgd,sgd_momentum,0.030859375000000022,0.869140625,0.9,11,0.6275468589908015,0.0,True,0.18080830330127717
0.05831098009382005,0.04996047711576518,0.2879412938264815,0.09618203998683161,0.2379808167107163,0.15449302008065166,1.0,250,8,0.05,0.9,sgd,sgd_momentum,-0.03896484374999998,0.93896484375,0.9,11,0.1729398002282582,0.0,False,0.039581877066642804
0.010912941270232651,0.005427760104220081,0.19043216409434255,0.09618203998683161,0.18500440399012247,0.10709498125706426,1.0,500,8,0.05,0.9,sgd,sgd_momentum,-0.05312499999999998,0.953125,0.9,11,0.10744922027248308,0.0,False,0.01900440480988026
-0.009102097022033892,-3.66424842753732e-05,0.15841460587655076,0.09618203998683161,0.15845124836082614,0.08707994296479772,1.0,1000,8,0.05,0.9,sgd,sgd_momentum,-0.06142578124999998,0.96142578125,0.9,11,0.08089637717234491,0.0,False,0.00883428591997295
-0.018136752375602222,0.017643200694752725,0.16057356988963445,0.09618203998683161,0.14293036919488172,0.07804528761122939,1.0,2000,8,0.05,0.9,sgd,sgd_momentum,-0.06630859374999998,0.96630859375,0.9,11,0.0708408974911024,0.0,False,0.003653869109870452
-0.016871253014252185,0.07751241562365055,0.211693229084483,0.09618203998683161,0.13418081346083244,0.07931078697257943,1.0,5000,8,0.05,0.9,sgd,sgd_momentum,-0.06679687499999998,0.966796875,0.9,11,0.06821377637261489,0.0,False,0.0010425769615639397
0.42228753208168013,0.05697744077473588,0.7023135260139137,0.09618203998683161,0.6453360852391778,0.5184695720685117,1.0,0,8,0.003,0.0,adam,adam_default,0.21201171875000002,0.68798828125,0.9,11,0.014676976865750447,0.0,True,0.7158807542733305
0.11158893448172905,0.487435155619508,1.223615871090273,0.09618203998683161,0.7361807154707649,0.20777097446856066,1.0,100,8,0.003,0.0,adam,adam_default,-0.015039062499999978,0.9150390625,0.9,11,0.616548242089176,0.0,False,0.17696136058516254
0.01262656948797966,0.043535458116744086,0.3523519544604904,0.09618203998683161,0.3088164963437463,0.10880860947481127,1.0,250,8,0.003,0.0,adam,adam_default,-0.05507812499999998,0.955078125,0.9,11,0.20809898208732497,0.0,False,0.04592496915875518
-0.008142055783275953,0.03909836952713405,0.23099840642238045,0.09618203998683161,0.1919000368952464,0.08803998420355566,1.0,500,8,0.003,0.0,adam,adam_default,-0.06093749999999998,0.9609375,0.9,11,0.12012928079648921,0.0,False,0.01688466047815682
-0.008848779395706718,0.10518856306381458,0.26240289349803403,0.09618203998683161,0.15721433043421945,0.0873332605911249,1.0,1000,8,0.003,0.0,adam,adam_default,-0.06240234374999998,0.96240234375,0.9,11,0.09588886326597411,0.0,False,0.004784739024103271
-0.016240200871810995,0.21699434863773165,0.35729327985156545,0.09618203998683161,0.1402989312138338,0.07994183911502062,1.0,2000,8,0.003,0.0,adam,adam_default,-0.06386718749999998,0.9638671875,0.9,11,0.08804748023088083,0.0,False,0.0010093440198213816
-0.005772348086111184,0.48155968727086657,0.6245985132810836,0.09618203998683161,0.14303882601021706,0.09040969190072043,1.0,5000,8,0.003,0.0,adam,adam_default,-0.06289062499999998,0.962890625,0.9,11,0.08959166242577574,0.0,False,4.751162017747333e-05
0.42228753208168013,0.05697744077473588,0.7023135260139137,0.09618203998683161,0.6453360852391778,0.5184695720685117,1.0,0,8,0.001,0.0,adam,adam_slow,0.21201171875000002,0.68798828125,0.9,11,0.014676976865750447,0.0,True,0.7158807542733305
0.2817250929347498,0.2710012538722376,1.009595173898421,0.09618203998683161,0.7385939200261834,0.3779071329215814,1.0,100,8,0.001,0.0,adam,adam_slow,0.07041015625000002,0.82958984375,0.9,11,0.33707931020474735,0.0,True,0.4350905639417464
0.14409396313906328,0.538740730088661,1.297342095131849,0.09618203998683161,0.7586013650431881,0.2402760031258949,1.0,250,8,0.001,0.0,adam,adam_slow,-0.0013671874999999778,0.9013671875,0.9,11,0.6428419918758366,0.0,False,0.18813565281274117
0.026269560327182445,0.07937048829740995,0.5355475425733764,0.09618203998683161,0.4561770542759665,0.12245160031401406,1.0,500,8,0.001,0.0,adam,adam_slow,-0.05361328124999998,0.95361328125,0.9,11,0.31402502701192536,0.0,False,0.0768441871507217
-0.004503064787512195,0.015160262223415821,0.2677697307350027,0.09618203998683161,0.2526094685115869,0.09167897519931942,1.0,1000,8,0.001,0.0,adam,adam_slow,-0.06044921874999998,0.96044921875,0.9,11,0.15529845948847842,0.0,False,0.02856347013695647
-0.008153630613313811,0.06267384541455306,0.261907645650887,0.09618203998683161,0.1992338002363339,0.0880284093735178,1.0,2000,8,0.001,0.0,adam,adam_slow,-0.06044921874999998,0.96044921875,0.9,11,0.11316232896181598,0.0,False,0.008448852222817048
-0.011803692990198206,0.24507896936087048,0.4055558170206673,0.09618203998683161,0.1604768476597968,0.08437834699663341,1.0,5000,8,0.001,0.0,adam,adam_slow,-0.05898437499999998,0.958984375,0.9,11,0.09416216710577874,0.0,False,0.0006050433396265025
0.4888584787346911,-0.0004254551269505802,0.6935664462721779,0.10857903828538698,0.6939919013991285,0.5974375170200781,1.0,0,8,0.05,0.0,sgd,sgd_fast,0.16074218750000002,0.7392578125,0.9,12,0.005305298782247173,0.0,True,0.694733778171684
0.3792487273963554,0.2210078757280145,0.9479825345900199,0.10857903828538698,0.7269746588620054,0.48782776568174235,1.0,100,8,0.05,0.0,sgd,sgd_fast,0.13242187500000002,0.767578125,0.9,12,0.27251555201223654,0.0,True,0.4960124549430532
0.35026470287037903,0.9688753947340981,1.7234548044693276,0.10857903828538698,0.7545794097352295,0.458843741155766,1.0,250,8,0.05,0.0,sgd,sgd_fast,0.10947265625000002,0.79052734375,0.9,12,0.7315110544712413,0.0,True,0.29260173020805386
0.2700575818836375,0.5310877631034339,1.342822760995091,0.10857903828538698,0.811734997891657,0.37863662016902444,1.0,500,8,0.05,0.0,sgd,sgd_fast,0.04355468750000002,0.8564453125,0.9,12,0.6430989710168495,0.0,True,0.20886436352167187
0.1498096414240557,0.05935194736177096,0.5659242700561189,0.10857903828538698,0.5065723226943479,0.2583886797094427,1.0,1000,8,0.05,0.0,sgd,sgd_fast,-0.015039062499999978,0.9150390625,0.9,12,0.3113634885010945,0.0,False,0.08714908614684061
0.08923565729417379,-0.017057187491834602,0.29498880570469,0.10857903828538698,0.3120459931965246,0.19781469557956077,1.0,2000,8,0.05,0.0,sgd,sgd_fast,-0.03994140624999998,0.93994140625,0.9,12,0.15942933469750303,0.0,False,0.04197787395847581
0.032200459972984735,-0.049656546213101255,0.16726099225256705,0.10857903828538698,0.2169175384656683,0.14077949825837172,1.0,5000,8,0.05,0.0,sgd,sgd_fast,-0.05996093749999998,0.9599609375,0.9,12,0.08774930541648064,0.0,False,0.01793398592178718
0.4888584787346911,-0.0004254551269505802,0.6935664462721779,0.10857903828538698,0.6939919013991285,0.5974375170200781,1.0,0,8,0.01,0.0,sgd,sgd_slow,0.16074218750000002,0.7392578125,0.9,12,0.005305298782247173,0.0,True,0.694733778171684
0.44589895576996097,0.012164159633758387,0.7084560517027929,0.10857903828538698,0.6962918920690345,0.5544779940553479,1.0,100,8,0.01,0.0,sgd,sgd_slow,0.14804687500000002,0.751953125,0.9,12,0.020885334185969835,0.0,True,0.6749536731661147
0.4254859051057004,0.04340998101511395,0.7493483736017726,0.10857903828538698,0.7059383925866587,0.5340649433910873,1.0,250,8,0.01,0.0,sgd,sgd_slow,0.15683593750000002,0.7431640625,0.9,12,0.07227731106267127,0.0,True,0.6313246416180343
0.37863495431791894,0.22427152163041586,0.9513314301499588,0.10857903828538698,0.7270599085195429,0.4872139926033059,1.0,500,8,0.01,0.0,sgd,sgd_slow,0.13681640625000002,0.76318359375,0.9,12,0.2754821069450502,0.0,True,0.4942692570987888
0.38935548410044407,0.8936360642086999,1.6365570934579088,0.10857903828538698,0.7429210292492089,0.497934522385831,1.0,1000,8,0.01,0.0,sgd,sgd_slow,0.13925781250000002,0.7607421875,0.9,12,0.6911233879610371,0.0,True,0.3124028923099639
0.27752806114392936,0.7590165225441207,1.5570958836509585,0.10857903828538698,0.7980793611068379,0.3861070994293163,1.0,2000,8,0.01,0.0,sgd,sgd_slow,0.06210937500000002,0.837890625,0.9,12,0.7047226431046905,0.0,True,0.2441456758605385
0.14954735680911033,0.05917283076419988,0.5655606054463217,0.10857903828538698,0.5063877746821218,0.2581263950944973,1.0,5000,8,0.01,0.0,sgd,sgd_slow,-0.015039062499999978,0.9150390625,0.9,12,0.31117743454878444,0.0,False,0.08708204865528393
0.4888584787346911,-0.0004254551269505802,0.6935664462721779,0.10857903828538698,0.6939919013991285,0.5974375170200781,1.0,0,8,0.05,0.9,sgd,sgd_momentum,0.16074218750000002,0.7392578125,0.9,12,0.005305298782247173,0.0,True,0.694733778171684
0.17309281528422413,0.1307106157543696,0.7225764468130267,0.10857903828538698,0.5918658310586571,0.2816718535696111,1.0,100,8,0.05,0.9,sgd,sgd_momentum,-0.0003906249999999778,0.900390625,0.9,12,0.3891871047562465,0.0,False,0.1140756679504478
0.017638804085597287,-0.016873971839212965,0.25536659492878927,0.10857903828538698,0.27224056676800223,0.12621784237098427,1.0,250,8,0.05,0.9,sgd,sgd_momentum,-0.05751953124999998,0.95751953125,0.9,12,0.13496428413234457,0.0,False,0.034904085227947045
-0.003830274772638975,-0.04365836409313989,0.16433073447895696,0.10857903828538698,0.20798909857209685,0.104748763512748,1.0,500,8,0.05,0.9,sgd,sgd_momentum,-0.06777343749999998,0.9677734375,0.9,12,0.08572908878758184,0.0,False,0.017850619929136433
-0.0294140858180921,-0.05115221826113006,0.12258109979190121,0.10857903828538698,0.17373331805303127,0.07916495246729488,1.0,1000,8,0.05,0.9,sgd,sgd_momentum,-0.07412109374999998,0.97412109375,0.9,12,0.061130269345112925,0.0,False,0.008298497499023965
-0.03637286442561363,-0.031499777856978356,0.12264328016945772,0.10857903828538698,0.15414305802643608,0.07220617385977335,1.0,2000,8,0.05,0.9,sgd,sgd_momentum,-0.07656249999999998,0.9765625,0.9,12,0.05130643212284035,0.0,False,0.003265922964787634
-0.03801699766484817,0.014473108043931149,0.15480584877003106,0.10857903828538698,0.1403327407260999,0.07056204062053881,1.0,5000,8,0.05,0.9,sgd,sgd_momentum,-0.07656249999999998,0.9765625,0.9,12,0.048081931690308555,0.0,False,0.000850455246858825
0.4888584787346911,-0.0004254551269505802,0.6935664462721779,0.10857903828538698,0.6939919013991285,0.5974375170200781,1.0,0,8,0.003,0.0,adam,adam_default,0.16074218750000002,0.7392578125,0.9,12,0.005305298782247173,0.0,True,0.694733778171684
0.24100124190613678,0.5409682451059201,1.3827920527385404,0.10857903828538698,0.8418238076326203,0.34958028019152376,1.0,100,8,0.003,0.0,adam,adam_default,0.04062500000000002,0.859375,0.9,12,0.6586913659815468,0.0,True,0.22115894391694763
0.11759907621120097,0.013212624184748,0.33203952976862994,0.10857903828538698,0.31882690558388194,0.22617811449658795,1.0,250,8,0.003,0.0,adam,adam_default,-0.03896484374999998,0.93896484375,0.9,12,0.1782432294917769,0.0,False,0.045139576114736846
0.021568390867414827,-0.020045334251156954,0.1737136844281097,0.10857903828538698,0.19375901867926665,0.1301474291528018,1.0,500,8,0.003,0.0,adam,adam_default,-0.06826171874999998,0.96826171875,0.9,12,0.08789651914927514,0.0,False,0.015811336118712837
-0.031825926352681055,-0.0463106833868655,0.14650939519280987,0.10857903828538698,0.19282007857967537,0.07675311193270593,1.0,1000,8,0.003,0.0,adam,adam_default,-0.07558593749999998,0.9755859375,0.9,12,0.052625950505432714,0.0,False,0.0019029264801287723
-0.02051129435207015,-0.011902049499678491,0.21532345576146283,0.10857903828538698,0.22722550526114133,0.08806774393331683,1.0,2000,8,0.003,0.0,adam,adam_default,-0.07265624999999998,0.97265625,0.9,12,0.050207582468390535,0.0,False,0.00015781911520396075
-0.012760954934274843,0.09809596969447926,0.3426281652011824,0.10857903828538698,0.24453219550670313,0.09581808335111214,1.0,5000,8,0.003,0.0,adam,adam_default,-0.07070312499999998,0.970703125,0.9,12,0.05221653213585545,0.0,False,7.946756997232747e-06
0.4888584787346911,-0.0004254551269505802,0.6935664462721779,0.10857903828538698,0.6939919013991285,0.5974375170200781,1.0,0,8,0.001,0.0,adam,adam_slow,0.16074218750000002,0.7392578125,0.9,12,0.005305298782247173,0.0,True,0.694733778171684
0.43081824413018854,0.5628182965310939,1.2969242482420795,0.10857903828538698,0.7341059517109856,0.5393972824155755,1.0,100,8,0.001,0.0,adam,adam_slow,0.17587890625000002,0.72412109375,0.9,12,0.5080051816230742,0.0,True,0.38714583947728237
0.23203407219633385,0.5868447604526229,1.4150558709760408,0.10857903828538698,0.8282111105234179,0.3406131104817208,1.0,250,8,0.001,0.0,adam,adam_slow,0.03867187500000002,0.861328125,0.9,12,0.6672532308872321,0.0,True,0.22952409250778805
0.18349721575609482,0.03834389308402747,0.5320605379566011,0.10857903828538698,0.49371664487257366,0.2920762540414818,1.0,500,8,0.001,0.0,adam,adam_slow,-0.011132812499999978,0.9111328125,0.9,12,0.2917223283672677,0.0,False,0.08206905905484115
0.06485028490165945,-0.01082983353315456,0.23543478922054678,0.10857903828538698,0.24626462275370134,0.17342932318704643,1.0,1000,8,0.001,0.0,adam,adam_slow,-0.05458984374999998,0.95458984375,0.9,12,0.12537812305598597,0.0,False,0.02914248020891616
-0.030774996775023045,-0.018787847194270624,0.15535805766141025,0.10857903828538698,0.17414590485568088,0.07780404151036394,1.0,2000,8,0.001,0.0,adam,adam_slow,-0.07802734374999998,0.97802734375,0.9,12,0.06370461433189623,0.0,False,0.005455782087392431
-0.022214508887406115,0.08862150455408738,0.23930925883232915,0.10857903828538698,0.15068775427824177,0.08636452939798087,1.0,5000,8,0.001,0.0,adam,adam_slow,-0.07412109374999998,0.97412109375,0.9,12,0.05769459839067893,0.0,False,0.00015507404757139837
0.09815210035860678,0.09545117952098847,0.7822334682675327,0.5647623202926955,0.6867822887465442,0.6629144206513022,1.0,0,2,0.05,0.0,sgd,sgd_fast,0.34580078125,0.55419921875,0.9,10,0.014003551663603987,0.2,True,0.7624597093243806
0.12554436374022426,0.28779091990359107,0.9988324658200869,0.5647623202926955,0.7110415459164958,0.6903066840329197,1.0,100,2,0.05,0.0,sgd,sgd_fast,0.34482421875,0.55517578125,0.9,10,0.3119802317485281,0.2,True,0.4752639180413738
0.12309445273176356,1.3454413195019899,2.063240691294446,0.5647623202926955,0.7177993717924562,0.687856773024459,1.0,250,2,0.05,0.0,sgd,sgd_fast,0.3423828125,0.5576171875,0.9,10,0.7984170053226154,0.2,True,0.2872918489576043
0.09880146772410392,1.34226694160058,2.078260171314848,0.5647623202926955,0.735993229714268,0.6635637880167994,1.0,500,2,0.05,0.0,sgd,sgd_fast,0.284765625,0.615234375,0.9,10,0.8087095093275816,0.2,True,0.2745232845016612
0.059656102247544585,1.1595986613932334,1.9390162794981534,0.5647623202926955,0.7794176181049199,0.62441842254024,1.0,1000,2,0.05,0.0,sgd,sgd_fast,0.20810546875000002,0.69189453125,0.9,10,0.7787058364637139,0.2,True,0.2554726666040756
0.07308642815824862,1.079593664115245,1.8787212819763137,0.5647623202926955,0.7991276178610688,0.6378487484509441,1.0,2000,2,0.05,0.0,sgd,sgd_fast,0.18808593750000002,0.7119140625,0.9,10,0.7515269353972382,0.2,True,0.2449946434716483
0.08480355624212632,1.0812728070168645,1.8843859512671544,0.5647623202926955,0.8031131442502899,0.6495658765348218,1.0,5000,2,0.05,0.0,sgd,sgd_fast,0.19052734375000002,0.70947265625,0.9,10,0.7468096652291315,0.2,True,0.2375722997199247
0.09815210035860678,0.09545117952098847,0.7822334682675327,0.5647623202926955,0.6867822887465442,0.6629144206513022,1.0,0,2,0.01,0.0,sgd,sgd_slow,0.34580078125,0.55419921875,0.9,10,0.014003551663603987,0.2,True,0.7624597093243806
0.11250855103499569,0.059553147075052326,0.756173267817345,0.5647623202926955,0.6966201207422926,0.6772708713276911,1.0,100,2,0.01,0.0,sgd,sgd_slow,0.3765625,0.5234375,0.9,10,0.026758142118732613,0.2,True,0.7116756318646587
0.1382956277107923,0.059218820127594385,0.7740466171879833,0.5647623202926955,0.7148277970603889,0.7030579480034878,1.0,250,2,0.01,0.0,sgd,sgd_slow,0.39072265625,0.50927734375,0.9,10,0.081163567499914,0.2,True,0.639878908552877
0.12446911959263196,0.2937297702261784,1.0046740684975684,0.5647623202926955,0.7109442982713899,0.6892314398853274,1.0,500,2,0.01,0.0,sgd,sgd_slow,0.34384765625,0.55615234375,0.9,10,0.31676256309207984,0.2,True,0.47246463528629923
0.11928399227346964,1.200285595455884,1.916130663468644,0.5647623202926955,0.7158450680127599,0.6840463125661651,1.0,1000,2,0.01,0.0,sgd,sgd_slow,0.3541015625,0.5458984375,0.9,10,0.7598428273443159,0.2,True,0.29429599771360976
0.10800794153525706,1.3744648481404238,2.102225310326105,0.5647623202926955,0.7277604621856812,0.6727702618279525,1.0,2000,2,0.01,0.0,sgd,sgd_slow,0.3052734375,0.5947265625,0.9,10,0.8118704238580701,0.2,True,0.27896170715215535
0.059926743863295884,1.1592285755907934,1.938663046450658,0.5647623202926955,0.7794344708598645,0.6246890641559913,1.0,5000,2,0.01,0.0,sgd,sgd_slow,0.20761718750000002,0.6923828125,0.9,10,0.7786015693793813,0.2,True,0.2554440535328232
0.09815210035860678,0.09545117952098847,0.7822334682675327,0.5647623202926955,0.6867822887465442,0.6629144206513022,1.0,0,2,0.05,0.9,sgd,sgd_momentum,0.34580078125,0.55419921875,0.9,10,0.014003551663603987,0.2,True,0.7624597093243806
0.08367755051982018,1.253790939907209,2.0098240669826195,0.5647623202926955,0.7560331270754106,0.6484398708125156,1.0,100,2,0.05,0.9,sgd,sgd_momentum,0.24716796875000002,0.65283203125,0.9,10,0.7941593377670868,0.2,True,0.26476521971218736
0.08126033980688785,1.0815100553214152,1.8826814684013624,0.5647623202926955,0.8011714130799472,0.6460226600995833,1.0,250,2,0.05,0.9,sgd,sgd_momentum,0.19492187500000002,0.705078125,0.9,10,0.7507636019120253,0.2,True,0.2450806108324549
0.08872460250115455,1.0836910141756497,1.8886900342388286,0.5647623202926955,0.8049990200631789,0.65348692279385,1.0,500,2,0.05,0.9,sgd,sgd_momentum,0.18955078125000002,0.71044921875,0.9,10,0.7461875700755981,0.2,True,0.23800139667861445
0.1005440135964284,1.1165395439227799,1.9182939678414002,0.5647623202926955,0.8017544239186203,0.6653063338891239,1.0,1000,2,0.05,0.9,sgd,sgd_momentum,0.20078125000000002,0.69921875,0.9,10,0.7419582328949017,0.2,True,0.2219103498375693
0.18904520924480805,1.455454555692516,2.254054473139429,0.5647623202926955,0.798599917446913,0.7538075295375035,1.0,2000,2,0.05,0.9,sgd,sgd_momentum,0.28037109375,0.61962890625,0.9,10,0.7278880988238139,0.2,True,0.18512194735460719
0.22481746746348708,2.216937760449639,2.993111328230568,0.5647623202926955,0.776173567780929,0.7895797877561825,1.0,5000,2,0.05,0.9,sgd,sgd_momentum,0.33896484375,0.56103515625,0.9,10,0.7100930983785942,0.2,True,0.15646573467609076
0.09815210035860678,0.09545117952098847,0.7822334682675327,0.5647623202926955,0.6867822887465442,0.6629144206513022,1.0,0,2,0.003,0.0,adam,adam_default,0.34580078125,0.55419921875,0.9,10,0.014003551663603987,0.2,True,0.7624597093243806
0.0903914062518183,1.3873213373982245,2.1241660302975216,0.5647623202926955,0.736844692899297,0.6551537265445138,1.0,100,2,0.003,0.0,adam,adam_default,0.2623046875,0.6376953125,0.9,10,0.8199617826559924,0.2,True,0.2734458638099794
0.07198329242360746,1.0719825206087448,1.8687830714934912,0.5647623202926955,0.7968005508847464,0.6367456127163029,1.0,250,2,0.003,0.0,adam,adam_default,0.18564453125000002,0.71435546875,0.9,10,0.74815349332658,0.2,True,0.24435191381927496
0.0819611738666376,1.0754063452908402,1.8778909033300104,0.5647623202926955,0.8024845580391702,0.6467234941593331,1.0,500,2,0.003,0.0,adam,adam_default,0.18662109375000002,0.71337890625,0.9,10,0.7416246805339473,0.2,True,0.23666903915294318
0.10012484371575092,1.2262066075675588,2.013180205859849,0.5647623202926955,0.7869735982922901,0.6648871640084464,1.0,1000,2,0.003,0.0,adam,adam_default,0.20468750000000002,0.6953125,0.9,10,0.7411754455140754,0.2,True,0.21334779767044704
0.16159103608358505,1.71328891213061,2.4944887472912125,0.5647623202926955,0.7811998351606024,0.7263533563762805,1.0,2000,2,0.003,0.0,adam,adam_default,0.26669921875,0.63330078125,0.9,10,0.7205803969826555,0.2,True,0.17397847058555965
0.18587179025517608,2.476830804306743,3.251607899661567,0.5647623202926955,0.7747770953548239,0.7506341105478715,1.0,5000,2,0.003,0.0,adam,adam_default,0.30576171875,0.59423828125,0.9,10,0.7061443141139743,0.2,True,0.14599851632292482
0.09815210035860678,0.09545117952098847,0.7822334682675327,0.5647623202926955,0.6867822887465442,0.6629144206513022,1.0,0,2,0.001,0.0,adam,adam_slow,0.34580078125,0.55419921875,0.9,10,0.014003551663603987,0.2,True,0.7624597093243806
0.11924624175306064,0.2630192945991081,0.9764658403214821,0.5647623202926955,0.713446545722374,0.6840085620457561,1.0,100,2,0.001,0.0,adam,adam_slow,0.32578125,0.57421875,0.9,10,0.2738510115172,0.2,True,0.5038674834662359
0.08847231236381536,1.202934877207223,1.942720435441001,0.5647623202926955,0.739785558233778,0.6532346326565108,1.0,250,2,0.001,0.0,adam,adam_slow,0.25595703125,0.64404296875,0.9,10,0.7803824075323598,0.2,True,0.2754359228664886
0.04501486691001788,1.0714495843303384,1.8610243180654202,0.5647623202926955,0.7895747337350818,0.6097771872027133,1.0,500,2,0.001,0.0,adam,adam_slow,0.18173828125000002,0.71826171875,0.9,10,0.7585630525203284,0.2,True,0.24925172208578922
0.07543877959060774,1.06942554217277,1.8699624706880376,0.5647623202926955,0.8005369285152676,0.6402010998833032,1.0,1000,2,0.001,0.0,adam,adam_slow,0.18320312500000002,0.716796875,0.9,10,0.7446983482043019,0.2,True,0.2407878359287017
0.09032321381717245,1.1021078094096333,1.9050535581308947,0.5647623202926955,0.8029457487212615,0.6550855341098679,1.0,2000,2,0.001,0.0,adam,adam_slow,0.19394531250000002,0.7060546875,0.9,10,0.7407838134995886,0.2,True,0.22745964194359009
0.1676483494366201,1.5009037535825587,2.302524497969748,0.5647623202926955,0.8016207443871893,0.7324106697293156,1.0,5000,2,0.001,0.0,adam,adam_slow,0.261328125,0.638671875,0.9,10,0.7201175665763946,0.2,True,0.1836793602480993
0.10020746927485347,0.042852733956264544,0.7352774548713121,0.5656126401123466,0.6924247209150476,0.6658201093872,1.0,0,2,0.05,0.0,sgd,sgd_fast,0.335546875,0.564453125,0.9,11,0.015983043201470877,0.2,True,0.7092159587828308
0.14147661230286634,0.27264508397959986,1.0144627719987813,0.5656126401123466,0.7418176880191815,0.7070892524152129,1.0,100,2,0.05,0.0,sgd,sgd_fast,0.3296875,0.5703125,0.9,11,0.32799105509202037,0.2,True,0.47333271033710544
0.12443621307525199,1.1637005057862828,1.910430526775154,0.5656126401123466,0.7467300209888712,0.6900488531875986,1.0,250,2,0.05,0.0,sgd,sgd_fast,0.31357421875,0.58642578125,0.9,11,0.7679750062567113,0.2,True,0.3156972840284586
0.07634688516687349,1.0880745464625319,1.8664801786601877,0.5656126401123466,0.7784056321976558,0.6419595252792201,1.0,500,2,0.05,0.0,sgd,sgd_fast,0.21787109375000002,0.68212890625,0.9,11,0.7649503358923682,0.2,True,0.3002053105942414
0.0858608571033912,0.9541749238069293,1.765740554769452,0.5656126401123466,0.8115656309625228,0.6514734972157378,1.0,1000,2,0.05,0.0,sgd,sgd_fast,0.18222656250000002,0.7177734375,0.9,11,0.7286279042304933,0.2,True,0.28372211434875827
0.1074204996703707,0.9322522685149807,1.752940347234312,0.5656126401123466,0.8206880787193312,0.6730331397827173,1.0,2000,2,0.05,0.0,sgd,sgd_fast,0.18320312500000002,0.716796875,0.9,11,0.715451225282669,0.2,True,0.27383639123473125
0.12704339881740367,0.9453147461087519,1.7715204084842906,0.5656126401123466,0.8262056623755387,0.6926560389297503,1.0,5000,2,0.05,0.0,sgd,sgd_fast,0.16660156250000002,0.7333984375,0.9,11,0.7138771804655686,0.2,True,0.25711860857518637
0.10020746927485347,0.042852733956264544,0.7352774548713121,0.5656126401123466,0.6924247209150476,0.6658201093872,1.0,0,2,0.01,0.0,sgd,sgd_slow,0.335546875,0.564453125,0.9,11,0.015983043201470877,0.2,True,0.7092159587828308
0.1538389595081322,0.02789626565084824,0.7425995539483066,0.5656126401123466,0.7147032882974583,0.7194515996204788,1.0,100,2,0.01,0.0,sgd,sgd_slow,0.35458984375,0.54541015625,0.9,11,0.039390582075573034,0.2,True,0.6765020881547767
0.16416724895115187,0.053742366807309816,0.7913457323906947,0.5656126401123466,0.7376033655833849,0.7297798890634984,1.0,250,2,0.01,0.0,sgd,sgd_slow,0.35556640625,0.54443359375,0.9,11,0.10643732943665289,0.2,True,0.6182669225459134
0.14209016264133323,0.2757902304223022,1.0176110444199482,0.5656126401123466,0.741820813997646,0.7077028027536798,1.0,500,2,0.01,0.0,sgd,sgd_slow,0.33212890625,0.56787109375,0.9,11,0.33055326237512717,0.2,True,0.471928502945164
0.13292366058500305,1.0577210375416004,1.800318520997931,0.5656126401123466,0.7425974834563306,0.6985363006973496,1.0,1000,2,0.01,0.0,sgd,sgd_slow,0.33408203125,0.56591796875,0.9,11,0.734749269792532,0.2,True,0.32145652266762964
0.09221993358489511,1.1362627259250735,1.9016673828941508,0.5656126401123466,0.7654046569690773,0.6578325736972417,1.0,2000,2,0.01,0.0,sgd,sgd_slow,0.24765625000000002,0.65234375,0.9,11,0.771615803987124,0.2,True,0.3061486556097711
0.08620812190470739,0.9541226252678507,1.7657098609644737,0.5656126401123466,0.8115872356966229,0.651820762017054,1.0,5000,2,0.01,0.0,sgd,sgd_slow,0.18076171875000002,0.71923828125,0.9,11,0.7286143177907787,0.2,True,0.2837122095404928
0.10020746927485347,0.042852733956264544,0.7352774548713121,0.5656126401123466,0.6924247209150476,0.6658201093872,1.0,0,2,0.05,0.9,sgd,sgd_momentum,0.335546875,0.564453125,0.9,11,0.015983043201470877,0.2,True,0.7092159587828308
0.07791384041499061,0.9694663193225724,1.7713028952929397,0.5656126401123466,0.8018365759703673,0.6435264805273372,1.0,100,2,0.05,0.9,sgd,sgd_momentum,0.18906250000000002,0.7109375,0.9,11,0.7332849024032961,0.2,True,0.2880382100222574
0.10272357941682275,0.9402645628454722,1.7556468332592159,0.5656126401123466,0.8153822704137437,0.6683362195291693,1.0,250,2,0.05,0.9,sgd,sgd_momentum,0.17294921875000002,0.72705078125,0.9,11,0.7154758081564325,0.2,True,0.2731897451621618
0.10694709228388277,0.9444496638769599,1.7630795126333667,0.5656126401123466,0.8186298487564068,0.6725597323962293,1.0,500,2,0.05,0.9,sgd,sgd_momentum,0.15976562500000002,0.740234375,0.9,11,0.7128539002113503,0.2,True,0.25913986547472234
0.1301821443100435,1.0455537179657204,1.8589975334178062,0.5656126401123466,0.8134438154520858,0.6957947844223901,1.0,1000,2,0.05,0.9,sgd,sgd_momentum,0.19785156250000002,0.7021484375,0.9,11,0.7113653715954835,0.2,True,0.2390741311429904
0.18497542716909676,1.2745991333672118,2.0854446886661817,0.5656126401123466,0.81084555529897,0.7505880672814433,1.0,2000,2,0.05,0.9,sgd,sgd_momentum,0.25986328125,0.64013671875,0.9,11,0.70471181698834,0.2,True,0.2140086461298881
0.2254328276977382,1.5468048059163253,2.346832897275199,0.5656126401123466,0.8000280913588738,0.7910454678100848,1.0,5000,2,0.05,0.9,sgd,sgd_momentum,0.30771484375,0.59228515625,0.9,11,0.6923725921010997,0.2,True,0.19862224792051042
0.10020746927485347,0.042852733956264544,0.7352774548713121,0.5656126401123466,0.6924247209150476,0.6658201093872,1.0,0,2,0.003,0.0,adam,adam_default,0.335546875,0.564453125,0.9,11,0.015983043201470877,0.2,True,0.7092159587828308
0.09454507608001161,1.0709386213554104,1.8582317074970707,0.5656126401123466,0.7872930861416603,0.6601577161923582,1.0,100,2,0.003,0.0,adam,adam_default,0.24326171875000002,0.65673828125,0.9,11,0.7625537227859385,0.2,True,0.30369453844377087
0.0837955370231841,0.9333130641010616,1.768276322164478,0.5656126401123466,0.8349632580634163,0.6494081771355307,1.0,250,2,0.003,0.0,adam,adam_default,0.18320312500000002,0.716796875,0.9,11,0.7213344721671722,0.2,True,0.27369816985968287
0.12294515802239114,0.9000555239627677,1.765924596896815,0.5656126401123466,0.8658690729340472,0.6885577981347377,1.0,500,2,0.003,0.0,adam,adam_default,0.18515625000000002,0.71484375,0.9,11,0.7111090037252596,0.2,True,0.2586535030554803
0.195806850866325,1.0554482105975656,1.954311190586955,0.5656126401123466,0.8988629799893895,0.7614194909786716,1.0,1000,2,0.003,0.0,adam,adam_default,0.23740234375000002,0.66259765625,0.9,11,0.7002832268992226,0.2,True,0.22238697275897934
0.2069551911962635,1.6707519391535528,2.568669249314139,0.5656126401123466,0.8979173101605861,0.7725678313086101,1.0,2000,2,0.003,0.0,adam,adam_default,0.280859375,0.619140625,0.9,11,0.701948702964795,0.2,True,0.1883774168431399
0.1966895908881302,2.1400952127145767,3.028248465626267,0.5656126401123466,0.8881532529116903,0.7623022310004768,1.0,5000,2,0.003,0.0,adam,adam_default,0.290625,0.609375,0.9,11,0.7049166971407106,0.2,True,0.17367057330533037
0.10020746927485347,0.042852733956264544,0.7352774548713121,0.5656126401123466,0.6924247209150476,0.6658201093872,1.0,0,2,0.001,0.0,adam,adam_slow,0.335546875,0.564453125,0.9,11,0.015983043201470877,0.2,True,0.7092159587828308
0.155719545324696,0.2765000189585157,1.0118659336212756,0.5656126401123466,0.7353659146627599,0.7213321854370426,1.0,100,2,0.001,0.0,adam,adam_slow,0.353125,0.546875,0.9,11,0.28395919973356687,0.2,True,0.5145508993806398
0.09729331906163663,0.9974960379531583,1.7720957749276982,0.5656126401123466,0.7745997369745399,0.6629059591739832,1.0,250,2,0.001,0.0,adam,adam_slow,0.24277343750000002,0.6572265625,0.9,11,0.7337246293080313,0.2,True,0.3119426113278896
0.09129991416837435,0.9359725406954218,1.7664737315806125,0.5656126401123466,0.8305011908851907,0.6569125542807209,1.0,500,2,0.001,0.0,adam,adam_slow,0.17929687500000002,0.720703125,0.9,11,0.7296113566448648,0.2,True,0.2818501979149937
0.11203208144616872,0.9077359897691698,1.7526118442026672,0.5656126401123466,0.8448758544334974,0.6776447215585153,1.0,1000,2,0.001,0.0,adam,adam_slow,0.17197265625000002,0.72802734375,0.9,11,0.7156588812062263,0.2,True,0.2666938438688088
0.17134482315802535,0.9392502300331543,1.8323182570514993,0.5656126401123466,0.893068027018345,0.7369574632703719,1.0,2000,2,0.001,0.0,adam,adam_slow,0.21933593750000002,0.6806640625,0.9,11,0.7040882919490747,0.2,True,0.23859017310474012
0.2055215303973692,1.3568166515260647,2.2570477464186744,0.5656126401123466,0.9002310948926098,0.7711341705097158,1.0,5000,2,0.001,0.0,adam,adam_slow,0.25986328125,0.64013671875,0.9,11,0.6923487141056022,0.2,True,0.20524832400163434
0.136095091149543,0.0415016939475219,0.7243839978814581,0.5477281965966128,0.6828823039339362,0.6838232877461558,1.0,0,2,0.05,0.0,sgd,sgd_fast,0.36630859375,0.53369140625,0.9,12,0.010075987830098209,0.2,True,0.708553124763547
0.11938341833378452,0.3025606947436098,0.9948981981084982,0.5477281965966128,0.6923375033648884,0.6671116149303973,1.0,100,2,0.05,0.0,sgd,sgd_fast,0.3228515625,0.5771484375,0.9,12,0.29875513515773033,0.2,True,0.48693361354254594
0.11835815944174666,0.8843363413953875,1.5758750834113844,0.5477281965966128,0.6915387420159969,0.6660863560383594,1.0,250,2,0.05,0.0,sgd,sgd_fast,0.3423828125,0.5576171875,0.9,12,0.6225436922070019,0.2,True,0.34983917275350457
0.11460296968048045,1.1062503747226295,1.803154106115434,0.5477281965966128,0.6969037313928044,0.6623311662770932,1.0,500,2,0.05,0.0,sgd,sgd_fast,0.339453125,0.560546875,0.9,12,0.7266715014054632,0.2,True,0.3109063300718544
0.09949655377671629,1.1473608467161611,1.8648341676110305,0.5477281965966128,0.7174733208948693,0.647224750373329,1.0,1000,2,0.05,0.0,sgd,sgd_fast,0.2857421875,0.6142578125,0.9,12,0.7518519816250436,0.2,True,0.2934279233615133
0.08105510323841647,1.064921617250443,1.7972444657113456,0.5477281965966128,0.7323228484609026,0.6287832998350292,1.0,2000,2,0.05,0.0,sgd,sgd_fast,0.22421875000000002,0.67578125,0.9,12,0.7329217089679936,0.2,True,0.2782618952318933
0.08966318837122045,1.0738281637723688,1.8017817358923982,0.5477281965966128,0.7279535721200294,0.6373913849678332,1.0,5000,2,0.05,0.0,sgd,sgd_fast,0.21005859375000002,0.68994140625,0.9,12,0.729271753912381,0.2,True,0.2662545437763101
0.136095091149543,0.0415016939475219,0.7243839978814581,0.5477281965966128,0.6828823039339362,0.6838232877461558,1.0,0,2,0.01,0.0,sgd,sgd_slow,0.36630859375,0.53369140625,0.9,12,0.010075987830098209,0.2,True,0.708553124763547
0.13027688036187657,0.03822864490572364,0.7252110193906293,0.5477281965966128,0.6869823744849056,0.6780050769584893,1.0,100,2,0.01,0.0,sgd,sgd_slow,0.35361328125,0.54638671875,0.9,12,0.02948754487198934,0.2,True,0.6769561827526217
0.12534327567315962,0.07505251565807036,0.7630064331458117,0.5477281965966128,0.6879539174877414,0.6730714722697724,1.0,250,2,0.01,0.0,sgd,sgd_slow,0.33896484375,0.56103515625,0.9,12,0.08861584551745706,0.2,True,0.6187612372830378
0.117845696455116,0.30526743939815615,0.9976158454142946,0.5477281965966128,0.6923484060161385,0.6655738930517288,1.0,500,2,0.01,0.0,sgd,sgd_slow,0.32236328125,0.57763671875,0.9,12,0.3008863913960971,0.2,True,0.485753453147925
0.1168199534727784,0.7847917298176386,1.476125576199669,0.5477281965966128,0.6913338463820304,0.6645481500693912,1.0,1000,2,0.01,0.0,sgd,sgd_slow,0.3384765625,0.5615234375,0.9,12,0.569834217711614,0.2,True,0.37108022845264815
0.11291536835804183,1.0480186505847358,1.7421944001627354,0.5477281965966128,0.6941757495779995,0.6606435649546546,1.0,2000,2,0.01,0.0,sgd,sgd_slow,0.34580078125,0.55419921875,0.9,12,0.7021763167907882,0.2,True,0.31955761340121525
0.09965328215966596,1.1472183260830333,1.8646491461135013,0.5477281965966128,0.717430820030468,0.6473814787562787,1.0,5000,2,0.01,0.0,sgd,sgd_slow,0.2857421875,0.6142578125,0.9,12,0.7518096894966644,0.2,True,0.29342098601875966
0.136095091149543,0.0415016939475219,0.7243839978814581,0.5477281965966128,0.6828823039339362,0.6838232877461558,1.0,0,2,0.05,0.9,sgd,sgd_momentum,0.36630859375,0.53369140625,0.9,12,0.010075987830098209,0.2,True,0.708553124763547
0.10479673987025517,1.262146792071559,1.9655148052954243,0.5477281965966128,0.7033680132238653,0.6525249364668679,1.0,100,2,0.05,0.9,sgd,sgd_momentum,0.335546875,0.564453125,0.9,12,0.7804916536905228,0.2,True,0.29792499161077857
0.07390029162867595,1.0978348599566496,1.8065298237842469,0.5477281965966128,0.7086949638275972,0.6216284882252887,1.0,250,2,0.05,0.9,sgd,sgd_momentum,0.21787109375000002,0.68212890625,0.9,12,0.7323786636202972,0.2,True,0.2781729985414134
0.06399412067367449,1.095081699309174,1.7946956125167148,0.5477281965966128,0.6996139132075408,0.6117223172702873,1.0,500,2,0.05,0.9,sgd,sgd_momentum,0.20273437500000002,0.697265625,0.9,12,0.7283565902937787,0.2,True,0.2677978757754667
0.12574364163622231,1.0985928853160614,1.845977095336957,0.5477281965966128,0.7473842100208957,0.6734718382328351,1.0,1000,2,0.05,0.9,sgd,sgd_momentum,0.22275390625000002,0.67724609375,0.9,12,0.725962859720354,0.2,True,0.24898649553073454
0.1721218350450886,1.3334905125064245,2.0887171609436623,0.5477281965966128,0.7552266484372379,0.7198500316417014,1.0,2000,2,0.05,0.9,sgd,sgd_momentum,0.265234375,0.634765625,0.9,12,0.7228896546982136,0.2,True,0.21950140457582867
0.17192109315821846,1.774965974072526,2.531305929720377,0.5477281965966128,0.7563399556478507,0.7196492897548312,1.0,5000,2,0.05,0.9,sgd,sgd_momentum,0.28134765625,0.61865234375,0.9,12,0.7189621215182882,0.2,True,0.1957556882188585
0.136095091149543,0.0415016939475219,0.7243839978814581,0.5477281965966128,0.6828823039339362,0.6838232877461558,1.0,0,2,0.003,0.0,adam,adam_default,0.36630859375,0.53369140625,0.9,12,0.010075987830098209,0.2,True,0.708553124763547
0.12269696715038825,0.7992238304985453,1.4845769258187929,0.5477281965966128,0.6853530953202476,0.670425163747001,1.0,100,2,0.003,0.0,adam,adam_default,0.3833984375,0.5166015625,0.9,12,0.5345054196426708,0.2,True,0.39886067934177105
0.09437510844376606,0.7815510705258897,1.5118618465753775,0.5477281965966128,0.7303107760494878,0.6421033050403788,1.0,250,2,0.003,0.0,adam,adam_default,0.2974609375,0.6025390625,0.9,12,0.6058230216570559,0.2,True,0.3372194876484365
0.09570075951939216,0.9442946875862952,1.6748026930760473,0.5477281965966128,0.7305080054897521,0.6434289561160049,1.0,500,2,0.003,0.0,adam,adam_default,0.30283203125,0.59716796875,0.9,12,0.6834354997136092,0.2,True,0.2987026583372381
0.11011910702743521,1.237433607855443,1.96077465526935,0.5477281965966128,0.7233410474139068,0.657847303624048,1.0,1000,2,0.003,0.0,adam,adam_default,0.31748046875,0.58251953125,0.9,12,0.7434847864178786,0.2,True,0.2697310050574093
0.11536650407786853,1.4092566268885434,2.161291476687169,0.5477281965966128,0.7520348497986258,0.6630947006744813,1.0,2000,2,0.003,0.0,adam,adam_default,0.32041015625,0.57958984375,0.9,12,0.7579989621489231,0.2,True,0.25883026457527875
0.14960328467416384,3.27350788452594,4.005950552439535,0.5477281965966128,0.7324426679135955,0.6973314812707766,1.0,5000,2,0.003,0.0,adam,adam_default,0.347265625,0.552734375,0.9,12,0.7602427238398656,0.2,True,0.20143345422565576
0.136095091149543,0.0415016939475219,0.7243839978814581,0.5477281965966128,0.6828823039339362,0.6838232877461558,1.0,0,2,0.001,0.0,adam,adam_slow,0.36630859375,0.53369140625,0.9,12,0.010075987830098209,0.2,True,0.708553124763547
0.11976231458451059,0.17388394212076197,0.8686517924170353,0.5477281965966128,0.6947678502962733,0.6674905111811233,1.0,100,2,0.001,0.0,adam,adam_slow,0.34287109375,0.55712890625,0.9,12,0.19647279856409106,0.2,True,0.5444278489702987
0.12733371368428237,0.7982331700823926,1.4739224455392512,0.5477281965966128,0.6756892754568586,0.6750619102808951,1.0,250,2,0.001,0.0,adam,adam_slow,0.3814453125,0.5185546875,0.9,12,0.5296183580379112,0.2,True,0.4010019424753388
0.1029779061570959,0.8022602063541335,1.5006906896037497,0.5477281965966128,0.6984304832496162,0.6507061027537087,1.0,500,2,0.001,0.0,adam,adam_slow,0.33896484375,0.56103515625,0.9,12,0.5828025471576704,0.2,True,0.3586239217102685
0.09138961778915089,0.8562727663115124,1.5769802946966966,0.5477281965966128,0.7207075283851843,0.6391178143857636,1.0,1000,2,0.001,0.0,adam,adam_slow,0.28671875,0.61328125,0.9,12,0.6428057485427457,0.2,True,0.3164111284829809
0.09980006673446962,1.0421942861221811,1.7846028321399112,0.5477281965966128,0.7424085460177301,0.6475282633310824,1.0,2000,2,0.001,0.0,adam,adam_slow,0.2974609375,0.6025390625,0.9,12,0.7109344350223344,0.2,True,0.2773176657018584
0.15343456509319697,1.589813832358288,2.3456413955981112,0.5477281965966128,0.7558275632398234,0.7011627616898097,1.0,5000,2,0.001,0.0,adam,adam_slow,0.30234375,0.59765625,0.9,12,0.7425487314348033,0.2,True,0.21864383843327176
0.09497782147734157,-0.006918858794449312,0.6864452935458079,0.5647623202926955,0.6933641523402572,0.659740141770037,1.0,0,8,0.05,0.0,sgd,sgd_fast,0.2974609375,0.6025390625,0.9,10,0.0250209480582282,0.2,True,0.729044766395481
0.1165657755779258,0.03023762485228465,0.7150002172844641,0.5647623202926955,0.6847625924321794,0.6813280958706213,1.0,100,8,0.05,0.0,sgd,sgd_fast,0.31455078125,0.58544921875,0.9,10,0.024960184801541954,0.2,True,0.6751903570465707
0.11891269986789677,0.9794738264670578,1.6772694666871402,0.5647623202926955,0.6977956402200823,0.6836750201605922,1.0,250,8,0.05,0.0,sgd,sgd_fast,0.36484375,0.53515625,0.9,10,0.6803731617081595,0.2,True,0.31394985263335184
0.10077309419933345,1.432189966933026,2.1368645455823803,0.5647623202926955,0.7046745786493542,0.6655354144920289,1.0,500,8,0.05,0.0,sgd,sgd_fast,0.31552734375,0.58447265625,0.9,10,0.8193608568647839,0.2,True,0.278514931571868
0.05281397425493217,1.2999138940682027,2.0230356842650616,0.5647623202926955,0.723121790196859,0.6175762945476276,1.0,1000,8,0.05,0.0,sgd,sgd_fast,0.22226562500000002,0.677734375,0.9,10,0.7999383382877674,0.2,True,0.2609404186129728
0.02686820619322039,1.1823838880605968,1.9080117900109697,0.5647623202926955,0.725627901950373,0.5916305264859159,1.0,2000,8,0.05,0.0,sgd,sgd_fast,0.18564453125000002,0.71435546875,0.9,10,0.7541561825769345,0.2,True,0.24577397019349007
0.019190695183862294,1.1775401767477345,1.8893082669561043,0.5647623202926955,0.7117680902083698,0.5839530154765578,1.0,5000,8,0.05,0.0,sgd,sgd_fast,0.18369140625000002,0.71630859375,0.9,10,0.7398680109551269,0.2,True,0.2350769321260038
0.09497782147734157,-0.006918858794449312,0.6864452935458079,0.5647623202926955,0.6933641523402572,0.659740141770037,1.0,0,8,0.01,0.0,sgd,sgd_slow,0.2974609375,0.6025390625,0.9,10,0.0250209480582282,0.2,True,0.729044766395481
0.0936899712495114,0.014749862176528072,0.6954482862785383,0.5647623202926955,0.6806984241020102,0.6584522915422069,1.0,100,8,0.01,0.0,sgd,sgd_slow,0.30185546875,0.59814453125,0.9,10,0.008438453371294244,0.2,True,0.7090619869906292
0.09198098283835887,0.026605124243358813,0.7005869663032406,0.5647623202926955,0.6739818420598818,0.6567433031310543,1.0,250,8,0.01,0.0,sgd,sgd_slow,0.32138671875,0.57861328125,0.9,10,0.006703886442138118,0.2,True,0.6955454757139102
0.11502822647980893,0.030495197498100368,0.7154301781167426,0.5647623202926955,0.6849349806186422,0.6797905467725044,1.0,500,8,0.01,0.0,sgd,sgd_slow,0.31357421875,0.58642578125,0.9,10,0.02547810932922065,0.2,True,0.6747613885226789
0.1108332591362331,0.43863756603393145,1.1340068011667253,0.5647623202926955,0.6953692351327938,0.6755955794289286,1.0,1000,8,0.01,0.0,sgd,sgd_slow,0.3541015625,0.5458984375,0.9,10,0.4061586658387777,0.2,True,0.4273861799709774
0.10942026006973049,1.447398132386788,2.149175169336412,0.5647623202926955,0.7017770369496242,0.674182580362426,1.0,2000,8,0.01,0.0,sgd,sgd_slow,0.3384765625,0.5615234375,0.9,10,0.8183574876968585,0.2,True,0.2831557555819744
0.05205970583999142,1.2994472017842043,2.022626692896157,0.5647623202926955,0.7231794911119528,0.6168220261326869,1.0,5000,8,0.01,0.0,sgd,sgd_slow,0.22519531250000002,0.6748046875,0.9,10,0.7998458516410443,0.2,True,0.260899252451139
0.09497782147734157,-0.006918858794449312,0.6864452935458079,0.5647623202926955,0.6933641523402572,0.659740141770037,1.0,0,8,0.05,0.9,sgd,sgd_momentum,0.2974609375,0.6025390625,0.9,10,0.0250209480582282,0.2,True,0.729044766395481
0.1029819756386623,1.3685106575352601,2.0841955919097543,0.5647623202926955,0.7156849343744942,0.6677442959313578,1.0,100,8,0.05,0.9,sgd,sgd_momentum,0.30771484375,0.59228515625,0.9,10,0.8078830508882229,0.2,True,0.27526846563809954
0.027119469106426375,1.220983847613913,1.948230888611637,0.5647623202926955,0.7272470409977241,0.5918817893991218,1.0,250,8,0.05,0.9,sgd,sgd_momentum,0.19052734375000002,0.70947265625,0.9,10,0.7595865043418752,0.2,True,0.24730636263815414
0.009318064329601361,1.225896996326058,1.9118343679939067,0.5647623202926955,0.6859373716678487,0.5740803846222968,1.0,500,8,0.05,0.9,sgd,sgd_momentum,0.17050781250000002,0.7294921875,0.9,10,0.7417038477473272,0.2,True,0.23672421047168707
0.016705977121272086,1.2390054618282196,1.9268210186704602,0.5647623202926955,0.6878155568422406,0.5814682974139675,1.0,1000,8,0.05,0.9,sgd,sgd_momentum,0.17148437500000002,0.728515625,0.9,10,0.7352470605015622,0.2,True,0.22356495034831847
0.05081275958123832,1.5433317356964265,2.244789669704182,0.5647623202926955,0.7014579340077554,0.6155750798739338,1.0,2000,8,0.05,0.9,sgd,sgd_momentum,0.22080078125000002,0.67919921875,0.9,10,0.7163625991626934,0.2,True,0.18698892242018103
0.07329709536994766,2.5738269464470367,3.2640732820980207,0.5647623202926955,0.690246335650984,0.6380594156626431,1.0,5000,8,0.05,0.9,sgd,sgd_momentum,0.23203125000000002,0.66796875,0.9,10,0.7048663323290969,0.2,True,0.14836830673812115
0.09497782147734157,-0.006918858794449312,0.6864452935458079,0.5647623202926955,0.6933641523402572,0.659740141770037,1.0,0,8,0.003,0.0,adam,adam_default,0.2974609375,0.6025390625,0.9,10,0.0250209480582282,0.2,True,0.729044766395481
0.06529167213481868,1.43395719128029,2.150769640216416,0.5647623202926955,0.7168124489361258,0.6300539924275141,1.0,100,8,0.003,0.0,adam,adam_default,0.257421875,0.642578125,0.9,10,0.8227190689518344,0.2,True,0.27293156230231935
0.012723265589380306,1.2018215397132597,1.905355374535926,0.5647623202926955,0.7035338348226663,0.5774855858820758,1.0,250,8,0.003,0.0,adam,adam_default,0.17050781250000002,0.7294921875,0.9,10,0.7493793050663748,0.2,True,0.2439357845139287
0.013366557774538323,1.2834478293535245,1.9268941902265635,0.5647623202926955,0.643446360873039,0.5781288780672338,1.0,500,8,0.003,0.0,adam,adam_default,0.16318359375000002,0.73681640625,0.9,10,0.7429954493154844,0.2,True,0.225051086033076
0.028440440232287534,1.6433852272380365,2.3370506835370617,0.5647623202926955,0.6936654562990252,0.593202760524983,1.0,1000,8,0.003,0.0,adam,adam_default,0.19589843750000002,0.7041015625,0.9,10,0.7284765723873284,0.2,True,0.17778252956640345
0.05573525040920224,2.6135939444619947,3.2936762656215763,0.5647623202926955,0.6800823211595814,0.6204975707018977,1.0,2000,8,0.003,0.0,adam,adam_default,0.21445312500000002,0.685546875,0.9,10,0.7293943447020383,0.2,True,0.13067039775385147
0.06077427591765616,4.7591834971887454,5.435391553410273,0.5647623202926955,0.6762080562215278,0.6255365962103516,1.0,5000,8,0.003,0.0,adam,adam_default,0.22128906250000002,0.6787109375,0.9,10,0.727807228906363,0.2,True,0.08881372239012744
0.09497782147734157,-0.006918858794449312,0.6864452935458079,0.5647623202926955,0.6933641523402572,0.659740141770037,1.0,0,8,0.001,0.0,adam,adam_slow,0.2974609375,0.6025390625,0.9,10,0.0250209480582282,0.2,True,0.729044766395481
0.093405360002079,0.40618243210033134,1.1012044946990958,0.5647623202926955,0.6950220625987644,0.6581676802947745,1.0,100,8,0.001,0.0,adam,adam_slow,0.308203125,0.591796875,0.9,10,0.3859750207486691,0.2,True,0.4349560106027065
0.06315261866135691,1.3674762603769086,2.0779776421242175,0.5647623202926955,0.7105013817473089,0.6279149389540524,1.0,250,8,0.001,0.0,adam,adam_slow,0.25498046875,0.64501953125,0.9,10,0.8095741151830183,0.2,True,0.2735735695133996
0.025298984614577247,1.2056397050405259,1.909551325831294,0.5647623202926955,0.7039116207907681,0.5900613049072727,1.0,500,8,0.001,0.0,adam,adam_slow,0.17880859375000002,0.72119140625,0.9,10,0.7631403469401499,0.2,True,0.24873884073425462
0.01745983166332088,1.21783847308257,1.8858012670705033,0.5647623202926955,0.6679627939879333,0.5822221519560163,1.0,1000,8,0.001,0.0,adam,adam_slow,0.15390625000000002,0.74609375,0.9,10,0.7436396162954506,0.2,True,0.23810483086379414
0.022718764205853503,1.3442647432276895,1.9872335301360242,0.5647623202926955,0.6429687869083348,0.587481084498549,1.0,2000,8,0.001,0.0,adam,adam_slow,0.16513671875000002,0.73486328125,0.9,10,0.7343273520599684,0.2,True,0.21026894478488428
0.07849074633922903,2.8764178693591225,3.5754040522872317,0.5647623202926955,0.6989861829281094,0.6432530666319245,1.0,5000,8,0.001,0.0,adam,adam_slow,0.21787109375000002,0.68212890625,0.9,10,0.7031142663989627,0.2,True,0.13564124036971423
0.07023308540418982,0.02256406990742965,0.698192768808696,0.5656126401123466,0.6756286989012663,0.6358457255165364,1.0,0,8,0.05,0.0,sgd,sgd_fast,0.26669921875,0.63330078125,0.9,11,0.014783433779790087,0.2,True,0.7198123015992892
0.11232212552222276,0.05720864849519114,0.7710701970279675,0.5656126401123466,0.7138615485327764,0.6779347656345693,1.0,100,8,0.05,0.0,sgd,sgd_fast,0.27841796875,0.62158203125,0.9,11,0.08204599680497673,0.2,True,0.6348432786238382
0.09201809316018217,0.8477616640501942,1.581555416978726,0.5656126401123466,0.7337937529285319,0.6576307332725287,1.0,250,8,0.05,0.0,sgd,sgd_fast,0.25205078125,0.64794921875,0.9,11,0.6314339116554619,0.2,True,0.3583296288040314
0.06776640151325919,1.1482835993953504,1.9055522370833995,0.5656126401123466,0.7572686376880491,0.6333790416256058,1.0,500,8,0.05,0.0,sgd,sgd_fast,0.21787109375000002,0.68212890625,0.9,11,0.7697563514659769,0.2,True,0.31310221641400643
0.05391311025930745,1.0007541208589228,1.796132722203697,0.5656126401123466,0.7953786013447741,0.619525750371654,1.0,1000,8,0.05,0.0,sgd,sgd_fast,0.16953125000000002,0.73046875,0.9,11,0.7423759470643054,0.2,True,0.289017539477857
0.05759263891036426,0.9481913604556532,1.7563962552147983,0.5656126401123466,0.808204894759145,0.6232052790227108,1.0,2000,8,0.05,0.0,sgd,sgd_fast,0.17001953125000002,0.72998046875,0.9,11,0.7154365418092579,0.2,True,0.2778749250510187
0.06368632379749795,0.9712589705733077,1.778424655384328,0.5656126401123466,0.8071656848110202,0.6292989639098445,1.0,5000,8,0.05,0.0,sgd,sgd_fast,0.16611328125000002,0.73388671875,0.9,11,0.7151583353334644,0.2,True,0.26560378644091687
0.07023308540418982,0.02256406990742965,0.698192768808696,0.5656126401123466,0.6756286989012663,0.6358457255165364,1.0,0,8,0.01,0.0,sgd,sgd_slow,0.26669921875,0.63330078125,0.9,11,0.014783433779790087,0.2,True,0.7198123015992892
0.05885758420734477,0.0361707736232022,0.7029485016271845,0.5656126401123466,0.6667777280039823,0.6244702243196913,1.0,100,8,0.01,0.0,sgd,sgd_slow,0.2681640625,0.6318359375,0.9,11,0.006778877175545677,0.2,True,0.7027590576764695
0.09080694877182682,0.03263023683809929,0.7122738473293588,0.5656126401123466,0.6796436104912595,0.6564195888841734,1.0,250,8,0.01,0.0,sgd,sgd_slow,0.27353515625,0.62646484375,0.9,11,0.0168544649966519,0.2,True,0.6846479012656913
0.11147792436456005,0.05830462443429685,0.772357801781128,0.5656126401123466,0.7140531773468312,0.6770905644769066,1.0,500,8,0.01,0.0,sgd,sgd_slow,0.2759765625,0.6240234375,0.9,11,0.08329596677322998,0.2,True,0.6340287608232189
0.08898872946654868,0.5771127731460675,1.309812583662374,0.5656126401123466,0.7326998105163065,0.6546013695788953,1.0,1000,8,0.01,0.0,sgd,sgd_slow,0.261328125,0.638671875,0.9,11,0.48800137302545477,0.2,True,0.41226517733164086
0.08545620338446691,1.1554489120649256,1.902000890878722,0.5656126401123466,0.7465519788137964,0.6510688434968135,1.0,2000,8,0.01,0.0,sgd,sgd_slow,0.24277343750000002,0.6572265625,0.9,11,0.762134248417664,0.2,True,0.32110956092166015
0.050537873864913596,1.0004239521661422,1.795876410469277,0.5656126401123466,0.7954524583031348,0.6161505139772602,1.0,5000,8,0.01,0.0,sgd,sgd_slow,0.17148437500000002,0.728515625,0.9,11,0.7422756146731817,0.2,True,0.2889880698794213
0.07023308540418982,0.02256406990742965,0.698192768808696,0.5656126401123466,0.6756286989012663,0.6358457255165364,1.0,0,8,0.05,0.9,sgd,sgd_momentum,0.26669921875,0.63330078125,0.9,11,0.014783433779790087,0.2,True,0.7198123015992892
0.06531538180948215,1.1443008262721286,1.9037680970804507,0.5656126401123466,0.7594672708083221,0.6309280219218287,1.0,100,8,0.05,0.9,sgd,sgd_momentum,0.20810546875000002,0.69189453125,0.9,11,0.7733734820708138,0.2,True,0.3079947478099027
0.05102757674336744,0.9694159098230146,1.7537681849037654,0.5656126401123466,0.7843522750807508,0.616640216855714,1.0,250,8,0.05,0.9,sgd,sgd_momentum,0.15292968750000002,0.7470703125,0.9,11,0.7138736725705266,0.2,True,0.27793266130782
0.05331357908395684,0.9986235291827006,1.770530585008953,0.5656126401123466,0.7719070558262524,0.6189262191963034,1.0,500,8,0.05,0.9,sgd,sgd_momentum,0.15439453125000002,0.74560546875,0.9,11,0.7116498388549941,0.2,True,0.26763139760400295
0.049672852422974145,1.0698642825481515,1.8150151744596177,0.5656126401123466,0.7451508919114662,0.6152854925353207,1.0,1000,8,0.05,0.9,sgd,sgd_momentum,0.16513671875000002,0.73486328125,0.9,11,0.7067370142903251,0.2,True,0.251109882369374
0.051107712151811535,1.3446310516923201,2.058608492866423,0.5656126401123466,0.7139774411741027,0.6167203522641581,1.0,2000,8,0.05,0.9,sgd,sgd_momentum,0.17734375000000002,0.72265625,0.9,11,0.6982415479937389,0.2,True,0.21726055712241357
0.1418971204614693,1.4857576316767234,2.243577022898884,0.5656126401123466,0.7578193912221604,0.7075097605738159,1.0,5000,8,0.05,0.9,sgd,sgd_momentum,0.27744140625,0.62255859375,0.9,11,0.6827224294052436,0.2,True,0.3396043916159565
0.07023308540418982,0.02256406990742965,0.698192768808696,0.5656126401123466,0.6756286989012663,0.6358457255165364,1.0,0,8,0.003,0.0,adam,adam_default,0.26669921875,0.63330078125,0.9,11,0.014783433779790087,0.2,True,0.7198123015992892
0.04830199846788974,1.0333352147609038,1.7997073009968458,0.5656126401123466,0.766372086235942,0.6139146385802363,1.0,100,8,0.003,0.0,adam,adam_default,0.16562500000000002,0.734375,0.9,11,0.7428151267364391,0.2,True,0.29520169072760993
0.030913108365134723,1.0365435702787067,1.7479060534453734,0.5656126401123466,0.7113624831666667,0.5965257484774813,1.0,250,8,0.003,0.0,adam,adam_default,0.13876953125000002,0.76123046875,0.9,11,0.7089978883297463,0.2,True,0.26273309849203996
0.04598323091069345,1.1719298764367685,1.8454534848352764,0.5656126401123466,0.673523608398508,0.61159587102304,1.0,500,8,0.003,0.0,adam,adam_default,0.15927734375000002,0.74072265625,0.9,11,0.7101060472187266,0.2,True,0.23787563173012555
0.0728091277744567,1.654914188585649,2.3848938492396257,0.5656126401123466,0.7299796606539767,0.6384217678868033,1.0,1000,8,0.003,0.0,adam,adam_default,0.17392578125000002,0.72607421875,0.9,11,0.7095614616475125,0.2,True,0.19699333629588134
0.09189499225834119,2.992810933101525,3.7288568408609812,0.5656126401123466,0.7360459077594563,0.6575076323706878,1.0,2000,8,0.003,0.0,adam,adam_default,0.21250000000000002,0.6875,0.9,11,0.7073002579975608,0.2,True,0.1462606069364226
0.09494837971932524,4.866510065947189,5.552178264303015,0.5656126401123466,0.6856681983558257,0.6605610198316718,1.0,5000,8,0.003,0.0,adam,adam_default,0.21884765625000002,0.68115234375,0.9,11,0.7089915023638683,0.2,True,0.10981732772056275
0.07023308540418982,0.02256406990742965,0.698192768808696,0.5656126401123466,0.6756286989012663,0.6358457255165364,1.0,0,8,0.001,0.0,adam,adam_slow,0.26669921875,0.63330078125,0.9,11,0.014783433779790087,0.2,True,0.7198123015992892
0.09437457288892626,0.4263380701618429,1.1670459261369186,0.5656126401123466,0.7407078559750757,0.6599872130012728,1.0,100,8,0.001,0.0,adam,adam_slow,0.25107421875,0.64892578125,0.9,11,0.437072913543921,0.2,True,0.42251676046445497
0.052524772000879794,1.0846719189690004,1.834757403029308,0.5656126401123466,0.7500854840603075,0.6181374121132264,1.0,250,8,0.001,0.0,adam,adam_slow,0.18027343750000002,0.7197265625,0.9,11,0.754135399598632,0.2,True,0.2971696843695709
0.04401529699179629,1.0117612589486225,1.750589262028976,0.5656126401123466,0.7388280030803537,0.6096279371041429,1.0,500,8,0.001,0.0,adam,adam_slow,0.14951171875000002,0.75048828125,0.9,11,0.7144049194187185,0.2,True,0.2708889821493923
0.03742843206232238,1.085402074397588,1.7828533233827373,0.5656126401123466,0.6974512489851492,0.603041072174669,1.0,1000,8,0.001,0.0,adam,adam_slow,0.14853515625000002,0.75146484375,0.9,11,0.708849176174036,0.2,True,0.252465702003991
0.06134681266585251,1.4362224441475329,2.138687808007779,0.5656126401123466,0.702465363860246,0.6269594527781991,1.0,2000,8,0.001,0.0,adam,adam_slow,0.17294921875000002,0.72705078125,0.9,11,0.7124215817380212,0.2,True,0.21119994485841403
0.09158383110582025,3.229932098539451,3.920580579016053,0.5656126401123466,0.690648480476602,0.6571964712181668,1.0,5000,8,0.001,0.0,adam,adam_slow,0.20224609375000002,0.69775390625,0.9,11,0.697037380405748,0.2,True,0.1377663091409848
0.11682382210231801,-0.002785006737365592,0.6948193274945578,0.5477281965966128,0.6976043342319234,0.6645520186989308,1.0,0,8,0.05,0.0,sgd,sgd_fast,0.2583984375,0.6416015625,0.9,12,0.005520792938334263,0.2,True,0.6950287285987768
0.06471863465138017,0.2756675637872473,0.9646958526616913,0.5477281965966128,0.689028288874444,0.6124468312479929,1.0,100,8,0.05,0.0,sgd,sgd_fast,0.24472656250000002,0.6552734375,0.9,12,0.27634346505656937,0.2,True,0.5058369415082345
0.07231819572625753,1.2462714116942943,1.9369626272195895,0.5477281965966128,0.6906912155252951,0.6200463923228703,1.0,250,8,0.05,0.0,sgd,sgd_fast,0.2662109375,0.6337890625,0.9,12,0.7694104901921737,0.2,True,0.3099245329533129
0.060860974652228395,1.2907023545445817,1.9982966016336328,0.5477281965966128,0.707594247089051,0.6085891712488412,1.0,500,8,0.05,0.0,sgd,sgd_fast,0.24423828125000002,0.65576171875,0.9,12,0.7868737645724122,0.2,True,0.2964717577112854
0.04335510798847464,1.136766204360113,1.8767645483247017,0.5477281965966128,0.7399983439645889,0.5910833045850874,1.0,1000,8,0.05,0.0,sgd,sgd_fast,0.20664062500000002,0.693359375,0.9,12,0.7579077961147604,0.2,True,0.2808787955384648
0.04606026683232778,1.0733522555083232,1.8299129085871624,0.5477281965966128,0.7565606530788392,0.5937884634289405,1.0,2000,8,0.05,0.0,sgd,sgd_fast,0.19248046875000002,0.70751953125,0.9,12,0.7364272494761461,0.2,True,0.27287872614921144
0.04009798966546474,1.0812659535730378,1.8395318133421514,0.5477281965966128,0.7582658597691136,0.5878261862620775,1.0,5000,8,0.05,0.0,sgd,sgd_fast,0.19150390625000002,0.70849609375,0.9,12,0.7334031771446166,0.2,True,0.25884009103690614
0.11682382210231801,-0.002785006737365592,0.6948193274945578,0.5477281965966128,0.6976043342319234,0.6645520186989308,1.0,0,8,0.01,0.0,sgd,sgd_slow,0.2583984375,0.6416015625,0.9,12,0.005520792938334263,0.2,True,0.6950287285987768
0.07927114014009318,0.02184851967322965,0.7102194059750009,0.5477281965966128,0.6883708863017712,0.6269993367367059,1.0,100,8,0.01,0.0,sgd,sgd_slow,0.2603515625,0.6396484375,0.9,12,0.020525853443066053,0.2,True,0.6775518137693148
0.07174045964272235,0.07009322723276856,0.7530452279299906,0.5477281965966128,0.6829520006972221,0.6194686562393351,1.0,250,8,0.01,0.0,sgd,sgd_slow,0.257421875,0.642578125,0.9,12,0.07242987301292186,0.2,True,0.6373526994155985
0.06319054761804443,0.27946276509518597,0.9684757452302712,0.5477281965966128,0.6890129801350853,0.6109187442146572,1.0,500,8,0.01,0.0,sgd,sgd_slow,0.24423828125000002,0.65576171875,0.9,12,0.2795188261214758,0.2,True,0.5039991511168219
0.07789487284713448,1.0836648767948807,1.7727441903552439,0.5477281965966128,0.6890793135603632,0.6256230694437472,1.0,1000,8,0.01,0.0,sgd,sgd_slow,0.28037109375,0.61962890625,0.9,12,0.7181859006701277,0.2,True,0.3213599344337719
0.06322697540668387,1.3129988320997839,2.0129332689650745,0.5477281965966128,0.6999344368652907,0.6109551720032966,1.0,2000,8,0.01,0.0,sgd,sgd_slow,0.24912109375000002,0.65087890625,0.9,12,0.7895433844905063,0.2,True,0.30039553458801027
0.04515545458776504,1.1367792682313727,1.876772280210068,0.5477281965966128,0.7399930119786953,0.5928836511843778,1.0,5000,8,0.01,0.0,sgd,sgd_slow,0.20322265625000002,0.69677734375,0.9,12,0.757908499416804,0.2,True,0.2808685974589449
0.11682382210231801,-0.002785006737365592,0.6948193274945578,0.5477281965966128,0.6976043342319234,0.6645520186989308,1.0,0,8,0.05,0.9,sgd,sgd_momentum,0.2583984375,0.6416015625,0.9,12,0.005520792938334263,0.2,True,0.6950287285987768
0.06168752863242566,1.2086368308962236,1.932881862848317,0.5477281965966128,0.7242450319520934,0.6094157252290384,1.0,100,8,0.05,0.9,sgd,sgd_momentum,0.24228515625000002,0.65771484375,0.9,12,0.7712678836789075,0.2,True,0.2878701108418481
0.043357300611793215,1.080662443608161,1.816883723044386,0.5477281965966128,0.7362212794362247,0.591085497208406,1.0,250,8,0.05,0.9,sgd,sgd_momentum,0.18417968750000002,0.7158203125,0.9,12,0.7320351277324467,0.2,True,0.2718599073998975
0.03298842188472273,1.0901688864104457,1.8278537610618941,0.5477281965966128,0.7376848746514484,0.5807166184813355,1.0,500,8,0.05,0.9,sgd,sgd_momentum,0.17343750000000002,0.7265625,0.9,12,0.7300513041910103,0.2,True,0.25856106169007065
0.059558252911853904,1.2043722849395933,1.9335091208662851,0.5477281965966128,0.7291368359266919,0.6072864495084667,1.0,1000,8,0.05,0.9,sgd,sgd_momentum,0.20175781250000002,0.6982421875,0.9,12,0.7311015156990519,0.2,True,0.23515115131766898
0.10259958562424865,1.4971339451965402,2.219265207712697,0.5477281965966128,0.7221312625161567,0.6503277822208614,1.0,2000,8,0.05,0.9,sgd,sgd_momentum,0.22470703125000002,0.67529296875,0.9,12,0.7217920626806709,0.2,True,0.20662305920400162
0.06008498305588095,2.4512671042756997,3.125366938161312,0.5477281965966128,0.6740998338856123,0.6078131796524937,1.0,5000,8,0.05,0.9,sgd,sgd_momentum,0.21005859375000002,0.68994140625,0.9,12,0.7207031200847466,0.2,True,0.16051462829619012
0.11682382210231801,-0.002785006737365592,0.6948193274945578,0.5477281965966128,0.6976043342319234,0.6645520186989308,1.0,0,8,0.003,0.0,adam,adam_default,0.2583984375,0.6416015625,0.9,12,0.005520792938334263,0.2,True,0.6950287285987768
0.07336652502941265,1.2357955620570413,1.956849705372742,0.5477281965966128,0.7210541433157007,0.6210947216260254,1.0,100,8,0.003,0.0,adam,adam_default,0.25791015625,0.64208984375,0.9,12,0.7777663636380148,0.2,True,0.29252674040909094
0.03232958185054158,1.0558959682302305,1.8011365366126313,0.5477281965966128,0.7452405683824008,0.5800577784471543,1.0,250,8,0.003,0.0,adam,adam_default,0.19101562500000002,0.708984375,0.9,12,0.7267972494865003,0.2,True,0.26776816198657016
0.026244970302609083,1.1298883504452988,1.8467316609361504,0.5477281965966128,0.7168433104908516,0.5739731668992218,1.0,500,8,0.003,0.0,adam,adam_default,0.18613281250000002,0.7138671875,0.9,12,0.7260867959039554,0.2,True,0.24941411883912265
0.07221785120875068,1.7803028415740976,2.4603272646348655,0.5477281965966128,0.6800244230607679,0.6199460478053634,1.0,1000,8,0.003,0.0,adam,adam_default,0.21152343750000002,0.6884765625,0.9,12,0.7379226609780498,0.2,True,0.183646595652299
0.11273247908891637,3.4977516563889517,4.178311637154754,0.5477281965966128,0.680559980765802,0.6604606756855291,1.0,2000,8,0.003,0.0,adam,adam_default,0.25400390625,0.64599609375,0.9,12,0.7546898709932375,0.2,True,0.12398686866991743
0.09451608322529881,6.7011070373510595,7.350622542295251,0.5477281965966128,0.6495155049441912,0.6422442798219116,1.0,5000,8,0.003,0.0,adam,adam_default,0.24228515625000002,0.65771484375,0.9,12,0.7659987370051646,0.2,True,0.08200083954921693
0.11682382210231801,-0.002785006737365592,0.6948193274945578,0.5477281965966128,0.6976043342319234,0.6645520186989308,1.0,0,8,0.001,0.0,adam,adam_slow,0.2583984375,0.6416015625,0.9,12,0.005520792938334263,0.2,True,0.6950287285987768
0.08847202707721835,0.6653284050690431,1.3540876249765583,0.5477281965966128,0.6887592199075152,0.6362002236738311,1.0,100,8,0.001,0.0,adam,adam_slow,0.28623046875,0.61376953125,0.9,12,0.5276399003821436,0.2,True,0.3833661798863355
0.06371620613462292,1.2322818799387996,1.9500970676260743,0.5477281965966128,0.7178151876872748,0.6114444027312357,1.0,250,8,0.001,0.0,adam,adam_slow,0.25107421875,0.64892578125,0.9,12,0.7777816041618434,0.2,True,0.29399054023216487
0.03202326848463344,1.0384596943971192,1.8042559680258972,0.5477281965966128,0.765796273628778,0.5797514650812462,1.0,500,8,0.001,0.0,adam,adam_slow,0.18808593750000002,0.7119140625,0.9,12,0.7337744123108171,0.2,True,0.27260942005495326
0.0447628059412406,1.0754393279137475,1.8319203960286248,0.5477281965966128,0.7564810681148774,0.5924910025378534,1.0,1000,8,0.001,0.0,adam,adam_slow,0.17734375000000002,0.72265625,0.9,12,0.729544406984802,0.2,True,0.2586353118867373
0.05372474367152924,1.2699469341899836,2.018242477126204,0.5477281965966128,0.7482955429362205,0.601452940268142,1.0,2000,8,0.001,0.0,adam,adam_slow,0.21250000000000002,0.6875,0.9,12,0.7311569406357121,0.2,True,0.22202856981217067
0.09869230053490585,3.074228926193138,3.7331547303232178,0.5477281965966128,0.6589258041300801,0.6464204971315186,1.0,5000,8,0.001,0.0,adam,adam_slow,0.23789062500000002,0.662109375,0.9,12,0.7409685423668897,0.2,True,0.14293021887563628
0.1828903142451959,-0.08273963068478873,0.25364874042717456,0.0544888681886149,0.3363883711119633,0.2373791824338108,0.0,1000,1,0.05,0.0,sgd,sgd_fast,-0.023339843749999978,0.92333984375,0.9,10,0.12412947036615188,0.0,False,0.05885526178623584
0.05038800059027225,0.011985887144082413,0.1960754941130746,0.0544888681886149,0.18408960696899218,0.10487686877888715,0.0,1000,1,0.003,0.0,adam,adam_default,-0.07363281249999998,0.9736328125,0.9,10,0.028457639487173586,0.0,False,0.11220121852311764
0.1043293965905506,-0.12638108725274533,0.18466762639337242,0.0544888681886149,0.31104871364611775,0.1588182647791655,0.0,1000,2,0.05,0.0,sgd,sgd_fast,-0.05068359374999998,0.95068359375,0.9,10,0.0994542652771675,0.0,False,0.024453267161573953
-0.0035470724099629786,-0.022593177821507007,0.08657916410866713,0.0544888681886149,0.10917234193017414,0.05094179577865192,0.0,1000,2,0.003,0.0,adam,adam_default,-0.08437499999999998,0.984375,0.9,10,0.033487225915965556,0.0,False,0.004253309295096474
0.13329319990667746,-0.028245260028620572,0.2346647430473637,0.0544888681886149,0.2629100030759843,0.18778206809529235,0.0,1000,3,0.05,0.0,sgd,sgd_fast,-0.04384765624999998,0.94384765625,0.9,10,0.11404620575695114,0.0,False,0.053696911705395076
0.007416825159252634,0.021175527159869506,0.10418527686578138,0.0544888681886149,0.08300974970591188,0.06190569334786753,0.0,1000,3,0.003,0.0,adam,adam_default,-0.07851562499999998,0.978515625,0.9,10,0.03645767797464748,0.0,False,0.0032106386753497406
0.10436826947991487,-0.015464329241019592,0.18748907704894313,0.0544888681886149,0.20295340628996272,0.15885713766852977,0.0,1000,4,0.05,0.0,sgd,sgd_fast,-0.05507812499999998,0.955078125,0.9,10,0.09922063306991949,0.0,False,0.02461245016257497
0.016178393621351955,0.014911572521629973,0.09699919365119372,0.0544888681886149,0.08208762112956375,0.07066726180996685,0.0,1000,4,0.003,0.0,adam,adam_default,-0.07900390624999998,0.97900390625,0.9,10,0.029668946142900086,0.0,False,0.0020212934229662106
0.07482394815762822,-0.03306133679833834,0.19798863117062038,0.0544888681886149,0.2310499679689587,0.12931281634624311,0.0,1000,6,0.05,0.0,sgd,sgd_fast,-0.05654296874999998,0.95654296875,0.9,10,0.10268361679659546,0.0,False,0.024317054304561464
0.01542159968526663,0.0031402498514660343,0.10261587303948022,0.0544888681886149,0.09947562318801419,0.06991046787388153,0.0,1000,6,0.003,0.0,adam,adam_default,-0.08046874999999998,0.98046875,0.9,10,0.03411263553772767,0.0,False,0.00261084234904366
0.1224713865823287,-0.018421165994768396,0.19965937041335208,0.0544888681886149,0.21808053640812047,0.1769602547709436,0.0,1000,8,0.05,0.0,sgd,sgd_fast,-0.04677734374999998,0.94677734375,0.9,10,0.10311457782662811,0.0,False,0.02461184652522589
0.02570431945886395,0.02325621196587585,0.1515270920246422,0.0544888681886149,0.12827088005876636,0.08019318764747885,0.0,1000,8,0.003,0.0,adam,adam_default,-0.08242187499999998,0.982421875,0.9,10,0.04002925644722301,0.0,False,0.0012641542422752103
0.04411896213559677,-0.01602929564146252,0.18449173009217149,0.0544888681886149,0.200521025733634,0.09860783032421166,0.0,1000,16,0.05,0.0,sgd,sgd_fast,-0.07265624999999998,0.97265625,0.9,10,0.0961884681786683,0.0,False,0.02290481329475068
-0.022426652313533663,0.04256133201685133,0.13764069011725494,0.0544888681886149,0.0950793581004036,0.032062215875081235,0.0,1000,16,0.003,0.0,adam,adam_default,-0.08876953124999998,0.98876953125,0.9,10,0.035669681589411514,0.0,False,0.0009171019418400834
0.16051889466295274,-0.18061014831106992,0.24355564949252967,0.0544888681886149,0.4241657978035996,0.21500776285156764,0.2,1000,1,0.05,0.0,sgd,sgd_fast,-0.027246093749999978,0.92724609375,0.9,10,0.11846879821525033,0.0,False,0.060087720075271425
0.02488577243668623,-0.008662776708998426,0.12858511169991654,0.0544888681886149,0.13724788840891497,0.07937464062530113,0.2,1000,1,0.003,0.0,adam,adam_default,-0.07607421874999998,0.97607421875,0.9,10,0.02709024947880092,0.0,False,0.06632642913424541
0.13422017296319352,-0.09497393114393998,0.19523724540384774,0.0544888681886149,0.2902111765477877,0.18870904115180842,0.2,1000,2,0.05,0.0,sgd,sgd_fast,-0.04140624999999998,0.94140625,0.9,10,0.1038439366302751,0.0,False,0.02552066063799777
0.02348412167405603,-0.06135878351548188,0.09627610237568085,0.0544888681886149,0.15763488589116273,0.07797298986267093,0.2,1000,2,0.003,0.0,adam,adam_default,-0.07363281249999998,0.9736328125,0.9,10,0.03650678036372451,0.0,False,0.00465303874003723
0.12731491077999094,-0.07119331172645543,0.20978267762266084,0.0544888681886149,0.2809759893491163,0.18180377896860583,0.2,1000,3,0.05,0.0,sgd,sgd_fast,-0.04482421874999998,0.94482421875,0.9,10,0.10816340076055024,0.0,False,0.025681125813682773
0.023059627047114173,-0.042420254379203076,0.09335559918685615,0.0544888681886149,0.13577585356605923,0.07754849523572907,0.2,1000,3,0.003,0.0,adam,adam_default,-0.07558593749999998,0.9755859375,0.9,10,0.032701648056005415,0.0,False,0.004015765280245671
0.10755259172181689,-0.054820715660619024,0.22686557414086356,0.0544888681886149,0.2816862898014826,0.16204145991043178,0.2,1000,4,0.05,0.0,sgd,sgd_fast,-0.05458984374999998,0.95458984375,0.9,10,0.10918398397495252,0.0,False,0.05151087344168326
0.022482158573757516,-0.06487929311344351,0.11335629064731681,0.0544888681886149,0.17823558376076032,0.07697102676237241,0.2,1000,4,0.003,0.0,adam,adam_default,-0.07900390624999998,0.97900390625,0.9,10,0.02692310662935528,0.0,False,0.040080232433491444
0.046404318784874166,-0.0029501395183177126,0.1864178132740543,0.0544888681886149,0.189367952792372,0.10089318697348906,0.2,1000,6,0.05,0.0,sgd,sgd_fast,-0.07216796874999998,0.97216796875,0.9,10,0.09756250132049207,0.0,False,0.0235958404573254
0.0173499126334547,0.02581183568417597,0.1204974017746546,0.0544888681886149,0.09468556609047862,0.0718387808220696,0.2,1000,6,0.003,0.0,adam,adam_default,-0.07851562499999998,0.978515625,0.9,10,0.03747778041491582,0.0,False,0.0016586239593926618
0.0837423869275222,-0.02292993978970942,0.18735587271914045,0.0544888681886149,0.21028581250884987,0.1382312551161371,0.2,1000,8,0.05,0.0,sgd,sgd_fast,-0.05556640624999998,0.95556640625,0.9,10,0.09766713974403124,0.0,False,0.02434886369952537
0.009491668480110071,0.018478869888350832,0.10446838168960026,0.0544888681886149,0.08598951180124943,0.06398053666872497,0.2,1000,8,0.003,0.0,adam,adam_default,-0.08486328124999998,0.98486328125,0.9,10,0.03388197740441605,0.0,False,0.0018152231786240322
0.007585399591248154,0.02817619584376463,0.19323447958065812,0.0544888681886149,0.1650582837368935,0.06207426777986305,0.2,1000,16,0.05,0.0,sgd,sgd_fast,-0.07949218749999998,0.9794921875,0.9,10,0.10217857491759813,0.0,False,0.02507689253373822
-0.00791536936005785,0.04512408084814956,0.1407702701532565,0.0544888681886149,0.09564618930510693,0.04657349882855705,0.2,1000,16,0.003,0.0,adam,adam_default,-0.08681640624999998,0.98681640625,0.9,10,0.039717638554857146,0.0,False,0.0016594340309737238
0.4557224753566572,0.1021107957372146,0.7489259258241334,0.17939112105966093,0.6468151300869188,0.6351135964163181,0.4,1000,1,0.05,0.0,sgd,sgd_fast,0.11484375000000002,0.78515625,0.9,10,0.3396174146684763,0.0,True,0.14073238515788025
0.04771773572969337,-0.12155298005802245,0.2869266480866417,0.17939112105966093,0.40847962814466415,0.2271088567893543,0.4,1000,1,0.003,0.0,adam,adam_default,-0.03457031249999998,0.9345703125,0.9,10,0.0923252940930259,0.0,False,0.06756806302097547
0.5031948959587927,0.17365107396607693,0.8284121949997562,0.17939112105966093,0.6547611210336792,0.6825860170184537,0.4,1000,2,0.05,0.0,sgd,sgd_fast,0.12460937500000002,0.775390625,0.9,10,0.3748861667565381,0.0,True,0.150336710993006
-0.02170139488471018,-0.2321955400856281,0.18886923807135875,0.17939112105966093,0.42106477815698684,0.15768972617495075,0.4,1000,2,0.003,0.0,adam,adam_default,-0.06582031249999998,0.9658203125,0.9,10,0.05904372644321315,0.0,False,0.0477017461561252
0.39826156172619365,0.11681447634099185,0.7465689470742697,0.17939112105966093,0.6297544707332778,0.5776526827858546,0.4,1000,3,0.05,0.0,sgd,sgd_fast,0.08945312500000002,0.810546875,0.9,10,0.3349467646635331,0.0,True,0.1327363820579408
0.017845066105956514,0.025357746750188925,0.2727048444350794,0.17939112105966093,0.2473470976848905,0.19723618716561744,0.4,1000,3,0.003,0.0,adam,adam_default,-0.04921874999999998,0.94921875,0.9,10,0.08238261523393434,0.0,False,0.04958429886667087
0.1494047255986014,0.1611238874808082,0.683508936607106,0.17939112105966093,0.5223850491262978,0.32879584665826234,0.4,1000,4,0.05,0.0,sgd,sgd_fast,0.008886718750000022,0.89111328125,0.9,10,0.3103268003665498,0.0,True,0.09578029845938114
-0.008332391033424869,0.090518120108108,0.3025157281780383,0.17939112105966093,0.2119976080699303,0.17105873002623606,0.4,1000,4,0.003,0.0,adam,adam_default,-0.04531249999999998,0.9453125,0.9,10,0.09926195130252982,0.0,False,0.008212921994707549
0.07665013529641806,0.08358530823544441,0.6754652617369543,0.17939112105966093,0.5918799535015099,0.256041256356079,0.4,1000,6,0.05,0.0,sgd,sgd_fast,-0.014550781249999978,0.91455078125,0.9,10,0.31722129494686824,0.0,False,0.10033288817193997
-0.0835203385948726,0.038049889857969754,0.23725159391913908,0.17939112105966093,0.19920170406116933,0.09587078246478833,0.4,1000,6,0.003,0.0,adam,adam_default,-0.06240234374999998,0.96240234375,0.9,10,0.08020660929956377,0.0,False,0.007035076910986662
0.06161621027505432,0.1847671017129625,0.6652246877396553,0.17939112105966093,0.48045758602669275,0.24100733133471525,0.4,1000,8,0.05,0.0,sgd,sgd_fast,-0.010156249999999978,0.91015625,0.9,10,0.30189138163964646,0.0,False,0.09454721100968175
-0.03801777248140531,0.17357692741525485,0.3573553530155278,0.17939112105966093,0.18377842560027294,0.14137334857825562,0.4,1000,8,0.003,0.0,adam,adam_default,-0.05556640624999998,0.95556640625,0.9,10,0.09332157766340271,0.0,False,0.003890405512824123
0.0021871855063570478,0.21557180148945732,0.6298658655001287,0.17939112105966093,0.41429406401067137,0.18157830656601798,0.4,1000,16,0.05,0.0,sgd,sgd_fast,-0.029199218749999978,0.92919921875,0.9,10,0.2976317701190671,0.0,False,0.09195974694197238
-0.08279947792330838,0.21351062986913988,0.3839244303323589,0.17939112105966093,0.17041380046321902,0.09659164313635255,0.4,1000,16,0.003,0.0,adam,adam_default,-0.06337890624999998,0.96337890625,0.9,10,0.080173257219468,0.0,False,0.0016039467421902396
0.5766499186318432,0.24685580251102834,0.9799914755942201,0.12421377811087692,0.7331356730831917,0.7008636967427202,0.6,1000,1,0.05,0.0,sgd,sgd_fast,0.21201171875000002,0.68798828125,0.9,10,0.4665164266716044,0.0,True,0.17593304463823894
0.06281073171254212,-0.04236745722481167,0.211742847284204,0.12421377811087692,0.25411030450901567,0.18702450982341903,0.6,1000,1,0.003,0.0,adam,adam_default,-0.04482421874999998,0.94482421875,0.9,10,0.07288840187437279,0.0,False,0.04918516166970118
0.6166097349060642,0.36396821276782576,1.070239989257478,0.12421377811087692,0.7062717764896523,0.7408235130169412,0.6,1000,2,0.05,0.0,sgd,sgd_fast,0.16318359375000002,0.73681640625,0.9,10,0.4600273611182619,0.0,True,0.1752591013237658
0.10682217972618507,0.021090193993503092,0.27255582890097296,0.12421377811087692,0.25146563490746987,0.231035957837062,0.6,1000,2,0.003,0.0,adam,adam_default,-0.04238281249999998,0.9423828125,0.9,10,0.08043526335831128,0.0,False,0.0633465779699509
0.5921937389623513,0.288894520018538,0.9865752121142639,0.12421377811087692,0.6976806920957259,0.7164075170732281,0.6,1000,3,0.05,0.0,sgd,sgd_fast,0.16708984375000002,0.73291015625,0.9,10,0.4411005855833432,0.0,True,0.16946980211133658
0.06818855870186738,-0.0056911294193490725,0.24596935928221814,0.12421377811087692,0.2516604887015672,0.1924023368127443,0.6,1000,3,0.003,0.0,adam,adam_default,-0.04824218749999998,0.9482421875,0.9,10,0.07928152601373661,0.0,False,0.044158061723671205
0.37182562643135425,0.0725806254157968,0.5671369605489545,0.12421377811087692,0.49455633513315767,0.49603940454223117,0.6,1000,4,0.05,0.0,sgd,sgd_fast,0.06552734375000002,0.83447265625,0.9,10,0.30049806988978744,0.0,True,0.08160219255720776
0.06140205819817601,0.09226948619814662,0.29877144078831275,0.12421377811087692,0.20650195459016613,0.18561583630905293,0.6,1000,4,0.003,0.0,adam,adam_default,-0.05507812499999998,0.955078125,0.9,10,0.09648966495285756,0.0,False,0.004788949005997724
0.26173316771832106,0.14244431513324496,0.7060093693267446,0.12421377811087692,0.5635650541934997,0.385946945829198,0.6,1000,6,0.05,0.0,sgd,sgd_fast,0.020117187500000022,0.8798828125,0.9,10,0.35875532904805496,0.0,True,0.1023188065473315
0.0016390830557738711,0.015336439279020897,0.17905104820441353,0.12421377811087692,0.16371460892539264,0.1258528611666508,0.6,1000,6,0.003,0.0,adam,adam_default,-0.06386718749999998,0.9638671875,0.9,10,0.0678125873187917,0.0,False,0.004395841886380338
0.20215110699577005,0.2740171920593323,0.8633776102861326,0.12421377811087692,0.5893604182268003,0.32636488510664696,0.6,1000,8,0.05,0.0,sgd,sgd_fast,0.03330078125000002,0.86669921875,0.9,10,0.42006010990307174,0.0,True,0.13205323977178274
0.006945372041370607,0.062928494539293,0.24714167652642471,0.12421377811087692,0.1842131819871317,0.13115915015224752,0.6,1000,8,0.003,0.0,adam,adam_default,-0.06044921874999998,0.96044921875,0.9,10,0.07981367747132825,0.0,False,0.00306401785608677
0.09124820460061323,0.20136656505930228,0.6730904706816718,0.12421377811087692,0.47172390562236954,0.21546198271149014,0.6,1000,16,0.05,0.0,sgd,sgd_fast,-0.030175781249999978,0.93017578125,0.9,10,0.34021481357038147,0.0,False,0.09573365553190444
-0.01523685636514753,0.09275692461157498,0.2579177917384011,0.12421377811087692,0.16516086712682615,0.10897692174572939,0.6,1000,16,0.003,0.0,adam,adam_default,-0.06533203124999998,0.96533203125,0.9,10,0.07476155219720765,0.0,False,0.0015799275997455627
0.6422130963364351,0.623626213400754,1.4614000279774286,0.10972300066074502,0.8377738145766747,0.7519360969971801,0.8,1000,1,0.05,0.0,sgd,sgd_fast,0.24619140625000002,0.65380859375,0.9,10,0.6611594822939801,0.0,True,0.26033399322235246
0.07037108506659785,0.028171878259982186,0.27120065655608083,0.10972300066074502,0.24302877829609865,0.18009408572734287,0.8,1000,1,0.003,0.0,adam,adam_default,-0.05019531249999998,0.9501953125,0.9,10,0.06655269159754823,0.0,False,0.09305051492113384
0.3207333833371584,-0.012067387464392731,0.5785024326579808,0.10972300066074502,0.5905698201223736,0.4304563839979034,0.8,1000,2,0.05,0.0,sgd,sgd_fast,0.04550781250000002,0.8544921875,0.9,10,0.3245491112097548,0.0,True,0.0913090906045537
0.04339416889833515,0.02942476301611535,0.18441470061438542,0.10972300066074502,0.15498993759827007,0.15311716955908017,0.8,1000,2,0.003,0.0,adam,adam_default,-0.05507812499999998,0.955078125,0.9,10,0.08084698013787277,0.0,False,0.007222628796941362
0.400844921745262,0.07652140098215743,0.6035607331277866,0.10972300066074502,0.5270393321456291,0.510567922406007,0.8,1000,3,0.05,0.0,sgd,sgd_fast,0.07041015625000002,0.82958984375,0.9,10,0.33116563109436437,0.0,True,0.09010410862703644
0.02480649007843312,0.029298103277379917,0.19962116531648993,0.10972300066074502,0.17032306203911002,0.13452949073917814,0.8,1000,3,0.003,0.0,adam,adam_default,-0.06093749999999998,0.9609375,0.9,10,0.08585054077999751,0.0,False,0.005567987775045883
0.4508211041540936,0.09189942135869056,0.6971098505724769,0.10972300066074502,0.6052104292137863,0.5605441048148386,0.8,1000,4,0.05,0.0,sgd,sgd_fast,0.10654296875000002,0.79345703125,0.9,10,0.38329435584824817,0.0,True,0.10678449505803607
-0.0164985475399059,0.12520089324956263,0.26726418860543,0.10972300066074502,0.14206329535586737,0.09322445312083912,0.8,1000,4,0.003,0.0,adam,adam_default,-0.06582031249999998,0.9658203125,0.9,10,0.0887093283859432,0.0,False,0.0036568683645918478
0.2462763519992216,0.05192481354923095,0.6648331195394293,0.10972300066074502,0.6129083059901983,0.35599935265996663,0.8,1000,6,0.05,0.0,sgd,sgd_fast,0.011816406250000022,0.88818359375,0.9,10,0.36818507227054176,0.0,True,0.10326516118058587
0.006635030387537197,0.029377555705957792,0.21841941265642695,0.10972300066074502,0.18904185695046916,0.11635803104828221,0.8,1000,6,0.003,0.0,adam,adam_default,-0.06142578124999998,0.96142578125,0.9,10,0.07658272904151679,0.0,False,0.003591658199702137
0.2524025719384106,0.08929460606285705,0.5594115863905262,0.10972300066074502,0.4701169803276692,0.3621255725991556,0.8,1000,8,0.05,0.0,sgd,sgd_fast,0.012304687500000022,0.8876953125,0.9,10,0.3166018020768169,0.0,True,0.08410097936855848
0.02034769938884247,0.07313370573991707,0.24105298957375823,0.10972300066074502,0.16791928383384117,0.13007070004958748,0.8,1000,8,0.003,0.0,adam,adam_default,-0.06142578124999998,0.96142578125,0.9,10,0.08414337601708363,0.0,False,0.0033053041766048135
0.048879772671492974,0.12671714734018524,0.6442699260735051,0.10972300066074502,0.5175527787333198,0.158602773332238,0.8,1000,16,0.05,0.0,sgd,sgd_fast,-0.03798828124999998,0.93798828125,0.9,10,0.3569455329466337,0.0,False,0.10108586745050362
-0.04993330651272254,0.11076464646653492,0.25625292390121746,0.10972300066074502,0.14548827743468254,0.059789694148022474,0.8,1000,16,0.003,0.0,adam,adam_default,-0.07656249999999998,0.9765625,0.9,10,0.07705649356722308,0.0,False,0.001961731474255988
0.6336974861601946,0.5400863348888537,1.3193521087162061,0.10500406526539778,0.7792657738273524,0.7387015514255924,1.0,1000,1,0.05,0.0,sgd,sgd_fast,0.20957031250000002,0.6904296875,0.9,10,0.60323273281942,0.0,True,0.2318356111605083
0.048567140313064264,-0.18319537361484506,0.1909204973947053,0.10500406526539778,0.37411587100955035,0.15357120557846204,1.0,1000,1,0.003,0.0,adam,adam_default,-0.05800781249999998,0.9580078125,0.9,10,0.0581986593271325,0.0,False,0.06804755610042723
0.39831912736410574,0.04037946852831631,0.5437073945375224,0.10500406526539778,0.5033279260092061,0.5033231926295035,1.0,1000,2,0.05,0.0,sgd,sgd_fast,0.08554687500000002,0.814453125,0.9,10,0.314968485315553,0.0,True,0.09141369552108616
0.013528190038771676,0.034889657505197735,0.16158269750845106,0.10500406526539778,0.12669304000325332,0.11853225530416946,1.0,1000,2,0.003,0.0,adam,adam_default,-0.05800781249999998,0.9580078125,0.9,10,0.07008776694806748,0.0,False,0.011577245252887851
0.4348505749424039,0.16430700635872575,0.8821952376715623,0.10500406526539778,0.7178882313128365,0.5398546402078017,1.0,1000,3,0.05,0.0,sgd,sgd_fast,0.11777343750000002,0.7822265625,0.9,10,0.47995395997351054,0.0,True,0.14895525461232664
0.03820308010069971,0.0018510798343960577,0.1775654424166447,0.10500406526539778,0.17571436258224865,0.1432071453660975,1.0,1000,3,0.003,0.0,adam,adam_default,-0.05605468749999998,0.9560546875,0.9,10,0.07291344557209611,0.0,False,0.008911226506272008
0.37295910525407744,0.07953206021836667,0.5918546634369777,0.10500406526539778,0.512322603218611,0.47796317051947523,1.0,1000,4,0.05,0.0,sgd,sgd_fast,0.06796875000000002,0.83203125,0.9,10,0.342404798478464,0.0,True,0.09976107861036718
0.015822005821998705,0.061697136439070766,0.21164254270629423,0.10500406526539778,0.14994540626722347,0.12082607108739649,1.0,1000,4,0.003,0.0,adam,adam_default,-0.06093749999999998,0.9609375,0.9,10,0.07868307036762379,0.0,False,0.005642783602453759
0.2460836764935303,0.1447133786350807,0.7575763186696574,0.10500406526539778,0.6128629400345766,0.3510877417589281,1.0,1000,6,0.05,0.0,sgd,sgd_fast,0.022070312500000022,0.8779296875,0.9,10,0.42385308495485213,0.0,True,0.12695760220343613
0.02849104206646709,0.050505772011650046,0.21744818397527718,0.10500406526539778,0.16694241196362714,0.13349510733186487,1.0,1000,6,0.003,0.0,adam,adam_default,-0.06191406249999998,0.9619140625,0.9,10,0.0712319872456044,0.0,False,0.0047800729529099955
0.25687149813197224,0.16103077425787693,0.8219519325941107,0.10500406526539778,0.6609211583362338,0.36187556339737004,1.0,1000,8,0.05,0.0,sgd,sgd_fast,0.018652343750000022,0.88134765625,0.9,10,0.4457382490975119,0.0,True,0.13676310792602697
0.013376956072855842,0.040718348838027496,0.19172296918094772,0.10500406526539778,0.15100462034292023,0.11838102133825362,1.0,1000,8,0.003,0.0,adam,adam_default,-0.06044921874999998,0.96044921875,0.9,10,0.06757595672952837,0.0,False,0.004992002284043152
0.20512249926347093,0.08510217570412315,0.5706297693633049,0.10500406526539778,0.48552759365918174,0.3101265645288687,1.0,1000,16,0.05,0.0,sgd,sgd_fast,0.0015625000000000222,0.8984375,0.9,10,0.3194776175321702,0.0,True,0.09108096921412143
-0.03737436969572887,0.13109895718108006,0.3019310424677928,0.10500406526539778,0.17083208528671273,0.06762969556966891,1.0,1000,16,0.003,0.0,adam,adam_default,-0.06826171874999998,0.96826171875,0.9,10,0.0808726826265204,0.0,False,0.0015909392971508699
0.18383366388879985,-0.08284188025056685,0.24319081282295915,0.04816520787181405,0.326032693073526,0.2319988717606139,0.0,1000,1,0.05,0.0,sgd,sgd_fast,-0.017480468749999978,0.91748046875,0.9,11,0.130855057800607,0.0,False,0.0538326363372192
0.04702227803833953,0.008979747494271162,0.17108479842182767,0.04816520787181405,0.1621050509275565,0.09518748591015358,0.0,1000,1,0.003,0.0,adam,adam_default,-0.06777343749999998,0.9677734375,0.9,11,0.04635408362329391,0.0,False,0.07446439867381019
0.143231401673659,-0.023950479093550248,0.24028141136609077,0.04816520787181405,0.264231890459641,0.19139660954547305,0.0,1000,2,0.05,0.0,sgd,sgd_fast,-0.03408203124999998,0.93408203125,0.9,11,0.1346509071531295,0.0,False,0.05688431662123786
0.021932960223189107,-0.02917139645620015,0.1095225890555695,0.04816520787181405,0.13869398551176965,0.07009816809500316,0.0,1000,2,0.003,0.0,adam,adam_default,-0.08095703124999998,0.98095703125,0.9,11,0.034364927428512104,0.0,False,0.05632165599140029
0.13384305853792694,-0.019889760137433626,0.20382677879800482,0.04816520787181405,0.22371653893543844,0.182008266409741,0.0,1000,3,0.05,0.0,sgd,sgd_fast,-0.03212890624999998,0.93212890625,0.9,11,0.12276864516800651,0.0,False,0.026070949800386656
0.04215195215643533,0.03450999465904436,0.1284299278766588,0.04816520787181405,0.09391993321761444,0.09031716002824938,0.0,1000,3,0.003,0.0,adam,adam_default,-0.07119140624999998,0.97119140625,0.9,11,0.05058784276235942,0.0,False,0.0022802323400997688
0.14262870599063932,-0.06664239546734532,0.20304980179340956,0.04816520787181405,0.2696921972607549,0.19079391386245337,0.0,1000,4,0.05,0.0,sgd,sgd_fast,-0.03359374999999998,0.93359375,0.9,11,0.11852677969210858,0.0,False,0.02353817149594556
0.03332173192439057,-0.0071665030894604576,0.10838949349488106,0.04816520787181405,0.11555599658434151,0.08148693979620462,0.0,1000,4,0.003,0.0,adam,adam_default,-0.07558593749999998,0.9755859375,0.9,11,0.04772339215218111,0.0,False,0.003213297685459157
0.099438341805835,-0.08685744621714206,0.20484455701802298,0.04816520787181405,0.29170200323516504,0.14760354967764905,0.0,1000,6,0.05,0.0,sgd,sgd_fast,-0.04726562499999998,0.947265625,0.9,11,0.12507618990022912,0.0,False,0.026467964276559265
0.027919444178665848,-0.0001996699905103816,0.10602328623689697,0.04816520787181405,0.10622295622740735,0.0760846520504799,0.0,1000,6,0.003,0.0,adam,adam_default,-0.07412109374999998,0.97412109375,0.9,11,0.04589862594800033,0.0,False,0.0027780856921077084
0.0890335147186018,-0.016957042932812916,0.20521955433172268,0.04816520787181405,0.2221765972645356,0.13719872259041585,0.0,1000,8,0.05,0.0,sgd,sgd_fast,-0.04628906249999998,0.9462890625,0.9,11,0.12587343360179928,0.0,False,0.02672398637604988
0.04682673746258309,0.07547846099753663,0.1981672943183838,0.04816520787181405,0.12268883332084718,0.09499194533439714,0.0,1000,8,0.003,0.0,adam,adam_default,-0.07363281249999998,0.9736328125,0.9,11,0.05419979129339604,0.0,False,0.0013615848927769412
0.03514996738435608,-0.0154739983613221,0.18041624397398548,0.04816520787181405,0.19589024233530758,0.08331517525617013,0.0,1000,16,0.05,0.0,sgd,sgd_fast,-0.07900390624999998,0.97900390625,0.9,11,0.10792204522923773,0.0,False,0.024496780059511718
-0.007418084589041071,0.043223124875976335,0.12935056360761887,0.04816520787181405,0.08612743873164254,0.04074712328277298,0.0,1000,16,0.003,0.0,adam,adam_default,-0.08974609374999998,0.98974609375,0.9,11,0.045576526424890726,0.0,False,0.0013392960134501154
0.17390199630545428,-0.09471128756042085,0.2276555356261098,0.04816520787181405,0.32236682318653065,0.22206720417726833,0.2,1000,1,0.05,0.0,sgd,sgd_fast,-0.021386718749999978,0.92138671875,0.9,11,0.1242473321854583,0.0,False,0.05050712981135561
0.04391247788361613,-0.030846559150519925,0.12674018587527738,0.04816520787181405,0.1575867450257973,0.09207768575543018,0.2,1000,1,0.003,0.0,adam,adam_default,-0.06923828124999998,0.96923828125,0.9,11,0.049405486791366485,0.0,False,0.037886059922659664
0.16977383357398307,-0.03535808118152656,0.22536764874256016,0.04816520787181405,0.2607257299240867,0.21793904144579712,0.2,1000,2,0.05,0.0,sgd,sgd_fast,-0.023828124999999978,0.923828125,0.9,11,0.1247485699985399,0.0,False,0.05389777163217313
0.029570299918816975,-0.005199558935404025,0.13950250812196058,0.04816520787181405,0.1447020670573646,0.07773550779063103,0.2,1000,2,0.003,0.0,adam,adam_default,-0.07558593749999998,0.9755859375,0.9,11,0.03579028376560721,0.0,False,0.08332863027802087
0.16255563378267496,-0.15460518143584756,0.2487526370127695,0.04816520787181405,0.40335781844861707,0.210720841654489,0.2,1000,3,0.05,0.0,sgd,sgd_fast,-0.029687499999999978,0.9296875,0.9,11,0.1335496898891338,0.0,False,0.05429172640186304
0.042548786095496144,-0.11458911029449118,0.18254055562512958,0.04816520787181405,0.29712966591962076,0.0907139939673102,0.2,1000,3,0.003,0.0,adam,adam_default,-0.06582031249999998,0.9658203125,0.9,11,0.04482039642182843,0.0,False,0.05934070778309497
0.16940755170569688,-0.09496385233603541,0.22909700074480668,0.04816520787181405,0.3240608530808421,0.21757275957751093,0.2,1000,4,0.05,0.0,sgd,sgd_fast,-0.025292968749999978,0.92529296875,0.9,11,0.12516218534156417,0.0,False,0.052363204457128186
0.041862958000274994,-0.1271804193913818,0.11680459874925637,0.04816520787181405,0.24398501814063817,0.09002816587208905,0.2,1000,4,0.003,0.0,adam,adam_default,-0.07705078124999998,0.97705078125,0.9,11,0.040071628685067265,0.0,False,0.04275646303281681
0.07670835902684478,0.014309839062918772,0.2158526225114017,0.04816520787181405,0.20154278344848292,0.12487356689865883,0.2,1000,6,0.05,0.0,sgd,sgd_fast,-0.05556640624999998,0.95556640625,0.9,11,0.131764204595906,0.0,False,0.027155703625969686
0.03255414120734429,0.017011695116486078,0.12379948485307628,0.04816520787181405,0.1067877897365902,0.08071934907915834,0.2,1000,6,0.003,0.0,adam,adam_default,-0.07607421874999998,0.97607421875,0.9,11,0.05072165298894514,0.0,False,0.0024740038733224905
0.04132581154856427,-0.0062211716563144726,0.20135495515741475,0.04816520787181405,0.20757612681372922,0.08949101942037832,0.2,1000,8,0.05,0.0,sgd,sgd_fast,-0.06874999999999998,0.96875,0.9,11,0.12080451615371453,0.0,False,0.024506252871911195
0.0022731284925155484,0.01774106770536263,0.1126619001564346,0.04816520787181405,0.09492083245107197,0.0504383363643296,0.2,1000,8,0.003,0.0,adam,adam_default,-0.08535156249999998,0.9853515625,0.9,11,0.046099057388814216,0.0,False,0.0020252765127064458
0.04573394812265705,0.011850471343901048,0.19864951212852125,0.04816520787181405,0.1867990407846202,0.0938991559944711,0.2,1000,16,0.05,0.0,sgd,sgd_fast,-0.06972656249999998,0.9697265625,0.9,11,0.12065882588383973,0.0,False,0.024439658530035838
0.0015997102372192762,0.08182545151517334,0.1606594585066594,0.04816520787181405,0.07883400699148607,0.04976491810903333,0.2,1000,16,0.003,0.0,adam,adam_default,-0.08388671874999998,0.98388671875,0.9,11,0.046831014641016674,0.0,False,0.0006209362120985972
0.46489498211441993,0.1063299656695702,0.7157930132911237,0.1610383386466376,0.6094630476215535,0.6259333207610576,0.4,1000,1,0.05,0.0,sgd,sgd_fast,0.11533203125000002,0.78466796875,0.9,11,0.3325336610893763,0.0,True,0.12135089433782863
0.053982261731139375,-0.09666760060856416,0.2813783694263824,0.1610383386466376,0.37804597003494655,0.21502060037777698,0.4,1000,1,0.003,0.0,adam,adam_default,-0.03896484374999998,0.93896484375,0.9,11,0.07794220731639989,0.0,False,0.11318953174922837
0.2712690910255209,0.25079765933624143,0.797169314814688,0.1610383386466376,0.5463716554784466,0.4323074296721585,0.4,1000,2,0.05,0.0,sgd,sgd_fast,0.04550781250000002,0.8544921875,0.9,11,0.3649929591839023,0.0,True,0.13282587703925264
0.012430765664693616,0.018711675333693945,0.24318964036019558,0.1610383386466376,0.22447796502650164,0.17346910431133122,0.4,1000,2,0.003,0.0,adam,adam_default,-0.05068359374999998,0.95068359375,0.9,11,0.08874658241662309,0.0,False,0.04908449654985348
0.24668002611330378,0.26923184921753496,0.8687139183926513,0.1610383386466376,0.5994820691751164,0.4077183647599414,0.4,1000,3,0.05,0.0,sgd,sgd_fast,0.04013671875000002,0.85986328125,0.9,11,0.4023959441935161,0.0,True,0.11937509113488068
0.031208656425741305,0.12411712400678476,0.36527983136009523,0.1610383386466376,0.24116270735331047,0.1922469950723789,0.4,1000,3,0.003,0.0,adam,adam_default,-0.03945312499999998,0.939453125,0.9,11,0.11379444001417582,0.0,False,0.007347483609327373
0.33124147754281297,0.14968919187931273,0.7068236741601158,0.1610383386466376,0.5571344822808031,0.4922798161894506,0.4,1000,4,0.05,0.0,sgd,sgd_fast,0.08017578125000002,0.81982421875,0.9,11,0.3416013002717132,0.0,True,0.09782902598704854
-0.010951007667573343,0.0791719583703237,0.3578045488477978,0.1610383386466376,0.2786325904774741,0.15008733097906427,0.4,1000,4,0.003,0.0,adam,adam_default,-0.05117187499999998,0.951171875,0.9,11,0.12158581592236792,0.0,False,0.006610418601030156
0.24686480072093522,0.21215156183817618,0.7198239589337607,0.1610383386466376,0.5076723970955845,0.40790313936757283,0.4,1000,6,0.05,0.0,sgd,sgd_fast,0.05234375000000002,0.84765625,0.9,11,0.3399481183548091,0.0,True,0.09737821677939384
-0.03456794095746232,0.20342873275711548,0.37453783955117137,0.1610383386466376,0.1711091067940559,0.12647039768917528,0.4,1000,6,0.003,0.0,adam,adam_default,-0.05410156249999998,0.9541015625,0.9,11,0.12045227908002915,0.0,False,0.004365264920994792
0.09618900864245841,0.22111773309528882,0.6968786246384702,0.1610383386466376,0.47576089154318135,0.257227347289096,0.4,1000,8,0.05,0.0,sgd,sgd_fast,-0.0003906249999999778,0.900390625,0.9,11,0.3387856818922801,0.0,False,0.09601492864350261
-0.060939050021381086,0.12429627586572986,0.3058269776091691,0.1610383386466376,0.18153070174343924,0.10009928862525652,0.4,1000,8,0.003,0.0,adam,adam_default,-0.07021484374999998,0.97021484375,0.9,11,0.09598646534660292,0.0,False,0.0032841214932794512
0.08091997121746736,0.26892788609233764,0.6623414411275148,0.1610383386466376,0.39341355503517716,0.24195830986410496,0.4,1000,16,0.05,0.0,sgd,sgd_fast,-0.020410156249999978,0.92041015625,0.9,11,0.3206613909749135,0.0,False,0.0864704052416693
-0.037994253758963314,0.3393593074729346,0.482539847834999,0.1610383386466376,0.1431805403620644,0.1230440848876743,0.4,1000,16,0.003,0.0,adam,adam_default,-0.06142578124999998,0.96142578125,0.9,11,0.10163709669585072,0.0,False,0.0013279201047971141
0.5349815060023146,0.21350876958984055,0.8815998711115667,0.11553759983009504,0.6680911015217261,0.6505191058324097,0.6,1000,1,0.05,0.0,sgd,sgd_fast,0.17734375000000002,0.72265625,0.9,11,0.42079991623783397,0.0,True,0.13266073301615255
0.08020499018641813,-0.04638727362645553,0.2249067030476656,0.11553759983009504,0.27129397667412114,0.19574259001651317,0.6,1000,1,0.003,0.0,adam,adam_default,-0.04335937499999998,0.943359375,0.9,11,0.09118861818276577,0.0,False,0.04451023657791824
0.5534336285621947,0.22881507034591286,0.9516444536347012,0.11553759983009504,0.7228293832887883,0.6689712283922897,0.6,1000,2,0.05,0.0,sgd,sgd_fast,0.18857421875000002,0.71142578125,0.9,11,0.46637025573826996,0.0,True,0.12600454505935854
0.0317351854668762,-0.0032368794273453794,0.193660386881791,0.11553759983009504,0.19689726630913637,0.14727278529697124,0.6,1000,2,0.003,0.0,adam,adam_default,-0.05703124999999998,0.95703125,0.9,11,0.06563227833630082,0.0,False,0.055612131447627236
0.32960185830759003,0.2320955682273642,0.9080958866711781,0.11553759983009504,0.6760003184438139,0.4451394581376851,0.6,1000,3,0.05,0.0,sgd,sgd_fast,0.05332031250000002,0.8466796875,0.9,11,0.4404334019541213,0.0,True,0.14375465303671037
0.04178254365654285,-0.07685532539853102,0.18863558318173534,0.11553759983009504,0.26549090858026636,0.1573201434866379,0.6,1000,3,0.003,0.0,adam,adam_default,-0.04970703124999998,0.94970703125,0.9,11,0.0729907290816198,0.0,False,0.03984311872038099
0.28261019546732574,0.13251794007742013,0.7535293376973617,0.11553759983009504,0.6210113976199416,0.3981477952974208,0.6,1000,4,0.05,0.0,sgd,sgd_fast,0.05527343750000002,0.8447265625,0.9,11,0.38771209063295675,0.0,True,0.09944994933609756
0.019388911711065826,0.06453437941823867,0.2244614146447059,0.11553759983009504,0.15992703522646723,0.13492651154116087,0.6,1000,4,0.003,0.0,adam,adam_default,-0.05507812499999998,0.955078125,0.9,11,0.08746848646060043,0.0,False,0.005069032373913714
0.39449701927833825,0.20188890230439904,0.8047300437924778,0.11553759983009504,0.6028411414880788,0.5100346191084333,0.6,1000,6,0.05,0.0,sgd,sgd_fast,0.06601562500000002,0.833984375,0.9,11,0.40733803836677296,0.0,True,0.10383786947865566
0.04512945429533155,0.10016506203135589,0.28978738765178635,0.11553759983009504,0.18962232562043047,0.1606670541254266,0.6,1000,6,0.003,0.0,adam,adam_default,-0.04921874999999998,0.94921875,0.9,11,0.09778034263725,0.0,False,0.004030808586987808
0.3752736916242022,0.23522333272617746,0.8473189605663178,0.11553759983009504,0.6120956278401404,0.49081129145429725,0.6,1000,8,0.05,0.0,sgd,sgd_fast,0.06748046875000002,0.83251953125,0.9,11,0.42209419558099587,0.0,True,0.10919823856545517
0.01678789737473202,0.1367006800922918,0.298713409168912,0.11553759983009504,0.16201272907662018,0.13232549720482706,0.6,1000,8,0.003,0.0,adam,adam_default,-0.05361328124999998,0.95361328125,0.9,11,0.09493140630614987,0.0,False,0.003249095004793312
0.1062336369439617,0.3128108108354447,0.7845787833568879,0.11553759983009504,0.4717679725214432,0.22177123677405675,0.6,1000,16,0.05,0.0,sgd,sgd_fast,-0.031152343749999978,0.93115234375,0.9,11,0.3922359875760475,0.0,False,0.09988697019508837
-0.028062928007074966,0.11065949195437969,0.2961187960301167,0.11553759983009504,0.18545930407573702,0.08747467182302007,0.6,1000,16,0.003,0.0,adam,adam_default,-0.07021484374999998,0.97021484375,0.9,11,0.09012032005584786,0.0,False,0.00172711159084052
0.5592447026168931,0.1562705726104925,0.8525220299532821,0.09696789325747276,0.6962514573427896,0.6562125958743659,0.8,1000,1,0.05,0.0,sgd,sgd_fast,0.20517578125000002,0.69482421875,0.9,11,0.4470147105646532,0.0,True,0.14830919379490787
0.037040552933267995,-0.1869162369669815,0.1778935243901702,0.09696789325747276,0.3648097613571517,0.13400844619074076,0.8,1000,1,0.003,0.0,adam,adam_default,-0.05166015624999998,0.95166015625,0.9,11,0.05961053478254763,0.0,False,0.09626656484841589
0.5418415746267559,0.2817095483674753,1.0102875824537465,0.09696789325747276,0.7285780340862712,0.6388094678842287,0.8,1000,2,0.05,0.0,sgd,sgd_fast,0.12607421875000002,0.77392578125,0.9,11,0.5291475641086893,0.0,True,0.16973537693250024
0.053891977709799616,-0.01082114137979781,0.1850483133471949,0.09696789325747276,0.19586945472699271,0.15085987096727238,0.8,1000,2,0.003,0.0,adam,adam_default,-0.05654296874999998,0.95654296875,0.9,11,0.06054191163374355,0.0,False,0.06261976107402378
0.5311799183760636,0.29402395175912255,0.9766262890797478,0.09696789325747276,0.6826023373206253,0.6281478116335364,0.8,1000,3,0.05,0.0,sgd,sgd_fast,0.14902343750000002,0.7509765625,0.9,11,0.5193011803698191,0.0,True,0.14024951516661865
0.003638504311888807,-0.04798149880400138,0.18361193667814518,0.09696789325747276,0.23159343548214656,0.10060639756936157,0.8,1000,3,0.003,0.0,adam,adam_default,-0.06777343749999998,0.9677734375,0.9,11,0.0782140686049153,0.0,False,0.005441701696863708
0.4700520197493604,0.2150759136087288,0.8464449329162351,0.09696789325747276,0.6313690193075063,0.5670199130068332,0.8,1000,4,0.05,0.0,sgd,sgd_fast,0.12119140625000002,0.77880859375,0.9,11,0.46262101041901293,0.0,True,0.12043085070126205
0.0012680684565563038,0.04256160861135999,0.18604007190914934,0.09696789325747276,0.14347846329778935,0.09823596171402907,0.8,1000,4,0.003,0.0,adam,adam_default,-0.06826171874999998,0.96826171875,0.9,11,0.08217058250653321,0.0,False,0.006952023451368175
0.4128763554279681,0.09828464171913431,0.6535936422894071,0.09696789325747276,0.5553090005702728,0.5098442486854409,0.8,1000,6,0.05,0.0,sgd,sgd_fast,0.09189453125000002,0.80810546875,0.9,11,0.3669560079328287,0.0,True,0.09134996996615896
0.023901502080856576,0.06211749655873017,0.19647713971216674,0.09696789325747276,0.13435964315343657,0.12086939533832934,0.8,1000,6,0.003,0.0,adam,adam_default,-0.06093749999999998,0.9609375,0.9,11,0.08037915300090959,0.0,False,0.005659377035587897
0.08491897973387616,0.30952674885132136,0.7703889779867207,0.09696789325747276,0.4608622291353993,0.18188687299134892,0.8,1000,8,0.05,0.0,sgd,sgd_fast,-0.022363281249999978,0.92236328125,0.9,11,0.40836847133574616,0.0,False,0.10545789013656623
-0.00841030249401628,0.12931240063072483,0.297658547270267,0.09696789325747276,0.1683461466395422,0.08855759076345648,0.8,1000,8,0.003,0.0,adam,adam_default,-0.06191406249999998,0.9619140625,0.9,11,0.09031165474234043,0.0,False,0.003850175549725994
0.0897594585330859,0.22206650848420173,0.8208922647387258,0.09696789325747276,0.598825756254524,0.18672735179055866,0.8,1000,16,0.05,0.0,sgd,sgd_fast,-0.015527343749999978,0.91552734375,0.9,11,0.44331423978060275,0.0,False,0.11603312601768795
-0.02988615687605692,0.1302172202281962,0.2967452608102143,0.09696789325747276,0.1665280405820181,0.06708173638141585,0.8,1000,16,0.003,0.0,adam,adam_default,-0.07167968749999998,0.9716796875,0.9,11,0.0990636651483873,0.0,False,0.0017177057093146892
0.6191434732860324,0.6285145981863829,1.4117609429916742,0.09618203998683161,0.7832463448052913,0.715325513272864,1.0,1000,1,0.05,0.0,sgd,sgd_fast,0.15000000000000002,0.75,0.9,11,0.6616350012727268,0.0,True,0.22556826646649208
0.08528097796727457,-0.15745113269580924,0.21875217181170575,0.09618203998683161,0.376203304507515,0.1814630179541062,1.0,1000,1,0.003,0.0,adam,adam_default,-0.03798828124999998,0.93798828125,0.9,11,0.0909433231504658,0.0,False,0.04977571016478356
0.42836833050655954,0.04795791466732591,0.5866644133571759,0.09618203998683161,0.53870649868985,0.5245503704933911,1.0,1000,2,0.05,0.0,sgd,sgd_fast,0.11142578125000002,0.78857421875,0.9,11,0.3370515581454141,0.0,True,0.08849861539775325
0.04547236024959056,-0.0019079328459947753,0.19856592524540928,0.09618203998683161,0.20047385809140406,0.14165440023642217,1.0,1000,2,0.003,0.0,adam,adam_default,-0.05068359374999998,0.95068359375,0.9,11,0.09458325859575428,0.0,False,0.01078488827775776
0.4095819624356014,0.19680235977873295,0.9540804051876484,0.09618203998683161,0.7572780454089154,0.505764002422433,1.0,1000,3,0.05,0.0,sgd,sgd_fast,0.04501953125000002,0.85498046875,0.9,11,0.49835948944904457,0.0,True,0.1614922194963405
0.027488176285473537,0.014336892640659127,0.19305677462745396,0.09618203998683161,0.17871988198679484,0.12367021627230515,1.0,1000,3,0.003,0.0,adam,adam_default,-0.05214843749999998,0.9521484375,0.9,11,0.08607849859127129,0.0,False,0.006923637478384789
0.3243022262388965,0.30136335903517053,1.0051075491812875,0.09618203998683161,0.703744190146117,0.4204842662257281,1.0,1000,4,0.05,0.0,sgd,sgd_fast,0.028906250000000022,0.87109375,0.9,11,0.525750784187504,0.0,True,0.14362770247925824
0.037054543773132775,0.013273277660576066,0.20998112623837928,0.09618203998683161,0.1967078485778032,0.1332365837599644,1.0,1000,4,0.003,0.0,adam,adam_default,-0.05263671874999998,0.95263671875,0.9,11,0.08910620987391454,0.0,False,0.005669678748155539
0.313469784399117,0.07411696939458157,0.6507646854185347,0.09618203998683161,0.5766477160239531,0.4096518243859486,1.0,1000,6,0.05,0.0,sgd,sgd_fast,0.030859375000000022,0.869140625,0.9,11,0.3722547397433993,0.0,True,0.09724129871165958
-0.015670119625960294,0.009987121121275477,0.1836390105196442,0.09618203998683161,0.17365188939836873,0.08051192036087132,1.0,1000,6,0.003,0.0,adam,adam_default,-0.06923828124999998,0.96923828125,0.9,11,0.07970368927592225,0.0,False,0.0056053815397040605
0.23934794617040578,0.19019357387322433,0.6874985968838608,0.09618203998683161,0.4973050230106365,0.3355299861572374,1.0,1000,8,0.05,0.0,sgd,sgd_fast,0.020117187500000022,0.8798828125,0.9,11,0.3909187926323482,0.0,True,0.10060594966594914
-0.008848779395706718,0.10518856306381458,0.26240289349803403,0.09618203998683161,0.15721433043421945,0.0873332605911249,1.0,1000,8,0.003,0.0,adam,adam_default,-0.06240234374999998,0.96240234375,0.9,11,0.09588886326597411,0.0,False,0.004784739024103271
0.1464691218027499,0.44172071402606283,1.0349976658138478,0.09618203998683161,0.593276951787785,0.24265116178958152,1.0,1000,16,0.05,0.0,sgd,sgd_fast,-0.008691406249999978,0.90869140625,0.9,11,0.5447485280659197,0.0,False,0.14950219190067265
-0.012558961008775238,0.13772821577940914,0.3025081414684826,0.09618203998683161,0.16477992568907346,0.08362307897805638,1.0,1000,16,0.003,0.0,adam,adam_default,-0.06533203124999998,0.96533203125,0.9,11,0.08284804457926499,0.0,False,0.000990265869806553
0.15802523748073619,-0.19020094022977854,0.22213286048287337,0.052341759816836364,0.4123338007126519,0.21036699729757255,0.0,1000,1,0.05,0.0,sgd,sgd_fast,-0.031152343749999978,0.93115234375,0.9,12,0.11482498924267065,0.0,False,0.05922105319943352
0.0021700913214003775,-0.19482831156410482,0.1299205218051949,0.052341759816836364,0.3247488333692997,0.05451185113823674,0.0,1000,1,0.003,0.0,adam,adam_default,-0.08339843749999998,0.9833984375,0.9,12,0.022605112059294233,0.0,False,0.09649611258245386
0.21694180372785155,-0.23955439063131106,0.2701905768111457,0.052341759816836364,0.5097449674424568,0.2692835635446879,0.0,1000,2,0.05,0.0,sgd,sgd_fast,-0.016015624999999978,0.916015625,0.9,12,0.13817699159631297,0.0,False,0.06881843335448792
0.01965223626684731,-0.23870453079674697,0.12724339753184605,0.052341759816836364,0.365947928328593,0.07199399608368368,0.0,1000,2,0.003,0.0,adam,adam_default,-0.07900390624999998,0.97900390625,0.9,12,0.031049258336909146,0.0,False,0.04842016419799007
0.120381467367606,-0.09495944175107768,0.17313919268259098,0.052341759816836364,0.26809863443366866,0.17272322718444236,0.0,1000,3,0.05,0.0,sgd,sgd_fast,-0.03896484374999998,0.93896484375,0.9,12,0.09969617680462084,0.0,False,0.02726162037125001
0.006709731423469582,-0.06765816269982086,0.06500648451514654,0.052341759816836364,0.1326646472149674,0.059051491240305946,0.0,1000,3,0.003,0.0,adam,adam_default,-0.08144531249999998,0.9814453125,0.9,12,0.032056315821199305,0.0,False,0.003619793011047345
0.11796998180223969,-0.025339828541423,0.17381967298986012,0.052341759816836364,0.19915950153128312,0.17031174161907606,0.0,1000,4,0.05,0.0,sgd,sgd_fast,-0.04775390624999998,0.94775390625,0.9,12,0.09793231526957075,0.0,False,0.027980340211825085
-0.004499650644886943,-0.030648818442619574,0.07045489271971217,0.052341759816836364,0.10110371116233174,0.04784210917194942,0.0,1000,4,0.003,0.0,adam,adam_default,-0.08681640624999998,0.98681640625,0.9,12,0.032663678332712234,0.0,False,0.0034595109025470482
0.0699328585429621,-0.012921040239642856,0.17639974808323755,0.052341759816836364,0.1893207883228804,0.12227461835979847,0.0,1000,6,0.05,0.0,sgd,sgd_fast,-0.05654296874999998,0.95654296875,0.9,12,0.10305635594300952,0.0,False,0.029123019579707653
-0.005741829205269985,-0.0007650942175351089,0.06401619601011548,0.052341759816836364,0.06478129022765058,0.04659993061156638,0.0,1000,6,0.003,0.0,adam,adam_default,-0.08730468749999998,0.9873046875,0.9,12,0.028105403624556272,0.0,False,0.0019340248500728334
0.03241895459680297,-0.045618872619025724,0.1716811572147774,0.052341759816836364,0.21730002983380312,0.08476071441363933,0.0,1000,8,0.05,0.0,sgd,sgd_fast,-0.07607421874999998,0.97607421875,0.9,12,0.09998428993999128,0.0,False,0.028047874897811836
0.005255760749644643,0.0035401882840829096,0.08947923413376678,0.052341759816836364,0.08593904584968387,0.05759752056648101,0.0,1000,8,0.003,0.0,adam,adam_default,-0.08242187499999998,0.982421875,0.9,12,0.036616416099025384,0.0,False,0.002324472117371534
0.05704000980650539,-0.0336243773485963,0.19308229428312923,0.052341759816836364,0.22670667163172553,0.10938176962334176,0.0,1000,16,0.05,0.0,sgd,sgd_fast,-0.06728515624999998,0.96728515625,0.9,12,0.11376350937734742,0.0,False,0.032881776047369915
-0.01324155746106482,0.01713702108652579,0.08941435625316566,0.052341759816836364,0.07227733516663987,0.039100202355771545,0.0,1000,16,0.003,0.0,adam,adam_default,-0.08730468749999998,0.9873046875,0.9,12,0.03189053756709794,0.0,False,0.0010749888605497962
0.17192291701092285,-0.09135650922139965,0.22606990477195893,0.052341759816836364,0.3174264139933586,0.22426467682775922,0.2,1000,1,0.05,0.0,sgd,sgd_fast,-0.03164062499999998,0.931640625,0.9,12,0.11271776284879184,0.0,False,0.059922904637024904
0.01978436376391783,0.001026176597586581,0.15855243537449915,0.052341759816836364,0.15752625877691256,0.0721261235807542,0.2,1000,1,0.003,0.0,adam,adam_default,-0.08291015624999998,0.98291015625,0.9,12,0.027492593141055996,0.0,False,0.09453150116027753
0.11882940086392968,0.0015499744753868505,0.18265716381751113,0.052341759816836364,0.18110718934212428,0.17117116068076604,0.2,1000,2,0.05,0.0,sgd,sgd_fast,-0.04042968749999998,0.9404296875,0.9,12,0.1041992137563606,0.0,False,0.029608277528164785
-0.006990564942089453,0.013372047440088332,0.05731137088125679,0.052341759816836364,0.04393932344116846,0.04535119487474691,0.2,1000,2,0.003,0.0,adam,adam_default,-0.08486328124999998,0.98486328125,0.9,12,0.030646455365653733,0.0,False,0.0045644086594385765
0.09584482191514257,-0.09571357756618071,0.16376611079266434,0.052341759816836364,0.25947968835884505,0.14818658173197893,0.2,1000,3,0.05,0.0,sgd,sgd_fast,-0.05068359374999998,0.95068359375,0.9,12,0.09278287834662446,0.0,False,0.028395422017561064
-0.013988075427260153,-0.010501920746949597,0.054976067718741126,0.052341759816836364,0.06547798846569072,0.03835368438957621,0.2,1000,3,0.003,0.0,adam,adam_default,-0.09072265624999998,0.99072265625,0.9,12,0.026593417223697367,0.0,False,0.00378362238281825
0.13426997537130464,-0.042108992851076166,0.1841232520701525,0.052341759816836364,0.22623224492122868,0.186611735188141,0.2,1000,4,0.05,0.0,sgd,sgd_fast,-0.03749999999999998,0.9375,0.9,12,0.10543093805180029,0.0,False,0.03053116372059512
0.002618240050681654,-0.0011110802558963462,0.0736971880021001,0.052341759816836364,0.07480826825799644,0.05495999986751802,0.2,1000,4,0.003,0.0,adam,adam_default,-0.08095703124999998,0.98095703125,0.9,12,0.03464822465149973,0.0,False,0.002205820862177945
0.09338237628962337,-0.03982762071237167,0.16936655604190037,0.052341759816836364,0.20919417675427204,0.14572413610645973,0.2,1000,6,0.05,0.0,sgd,sgd_fast,-0.05312499999999998,0.953125,0.9,12,0.09833168959581062,0.0,False,0.027851324095246075
0.005077546750520787,0.0018592752509605515,0.0745603413765043,0.052341759816836364,0.07270106612554375,0.05741930656735715,0.2,1000,6,0.003,0.0,adam,adam_default,-0.08242187499999998,0.982421875,0.9,12,0.031042333631338584,0.0,False,0.0020882334712022934
0.10527536911807883,-0.03141124007264781,0.18789323864813387,0.052341759816836364,0.21930447872078168,0.1576171289349152,0.2,1000,8,0.05,0.0,sgd,sgd_fast,-0.05166015624999998,0.95166015625,0.9,12,0.10989379171015702,0.0,False,0.03182382847376618
-0.005794784237821392,0.01609884177219853,0.07952443289500219,0.052341759816836364,0.06342559112280366,0.04654697557901497,0.2,1000,8,0.003,0.0,adam,adam_default,-0.08291015624999998,0.98291015625,0.9,12,0.030683609999710395,0.0,False,0.0017466791269850086
0.07208791969566736,-0.028761546165727958,0.1644649870106039,0.052341759816836364,0.19322653317633187,0.12442967951250372,0.2,1000,16,0.05,0.0,sgd,sgd_fast,-0.05947265624999998,0.95947265625,0.9,12,0.09326283595347268,0.0,False,0.027698493064441203
-0.004563698032779173,0.018411366610335794,0.07075109888607693,0.052341759816836364,0.05233973227574114,0.04777806178405719,0.2,1000,16,0.003,0.0,adam,adam_default,-0.08291015624999998,0.98291015625,0.9,12,0.028303046424896068,0.0,False,0.0014333262000997722
0.528295457259981,0.18040805242126923,0.8589028583921958,0.18648872738759661,0.6784948059709266,0.7147841846475775,0.4,1000,1,0.05,0.0,sgd,sgd_fast,0.14658203125000002,0.75341796875,0.9,12,0.392678148158812,0.0,True,0.16810036259120578
0.08540176370121813,0.06751195607272731,0.34576234123844996,0.18648872738759661,0.27825038516572265,0.27189049108881475,0.4,1000,1,0.003,0.0,adam,adam_default,-0.03310546874999998,0.93310546875,0.9,12,0.10997594277452703,0.0,False,0.07355069443456658
0.24247319554734417,0.206775139704649,0.6795516962113409,0.18648872738759661,0.4727765565066919,0.4289619229349408,0.4,1000,2,0.05,0.0,sgd,sgd_fast,0.03818359375000002,0.86181640625,0.9,12,0.3191760471122316,0.0,True,0.11016828764370024
-0.022213243396064425,0.038664904117830246,0.21696406102640958,0.18648872738759661,0.17829915690857934,0.1642754839915322,0.4,1000,2,0.003,0.0,adam,adam_default,-0.04970703124999998,0.94970703125,0.9,12,0.09203062193133062,0.0,False,0.012078242775969111
0.3431316217774707,0.13916051416679853,0.6705438933662109,0.18648872738759661,0.5313833791994124,0.5296203491650673,0.4,1000,3,0.05,0.0,sgd,sgd_fast,0.05966796875000002,0.84033203125,0.9,12,0.3238416271404698,0.0,True,0.105623372816879
-0.0657559774750579,0.04296231224511035,0.19222433444964984,0.18648872738759661,0.1492620222045395,0.12073274991253871,0.4,1000,3,0.003,0.0,adam,adam_default,-0.06533203124999998,0.96533203125,0.9,12,0.07471062884540797,0.0,False,0.00566083838345381
0.23590882285170364,0.06774440683141691,0.6574380325402442,0.18648872738759661,0.5896936257088273,0.42239755023930026,0.4,1000,4,0.05,0.0,sgd,sgd_fast,0.04160156250000002,0.8583984375,0.9,12,0.3217180657381856,0.0,True,0.1043495086889312
-0.10563619424489232,-0.01905625575709241,0.18691682371186896,0.18648872738759661,0.20597307946896137,0.0808525331427043,0.4,1000,4,0.003,0.0,adam,adam_default,-0.07119140624999998,0.97119140625,0.9,12,0.0763446657771151,0.0,False,0.007019274694601687
0.13592357122085405,0.20690282366597823,0.7258763466834923,0.18648872738759661,0.5189735230175141,0.32241229860845066,0.4,1000,6,0.05,0.0,sgd,sgd_fast,0.004003906250000022,0.89599609375,0.9,12,0.34146312661558964,0.0,True,0.11610135883974204
-0.07947559996444381,0.0357118450899693,0.21536672083037423,0.18648872738759661,0.17965487574040492,0.1070131274231528,0.4,1000,6,0.003,0.0,adam,adam_default,-0.07216796874999998,0.97216796875,0.9,12,0.07745008140523472,0.0,False,0.0034741533440150922
0.18695684934101578,0.186066457382287,0.7118024664527758,0.18648872738759661,0.5257360090704888,0.3734455767286124,0.4,1000,8,0.05,0.0,sgd,sgd_fast,0.017187500000000022,0.8828125,0.9,12,0.34006084737683623,0.0,True,0.11391509249068049
-0.08716508503329251,0.07558033535345164,0.1833170773664295,0.18648872738759661,0.10773674201297785,0.0993236423543041,0.4,1000,8,0.003,0.0,adam,adam_default,-0.06582031249999998,0.9658203125,0.9,12,0.07148751472541612,0.0,False,0.004222298962504829
0.020715839407079162,0.217939227228111,0.6019792885468456,0.18648872738759661,0.3840400613187346,0.20720456679467578,0.4,1000,16,0.05,0.0,sgd,sgd_fast,-0.027246093749999978,0.92724609375,0.9,12,0.30652028656989583,0.0,False,0.09736942593096401
-0.1442828179182707,0.08199619671773445,0.17428410127230434,0.18648872738759661,0.0922879045545699,0.04220590946932592,0.4,1000,16,0.003,0.0,adam,adam_default,-0.08046874999999998,0.98046875,0.9,12,0.06057759021619999,0.0,False,0.002474748255258593
0.659530280601956,0.36889702884831377,1.139396284570965,0.1137788763270103,0.7704992557226513,0.7733091569289663,0.6,1000,1,0.05,0.0,sgd,sgd_fast,0.21787109375000002,0.68212890625,0.9,12,0.5070993987957129,0.0,True,0.19795186675556176
0.03565407130069577,-0.009300411540333703,0.203104711410458,0.1137788763270103,0.2124051229507917,0.14943294762770606,0.6,1000,1,0.003,0.0,adam,adam_default,-0.05019531249999998,0.9501953125,0.9,12,0.06822951906253896,0.0,False,0.06718810446367944
0.6562199248675616,0.6256649097148241,1.419103219922087,0.1137788763270103,0.7934383102072629,0.769998801194572,0.6,1000,2,0.05,0.0,sgd,sgd_fast,0.18320312500000002,0.716796875,0.9,12,0.6072559716541355,0.0,True,0.2399264981776147
0.054187921946388315,-0.19227138613403527,0.20249155248839024,0.1137788763270103,0.3947629386224255,0.1679667982733986,0.6,1000,2,0.003,0.0,adam,adam_default,-0.05410156249999998,0.9541015625,0.9,12,0.0645433616215893,0.0,False,0.0709220788514155
0.20170590279710948,0.12752438192268845,0.7344479763569528,0.1137788763270103,0.6069235944342644,0.31548477912411976,0.6,1000,3,0.05,0.0,sgd,sgd_fast,0.025488281250000022,0.87451171875,0.9,12,0.38501011685852427,0.0,True,0.14101787127907237
0.01652593867579326,-0.048750235867359965,0.18379213343107503,0.1137788763270103,0.232542369298435,0.13030481500280355,0.6,1000,3,0.003,0.0,adam,adam_default,-0.05849609374999998,0.95849609375,0.9,12,0.05250650736362593,0.0,False,0.06911874537246131
0.3031132612660096,0.1514037008578959,0.7853339705494733,0.1137788763270103,0.6339302696915774,0.4168921375930199,0.6,1000,4,0.05,0.0,sgd,sgd_fast,0.04892578125000002,0.85107421875,0.9,12,0.40720973084245926,0.0,True,0.12064396200807817
-0.023198951590597622,0.05088440939243086,0.20911698386596322,0.1137788763270103,0.15823257447353237,0.09057992473641267,0.6,1000,4,0.003,0.0,adam,adam_default,-0.06044921874999998,0.96044921875,0.9,12,0.08084062821413668,0.0,False,0.00681952986374607
0.2538137941746022,0.13937622337062605,0.6833160074644319,0.1137788763270103,0.5439397840938058,0.3675926705016125,0.6,1000,6,0.05,0.0,sgd,sgd_fast,0.03183593750000002,0.8681640625,0.9,12,0.3693128074976547,0.0,True,0.10319158172755813
-0.002600470980393496,0.02871068523563583,0.18526153640006157,0.1137788763270103,0.15655085116442574,0.1111784053466168,0.6,1000,6,0.003,0.0,adam,adam_default,-0.06386718749999998,0.9638671875,0.9,12,0.07244829424420743,0.0,False,0.0047093792392824355
0.278733500297014,0.175061001244042,0.7707211041205632,0.1137788763270103,0.5956601028765212,0.3925123766240243,0.6,1000,8,0.05,0.0,sgd,sgd_fast,0.03525390625000002,0.86474609375,0.9,12,0.40461073969119643,0.0,True,0.11762221423696992
-0.00579161541894041,0.0622640621965484,0.2111608772320268,0.1137788763270103,0.1488968150354784,0.10798726090806988,0.6,1000,8,0.003,0.0,adam,adam_default,-0.06044921874999998,0.96044921875,0.9,12,0.07608065457458453,0.0,False,0.004032448495765267
0.14278331839388037,0.19472372724467546,0.6851957096806578,0.1137788763270103,0.49047198243598233,0.25656219472089065,0.6,1000,16,0.05,0.0,sgd,sgd_fast,0.003027343750000022,0.89697265625,0.9,12,0.3672280263470682,0.0,True,0.10463933974890943
-0.008053305161085197,0.14787187371504174,0.28356129965786486,0.1137788763270103,0.13568942594282313,0.1057255711659251,0.6,1000,16,0.003,0.0,adam,adam_default,-0.06142578124999998,0.96142578125,0.9,12,0.08050463976311825,0.0,False,0.0023862954978688036
0.5803190250422121,0.2104060535668726,0.921844638188155,0.10487332248777959,0.7114385846212824,0.6851923475299917,0.8,1000,1,0.05,0.0,sgd,sgd_fast,0.20664062500000002,0.693359375,0.9,12,0.4660899731044421,0.0,True,0.1697007313904172
0.045689320169095105,-0.16740942347807602,0.20154099800600594,0.10487332248777959,0.36895042148408197,0.1505626426568747,0.8,1000,1,0.003,0.0,adam,adam_default,-0.05703124999999998,0.95703125,0.9,12,0.06986770634150419,0.0,False,0.06935260531649978
0.5847038181916289,0.10651634439777569,0.8340032283987078,0.10487332248777959,0.7274868840009321,0.6895771406794085,0.8,1000,2,0.05,0.0,sgd,sgd_fast,0.19980468750000002,0.7001953125,0.9,12,0.4318764579313585,0.0,True,0.16137938527963552
0.05793705309215563,0.03009696062794673,0.2012898590676336,0.10487332248777959,0.17119289843968688,0.16281037557993522,0.8,1000,2,0.003,0.0,adam,adam_default,-0.04970703124999998,0.94970703125,0.9,12,0.09642832855858863,0.0,False,0.008082371338896721
0.35008308767515617,0.08829924479479867,0.5808237897814076,0.10487332248777959,0.4925245449866089,0.45495641016293575,0.8,1000,3,0.05,0.0,sgd,sgd_fast,0.03867187500000002,0.861328125,0.9,12,0.32809235150129323,0.0,True,0.08870414300805192
0.004213030678348578,0.049633807539075175,0.18278630863503967,0.10487332248777959,0.1331525010959645,0.10908635316612816,0.8,1000,3,0.003,0.0,adam,adam_default,-0.06679687499999998,0.966796875,0.9,12,0.08061435881589613,0.0,False,0.00647098003565323
0.3699961236764775,0.06870594448148615,0.6385637485988054,0.10487332248777959,0.5698578041173192,0.4748694461642571,0.8,1000,4,0.05,0.0,sgd,sgd_fast,0.05869140625000002,0.84130859375,0.9,12,0.354090306211568,0.0,True,0.10338806533927677
0.013318562089471964,-0.018339582630150092,0.18698736960885687,0.10487332248777959,0.20532695223900696,0.11819188457725155,0.8,1000,4,0.003,0.0,adam,adam_default,-0.06874999999999998,0.96875,0.9,12,0.08291511421375031,0.0,False,0.005383626362854676
0.4946519545265198,0.14485281199907463,0.7488267894620377,0.10487332248777959,0.6039739774629631,0.5995252770142994,0.8,1000,6,0.05,0.0,sgd,sgd_fast,0.11044921875000002,0.78955078125,0.9,12,0.4103118269146807,0.0,True,0.11963024692223206
0.0041058462277324265,0.04594499685550457,0.21697975770982114,0.10487332248777959,0.17103476085431657,0.10897916871551201,0.8,1000,6,0.003,0.0,adam,adam_default,-0.06923828124999998,0.96923828125,0.9,12,0.08020645577665349,0.0,False,0.003167411059753462
0.3535212574944123,0.11769563189070009,0.7098136655631708,0.10487332248777959,0.5921180336724707,0.4583945799821919,0.8,1000,8,0.05,0.0,sgd,sgd_fast,0.04599609375000002,0.85400390625,0.9,12,0.39357234297433497,0.0,True,0.11174626051751471
-0.049052062671833485,0.029932098639572635,0.20387177499662962,0.10487332248777959,0.17393967635705698,0.0558212598159461,0.8,1000,8,0.003,0.0,adam,adam_default,-0.07705078124999998,0.97705078125,0.9,12,0.08215979219907989,0.0,False,0.0035649620052499945
0.029854579630869377,0.2811828692133542,0.7482201822713288,0.10487332248777959,0.4670373130579746,0.13472790211864896,0.8,1000,16,0.05,0.0,sgd,sgd_fast,-0.04238281249999998,0.9423828125,0.9,12,0.4069266964821457,0.0,False,0.11836573419334073
-0.03898228638510243,0.04940413226432133,0.20197125353277123,0.10487332248777959,0.1525671212684499,0.06589103610267716,0.8,1000,16,0.003,0.0,adam,adam_default,-0.07851562499999998,0.978515625,0.9,12,0.07621059388132273,0.0,False,0.002180891177338031
0.5782713371675557,0.19778996650122438,0.9259624009905136,0.10857903828538698,0.7281724344892893,0.6868503754529427,1.0,1000,1,0.05,0.0,sgd,sgd_fast,0.22666015625000002,0.67333984375,0.9,12,0.47112485852914343,0.0,True,0.1829847342453274
0.039605115900211124,-0.19382660003840357,0.1709902080759269,0.10857903828538698,0.3648168081143305,0.1481841541855981,1.0,1000,1,0.003,0.0,adam,adam_default,-0.05751953124999998,0.95751953125,0.9,12,0.07654467158196421,0.0,False,0.0477910504397982
0.42459370642349314,0.06690046198183164,0.6959777571204602,0.10857903828538698,0.6290772951386285,0.5331727447088801,1.0,1000,2,0.05,0.0,sgd,sgd_fast,0.07919921875000002,0.82080078125,0.9,12,0.3653757056230539,0.0,True,0.13439926859371298
0.025351655911258014,-0.2564125053799743,0.16336924755087123,0.10857903828538698,0.4197817529308455,0.133930694196645,1.0,1000,2,0.003,0.0,adam,adam_default,-0.06728515624999998,0.96728515625,0.9,12,0.062330428752009906,0.0,False,0.04508525088355228
0.3719592954057166,0.016689858856884565,0.57423794280702,0.10857903828538698,0.5575480839501354,0.48053833369110355,1.0,1000,3,0.05,0.0,sgd,sgd_fast,0.06210937500000002,0.837890625,0.9,12,0.3227749279377671,0.0,True,0.09312734508325987
-0.016196289409838943,-0.08896392643348966,0.12911781654140334,0.10857903828538698,0.218081742974893,0.09238274887554804,1.0,1000,3,0.003,0.0,adam,adam_default,-0.07265624999999998,0.97265625,0.9,12,0.06514821814638716,0.0,False,0.006949059244226993
0.43003465185454814,0.06764821081800021,0.6206087518569194,0.10857903828538698,0.5529605410389192,0.5386136901399351,1.0,1000,4,0.05,0.0,sgd,sgd_fast,0.08554687500000002,0.814453125,0.9,12,0.34424543833456256,0.0,True,0.10328248817325499
0.01203095125637596,-0.0333883198178154,0.16247069694453603,0.10857903828538698,0.19585901676235143,0.12060998954176294,1.0,1000,4,0.003,0.0,adam,adam_default,-0.06240234374999998,0.96240234375,0.9,12,0.07299797679759595,0.0,False,0.007173554339005076
0.3188763435412615,0.07130835831947091,0.599139448305825,0.10857903828538698,0.5278310899863541,0.42745538182664844,1.0,1000,6,0.05,0.0,sgd,sgd_fast,0.04453125000000002,0.85546875,0.9,12,0.32792504711040693,0.0,True,0.09374396125359827
-0.007062638867267754,0.05060881813627628,0.1734992254376146,0.10857903828538698,0.12289040730133831,0.10151639941811923,1.0,1000,6,0.003,0.0,adam,adam_default,-0.06777343749999998,0.9677734375,0.9,12,0.07004397296515591,0.0,False,0.0042433994111040095
0.1498096414240557,0.05935194736177096,0.5659242700561189,0.10857903828538698,0.5065723226943479,0.2583886797094427,1.0,1000,8,0.05,0.0,sgd,sgd_fast,-0.015039062499999978,0.9150390625,0.9,12,0.3113634885010945,0.0,False,0.08714908614684061
-0.031825926352681055,-0.0463106833868655,0.14650939519280987,0.10857903828538698,0.19282007857967537,0.07675311193270593,1.0,1000,8,0.003,0.0,adam,adam_default,-0.07558593749999998,0.9755859375,0.9,12,0.052625950505432714,0.0,False,0.0019029264801287723
0.11175953619408549,0.10527513907398917,0.599282067463799,0.10857903828538698,0.4940069283898098,0.22033857447947247,1.0,1000,16,0.05,0.0,sgd,sgd_fast,-0.023339843749999978,0.92333984375,0.9,12,0.3285002585271586,0.0,False,0.09095731664899308
-0.015771691681364414,0.09688350289092795,0.23243481116795778,0.10857903828538698,0.13555130827702982,0.09280734660402257,1.0,1000,16,0.003,0.0,adam,adam_default,-0.07265624999999998,0.97265625,0.9,12,0.07793469618617277,0.0,False,0.002127235326233313
